date,model_research,model_gross,model_net,mom_research,mom_gross,mom_net
2021-12-31,-0.0006213032756662417,-0.0006213032756662417,-0.0006411445455075115,0.0020328749831689335,0.0020328749831689335,0.0020130337133276634
2022-01-03,0.0031314911888454342,0.006195320976079477,0.003986544942797905,-0.016522818065276706,-0.01516111593761713,-0.01614181469285093
2022-01-04,0.005376728157721594,0.005376728157721594,0.005356886887880325,0.004311121276002581,0.004311121276002581,0.004291280006161312
2022-01-05,-0.001753339012184791,-0.001753339012184791,-0.0017731802820260608,-0.018433214892959696,-0.018433214892959696,-0.018453056162800966
2022-01-06,0.002236988802463163,0.002236988802463163,0.002217147532621893,0.007295237062489863,0.007295237062489863,0.007275395792648593
2022-01-07,0.0054367376246019245,0.0054367376246019245,0.005416896354760655,-0.02087030381628752,-0.02087030381628752,-0.02089014508612879
2022-01-10,0.0028565526344603055,0.0028565526344603055,0.0028367113646190355,0.01171006063338685,0.01171006063338685,0.011690219363545579
2022-01-11,0.0064553537229486025,0.0064553537229486025,0.006435512453107333,0.000417176114722655,0.000417176114722655,0.0003973348448813852
2022-01-12,0.0002280390852545263,0.0002280390852545263,0.00020819781541325645,0.010003986285401608,0.010003986285401608,0.009984145015560338
2022-01-13,-0.004697830678397497,-0.004697830678397497,-0.004717671948238767,-0.020340885231515015,-0.020340885231515015,-0.020360726501356285
2022-01-14,0.017779125482807787,0.017779125482807787,0.017759284212966516,-0.0035384887909821446,-0.0035384887909821446,-0.0035583300608234146
2022-01-18,-0.007934597067927998,-0.007934597067927998,-0.007954438337769269,-0.004095817820838551,-0.004095817820838551,-0.00411565909067982
2022-01-19,-0.004487414089297988,-0.004487414089297988,-0.004507255359139257,-0.014197256484406461,-0.014197256484406461,-0.014217097754247732
2022-01-20,-0.0018901332414341956,-0.0018901332414341956,-0.0019099745112754654,-0.008842486310203946,-0.008842486310203946,-0.008862327580045216
2022-01-21,-0.0019325638095149087,-0.0019325638095149087,-0.0019524050793561785,-0.005685608361618344,-0.005685608361618344,-0.005705449631459613
2022-01-24,0.00020315957678113117,0.00020315957678113117,0.00018331830693986133,0.007954885834529482,0.007954885834529482,0.007935044564688212
2022-01-25,-0.0037037489355401408,-0.0037037489355401408,-0.003723590205381411,0.0017567576475306778,0.0017567576475306778,0.001736916377689408
2022-01-26,0.009331379521345422,0.009331379521345422,0.009311538251504152,0.009511087971733325,0.009511087971733325,0.009491246701892055
2022-01-27,-0.003216305711353444,-0.003216305711353444,-0.003236146981194714,-0.0016933313869739938,-0.0016933313869739938,-0.0017131726568152636
2022-01-28,-0.0012367378890388763,-0.0012367378890388763,-0.001256579158880146,-7.546458653619192e-05,-7.546458653619192e-05,-9.530585637746177e-05
2022-01-31,0.006569600390136486,0.006569600390136486,0.006549759120295216,0.006068828924063011,0.006068828924063011,0.0060489876542217415
2022-02-01,0.01817206697390601,0.021193343569650688,0.019041621402475464,0.003793359190559612,0.005069954935240463,0.0041493704563500215
2022-02-02,-0.013519982136236817,-0.013519982136236817,-0.013539823406078087,0.020374895312783102,0.020374895312783102,0.02035505404294183
2022-02-03,-0.026076088092480965,-0.026076088092480965,-0.026095929362322235,-0.0078098077511690525,-0.0078098077511690525,-0.007829649021010323
2022-02-04,0.01177539247686206,0.01177539247686206,0.011755551207020789,0.0010681488486582917,0.0010681488486582917,0.001048307578817022
2022-02-07,-0.0012850554643027718,-0.0012850554643027718,-0.0013048967341440416,-0.005039453016859912,-0.005039453016859912,-0.005059294286701182
2022-02-08,0.006283587391732345,0.006283587391732345,0.006263746121891075,-0.0007627756368543662,-0.0007627756368543662,-0.000782616906695636
2022-02-09,0.0296537983063803,0.0296537983063803,0.02963395703653903,-0.0008741462122766677,-0.0008741462122766677,-0.0008939874821179375
2022-02-10,-0.000641620733650422,-0.000641620733650422,-0.0006614620034916918,-0.005007181373307504,-0.005007181373307504,-0.005027022643148774
2022-02-11,-0.029452142745158186,-0.029452142745158186,-0.029471984014999456,-0.007008771613415058,-0.007008771613415058,-0.0070286128832563275
2022-02-14,-0.003050133021263896,-0.003050133021263896,-0.003069974291105166,-0.008727191062845495,-0.008727191062845495,-0.008747032332686765
2022-02-15,0.0370066682873422,0.0370066682873422,0.03698682701750093,0.0017220163659546596,0.0017220163659546596,0.0017021750961133898
2022-02-16,-0.0036261638626762776,-0.0036261638626762776,-0.0036460051325175476,0.00993852333482203,0.00993852333482203,0.00991868206498076
2022-02-17,-0.025573213092278013,-0.025573213092278013,-0.025593054362119283,-0.006549495327655398,-0.006549495327655398,-0.006569336597496668
2022-02-18,-0.010398989083997608,-0.010398989083997608,-0.010418830353838879,0.003186109665498076,0.003186109665498076,0.003166268395656806
2022-02-22,-0.01299431254215731,-0.01299431254215731,-0.01301415381199858,-0.0071393795492600345,-0.0071393795492600345,-0.007159220819101304
2022-02-23,-0.01573432847857286,-0.01573432847857286,-0.01575416974841413,-0.009482478954414706,-0.009482478954414706,-0.009502320224255976
2022-02-24,0.04838539667864721,0.04838539667864721,0.048365555408805945,0.01018800362089227,0.01018800362089227,0.010168162351050999
2022-02-25,-0.015923468882781358,-0.015923468882781358,-0.01594331015262263,0.005437721674860857,0.005437721674860857,0.005417880405019587
2022-02-28,0.008091930187698108,0.008091930187698108,0.008072088917856837,0.00043983413116149405,0.00043983413116149405,0.00041999286132022424
2022-03-01,-0.012947747064894124,-0.010649874724468593,-0.012319170738414107,0.011425401333785992,0.01312752899336046,0.01190344727579855
2022-03-02,0.009705464818881682,0.009705464818881682,0.009685623549040411,0.008735458779094589,0.008735458779094589,0.008715617509253318
2022-03-03,-0.03026115475801425,-0.03026115475801425,-0.03028099602785552,0.028084062959921545,0.028084062959921545,0.028064221690080274
2022-03-04,-0.024743558959676903,-0.024743558959676903,-0.024763400229518173,0.040153302058359056,0.040153302058359056,0.04013346078851779
2022-03-07,-0.03214291787244692,-0.03214291787244692,-0.03216275914228819,0.03973350735662358,0.03973350735662358,0.03971366608678231
2022-03-08,0.028311239771348213,0.028311239771348213,0.028291398501506942,-0.018300874945141023,-0.018300874945141023,-0.018320716214982293
2022-03-09,0.027552850512879878,0.027552850512879878,0.027533009243038607,-0.025647654680677232,-0.025647654680677232,-0.025667495950518503
2022-03-10,-0.008539016332850553,-0.008539016332850553,-0.008558857602691823,0.01842293245455686,0.01842293245455686,0.01840309118471559
2022-03-11,-0.012368012722007686,-0.012368012722007686,-0.012387853991848956,0.014079019532139098,0.014079019532139098,0.014059178262297828
2022-03-14,-0.015713435813583438,-0.015713435813583438,-0.01573327708342471,0.01087534007169384,0.01087534007169384,0.01085549880185257
2022-03-15,0.015886458390767057,0.015886458390767057,0.015866617120925786,-0.02540926438500595,-0.02540926438500595,-0.025429105654847222
2022-03-16,0.03824518873226142,0.03824518873226142,0.03822534746242015,-0.0410688193856335,-0.0410688193856335,-0.041088660655474764
2022-03-17,6.52599265804155e-06,6.52599265804155e-06,-1.3315277183228288e-05,0.009393618831236744,0.009393618831236744,0.009373777561395473
2022-03-18,0.01622540030649857,0.01622540030649857,0.0162055590366573,-0.011966317272925579,-0.011966317272925579,-0.011986158542766849
2022-03-21,-0.013672930781640289,-0.013672930781640289,-0.01369277205148156,0.025158540360347766,0.025158540360347766,0.025138699090506495
2022-03-22,0.008454594114972964,0.008454594114972964,0.008434752845131694,-0.015456700945749864,-0.015456700945749864,-0.015476542215591135
2022-03-23,-0.014128881859544442,-0.014128881859544442,-0.014148723129385712,0.016769000665335647,0.016769000665335647,0.016749159395494376
2022-03-24,0.00759848962614429,0.00759848962614429,0.00757864835630302,-0.00952177918079156,-0.00952177918079156,-0.00954162045063283
2022-03-25,-0.014896519597369772,-0.014896519597369772,-0.014916360867211043,0.010058853098864565,0.010058853098864565,0.010039011829023295
2022-03-28,0.0020933291252349974,0.0020933291252349974,0.0020734878553937274,-0.011850808122436138,-0.011850808122436138,-0.011870649392277409
2022-03-29,0.02256220127601455,0.02256220127601455,0.022542360006173278,-0.01882044465746604,-0.01882044465746604,-0.01884028592730731
2022-03-30,-0.01973778787527449,-0.01973778787527449,-0.019757629145115762,0.01033959462758192,0.01033959462758192,0.010319753357740649
2022-03-31,-0.006986535079836263,-0.006986535079836263,-0.0070063763496775325,-0.0034730330561932154,-0.0034730330561932154,-0.0034928743260344854
2022-04-01,0.0012242975694009292,0.004671106080039227,0.002192444479088273,0.004589541534526228,0.005993796853675164,0.0049809516145732854
2022-04-04,-0.010042242432900743,-0.010042242432900743,-0.010062083702742013,-0.012122925379996109,-0.012122925379996109,-0.01214276664983738
2022-04-05,0.010419950214885754,0.010419950214885754,0.010400108945044484,0.013262276492563223,0.013262276492563223,0.013242435222721952
2022-04-06,0.019234804065810508,0.019234804065810508,0.019214962795969237,0.026909899999127403,0.026909899999127403,0.026890058729286133
2022-04-07,0.003707359011019813,0.003707359011019813,0.003687517741178543,0.019880571286293378,0.019880571286293378,0.019860730016452107
2022-04-08,0.006465625382108183,0.006465625382108183,0.006445784112266913,0.012251716268301084,0.012251716268301084,0.012231874998459813
2022-04-11,0.003270957357827436,0.003270957357827436,0.003251116087986166,-0.01940139805043527,-0.01940139805043527,-0.01942123932027654
2022-04-12,-0.003475756618396471,-0.003475756618396471,-0.003495597888237741,0.010583091253575577,0.010583091253575577,0.010563249983734306
2022-04-13,-0.01696100302461498,-0.01696100302461498,-0.01698084429445625,-0.01087929886301361,-0.01087929886301361,-0.01089914013285488
2022-04-14,-0.0016412922786155464,-0.0016412922786155464,-0.0016611335484568162,0.005426110801530128,0.005426110801530128,0.005406269531688859
2022-04-18,-0.0011674241623583095,-0.0011674241623583095,-0.0011872654321995794,0.011941872107276461,0.011941872107276461,0.01192203083743519
2022-04-19,-0.005578775184099398,-0.005578775184099398,-0.005598616453940668,-0.026586820954350977,-0.026586820954350977,-0.026606662224192248
2022-04-20,0.024990277308694773,0.024990277308694773,0.024970436038853502,0.02259838042757456,0.02259838042757456,0.02257853915773329
2022-04-21,0.017184219329550297,0.017184219329550297,0.017164378059709027,-0.01190507707462805,-0.01190507707462805,-0.01192491834446932
2022-04-22,-0.0024055233358842827,-0.0024055233358842827,-0.0024253646057255528,-0.007128732004783878,-0.007128732004783878,-0.007148573274625147
2022-04-25,0.0013549805656741173,0.0013549805656741173,0.0013351392958328475,-0.019237634574236835,-0.019237634574236835,-0.019257475844078106
2022-04-26,0.0048773721980825795,0.0048773721980825795,0.00485753092824131,0.026562811033065757,0.026562811033065757,0.026542969763224487
2022-04-27,-0.005614852474380677,-0.005614852474380677,-0.005634693744221947,0.005094354243457652,0.005094354243457652,0.005074512973616383
2022-04-28,-0.007846406031563957,-0.007846406031563957,-0.007866247301405227,-0.014631068761520436,-0.014631068761520436,-0.014650910031361706
2022-04-29,-0.004418125009522286,-0.004418125009522286,-0.0044379662793635555,-0.007716348610283777,-0.007716348610283777,-0.007736189880125047
2022-05-02,-0.008067270093292701,-0.00525875945499483,-0.007292413603017416,-0.017813280862468056,-0.01683455745821274,-0.01754711332963243
2022-05-03,-0.013122286665451652,-0.013122286665451652,-0.013142127935292923,0.0037819700596191897,0.0037819700596191897,0.0037621287897779197
2022-05-04,-0.016156457495503204,-0.016156457495503204,-0.016176298765344474,0.0007086532518297446,0.0007086532518297446,0.0006888119819884748
2022-05-05,0.0037666947865633025,0.0037666947865633025,0.0037468535167220324,0.01716011205568605,0.01716011205568605,0.01714027078584478
2022-05-06,-0.00859458199134979,-0.00859458199134979,-0.00861442326119106,0.03206361407055912,0.03206361407055912,0.03204377280071785
2022-05-09,0.04333649107782518,0.04333649107782518,0.043316649807983915,-0.030129393381577486,-0.030129393381577486,-0.030149234651418756
2022-05-10,-0.01603056801837332,-0.01603056801837332,-0.01605040928821459,0.019723640863208138,0.019723640863208138,0.019703799593366867
2022-05-11,-0.0029451067136796343,-0.0029451067136796343,-0.0029649479835209044,0.02389906133038853,0.02389906133038853,0.02387922006054726
2022-05-12,0.006870150561067678,0.006870150561067678,0.006850309291226408,-0.010327149080283156,-0.010327149080283156,-0.010346990350124426
2022-05-13,-0.017035125216228804,-0.017035125216228804,-0.017054966486070074,-0.005446642151012862,-0.005446642151012862,-0.005466483420854131
2022-05-16,-0.005859087596333628,-0.005859087596333628,-0.005878928866174898,0.018324947003341384,0.018324947003341384,0.018305105733500113
2022-05-17,-0.016836559556098453,-0.016836559556098453,-0.016856400825939723,-0.015673745860750096,-0.015673745860750096,-0.015693587130591366
2022-05-18,0.010326650315033247,0.010326650315033247,0.010306809045191977,0.003650981245258646,0.003650981245258646,0.003631139975417376
2022-05-19,-0.0012026014299772857,-0.0012026014299772857,-0.0012224426998185556,0.0024101307479436796,0.0024101307479436796,0.0023902894781024095
2022-05-20,0.009758619558086075,0.009758619558086075,0.009738778288244805,-0.0026322007931669287,-0.0026322007931669287,-0.0026520420630081988
2022-05-23,-0.017885621970387247,-0.017885621970387247,-0.017905463240228518,0.016238728913991213,0.016238728913991213,0.016218887644149943
2022-05-24,0.00868246951795342,0.00868246951795342,0.00866262824811215,0.027769272149594598,0.027769272149594598,0.027749430879753328
2022-05-25,-0.008389349267551006,-0.008389349267551006,-0.008409190537392277,-0.008340825416718245,-0.008340825416718245,-0.008360666686559515
2022-05-26,-0.007965155821894238,-0.007965155821894238,-0.007984997091735509,-0.02193603404377545,-0.02193603404377545,-0.02195587531361672
2022-05-27,-0.013223751287339918,-0.013223751287339918,-0.013243592557181189,-0.0002508721807709122,-0.0002508721807709122,-0.000270713450612182
2022-05-31,0.0031991570783382944,0.0031991570783382944,0.0031793158084970244,-0.007658945532573716,-0.007658945532573716,-0.007678786802414986
2022-06-01,-0.01491638049938706,-0.011554678371727484,-0.013957301236419799,0.014242066826001112,0.015263343421745793,0.014518750144122764
2022-06-02,0.02754242295077997,0.02754242295077997,0.0275225816809387,-0.028315802583036686,-0.028315802583036686,-0.028335643852877956
2022-06-03,-0.017050690378700738,-0.017050690378700738,-0.017070531648542008,0.021116441169964396,0.021116441169964396,0.021096599900123126
2022-06-06,-0.0009953759001927625,-0.0009953759001927625,-0.0010152171700340323,-0.008944674250095402,-0.008944674250095402,-0.008964515519936673
2022-06-07,-0.0006251956585904921,-0.0006251956585904921,-0.0006450369284317619,0.009548728932553763,0.009548728932553763,0.009528887662712492
2022-06-08,0.009147757021521421,0.009147757021521421,0.00912791575168015,-0.002639892520370285,-0.002639892520370285,-0.002659733790211555
2022-06-09,-0.012070609881044601,-0.012070609881044601,-0.012090451150885872,0.010042546361987027,0.010042546361987027,0.010022705092145756
2022-06-10,-0.025807313881179482,-0.025807313881179482,-0.025827155151020752,0.024818881402984164,0.024818881402984164,0.024799040133142894
2022-06-13,-0.021557995358310513,-0.021557995358310513,-0.021577836628151784,0.015217812920130254,0.015217812920130254,0.015197971650288983
2022-06-14,0.01778762101931298,0.01778762101931298,0.017767779749471708,0.0029383212306634716,0.0029383212306634716,0.0029184799608222016
2022-06-15,0.01677155693494281,0.01677155693494281,0.01675171566510154,-0.02628714236075029,-0.02628714236075029,-0.02630698363059156
2022-06-16,-0.0348627308409624,-0.0348627308409624,-0.034882572110803665,0.018832997743414712,0.018832997743414712,0.018813156473573442
2022-06-17,0.026138747446768768,0.026138747446768768,0.026118906176927498,-0.03761782727355932,-0.03761782727355932,-0.03763766854340059
2022-06-21,-0.016719070111227412,-0.016719070111227412,-0.016738911381068682,0.027966057597056292,0.027966057597056292,0.027946216327215022
2022-06-22,-0.0024183421795456184,-0.0024183421795456184,-0.0024381834493868884,-0.01562854330082681,-0.01562854330082681,-0.01564838457066808
2022-06-23,-0.0014463250057070564,-0.0014463250057070564,-0.0014661662755483262,-0.027798645882857805,-0.027798645882857805,-0.027818487152699075
2022-06-24,0.02729813277219339,0.02729813277219339,0.027278291502352118,-0.025839404307034623,-0.025839404307034623,-0.025859245576875894
2022-06-27,-0.016902097936885317,-0.016902097936885317,-0.016921939206726588,0.023689012921205024,0.023689012921205024,0.023669171651363754
2022-06-28,-0.018462250816479564,-0.018462250816479564,-0.018482092086320834,0.021195744077048155,0.021195744077048155,0.021175902807206885
2022-06-29,-0.015509213984619952,-0.015509213984619952,-0.015529055254461223,0.0038259302124162595,0.0038259302124162595,0.0038060889425749894
2022-06-30,-0.01842379317467898,-0.01842379317467898,-0.01844363444452025,0.01247502556805768,0.01247502556805768,0.01245518429821641
2022-07-01,0.0015193046358707085,0.0036895174018281556,0.002133108156507239,-0.016114863397789145,-0.014880820844597657,-0.015774055299470697
2022-07-05,0.02614732054788325,0.02614732054788325,0.02612747927804198,-0.05123892034272034,-0.05123892034272034,-0.051258761612561606
2022-07-06,-0.02299309054481088,-0.02299309054481088,-0.02301293181465215,0.007073705415591859,0.007073705415591859,0.0070538641457505895
2022-07-07,0.03848989115059534,0.03848989115059534,0.03847004988075407,-0.006433498796436595,-0.006433498796436595,-0.006453340066277864
2022-07-08,-0.007109543639717055,-0.007109543639717055,-0.007129384909558324,0.013605463672074516,0.013605463672074516,0.013585622402233245
2022-07-11,-0.03006742763541152,-0.03006742763541152,-0.03008726890525279,0.02390611036479827,0.02390611036479827,0.023886269094957
2022-07-12,0.0012674679442863934,0.0012674679442863934,0.0012476266744451236,-0.016946659588375972,-0.016946659588375972,-0.016966500858217243
2022-07-13,0.0032502289881734827,0.0032502289881734827,0.0032303877183322127,0.0012322456677605431,0.0012322456677605431,0.0012124043979192733
2022-07-14,-0.015717218541409346,-0.015717218541409346,-0.015737059811250616,0.0019743637625771436,0.0019743637625771436,0.0019545224927358736
2022-07-15,0.02270493716993909,0.02270493716993909,0.022685095900097818,-0.01384371274220671,-0.01384371274220671,-0.01386355401204798
2022-07-18,0.02775815077229163,0.02775815077229163,0.02773830950245036,-0.0011984504978730806,-0.0011984504978730806,-0.0012182917677143505
2022-07-19,0.03479954215868338,0.03479954215868338,0.034779700888842115,-0.020073551889781042,-0.020073551889781042,-0.020093393159622313
2022-07-20,0.03808483911621048,0.03808483911621048,0.038064997846369214,-0.028572977606802264,-0.028572977606802264,-0.028592818876643535
2022-07-21,0.0018775358359860157,0.0018775358359860157,0.001857694566144746,-0.015405902982272013,-0.015405902982272013,-0.015425744252113283
2022-07-22,-0.021572990395452185,-0.021572990395452185,-0.021592831665293456,0.013092584509379454,0.013092584509379454,0.013072743239538184
2022-07-25,-0.005055757902296906,-0.005055757902296906,-0.005075599172138175,0.030740629273278662,0.030740629273278662,0.03072078800343739
2022-07-26,-0.028437099408406333,-0.028437099408406333,-0.028456940678247604,0.019011714681452622,0.019011714681452622,0.018991873411611352
2022-07-27,0.03904249318531158,0.03904249318531158,0.039022651915470316,-0.018607426571179697,-0.018607426571179697,-0.018627267841020968
2022-07-28,0.0063037423658476414,0.0063037423658476414,0.006283901096006372,-0.005877479316486201,-0.005877479316486201,-0.00589732058632747
2022-07-29,0.013231073358530899,0.013231073358530899,0.013211232088689628,0.012138683811537428,0.012138683811537428,0.012118842541696158
2022-08-01,-0.011646730081496472,-0.009008432209156047,-0.010897295894062818,-0.016956748080584366,-0.016190790633775855,-0.016751752420747574
2022-08-02,0.008846018361828703,0.008846018361828703,0.008826177091987433,-5.32156346589516e-05,-5.32156346589516e-05,-7.305690450022144e-05
2022-08-03,-0.002469374746042114,-0.002469374746042114,-0.002489216015883384,-0.03078991887174688,-0.03078991887174688,-0.03080976014158815
2022-08-04,-0.01551668395335113,-0.01551668395335113,-0.015536525223192401,-0.01850486721564315,-0.01850486721564315,-0.01852470848548442
2022-08-05,0.005638652915471689,0.005638652915471689,0.005618811645630419,0.01937359784011746,0.01937359784011746,0.01935375657027619
2022-08-08,0.004449718186473182,0.004449718186473182,0.004429876916631912,-0.006712882171106809,-0.006712882171106809,-0.006732723440948079
2022-08-09,0.0075320767712455,0.0075320767712455,0.0075122355014042306,0.03922358248334318,0.03922358248334318,0.03920374121350191
2022-08-10,0.005605632665769972,0.005605632665769972,0.005585791395928703,-0.032903260649944144,-0.032903260649944144,-0.03292310191978541
2022-08-11,0.004916966672006416,0.004916966672006416,0.004897125402165146,0.0049204567709253974,0.0049204567709253974,0.004900615501084128
2022-08-12,0.00043806322301998425,0.00043806322301998425,0.00041822195317871443,-0.003520083314124388,-0.003520083314124388,-0.0035399245839656582
2022-08-15,-0.005436161360867616,-0.005436161360867616,-0.005456002630708886,-0.005704136389984975,-0.005704136389984975,-0.005723977659826245
2022-08-16,0.006003474350535316,0.006003474350535316,0.005983633080694046,-0.0027338053164788698,-0.0027338053164788698,-0.00275364658632014
2022-08-17,0.004777728752681612,0.004777728752681612,0.004757887482840342,0.02578028601043779,0.02578028601043779,0.02576044474059652
2022-08-18,0.008354243314949735,0.008354243314949735,0.008334402045108465,0.01400495445521181,0.01400495445521181,0.013985113185370539
2022-08-19,-0.0024392512133916563,-0.0024392512133916563,-0.0024590924832329263,0.030697730135016928,0.030697730135016928,0.030677888865175657
2022-08-22,0.00656119387173953,0.00656119387173953,0.006541352601898261,0.03148398699885078,0.03148398699885078,0.03146414572900951
2022-08-23,0.01491964259855274,0.01491964259855274,0.01489980132871147,0.009021141205643912,0.009021141205643912,0.009001299935802641
2022-08-24,0.005289112526319865,0.005289112526319865,0.005269271256478595,-0.006029291502157037,-0.006029291502157037,-0.006049132771998307
2022-08-25,0.0039811775943972855,0.0039811775943972855,0.003961336324556016,-0.015290773486435061,-0.015290773486435061,-0.015310614756276332
2022-08-26,0.007134322582897966,0.007134322582897966,0.007114481313056697,0.025588849570628895,0.025588849570628895,0.025569008300787625
2022-08-29,0.0022514189521151847,0.0022514189521151847,0.0022315776822739147,0.008045712232870662,0.008045712232870662,0.008025870963029392
2022-08-30,-0.012299131930934827,-0.012299131930934827,-0.012318973200776098,-0.013829601136970477,-0.013829601136970477,-0.013849442406811747
2022-08-31,-0.004260102638289014,-0.004260102638289014,-0.004279943908130283,-0.0004826934897253037,-0.0004826934897253037,-0.0005025347595665735
2022-09-01,-0.019786843995871214,-0.01770173761289249,-0.019228850628505028,-0.010966004228143847,-0.009987280823888528,-0.010729313405758637
2022-09-02,0.010461112802253989,0.010461112802253989,0.010441271532412718,0.01458306082161232,0.01458306082161232,0.01456321955177105
2022-09-06,-0.001789309519705236,-0.001789309519705236,-0.001809150789546506,0.0032651485373459367,0.0032651485373459367,0.0032453072675046666
2022-09-07,-0.009786913537256338,-0.009786913537256338,-0.009806754807097608,-0.020617091619919686,-0.020617091619919686,-0.020636932889760956
2022-09-08,0.007942780946486929,0.007942780946486929,0.007922939676645658,-0.008532019828755524,-0.008532019828755524,-0.008551861098596795
2022-09-09,0.012393123980974393,0.012393123980974393,0.012373282711133122,-0.01388425991233609,-0.01388425991233609,-0.01390410118217736
2022-09-12,0.002314538978514349,0.002314538978514349,0.002294697708673079,-0.006486098652882701,-0.006486098652882701,-0.006505939922723971
2022-09-13,-0.0034642124020273983,-0.0034642124020273983,-0.0034840536718686683,0.025374580130690508,0.025374580130690508,0.025354738860849237
2022-09-14,0.01424222687732676,0.01424222687732676,0.01422238560748549,0.00801466838532047,0.00801466838532047,0.0079948271154792
2022-09-15,0.0005017896980037009,0.0005017896980037009,0.00048194842816243113,-0.01070312804673762,-0.01070312804673762,-0.01072296931657889
2022-09-16,-0.004054547097938868,-0.004054547097938868,-0.004074388367780138,0.006343309680822511,0.006343309680822511,0.006323468410981242
2022-09-19,0.00263148421207656,0.00263148421207656,0.00261164294223529,0.003966276073938498,0.003966276073938498,0.0039464348040972284
2022-09-20,-0.00010701902778912384,-0.00010701902778912384,-0.00012686029763039368,0.015366213628591674,0.015366213628591674,0.015346372358750403
2022-09-21,-0.009956681611498888,-0.009956681611498888,-0.009976522881340159,0.013158585090016571,0.013158585090016571,0.0131387438201753
2022-09-22,-0.008149187154918212,-0.008149187154918212,-0.008169028424759483,0.023123204830730007,0.023123204830730007,0.023103363560888737
2022-09-23,-0.025859252009277175,-0.025859252009277175,-0.025879093279118446,-0.02109986468168714,-0.02109986468168714,-0.02111970595152841
2022-09-26,-0.0034324288772402713,-0.0034324288772402713,-0.0034522701470815413,-0.0034616410243396615,-0.0034616410243396615,-0.0034814822941809315
2022-09-27,0.018906341474130065,0.018906341474130065,0.018886500204288795,0.005201863921740968,0.005201863921740968,0.005182022651899699
2022-09-28,0.0144703563728188,0.0144703563728188,0.01445051510297753,-0.008701012395978999,-0.008701012395978999,-0.00872085366582027
2022-09-29,-0.007659532455597409,-0.007659532455597409,-0.0076793737254386785,0.012301768713094376,0.012301768713094376,0.012281927443253106
2022-09-30,-0.007867723290489322,-0.007867723290489322,-0.007887564560330592,0.016994592866358738,0.016994592866358738,0.016974751596517467
2022-10-03,-0.015488346177422181,-0.01221175043274133,-0.014551970624424194,0.01112852968643217,0.011851933941751318,0.011319528596921705
2022-10-04,-0.031372527766839874,-0.031372527766839874,-0.03139236903668114,-0.018738826089471222,-0.018738826089471222,-0.018758667359312493
2022-10-05,-0.009072925503132368,-0.009072925503132368,-0.009092766772973639,0.002760229200458951,0.002760229200458951,0.002740387930617681
2022-10-06,-0.012635590895340058,-0.012635590895340058,-0.012655432165181328,0.007429537369549273,0.007429537369549273,0.0074096960997080035
2022-10-07,0.006890062719707627,0.006890062719707627,0.006870221449866357,0.02372422906253206,0.02372422906253206,0.02370438779269079
2022-10-10,0.01983124694985116,0.01983124694985116,0.01981140568000989,0.0071277495938193375,0.0071277495938193375,0.007107908323978068
2022-10-11,0.010851487898555442,0.010851487898555442,0.010831646628714171,0.009426365736247893,0.009426365736247893,0.009406524466406623
2022-10-12,-0.00903906589771326,-0.00903906589771326,-0.00905890716755453,-0.015136941551135335,-0.015136941551135335,-0.015156782820976605
2022-10-13,-0.0021362402253108747,-0.0021362402253108747,-0.0021560814951521448,0.011636792608177545,0.011636792608177545,0.011616951338336274
2022-10-14,0.0061474942073437115,0.0061474942073437115,0.006127652937502442,-0.010374267114392864,-0.010374267114392864,-0.010394108384234135
2022-10-17,-0.004213099217676047,-0.004213099217676047,-0.004232940487517317,-0.017721378995397205,-0.017721378995397205,-0.017741220265238476
2022-10-18,0.0021374866086138486,0.0021374866086138486,0.0021176453387725786,0.0010051882554721005,0.0010051882554721005,0.0009853469856308306
2022-10-19,0.0021426390482256826,0.0021426390482256826,0.0021227977783844125,0.026920907298214863,0.026920907298214863,0.026901066028373593
2022-10-20,-0.007565938404081041,-0.007565938404081041,-0.00758577967392231,0.002424691432308966,0.002424691432308966,0.002404850162467696
2022-10-21,-0.012642220056759447,-0.012642220056759447,-0.012662061326600717,0.0038910700109105268,0.0038910700109105268,0.0038712287410692567
2022-10-24,0.004601813204238814,0.004601813204238814,0.004581971934397544,-0.002630676694136314,-0.002630676694136314,-0.002650517963977584
2022-10-25,-0.0061049674888253545,-0.0061049674888253545,-0.006124808758666624,-0.02207447551232256,-0.02207447551232256,-0.02209431678216383
2022-10-26,0.006665786621554875,0.006665786621554875,0.006645945351713606,0.013651154909838505,0.013651154909838505,0.013631313639997235
2022-10-27,0.012289356090238993,0.012289356090238993,0.012269514820397722,0.02169779974767176,0.02169779974767176,0.02167795847783049
2022-10-28,0.0017305276878653159,0.0017305276878653159,0.001710686418024046,-0.009422502834599132,-0.009422502834599132,-0.009442344104440403
2022-10-31,0.003910761332276454,0.003910761332276454,0.003890920062435184,0.007175693093408495,0.007175693093408495,0.007155851823567225
2022-11-01,0.004900951522048946,0.008134994075240435,0.005789968775659114,0.0012371092370990124,0.002130726258375608,0.0014472351856106588
2022-11-02,-0.007876948806405838,-0.007876948806405838,-0.007896790076247108,0.02078097715433906,0.02078097715433906,0.02076113588449779
2022-11-03,0.0053619681067358675,0.0053619681067358675,0.005342126836894598,0.013218289770337448,0.013218289770337448,0.013198448500496177
2022-11-04,0.014126067189256828,0.014126067189256828,0.014106225919415558,-0.007701747880787837,-0.007701747880787837,-0.0077215891506291065
2022-11-07,0.004096951616371563,0.004096951616371563,0.004077110346530293,-0.005664773355866348,-0.005664773355866348,-0.005684614625707618
2022-11-08,0.011454527636565709,0.011454527636565709,0.011434686366724438,-0.003981176199611894,-0.003981176199611894,-0.004001017469453164
2022-11-09,-0.010518269288750041,-0.010518269288750041,-0.010538110558591312,0.004596104233804621,0.004596104233804621,0.004576262963963351
2022-11-10,0.0321113414663528,0.0321113414663528,0.03209150019651153,-0.08634432778090259,-0.08634432778090259,-0.08636416905074386
2022-11-11,0.02099917562861563,0.02099917562861563,0.02097933435877436,-0.059350829211765405,-0.059350829211765405,-0.05937067048160667
2022-11-14,0.0016058393070342146,0.0016058393070342146,0.0015859980371929448,0.019351709980517565,0.019351709980517565,0.019331868710676294
2022-11-15,0.007979607864062863,0.007979607864062863,0.007959766594221592,-0.014001117042753461,-0.014001117042753461,-0.014020958312594731
2022-11-16,-0.021884745460171995,-0.021884745460171995,-0.021904586730013265,0.03364590247502245,0.03364590247502245,0.03362606120518118
2022-11-17,-0.005352944404924433,-0.005352944404924433,-0.005372785674765702,0.01368922506166712,0.01368922506166712,0.01366938379182585
2022-11-18,-0.008623658813410906,-0.008623658813410906,-0.008643500083252176,0.004333383097703209,0.004333383097703209,0.004313541827861939
2022-11-21,-0.006415907197593621,-0.006415907197593621,-0.006435748467434891,0.011079894655123452,0.011079894655123452,0.011060053385282181
2022-11-22,0.011480109203183979,0.011480109203183979,0.011460267933342708,-0.0036113340352549907,-0.0036113340352549907,-0.0036311753050962607
2022-11-23,0.0008258978740705143,0.0008258978740705143,0.0008060566042292445,-0.014238017541405678,-0.014238017541405678,-0.014257858811246948
2022-11-25,-0.008098375860693603,-0.008098375860693603,-0.008118217130534873,0.006265679543763054,0.006265679543763054,0.006245838273921785
2022-11-28,-0.008497499810878308,-0.008497499810878308,-0.008517341080719578,0.005559984091054247,0.005559984091054247,0.0055401428212129775
2022-11-29,0.004017215318701593,0.004017215318701593,0.0039973740488603235,0.0014684555500158525,0.0014684555500158525,0.0014486142801745827
2022-11-30,0.017257259148084576,0.017257259148084576,0.017237417878243306,-0.020630359928473438,-0.020630359928473438,-0.02065020119831471
2022-12-01,-0.0011442557672290774,0.0018344676370262419,-0.0003349715856857812,-0.011321525365664291,-0.010342801961408972,-0.011055372844468423
2022-12-02,0.002175513336812774,0.002175513336812774,0.002155672066971504,0.01131803379711322,0.01131803379711322,0.01129819252727195
2022-12-05,0.004666751711299681,0.004666751711299681,0.004646910441458411,0.010970379031423661,0.010970379031423661,0.01095053776158239
2022-12-06,0.0034928281723745854,0.0034928281723745854,0.0034729869025333154,0.009635676574410126,0.009635676574410126,0.009615835304568856
2022-12-07,0.0005778311050076007,0.0005778311050076007,0.0005579898351663309,0.0066353641979895045,0.0066353641979895045,0.006615522928148235
2022-12-08,-0.001211989585481368,-0.001211989585481368,-0.0012318308553226378,-0.017270336930964733,-0.017270336930964733,-0.017290178200806004
2022-12-09,-0.0018915574252518653,-0.0018915574252518653,-0.001911398695093135,-0.015920279796271676,-0.015920279796271676,-0.015940121066112947
2022-12-12,-0.0009429184227670096,-0.0009429184227670096,-0.0009627596926082794,0.005065192356860971,0.005065192356860971,0.005045351087019701
2022-12-13,-0.003318925388105465,-0.003318925388105465,-0.0033387666579467352,-0.023785315318879664,-0.023785315318879664,-0.023805156588720934
2022-12-14,0.003444314009200781,0.003444314009200781,0.003424472739359511,0.012650354693525467,0.012650354693525467,0.012630513423684197
2022-12-15,-0.006905767135885605,-0.006905767135885605,-0.006925608405726875,0.029167830948172137,0.029167830948172137,0.029147989678330866
2022-12-16,0.0065818835308499735,0.0065818835308499735,0.006562042261008704,0.012482643424579125,0.012482643424579125,0.012462802154737855
2022-12-19,3.218606412632276e-05,3.218606412632276e-05,1.2344794285052924e-05,0.013037574647043942,0.013037574647043942,0.013017733377202672
2022-12-20,0.002418713132492361,0.002418713132492361,0.002398871862651091,0.007660677519344618,0.007660677519344618,0.007640836249503348
2022-12-21,-0.0003297310689574024,-0.0003297310689574024,-0.0003495723387986722,-0.00676616870296906,-0.00676616870296906,-0.00678600997281033
2022-12-22,0.0006701735534923184,0.0006701735534923184,0.0006503322836510486,0.009777909407565833,0.009777909407565833,0.009758068137724563
2022-12-23,-0.001536712017198868,-0.001536712017198868,-0.0015565532870401378,0.00981340338368715,0.00981340338368715,0.00979356211384588
2022-12-27,-0.0012536899358522157,-0.0012536899358522157,-0.0012735312056934855,0.013864363809993169,0.013864363809993169,0.013844522540151899
2022-12-28,0.007817510945059059,0.007817510945059059,0.007797669675217789,8.169242607182318e-05,8.169242607182318e-05,6.185115623055334e-05
2022-12-29,-0.0010439084570813741,-0.0010439084570813741,-0.001063749726922644,-0.03423085875072697,-0.03423085875072697,-0.03425070002056824
2022-12-30,0.0014184422071300549,0.0014184422071300549,0.001398600937288785,0.003719975537449797,0.003719975537449797,0.003700134267608527
2023-01-03,-0.01886367657348092,-0.016280343240147585,-0.018127286859644348,-0.02448667014142551,-0.023486670141425508,-0.02421283076595474
2023-01-04,-0.005101436232878773,-0.005101436232878773,-0.005121277502720042,-0.031929130284478434,-0.031929130284478434,-0.0319489715543197
2023-01-05,-0.004306276766190813,-0.004306276766190813,-0.004326118036032083,0.01584604616850299,0.01584604616850299,0.015826204898661718
2023-01-06,0.0023616261732545816,0.0023616261732545816,0.0023417849034133116,0.001329150399216563,0.001329150399216563,0.0013093091293752933
2023-01-09,0.004640204157044404,0.004640204157044404,0.004620362887203134,-0.01875204335820659,-0.01875204335820659,-0.01877188462804786
2023-01-10,0.0027339569231145592,0.0027339569231145592,0.002714115653273289,-0.009783086160812976,-0.009783086160812976,-0.009802927430654246
2023-01-11,0.0028497746739904483,0.0028497746739904483,0.0028299334041491783,-0.018149450664267874,-0.018149450664267874,-0.018169291934109145
2023-01-12,0.005464170661710892,0.005464170661710892,0.005444329391869622,0.0035026736235720286,0.0035026736235720286,0.0034828323537307586
2023-01-13,-0.0009807377995374295,-0.0009807377995374295,-0.0010005790693786993,-0.004156422981759014,-0.004156422981759014,-0.004176264251600284
2023-01-17,0.005125997176169922,0.005125997176169922,0.005106155906328652,-0.004851935432790801,-0.004851935432790801,-0.004871776702632071
2023-01-18,-0.001755323904375552,-0.001755323904375552,-0.0017751651742168217,-0.005310688479446527,-0.005310688479446527,-0.005330529749287796
2023-01-19,-0.0050421101511343115,-0.0050421101511343115,-0.005061951420975581,0.014093762640849628,0.014093762640849628,0.014073921371008357
2023-01-20,-0.0003583078635303982,-0.0003583078635303982,-0.000378149133371668,-0.027215978364898905,-0.027215978364898905,-0.027235819634740175
2023-01-23,0.0001657561075376103,0.0001657561075376103,0.00014591483769634046,-0.03237879939725001,-0.03237879939725001,-0.03239864066709128
2023-01-24,0.0059830409917715115,0.0059830409917715115,0.005963199721930242,0.006817538371372881,0.006817538371372881,0.006797697101531611
2023-01-25,0.0009891609734916532,0.0009891609734916532,0.0009693197036503834,-0.0004069172270357051,-0.0004069172270357051,-0.00042675849687697496
2023-01-26,0.005550853674489136,0.005550853674489136,0.0055310124046478665,-0.0035479904468240157,-0.0035479904468240157,-0.0035678317166652858
2023-01-27,0.00020030072909291673,0.00020030072909291673,0.00018045945925164689,-0.0183991844888494,-0.0183991844888494,-0.01841902575869067
2023-01-30,-0.005654515731747138,-0.005654515731747138,-0.005674357001588408,0.01207324672307907,0.01207324672307907,0.0120534054532378
2023-01-31,-8.274059905940753e-05,-8.274059905940753e-05,-0.00010258186890067737,-0.00797378627165717,-0.00797378627165717,-0.007993627541498441
2023-02-01,-0.0026314822968001674,-0.0003814822968001676,-0.001993279525025257,-0.0315528221638481,-0.030511155497181437,-0.0312668825435939
2023-02-02,0.005538389674245739,0.005538389674245739,0.005518548404404469,-0.06406034467420604,-0.06406034467420604,-0.06408018594404731
2023-02-03,-0.0035168223043411263,-0.0035168223043411263,-0.0035366635741823963,0.02194368902079595,0.02194368902079595,0.02192384775095468
2023-02-06,-0.0005139096067254016,-0.0005139096067254016,-0.0005337508765666714,0.017079614724971912,0.017079614724971912,0.017059773455130642
2023-02-07,0.013906471659523457,0.013906471659523457,0.013886630389682186,-0.006102141311618188,-0.006102141311618188,-0.006121982581459458
2023-02-08,-0.004459336272726535,-0.004459336272726535,-0.004479177542567805,0.019580960952997002,0.019580960952997002,0.01956111968315573
2023-02-09,0.006283325650428298,0.006283325650428298,0.006263484380587029,0.008708596491041727,0.008708596491041727,0.008688755221200457
2023-02-10,-0.009959975375617968,-0.009959975375617968,-0.009979816645459239,0.030782632483435494,0.030782632483435494,0.030762791213594223
2023-02-13,0.0076091395010686414,0.0076091395010686414,0.007589298231227372,-0.013509133289997935,-0.013509133289997935,-0.013528974559839205
2023-02-14,0.003913235761163791,0.003913235761163791,0.003893394491322521,-0.006764465973561858,-0.006764465973561858,-0.006784307243403127
2023-02-15,0.0004582376269694532,0.0004582376269694532,0.00043839635712818333,-0.014643062383378817,-0.014643062383378817,-0.014662903653220087
2023-02-16,-0.009630614575126515,-0.009630614575126515,-0.009650455844967785,0.008785993014698694,0.008785993014698694,0.008766151744857424
2023-02-17,-0.007446999395551599,-0.007446999395551599,-0.007466840665392868,0.0034323208175002385,0.0034323208175002385,0.0034124795476589685
2023-02-21,-0.004011589863299134,-0.004011589863299134,-0.0040314311331404035,0.02615390043951414,0.02615390043951414,0.02613405916967287
2023-02-22,-0.00015481424538176664,-0.00015481424538176664,-0.00017465551522303648,-0.003633791537407125,-0.003633791537407125,-0.003653632807248395
2023-02-23,0.0030513233241970463,0.0030513233241970463,0.0030314820543557762,0.002190874352715502,0.002190874352715502,0.002171033082874232
2023-02-24,-0.006495357027747376,-0.006495357027747376,-0.006515198297588645,0.01683717978612047,0.01683717978612047,0.0168173385162792
2023-02-27,0.004661570682712451,0.004661570682712451,0.0046417294128711815,0.001593977789518281,0.001593977789518281,0.0015741365196770111
2023-02-28,0.003569947856279973,0.003569947856279973,0.003550106586438703,-0.009771933234323018,-0.009771933234323018,-0.009791774504164288
2023-03-01,-0.013079111056203158,-0.010245777722869826,-0.012330746626770596,0.020712686600327133,0.0220043532669938,0.02107263999955775
2023-03-02,0.0022078973067988063,0.0022078973067988063,0.0021880560369575363,-0.0036781670218336672,-0.0036781670218336672,-0.0036980082916749373
2023-03-03,-0.003550340555989707,-0.003550340555989707,-0.003570181825830977,-0.005220304286853055,-0.005220304286853055,-0.005240145556694324
2023-03-06,-0.00033718345518079455,-0.00033718345518079455,-0.00035702472502206436,0.010069341051878452,0.010069341051878452,0.010049499782037181
2023-03-07,-0.0011268639238508412,-0.0011268639238508412,-0.001146705193692111,0.002468466342347185,0.002468466342347185,0.002448625072505915
2023-03-08,-0.001989330239236101,-0.001989330239236101,-0.002009171509077371,-0.0073763541881136235,-0.0073763541881136235,-0.007396195457954893
2023-03-09,0.002605572071821659,0.002605572071821659,0.002585730801980389,0.007592546599695112,0.007592546599695112,0.007572705329853842
2023-03-10,0.004066936383153774,0.004066936383153774,0.004047095113312504,0.009785624342935404,0.009785624342935404,0.009765783073094133
2023-03-13,0.007491605047782685,0.007491605047782685,0.0074717637779414155,-0.010219004668303253,-0.010219004668303253,-0.010238845938144524
2023-03-14,0.0017120633477073388,0.0017120633477073388,0.001692222077866069,-0.0003219570820671635,-0.0003219570820671635,-0.0003417983519084333
2023-03-15,0.017321721109224055,0.017321721109224055,0.017301879839382785,-0.029690099682290083,-0.029690099682290083,-0.029709940952131354
2023-03-16,-0.0008023174909251138,-0.0008023174909251138,-0.0008221587607663836,0.0007373013408814915,0.0007373013408814915,0.0007174600710402217
2023-03-17,0.004774145418152746,0.004774145418152746,0.004754304148311477,-0.004833255938088357,-0.004833255938088357,-0.0048530972079296264
2023-03-20,-0.000757553041378541,-0.000757553041378541,-0.0007773943112198108,0.012630445831242867,0.012630445831242867,0.012610604561401596
2023-03-21,-0.017403048811114787,-0.017403048811114787,-0.017422890080956058,-0.0014090316513382952,-0.0014090316513382952,-0.001428872921179565
2023-03-22,0.0005716125834707408,0.0005716125834707408,0.000551771313629471,0.0044703144911492415,0.0044703144911492415,0.004450473221307972
2023-03-23,0.002166769782383204,0.002166769782383204,0.002146928512541934,-0.0071036492856666085,-0.0071036492856666085,-0.007123490555507878
2023-03-24,0.011517822500321441,0.011517822500321441,0.01149798123048017,8.179949516221919e-05,8.179949516221919e-05,6.195822532094935e-05
2023-03-27,-0.005243513408647495,-0.005243513408647495,-0.005263354678488765,0.007194754784791996,0.007194754784791996,0.007174913514950727
2023-03-28,-0.0017176465026942393,-0.0017176465026942393,-0.001737487772535509,0.008459632844986707,0.008459632844986707,0.008439791575145437
2023-03-29,-0.008587247209097884,-0.008587247209097884,-0.008607088478939155,-0.009982339776968028,-0.009982339776968028,-0.010002181046809298
2023-03-30,-0.003925356044163125,-0.003925356044163125,-0.003945197314004395,-0.005278183534951658,-0.005278183534951658,-0.005298024804792928
2023-03-31,-0.0008981741561066062,-0.0008981741561066062,-0.000918015425947876,-0.007581755857740995,-0.007581755857740995,-0.007601597127582265
2023-04-03,0.00027470548117954335,0.0031913721478462097,0.0011079454549772344,0.011775513573825374,0.012858846907158708,0.012073848440532112
2023-04-04,-0.013094359196031538,-0.013094359196031538,-0.013114200465872809,-0.015933011519578086,-0.015933011519578086,-0.015952852789419356
2023-04-05,-0.0034349607885151697,-0.0034349607885151697,-0.0034548020583564398,0.008490524838001619,0.008490524838001619,0.008470683568160348
2023-04-06,-0.0020698846057221375,-0.0020698846057221375,-0.0020897258755634075,-0.006897466576925838,-0.006897466576925838,-0.006917307846767108
2023-04-10,0.003756002521081337,0.003756002521081337,0.003736161251240067,0.005793504238995151,0.005793504238995151,0.005773662969153881
2023-04-11,0.007203979303398217,0.007203979303398217,0.007184138033556948,-0.002936017705618313,-0.002936017705618313,-0.002955858975459583
2023-04-12,-0.005556358546005802,-0.005556358546005802,-0.005576199815847072,0.017021446664410134,0.017021446664410134,0.017001605394568863
2023-04-13,-0.00354651750093831,-0.00354651750093831,-0.00356635877077958,-0.014207748095471184,-0.014207748095471184,-0.014227589365312454
2023-04-14,0.0012555442033449194,0.0012555442033449194,0.0012357029335036496,0.00421202892762208,0.00421202892762208,0.004192187657780811
2023-04-17,-0.00035066909662948,-0.00035066909662948,-0.0003705103664707498,-0.0050361198258494794,-0.0050361198258494794,-0.005055961095690749
2023-04-18,-0.0009278733054895374,-0.0009278733054895374,-0.0009477145753308072,0.009396550424141548,0.009396550424141548,0.009376709154300278
2023-04-19,0.0065302972974620715,0.0065302972974620715,0.006510456027620802,-0.005921231023007665,-0.005921231023007665,-0.005941072292848935
2023-04-20,-0.008861483265632433,-0.008861483265632433,-0.008881324535473703,0.018917654292033147,0.018917654292033147,0.018897813022191876
2023-04-21,-0.004943708060855619,-0.004943708060855619,-0.0049635493306968885,-0.005824855837688853,-0.005824855837688853,-0.005844697107530122
2023-04-24,-0.0040163868620570475,-0.0040163868620570475,-0.004036228131898317,0.00435699605964722,0.00435699605964722,0.00433715478980595
2023-04-25,-0.012094113425831554,-0.012094113425831554,-0.012113954695672825,0.011988969604120336,0.011988969604120336,0.011969128334279065
2023-04-26,0.003945619280209279,0.003945619280209279,0.00392577801036801,-3.133782599288237e-05,-3.133782599288237e-05,-5.117909583415221e-05
2023-04-27,-0.0030718737762575293,-0.0030718737762575293,-0.0030917150460987993,-0.014417202520341722,-0.014417202520341722,-0.014437043790182992
2023-04-28,0.011285596787302616,0.011285596787302616,0.011265755517461345,-0.012386635879272582,-0.012386635879272582,-0.012406477149113852
2023-05-01,-0.0020198340450106253,0.0006884992883227079,-0.0012468848043580994,0.008533852589139758,0.010033852589139757,0.008954954849874781
2023-05-02,-0.005732434394172362,-0.005732434394172362,-0.005752275664013632,0.008640183764889077,0.008640183764889077,0.008620342495047806
2023-05-03,-0.0021430595653306097,-0.0021430595653306097,-0.0021629008351718797,-0.010975784882880677,-0.010975784882880677,-0.010995626152721948
2023-05-04,0.006719926545737346,0.006719926545737346,0.0067000852758960765,0.0020273529799320284,0.0020273529799320284,0.0020075117100907583
2023-05-05,-0.00031021884832173503,-0.00031021884832173503,-0.00033006011816300485,-0.012126310954273507,-0.012126310954273507,-0.012146152224114777
2023-05-08,-0.0024116689960137654,-0.0024116689960137654,-0.0024315102658550355,0.005963446743921782,0.005963446743921782,0.005943605474080512
2023-05-09,-0.0012078176600700727,-0.0012078176600700727,-0.0012276589299113426,0.0035626527490400283,0.0035626527490400283,0.0035428114791987582
2023-05-10,0.003223367774321343,0.003223367774321343,0.003203526504480073,0.0035360312717642867,0.0035360312717642867,0.0035161900019230166
2023-05-11,-4.006109155937302e-06,-4.006109155937302e-06,-2.3847378997207143e-05,0.00724599078265351,0.00724599078265351,0.00722614951281224
2023-05-12,0.006929253932952632,0.006929253932952632,0.006909412663111362,0.017783969260946858,0.017783969260946858,0.017764127991105588
2023-05-15,0.010144227240889188,0.010144227240889188,0.010124385971047917,-0.016182915982126705,-0.016182915982126705,-0.016202757251967976
2023-05-16,0.0008709572343135854,0.0008709572343135854,0.0008511159644723155,0.005993726142405976,0.005993726142405976,0.005973884872564707
2023-05-17,0.008531558631714675,0.008531558631714675,0.008511717361873405,-0.012780101355107494,-0.012780101355107494,-0.012799942624948765
2023-05-18,0.003093682967018764,0.003093682967018764,0.003073841697177494,0.0050470351540629135,0.0050470351540629135,0.005027193884221644
2023-05-19,0.002136477910843553,0.002136477910843553,0.002116636641002283,0.008923846249080328,0.008923846249080328,0.008904004979239058
2023-05-22,0.008663651790827797,0.008663651790827797,0.008643810520986527,-0.018463002090141643,-0.018463002090141643,-0.018482843359982914
2023-05-23,0.006143199532372927,0.006143199532372927,0.006123358262531658,-0.01075778343863431,-0.01075778343863431,-0.01077762470847558
2023-05-24,-0.002755192223369219,-0.002755192223369219,-0.002775033493210489,0.011475141260340098,0.011475141260340098,0.011455299990498827
2023-05-25,0.014178904209943433,0.014178904209943433,0.014159062940102163,0.020349598300966498,0.020349598300966498,0.020329757031125228
2023-05-26,0.007125403231822569,0.007125403231822569,0.007105561961981299,-0.008166285287774938,-0.008166285287774938,-0.008186126557616209
2023-05-30,0.0020539525656701405,0.0020539525656701405,0.0020341112958288704,-0.0023593777784055156,-0.0023593777784055156,-0.0023792190482467856
2023-05-31,-0.003108692810703832,-0.003108692810703832,-0.003128534080545102,0.0034691173783864063,0.0034691173783864063,0.0034492761085451362
2023-06-01,-0.0005268425098648652,0.002264824156801801,0.00022146282629329175,-0.0061729292220708935,-0.0046312625554042275,-0.005739876686431931
2023-06-02,0.0077518756128950785,0.0077518756128950785,0.007732034343053809,-0.016162049843364328,-0.016162049843364328,-0.016181891113205598
2023-06-05,0.0004254883859456434,0.0004254883859456434,0.0004056471161043736,0.007097909462925293,0.007097909462925293,0.0070780681930840235
2023-06-06,0.0063413143332619335,0.0063413143332619335,0.006321473063420664,-0.020083975013329192,-0.020083975013329192,-0.020103816283170463
2023-06-07,0.009486328220623706,0.009486328220623706,0.009466486950782435,-0.022914332096806038,-0.022914332096806038,-0.02293417336664731
2023-06-08,-0.0024519908749160964,-0.0024519908749160964,-0.0024718321447573664,0.01251290214077307,0.01251290214077307,0.0124930608709318
2023-06-09,-0.005942592230712633,-0.005942592230712633,-0.005962433500553903,0.007234835244369079,0.007234835244369079,0.007214993974527809
2023-06-12,-0.003684852407694172,-0.003684852407694172,-0.003704693677535442,0.00022620797485494327,0.00022620797485494327,0.00020636670501367343
2023-06-13,-0.004057517153559477,-0.004057517153559477,-0.004077358423400746,-0.010379772922452424,-0.010379772922452424,-0.010399614192293695
2023-06-14,-0.0004366530758362344,-0.0004366530758362344,-0.0004564943456775042,0.008590403605868917,0.008590403605868917,0.008570562336027647
2023-06-15,-0.001768529654270587,-0.001768529654270587,-0.0017883709241118568,-0.0036730412094125972,-0.0036730412094125972,-0.0036928824792538673
2023-06-16,-0.0022531026893097064,-0.0022531026893097064,-0.0022729439591509764,-0.001344564046418003,-0.001344564046418003,-0.0013644053162592729
2023-06-20,-0.0018686294816920926,-0.0018686294816920926,-0.0018884707515333624,0.005663628003487015,0.005663628003487015,0.005643786733645745
2023-06-21,0.00192247896823742,0.00192247896823742,0.0019026376983961501,0.00988005440169645,0.00988005440169645,0.00986021313185518
2023-06-22,-0.005451025256327345,-0.005451025256327345,-0.005470866526168614,0.010031340161454697,0.010031340161454697,0.010011498891613426
2023-06-23,-0.002783124374333752,-0.002783124374333752,-0.002802965644175022,0.0021483511089092243,0.0021483511089092243,0.0021285098390679542
2023-06-26,0.011460831115536963,0.011460831115536963,0.011440989845695693,-0.009337989700806362,-0.009337989700806362,-0.009357830970647633
2023-06-27,0.0056162962341373,0.0056162962341373,0.00559645496429603,-0.007021630789096214,-0.007021630789096214,-0.007041472058937483
2023-06-28,-0.007233048237233343,-0.007233048237233343,-0.0072528895070746125,-0.001006957520985239,-0.001006957520985239,-0.0010267987908265089
2023-06-29,0.002781298942774845,0.002781298942774845,0.002761457672933575,-0.003958023624020715,-0.003958023624020715,-0.003977864893861985
2023-06-30,-0.008863061283738552,-0.008863061283738552,-0.008882902553579822,0.004124934914706316,0.004124934914706316,0.0041050936448650465
2023-07-03,0.0001400623077341635,0.003015062307734163,0.0008460156103261664,-0.013571679857644342,-0.012280013190977676,-0.013210366464477688
2023-07-05,0.007848456836238487,0.007848456836238487,0.007828615566397216,-0.0009928072597734532,-0.0009928072597734532,-0.001012648529614723
2023-07-06,0.0009898698184739223,0.0009898698184739223,0.0009700285486326525,-0.003004584361131689,-0.003004584361131689,-0.003024425630972959
2023-07-07,-0.015031553275898703,-0.015031553275898703,-0.015051394545739973,-0.011624452884547127,-0.011624452884547127,-0.011644294154388397
2023-07-10,-0.005216913186194686,-0.005216913186194686,-0.005236754456035955,0.017124660798034604,0.017124660798034604,0.017104819528193333
2023-07-11,-0.002104928850733875,-0.002104928850733875,-0.002124770120575145,-0.018364826774100614,-0.018364826774100614,-0.018384668043941885
2023-07-12,0.002551931690931903,0.002551931690931903,0.002532090421090633,0.003509571774802581,0.003509571774802581,0.003489730504961311
2023-07-13,0.002792560252986782,0.002792560252986782,0.002772718983145512,-0.0015900928422208384,-0.0015900928422208384,-0.0016099341120621082
2023-07-14,-0.0018536806178113467,-0.0018536806178113467,-0.0018735218876526165,0.01165101155488666,0.01165101155488666,0.01163117028504539
2023-07-17,-0.003021765630721836,-0.003021765630721836,-0.003041606900563106,0.017844140958526024,0.017844140958526024,0.017824299688684753
2023-07-18,-0.006256500376447647,-0.006256500376447647,-0.006276341646288917,-0.010333083627038431,-0.010333083627038431,-0.010352924896879702
2023-07-19,0.006828145384718403,0.006828145384718403,0.006808304114877133,-0.03435765862491452,-0.03435765862491452,-0.03437749989475579
2023-07-20,-0.00865085853460173,-0.00865085853460173,-0.008670699804443,-0.011992733349811794,-0.011992733349811794,-0.012012574619653065
2023-07-21,0.00326240343084447,0.00326240343084447,0.0032425621610032,-0.0001937692326156339,-0.0001937692326156339,-0.00021361050245690373
2023-07-24,-0.003870969007712559,-0.003870969007712559,-0.003890810277553829,-0.012016215464975059,-0.012016215464975059,-0.01203605673481633
2023-07-25,0.0009348209624805424,0.0009348209624805424,0.0009149796926392726,0.012776223413147353,0.012776223413147353,0.012756382143306082
2023-07-26,0.005735348491380474,0.005735348491380474,0.005715507221539204,-0.022828467057027117,-0.022828467057027117,-0.022848308326868388
2023-07-27,0.005793310110697458,0.005793310110697458,0.005773468840856188,0.011832784641423068,0.011832784641423068,0.011812943371581798
2023-07-28,0.012662928733109473,0.012662928733109473,0.012643087463268202,8.995074549663241e-05,8.995074549663241e-05,7.010947565536257e-05
2023-07-31,-0.004668115627276431,-0.004668115627276431,-0.0046879568971177005,0.002222843524820733,0.002222843524820733,0.002203002254979463
2023-08-01,0.005941045361790607,0.00864937869512394,0.006715588405852994,0.005565633424041542,0.006482300090708208,0.0058164035642408315
2023-08-02,0.007239471104508846,0.007239471104508846,0.007219629834667576,-0.00761929471702136,-0.00761929471702136,-0.00763913598686263
2023-08-03,0.005838111794812003,0.005838111794812003,0.005818270524970733,0.005182276491262401,0.005182276491262401,0.005162435221421131
2023-08-04,-0.005104430614050742,-0.005104430614050742,-0.005124271883892011,-0.001343624027027022,-0.001343624027027022,-0.0013634652968682918
2023-08-07,-0.002014866407290492,-0.002014866407290492,-0.002034707677131762,0.01341877186469863,0.01341877186469863,0.01339893059485736
2023-08-08,0.005901114460752611,0.005901114460752611,0.005881273190911342,-0.0002825008791938451,-0.0002825008791938451,-0.0003023421490351149
2023-08-09,1.3473686402758374e-05,1.3473686402758374e-05,-6.367583438511464e-06,-0.0016811568649176753,-0.0016811568649176753,-0.0017009981347589451
2023-08-10,-0.0014228625810893197,-0.0014228625810893197,-0.0014427038509305895,-0.001833723165668072,-0.001833723165668072,-0.0018535644355093417
2023-08-11,-0.0005748757294903689,-0.0005748757294903689,-0.0005947169993316387,-0.00617415653078259,-0.00617415653078259,-0.0061939978006238594
2023-08-14,0.004467019801879365,0.004467019801879365,0.004447178532038095,0.016858750708077436,0.016858750708077436,0.016838909438236165
2023-08-15,0.005127668918305444,0.005127668918305444,0.005107827648464174,0.00820615669680513,0.00820615669680513,0.00818631542696386
2023-08-16,0.0009026022006114603,0.0009026022006114603,0.0008827609307701905,-0.003126679865351413,-0.003126679865351413,-0.0031465211351926832
2023-08-17,-0.0023198438324245453,-0.0023198438324245453,-0.0023396851022658154,-0.015426797354900665,-0.015426797354900665,-0.015446638624741936
2023-08-18,0.0013250544203509754,0.0013250544203509754,0.0013052131505097056,0.0028205556000900607,0.0028205556000900607,0.0028007143302487907
2023-08-21,0.009833486668911,0.009833486668911,0.00981364539906973,0.008505755046061075,0.008505755046061075,0.008485913776219805
2023-08-22,0.004296673345185287,0.004296673345185287,0.004276832075344017,0.00995256719257739,0.00995256719257739,0.00993272592273612
2023-08-23,0.0006435310657980564,0.0006435310657980564,0.0006236897959567866,0.0022634800040093237,0.0022634800040093237,0.0022436387341680537
2023-08-24,-0.00568544524665921,-0.00568544524665921,-0.00570528651650048,-0.010997904833053166,-0.010997904833053166,-0.011017746102894436
2023-08-25,0.001286529388195588,0.001286529388195588,0.0012666881183543183,0.0072636676338114535,0.0072636676338114535,0.007243826363970184
2023-08-28,-0.0020483294226310176,-0.0020483294226310176,-0.0020681706924722877,-0.007198553674151333,-0.007198553674151333,-0.007218394943992602
2023-08-29,-0.0006056472802762048,-0.0006056472802762048,-0.0006254885501174746,0.0030485064712529723,0.0030485064712529723,0.0030286652014117022
2023-08-30,0.001693983163636371,0.001693983163636371,0.0016741418937951012,0.004705894563101391,0.004705894563101391,0.004686053293260122
2023-08-31,-0.0004678086687913141,-0.0004678086687913141,-0.0004876499386325839,0.005197887015600995,0.005197887015600995,0.005178045745759726
2023-09-01,0.0003069441421604093,0.0030986108088270755,0.001102226543756147,0.001432081213219454,0.002640414546552787,0.0017680519262047898
2023-09-05,0.005327897939117517,0.005327897939117517,0.0053080566692762475,-0.000692139789117594,-0.000692139789117594,-0.0007119810589588638
2023-09-06,-0.0036275865100307554,-0.0036275865100307554,-0.0036474277798720254,0.014178856773970948,0.014178856773970948,0.014159015504129678
2023-09-07,-0.004908634708196984,-0.004908634708196984,-0.0049284759780382536,0.00021743930098886213,0.00021743930098886213,0.0001975980311475923
2023-09-08,0.004646582383708518,0.004646582383708518,0.004626741113867248,-0.004346673388246287,-0.004346673388246287,-0.004366514658087557
2023-09-11,0.00431088902300622,0.00431088902300622,0.004291047753164951,0.007762184108437718,0.007762184108437718,0.0077423428385964485
2023-09-12,0.0024293839375047156,0.0024293839375047156,0.0024095426676634456,-0.019797222084585522,-0.019797222084585522,-0.019817063354426793
2023-09-13,-0.008056664394838226,-0.008056664394838226,-0.008076505664679497,-0.0038429772078329115,-0.0038429772078329115,-0.0038628184776741815
2023-09-14,-0.00261312539959066,-0.00261312539959066,-0.00263296666943193,-0.008361254327544119,-0.008361254327544119,-0.00838109559738539
2023-09-15,-0.009533618749832426,-0.009533618749832426,-0.009553460019673696,-0.015297896557934126,-0.015297896557934126,-0.015317737827775397
2023-09-18,0.002229594412926043,0.002229594412926043,0.002209753143084773,0.01329708158161378,0.01329708158161378,0.01327724031177251
2023-09-19,0.00017798986484893436,0.00017798986484893436,0.00015814859500766452,-0.0036288979006868618,-0.0036288979006868618,-0.0036487391705281318
2023-09-20,-0.0030848320855400894,-0.0030848320855400894,-0.0031046733553813594,-0.0036411059424098268,-0.0036411059424098268,-0.003660947212251097
2023-09-21,-0.001102232710960278,-0.001102232710960278,-0.0011220739808015477,-0.0037229568012570264,-0.0037229568012570264,-0.0037427980710982964
2023-09-22,-0.0019033423994665889,-0.0019033423994665889,-0.0019231836693078587,0.009565317803871355,0.009565317803871355,0.009545476534030085
2023-09-25,0.006702916557489065,0.006702916557489065,0.0066830752876477955,0.0007970815764531961,0.0007970815764531961,0.0007772403066119263
2023-09-26,-0.0016946738972023802,-0.0016946738972023802,-0.00171451516704365,0.004237967805125845,0.004237967805125845,0.004218126535284575
2023-09-27,0.005644699644296161,0.005644699644296161,0.0056248583744548915,0.014796728651358167,0.014796728651358167,0.014776887381516897
2023-09-28,0.002343981706663993,0.002343981706663993,0.002324140436822723,0.004249638122521568,0.004249638122521568,0.004229796852680298
2023-09-29,0.0006722307454012149,0.0006722307454012149,0.0006523894755599451,-0.015216916259888778,-0.015216916259888778,-0.015236757529730048
2023-10-02,-0.00696569845546783,-0.0040073651221344975,-0.006151816449267904,0.015888717477879233,0.0170553841445459,0.01621205438377539
2023-10-03,0.0005966754404764254,0.0005966754404764254,0.0005768341706351556,-0.0018170432528330856,-0.0018170432528330856,-0.0018368845226743554
2023-10-04,0.0046771696235612895,0.0046771696235612895,0.00465732835372002,0.004685125049187348,0.004685125049187348,0.004665283779346078
2023-10-05,0.004821219087494895,0.004821219087494895,0.004801377817653625,0.003274456245836336,0.003274456245836336,0.003254614975995066
2023-10-06,-0.004322231038869228,-0.004322231038869228,-0.004342072308710498,0.011944288787292442,0.011944288787292442,0.011924447517451172
2023-10-09,-0.002251494292424496,-0.002251494292424496,-0.002271335562265766,0.001865988193944001,0.001865988193944001,0.001846146924102731
2023-10-10,0.00015873041250741532,0.00015873041250741532,0.00013888914266614548,-0.007795844169524751,-0.007795844169524751,-0.00781568543936602
2023-10-11,0.01145034632209372,0.01145034632209372,0.01143050505225245,0.00827577271474555,0.00827577271474555,0.00825593144490428
2023-10-12,0.0055490252685341974,0.0055490252685341974,0.005529183998692928,0.00976023293813854,0.00976023293813854,0.00974039166829727
2023-10-13,0.003335315872951746,0.003335315872951746,0.003315474603110476,-0.016492504064000206,-0.016492504064000206,-0.016512345333841476
2023-10-16,0.005171696100025188,0.005171696100025188,0.005151854830183918,-0.007717324732773569,-0.007717324732773569,-0.007737166002614838
2023-10-17,0.0020986309275633475,0.0020986309275633475,0.0020787896577220775,-0.008238989104689436,-0.008238989104689436,-0.008258830374530707
2023-10-18,-0.0026796886163377165,-0.0026796886163377165,-0.0026995298861789865,-0.0008430251912261758,-0.0008430251912261758,-0.0008628664610674456
2023-10-19,-0.0045029884766388945,-0.0045029884766388945,-0.004522829746480164,0.004331559615839689,0.004331559615839689,0.004311718345998419
2023-10-20,-0.001864135187641786,-0.001864135187641786,-0.0018839764574830559,0.011088185860918448,0.011088185860918448,0.011068344591077178
2023-10-23,-0.006106082399670293,-0.006106082399670293,-0.006125923669511563,0.013407228869650014,0.013407228869650014,0.013387387599808743
2023-10-24,-0.00099665017957067,-0.00099665017957067,-0.0010164914494119397,0.0011586888506001133,0.0011586888506001133,0.0011388475807588435
2023-10-25,0.0026013554110755665,0.0026013554110755665,0.0025815141412342964,-0.014707175169023087,-0.014707175169023087,-0.014727016438864357
2023-10-26,0.010689293812423502,0.010689293812423502,0.010669452542582232,-0.023589784431654538,-0.023589784431654538,-0.023609625701495808
2023-10-27,-0.003752877107892156,-0.003752877107892156,-0.003772718377733426,0.021617186110420763,0.021617186110420763,0.021597344840579492
2023-10-30,0.002551748704483557,0.002551748704483557,0.002531907434642287,0.004255076852081513,0.004255076852081513,0.004235235582240243
2023-10-31,-0.008986124761223872,-0.008986124761223872,-0.009005966031065142,0.000253481913875986,0.000253481913875986,0.00023364064403471617
2023-11-01,0.0005275042512184222,0.003152504251218422,0.001260638776346282,0.037704611422766106,0.03866294475609944,0.03796688537295064
2023-11-02,0.006097038242651908,0.006097038242651908,0.0060771969728106385,-0.017033628595779178,-0.017033628595779178,-0.01705346986562045
2023-11-03,0.013276693382779398,0.013276693382779398,0.013256852112938127,-0.012824071038678643,-0.012824071038678643,-0.012843912308519913
2023-11-06,-0.0005510556054003201,-0.0005510556054003201,-0.0005708968752415899,0.012647050516707108,0.012647050516707108,0.012627209246865837
2023-11-07,-0.0017286800171832327,-0.0017286800171832327,-0.0017485212870245025,0.006555759671878269,0.006555759671878269,0.006535918402036999
2023-11-08,-0.000196218208559501,-0.000196218208559501,-0.00021605947840077085,0.011483820819860841,0.011483820819860841,0.01146397955001957
2023-11-09,-0.006238065665892715,-0.006238065665892715,-0.006257906935733985,0.010304742215832332,0.010304742215832332,0.010284900945991061
2023-11-10,-0.0011506763322982404,-0.0011506763322982404,-0.0011705176021395102,0.020490675451360844,0.020490675451360844,0.020470834181519574
2023-11-13,0.002272325496015172,0.002272325496015172,0.002252484226173902,0.0025026068418438118,0.0025026068418438118,0.0024827655720025417
2023-11-14,0.006454594025213883,0.006454594025213883,0.006434752755372614,-0.02422423598314405,-0.02422423598314405,-0.02424407725298532
2023-11-15,0.005033633931150612,0.005033633931150612,0.005013792661309343,-0.026159728754150506,-0.026159728754150506,-0.026179570023991777
2023-11-16,0.0031753364361666037,0.0031753364361666037,0.0031554951663253336,0.014169175294539796,0.014169175294539796,0.014149334024698526
2023-11-17,-0.002239533320878351,-0.002239533320878351,-0.002259374590719621,-0.005042447567184959,-0.005042447567184959,-0.005062288837026229
2023-11-20,0.00327995369616472,0.00327995369616472,0.00326011242632345,0.002598154182971037,0.002598154182971037,0.002578312913129767
2023-11-21,0.00019045379255446947,0.00019045379255446947,0.00017061252271319963,0.0038640521622184914,0.0038640521622184914,0.0038442108923772214
2023-11-22,0.00037737597808514033,0.00037737597808514033,0.0003575347082438705,-0.0008680476015311966,-0.0008680476015311966,-0.0008878888713724665
2023-11-24,-0.0007139861181396274,-0.0007139861181396274,-0.0007338273879808972,-0.002864249875219477,-0.002864249875219477,-0.002884091145060747
2023-11-27,-0.0029293046719204296,-0.0029293046719204296,-0.0029491459417616997,0.004691260298481811,0.004691260298481811,0.004671419028640542
2023-11-28,0.0010420837187686645,0.0010420837187686645,0.0010222424489273946,-0.013322810401096138,-0.013322810401096138,-0.013342651670937409
2023-11-29,0.004670868674896928,0.004670868674896928,0.004651027405055659,-0.010913885867750588,-0.010913885867750588,-0.010933727137591859
2023-11-30,0.0006523563052579688,0.0006523563052579688,0.000632515035416699,-0.0015973567140950599,-0.0015973567140950599,-0.0016171979839363297
2023-12-01,-0.015162692579769405,-0.012246025913102738,-0.014334175256822896,-0.028299152817262727,-0.02725748615059606,-0.02801307948439573
2023-12-04,-0.0017192205731417032,-0.0017192205731417032,-0.001739061842982973,-0.012372643382442976,-0.012372643382442976,-0.012392484652284246
2023-12-05,0.0041319933412125726,0.0041319933412125726,0.004112152071371303,0.011501928979550229,0.011501928979550229,0.011482087709708958
2023-12-06,-0.00036140983829015694,-0.00036140983829015694,-0.00038125110813142676,-0.014227415385326797,-0.014227415385326797,-0.014247256655168067
2023-12-07,-0.003350503568742361,-0.003350503568742361,-0.003370344838583631,0.002245890679791777,0.002245890679791777,0.002226049409950507
2023-12-08,-0.00033775791464672007,-0.00033775791464672007,-0.0003575991844879899,0.007221685777404688,0.007221685777404688,0.007201844507563418
2023-12-11,-0.00048562482193621965,-0.00048562482193621965,-0.0005054660917774895,0.006797410874839921,0.006797410874839921,0.006777569604998652
2023-12-12,-0.003275778105875102,-0.003275778105875102,-0.003295619375716372,0.010733467036977806,0.010733467036977806,0.010713625767136536
2023-12-13,-0.000662148417032233,-0.000662148417032233,-0.0006819896868735028,-0.03312039009080884,-0.03312039009080884,-0.033140231360650106
2023-12-14,-0.008732070030163686,-0.008732070030163686,-0.008751911300004956,-0.03880827829404928,-0.03880827829404928,-0.03882811956389055
2023-12-15,-0.002907274898727729,-0.002907274898727729,-0.002927116168568999,0.015054967750499467,0.015054967750499467,0.015035126480658197
2023-12-18,-0.001104808627920173,-0.001104808627920173,-0.0011246498977614428,0.011869207094606815,0.011869207094606815,0.011849365824765545
2023-12-19,-0.00521822384144573,-0.00521822384144573,-0.005238065111287,-0.015512899886402797,-0.015512899886402797,-0.015532741156244067
2023-12-20,0.0017547589096198325,0.0017547589096198325,0.0017349176397785627,0.007422718775186288,0.007422718775186288,0.007402877505345018
2023-12-21,-0.003938343618858564,-0.003938343618858564,-0.003958184888699833,-0.002424419044325942,-0.002424419044325942,-0.002444260314167212
2023-12-22,-0.001633620791476005,-0.001633620791476005,-0.001653462061317275,-0.0023502720345586967,-0.0023502720345586967,-0.0023701133043999667
2023-12-26,-0.0034227216300716603,-0.0034227216300716603,-0.0034425628999129303,-0.0014591508014884028,-0.0014591508014884028,-0.0014789920713296726
2023-12-27,-0.0021997171954960303,-0.0021997171954960303,-0.0022195584653373003,-0.00027255610620701115,-0.00027255610620701115,-0.00029239737604828096
2023-12-28,0.0015282559703509975,0.0015282559703509975,0.0015084147005097277,-0.0022619933498639285,-0.0022619933498639285,-0.0022818346197051986
2023-12-29,0.0032070460227823228,0.0032070460227823228,0.0031872047529410527,0.00640026865403411,0.00640026865403411,0.00638042738419284
2024-01-02,-0.004808274813064976,-0.0025582748130649757,-0.004168130165900028,-0.040308019748216455,-0.039183019748216454,-0.03999643837266078
2024-01-03,0.016310699589403323,0.016310699589403323,0.016290858319562052,0.010757839675461916,0.010757839675461916,0.010737998405620645
2024-01-04,-0.012322987469293702,-0.012322987469293702,-0.012342828739134972,0.0012044477348028384,0.0012044477348028384,0.0011846064649615685
2024-01-05,-0.003510690986955851,-0.003510690986955851,-0.003530532256797121,0.00023158856137570755,0.00023158856137570755,0.0002117472915344377
2024-01-08,-0.005252789520233475,-0.005252789520233475,-0.005272630790074745,0.01189310426337857,0.01189310426337857,0.0118732629935373
2024-01-09,-0.00211635387256789,-0.00211635387256789,-0.00213619514240916,0.007682594933600301,0.007682594933600301,0.007662753663759032
2024-01-10,-0.00162854281772132,-0.00162854281772132,-0.00164838408756259,0.014389149582175657,0.014389149582175657,0.014369308312334387
2024-01-11,0.0064966086550409625,0.0064966086550409625,0.006476767385199693,0.013816260638634045,0.013816260638634045,0.013796419368792775
2024-01-12,0.00723013446501442,0.00723013446501442,0.007210293195173151,0.005390995042995658,0.005390995042995658,0.005371153773154389
2024-01-16,0.0017723773281922632,0.0017723773281922632,0.0017525360583509934,0.018110050004877094,0.018110050004877094,0.018090208735035824
2024-01-17,0.00037108316058822905,0.00037108316058822905,0.00035124189074695923,0.004599731669756545,0.004599731669756545,0.004579890399915275
2024-01-18,-0.0004898486499481714,-0.0004898486499481714,-0.0005096899197894412,0.01782734524146874,0.01782734524146874,0.01780750397162747
2024-01-19,0.005347685457060857,0.005347685457060857,0.005327844187219587,0.016008137111677066,0.016008137111677066,0.015988295841835795
2024-01-22,-0.0020202411036115025,-0.0020202411036115025,-0.0020400823734527725,0.0031890454530609236,0.0031890454530609236,0.0031692041832196535
2024-01-23,0.0001564544529017776,0.0001564544529017776,0.00013661318306050775,-0.007156343795714108,-0.007156343795714108,-0.007176185065555378
2024-01-24,0.007475363106668223,0.007475363106668223,0.007455521836826954,0.012132282836005866,0.012132282836005866,0.012112441566164596
2024-01-25,-0.0058244776882626845,-0.0058244776882626845,-0.005844318958103954,-0.0014934799152323407,-0.0014934799152323407,-0.0015133211850736105
2024-01-26,-0.0017477233863828884,-0.0017477233863828884,-0.0017675646562241582,-0.014086715108215684,-0.014086715108215684,-0.014106556378056955
2024-01-29,0.0017239266976117394,0.0017239266976117394,0.0017040854277704696,0.006434531054180074,0.006434531054180074,0.006414689784338804
2024-01-30,0.008710558227113016,0.008710558227113016,0.008690716957271746,-0.002123656642294791,-0.002123656642294791,-0.002143497912136061
2024-01-31,-0.004802531250321513,-0.004802531250321513,-0.004822372520162783,0.000914042220450588,0.000914042220450588,0.0008942009506093182
2024-02-01,0.0001895782684539697,0.00281457826845397,0.0009413368854934681,-0.0010009621120646746,-9.621120646745654e-07,-0.0007261071840123707
2024-02-02,-0.0010461438219131454,-0.0010461438219131454,-0.0010659850917544152,0.024899885157042556,0.024899885157042556,0.024880043887201286
2024-02-05,0.0011236254171613901,0.0011236254171613901,0.0011037841473201203,0.012293497919539573,0.012293497919539573,0.012273656649698303
2024-02-06,0.0006087790615087411,0.0006087790615087411,0.0005889377916674713,-0.01329595733203987,-0.01329595733203987,-0.01331579860188114
2024-02-07,-0.003828157943370909,-0.003828157943370909,-0.003847999213212179,0.019548721435137792,0.019548721435137792,0.01952888016529652
2024-02-08,0.007615752130437642,0.007615752130437642,0.007595910860596373,0.012539906672920775,0.012539906672920775,0.012520065403079504
2024-02-09,-0.005135711597523043,-0.005135711597523043,-0.005155552867364312,0.010856769192606343,0.010856769192606343,0.010836927922765072
2024-02-12,-0.003338657450604518,-0.003338657450604518,-0.0033584987204457882,-0.022173496626315223,-0.022173496626315223,-0.022193337896156493
2024-02-13,-0.003686829683271039,-0.003686829683271039,-0.003706670953112309,0.01244879018935234,0.01244879018935234,0.01242894891951107
2024-02-14,-0.0002449349366062297,-0.0002449349366062297,-0.0002647762064474995,0.008136823319260213,0.008136823319260213,0.008116982049418943
2024-02-15,-0.0030395996844069188,-0.0030395996844069188,-0.003059440954248189,-0.017887213890534423,-0.017887213890534423,-0.017907055160375693
2024-02-16,-0.0009270862102403648,-0.0009270862102403648,-0.0009469274800816346,-0.006893485242108583,-0.006893485242108583,-0.006913326511949852
2024-02-20,-0.002509295682361844,-0.002509295682361844,-0.002529136952203114,-0.0016830191388924047,-0.0016830191388924047,-0.0017028604087336746
2024-02-21,0.001195384742295215,0.001195384742295215,0.0011755434724539451,-0.008132749418802241,-0.008132749418802241,-0.008152590688643511
2024-02-22,0.006159902950544762,0.006159902950544762,0.006140061680703492,0.0325237654697529,0.0325237654697529,0.03250392419991163
2024-02-23,0.0008010447972054737,0.0008010447972054737,0.0007812035273642039,-0.0005897320617498617,-0.0005897320617498617,-0.0006095733315911315
2024-02-26,0.00045396160753754123,0.00045396160753754123,0.0004341203376962714,0.017798883430741506,0.017798883430741506,0.017779042160900236
2024-02-27,-0.0013980634083939148,-0.0013980634083939148,-0.0014179046782351846,-0.0064534801206515904,-0.0064534801206515904,-0.00647332139049286
2024-02-28,0.0037039172797866415,0.0037039172797866415,0.0036840760099453715,0.00019169627835537162,0.00019169627835537162,0.00017185500851410178
2024-02-29,0.005621182788664321,0.005621182788664321,0.0056013415188230515,0.0004609877656471849,0.0004609877656471849,0.0004411464958059151
2024-03-01,-0.004373998095800991,-0.0013739980958009912,-0.0035155479787736406,0.012967554384306757,0.014050887717640091,0.013266580361296474
2024-03-04,0.007222479024871667,0.007222479024871667,0.007202637755030397,0.005942844310374254,0.005942844310374254,0.0059230030405329846
2024-03-05,0.007152033437622205,0.007152033437622205,0.007132192167780936,-0.013669722088816887,-0.013669722088816887,-0.013689563358658157
2024-03-06,-0.0036676055053228083,-0.0036676055053228083,-0.0036874467751640784,-0.003327083485642632,-0.003327083485642632,-0.003346924755483902
2024-03-07,0.0010225311125539498,0.0010225311125539498,0.00100268984271268,0.004081288693675776,0.004081288693675776,0.004061447423834507
2024-03-08,0.007054608985398283,0.007054608985398283,0.007034767715557014,-0.017282809217459043,-0.017282809217459043,-0.017302650487300314
2024-03-11,-0.0040050937092290205,-0.0040050937092290205,-0.00402493497907029,-0.02276522182221278,-0.02276522182221278,-0.02278506309205405
2024-03-12,-0.006017344002477909,-0.006017344002477909,-0.006037185272319179,0.025341910450048986,0.025341910450048986,0.025322069180207716
2024-03-13,0.002156773943523265,0.002156773943523265,0.002136932673681995,-0.009248412433467771,-0.009248412433467771,-0.009268253703309042
2024-03-14,-0.008496405832993105,-0.008496405832993105,-0.008516247102834376,0.009231876035007606,0.009231876035007606,0.009212034765166336
2024-03-15,0.004998319759310407,0.004998319759310407,0.004978478489469138,-0.01674709750319849,-0.01674709750319849,-0.01676693877303976
2024-03-18,-0.001568270983184313,-0.001568270983184313,-0.0015881122530255827,0.0043458017346346585,0.0043458017346346585,0.004325960464793389
2024-03-19,-0.0010249145983546528,-0.0010249145983546528,-0.0010447558681959226,0.0045112160077033295,0.0045112160077033295,0.00449137473786206
2024-03-20,0.003272679221136423,0.003272679221136423,0.003252837951295153,0.0027396736168455193,0.0027396736168455193,0.0027198323470042493
2024-03-21,0.003527685003618099,0.003527685003618099,0.003507843733776829,0.0074959524203496355,0.0074959524203496355,0.007476111150508366
2024-03-22,0.00010407343156828642,0.00010407343156828642,8.423216172701657e-05,0.007477303378616129,0.007477303378616129,0.0074574621087748596
2024-03-25,0.0011374639072280939,0.0011374639072280939,0.001117622637386824,-0.0015616799676660543,-0.0015616799676660543,-0.0015815212375073241
2024-03-26,-0.00360882175013176,-0.00360882175013176,-0.00362866301997303,0.006444077787622529,0.006444077787622529,0.0064242365177812595
2024-03-27,-0.0020383512408363997,-0.0020383512408363997,-0.0020581925106776698,-0.025385915142435864,-0.025385915142435864,-0.025405756412277134
2024-03-28,0.0016956450556762739,0.0016956450556762739,0.001675803785835004,-0.009334613053413113,-0.009334613053413113,-0.009354454323254383
2024-04-01,0.0008005101068875278,0.0032588434402208606,0.001503018847064823,0.005235378532467271,0.0065687118658006045,0.005610145410823436
2024-04-02,0.0019695412360014627,0.0019695412360014627,0.001949699966160193,0.0034897295587801276,0.0034897295587801276,0.0034698882889388576
2024-04-03,0.006625244866021511,0.006625244866021511,0.006605403596180242,0.009354037093244368,0.009354037093244368,0.009334195823403097
2024-04-04,-0.014344424324805375,-0.014344424324805375,-0.014364265594646645,-0.014498908467008274,-0.014498908467008274,-0.014518749736849544
2024-04-05,0.0049863209487751485,0.0049863209487751485,0.004966479678933879,0.019525621592916674,0.019525621592916674,0.019505780323075404
2024-04-08,-0.005261605222980342,-0.005261605222980342,-0.005281446492821611,-0.009280248525501762,-0.009280248525501762,-0.009300089795343032
2024-04-09,-0.004718097800501779,-0.004718097800501779,-0.004737939070343048,-0.02672843036160547,-0.02672843036160547,-0.02674827163144674
2024-04-10,0.0035359375256068934,0.0035359375256068934,0.0035160962557656233,0.01008017205449837,0.01008017205449837,0.010060330784657099
2024-04-11,0.010828887530500316,0.010828887530500316,0.010809046260659046,0.010751208484665544,0.010751208484665544,0.010731367214824273
2024-04-12,-0.006852694456843748,-0.006852694456843748,-0.006872535726685018,0.009161537310534647,0.009161537310534647,0.009141696040693377
2024-04-15,-0.004314370166638744,-0.004314370166638744,-0.004334211436480014,-0.0033990104611610105,-0.0033990104611610105,-0.0034188517310022805
2024-04-16,0.00941169962007019,0.00941169962007019,0.00939185835022892,0.013221890772156103,0.013221890772156103,0.013202049502314833
2024-04-17,-0.010147119578789245,-0.010147119578789245,-0.010166960848630516,-0.012762186002342414,-0.012762186002342414,-0.012782027272183685
2024-04-18,-0.00453923392559101,-0.00453923392559101,-0.00455907519543228,-0.01073657827874899,-0.01073657827874899,-0.01075641954859026
2024-04-19,-0.017748515832273923,-0.017748515832273923,-0.017768357102115193,-0.033177837003211384,-0.033177837003211384,-0.03319767827305265
2024-04-22,-0.00023199106979561468,-0.00023199106979561468,-0.0002518323396368845,0.002731672976265335,0.002731672976265335,0.002711831706424065
2024-04-23,0.008329790841837572,0.008329790841837572,0.008309949571996302,0.0166121842034082,0.0166121842034082,0.016592342933566928
2024-04-24,0.006710151749968983,0.006710151749968983,0.006690310480127713,-0.0026621557860905367,-0.0026621557860905367,-0.0026819970559318067
2024-04-25,0.0032908435550603864,0.0032908435550603864,0.0032710022852191164,0.009798470470946546,0.009798470470946546,0.009778629201105275
2024-04-26,0.0059031232454687,0.0059031232454687,0.00588328197562743,0.005303841939101305,0.005303841939101305,0.005284000669260035
2024-04-29,0.004220673167056321,0.004220673167056321,0.004200831897215052,-0.010142772346646615,-0.010142772346646615,-0.010162613616487886
2024-04-30,0.0010823228091200632,0.0010823228091200632,0.0010624815392787934,-0.0034064839256103953,-0.0034064839256103953,-0.0034263251954516653
2024-05-01,0.004917194039447997,0.007458860706114663,0.0056421154547578335,-0.014510737002453818,-0.013719070335787151,-0.014297364781528673
2024-05-02,-0.0009411982753690122,-0.0009411982753690122,-0.000961039545210282,-0.005427785165621397,-0.005427785165621397,-0.0054476264354626665
2024-05-03,0.004367804197450523,0.004367804197450523,0.004347962927609254,0.009732785259323952,0.009732785259323952,0.009712943989482681
2024-05-06,-0.004585829010993482,-0.004585829010993482,-0.004605670280834751,0.01680137934772542,0.01680137934772542,0.01678153807788415
2024-05-07,-0.0014686361398227109,-0.0014686361398227109,-0.0014884774096639807,-0.013199913393551291,-0.013199913393551291,-0.013219754663392562
2024-05-08,0.002995794636041489,0.002995794636041489,0.002975953366200219,0.007357199239239529,0.007357199239239529,0.00733735796939826
2024-05-09,0.0003302748511783116,0.0003302748511783116,0.0003104335813370418,-0.004112576321663688,-0.004112576321663688,-0.004132417591504957
2024-05-10,0.005940535804109259,0.005940535804109259,0.005920694534267989,0.003474282162445722,0.003474282162445722,0.003454440892604452
2024-05-13,-0.0023173498036105932,-0.0023173498036105932,-0.0023371910734518633,-0.014125713906928159,-0.014125713906928159,-0.01414555517676943
2024-05-14,0.003806124099007187,0.003806124099007187,0.003786282829165917,0.0023694923257990617,0.0023694923257990617,0.0023496510559577917
2024-05-15,0.003497680019726738,0.003497680019726738,0.003477838749885468,0.01747211999768868,0.01747211999768868,0.01745227872784741
2024-05-16,-0.0014519097441513642,-0.0014519097441513642,-0.001471751013992634,-0.021963699148808722,-0.021963699148808722,-0.021983540418649992
2024-05-17,-0.0019434454332418517,-0.0019434454332418517,-0.0019632867030831215,0.003446362503762639,0.003446362503762639,0.003426521233921369
2024-05-20,-0.0036916653563189056,-0.0036916653563189056,-0.0037115066261601756,0.015924795623880838,0.015924795623880838,0.015904954354039567
2024-05-21,0.0022211834336980916,0.0022211834336980916,0.0022013421638568216,0.00021085700112801332,0.00021085700112801332,0.00019101573128674348
2024-05-22,-0.004567655738284524,-0.004567655738284524,-0.004587497008125794,-0.013229331284320989,-0.013229331284320989,-0.01324917255416226
2024-05-23,0.005800461775291565,0.005800461775291565,0.0057806205054502955,0.015475284292074258,0.015475284292074258,0.015455443022232987
2024-05-24,2.7528238813308292e-05,2.7528238813308292e-05,7.686968972038451e-06,0.008226328310067962,0.008226328310067962,0.008206487040226692
2024-05-28,-0.0013557924354523961,-0.0013557924354523961,-0.001375633705293666,0.007586834483380796,0.007586834483380796,0.0075669932135395265
2024-05-29,0.005127892815979808,0.005127892815979808,0.005108051546138539,0.003945130466157083,0.003945130466157083,0.003925289196315814
2024-05-30,-0.005536702517204593,-0.005536702517204593,-0.005556543787045862,-0.011762833208483191,-0.011762833208483191,-0.011782674478324462
2024-05-31,0.002514260943023326,0.002514260943023326,0.002494419673182056,-0.014805597022802503,-0.014805597022802503,-0.014825438292643774
2024-06-03,-0.0019914750366416384,0.0006335249633583617,-0.001240663200385537,-0.0205239690149686,-0.019273969014968598,-0.020175349636952448
2024-06-04,0.005414356675525736,0.005414356675525736,0.005394515405684467,-0.0018118946036815918,-0.0018118946036815918,-0.0018317358735228616
2024-06-05,0.0041380155112462,0.0041380155112462,0.00411817424140493,0.016251333578286224,0.016251333578286224,0.016231492308444954
2024-06-06,-0.00206936262977257,-0.00206936262977257,-0.00208920389961384,-0.011594363989909049,-0.011594363989909049,-0.01161420525975032
2024-06-07,0.004899748587020003,0.004899748587020003,0.004879907317178733,0.006550399646909426,0.006550399646909426,0.006530558377068157
2024-06-10,-0.0024553345849279177,-0.0024553345849279177,-0.0024751758547691878,0.013208427880940898,0.013208427880940898,0.013188586611099628
2024-06-11,0.005552524485316588,0.005552524485316588,0.005532683215475318,-0.0013141157701224515,-0.0013141157701224515,-0.0013339570399637213
2024-06-12,0.0015439379230010224,0.0015439379230010224,0.0015240966531597526,0.014790379991390943,0.014790379991390943,0.014770538721549672
2024-06-13,0.0002767713466478865,0.0002767713466478865,0.00025693007680661667,0.012635430485557137,0.012635430485557137,0.012615589215715867
2024-06-14,0.00462988704228776,0.00462988704228776,0.004610045772446491,0.0008196639331571444,0.0008196639331571444,0.0007998226633158746
2024-06-17,0.0030528519083445754,0.0030528519083445754,0.0030330106385033054,0.011951459146570746,0.011951459146570746,0.011931617876729476
2024-06-18,0.008849305343147429,0.008849305343147429,0.008829464073306158,0.01671653560818852,0.01671653560818852,0.01669669433834725
2024-06-20,0.0009237982162966867,0.0009237982162966867,0.0009039569464554169,-0.010430502277805682,-0.010430502277805682,-0.010450343547646953
2024-06-21,-0.0008696668434571844,-0.0008696668434571844,-0.0008895081132984542,-0.012907040980551948,-0.012907040980551948,-0.012926882250393219
2024-06-24,-0.011451648388005694,-0.011451648388005694,-0.011471489657846964,-0.006042570580136618,-0.006042570580136618,-0.006062411849977888
2024-06-25,0.006436237427890042,0.006436237427890042,0.006416396158048772,0.015238441033956648,0.015238441033956648,0.015218599764115378
2024-06-26,0.002384566210188048,0.002384566210188048,0.0023647249403467778,-0.001348580443049056,-0.001348580443049056,-0.0013684217128903259
2024-06-27,0.0041526541904574835,0.0041526541904574835,0.004132812920616214,-0.0015273684019330481,-0.0015273684019330481,-0.001547209671774318
2024-06-28,-0.004540676740053479,-0.004540676740053479,-0.004560518009894749,0.0037028200330090468,0.0037028200330090468,0.0036829787631677767
2024-07-01,-0.0028010495934548472,-0.00034271626012151446,-0.002098681753085297,0.010213877997221853,0.011588877997221853,0.010598094200133077
2024-07-02,-0.0004074590022242776,-0.0004074590022242776,-0.0004273002720655474,-0.0011250589964133272,-0.0011250589964133272,-0.001144900266254597
2024-07-03,0.0033313126202399795,0.0033313126202399795,0.0033114713503987095,0.005907246531348026,0.005907246531348026,0.005887405261506756
2024-07-05,-0.0033972970390221333,-0.0033972970390221333,-0.0034171383088634033,-0.004023867180457627,-0.004023867180457627,-0.004043708450298896
2024-07-08,-0.0007116111651475402,-0.0007116111651475402,-0.00073145243498881,0.010591418604265627,0.010591418604265627,0.010571577334424357
2024-07-09,-0.006630183978518537,-0.006630183978518537,-0.006650025248359806,0.0021273461345572473,0.0021273461345572473,0.0021075048647159773
2024-07-10,0.007310205013774541,0.007310205013774541,0.007290363743933271,0.0017939111761643449,0.0017939111761643449,0.001774069906323075
2024-07-11,0.0018176981209861234,0.0018176981209861234,0.0017978568511448536,-0.021428053577023345,-0.021428053577023345,-0.021447894846864615
2024-07-12,-0.0023380962005877986,-0.0023380962005877986,-0.0023579374704290686,-0.006514809512296033,-0.006514809512296033,-0.006534650782137302
2024-07-15,-0.005116418545547771,-0.005116418545547771,-0.005136259815389041,0.0030168233940577804,0.0030168233940577804,0.0029969821242165104
2024-07-16,-0.001006955192543912,-0.001006955192543912,-0.0010267964623851818,-0.018972481113438668,-0.018972481113438668,-0.018992322383279938
2024-07-17,-0.011834706850749253,-0.011834706850749253,-0.011854548120590523,-0.0439343125675969,-0.0439343125675969,-0.04395415383743817
2024-07-18,0.004850187958305799,0.004850187958305799,0.004830346688464529,0.008623346758080368,0.008623346758080368,0.008603505488239098
2024-07-19,0.003062701707637094,0.003062701707637094,0.003042860437795824,-0.0038702566853732997,-0.0038702566853732997,-0.0038900979552145697
2024-07-22,0.0061676220215203265,0.0061676220215203265,0.006147780751679057,0.013823811910736603,0.013823811910736603,0.013803970640895332
2024-07-23,-0.006663235250618057,-0.006663235250618057,-0.006683076520459326,0.009438240380779141,0.009438240380779141,0.009418399110937871
2024-07-24,-0.0010492378551646862,-0.0010492378551646862,-0.001069079125005956,-0.017530337289313618,-0.017530337289313618,-0.01755017855915489
2024-07-25,-0.004024691433667201,-0.004024691433667201,-0.00404453270350847,-0.006384343626748719,-0.006384343626748719,-0.006404184896589988
2024-07-26,0.0012214403127074882,0.0012214403127074882,0.0012015990428662184,-0.005264348241587529,-0.005264348241587529,-0.0052841895114287985
2024-07-29,0.0005334318685241179,0.0005334318685241179,0.0005135905986828481,-0.006768315514304299,-0.006768315514304299,-0.006788156784145569
2024-07-30,0.006500869618212052,0.006500869618212052,0.0064810283483707825,-0.01939170878822676,-0.01939170878822676,-0.01941155005806803
2024-07-31,0.012157280532857079,0.012157280532857079,0.012137439263015809,0.027505658823368365,0.027505658823368365,0.027485817553527095
2024-08-01,-0.03739301072741213,-0.034684677394078794,-0.03661885235664845,-0.01407317807800151,-0.013239844744668177,-0.013848419646083434
2024-08-02,-0.026748583457900828,-0.026748583457900828,-0.026768424727742098,-0.016028397171308783,-0.016028397171308783,-0.016048238441150053
2024-08-05,0.0047970686824548,0.0047970686824548,0.00477722741261353,0.008084930988694746,0.008084930988694746,0.008065089718853476
2024-08-06,0.0007340743126226621,0.0007340743126226621,0.0007142330427813922,0.017605027172869103,0.017605027172869103,0.017585185903027833
2024-08-07,-0.01246296646391373,-0.01246296646391373,-0.012482807733755,-0.006425386945678161,-0.006425386945678161,-0.00644522821551943
2024-08-08,0.02695120195864705,0.02695120195864705,0.02693136068880578,0.020994732273694507,0.020994732273694507,0.020974891003853236
2024-08-09,-0.0031625469324190842,-0.0031625469324190842,-0.0031823882022603543,0.012153690278117572,0.012153690278117572,0.012133849008276302
2024-08-12,-0.0014099772621266188,-0.0014099772621266188,-0.0014298185319678886,0.014145673038075401,0.014145673038075401,0.014125831768234131
2024-08-13,0.01063899560536855,0.01063899560536855,0.01061915433552728,-0.004080345392857605,-0.004080345392857605,-0.0041001866626988745
2024-08-14,-0.006735554415374616,-0.006735554415374616,-0.006755395685215886,0.012376390753793308,0.012376390753793308,0.012356549483952038
2024-08-15,0.016831027974016116,0.016831027974016116,0.016811186704174846,-0.003650175177617035,-0.003650175177617035,-0.003670016447458305
2024-08-16,-0.003652481572784608,-0.003652481572784608,-0.003672322842625878,-0.008259912730047,-0.008259912730047,-0.00827975399988827
2024-08-19,0.005017191577900268,0.005017191577900268,0.004997350308058999,0.0003810114260368309,0.0003810114260368309,0.0003611701561955611
2024-08-20,-0.001522081367030875,-0.001522081367030875,-0.001541922636872145,0.0036083368745458864,0.0036083368745458864,0.0035884956047046164
2024-08-21,0.006363584945129984,0.006363584945129984,0.0063437436752887145,0.005704925680923683,0.005704925680923683,0.005685084411082414
2024-08-22,-0.01195478118378092,-0.01195478118378092,-0.011974622453622191,-0.002818608632939317,-0.002818608632939317,-0.002838449902780587
2024-08-23,0.0080055029877752,0.0080055029877752,0.007985661717933929,-0.00770168160738918,-0.00770168160738918,-0.0077215228772304495
2024-08-26,-0.00789180413821228,-0.00789180413821228,-0.007911645408053551,-0.011204960839308203,-0.011204960839308203,-0.011224802109149473
2024-08-27,0.003786755666531982,0.003786755666531982,0.003766914396690712,0.006847474113835925,0.006847474113835925,0.0068276328439946556
2024-08-28,-0.009422826242723455,-0.009422826242723455,-0.009442667512564725,-0.006837097263335272,-0.006837097263335272,-0.006856938533176542
2024-08-29,-0.012401435868240378,-0.012401435868240378,-0.012421277138081648,0.005303820413225263,0.005303820413225263,0.005283979143383993
2024-08-30,0.00736062244611564,0.00736062244611564,0.00734078117627437,0.010417266641741463,0.010417266641741463,0.010397425371900193
2024-09-03,0.009388019371126963,0.012388019371126964,0.01024533113837497,-0.02305425228575629,-0.021762585619089624,-0.022694632251965476
2024-09-04,-0.00459693022121754,-0.00459693022121754,-0.0046167714910588095,0.007377891514466012,0.007377891514466012,0.007358050244624742
2024-09-05,-0.0007607260164872716,-0.0007607260164872716,-0.0007805672863285414,-0.005290591244832545,-0.005290591244832545,-0.005310432514673814
2024-09-06,0.001533989164931311,0.001533989164931311,0.0015141478950900411,-0.010768558945546621,-0.010768558945546621,-0.010788400215387892
2024-09-09,0.007973739311551105,0.007973739311551105,0.007953898041709834,0.013796628770748814,0.013796628770748814,0.013776787500907543
2024-09-10,0.0016460966601668675,0.0016460966601668675,0.0016262553903255976,0.006657534662461922,0.006657534662461922,0.006637693392620652
2024-09-11,0.0037759308052330524,0.0037759308052330524,0.0037560895353917823,0.014624375174289057,0.014624375174289057,0.014604533904447787
2024-09-12,-0.0014899523722140232,-0.0014899523722140232,-0.001509793642055293,1.7266918393557757e-05,1.7266918393557757e-05,-2.574351447712081e-06
2024-09-13,-0.007593690584189407,-0.007593690584189407,-0.007613531854030677,0.0011110743644285926,0.0011110743644285926,0.0010912330945873228
2024-09-16,-0.00185983198240587,-0.00185983198240587,-0.0018796732522471397,-0.0006021089936639949,-0.0006021089936639949,-0.0006219502635052647
2024-09-17,-0.00895008754577619,-0.00895008754577619,-0.008969928815617461,-0.0007750641229397682,-0.0007750641229397682,-0.000794905392781038
2024-09-18,-4.792368233550977e-05,-4.792368233550977e-05,-6.776495217677961e-05,-0.0020402289556823664,-0.0020402289556823664,-0.0020600702255236364
2024-09-19,-0.006150979567749443,-0.006150979567749443,-0.0061708208375907125,0.014166483280030593,0.014166483280030593,0.014146642010189323
2024-09-20,-0.005952956319143588,-0.005952956319143588,-0.005972797588984858,0.021889982061324698,0.021889982061324698,0.021870140791483427
2024-09-23,0.0017132620830439952,0.0017132620830439952,0.0016934208132027254,0.0005915591052434652,0.0005915591052434652,0.0005717178354021954
2024-09-24,-0.0008400791400715751,-0.0008400791400715751,-0.0008599204099128449,-0.0030556376943880257,-0.0030556376943880257,-0.0030754789642292958
2024-09-25,0.002668017995532547,0.002668017995532547,0.002648176725691277,0.014447508023715243,0.014447508023715243,0.014427666753873972
2024-09-26,-0.004991094613468492,-0.004991094613468492,-0.0050109358833097615,-0.018467832285982293,-0.018467832285982293,-0.018487673555823564
2024-09-27,-0.0012729171746131036,-0.0012729171746131036,-0.0012927584444543734,-0.014546647934498967,-0.014546647934498967,-0.014566489204340238
2024-09-30,0.005781908458992654,0.005781908458992654,0.005762067189151385,0.010399153532129755,0.010399153532129755,0.010379312262288484
2024-10-01,-0.004837608179774118,-0.0020876081797741182,-0.004048104187836003,-0.0037960841839646065,-0.002671084183964607,-0.003483343824382108
2024-10-02,-0.000834569380447549,-0.000834569380447549,-0.0008544106502888188,0.011046214742684555,0.011046214742684555,0.011026373472843284
2024-10-03,0.0021622764223503937,0.0021622764223503937,0.0021424351525091236,0.005647135725181862,0.005647135725181862,0.005627294455340592
2024-10-04,0.002396983119251907,0.002396983119251907,0.002377141849410637,-0.0011699001179174874,-0.0011699001179174874,-0.0011897413877587572
2024-10-07,1.449865100498055e-05,1.449865100498055e-05,-5.342618836289291e-06,0.0016227668930479944,0.0016227668930479944,0.0016029256232067246
2024-10-08,0.007246937612490786,0.007246937612490786,0.007227096342649516,0.014331492007201147,0.014331492007201147,0.014311650737359877
2024-10-09,0.007964600671347122,0.007964600671347122,0.007944759401505852,0.0049490132195893705,0.0049490132195893705,0.004929171949748101
2024-10-10,0.003632415676079475,0.003632415676079475,0.003612574406238205,-0.005472837838694594,-0.005472837838694594,-0.005492679108535864
2024-10-11,0.0005030821203542797,0.0005030821203542797,0.00048324085051300986,0.007288998470289587,0.007288998470289587,0.007269157200448318
2024-10-14,-0.0013825044581399614,-0.0013825044581399614,-0.0014023457279812312,0.005986566985672525,0.005986566985672525,0.005966725715831255
2024-10-15,0.006070848530929258,0.006070848530929258,0.006051007261087989,0.002086412245312222,0.002086412245312222,0.002066570975470952
2024-10-16,0.003277892710864083,0.003277892710864083,0.003258051441022813,0.0030676511606863234,0.0030676511606863234,0.0030478098908450534
2024-10-17,0.003583749087525183,0.003583749087525183,0.003563907817683913,-0.0040203105922094196,-0.0040203105922094196,-0.004040151862050689
2024-10-18,-0.002303396231318315,-0.002303396231318315,-0.002323237501159585,0.0022810650319199663,0.0022810650319199663,0.0022612237620786963
2024-10-21,0.0035459457600062437,0.0035459457600062437,0.0035261044901649737,0.004338827709440796,0.004338827709440796,0.004318986439599526
2024-10-22,0.0003107039896416905,0.0003107039896416905,0.0002908627198004207,-0.010098821466933448,-0.010098821466933448,-0.010118662736774718
2024-10-23,0.003585404969432019,0.003585404969432019,0.003565563699590749,0.001419391058418413,0.001419391058418413,0.0013995497885771432
2024-10-24,-0.012661402934073755,-0.012661402934073755,-0.012681244203915025,-0.011465334618703,-0.011465334618703,-0.01148517588854427
2024-10-25,-0.0006574706602751283,-0.0006574706602751283,-0.0006773119301163981,-0.005940247178743996,-0.005940247178743996,-0.005960088448585266
2024-10-28,-0.0004165363083547975,-0.0004165363083547975,-0.00043637757819606736,0.0025991872132036607,0.0025991872132036607,0.0025793459433623906
2024-10-29,0.0069783024042218604,0.0069783024042218604,0.006958461134380591,0.0073142137166576126,0.0073142137166576126,0.007294372446816343
2024-10-30,0.0014389597756973732,0.0014389597756973732,0.0014191185058561033,-0.00013830461692301496,-0.00013830461692301496,-0.0001581458867642848
2024-10-31,0.004883220247927474,0.004883220247927474,0.004863378978086205,-0.007887574683648667,-0.007887574683648667,-0.007907415953489937
2024-11-01,-0.009555288476440467,-0.006888621809773801,-0.008794102468369251,-0.011477334932498522,-0.010394001599165188,-0.011177518964332434
2024-11-04,-0.008337735952083536,-0.008337735952083536,-0.008357577221924806,-0.00021681014685117923,-0.00021681014685117923,-0.00023665141669244907
2024-11-05,0.01009962468075306,0.01009962468075306,0.010079783410911789,0.020097187461935135,0.020097187461935135,0.020077346192093865
2024-11-06,0.00045970638389415674,0.00045970638389415674,0.00043986511405288693,0.0013959356432283396,0.0013959356432283396,0.0013760943733870698
2024-11-07,0.0033334194533184112,0.0033334194533184112,0.003313578183477141,0.007219750582363058,0.007219750582363058,0.007199909312521789
2024-11-08,-0.004268243668370208,-0.004268243668370208,-0.004288084938211477,0.02807251312947529,0.02807251312947529,0.028052671859634018
2024-11-11,-0.0175122749327335,-0.0175122749327335,-0.01753211620257477,-0.006208850906908769,-0.006208850906908769,-0.006228692176750038
2024-11-12,0.0007717751543933533,0.0007717751543933533,0.0007519338845520835,-0.004652980442858884,-0.004652980442858884,-0.004672821712700154
2024-11-13,-0.010543730326652838,-0.010543730326652838,-0.010563571596494108,-0.00950936168638362,-0.00950936168638362,-0.00952920295622489
2024-11-14,-0.0025467214196830817,-0.0025467214196830817,-0.0025665626895243518,-0.006706413035381941,-0.006706413035381941,-0.0067262543052232105
2024-11-15,-0.005132833462052202,-0.005132833462052202,-0.0051526747318934715,0.011610142134018075,0.011610142134018075,0.011590300864176804
2024-11-18,-0.002756931201914903,-0.002756931201914903,-0.002776772471756173,-0.0024735743206058553,-0.0024735743206058553,-0.0024934155904471253
2024-11-19,0.008381285051825373,0.008381285051825373,0.008361443781984102,0.012990281893282954,0.012990281893282954,0.012970440623441683
2024-11-20,-0.010089981001386321,-0.010089981001386321,-0.010109822271227592,-0.0066178477840660305,-0.0066178477840660305,-0.0066376890539073
2024-11-21,0.009663360846408682,0.009663360846408682,0.009643519576567412,-0.0004665119508720731,-0.0004665119508720731,-0.0004863532207133429
2024-11-22,0.004408316119533019,0.004408316119533019,0.004388474849691749,-0.00022837013945856154,-0.00022837013945856154,-0.00024821140929983136
2024-11-25,0.004479395219012502,0.004479395219012502,0.004459553949171233,-0.009842298349473384,-0.009842298349473384,-0.009862139619314654
2024-11-26,0.0020888931486804127,0.0020888931486804127,0.0020690518788391427,0.01976664609353635,0.01976664609353635,0.01974680482369508
2024-11-27,-0.0027863199850750534,-0.0027863199850750534,-0.0028061612549163235,-0.014690787882140746,-0.014690787882140746,-0.014710629151982017
2024-11-29,-0.0015879780027366391,-0.0015879780027366391,-0.001607819272577909,0.0031391578624262615,0.0031391578624262615,0.0031193165925849915
2024-12-02,0.003553306988432446,0.005961470253738568,0.004236728420385139,-0.007396602251146434,-0.006313268917813101,-0.0070986551968894385
2024-12-03,0.005289606186277378,0.005289606186277378,0.005269764916436108,0.00491372431160686,0.00491372431160686,0.00489388304176559
2024-12-04,0.008761809937993428,0.008761809937993428,0.008741968668152158,0.011358990340208881,0.011358990340208881,0.01133914907036761
2024-12-05,-0.002695565081631296,-0.002695565081631296,-0.002715406351472566,0.007848475933654184,0.007848475933654184,0.007828634663812914
2024-12-06,-0.0035367828454094118,-0.0035367828454094118,-0.003556624115250682,0.003071986859467037,0.003071986859467037,0.003052145589625767
2024-12-09,-0.009196697271131862,-0.009196697271131862,-0.009216538540973132,-0.03286599854247898,-0.03286599854247898,-0.032885839812320246
2024-12-10,-0.006992325763175153,-0.006992325763175153,-0.007012167033016423,-0.004340620441994149,-0.004340620441994149,-0.004360461711835418
2024-12-11,0.007411123116334603,0.007411123116334603,0.007391281846493333,0.006822729926475495,0.006822729926475495,0.006802888656634225
2024-12-12,0.0026539666228179337,0.0026539666228179337,0.0026341253529766637,-0.0014620579840232467,-0.0014620579840232467,-0.0014818992538645165
2024-12-13,0.007820014387208075,0.007820014387208075,0.007800173117366805,0.011008947818440487,0.011008947818440487,0.010989106548599217
2024-12-16,0.0033416310831673184,0.0033416310831673184,0.0033217898133260483,0.015237698768497746,0.015237698768497746,0.015217857498656475
2024-12-17,-0.0071889294866667305,-0.0071889294866667305,-0.007208770756508,-0.002867712557283957,-0.002867712557283957,-0.002887553827125227
2024-12-18,-0.004649757284928056,-0.004649757284928056,-0.004669598554769326,-0.01766726240496818,-0.01766726240496818,-0.01768710367480945
2024-12-19,-0.004275620234814352,-0.004275620234814352,-0.0042954615046556215,0.012240930262234884,0.012240930262234884,0.012221088992393613
2024-12-20,0.0060592554014934265,0.0060592554014934265,0.006039414131652157,0.005161335606647793,0.005161335606647793,0.005141494336806524
2024-12-23,0.00673296739194099,0.00673296739194099,0.006713126122099721,0.002570213123337013,0.002570213123337013,0.002550371853495743
2024-12-24,-0.0020265021221837994,-0.0020265021221837994,-0.0020463433920250695,0.007426612244060503,0.007426612244060503,0.007406770974219233
2024-12-26,-0.0033980126307327687,-0.0033980126307327687,-0.0034178539005740387,-0.003007806558749449,-0.003007806558749449,-0.003027647828590719
2024-12-27,-0.0040542781449015445,-0.0040542781449015445,-0.004074119414742814,-0.0103765708890054,-0.0103765708890054,-0.010396412158846671
2024-12-30,0.0012753465417753881,0.0012753465417753881,0.0012555052719341183,-6.331994431001413e-05,-6.331994431001413e-05,-8.316121415128397e-05
2024-12-31,-0.0053434246278771455,-0.0053434246278771455,-0.005363265897718415,-0.013402941738451286,-0.013402941738451286,-0.013422783008292557
2025-01-02,0.0008370791720469224,0.0034085077434754937,0.0015720909808321739,0.014476628002016361,0.015893294668683028,0.014875148063473492
2025-01-03,-0.0020049221969175132,-0.0020049221969175132,-0.0020247634667587833,0.010922600582589967,0.010922600582589967,0.010902759312748696
2025-01-06,-0.005243441806787556,-0.005243441806787556,-0.005263283076628825,-0.003663541299143619,-0.003663541299143619,-0.003683382568984889
2025-01-07,-0.00273665801594054,-0.00273665801594054,-0.00275649928578181,-0.011853868318408777,-0.011853868318408777,-0.011873709588250047
2025-01-08,-0.0012750587197406533,-0.0012750587197406533,-0.001294899989581923,0.018437571999875627,0.018437571999875627,0.018417730730034356
2025-01-10,-0.004453073145947079,-0.004453073145947079,-0.004472914415788349,0.006057600685013017,0.006057600685013017,0.006037759415171747
2025-01-13,-0.013665552130853709,-0.013665552130853709,-0.01368539340069498,-0.016688678216725192,-0.016688678216725192,-0.016708519486566462
2025-01-14,0.004167216536514402,0.004167216536514402,0.004147375266673132,0.016446055097074017,0.016446055097074017,0.016426213827232746
2025-01-15,0.00795023225434888,0.00795023225434888,0.00793039098450761,0.01749106394703278,0.01749106394703278,0.01747122267719151
2025-01-16,-0.005888473048715003,-0.005888473048715003,-0.005908314318556273,0.00887284435763478,0.00887284435763478,0.00885300308779351
2025-01-17,0.005727639592829888,0.005727639592829888,0.0057077983229886185,0.0008563878075076048,0.0008563878075076048,0.000836546537666335
2025-01-21,0.0024153097176817795,0.0024153097176817795,0.0023954684478405095,0.006021423971597578,0.006021423971597578,0.0060015827017563085
2025-01-22,-0.000839385835034769,-0.000839385835034769,-0.0008592271048760388,0.009664770457914926,0.009664770457914926,0.009644929188073656
2025-01-23,-0.005457052678955444,-0.005457052678955444,-0.005476893948796714,-0.006573687108076615,-0.006573687108076615,-0.006593528377917885
2025-01-24,-0.0013339262857663512,-0.0013339262857663512,-0.001353767555607621,0.001534545823870065,0.001534545823870065,0.0015147045540287952
2025-01-27,-0.009785161202057314,-0.009785161202057314,-0.009805002471898585,-0.05101885734478099,-0.05101885734478099,-0.051038698614622256
2025-01-28,0.009107084168519242,0.009107084168519242,0.009087242898677971,0.021573371321913618,0.021573371321913618,0.021553530052072348
2025-01-29,-0.00021415466915425006,-0.00021415466915425006,-0.0002339959389955199,0.009029054656464858,0.009029054656464858,0.009009213386623588
2025-01-30,-0.0018799687364338387,-0.0018799687364338387,-0.0018998100062751085,0.011409639020831124,0.011409639020831124,0.011389797750989854
2025-01-31,0.0026071733052373544,0.0026071733052373544,0.0025873320353960844,-0.0010268314347903953,-0.0010268314347903953,-0.001046672704631665
2025-02-03,0.00020200713808023185,0.002855068362570028,0.0009616090285402162,0.006740941685066906,0.00757427501840024,0.006967406330679563
2025-02-04,0.007237373339891778,0.007237373339891778,0.007217532070050508,0.0014185389192715153,0.0014185389192715153,0.0013986976494302454
2025-02-05,0.009307836983959223,0.009307836983959223,0.009287995714117953,0.012232479159871301,0.012232479159871301,0.01221263789003003
2025-02-06,0.015497571890010681,0.015497571890010681,0.015477730620169411,0.01713246852732212,0.01713246852732212,0.01711262725748085
2025-02-07,0.00029488190582740504,0.00029488190582740504,0.0002750406359861352,0.0024657767208640835,0.0024657767208640835,0.0024459354510228135
2025-02-10,0.0015005950780768995,0.0015005950780768995,0.0014807538082356297,-0.011386713283197031,-0.011386713283197031,-0.011406554553038302
2025-02-11,-0.00532990665463703,-0.00532990665463703,-0.0053497479244783,-0.007351817598257882,-0.007351817598257882,-0.007371658868099151
2025-02-12,0.005539544533549108,0.005539544533549108,0.0055197032637078385,0.0020207187422496115,0.0020207187422496115,0.0020008774724083415
2025-02-13,-0.00608937372827549,-0.00608937372827549,-0.006109214998116759,-0.011719479290674926,-0.011719479290674926,-0.011739320560516197
2025-02-14,0.0021560218940050264,0.0021560218940050264,0.0021361806241637564,-0.0033222010087641755,-0.0033222010087641755,-0.0033420422786054455
2025-02-18,-0.0048349296431627236,-0.0048349296431627236,-0.004854770913003993,-0.010107895008174397,-0.010107895008174397,-0.010127736278015668
2025-02-19,-0.011279687685044254,-0.011279687685044254,-0.011299528954885524,-0.004392824631268653,-0.004392824631268653,-0.0044126659011099224
2025-02-20,-0.012180686382751837,-0.012180686382751837,-0.012200527652593107,-0.021096901439023916,-0.021096901439023916,-0.021116742708865186
2025-02-21,-0.007503510640961648,-0.007503510640961648,-0.007523351910802918,-0.00988951230627902,-0.00988951230627902,-0.009909353576120291
2025-02-24,-0.008047952283344158,-0.008047952283344158,-0.008067793553185428,-0.014221276427101893,-0.014221276427101893,-0.014241117696943164
2025-02-25,-0.005491554870407112,-0.005491554870407112,-0.0055113961402483815,-0.003669727766329913,-0.003669727766329913,-0.003689569036171183
2025-02-26,0.007298790741709993,0.007298790741709993,0.007278949471868724,0.026705110204155797,0.026705110204155797,0.026685268934314527
2025-02-27,-0.0023788079278184195,-0.0023788079278184195,-0.0023986491976596895,-0.006995453529259843,-0.006995453529259843,-0.007015294799101113
2025-02-28,0.00673482878306117,0.00673482878306117,0.0067149875132199,0.016371163127977637,0.016371163127977637,0.016351321858136366
2025-03-03,-0.012645349759225655,-0.01035963547351137,-0.011995389504459757,0.0005007771606543982,0.0014591104939877314,0.000763075185297337
2025-03-04,-0.0066506857977866,-0.0066506857977866,-0.006670527067627869,-0.02106762714289879,-0.02106762714289879,-0.02108746841274006
2025-03-05,-0.01036613411116609,-0.01036613411116609,-0.01038597538100736,-0.01599960980461254,-0.01599960980461254,-0.01601945107445381
2025-03-06,-0.031832553521866855,-0.031832553521866855,-0.03185239479170812,-0.03846113970986732,-0.03846113970986732,-0.03848098097970859
2025-03-07,-0.013148840521391689,-0.013148840521391689,-0.01316868179123296,-0.01682495171733803,-0.01682495171733803,-0.0168447929871793
2025-03-10,-0.027265775393230846,-0.027265775393230846,-0.027285616663072117,-0.030197044923635646,-0.030197044923635646,-0.030216886193476917
2025-03-11,0.024636593359837394,0.024636593359837394,0.024616752089996124,0.02008057479336675,0.02008057479336675,0.02006073352352548
2025-03-12,0.0251272885349639,0.0251272885349639,0.02510744726512263,0.026892984149877175,0.026892984149877175,0.026873142880035904
2025-03-13,-0.005382309990737335,-0.005382309990737335,-0.005402151260578605,-0.013667262062064048,-0.013667262062064048,-0.013687103331905318
2025-03-14,0.01361814773465187,0.01361814773465187,0.013598306464810599,0.012803977493715724,0.012803977493715724,0.012784136223874453
2025-03-17,-0.00642289302926493,-0.00642289302926493,-0.006442734299106199,-0.00750486204330796,-0.00750486204330796,-0.007524703313149229
2025-03-18,-0.01122542869619176,-0.01122542869619176,-0.01124526996603303,-0.006893620776365874,-0.006893620776365874,-0.006913462046207144
2025-03-19,0.018698780213699168,0.018698780213699168,0.018678938943857897,0.02315769746174267,0.02315769746174267,0.0231378561919014
2025-03-20,0.002476103120952285,0.002476103120952285,0.002456261851111015,0.0075653922669623045,0.0075653922669623045,0.007545550997121035
2025-03-21,0.007716593186051494,0.007716593186051494,0.007696751916210225,0.004254551770558173,0.004254551770558173,0.004234710500716904
2025-03-24,0.010298202630463202,0.010298202630463202,0.010278361360621931,0.014325753649521674,0.014325753649521674,0.014305912379680404
2025-03-25,0.007811447630056953,0.007811447630056953,0.007791606360215683,0.012834685158478888,0.012834685158478888,0.012814843888637618
2025-03-26,-0.023688432718486543,-0.023688432718486543,-0.023708273988327814,-0.015734111639802314,-0.015734111639802314,-0.015753952909643584
2025-03-27,-0.01103424976693015,-0.01103424976693015,-0.011054091036771421,-0.01115297095794223,-0.01115297095794223,-0.011172812227783501
2025-03-28,-0.007920971516735698,-0.007920971516735698,-0.007940812786576969,-0.0016624369202433917,-0.0016624369202433917,-0.0016822781900846615
2025-03-31,-0.0017513955531373935,-0.0017513955531373935,-0.0017712368229786633,0.004958727681655381,0.004958727681655381,0.004938886411814111
2025-04-01,-0.0007149045832124843,0.0017748913351548622,-4.977448803297911e-06,0.01000496454136297,0.011270270663811949,0.010358064529129978
2025-04-02,0.00942528704551996,0.00942528704551996,0.00940544577567869,0.003883997131919887,0.003883997131919887,0.003864155862078617
2025-04-03,-0.03083370027899545,-0.03083370027899545,-0.03085354154883672,-0.006848173242936562,-0.006848173242936562,-0.006868014512777832
2025-04-04,-0.0032846701513336908,-0.0032846701513336908,-0.003304511421174961,-0.01305672186615782,-0.01305672186615782,-0.01307656313599909
2025-04-07,0.014511368374722862,0.014511368374722862,0.014491527104881592,0.01169740415679621,0.01169740415679621,0.011677562886954939
2025-04-08,0.0012138530724987232,0.0012138530724987232,0.0011940118026574533,0.023284572088980295,0.023284572088980295,0.023264730819139025
2025-04-09,0.047229223288981936,0.047229223288981936,0.04720938201914067,-0.009984646537826082,-0.009984646537826082,-0.010004487807667353
2025-04-10,-0.016635760865234807,-0.016635760865234807,-0.016655602135076077,0.01965005361305016,0.01965005361305016,0.01963021234320889
2025-04-11,-0.00019262933251850333,-0.00019262933251850333,-0.00021247060235977318,-0.007645769667497026,-0.007645769667497026,-0.007665610937338295
2025-04-14,-0.007641617025449853,-0.007641617025449853,-0.007661458295291123,-0.0007712904559402474,-0.0007712904559402474,-0.0007911317257815172
2025-04-15,0.0012640821511390506,0.0012640821511390506,0.0012442408812977808,0.02015044236958482,0.02015044236958482,0.020130601099743548
2025-04-16,-0.008203118026928548,-0.008203118026928548,-0.008222959296769819,0.0006165417478832744,0.0006165417478832744,0.0005967004780420046
2025-04-17,-0.005839650532076064,-0.005839650532076064,-0.005859491801917333,-0.002967579268775263,-0.002967579268775263,-0.002987420538616533
2025-04-21,-0.004729910796318541,-0.004729910796318541,-0.004749752066159811,-0.011530761256215123,-0.011530761256215123,-0.011550602526056393
2025-04-22,0.004156677051446211,0.004156677051446211,0.0041368357816049415,0.006293270625726108,0.006293270625726108,0.006273429355884839
2025-04-23,0.016934142106772968,0.016934142106772968,0.016914300836931698,0.009850809385942669,0.009850809385942669,0.009830968116101398
2025-04-24,0.010532306725046719,0.010532306725046719,0.010512465455205448,-0.008796391683219473,-0.008796391683219473,-0.008816232953060743
2025-04-25,-0.0006661934383969019,-0.0006661934383969019,-0.0006860347082381717,0.002768980156425182,0.002768980156425182,0.002749138886583912
2025-04-28,-0.0011914519584035558,-0.0011914519584035558,-0.0012112932282448256,0.0024532236198052306,0.0024532236198052306,0.0024333823499639606
2025-04-29,-0.002155398163044884,-0.002155398163044884,-0.002175239432886154,0.004101877308998405,0.004101877308998405,0.004082036039157136
2025-04-30,-0.007996162779111578,-0.007996162779111578,-0.008016004048952849,0.00012117615454986441,0.00012117615454986441,0.00010133488470859457
2025-05-01,-0.005627394343899923,-0.0027294351602264533,-0.004813438881020079,0.0004091279873660093,0.0013070871710394785,0.0006504842604744284
2025-05-02,0.003197616219699091,0.003197616219699091,0.003177774949857821,-0.006026057957253255,-0.006026057957253255,-0.006045899227094525
2025-05-05,-0.002368226331793056,-0.002368226331793056,-0.002388067601634326,0.013633890406352944,0.013633890406352944,0.013614049136511673
2025-05-06,-3.174072620297009e-05,-3.174072620297009e-05,-5.158199604423993e-05,0.0065909490856463976,0.0065909490856463976,0.006571107815805128
2025-05-07,0.008511110627366278,0.008511110627366278,0.008491269357525007,-0.004819953180375755,-0.004819953180375755,-0.004839794450217025
2025-05-08,-0.007815496004297703,-0.007815496004297703,-0.007835337274138973,-0.022260534450948985,-0.022260534450948985,-0.022280375720790255
2025-05-09,-0.00015777805147158732,-0.00015777805147158732,-0.00017761932131285716,-0.002037301521526453,-0.002037301521526453,-0.002057142791367723
2025-05-12,0.01097366631115881,0.01097366631115881,0.01095382504131754,-0.029730767305039797,-0.029730767305039797,-0.029750608574881068
2025-05-13,0.0035240878355521517,0.0035240878355521517,0.0035042465657108817,-0.0015515525785940174,-0.0015515525785940174,-0.0015713938484352872
2025-05-14,-0.0009000450028615831,-0.0009000450028615831,-0.0009198862727028529,0.004742787352601009,0.004742787352601009,0.00472294608275974
2025-05-15,0.0006768893209524889,0.0006768893209524889,0.0006570480511112191,0.00693285158453934,0.00693285158453934,0.00691301031469807
2025-05-16,-0.0004297775323692881,-0.0004297775323692881,-0.0004496188022105579,0.0029520330095105327,0.0029520330095105327,0.0029321917396692627
2025-05-19,0.001110257912490656,0.001110257912490656,0.0010904166426493863,0.010600081439008285,0.010600081439008285,0.010580240169167015
2025-05-20,-0.0017074397963264092,-0.0017074397963264092,-0.001727281066167679,-0.002153722954575576,-0.002153722954575576,-0.002173564224416846
2025-05-21,0.005520691472723091,0.005520691472723091,0.005500850202881821,0.012205574799211987,0.012205574799211987,0.012185733529370716
2025-05-22,0.004906009771303898,0.004906009771303898,0.004886168501462628,0.0012271141124220362,0.0012271141124220362,0.0012072728425807663
2025-05-23,-0.006075944144222679,-0.006075944144222679,-0.006095785414063948,0.009375529685072524,0.009375529685072524,0.009355688415231253
2025-05-27,0.005899821032654555,0.005899821032654555,0.005879979762813285,-0.01093469228089788,-0.01093469228089788,-0.010954533550739151
2025-05-28,0.0035018560771606765,0.0035018560771606765,0.0034820148073194065,0.008560527572647601,0.008560527572647601,0.00854068630280633
2025-05-29,0.0020746159422178646,0.0020746159422178646,0.0020547746723765946,-0.008470967196247214,-0.008470967196247214,-0.008490808466088485
2025-05-30,-0.007480730141168761,-0.007480730141168761,-0.007500571411010031,0.018289921612824157,0.018289921612824157,0.018270080342982886
2025-06-02,-0.0032612122106580716,-0.00024080404739276577,-0.0023953774232209893,0.0022129667737016173,0.003029293304313862,0.002433227588515135
2025-06-03,-0.01807267048080649,-0.01807267048080649,-0.01809251175064776,-0.02793348429003329,-0.02793348429003329,-0.02795332555987456
2025-06-04,-0.008315742460031484,-0.008315742460031484,-0.008335583729872755,-0.009066236494254937,-0.009066236494254937,-0.009086077764096208
2025-06-05,0.00492597465151564,0.00492597465151564,0.00490613338167437,0.0029464816581110083,0.0029464816581110083,0.0029266403882697383
2025-06-06,-0.010371245973981754,-0.010371245973981754,-0.010391087243823025,-0.009030093358222,-0.009030093358222,-0.00904993462806327
2025-06-09,-0.017851933168731342,-0.017851933168731342,-0.017871774438572612,-0.022363473737392937,-0.022363473737392937,-0.022383315007234207
2025-06-10,-0.018039380401902425,-0.018039380401902425,-0.018059221671743696,-0.021430611926479156,-0.021430611926479156,-0.021450453196320426
2025-06-11,0.009780075716857836,0.009780075716857836,0.009760234447016566,0.010740310526009305,0.010740310526009305,0.010720469256168035
2025-06-12,0.005538346770420428,0.005538346770420428,0.005518505500579159,0.0030464964629776346,0.0030464964629776346,0.0030266551931363646
2025-06-13,0.005816324445005858,0.005816324445005858,0.005796483175164588,0.005201592896242231,0.005201592896242231,0.0051817516264009615
2025-06-16,-0.01397916566466698,-0.01397916566466698,-0.01399900693450825,-0.010772505278518009,-0.010772505278518009,-0.01079234654835928
2025-06-17,0.0030151140657906014,0.0030151140657906014,0.0029952727959493314,0.0173770655018028,0.0173770655018028,0.01735722423196153
2025-06-18,-0.00030284038124571834,-0.00030284038124571834,-0.00032268165108698815,0.0044733721726334715,0.0044733721726334715,0.004453530902792202
2025-06-20,0.001789154145443996,0.001789154145443996,0.0017693128756027263,0.003065507769555345,0.003065507769555345,0.003045666499714075
2025-06-23,0.005925539735190896,0.005925539735190896,0.005905698465349626,0.017062511668065793,0.017062511668065793,0.017042670398224522
2025-06-24,-0.007515625146170507,-0.007515625146170507,-0.0075354664160117765,-0.014379480406728772,-0.014379480406728772,-0.014399321676570043
2025-06-25,-0.0019201545443362092,-0.0019201545443362092,-0.001939995814177479,-0.01012472348160927,-0.01012472348160927,-0.01014456475145054
2025-06-26,-0.002448711207279879,-0.002448711207279879,-0.002468552477121149,-0.0056659868996685745,-0.0056659868996685745,-0.005685828169509844
2025-06-27,0.0009292371762929645,0.0009292371762929645,0.0009093959064516946,0.00551096503068896,0.00551096503068896,0.00549112376084769
2025-06-30,0.014362035210206858,0.014362035210206858,0.014342193940365587,0.01096111321495968,0.01096111321495968,0.01094127194511841
2025-07-01,-0.012623455134584204,-0.009847944930502572,-0.011824799192074749,-0.04138442019232186,-0.04040482835558716,-0.041114390609269635
2025-07-02,0.0024169229728954154,0.0024169229728954154,0.0023970817030541454,-0.016410317253238473,-0.016410317253238473,-0.016430158523079743
2025-07-03,-0.0024864520603106103,-0.0024864520603106103,-0.0025062933301518804,0.010223522945052518,0.010223522945052518,0.010203681675211247
2025-07-07,0.004204265721292906,0.004204265721292906,0.0041844244514516364,0.016930702060511567,0.016930702060511567,0.016910860790670296
2025-07-08,-0.0028196811376222384,-0.0028196811376222384,-0.0028395224074635084,-0.030199486274452007,-0.030199486274452007,-0.030219327544293278
2025-07-09,0.0003983058312941111,0.0003983058312941111,0.00037846456145284126,-0.0019633670162257045,-0.0019633670162257045,-0.0019832082860669746
2025-07-10,-0.008196421233895657,-0.008196421233895657,-0.008216262503736927,-0.013541358215707618,-0.013541358215707618,-0.013561199485548889
2025-07-11,0.00913606425052684,0.00913606425052684,0.00911622298068557,0.00013174902890337385,0.00013174902890337385,0.00011190775906210401
2025-07-14,-0.0016091835907900834,-0.0016091835907900834,-0.0016290248606313533,0.027605395984483326,0.027605395984483326,0.027585554714642056
2025-07-15,0.0019184878640513005,0.0019184878640513005,0.0018986465942100307,0.004491267452074106,0.004491267452074106,0.004471426182232836
2025-07-16,-0.0016002228918275778,-0.0016002228918275778,-0.0016200641616688476,0.002380155232339884,0.002380155232339884,0.002360313962498614
2025-07-17,-0.004577369451980382,-0.004577369451980382,-0.004597210721821652,-0.002234512924067355,-0.002234512924067355,-0.002254354193908625
2025-07-18,-0.0014941639109019417,-0.0014941639109019417,-0.0015140051807432115,0.013328683879223688,0.013328683879223688,0.013308842609382417
2025-07-21,-0.0017701590942149894,-0.0017701590942149894,-0.0017900003640562592,-0.003623727340730721,-0.003623727340730721,-0.003643568610571991
2025-07-22,-0.004681236181015317,-0.004681236181015317,-0.004701077450856587,-0.030718638463848813,-0.030718638463848813,-0.030738479733690083
2025-07-23,0.001178949061728951,0.001178949061728951,0.0011591077918876812,-0.003983725427142722,-0.003983725427142722,-0.004003566696983991
2025-07-24,0.0007978945567668613,0.0007978945567668613,0.0007780532869255915,0.0011927724818280583,0.0011927724818280583,0.0011729312119867885
2025-07-25,-0.005833311554674832,-0.005833311554674832,-0.005853152824516102,-0.0036765612204198396,-0.0036765612204198396,-0.0036964024902611096
2025-07-28,-0.00047548763635151437,-0.00047548763635151437,-0.0004953289061927842,-0.004117614493500993,-0.004117614493500993,-0.004137455763342263
2025-07-29,0.010904876203822963,0.010904876203822963,0.010885034933981692,0.007083759353215035,0.007083759353215035,0.007063918083373765
2025-07-30,0.00657088428951782,0.00657088428951782,0.006551043019676551,0.007578255412072349,0.007578255412072349,0.00755841414223108
2025-07-31,0.0010440747127852933,0.0010440747127852933,0.0010242334429440235,0.020086899882365672,0.020086899882365672,0.0200670586125244
2025-08-01,-0.0006407852124859005,0.0020530923385345076,0.00013203407830422858,-0.004167539992798362,-0.003106315503002444,-0.003874808194508628
2025-08-04,0.01067775520674413,0.01067775520674413,0.010657913936902859,0.01428739792822842,0.01428739792822842,0.01426755665838715
2025-08-05,-0.011445158365608932,-0.011445158365608932,-0.011464999635450203,-0.012069127366461683,-0.012069127366461683,-0.012088968636302953
2025-08-06,0.014766042642486236,0.014766042642486236,0.014746201372644966,0.02222182758423342,0.02222182758423342,0.02220198631439215
2025-08-07,-0.010999293796216374,-0.010999293796216374,-0.011019135066057645,-0.01423776878063395,-0.01423776878063395,-0.01425761005047522
2025-08-08,0.010823517159025678,0.010823517159025678,0.010803675889184407,-0.0053438120155788315,-0.0053438120155788315,-0.005363653285420101
2025-08-11,0.012553219634651381,0.012553219634651381,0.01253337836481011,0.0077644994837791454,0.0077644994837791454,0.007744658213937876
2025-08-12,-0.012179609101663555,-0.012179609101663555,-0.012199450371504826,-0.007185700669694699,-0.007185700669694699,-0.007205541939535968
2025-08-13,-0.021890108293313244,-0.021890108293313244,-0.021909949563154514,-0.026881371116359527,-0.026881371116359527,-0.026901212386200798
2025-08-14,0.005557632247711878,0.005557632247711878,0.005537790977870608,-0.0008980529911208079,-0.0008980529911208079,-0.0009178942609620777
2025-08-15,-0.0017266731316956606,-0.0017266731316956606,-0.0017465144015369305,-0.015442037559072093,-0.015442037559072093,-0.015461878828913363
2025-08-18,-0.0013010123790614257,-0.0013010123790614257,-0.0013208536489026956,0.0002862457209830409,0.0002862457209830409,0.0002664044511417711
2025-08-19,-0.007526328863670897,-0.007526328863670897,-0.007546170133512166,-0.015509281681409998,-0.015509281681409998,-0.015529122951251268
2025-08-20,0.008967247597463758,0.008967247597463758,0.008947406327622488,0.009897787250629696,0.009897787250629696,0.009877945980788425
2025-08-21,0.0008613737434183594,0.0008613737434183594,0.0008415324735770896,0.0031707430409985728,0.0031707430409985728,0.0031509017711573027
2025-08-22,-0.02720722914361877,-0.02720722914361877,-0.02722707041346004,-0.027797263834951864,-0.027797263834951864,-0.027817105104793134
2025-08-25,0.003964491673548962,0.003964491673548962,0.003944650403707692,0.003984273529641308,0.003984273529641308,0.003964432259800039
2025-08-26,0.00982616258762159,0.00982616258762159,0.00980632131778032,0.017986037986486524,0.017986037986486524,0.017966196716645254
2025-08-27,-0.003434354990810685,-0.003434354990810685,-0.003454196260651955,-0.006019990512765791,-0.006019990512765791,-0.006039831782607061
2025-08-28,0.006480481556176384,0.006480481556176384,0.006460640286335115,0.014217525712981368,0.014217525712981368,0.014197684443140098
2025-08-29,-0.008152425035318604,-0.008152425035318604,-0.008172266305159874,-0.016865513304600913,-0.016865513304600913,-0.016885354574442183
2025-09-02,-0.006836825284557418,-0.0041021314070063975,-0.00605259743623129,0.002325795184867848,0.003550284980786215,0.00266602735582309
2025-09-03,0.004450283588203461,0.004450283588203461,0.004430442318362191,0.009580481356716778,0.009580481356716778,0.009560640086875507
2025-09-04,-0.002220241339678108,-0.002220241339678108,-0.002240082609519378,0.008405975027360254,0.008405975027360254,0.008386133757518984
2025-09-05,-0.00481010102742465,-0.00481010102742465,-0.00482994229726592,-0.015639631947320456,-0.015639631947320456,-0.015659473217161726
2025-09-08,0.002920888023797086,0.002920888023797086,0.0029010467539558158,0.012041616248000453,0.012041616248000453,0.012021774978159183
2025-09-09,0.004012854924960524,0.004012854924960524,0.003993013655119254,0.01410751406623574,0.01410751406623574,0.01408767279639447
2025-09-10,0.00492985718591109,0.00492985718591109,0.00491001591606982,0.02532243644937816,0.02532243644937816,0.02530259517953689
2025-09-11,-0.007591899174286721,-0.007591899174286721,-0.007611740444127991,-0.008389029371180398,-0.008389029371180398,-0.008408870641021669
2025-09-12,0.01056733514422658,0.01056733514422658,0.010547493874385309,0.016393415089619803,0.016393415089619803,0.016373573819778532
2025-09-15,0.0010659904329501898,0.0010659904329501898,0.00104614916310892,0.015046682403026358,0.015046682403026358,0.015026841133185087
2025-09-16,-0.0016889426718029801,-0.0016889426718029801,-0.00170878394164425,-0.010418302689011578,-0.010418302689011578,-0.010438143958852848
2025-09-17,-0.0012603067812549287,-0.0012603067812549287,-0.0012801480510961985,0.0017793220762684235,0.0017793220762684235,0.0017594808064271537
2025-09-18,-0.011286454206049358,-0.011286454206049358,-0.011306295475890628,0.0107750640979507,0.0107750640979507,0.01075522282810943
2025-09-19,0.004125819271695193,0.004125819271695193,0.004105978001853923,0.014556871418381696,0.014556871418381696,0.014537030148540426
2025-09-22,-0.0032881614124192797,-0.0032881614124192797,-0.0033080026822605497,0.005449914293446578,0.005449914293446578,0.005430073023605308
2025-09-23,0.0016298212684420451,0.0016298212684420451,0.0016099799986007753,-0.0025372416418338586,-0.0025372416418338586,-0.0025570829116751286
2025-09-24,-0.003167424381748012,-0.003167424381748012,-0.003187265651589282,-0.014061299282611647,-0.014061299282611647,-0.014081140552452917
2025-09-25,0.004284747618233201,0.004284747618233201,0.004264906348391931,0.015579655118752265,0.015579655118752265,0.015559813848910994
2025-09-26,0.0025892606333071154,0.0025892606333071154,0.0025694193634658454,-0.0023795560218002614,-0.0023795560218002614,-0.0023993972916415314
2025-09-29,-0.0027272685793875385,-0.0027272685793875385,-0.0027471098492288086,-0.00014336458480072086,-0.00014336458480072086,-0.0001632058546419907
2025-09-30,0.006676193934831454,0.006676193934831454,0.006656352664990184,-0.005685551700012465,-0.005685551700012465,-0.005705392969853735
2025-10-01,-0.012619020091893616,-0.010170040500056881,-0.011916732648086698,-0.020838835070766577,-0.019736794254440047,-0.020533266094270752
2025-10-02,-0.008060181356280106,-0.008060181356280106,-0.008080022626121376,-0.006498968602909843,-0.006498968602909843,-0.006518809872751112
2025-10-03,-0.0073343201827046605,-0.0073343201827046605,-0.00735416145254593,-0.016585356532505018,-0.016585356532505018,-0.01660519780234629
2025-10-06,0.012865725461823636,0.012865725461823636,0.012845884191982366,0.009720171025657162,0.009720171025657162,0.009700329755815891
2025-10-07,0.0031356187489697362,0.0031356187489697362,0.003115777479128466,0.0018298338109903872,0.0018298338109903872,0.0018099925411491173
2025-10-08,0.007292702990589098,0.007292702990589098,0.007272861720747828,0.0043295067614891325,0.0043295067614891325,0.004309665491647863
2025-10-09,0.008440703778687797,0.008440703778687797,0.008420862508846527,0.008812503022619145,0.008812503022619145,0.008792661752777875
2025-10-10,-0.011621539527578103,-0.011621539527578103,-0.011641380797419373,-0.005776096903406034,-0.005776096903406034,-0.005795938173247303
2025-10-13,0.01633963058162311,0.01633963058162311,0.01631978931178184,0.014030992240180683,0.014030992240180683,0.014011150970339413
2025-10-14,-0.005874667757588673,-0.005874667757588673,-0.005894509027429943,-0.010303630315470883,-0.010303630315470883,-0.010323471585312154
2025-10-15,0.0032238854451027807,0.0032238854451027807,0.0032040441752615107,0.009427265023980717,0.009427265023980717,0.009407423754139447
2025-10-16,-0.005506155743012488,-0.005506155743012488,-0.0055259970128537575,-0.012051699561416902,-0.012051699561416902,-0.012071540831258172
2025-10-17,-0.0068534766118533074,-0.0068534766118533074,-0.006873317881694577,-0.004163241951119761,-0.004163241951119761,-0.0041830832209610305
2025-10-20,-0.0025124219737186213,-0.0025124219737186213,-0.0025322632435598913,-0.003852360664320916,-0.003852360664320916,-0.003872201934162186
2025-10-21,-0.009864052292316006,-0.009864052292316006,-0.009883893562157277,-0.011728017151884405,-0.011728017151884405,-0.011747858421725675
2025-10-22,0.0004004583138796586,0.0004004583138796586,0.0003806170440383888,-0.006861369705287775,-0.006861369705287775,-0.006881210975129045
2025-10-23,0.005840190230482976,0.005840190230482976,0.005820348960641706,0.015151792353530185,0.015151792353530185,0.015131951083688915
2025-10-24,0.015407170866412951,0.015407170866412951,0.015387329596571681,0.018877049640075833,0.018877049640075833,0.018857208370234562
2025-10-27,-0.0050163052531643874,-0.0050163052531643874,-0.005036146523005657,0.0008251239808639175,0.0008251239808639175,0.0008052827110226477
2025-10-28,0.0007664562675311053,0.0007664562675311053,0.0007466149976898355,0.0027220159435824088,0.0027220159435824088,0.0027021746737411387
2025-10-29,0.03104690175021306,0.03104690175021306,0.03102706048037179,0.03709836238779298,0.03709836238779298,0.037078521117951714
2025-10-30,-0.004202272467801596,-0.004202272467801596,-0.004222113737642866,-0.003133965280565691,-0.003133965280565691,-0.003153806550406961
2025-10-31,-0.003371653323757253,-0.003371653323757253,-0.003391494593598523,0.00573543139934983,0.00573543139934983,0.0057155901295085606
2025-11-03,0.005414986467553438,0.007578251773675887,0.00602914986603421,0.01369866766770367,0.0148007084840302,0.014004088137546554
2025-11-04,-0.020838553776103018,-0.020838553776103018,-0.02085839504594429,-0.017022237310021643,-0.017022237310021643,-0.017042078579862913
2025-11-05,-0.0011973722510910225,-0.0011973722510910225,-0.0012172135209322923,0.005985279740386528,0.005985279740386528,0.005965438470545258
2025-11-06,-0.017403185244223872,-0.017403185244223872,-0.017423026514065142,-0.006270973205012911,-0.006270973205012911,-0.006290814474854181
2025-11-07,-0.0032817025661322718,-0.0032817025661322718,-0.003301543835973542,-0.009331906355903074,-0.009331906355903074,-0.009351747625744344
2025-11-10,0.010992004728194263,0.010992004728194263,0.010972163458352993,0.02456509095161256,0.02456509095161256,0.02454524968177129
2025-11-11,-0.02416623945484914,-0.02416623945484914,-0.02418608072469041,-0.024426752152323462,-0.024426752152323462,-0.024446593422164733
2025-11-12,0.006320232389891015,0.006320232389891015,0.006300391120049745,-0.005657064130893872,-0.005657064130893872,-0.005676905400735142
2025-11-13,-0.0265188503923775,-0.0265188503923775,-0.02653869166221877,-0.029647277374155998,-0.029647277374155998,-0.029667118643997268
2025-11-14,0.0023970614812720494,0.0023970614812720494,0.0023772202114307793,0.009729586481050876,0.009729586481050876,0.009709745211209606
2025-11-17,-0.00740783296510889,-0.00740783296510889,-0.00742767423495016,0.006482276708766033,0.006482276708766033,0.006462435438924764
2025-11-18,-0.006881056360675282,-0.006881056360675282,-0.006900897630516552,-0.00821571705672234,-0.00821571705672234,-0.00823555832656361
2025-11-19,0.014352630551951958,0.014352630551951958,0.014332789282110688,0.018390658563874077,0.018390658563874077,0.018370817294032806
2025-11-20,-0.027503710691028478,-0.027503710691028478,-0.02752355196086975,-0.030399438611837318,-0.030399438611837318,-0.030419279881678588
2025-11-21,-0.018093653053018362,-0.018093653053018362,-0.018113494322859632,-0.03014661267223753,-0.03014661267223753,-0.0301664539420788
2025-11-24,0.025174069513997623,0.025174069513997623,0.025154228244156352,0.030482697645443257,0.030482697645443257,0.030462856375601987
2025-11-25,-0.01082336443332028,-0.01082336443332028,-0.01084320570316155,-0.010260825751556471,-0.010260825751556471,-0.010280667021397741
2025-11-26,0.014027142024604304,0.014027142024604304,0.014007300754763034,0.012107352663107356,0.012107352663107356,0.012087511393266085
2025-11-28,0.004238488729855579,0.004238488729855579,0.0042186474600143095,0.005883437840583974,0.005883437840583974,0.005863596570742704
2025-12-01,-0.006878521693055617,-0.004143827815504596,-0.0060946282413788236,-0.009533201049695114,-0.008227078600715523,-0.00916792271216619
2025-12-02,0.003960514922444017,0.003960514922444017,0.0039406736526027475,0.00806942999019811,0.00806942999019811,0.00804958872035684
2025-12-03,-0.01142411148378215,-0.01142411148378215,-0.011443952753623421,-0.009321163749119591,-0.009321163749119591,-0.009341005018960862
2025-12-04,0.0038300331350673757,0.0038300331350673757,0.0038101918652261057,0.009864152008373733,0.009864152008373733,0.009844310738532463
2025-12-05,-0.0017979605328106375,-0.0017979605328106375,-0.0018178018026519074,-0.003931208334858373,-0.003931208334858373,-0.003951049604699643
2025-12-08,0.00043179104714575925,0.00043179104714575925,0.00041194977730448943,0.01950948043743342,0.01950948043743342,0.019489639167592148
2025-12-09,-0.0026822745248546746,-0.0026822745248546746,-0.0027021157946959446,0.0045134029103003,0.0045134029103003,0.0044935616404590305
2025-12-10,-0.009119028760326118,-0.009119028760326118,-0.009138870030167388,-0.004252578889740781,-0.004252578889740781,-0.0042724201595820506
2025-12-11,0.000729246949775178,0.000729246949775178,0.0007094056799339082,-0.005563824010009684,-0.005563824010009684,-0.005583665279850954
2025-12-12,-0.008724297376490948,-0.008724297376490948,-0.008744138646332219,-0.028234206599310578,-0.028234206599310578,-0.02825404786915185
2025-12-15,0.005766066894999163,0.005766066894999163,0.005746225625157893,-0.0021757535504047616,-0.0021757535504047616,-0.0021955948202460316
2025-12-16,-0.00028874866027672275,-0.00028874866027672275,-0.00030858993011799256,0.004902765236249787,0.004902765236249787,0.004882923966408517
2025-12-17,-0.00647494480432236,-0.00647494480432236,-0.00649478607416363,-0.03128749654357717,-0.03128749654357717,-0.031307337813418434
2025-12-18,0.009994164364356534,0.009994164364356534,0.009974323094515264,0.02061900107459324,0.02061900107459324,0.02059915980475197
2025-12-19,0.004872881849861435,0.004872881849861435,0.004853040580020165,0.02234944845735458,0.02234944845735458,0.02232960718751331
2025-12-22,-0.003934145614986896,-0.003934145614986896,-0.003953986884828165,0.002514781476154961,0.002514781476154961,0.002494940206313691
2025-12-23,0.010631744990211772,0.010631744990211772,0.010611903720370502,0.009876450545186398,0.009876450545186398,0.009856609275345127
2025-12-24,0.001498685783162687,0.001498685783162687,0.0014788445133214173,0.0003045637481936855,0.0003045637481936855,0.0002847224783524157
2025-12-26,0.0009058823214224814,0.0009058823214224814,0.0008860410515812116,-0.0005823902184442131,-0.0005823902184442131,-0.000602231488285483
2025-12-29,-0.002354323624361367,-0.002354323624361367,-0.002374164894202637,-0.007549150837051946,-0.007549150837051946,-0.007568992106893216
2025-12-30,-0.0009800287931268704,-0.0009800287931268704,-0.0009998700629681402,-0.004323392078881612,-0.004323392078881612,-0.0043432333487228815
2025-12-31,-0.00022100603837447362,-0.00022100603837447362,-0.00024084730821574346,-0.003136699715978088,-0.003136699715978088,-0.0031565409858193582
2026-01-02,0.02015327906831991,0.022643074986687255,0.02086863455959933,0.01882998838889042,0.019972845531747562,0.0191483350595886
2026-01-05,-0.0027020113898116615,-0.0027020113898116615,-0.0027218526596529315,-0.0007121557405803964,-0.0007121557405803964,-0.0007319970104216662
2026-01-06,0.001088920028810279,0.001088920028810279,0.0010690787589690092,0.002843134376126208,0.002843134376126208,0.002823293106284938
2026-01-07,-0.0017814034284075182,-0.0017814034284075182,-0.001801244698248788,0.004649202419916244,0.004649202419916244,0.004629361150074974
2026-01-08,-0.01662376246338614,-0.01662376246338614,-0.01664360373322741,-0.029778412731312126,-0.029778412731312126,-0.029798254001153397
2026-01-09,0.019328977720121723,0.019328977720121723,0.019309136450280453,0.012674204490582822,0.012674204490582822,0.012654363220741552
2026-01-12,0.007546153959162158,0.007546153959162158,0.007526312689320888,0.01571465104314098,0.01571465104314098,0.01569480977329971
2026-01-13,0.020255071466289635,0.020255071466289635,0.020235230196448364,0.015883419129608573,0.015883419129608573,0.015863577859767303
2026-01-14,-0.007917773402962045,-0.007917773402962045,-0.007937614672803316,-0.01595093117761847,-0.01595093117761847,-0.01597077244745974
2026-01-15,0.008052265257176908,0.008052265257176908,0.008032423987335637,0.01311428492216501,0.01311428492216501,0.01309444365232374
2026-01-16,0.005053403953804656,0.005053403953804656,0.005033562683963386,0.007574790087964484,0.007574790087964484,0.007554948818123215
2026-01-20,0.002629034234815641,0.002629034234815641,0.002609192964974371,0.006934100050908575,0.006934100050908575,0.006914258781067306
2026-01-21,0.0038332785978195663,0.0038332785978195663,0.0038134373279782962,-0.005655839741168893,-0.005655839741168893,-0.0056756810110101625
2026-01-22,-0.005535093035618879,-0.005535093035618879,-0.005554934305460149,-0.013358265238456932,-0.013358265238456932,-0.013378106508298203
2026-01-23,-0.004890568745990307,-0.004890568745990307,-0.004910410015831577,-0.0019247860944512968,-0.0019247860944512968,-0.0019446273642925666
2026-01-26,-0.001985150822650764,-0.001985150822650764,-0.002004992092492034,0.005946725131615559,0.005946725131615559,0.005926883861774289
2026-01-27,0.025204138358496893,0.025204138358496893,0.025184297088655622,0.035393641033439074,0.035393641033439074,0.03537379976359781
2026-01-28,-3.569752083902849e-05,-3.569752083902849e-05,-5.553879068029833e-05,0.010843376839821717,0.010843376839821717,0.010823535569980447
2026-01-29,0.005342509715703974,0.005342509715703974,0.005322668445862704,0.008827215393006023,0.008827215393006023,0.008807374123164752
2026-01-30,-0.025771487849742467,-0.025771487849742467,-0.025791329119583737,-0.029041405716377235,-0.029041405716377235,-0.029061246986218505
2026-02-02,0.0003407312773679315,0.0025856292365516046,0.0009803488918345216,0.017748162041208288,0.018564488571820532,0.017969197830805098
2026-02-03,0.015002660763826127,0.015002660763826127,0.014982819493984856,0.02539633860321609,0.02539633860321609,0.02537649733337482
2026-02-04,-0.0074638117708719105,-0.0074638117708719105,-0.00748365304071318,-0.061448143401557485,-0.061448143401557485,-0.06146798467139875
2026-02-05,-0.002028153684697296,-0.002028153684697296,-0.002047994954538566,0.0032209932670972516,0.0032209932670972516,0.0032011519972559815
2026-02-06,0.02411838901680991,0.02411838901680991,0.02409854774696864,0.03147858762742102,0.03147858762742102,0.03145874635757975
2026-02-09,0.006115654841357512,0.006115654841357512,0.006095813571516243,0.013028202212750315,0.013028202212750315,0.013008360942909044
2026-02-10,0.00040761679653186463,0.00040761679653186463,0.0003877755266905948,-0.021691720559008545,-0.021691720559008545,-0.021711561828849816
2026-02-11,0.004180385293943046,0.004180385293943046,0.0041605440241017765,0.016456537649141713,0.016456537649141713,0.016436696379300442
2026-02-12,0.0005196677955265417,0.0005196677955265417,0.0004998265256852719,-0.0025800678459708855,-0.0025800678459708855,-0.0025999091158121555
2026-02-13,-0.012717620005066058,-0.012717620005066058,-0.012737461274907328,0.0011315696698401098,0.0011315696698401098,0.00111172839999884
2026-02-17,0.0025663924458000603,0.0025663924458000603,0.0025465511759587903,0.0037293796388601056,0.0037293796388601056,0.0037095383690188355
2026-02-18,-0.006180229128355691,-0.006180229128355691,-0.006200070398196961,-0.002763794834963353,-0.002763794834963353,-0.0027836361048046232
2026-02-19,-0.002579390811543266,-0.002579390811543266,-0.002599232081384536,0.0070792200059714705,0.0070792200059714705,0.007059378736130201
2026-02-20,0.0011825614557810164,0.0011825614557810164,0.0011627201859397466,0.010975037774760173,0.010975037774760173,0.010955196504918902
2026-02-23,-0.00564318890126595,-0.00564318890126595,-0.00566303017110722,0.0005735073837585245,0.0005735073837585245,0.0005536661139172547
2026-02-24,0.011089704080648218,0.011089704080648218,0.011069862810806947,0.007843463968740081,0.007843463968740081,0.007823622698898811
2026-02-25,0.0038677888841446924,0.0038677888841446924,0.0038479476143034224,0.011546979872049912,0.011546979872049912,0.011527138602208642
2026-02-26,-0.018770215815615957,-0.018770215815615957,-0.018790057085457227,-0.018964875226707294,-0.018964875226707294,-0.018984716496548565
2026-02-27,-0.01663541726829942,-0.01663541726829942,-0.01665525853814069,-0.018906137107790124,-0.018906137107790124,-0.018925978377631394
2026-03-02,0.003092210172866146,0.005337108132049819,0.003727833960225158,-0.0014133066198267264,-0.00035208213003080804,-0.0011209762129100306
2026-03-03,-0.01942903445597135,-0.01942903445597135,-0.01944887572581262,-0.03444216128019887,-0.03444216128019887,-0.03446200255004014
2026-03-04,0.005860960861451452,0.005860960861451452,0.005841119591610182,0.008564191340398522,0.008564191340398522,0.008544350070557252
2026-03-05,-0.018583686714475255,-0.018583686714475255,-0.018603527984316526,-0.030430279069793065,-0.030430279069793065,-0.030450120339634335
2026-03-06,-0.017985720851227103,-0.017985720851227103,-0.018005562121068373,-0.024494884158208715,-0.024494884158208715,-0.024514725428049985
2026-03-09,0.026755303261132513,0.026755303261132513,0.026735461991291242,0.04229613881378917,0.04229613881378917,0.042276297543947905
2026-03-10,0.022020892153898276,0.022020892153898276,0.022001050884057006,0.03173470132843979,0.03173470132843979,0.031714860058598526
2026-03-11,0.008715114127020966,0.008715114127020966,0.008695272857179696,0.010549529387630586,0.010549529387630586,0.010529688117789315
2026-03-12,0.0014292426258939875,0.0014292426258939875,0.0014094013560527177,-0.008686700241713563,-0.008686700241713563,-0.008706541511554833
2026-03-13,-0.006795858628297459,-0.006795858628297459,-0.006815699898138729,-0.006812804758347047,-0.006812804758347047,-0.006832646028188317
2026-03-16,0.006186268548739418,0.006186268548739418,0.006166427278898148,0.015744342530100968,0.015744342530100968,0.015724501260259698
2026-03-17,-0.0067332730230910565,-0.0067332730230910565,-0.006753114292932326,0.004661440358235268,0.004661440358235268,0.0046415990883939984
2026-03-18,0.0002617826639138548,0.0002617826639138548,0.00024194139407258494,0.005375380373117262,0.005375380373117262,0.005355539103275992
2026-03-19,0.004402931948789855,0.004402931948789855,0.004383090678948586,0.006720336776484438,0.006720336776484438,0.006700495506643168
2026-03-20,-0.009240284224143771,-0.009240284224143771,-0.009260125493985041,-0.016890848508623997,-0.016890848508623997,-0.016910689778465268
2026-03-23,0.007296141908890625,0.007296141908890625,0.007276300639049355,0.010433735855972895,0.010433735855972895,0.010413894586131624
2026-03-24,0.016158763274833197,0.016158763274833197,0.016138922004991927,0.02036855266982124,0.02036855266982124,0.02034871139997997
2026-03-25,0.0017128877076573366,0.0017128877076573366,0.0016930464378160667,0.009547709386203126,0.009547709386203126,0.009527868116361856
2026-03-26,-0.027846524206897857,-0.027846524206897857,-0.027866365476739128,-0.04413394300010841,-0.04413394300010841,-0.044153784269949675
2026-03-27,0.010196075717429597,0.010196075717429597,0.010176234447588327,0.008924808720849008,0.008924808720849008,0.008904967451007738
2026-03-30,-0.019470174584942997,-0.019470174584942997,-0.019490015854784267,-0.04213800250095352,-0.04213800250095352,-0.04215784377079479
2026-03-31,0.02220519451818251,0.02220519451818251,0.022185353248341238,0.03642944994940599,0.03642944994940599,0.03640960867956472
2026-04-01,-0.001552295163694645,0.0011823987138563754,-0.0007661089747293432,0.039420202618836844,0.04035897812904093,0.03967718011914586
2026-04-02,0.008675821516485297,0.008675821516485297,0.008655980246644027,-0.00343879200726792,-0.00343879200726792,-0.00345863327710919
2026-04-06,-0.007491165220241321,-0.007491165220241321,-0.007511006490082591,0.0015353261115422904,0.0015353261115422904,0.0015154848417010206
2026-04-07,-0.0011857938018522618,-0.0011857938018522618,-0.0012056350716935316,0.013682251087076241,0.013682251087076241,0.013662409817234971
2026-04-08,-0.011628344479227563,-0.011628344479227563,-0.011648185749068833,0.05636791557180741,0.05636791557180741,0.056348074301966145
2026-04-09,0.0158277915983372,0.0158277915983372,0.01580795032849593,0.0237302666607421,0.0237302666607421,0.02371042539090083
2026-04-10,0.0016594053779364635,0.0016594053779364635,0.0016395641080951936,0.028323651530285557,0.028323651530285557,0.028303810260444286
2026-04-13,-0.022320917641552376,-0.022320917641552376,-0.022340758911393647,-0.020411534277326542,-0.020411534277326542,-0.020431375547167813
2026-04-14,-0.01344368142690182,-0.01344368142690182,-0.01346352269674309,0.014197118331965816,0.014197118331965816,0.014177277062124545
2026-04-15,-0.012707125273279668,-0.012707125273279668,-0.012726966543120938,-0.028894425599062093,-0.028894425599062093,-0.028914266868903363
2026-04-16,-0.00048091613962259264,-0.00048091613962259264,-0.0005007574094638625,-0.0007343394377803978,-0.0007343394377803978,-0.0007541807076216677
2026-04-17,-0.007234772680338239,-0.007234772680338239,-0.007254613950179509,0.012913069954271834,0.012913069954271834,0.012893228684430564
2026-04-20,-0.004886182572951412,-0.004886182572951412,-0.004906023842792682,-0.00933656739646619,-0.00933656739646619,-0.00935640866630746
2026-04-21,0.000662548336409454,0.000662548336409454,0.0006427070665681842,-0.009990971640590755,-0.009990971640590755,-0.010010812910432026
2026-04-22,-0.007697066366724889,-0.007697066366724889,-0.007716907636566159,0.013903169087463503,0.013903169087463503,0.013883327817622233
2026-04-23,0.032791147839534865,0.032791147839534865,0.0327713065696936,0.03210629507690112,0.03210629507690112,0.03208645380705985
2026-04-24,-0.012767600571543834,-0.012767600571543834,-0.012787441841385104,0.019997626514109107,0.019997626514109107,0.019977785244267837
2026-04-27,0.00559959587420879,0.00559959587420879,0.005579754604367521,0.0018256665677158681,0.0018256665677158681,0.0018058252978745983
2026-04-28,0.015391184020280804,0.015391184020280804,0.015371342750439533,-0.030321041737140814,-0.030321041737140814,-0.030340883006982084
2026-04-29,0.0033330467009998798,0.0033330467009998798,0.0033132054311586097,-9.650543717550737e-05,-9.650543717550737e-05,-0.00011634670701677721
2026-04-30,3.5865350679364395e-06,3.5865350679364395e-06,-1.62547347733334e-05,0.03452003076087857,0.03452003076087857,0.0345001894910373
2026-05-01,-0.013283011409454686,-0.01026260324618938,-0.01241573142601759,0.0015860178731139452,0.00240234440372619,0.001806501262596567
2026-05-04,0.0024727344454337644,0.0024727344454337644,0.0024528931755924944,0.0065584340929426815,0.0065584340929426815,0.006538592823101412
2026-05-05,0.006732949025382556,0.006732949025382556,0.006713107755541286,0.02733027059249126,0.02733027059249126,0.02731042932264999
2026-05-06,0.006381808970415246,0.006381808970415246,0.006361967700573976,0.02555553545672929,0.02555553545672929,0.02553569418688802
2026-05-07,-0.015079682561284892,-0.015079682561284892,-0.015099523831126163,-0.04695545495709702,-0.04695545495709702,-0.04697529622693829
2026-05-08,-0.0006862080057776351,-0.0006862080057776351,-0.0007060492756189049,0.03502449588390353,0.03502449588390353,0.03500465461406226
2026-05-11,-0.0010418044518999796,-0.0010418044518999796,-0.0010616457217412494,0.04708388216407115,0.04708388216407115,0.047064040894229886
2026-05-12,-0.0006346821331440992,-0.0006346821331440992,-0.000654523402985369,-0.009869055874586651,-0.009869055874586651,-0.009888897144427922
2026-05-13,-0.006182961586077998,-0.006182961586077998,-0.006202802855919267,0.02436380387052829,0.02436380387052829,0.02434396260068702
2026-05-14,0.005363966519783034,0.005363966519783034,0.005344125249941764,-0.006112198032915387,-0.006112198032915387,-0.006132039302756656
2026-05-15,-0.008303917089455104,-0.008303917089455104,-0.008323758359296374,-0.02741131959143557,-0.02741131959143557,-0.02743116086127684
2026-05-18,-0.006884613690914155,-0.006884613690914155,-0.006904454960755425,-0.049101672948203376,-0.049101672948203376,-0.04912151421804464
2026-05-19,-0.01139983136312733,-0.01139983136312733,-0.0114196726329686,-0.0031872400718896228,-0.0031872400718896228,-0.003207081341730893
2026-05-20,0.007411802480783877,0.007411802480783877,0.007391961210942607,0.008657381733307074,0.008657381733307074,0.008637540463465803
2026-05-21,-0.007977690821807505,-0.007977690821807505,-0.007997532091648775,0.014410822490797517,0.014410822490797517,0.014390981220956247
2026-05-22,0.007038089831298424,0.007038089831298424,0.007018248561457155,-0.002191673670794031,-0.002191673670794031,-0.002211514940635301
2026-05-26,0.0024007612180955472,0.0024007612180955472,0.002380919948254277,0.035449678685956235,0.035449678685956235,0.03542983741611497
2026-05-27,-0.0008847815096163353,-0.0008847815096163353,-0.0009046227794576051,-0.014211257271123226,-0.014211257271123226,-0.014231098540964496
2026-05-28,0.006887857526088861,0.006887857526088861,0.006868016256247591,-0.007900894330916468,-0.007900894330916468,-0.007920735600757739
2026-05-29,-0.0016026321363493351,-0.0016026321363493351,-0.001622473406190605,-0.017007648730369744,-0.017007648730369744,-0.017027490000211015
2026-06-01,-0.0203463631334526,-0.0174663631334526,-0.01952148628958739,-0.03114830671972131,-0.030454429168700902,-0.030964372260681987
2026-06-02,0.024372229416055498,0.024372229416055498,0.024352388146214227,0.051425398026402905,0.051425398026402905,0.05140555675656164
2026-06-03,0.015160588465681388,0.015160588465681388,0.015140747195840118,0.034459419460576415,0.034459419460576415,0.03443957819073515
2026-06-04,-0.012154467482338421,-0.012154467482338421,-0.012174308752179692,-0.015274689380382643,-0.015274689380382643,-0.015294530650223914
2026-06-05,-0.014838362701107046,-0.014838362701107046,-0.014858203970948317,-0.05149768413088143,-0.05149768413088143,-0.0515175254007227
2026-06-08,0.017039486557091005,0.017039486557091005,0.017019645287249734,0.029824873434980533,0.029824873434980533,0.029805032165139262
2026-06-09,-0.008858911023943226,-0.008858911023943226,-0.008878752293784497,-0.01738631145507688,-0.01738631145507688,-0.01740615272491815
2026-06-10,-0.006362066726045192,-0.006362066726045192,-0.006381907995886462,-0.008058401432667938,-0.008058401432667938,-0.008078242702509208
2026-06-11,0.01796325408295516,0.01796325408295516,0.01794341281311389,0.06085334661132183,0.06085334661132183,0.06083350534148056
2026-06-12,0.007456067159259467,0.007456067159259467,0.007436225889418197,0.01460522725906517,0.01460522725906517,0.0145853859892239
2026-06-15,0.009420870759076662,0.009420870759076662,0.009401029489235392,0.03439799108310196,0.03439799108310196,0.03437814981326069
2026-06-16,-0.012950436246956546,-0.012950436246956546,-0.012970277516797817,-0.019535128555394417,-0.019535128555394417,-0.019554969825235687
2026-06-17,0.011719017359531488,0.011719017359531488,0.011699176089690217,0.035516427496807286,0.035516427496807286,0.03549658622696602
2026-06-18,0.014711833898274157,0.014711833898274157,0.014691992628432887,0.026083306771483357,0.026083306771483357,0.026063465501642086
2026-06-22,0.025996113334085545,0.025996113334085545,0.025976272064244275,0.04412276481337944,0.04412276481337944,0.044102923543538175
2026-06-23,-0.023777432684987214,-0.023777432684987214,-0.023797273954828484,-0.06034059159765754,-0.06034059159765754,-0.06036043286749881
2026-06-24,-0.009309763950255422,-0.009309763950255422,-0.009329605220096692,-0.01604802457199704,-0.01604802457199704,-0.01606786584183831
2026-06-25,0.004313158872946683,0.004313158872946683,0.004293317603105413,0.04166074245188678,0.04166074245188678,0.04164090118204551
2026-06-26,-0.04120424168882636,-0.04120424168882636,-0.04122408295866763,-0.07693980515386781,-0.07693980515386781,-0.07695964642370907
2026-06-29,0.013269566974698329,0.013269566974698329,0.013249725704857059,0.030289623686079993,0.030289623686079993,0.030269782416238723
2026-06-30,0.009339927173840377,0.009339927173840377,0.009320085903999107,0.025586264691073453,0.025586264691073453,0.025566423421232182
2026-07-01,-0.03153913524308332,-0.028939135243083322,-0.03079556413730967,-0.07202923763976024,-0.07133536008873984,-0.07184498047626621
2026-07-02,-0.025029627130249248,-0.025029627130249248,-0.025049468400090518,-0.06632605309516543,-0.06632605309516543,-0.0663458943650067
2026-07-06,0.012103018779536102,0.012103018779536102,0.012083177509694832,0.02475246633995007,0.02475246633995007,0.0247326250701088
2026-07-07,-0.013241853767037477,-0.013241853767037477,-0.013261695036878747,-0.04540183483315271,-0.04540183483315271,-0.045421676102993976
2026-07-08,0.023912330332564482,0.023912330332564482,0.02389248906272321,0.03932052359173438,0.03932052359173438,0.03930068232189311
2026-07-09,0.000862737726113701,0.000862737726113701,0.0008428964562724312,0.02000390808398788,0.02000390808398788,0.01998406681414661
2026-07-10,0.007447100080911929,0.007447100080911929,0.007427258811070659,-0.0022958309284758826,-0.0022958309284758826,-0.0023156721983171526
2026-07-13,-0.016829939594358762,-0.016829939594358762,-0.016849780864200033,-0.040569045458182636,-0.040569045458182636,-0.0405888867280239
2026-07-14,0.009968436336180754,0.009968436336180754,0.009948595066339484,0.0404757363572345,0.0404757363572345,0.04045589508739323
2026-07-15,-0.001890915677406073,-0.001890915677406073,-0.0019107569472473428,-0.02375671129262889,-0.02375671129262889,-0.02377655256247016
2026-07-16,-0.017985512383659502,-0.017985512383659502,-0.018005353653500773,-0.0650280731712907,-0.0650280731712907,-0.06504791444113196
2026-07-17,0.0008332255155167243,0.0008332255155167243,0.0008133842456754545,0.011393511064169692,0.011393511064169692,0.011373669794328422
2026-07-20,-0.004691741436107321,-0.004691741436107321,-0.004711582705948591,-0.001018625549164812,-0.001018625549164812,-0.0010384668190060817
2026-07-21,0.016472914796244763,0.016472914796244763,0.016453073526403492,0.0604515624551171,0.0604515624551171,0.06043172118527583
2026-07-22,0.024708776659945208,0.024708776659945208,0.024688935390103937,0.017190556903239826,0.017190556903239826,0.017170715633398555
2026-07-23,-0.007418039932512879,-0.007418039932512879,-0.0074378812023541485,0.0043845560907372115,0.0043845560907372115,0.004364714820895942
2026-07-24,-0.010047440525611856,-0.010047440525611856,-0.010067281795453126,-0.05890463360212966,-0.05890463360212966,-0.058924474871970924
2026-07-27,-0.021566714187584855,-0.021566714187584855,-0.021586555457426125,-0.05028243434091943,-0.05028243434091943,-0.0503022756107607
2026-07-28,-0.015551765206902463,-0.015551765206902463,-0.015571606476743733,-0.0761790857164024,-0.0761790857164024,-0.07619892698624367
2026-07-29,-0.01973469887079868,-0.01973469887079868,-0.019754540140639952,-0.0496746589473553,-0.0496746589473553,-0.04969450021719657
2026-07-30,0.0197741666300201,0.0197741666300201,0.01975432536017883,0.09115450365418012,0.09115450365418012,0.09113466238433886
2026-07-31,0.011525958217125402,0.011525958217125402,0.011506116947284132,0.019862873880394046,0.019862873880394046,0.019843032610552775
2026-08-03,-0.00660483017522497,-0.0038848301752249697,-0.005827786000115485,-0.0020256602043801078,-0.001250150000298475,-0.001817745914378638
2026-08-04,-0.01819301928318353,-0.01819301928318353,-0.0182128605530248,0.01950688943595772,0.01950688943595772,0.01948704816611645
2026-08-05,0.010824133839653837,0.010824133839653837,0.010804292569812567,-0.005515496114176671,-0.005515496114176671,-0.00553533738401794
2026-08-06,-0.014409045207901757,-0.014409045207901757,-0.014428886477743028,-0.015649698860870163,-0.015649698860870163,-0.015669540130711434
2026-08-07,-0.001538941983379285,-0.001538941983379285,-0.0015587832532205548,0.004734326729224726,0.004734326729224726,0.004714485459383457
2026-08-10,0.0008746991023767107,0.0008746991023767107,0.0008548578325354409,-0.013983125600294855,-0.013983125600294855,-0.014002966870136125
2026-08-11,-0.004023039393110885,-0.004023039393110885,-0.0040428806629521545,-0.00039238751992150354,-0.00039238751992150354,-0.00041222878976277335
2026-08-12,-0.0016054969247448919,-0.0016054969247448919,-0.0016253381945861617,0.03633048885549139,0.03633048885549139,0.03631064758565012
2026-08-13,-0.0026049191339072835,-0.0026049191339072835,-0.0026247604037485535,-0.024894472078507125,-0.024894472078507125,-0.024914313348348396
2026-08-14,0.002733867060209158,0.002733867060209158,0.002714025790367888,0.0216029372532393,0.0216029372532393,0.02158309598339803
2026-08-17,-0.005349837292117417,-0.005349837292117417,-0.005369678561958686,0.04134279562576749,0.04134279562576749,0.04132295435592622
2026-08-18,-0.0012749958326929629,-0.0012749958326929629,-0.0012948371025342327,-0.04779975571532762,-0.04779975571532762,-0.04781959698516889
2026-08-19,0.028743475733553518,0.028743475733553518,0.028723634463712247,-0.02152833960469596,-0.02152833960469596,-0.02154818087453723
2026-08-20,-0.013192414386293283,-0.013192414386293283,-0.013212255656134554,-0.00395032233511405,-0.00395032233511405,-0.00397016360495532
2026-08-21,-0.0003794072632116877,-0.0003794072632116877,-0.0003992485330529575,-0.008448694064029549,-0.008448694064029549,-0.00846853533387082
2026-08-24,0.005831826849089109,0.005831826849089109,0.005811985579247839,-0.021826032457922036,-0.021826032457922036,-0.021845873727763306
2026-08-25,0.0033650110887080828,0.0033650110887080828,0.0033451698188668127,0.01421760285932147,0.01421760285932147,0.014197761589480199
2026-08-26,0.00027329583662603386,0.00027329583662603386,0.00025345456678476405,0.019684523663153698,0.019684523663153698,0.019664682393312427
2026-08-27,-0.006350343800381678,-0.006350343800381678,-0.006370185070222948,-0.01491617641216193,-0.01491617641216193,-0.0149360176820032
2026-08-28,0.0004157826306426943,0.0004157826306426943,0.00039594136080142446,-0.02962807527078637,-0.02962807527078637,-0.02964791654062764
2026-08-31,0.0007556223402010028,0.0007556223402010028,0.000735781070359733,0.0017037102075855635,0.0017037102075855635,0.0016838689377442937
