date,model_research,model_gross,model_net,mom_research,mom_gross,mom_net
2021-12-31,-0.0010877926968826104,-0.0010877926968826104,-0.0011076339667238802,0.0020328749831689335,0.0020328749831689335,0.0020130337133276634
2022-01-03,0.013974390369609095,0.016527581858970797,0.014701081937631776,-0.016522818065276706,-0.01516111593761713,-0.01614181469285093
2022-01-04,0.0102443519380426,0.0102443519380426,0.01022451066820133,0.004311121276002581,0.004311121276002581,0.004291280006161312
2022-01-05,-0.0007408777182900369,-0.0007408777182900369,-0.0007607189881313067,-0.018433214892959696,-0.018433214892959696,-0.018453056162800966
2022-01-06,0.0024626737004415323,0.0024626737004415323,0.0024428324306002623,0.007295237062489863,0.007295237062489863,0.007275395792648593
2022-01-07,0.010139917044173177,0.010139917044173177,0.010120075774331907,-0.02087030381628752,-0.02087030381628752,-0.02089014508612879
2022-01-10,-0.0006973540576155673,-0.0006973540576155673,-0.0007171953274568372,0.01171006063338685,0.01171006063338685,0.011690219363545579
2022-01-11,0.007462550594174539,0.007462550594174539,0.007442709324333269,0.000417176114722655,0.000417176114722655,0.0003973348448813852
2022-01-12,-0.004291459801821188,-0.004291459801821188,-0.004311301071662457,0.010003986285401608,0.010003986285401608,0.009984145015560338
2022-01-13,0.0031734432004397175,0.0031734432004397175,0.0031536019305984475,-0.020340885231515015,-0.020340885231515015,-0.020360726501356285
2022-01-14,0.013980794330657558,0.013980794330657558,0.013960953060816288,-0.0035384887909821446,-0.0035384887909821446,-0.0035583300608234146
2022-01-18,-0.005017670018131488,-0.005017670018131488,-0.005037511287972757,-0.004095817820838551,-0.004095817820838551,-0.00411565909067982
2022-01-19,0.0030398576544618063,0.0030398576544618063,0.0030200163846205363,-0.014197256484406461,-0.014197256484406461,-0.014217097754247732
2022-01-20,-0.00020573955359795126,-0.00020573955359795126,-0.0002255808234392211,-0.008842486310203946,-0.008842486310203946,-0.008862327580045216
2022-01-21,-0.002818490029197304,-0.002818490029197304,-0.002838331299038574,-0.005685608361618344,-0.005685608361618344,-0.005705449631459613
2022-01-24,2.8336865556199096e-05,2.8336865556199096e-05,8.495595714929259e-06,0.007954885834529482,0.007954885834529482,0.007935044564688212
2022-01-25,0.0020031371654874335,0.0020031371654874335,0.0019832958956461635,0.0017567576475306778,0.0017567576475306778,0.001736916377689408
2022-01-26,0.0022325446175124183,0.0022325446175124183,0.0022127033476711483,0.009511087971733325,0.009511087971733325,0.009491246701892055
2022-01-27,0.0038184469661242237,0.0038184469661242237,0.0037986056962829536,-0.0016933313869739938,-0.0016933313869739938,-0.0017131726568152636
2022-01-28,-0.002113941809310942,-0.002113941809310942,-0.002133783079152212,-7.546458653619192e-05,-7.546458653619192e-05,-9.530585637746177e-05
2022-01-31,0.0023618247031447796,0.0023618247031447796,0.0023419834333035096,0.006068828924063011,0.006068828924063011,0.0060489876542217415
2022-02-01,0.001328013826678825,0.0044343968054022295,0.0022201929824086533,0.003793359190559612,0.005069954935240463,0.0041493704563500215
2022-02-02,-0.01602834310131893,-0.01602834310131893,-0.0160481843711602,0.020374895312783102,0.020374895312783102,0.02035505404294183
2022-02-03,-0.014278641542665147,-0.014278641542665147,-0.014298482812506418,-0.0078098077511690525,-0.0078098077511690525,-0.007829649021010323
2022-02-04,0.0018621622563547505,0.0018621622563547505,0.0018423209865134807,0.0010681488486582917,0.0010681488486582917,0.001048307578817022
2022-02-07,-0.00041197211112014524,-0.00041197211112014524,-0.00043181338096141505,-0.005039453016859912,-0.005039453016859912,-0.005059294286701182
2022-02-08,0.002178167784568999,0.002178167784568999,0.002158326514727729,-0.0007627756368543662,-0.0007627756368543662,-0.000782616906695636
2022-02-09,0.019703603347878896,0.019703603347878896,0.019683762078037625,-0.0008741462122766677,-0.0008741462122766677,-0.0008939874821179375
2022-02-10,-0.00562320866840334,-0.00562320866840334,-0.005643049938244609,-0.005007181373307504,-0.005007181373307504,-0.005027022643148774
2022-02-11,-0.02103879231034752,-0.02103879231034752,-0.02105863358018879,-0.007008771613415058,-0.007008771613415058,-0.0070286128832563275
2022-02-14,-0.00027262408514550963,-0.00027262408514550963,-0.00029246535498677945,-0.008727191062845495,-0.008727191062845495,-0.008747032332686765
2022-02-15,0.019010458977088487,0.019010458977088487,0.018990617707247217,0.0017220163659546596,0.0017220163659546596,0.0017021750961133898
2022-02-16,-0.0037008924375417527,-0.0037008924375417527,-0.0037207337073830228,0.00993852333482203,0.00993852333482203,0.00991868206498076
2022-02-17,-0.010144861856491117,-0.010144861856491117,-0.010164703126332388,-0.006549495327655398,-0.006549495327655398,-0.006569336597496668
2022-02-18,-0.004994056467954703,-0.004994056467954703,-0.0050138977377959726,0.003186109665498076,0.003186109665498076,0.003166268395656806
2022-02-22,-0.003901844995141214,-0.003901844995141214,-0.003921686264982484,-0.0071393795492600345,-0.0071393795492600345,-0.007159220819101304
2022-02-23,-0.00882314324629908,-0.00882314324629908,-0.00884298451614035,-0.009482478954414706,-0.009482478954414706,-0.009502320224255976
2022-02-24,0.03766001690250806,0.03766001690250806,0.03764017563266679,0.01018800362089227,0.01018800362089227,0.010168162351050999
2022-02-25,-0.016143290667942366,-0.016143290667942366,-0.016163131937783636,0.005437721674860857,0.005437721674860857,0.005417880405019587
2022-02-28,0.006328916990987697,0.006328916990987697,0.006309075721146427,0.00043983413116149405,0.00043983413116149405,0.00041999286132022424
2022-03-01,-0.009566492876730387,-0.006885641812900601,-0.008826616261637728,0.011425401333785992,0.01312752899336046,0.01190344727579855
2022-03-02,0.002822253691414448,0.002822253691414448,0.002802412421573178,0.008735458779094589,0.008735458779094589,0.008715617509253318
2022-03-03,-0.028029931203240592,-0.028029931203240592,-0.028049772473081862,0.028084062959921545,0.028084062959921545,0.028064221690080274
2022-03-04,-0.023821823572118428,-0.023821823572118428,-0.0238416648419597,0.040153302058359056,0.040153302058359056,0.04013346078851779
2022-03-07,-0.025391777847916984,-0.025391777847916984,-0.025411619117758254,0.03973350735662358,0.03973350735662358,0.03971366608678231
2022-03-08,0.021908575711426192,0.021908575711426192,0.02188873444158492,-0.018300874945141023,-0.018300874945141023,-0.018320716214982293
2022-03-09,0.028696886778359774,0.028696886778359774,0.028677045508518503,-0.025647654680677232,-0.025647654680677232,-0.025667495950518503
2022-03-10,-0.019994829080370286,-0.019994829080370286,-0.020014670350211556,0.01842293245455686,0.01842293245455686,0.01840309118471559
2022-03-11,-0.006356187194164927,-0.006356187194164927,-0.006376028464006197,0.014079019532139098,0.014079019532139098,0.014059178262297828
2022-03-14,-0.003946861939615392,-0.003946861939615392,-0.0039667032094566615,0.01087534007169384,0.01087534007169384,0.01085549880185257
2022-03-15,0.01499119493701202,0.01499119493701202,0.014971353667170749,-0.02540926438500595,-0.02540926438500595,-0.025429105654847222
2022-03-16,0.043030825037180705,0.043030825037180705,0.04301098376733944,-0.0410688193856335,-0.0410688193856335,-0.041088660655474764
2022-03-17,-0.004639133956583057,-0.004639133956583057,-0.004658975226424326,0.009393618831236744,0.009393618831236744,0.009373777561395473
2022-03-18,0.01070952424422996,0.01070952424422996,0.01068968297438869,-0.011966317272925579,-0.011966317272925579,-0.011986158542766849
2022-03-21,-0.017332630462630658,-0.017332630462630658,-0.017352471732471928,0.025158540360347766,0.025158540360347766,0.025138699090506495
2022-03-22,0.006979799618527765,0.006979799618527765,0.006959958348686495,-0.015456700945749864,-0.015456700945749864,-0.015476542215591135
2022-03-23,-0.015351753735944856,-0.015351753735944856,-0.015371595005786127,0.016769000665335647,0.016769000665335647,0.016749159395494376
2022-03-24,0.002024065648834437,0.002024065648834437,0.002004224378993167,-0.00952177918079156,-0.00952177918079156,-0.00954162045063283
2022-03-25,-0.01547762885272219,-0.01547762885272219,-0.01549747012256346,0.010058853098864565,0.010058853098864565,0.010039011829023295
2022-03-28,0.006077790806854362,0.006077790806854362,0.006057949537013093,-0.011850808122436138,-0.011850808122436138,-0.011870649392277409
2022-03-29,0.022576129996228968,0.022576129996228968,0.022556288726387697,-0.01882044465746604,-0.01882044465746604,-0.01884028592730731
2022-03-30,-0.0187449144663695,-0.0187449144663695,-0.01876475573621077,0.01033959462758192,0.01033959462758192,0.010319753357740649
2022-03-31,-0.008739043229664487,-0.008739043229664487,-0.008758884499505758,-0.0034730330561932154,-0.0034730330561932154,-0.0034928743260344854
2022-04-01,0.002333992159505045,0.005610587904185896,0.003216156777060601,0.004589541534526228,0.005993796853675164,0.0049809516145732854
2022-04-04,-0.008606519243064586,-0.008606519243064586,-0.008626360512905856,-0.012122925379996109,-0.012122925379996109,-0.01214276664983738
2022-04-05,0.011333141158569163,0.011333141158569163,0.011313299888727892,0.013262276492563223,0.013262276492563223,0.013242435222721952
2022-04-06,0.015854091374230418,0.015854091374230418,0.015834250104389148,0.026909899999127403,0.026909899999127403,0.026890058729286133
2022-04-07,0.005917047254599849,0.005917047254599849,0.005897205984758579,0.019880571286293378,0.019880571286293378,0.019860730016452107
2022-04-08,0.000760182737021159,0.000760182737021159,0.0007403414671798892,0.012251716268301084,0.012251716268301084,0.012231874998459813
2022-04-11,0.003368532526694216,0.003368532526694216,0.003348691256852946,-0.01940139805043527,-0.01940139805043527,-0.01942123932027654
2022-04-12,-0.005265801714769684,-0.005265801714769684,-0.005285642984610954,0.010583091253575577,0.010583091253575577,0.010563249983734306
2022-04-13,-0.012278418878554747,-0.012278418878554747,-0.012298260148396018,-0.01087929886301361,-0.01087929886301361,-0.01089914013285488
2022-04-14,-0.0036644367166325815,-0.0036644367166325815,-0.0036842779864738515,0.005426110801530128,0.005426110801530128,0.005406269531688859
2022-04-18,-0.0007037167126028067,-0.0007037167126028067,-0.0007235579824440765,0.011941872107276461,0.011941872107276461,0.01192203083743519
2022-04-19,-0.005946414359188854,-0.005946414359188854,-0.005966255629030123,-0.026586820954350977,-0.026586820954350977,-0.026606662224192248
2022-04-20,0.016699991618289084,0.016699991618289084,0.016680150348447813,0.02259838042757456,0.02259838042757456,0.02257853915773329
2022-04-21,0.009809963071566695,0.009809963071566695,0.009790121801725424,-0.01190507707462805,-0.01190507707462805,-0.01192491834446932
2022-04-22,0.003770375913026415,0.003770375913026415,0.003750534643185145,-0.007128732004783878,-0.007128732004783878,-0.007148573274625147
2022-04-25,0.0025318811422831203,0.0025318811422831203,0.0025120398724418503,-0.019237634574236835,-0.019237634574236835,-0.019257475844078106
2022-04-26,0.006800349924176391,0.006800349924176391,0.006780508654335121,0.026562811033065757,0.026562811033065757,0.026542969763224487
2022-04-27,-0.0012011346624031594,-0.0012011346624031594,-0.0012209759322444292,0.005094354243457652,0.005094354243457652,0.005074512973616383
2022-04-28,-0.007285791479055384,-0.007285791479055384,-0.007305632748896653,-0.014631068761520436,-0.014631068761520436,-0.014650910031361706
2022-04-29,-0.009992560418031435,-0.009992560418031435,-0.010012401687872706,-0.007716348610283777,-0.007716348610283777,-0.007736189880125047
2022-05-02,-0.0008094652478480985,0.0018713858159816882,-0.00012871380498851828,-0.017813280862468056,-0.01683455745821274,-0.01754711332963243
2022-05-03,-0.0017991847098126103,-0.0017991847098126103,-0.00181902597965388,0.0037819700596191897,0.0037819700596191897,0.0037621287897779197
2022-05-04,-0.009740393389326559,-0.009740393389326559,-0.00976023465916783,0.0007086532518297446,0.0007086532518297446,0.0006888119819884748
2022-05-05,-0.003415572683927729,-0.003415572683927729,-0.003435413953768999,0.01716011205568605,0.01716011205568605,0.01714027078584478
2022-05-06,-0.011349369078581006,-0.011349369078581006,-0.011369210348422277,0.03206361407055912,0.03206361407055912,0.03204377280071785
2022-05-09,0.0412723402185783,0.0412723402185783,0.04125249894873703,-0.030129393381577486,-0.030129393381577486,-0.030149234651418756
2022-05-10,-0.016409861507533194,-0.016409861507533194,-0.016429702777374464,0.019723640863208138,0.019723640863208138,0.019703799593366867
2022-05-11,-0.004947279588014924,-0.004947279588014924,-0.004967120857856193,0.02389906133038853,0.02389906133038853,0.02387922006054726
2022-05-12,0.013681270025337916,0.013681270025337916,0.013661428755496646,-0.010327149080283156,-0.010327149080283156,-0.010346990350124426
2022-05-13,-0.017187425622237195,-0.017187425622237195,-0.017207266892078465,-0.005446642151012862,-0.005446642151012862,-0.005466483420854131
2022-05-16,-0.0007747757421508084,-0.0007747757421508084,-0.0007946170119920782,0.018324947003341384,0.018324947003341384,0.018305105733500113
2022-05-17,-0.006739204410824906,-0.006739204410824906,-0.006759045680666175,-0.015673745860750096,-0.015673745860750096,-0.015693587130591366
2022-05-18,-0.0021518643101896082,-0.0021518643101896082,-0.0021717055800308783,0.003650981245258646,0.003650981245258646,0.003631139975417376
2022-05-19,-0.0065481870119815655,-0.0065481870119815655,-0.006568028281822835,0.0024101307479436796,0.0024101307479436796,0.0023902894781024095
2022-05-20,0.004789573133824511,0.004789573133824511,0.004769731863983241,-0.0026322007931669287,-0.0026322007931669287,-0.0026520420630081988
2022-05-23,-0.01541440294327278,-0.01541440294327278,-0.01543424421311405,0.016238728913991213,0.016238728913991213,0.016218887644149943
2022-05-24,-0.0033196914958137065,-0.0033196914958137065,-0.0033395327656549766,0.027769272149594598,0.027769272149594598,0.027749430879753328
2022-05-25,0.0027665099869714506,0.0027665099869714506,0.0027466687171301806,-0.008340825416718245,-0.008340825416718245,-0.008360666686559515
2022-05-26,-0.0018219100705990287,-0.0018219100705990287,-0.0018417513404402985,-0.02193603404377545,-0.02193603404377545,-0.02195587531361672
2022-05-27,-0.009621568610173771,-0.009621568610173771,-0.009641409880015042,-0.0002508721807709122,-0.0002508721807709122,-0.000270713450612182
2022-05-31,0.005244896028547962,0.005244896028547962,0.005225054758706693,-0.007658945532573716,-0.007658945532573716,-0.007678786802414986
2022-06-01,-0.01645501349090608,-0.013774162427076294,-0.01569749273061654,0.014242066826001112,0.015263343421745793,0.014518750144122764
2022-06-02,0.02650520004919471,0.02650520004919471,0.02648535877935344,-0.028315802583036686,-0.028315802583036686,-0.028335643852877956
2022-06-03,-0.020114251640965974,-0.020114251640965974,-0.020134092910807245,0.021116441169964396,0.021116441169964396,0.021096599900123126
2022-06-06,0.007697689482838213,0.007697689482838213,0.007677848212996943,-0.008944674250095402,-0.008944674250095402,-0.008964515519936673
2022-06-07,-0.007538687354957784,-0.007538687354957784,-0.007558528624799054,0.009548728932553763,0.009548728932553763,0.009528887662712492
2022-06-08,0.0047681927159608836,0.0047681927159608836,0.004748351446119614,-0.002639892520370285,-0.002639892520370285,-0.002659733790211555
2022-06-09,-0.010251035587548054,-0.010251035587548054,-0.010270876857389324,0.010042546361987027,0.010042546361987027,0.010022705092145756
2022-06-10,-0.02601518016719384,-0.02601518016719384,-0.02603502143703511,0.024818881402984164,0.024818881402984164,0.024799040133142894
2022-06-13,-0.018353560945322853,-0.018353560945322853,-0.018373402215164123,0.015217812920130254,0.015217812920130254,0.015197971650288983
2022-06-14,0.007836014847417097,0.007836014847417097,0.007816173577575827,0.0029383212306634716,0.0029383212306634716,0.0029184799608222016
2022-06-15,0.022024258955391812,0.022024258955391812,0.022004417685550542,-0.02628714236075029,-0.02628714236075029,-0.02630698363059156
2022-06-16,-0.027098002218716003,-0.027098002218716003,-0.027117843488557274,0.018832997743414712,0.018832997743414712,0.018813156473573442
2022-06-17,0.032144330565498036,0.032144330565498036,0.03212448929565677,-0.03761782727355932,-0.03761782727355932,-0.03763766854340059
2022-06-21,-0.023252286333986488,-0.023252286333986488,-0.02327212760382776,0.027966057597056292,0.027966057597056292,0.027946216327215022
2022-06-22,0.005467040068037752,0.005467040068037752,0.005447198798196482,-0.01562854330082681,-0.01562854330082681,-0.01564838457066808
2022-06-23,0.011292065466780738,0.011292065466780738,0.011272224196939467,-0.027798645882857805,-0.027798645882857805,-0.027818487152699075
2022-06-24,0.032624545370462235,0.032624545370462235,0.03260470410062097,-0.025839404307034623,-0.025839404307034623,-0.025859245576875894
2022-06-27,-0.022996295901401124,-0.022996295901401124,-0.023016137171242394,0.023689012921205024,0.023689012921205024,0.023669171651363754
2022-06-28,-0.02230671379061628,-0.02230671379061628,-0.02232655506045755,0.021195744077048155,0.021195744077048155,0.021175902807206885
2022-06-29,-0.00853796950071849,-0.00853796950071849,-0.00855781077055976,0.0038259302124162595,0.0038259302124162595,0.0038060889425749894
2022-06-30,-0.014012382162157656,-0.014012382162157656,-0.014032223431998926,0.01247502556805768,0.01247502556805768,0.01245518429821641
2022-07-01,0.002565261971237764,0.004778027928684573,0.003189467262629781,-0.016114863397789145,-0.014880820844597657,-0.015774055299470697
2022-07-05,0.03156413070078618,0.03156413070078618,0.031544289430944915,-0.05123892034272034,-0.05123892034272034,-0.051258761612561606
2022-07-06,-0.0184566691755559,-0.0184566691755559,-0.018476510445397172,0.007073705415591859,0.007073705415591859,0.0070538641457505895
2022-07-07,0.03311969920686374,0.03311969920686374,0.03309985793702247,-0.006433498796436595,-0.006433498796436595,-0.006453340066277864
2022-07-08,-0.006538906228739973,-0.006538906228739973,-0.0065587474985812425,0.013605463672074516,0.013605463672074516,0.013585622402233245
2022-07-11,-0.025683751367553458,-0.025683751367553458,-0.025703592637394728,0.02390611036479827,0.02390611036479827,0.023886269094957
2022-07-12,0.004747264727413818,0.004747264727413818,0.004727423457572548,-0.016946659588375972,-0.016946659588375972,-0.016966500858217243
2022-07-13,0.0035857109200300137,0.0035857109200300137,0.0035658696501887437,0.0012322456677605431,0.0012322456677605431,0.0012124043979192733
2022-07-14,-0.013782656594267615,-0.013782656594267615,-0.013802497864108886,0.0019743637625771436,0.0019743637625771436,0.0019545224927358736
2022-07-15,0.016111360683144574,0.016111360683144574,0.016091519413303303,-0.01384371274220671,-0.01384371274220671,-0.01386355401204798
2022-07-18,0.022493103128800977,0.022493103128800977,0.022473261858959707,-0.0011984504978730806,-0.0011984504978730806,-0.0012182917677143505
2022-07-19,0.025575242110080058,0.025575242110080058,0.025555400840238787,-0.020073551889781042,-0.020073551889781042,-0.020093393159622313
2022-07-20,0.032911754551894,0.032911754551894,0.03289191328205273,-0.028572977606802264,-0.028572977606802264,-0.028592818876643535
2022-07-21,0.0012481440536517838,0.0012481440536517838,0.001228302783810514,-0.015405902982272013,-0.015405902982272013,-0.015425744252113283
2022-07-22,-0.018655201960704575,-0.018655201960704575,-0.018675043230545845,0.013092584509379454,0.013092584509379454,0.013072743239538184
2022-07-25,-0.009140532152450882,-0.009140532152450882,-0.009160373422292152,0.030740629273278662,0.030740629273278662,0.03072078800343739
2022-07-26,-0.027107174985361873,-0.027107174985361873,-0.027127016255203144,0.019011714681452622,0.019011714681452622,0.018991873411611352
2022-07-27,0.031552627961650474,0.031552627961650474,0.03153278669180921,-0.018607426571179697,-0.018607426571179697,-0.018627267841020968
2022-07-28,0.0069331429084842425,0.0069331429084842425,0.006913301638642973,-0.005877479316486201,-0.005877479316486201,-0.00589732058632747
2022-07-29,0.007648743357464344,0.007648743357464344,0.0076289020876230745,0.012138683811537428,0.012138683811537428,0.012118842541696158
2022-08-01,-0.0028318113342159033,-0.0003211730363435626,-0.0021200448374863,-0.016956748080584366,-0.016190790633775855,-0.016751752420747574
2022-08-02,0.007210007240900346,0.007210007240900346,0.007190165971059076,-5.32156346589516e-05,-5.32156346589516e-05,-7.305690450022144e-05
2022-08-03,-0.0019174119863837324,-0.0019174119863837324,-0.0019372532562250023,-0.03078991887174688,-0.03078991887174688,-0.03080976014158815
2022-08-04,-0.007988704034258193,-0.007988704034258193,-0.008008545304099463,-0.01850486721564315,-0.01850486721564315,-0.01852470848548442
2022-08-05,-0.002474482849039097,-0.002474482849039097,-0.002494324118880367,0.01937359784011746,0.01937359784011746,0.01935375657027619
2022-08-08,0.009258059126280496,0.009258059126280496,0.009238217856439225,-0.006712882171106809,-0.006712882171106809,-0.006732723440948079
2022-08-09,-0.00038780417484867574,-0.00038780417484867574,-0.00040764544468994556,0.03922358248334318,0.03922358248334318,0.03920374121350191
2022-08-10,0.006006937084194922,0.006006937084194922,0.005987095814353653,-0.032903260649944144,-0.032903260649944144,-0.03292310191978541
2022-08-11,0.005997628349042781,0.005997628349042781,0.005977787079201512,0.0049204567709253974,0.0049204567709253974,0.004900615501084128
2022-08-12,-0.0045755379860911525,-0.0045755379860911525,-0.004595379255932422,-0.003520083314124388,-0.003520083314124388,-0.0035399245839656582
2022-08-15,-0.0025313966215388195,-0.0025313966215388195,-0.0025512378913800896,-0.005704136389984975,-0.005704136389984975,-0.005723977659826245
2022-08-16,0.006052654894561351,0.006052654894561351,0.006032813624720082,-0.0027338053164788698,-0.0027338053164788698,-0.00275364658632014
2022-08-17,-0.0015279578757030846,-0.0015279578757030846,-0.0015477991455443544,0.02578028601043779,0.02578028601043779,0.02576044474059652
2022-08-18,-0.0015349116273118753,-0.0015349116273118753,-0.0015547528971531451,0.01400495445521181,0.01400495445521181,0.013985113185370539
2022-08-19,-0.005113213831844929,-0.005113213831844929,-0.005133055101686199,0.030697730135016928,0.030697730135016928,0.030677888865175657
2022-08-22,-0.00618292461638149,-0.00618292461638149,-0.00620276588622276,0.03148398699885078,0.03148398699885078,0.03146414572900951
2022-08-23,0.0016221598064169176,0.0016221598064169176,0.0016023185365756478,0.009021141205643912,0.009021141205643912,0.009001299935802641
2022-08-24,0.003469354637400774,0.003469354637400774,0.003449513367559504,-0.006029291502157037,-0.006029291502157037,-0.006049132771998307
2022-08-25,0.000425083051639965,0.000425083051639965,0.0004052417817986952,-0.015290773486435061,-0.015290773486435061,-0.015310614756276332
2022-08-26,-0.0014691753637282937,-0.0014691753637282937,-0.0014890166335695635,0.025588849570628895,0.025588849570628895,0.025569008300787625
2022-08-29,0.0024797871457385417,0.0024797871457385417,0.0024599458758972717,0.008045712232870662,0.008045712232870662,0.008025870963029392
2022-08-30,-0.003163422791651477,-0.003163422791651477,-0.003183264061492747,-0.013829601136970477,-0.013829601136970477,-0.013849442406811747
2022-08-31,-0.0004586093564319403,-0.0004586093564319403,-0.0004784506262732101,-0.0004826934897253037,-0.0004826934897253037,-0.0005025347595665735
2022-09-01,-0.0065692612314916556,-0.003973516550640592,-0.005833166189494628,-0.010966004228143847,-0.009987280823888528,-0.010729313405758637
2022-09-02,0.001524249303979118,0.001524249303979118,0.0015044080341378482,0.01458306082161232,0.01458306082161232,0.01456321955177105
2022-09-06,-0.0010626322344383945,-0.0010626322344383945,-0.0010824735042796643,0.0032651485373459367,0.0032651485373459367,0.0032453072675046666
2022-09-07,0.003275704706107852,0.003275704706107852,0.003255863436266582,-0.020617091619919686,-0.020617091619919686,-0.020636932889760956
2022-09-08,0.00781908533544669,0.00781908533544669,0.00779924406560542,-0.008532019828755524,-0.008532019828755524,-0.008551861098596795
2022-09-09,0.008435754047021592,0.008435754047021592,0.008415912777180321,-0.01388425991233609,-0.01388425991233609,-0.01390410118217736
2022-09-12,0.009260621664302752,0.009260621664302752,0.009240780394461481,-0.006486098652882701,-0.006486098652882701,-0.006505939922723971
2022-09-13,-0.011057102248779649,-0.011057102248779649,-0.01107694351862092,0.025374580130690508,0.025374580130690508,0.025354738860849237
2022-09-14,0.0037545928304738713,0.0037545928304738713,0.0037347515606326012,0.00801466838532047,0.00801466838532047,0.0079948271154792
2022-09-15,0.007706419159180744,0.007706419159180744,0.0076865778893394745,-0.01070312804673762,-0.01070312804673762,-0.01072296931657889
2022-09-16,-0.011166216333470324,-0.011166216333470324,-0.011186057603311594,0.006343309680822511,0.006343309680822511,0.006323468410981242
2022-09-19,0.0001326991693131102,0.0001326991693131102,0.00011285789947184036,0.003966276073938498,0.003966276073938498,0.0039464348040972284
2022-09-20,-0.0067729444036059416,-0.0067729444036059416,-0.006792785673447211,0.015366213628591674,0.015366213628591674,0.015346372358750403
2022-09-21,-0.008267379103424783,-0.008267379103424783,-0.008287220373266053,0.013158585090016571,0.013158585090016571,0.0131387438201753
2022-09-22,-0.01441990604996929,-0.01441990604996929,-0.014439747319810561,0.023123204830730007,0.023123204830730007,0.023103363560888737
2022-09-23,-0.005652400112918661,-0.005652400112918661,-0.00567224138275993,-0.02109986468168714,-0.02109986468168714,-0.02111970595152841
2022-09-26,0.0019550889184276367,0.0019550889184276367,0.0019352476485863669,-0.0034616410243396615,-0.0034616410243396615,-0.0034814822941809315
2022-09-27,0.0059906806777318185,0.0059906806777318185,0.005970839407890549,0.005201863921740968,0.005201863921740968,0.005182022651899699
2022-09-28,0.0077337141834501,0.0077337141834501,0.00771387291360883,-0.008701012395978999,-0.008701012395978999,-0.00872085366582027
2022-09-29,-0.0007854710568198611,-0.0007854710568198611,-0.000805312326661131,0.012301768713094376,0.012301768713094376,0.012281927443253106
2022-09-30,-0.007716804978806632,-0.007716804978806632,-0.0077366462486479015,0.016994592866358738,0.016994592866358738,0.016974751596517467
2022-10-03,-0.013442843717133944,-0.010379013929899901,-0.012569603485808007,0.01112852968643217,0.011851933941751318,0.011319528596921705
2022-10-04,-0.02444797901630842,-0.02444797901630842,-0.024467820286149692,-0.018738826089471222,-0.018738826089471222,-0.018758667359312493
2022-10-05,-0.015012733976443614,-0.015012733976443614,-0.015032575246284884,0.002760229200458951,0.002760229200458951,0.002740387930617681
2022-10-06,-0.008461217044901737,-0.008461217044901737,-0.008481058314743007,0.007429537369549273,0.007429537369549273,0.0074096960997080035
2022-10-07,0.0027030264210422643,0.0027030264210422643,0.0026831851512009943,0.02372422906253206,0.02372422906253206,0.02370438779269079
2022-10-10,0.022858696493571425,0.022858696493571425,0.022838855223730154,0.0071277495938193375,0.0071277495938193375,0.007107908323978068
2022-10-11,0.006254875476031621,0.006254875476031621,0.006235034206190352,0.009426365736247893,0.009426365736247893,0.009406524466406623
2022-10-12,-0.01606002452689279,-0.01606002452689279,-0.01607986579673406,-0.015136941551135335,-0.015136941551135335,-0.015156782820976605
2022-10-13,0.0029407078088498854,0.0029407078088498854,0.0029208665390086153,0.011636792608177545,0.011636792608177545,0.011616951338336274
2022-10-14,0.005729259478109115,0.005729259478109115,0.005709418208267846,-0.010374267114392864,-0.010374267114392864,-0.010394108384234135
2022-10-17,-0.004137456539525847,-0.004137456539525847,-0.004157297809367117,-0.017721378995397205,-0.017721378995397205,-0.017741220265238476
2022-10-18,0.0014545118513784022,0.0014545118513784022,0.0014346705815371323,0.0010051882554721005,0.0010051882554721005,0.0009853469856308306
2022-10-19,0.001536320952801957,0.001536320952801957,0.0015164796829606872,0.026920907298214863,0.026920907298214863,0.026901066028373593
2022-10-20,-0.01546655155388631,-0.01546655155388631,-0.01548639282372758,0.002424691432308966,0.002424691432308966,0.002404850162467696
2022-10-21,-0.007831909719940206,-0.007831909719940206,-0.007851750989781477,0.0038910700109105268,0.0038910700109105268,0.0038712287410692567
2022-10-24,0.007160619154264917,0.007160619154264917,0.007140777884423647,-0.002630676694136314,-0.002630676694136314,-0.002650517963977584
2022-10-25,-0.007304002872407792,-0.007304002872407792,-0.007323844142249062,-0.02207447551232256,-0.02207447551232256,-0.02209431678216383
2022-10-26,0.003960051754846965,0.003960051754846965,0.003940210485005696,0.013651154909838505,0.013651154909838505,0.013631313639997235
2022-10-27,0.00972495425113857,0.00972495425113857,0.009705112981297299,0.02169779974767176,0.02169779974767176,0.02167795847783049
2022-10-28,0.0023335547807136255,0.0023335547807136255,0.0023137135108723555,-0.009422502834599132,-0.009422502834599132,-0.009442344104440403
2022-10-31,0.0034078662333376806,0.0034078662333376806,0.0033880249634964106,0.007175693093408495,0.007175693093408495,0.007155851823567225
2022-11-01,-0.00068149717383718,0.0022972262304181393,0.0001328546871577098,0.0012371092370990124,0.002130726258375608,0.0014472351856106588
2022-11-02,-0.004991588627974077,-0.004991588627974077,-0.005011429897815347,0.02078097715433906,0.02078097715433906,0.02076113588449779
2022-11-03,-0.012745764827012252,-0.012745764827012252,-0.012765606096853522,0.013218289770337448,0.013218289770337448,0.013198448500496177
2022-11-04,0.005413393139599543,0.005413393139599543,0.005393551869758273,-0.007701747880787837,-0.007701747880787837,-0.0077215891506291065
2022-11-07,0.003945079511268758,0.003945079511268758,0.003925238241427488,-0.005664773355866348,-0.005664773355866348,-0.005684614625707618
2022-11-08,0.0039934274441294606,0.0039934274441294606,0.003973586174288191,-0.003981176199611894,-0.003981176199611894,-0.004001017469453164
2022-11-09,0.007281252429913392,0.007281252429913392,0.007261411160072123,0.004596104233804621,0.004596104233804621,0.004576262963963351
2022-11-10,0.023079097114618256,0.023079097114618256,0.023059255844776985,-0.08634432778090259,-0.08634432778090259,-0.08636416905074386
2022-11-11,0.015137392062858086,0.015137392062858086,0.015117550793016816,-0.059350829211765405,-0.059350829211765405,-0.05937067048160667
2022-11-14,-0.01241313295864648,-0.01241313295864648,-0.01243297422848775,0.019351709980517565,0.019351709980517565,0.019331868710676294
2022-11-15,0.0002022297935995814,0.0002022297935995814,0.00018238852375831156,-0.014001117042753461,-0.014001117042753461,-0.014020958312594731
2022-11-16,-0.00424370499289051,-0.00424370499289051,-0.00426354626273178,0.03364590247502245,0.03364590247502245,0.03362606120518118
2022-11-17,-0.0031429113005473188,-0.0031429113005473188,-0.003162752570388589,0.01368922506166712,0.01368922506166712,0.01366938379182585
2022-11-18,0.0029014775452407084,0.0029014775452407084,0.0028816362753994384,0.004333383097703209,0.004333383097703209,0.004313541827861939
2022-11-21,0.009652611482143797,0.009652611482143797,0.009632770212302527,0.011079894655123452,0.011079894655123452,0.011060053385282181
2022-11-22,-0.003537656361903595,-0.003537656361903595,-0.003557497631744865,-0.0036113340352549907,-0.0036113340352549907,-0.0036311753050962607
2022-11-23,0.0014550347405150655,0.0014550347405150655,0.0014351934706737957,-0.014238017541405678,-0.014238017541405678,-0.014257858811246948
2022-11-25,0.001529467046161691,0.001529467046161691,0.0015096257763204213,0.006265679543763054,0.006265679543763054,0.006245838273921785
2022-11-28,-0.0044982727550352845,-0.0044982727550352845,-0.004518114024876554,0.005559984091054247,0.005559984091054247,0.0055401428212129775
2022-11-29,0.003772638310622184,0.003772638310622184,0.003752797040780914,0.0014684555500158525,0.0014684555500158525,0.0014486142801745827
2022-11-30,0.0010783076773289947,0.0010783076773289947,0.0010584664074877249,-0.020630359928473438,-0.020630359928473438,-0.02065020119831471
2022-12-01,-0.0029746055716402976,-0.00016609493334242536,-0.0021811985603999817,-0.011321525365664291,-0.010342801961408972,-0.011055372844468423
2022-12-02,-0.00011859855240834967,-0.00011859855240834967,-0.00013843982224961951,0.01131803379711322,0.01131803379711322,0.01129819252727195
2022-12-05,0.0051017472042870155,0.0051017472042870155,0.005081905934445746,0.010970379031423661,0.010970379031423661,0.01095053776158239
2022-12-06,0.001490165337630267,0.001490165337630267,0.0014703240677889971,0.009635676574410126,0.009635676574410126,0.009615835304568856
2022-12-07,-0.004201832338913782,-0.004201832338913782,-0.004221673608755052,0.0066353641979895045,0.0066353641979895045,0.006615522928148235
2022-12-08,-0.004136372224944996,-0.004136372224944996,-0.0041562134947862655,-0.017270336930964733,-0.017270336930964733,-0.017290178200806004
2022-12-09,0.0018464911919775359,0.0018464911919775359,0.001826649922136266,-0.015920279796271676,-0.015920279796271676,-0.015940121066112947
2022-12-12,0.001206764392421615,0.001206764392421615,0.0011869231225803453,0.005065192356860971,0.005065192356860971,0.005045351087019701
2022-12-13,-0.003755845244064279,-0.003755845244064279,-0.003775686513905549,-0.023785315318879664,-0.023785315318879664,-0.023805156588720934
2022-12-14,0.0005919676474233657,0.0005919676474233657,0.0005721263775820959,0.012650354693525467,0.012650354693525467,0.012630513423684197
2022-12-15,0.00044742536849610255,0.00044742536849610255,0.00042758409865483273,0.029167830948172137,0.029167830948172137,0.029147989678330866
2022-12-16,0.0018919954953870734,0.0018919954953870734,0.0018721542255458036,0.012482643424579125,0.012482643424579125,0.012462802154737855
2022-12-19,0.0012661285885938478,0.0012661285885938478,0.001246287318752578,0.013037574647043942,0.013037574647043942,0.013017733377202672
2022-12-20,0.001274483741660695,0.001274483741660695,0.0012546424718194251,0.007660677519344618,0.007660677519344618,0.007640836249503348
2022-12-21,-0.003709268050925458,-0.003709268050925458,-0.003729109320766728,-0.00676616870296906,-0.00676616870296906,-0.00678600997281033
2022-12-22,0.00792950889913791,0.00792950889913791,0.00790966762929664,0.009777909407565833,0.009777909407565833,0.009758068137724563
2022-12-23,0.003132242539405533,0.003132242539405533,0.003112401269564263,0.00981340338368715,0.00981340338368715,0.00979356211384588
2022-12-27,0.005110361574501796,0.005110361574501796,0.005090520304660526,0.013864363809993169,0.013864363809993169,0.013844522540151899
2022-12-28,0.007595248564239915,0.007595248564239915,0.007575407294398645,8.169242607182318e-05,8.169242607182318e-05,6.185115623055334e-05
2022-12-29,0.0005100032224472553,0.0005100032224472553,0.0004901619526059854,-0.03423085875072697,-0.03423085875072697,-0.03425070002056824
2022-12-30,-0.0018250436412279134,-0.0018250436412279134,-0.0018448849110691832,0.003719975537449797,0.003719975537449797,0.003700134267608527
2023-01-03,-0.01346302762937418,-0.010504694296040848,-0.012627898276193946,-0.02448667014142551,-0.023486670141425508,-0.02421283076595474
2023-01-04,0.0020593558461222392,0.0020593558461222392,0.002039514576280969,-0.031929130284478434,-0.031929130284478434,-0.0319489715543197
2023-01-05,0.0001713103759994701,0.0001713103759994701,0.00015146910615820025,0.01584604616850299,0.01584604616850299,0.015826204898661718
2023-01-06,0.0040972607942678626,0.0040972607942678626,0.004077419524426593,0.001329150399216563,0.001329150399216563,0.0013093091293752933
2023-01-09,0.0002668397134588361,0.0002668397134588361,0.0002469984436175663,-0.01875204335820659,-0.01875204335820659,-0.01877188462804786
2023-01-10,0.0019134285566549595,0.0019134285566549595,0.0018935872868136897,-0.009783086160812976,-0.009783086160812976,-0.009802927430654246
2023-01-11,0.007413752451296234,0.007413752451296234,0.007393911181454964,-0.018149450664267874,-0.018149450664267874,-0.018169291934109145
2023-01-12,-0.0004886535129152577,-0.0004886535129152577,-0.0005084947827565275,0.0035026736235720286,0.0035026736235720286,0.0034828323537307586
2023-01-13,-0.005073894182934258,-0.005073894182934258,-0.005093735452775527,-0.004156422981759014,-0.004156422981759014,-0.004176264251600284
2023-01-17,0.0029214727065554084,0.0029214727065554084,0.0029016314367141384,-0.004851935432790801,-0.004851935432790801,-0.004871776702632071
2023-01-18,-0.0023601220488805013,-0.0023601220488805013,-0.0023799633187217713,-0.005310688479446527,-0.005310688479446527,-0.005330529749287796
2023-01-19,-0.005381326197259425,-0.005381326197259425,-0.005401167467100694,0.014093762640849628,0.014093762640849628,0.014073921371008357
2023-01-20,0.001165601909440697,0.001165601909440697,0.0011457606395994272,-0.027215978364898905,-0.027215978364898905,-0.027235819634740175
2023-01-23,-0.004646158062047764,-0.004646158062047764,-0.004665999331889033,-0.03237879939725001,-0.03237879939725001,-0.03239864066709128
2023-01-24,0.0075449805340800525,0.0075449805340800525,0.007525139264238783,0.006817538371372881,0.006817538371372881,0.006797697101531611
2023-01-25,-8.414399709866043e-05,-8.414399709866043e-05,-0.00010398526693993027,-0.0004069172270357051,-0.0004069172270357051,-0.00042675849687697496
2023-01-26,1.268075618959981e-05,1.268075618959981e-05,-7.1605136516700284e-06,-0.0035479904468240157,-0.0035479904468240157,-0.0035678317166652858
2023-01-27,0.010327737772901269,0.010327737772901269,0.010307896503059999,-0.0183991844888494,-0.0183991844888494,-0.01841902575869067
2023-01-30,-3.249782375327982e-05,-3.249782375327982e-05,-5.233909359454966e-05,0.01207324672307907,0.01207324672307907,0.0120534054532378
2023-01-31,0.004311615392030193,0.004311615392030193,0.004291774122188923,-0.00797378627165717,-0.00797378627165717,-0.007993627541498441
2023-02-01,-0.009985259431936946,-0.006985259431936947,-0.00912684381658916,-0.0315528221638481,-0.030511155497181437,-0.0312668825435939
2023-02-02,-0.00849310878313752,-0.00849310878313752,-0.00851295005297879,-0.06406034467420604,-0.06406034467420604,-0.06408018594404731
2023-02-03,0.0006206848248219501,0.0006206848248219501,0.0006008435549806803,0.02194368902079595,0.02194368902079595,0.02192384775095468
2023-02-06,0.008631407488982442,0.008631407488982442,0.008611566219141172,0.017079614724971912,0.017079614724971912,0.017059773455130642
2023-02-07,-0.010233301192114373,-0.010233301192114373,-0.010253142461955644,-0.006102141311618188,-0.006102141311618188,-0.006121982581459458
2023-02-08,-0.003932024167432599,-0.003932024167432599,-0.003951865437273869,0.019580960952997002,0.019580960952997002,0.01956111968315573
2023-02-09,0.0033168066264691147,0.0033168066264691147,0.0032969653566278447,0.008708596491041727,0.008708596491041727,0.008688755221200457
2023-02-10,0.004187059818472306,0.004187059818472306,0.004167218548631037,0.030782632483435494,0.030782632483435494,0.030762791213594223
2023-02-13,-0.0031485821055257223,-0.0031485821055257223,-0.0031684233753669923,-0.013509133289997935,-0.013509133289997935,-0.013528974559839205
2023-02-14,-0.00913814436532147,-0.00913814436532147,-0.00915798563516274,-0.006764465973561858,-0.006764465973561858,-0.006784307243403127
2023-02-15,-0.00021156524454943348,-0.00021156524454943348,-0.00023140651439070332,-0.014643062383378817,-0.014643062383378817,-0.014662903653220087
2023-02-16,0.0048007458219971495,0.0048007458219971495,0.00478090455215588,0.008785993014698694,0.008785993014698694,0.008766151744857424
2023-02-17,0.015200881244281877,0.015200881244281877,0.015181039974440607,0.0034323208175002385,0.0034323208175002385,0.0034124795476589685
2023-02-21,0.005253845565233309,0.005253845565233309,0.005234004295392039,0.02615390043951414,0.02615390043951414,0.02613405916967287
2023-02-22,0.0015730518905022386,0.0015730518905022386,0.0015532106206609688,-0.003633791537407125,-0.003633791537407125,-0.003653632807248395
2023-02-23,-0.0034459544491974086,-0.0034459544491974086,-0.0034657957190386787,0.002190874352715502,0.002190874352715502,0.002171033082874232
2023-02-24,0.007633243820295805,0.007633243820295805,0.007613402550454535,0.01683717978612047,0.01683717978612047,0.0168173385162792
2023-02-27,-0.007761611258182659,-0.007761611258182659,-0.007781452528023929,0.001593977789518281,0.001593977789518281,0.0015741365196770111
2023-02-28,-0.006276606441422493,-0.006276606441422493,-0.0062964477112637625,-0.009771933234323018,-0.009771933234323018,-0.009791774504164288
2023-03-01,-0.008048112494881932,-0.0050064458282152655,-0.007236581855852791,0.020712686600327133,0.0220043532669938,0.02107263999955775
2023-03-02,-0.0006196577113365355,-0.0006196577113365355,-0.0006394989811778053,-0.0036781670218336672,-0.0036781670218336672,-0.0036980082916749373
2023-03-03,-0.0052799946233100985,-0.0052799946233100985,-0.005299835893151368,-0.005220304286853055,-0.005220304286853055,-0.005240145556694324
2023-03-06,-0.00688367194015381,-0.00688367194015381,-0.0069035132099950795,0.010069341051878452,0.010069341051878452,0.010049499782037181
2023-03-07,-0.007925186842276482,-0.007925186842276482,-0.007945028112117752,0.002468466342347185,0.002468466342347185,0.002448625072505915
2023-03-08,0.0002439698102115797,0.0002439698102115797,0.00022412854037030987,-0.0073763541881136235,-0.0073763541881136235,-0.007396195457954893
2023-03-09,0.003297883723164617,0.003297883723164617,0.003278042453323347,0.007592546599695112,0.007592546599695112,0.007572705329853842
2023-03-10,-0.0002215637450754277,-0.0002215637450754277,-0.00024140501491669755,0.009785624342935404,0.009785624342935404,0.009765783073094133
2023-03-13,-0.0047852941684169885,-0.0047852941684169885,-0.004805135438258258,-0.010219004668303253,-0.010219004668303253,-0.010238845938144524
2023-03-14,0.0018397906701979232,0.0018397906701979232,0.0018199494003566534,-0.0003219570820671635,-0.0003219570820671635,-0.0003417983519084333
2023-03-15,0.01052107901247177,0.01052107901247177,0.010501237742630499,-0.029690099682290083,-0.029690099682290083,-0.029709940952131354
2023-03-16,-0.0023003014569099494,-0.0023003014569099494,-0.0023201427267512194,0.0007373013408814915,0.0007373013408814915,0.0007174600710402217
2023-03-17,0.008091655800041304,0.008091655800041304,0.008071814530200033,-0.004833255938088357,-0.004833255938088357,-0.0048530972079296264
2023-03-20,-0.0007162395802594475,-0.0007162395802594475,-0.0007360808501007173,0.012630445831242867,0.012630445831242867,0.012610604561401596
2023-03-21,-0.006287959629357491,-0.006287959629357491,-0.00630780089919876,-0.0014090316513382952,-0.0014090316513382952,-0.001428872921179565
2023-03-22,-0.0018740113475256375,-0.0018740113475256375,-0.0018938526173669073,0.0044703144911492415,0.0044703144911492415,0.004450473221307972
2023-03-23,0.004414029209781368,0.004414029209781368,0.004394187939940099,-0.0071036492856666085,-0.0071036492856666085,-0.007123490555507878
2023-03-24,0.005576554906863285,0.005576554906863285,0.0055567136370220154,8.179949516221919e-05,8.179949516221919e-05,6.195822532094935e-05
2023-03-27,-0.001238039000961063,-0.001238039000961063,-0.0012578802708023329,0.007194754784791996,0.007194754784791996,0.007174913514950727
2023-03-28,-0.002624850705959242,-0.002624850705959242,-0.0026446919758005122,0.008459632844986707,0.008459632844986707,0.008439791575145437
2023-03-29,-0.005261502406284479,-0.005261502406284479,-0.005281343676125748,-0.009982339776968028,-0.009982339776968028,-0.010002181046809298
2023-03-30,-0.00194980018366326,-0.00194980018366326,-0.0019696414535045298,-0.005278183534951658,-0.005278183534951658,-0.005298024804792928
2023-03-31,0.002662816240500486,0.002662816240500486,0.002642974970659216,-0.007581755857740995,-0.007581755857740995,-0.007601597127582265
2023-04-03,5.938201343728619e-07,0.002792260486801039,0.0007968931969913266,0.011775513573825374,0.012858846907158708,0.012073848440532112
2023-04-04,-0.019358684123220657,-0.019358684123220657,-0.019378525393061927,-0.015933011519578086,-0.015933011519578086,-0.015952852789419356
2023-04-05,-0.005908494253115185,-0.005908494253115185,-0.005928335522956455,0.008490524838001619,0.008490524838001619,0.008470683568160348
2023-04-06,-0.0042098430359755815,-0.0042098430359755815,-0.004229684305816851,-0.006897466576925838,-0.006897466576925838,-0.006917307846767108
2023-04-10,0.006943052828606986,0.006943052828606986,0.006923211558765716,0.005793504238995151,0.005793504238995151,0.005773662969153881
2023-04-11,0.011492345889741852,0.011492345889741852,0.011472504619900582,-0.002936017705618313,-0.002936017705618313,-0.002955858975459583
2023-04-12,-0.008535794195277531,-0.008535794195277531,-0.008555635465118802,0.017021446664410134,0.017021446664410134,0.017001605394568863
2023-04-13,-0.005723965019880948,-0.005723965019880948,-0.005743806289722217,-0.014207748095471184,-0.014207748095471184,-0.014227589365312454
2023-04-14,0.0031084542880025325,0.0031084542880025325,0.0030886130181612625,0.00421202892762208,0.00421202892762208,0.004192187657780811
2023-04-17,0.00810420643605813,0.00810420643605813,0.00808436516621686,-0.0050361198258494794,-0.0050361198258494794,-0.005055961095690749
2023-04-18,0.001262806812015975,0.001262806812015975,0.0012429655421747053,0.009396550424141548,0.009396550424141548,0.009376709154300278
2023-04-19,0.004921859959130937,0.004921859959130937,0.004902018689289667,-0.005921231023007665,-0.005921231023007665,-0.005941072292848935
2023-04-20,-0.006688793365149956,-0.006688793365149956,-0.006708634634991225,0.018917654292033147,0.018917654292033147,0.018897813022191876
2023-04-21,-0.008490914875448279,-0.008490914875448279,-0.008510756145289549,-0.005824855837688853,-0.005824855837688853,-0.005844697107530122
2023-04-24,-0.0005499694457900988,-0.0005499694457900988,-0.0005698107156313686,0.00435699605964722,0.00435699605964722,0.00433715478980595
2023-04-25,-0.014580624079629522,-0.014580624079629522,-0.014600465349470793,0.011988969604120336,0.011988969604120336,0.011969128334279065
2023-04-26,0.003002229077505969,0.003002229077505969,0.002982387807664699,-3.133782599288237e-05,-3.133782599288237e-05,-5.117909583415221e-05
2023-04-27,-0.0006396600915446913,-0.0006396600915446913,-0.0006595013613859611,-0.014417202520341722,-0.014417202520341722,-0.014437043790182992
2023-04-28,0.011561948442192042,0.011561948442192042,0.011542107172350772,-0.012386635879272582,-0.012386635879272582,-0.012406477149113852
2023-05-01,0.0006154816303641747,0.0035738149636975075,0.0014478227778263492,0.008533852589139758,0.010033852589139757,0.008954954849874781
2023-05-02,-0.0030521126667749695,-0.0030521126667749695,-0.0030719539366162395,0.008640183764889077,0.008640183764889077,0.008620342495047806
2023-05-03,-0.009586187142235579,-0.009586187142235579,-0.00960602841207685,-0.010975784882880677,-0.010975784882880677,-0.010995626152721948
2023-05-04,-0.0027041650219866405,-0.0027041650219866405,-0.0027240062918279105,0.0020273529799320284,0.0020273529799320284,0.0020075117100907583
2023-05-05,-0.00023450264625404782,-0.00023450264625404782,-0.00025434391609531763,-0.012126310954273507,-0.012126310954273507,-0.012146152224114777
2023-05-08,0.001847912207305638,0.001847912207305638,0.0018280709374643683,0.005963446743921782,0.005963446743921782,0.005943605474080512
2023-05-09,-0.0005253751712065806,-0.0005253751712065806,-0.0005452164410478504,0.0035626527490400283,0.0035626527490400283,0.0035428114791987582
2023-05-10,0.002111595257229944,0.002111595257229944,0.002091753987388674,0.0035360312717642867,0.0035360312717642867,0.0035161900019230166
2023-05-11,-0.0021603978594071246,-0.0021603978594071246,-0.0021802391292483946,0.00724599078265351,0.00724599078265351,0.00722614951281224
2023-05-12,0.008361890785524495,0.008361890785524495,0.008342049515683224,0.017783969260946858,0.017783969260946858,0.017764127991105588
2023-05-15,0.005598589039446234,0.005598589039446234,0.005578747769604964,-0.016182915982126705,-0.016182915982126705,-0.016202757251967976
2023-05-16,-0.0012336943873650303,-0.0012336943873650303,-0.0012535356572063,0.005993726142405976,0.005993726142405976,0.005973884872564707
2023-05-17,0.006756672569365489,0.006756672569365489,0.006736831299524219,-0.012780101355107494,-0.012780101355107494,-0.012799942624948765
2023-05-18,0.004746369572718019,0.004746369572718019,0.0047265283028767495,0.0050470351540629135,0.0050470351540629135,0.005027193884221644
2023-05-19,0.006394665780608816,0.006394665780608816,0.006374824510767547,0.008923846249080328,0.008923846249080328,0.008904004979239058
2023-05-22,0.006453750151165157,0.006453750151165157,0.0064339088813238875,-0.018463002090141643,-0.018463002090141643,-0.018482843359982914
2023-05-23,0.0018467507588937218,0.0018467507588937218,0.001826909489052452,-0.01075778343863431,-0.01075778343863431,-0.01077762470847558
2023-05-24,-0.0032993300363188837,-0.0032993300363188837,-0.0033191713061601538,0.011475141260340098,0.011475141260340098,0.011455299990498827
2023-05-25,0.00912156668135163,0.00912156668135163,0.00910172541151036,0.020349598300966498,0.020349598300966498,0.020329757031125228
2023-05-26,0.0069749823492177305,0.0069749823492177305,0.006955141079376461,-0.008166285287774938,-0.008166285287774938,-0.008186126557616209
2023-05-30,0.0021834420085431096,0.0021834420085431096,0.0021636007387018396,-0.0023593777784055156,-0.0023593777784055156,-0.0023792190482467856
2023-05-31,-0.0006728836635719144,-0.0006728836635719144,-0.0006927249334131842,0.0034691173783864063,0.0034691173783864063,0.0034492761085451362
2023-06-01,-0.004390265018955002,-0.0013485983522883351,-0.0035657678380739775,-0.0061729292220708935,-0.0046312625554042275,-0.005739876686431931
2023-06-02,0.007717642953531587,0.007717642953531587,0.007697801683690318,-0.016162049843364328,-0.016162049843364328,-0.016181891113205598
2023-06-05,0.006457634947331112,0.006457634947331112,0.006437793677489843,0.007097909462925293,0.007097909462925293,0.0070780681930840235
2023-06-06,0.001207345698426304,0.001207345698426304,0.0011875044285850342,-0.020083975013329192,-0.020083975013329192,-0.020103816283170463
2023-06-07,0.009465891760256424,0.009465891760256424,0.009446050490415154,-0.022914332096806038,-0.022914332096806038,-0.02293417336664731
2023-06-08,-0.00466198448203878,-0.00466198448203878,-0.004681825751880049,0.01251290214077307,0.01251290214077307,0.0124930608709318
2023-06-09,-0.002935543421162855,-0.002935543421162855,-0.002955384691004125,0.007234835244369079,0.007234835244369079,0.007214993974527809
2023-06-12,-0.014763051589097265,-0.014763051589097265,-0.014782892858938535,0.00022620797485494327,0.00022620797485494327,0.00020636670501367343
2023-06-13,-0.002940768733631881,-0.002940768733631881,-0.002960610003473151,-0.010379772922452424,-0.010379772922452424,-0.010399614192293695
2023-06-14,-0.001259446925938467,-0.001259446925938467,-0.0012792881957797368,0.008590403605868917,0.008590403605868917,0.008570562336027647
2023-06-15,0.005135595969340294,0.005135595969340294,0.005115754699499025,-0.0036730412094125972,-0.0036730412094125972,-0.0036928824792538673
2023-06-16,0.003407579285429417,0.003407579285429417,0.003387738015588147,-0.001344564046418003,-0.001344564046418003,-0.0013644053162592729
2023-06-20,-0.00011853337033258067,-0.00011853337033258067,-0.0001383746401738505,0.005663628003487015,0.005663628003487015,0.005643786733645745
2023-06-21,0.005683265632326294,0.005683265632326294,0.005663424362485024,0.00988005440169645,0.00988005440169645,0.00986021313185518
2023-06-22,-0.004928680804104544,-0.004928680804104544,-0.004948522073945813,0.010031340161454697,0.010031340161454697,0.010011498891613426
2023-06-23,-0.003179479479377124,-0.003179479479377124,-0.003199320749218394,0.0021483511089092243,0.0021483511089092243,0.0021285098390679542
2023-06-26,0.012200340727553058,0.012200340727553058,0.012180499457711788,-0.009337989700806362,-0.009337989700806362,-0.009357830970647633
2023-06-27,-0.004637102009585337,-0.004637102009585337,-0.004656943279426606,-0.007021630789096214,-0.007021630789096214,-0.007041472058937483
2023-06-28,-0.008803181005067768,-0.008803181005067768,-0.008823022274909038,-0.001006957520985239,-0.001006957520985239,-0.0010267987908265089
2023-06-29,0.0023138580961439515,0.0023138580961439515,0.0022940168263026815,-0.003958023624020715,-0.003958023624020715,-0.003977864893861985
2023-06-30,-0.007388498734473133,-0.007388498734473133,-0.007408340004314402,0.004124934914706316,0.004124934914706316,0.0041050936448650465
2023-07-03,-0.0018896307726591966,0.0010687025606741362,-0.0010442678072770692,-0.013571679857644342,-0.012280013190977676,-0.013210366464477688
2023-07-05,0.005082001774226255,0.005082001774226255,0.005062160504384986,-0.0009928072597734532,-0.0009928072597734532,-0.001012648529614723
2023-07-06,0.006338198563846941,0.006338198563846941,0.0063183572940056715,-0.003004584361131689,-0.003004584361131689,-0.003024425630972959
2023-07-07,-0.014366598875595946,-0.014366598875595946,-0.014386440145437216,-0.011624452884547127,-0.011624452884547127,-0.011644294154388397
2023-07-10,-0.0072015831619841025,-0.0072015831619841025,-0.007221424431825372,0.017124660798034604,0.017124660798034604,0.017104819528193333
2023-07-11,-0.003425854669227315,-0.003425854669227315,-0.003445695939068585,-0.018364826774100614,-0.018364826774100614,-0.018384668043941885
2023-07-12,0.00017263786134506516,0.00017263786134506516,0.00015279659150379532,0.003509571774802581,0.003509571774802581,0.003489730504961311
2023-07-13,0.0025851112302779367,0.0025851112302779367,0.0025652699604366666,-0.0015900928422208384,-0.0015900928422208384,-0.0016099341120621082
2023-07-14,0.008716919750136463,0.008716919750136463,0.008697078480295193,0.01165101155488666,0.01165101155488666,0.01163117028504539
2023-07-17,-0.0022513626972619524,-0.0022513626972619524,-0.0022712039671032224,0.017844140958526024,0.017844140958526024,0.017824299688684753
2023-07-18,-0.008674478678228252,-0.008674478678228252,-0.008694319948069523,-0.010333083627038431,-0.010333083627038431,-0.010352924896879702
2023-07-19,-0.002907548466245577,-0.002907548466245577,-0.002927389736086847,-0.03435765862491452,-0.03435765862491452,-0.03437749989475579
2023-07-20,0.003599438482465635,0.003599438482465635,0.003579597212624365,-0.011992733349811794,-0.011992733349811794,-0.012012574619653065
2023-07-21,0.0022372803871725964,0.0022372803871725964,0.0022174391173313264,-0.0001937692326156339,-0.0001937692326156339,-0.00021361050245690373
2023-07-24,-0.0007726386781262003,-0.0007726386781262003,-0.0007924799479674702,-0.012016215464975059,-0.012016215464975059,-0.01203605673481633
2023-07-25,0.000943629735418471,0.000943629735418471,0.0009237884655772012,0.012776223413147353,0.012776223413147353,0.012756382143306082
2023-07-26,-0.004482261844789786,-0.004482261844789786,-0.004502103114631056,-0.022828467057027117,-0.022828467057027117,-0.022848308326868388
2023-07-27,-0.002427377978577571,-0.002427377978577571,-0.002447219248418841,0.011832784641423068,0.011832784641423068,0.011812943371581798
2023-07-28,0.008478143057804704,0.008478143057804704,0.008458301787963434,8.995074549663241e-05,8.995074549663241e-05,7.010947565536257e-05
2023-07-31,-0.0038678372860058473,-0.0038678372860058473,-0.0038876785558471173,0.002222843524820733,0.002222843524820733,0.002203002254979463
2023-08-01,0.0005061303523542196,0.0030894636856875525,0.0012216644122638109,0.005565633424041542,0.006482300090708208,0.0058164035642408315
2023-08-02,0.00845277631426249,0.00845277631426249,0.00843293504442122,-0.00761929471702136,-0.00761929471702136,-0.00763913598686263
2023-08-03,0.002302944755871939,0.002302944755871939,0.002283103486030669,0.005182276491262401,0.005182276491262401,0.005162435221421131
2023-08-04,-0.002614084846574432,-0.002614084846574432,-0.002633926116415702,-0.001343624027027022,-0.001343624027027022,-0.0013634652968682918
2023-08-07,-0.00020971222502944964,-0.00020971222502944964,-0.00022955349487071948,0.01341877186469863,0.01341877186469863,0.01339893059485736
2023-08-08,0.004828779963261199,0.004828779963261199,0.0048089386934199296,-0.0002825008791938451,-0.0002825008791938451,-0.0003023421490351149
2023-08-09,0.0026417114274508782,0.0026417114274508782,0.002621870157609608,-0.0016811568649176753,-0.0016811568649176753,-0.0017009981347589451
2023-08-10,9.87045128922363e-05,9.87045128922363e-05,7.886324305096646e-05,-0.001833723165668072,-0.001833723165668072,-0.0018535644355093417
2023-08-11,0.0035555652030597115,0.0035555652030597115,0.0035357239332184415,-0.00617415653078259,-0.00617415653078259,-0.0061939978006238594
2023-08-14,0.0039349046557642185,0.0039349046557642185,0.003915063385922949,0.016858750708077436,0.016858750708077436,0.016838909438236165
2023-08-15,0.0019317856910874515,0.0019317856910874515,0.0019119444212461817,0.00820615669680513,0.00820615669680513,0.00818631542696386
2023-08-16,0.0015227037637116864,0.0015227037637116864,0.0015028624938704166,-0.003126679865351413,-0.003126679865351413,-0.0031465211351926832
2023-08-17,0.0007123598321726527,0.0007123598321726527,0.0006925185623313829,-0.015426797354900665,-0.015426797354900665,-0.015446638624741936
2023-08-18,-0.0006803356524078701,-0.0006803356524078701,-0.00070017692224914,0.0028205556000900607,0.0028205556000900607,0.0028007143302487907
2023-08-21,0.0013994716833130427,0.0013994716833130427,0.0013796304134717728,0.008505755046061075,0.008505755046061075,0.008485913776219805
2023-08-22,0.003624338112354006,0.003624338112354006,0.003604496842512736,0.00995256719257739,0.00995256719257739,0.00993272592273612
2023-08-23,0.0014459219980326407,0.0014459219980326407,0.0014260807281913708,0.0022634800040093237,0.0022634800040093237,0.0022436387341680537
2023-08-24,0.0013926832484749381,0.0013926832484749381,0.0013728419786336683,-0.010997904833053166,-0.010997904833053166,-0.011017746102894436
2023-08-25,0.00244427024952326,0.00244427024952326,0.00242442897968199,0.0072636676338114535,0.0072636676338114535,0.007243826363970184
2023-08-28,-0.0007611813428498958,-0.0007611813428498958,-0.0007810226126911656,-0.007198553674151333,-0.007198553674151333,-0.007218394943992602
2023-08-29,-0.0054027737272920135,-0.0054027737272920135,-0.005422614997133283,0.0030485064712529723,0.0030485064712529723,0.0030286652014117022
2023-08-30,0.0008103799531757831,0.0008103799531757831,0.0007905386833345132,0.004705894563101391,0.004705894563101391,0.004686053293260122
2023-08-31,0.0010076628393456619,0.0010076628393456619,0.000987821569504392,0.005197887015600995,0.005197887015600995,0.005178045745759726
2023-09-01,-0.0025100073224296007,0.000323326010903732,-0.001699283006651409,0.001432081213219454,0.002640414546552787,0.0017680519262047898
2023-09-05,-0.00044410897974130016,-0.00044410897974130016,-0.00046395024958256997,-0.000692139789117594,-0.000692139789117594,-0.0007119810589588638
2023-09-06,0.0006491837404558748,0.0006491837404558748,0.000629342470614605,0.014178856773970948,0.014178856773970948,0.014159015504129678
2023-09-07,0.0034367976545331413,0.0034367976545331413,0.0034169563846918713,0.00021743930098886213,0.00021743930098886213,0.0001975980311475923
2023-09-08,0.004332795306089966,0.004332795306089966,0.004312954036248697,-0.004346673388246287,-0.004346673388246287,-0.004366514658087557
2023-09-11,0.0004835747099987893,0.0004835747099987893,0.0004637334401575195,0.007762184108437718,0.007762184108437718,0.0077423428385964485
2023-09-12,0.009687370023975414,0.009687370023975414,0.009667528754134144,-0.019797222084585522,-0.019797222084585522,-0.019817063354426793
2023-09-13,0.00033742940261932437,0.00033742940261932437,0.00031758813277805455,-0.0038429772078329115,-0.0038429772078329115,-0.0038628184776741815
2023-09-14,0.0006034323055687405,0.0006034323055687405,0.0005835910357274707,-0.008361254327544119,-0.008361254327544119,-0.00838109559738539
2023-09-15,0.003331155199562343,0.003331155199562343,0.003311313929721073,-0.015297896557934126,-0.015297896557934126,-0.015317737827775397
2023-09-18,0.001571050534352946,0.001571050534352946,0.0015512092645116762,0.01329708158161378,0.01329708158161378,0.01327724031177251
2023-09-19,0.005005726946933449,0.005005726946933449,0.004985885677092179,-0.0036288979006868618,-0.0036288979006868618,-0.0036487391705281318
2023-09-20,0.006956840817109717,0.006956840817109717,0.006936999547268448,-0.0036411059424098268,-0.0036411059424098268,-0.003660947212251097
2023-09-21,0.010215130783459581,0.010215130783459581,0.01019528951361831,-0.0037229568012570264,-0.0037229568012570264,-0.0037427980710982964
2023-09-22,-0.004125036239918745,-0.004125036239918745,-0.0041448775097600145,0.009565317803871355,0.009565317803871355,0.009545476534030085
2023-09-25,0.0025082866170613605,0.0025082866170613605,0.0024884453472200905,0.0007970815764531961,0.0007970815764531961,0.0007772403066119263
2023-09-26,-0.007441890122028033,-0.007441890122028033,-0.007461731391869303,0.004237967805125845,0.004237967805125845,0.004218126535284575
2023-09-27,-0.005071116499655644,-0.005071116499655644,-0.005090957769496913,0.014796728651358167,0.014796728651358167,0.014776887381516897
2023-09-28,-0.008156400521232149,-0.008156400521232149,-0.00817624179107342,0.004249638122521568,0.004249638122521568,0.004229796852680298
2023-09-29,-0.0006637695996736899,-0.0006637695996736899,-0.0006836108695149597,-0.015216916259888778,-0.015216916259888778,-0.015236757529730048
2023-10-02,-0.014666074676998216,-0.01224940801033155,-0.013986584790195905,0.015888717477879233,0.0170553841445459,0.01621205438377539
2023-10-03,0.01481186657237227,0.01481186657237227,0.014792025302530999,-0.0018170432528330856,-0.0018170432528330856,-0.0018368845226743554
2023-10-04,-0.0004108774876557344,-0.0004108774876557344,-0.0004307187574970042,0.004685125049187348,0.004685125049187348,0.004665283779346078
2023-10-05,-0.002340294946400987,-0.002340294946400987,-0.002360136216242257,0.003274456245836336,0.003274456245836336,0.003254614975995066
2023-10-06,-0.006095604984792076,-0.006095604984792076,-0.006115446254633346,0.011944288787292442,0.011944288787292442,0.011924447517451172
2023-10-09,0.003104794952981499,0.003104794952981499,0.003084953683140229,0.001865988193944001,0.001865988193944001,0.001846146924102731
2023-10-10,-0.0030405814587094416,-0.0030405814587094416,-0.0030604227285507117,-0.007795844169524751,-0.007795844169524751,-0.00781568543936602
2023-10-11,0.008848550127422477,0.008848550127422477,0.008828708857581207,0.00827577271474555,0.00827577271474555,0.00825593144490428
2023-10-12,-0.0009803754900939692,-0.0009803754900939692,-0.001000216759935239,0.00976023293813854,0.00976023293813854,0.00974039166829727
2023-10-13,0.011812222770809708,0.011812222770809708,0.011792381500968438,-0.016492504064000206,-0.016492504064000206,-0.016512345333841476
2023-10-16,-0.0007118614843772083,-0.0007118614843772083,-0.0007317027542184781,-0.007717324732773569,-0.007717324732773569,-0.007737166002614838
2023-10-17,-0.0017563390043941977,-0.0017563390043941977,-0.0017761802742354675,-0.008238989104689436,-0.008238989104689436,-0.008258830374530707
2023-10-18,0.0019641956264329443,0.0019641956264329443,0.0019443543565916745,-0.0008430251912261758,-0.0008430251912261758,-0.0008628664610674456
2023-10-19,-0.0012194682063313197,-0.0012194682063313197,-0.0012393094761725895,0.004331559615839689,0.004331559615839689,0.004311718345998419
2023-10-20,0.00048560727215901547,0.00048560727215901547,0.00046576600231774566,0.011088185860918448,0.011088185860918448,0.011068344591077178
2023-10-23,-0.006055839778136374,-0.006055839778136374,-0.006075681047977644,0.013407228869650014,0.013407228869650014,0.013387387599808743
2023-10-24,0.00032427751122615645,0.00032427751122615645,0.00030443624138488663,0.0011586888506001133,0.0011586888506001133,0.0011388475807588435
2023-10-25,0.015885142021396348,0.015885142021396348,0.015865300751555077,-0.014707175169023087,-0.014707175169023087,-0.014727016438864357
2023-10-26,0.01142224114471379,0.01142224114471379,0.011402399874872519,-0.023589784431654538,-0.023589784431654538,-0.023609625701495808
2023-10-27,-0.01037503074441173,-0.01037503074441173,-0.010394872014253001,0.021617186110420763,0.021617186110420763,0.021597344840579492
2023-10-30,-0.008006812361235259,-0.008006812361235259,-0.00802665363107653,0.004255076852081513,0.004255076852081513,0.004235235582240243
2023-10-31,-0.006563026752141568,-0.006563026752141568,-0.006582868021982838,0.000253481913875986,0.000253481913875986,0.00023364064403471617
2023-11-01,-0.013136887999868372,-0.010386887999868373,-0.01235301416116931,0.037704611422766106,0.03866294475609944,0.03796688537295064
2023-11-02,-0.0028814332417945116,-0.0028814332417945116,-0.0029012745116357816,-0.017033628595779178,-0.017033628595779178,-0.01705346986562045
2023-11-03,0.0174235688644767,0.0174235688644767,0.01740372759463543,-0.012824071038678643,-0.012824071038678643,-0.012843912308519913
2023-11-06,-0.004769350832310858,-0.004769350832310858,-0.004789192102152127,0.012647050516707108,0.012647050516707108,0.012627209246865837
2023-11-07,-0.0012458392591985937,-0.0012458392591985937,-0.0012656805290398635,0.006555759671878269,0.006555759671878269,0.006535918402036999
2023-11-08,-0.005659977599837647,-0.005659977599837647,-0.005679818869678916,0.011483820819860841,0.011483820819860841,0.01146397955001957
2023-11-09,-0.0029735521967992947,-0.0029735521967992947,-0.0029933934666405647,0.010304742215832332,0.010304742215832332,0.010284900945991061
2023-11-10,-0.0024676574970109912,-0.0024676574970109912,-0.0024874987668522613,0.020490675451360844,0.020490675451360844,0.020470834181519574
2023-11-13,-0.0029839877479306037,-0.0029839877479306037,-0.0030038290177718738,0.0025026068418438118,0.0025026068418438118,0.0024827655720025417
2023-11-14,0.015254009959230094,0.015254009959230094,0.015234168689388823,-0.02422423598314405,-0.02422423598314405,-0.02424407725298532
2023-11-15,0.0031438769322031023,0.0031438769322031023,0.0031240356623618323,-0.026159728754150506,-0.026159728754150506,-0.026179570023991777
2023-11-16,-0.002502436064807681,-0.002502436064807681,-0.002522277334648951,0.014169175294539796,0.014169175294539796,0.014149334024698526
2023-11-17,-0.0014117137785860353,-0.0014117137785860353,-0.001431555048427305,-0.005042447567184959,-0.005042447567184959,-0.005062288837026229
2023-11-20,0.004545876598291225,0.004545876598291225,0.004526035328449955,0.002598154182971037,0.002598154182971037,0.002578312913129767
2023-11-21,0.004050625332582822,0.004050625332582822,0.004030784062741552,0.0038640521622184914,0.0038640521622184914,0.0038442108923772214
2023-11-22,0.0028789263322805307,0.0028789263322805307,0.0028590850624392607,-0.0008680476015311966,-0.0008680476015311966,-0.0008878888713724665
2023-11-24,-0.001485042210739839,-0.001485042210739839,-0.0015048834805811088,-0.002864249875219477,-0.002864249875219477,-0.002884091145060747
2023-11-27,-0.0030618384951548706,-0.0030618384951548706,-0.0030816797649961406,0.004691260298481811,0.004691260298481811,0.004671419028640542
2023-11-28,2.0946574481442437e-05,2.0946574481442437e-05,1.1053046401725992e-06,-0.013322810401096138,-0.013322810401096138,-0.013342651670937409
2023-11-29,0.0008940598037580046,0.0008940598037580046,0.0008742185339167348,-0.010913885867750588,-0.010913885867750588,-0.010933727137591859
2023-11-30,0.0004286396014326181,0.0004286396014326181,0.0004087983315913483,-0.0015973567140950599,-0.0015973567140950599,-0.0016171979839363297
2023-12-01,-0.024432977248219332,-0.021349643914886,-0.023551001266594554,-0.028299152817262727,-0.02725748615059606,-0.02801307948439573
2023-12-04,-0.0013618079387600558,-0.0013618079387600558,-0.0013816492086013257,-0.012372643382442976,-0.012372643382442976,-0.012392484652284246
2023-12-05,0.0037923475354742333,0.0037923475354742333,0.0037725062656329632,0.011501928979550229,0.011501928979550229,0.011482087709708958
2023-12-06,-0.000634523712865554,-0.000634523712865554,-0.0006543649827068238,-0.014227415385326797,-0.014227415385326797,-0.014247256655168067
2023-12-07,-0.010193701937834329,-0.010193701937834329,-0.0102135432076756,0.002245890679791777,0.002245890679791777,0.002226049409950507
2023-12-08,-0.008904630624100969,-0.008904630624100969,-0.00892447189394224,0.007221685777404688,0.007221685777404688,0.007201844507563418
2023-12-11,0.0015005256730375074,0.0015005256730375074,0.0014806844031962376,0.006797410874839921,0.006797410874839921,0.006777569604998652
2023-12-12,-0.0020956594143835294,-0.0020956594143835294,-0.0021155006842247994,0.010733467036977806,0.010733467036977806,0.010713625767136536
2023-12-13,-0.011126483091055983,-0.011126483091055983,-0.011146324360897254,-0.03312039009080884,-0.03312039009080884,-0.033140231360650106
2023-12-14,-0.04634243675216078,-0.04634243675216078,-0.046362278022002046,-0.03880827829404928,-0.03880827829404928,-0.03882811956389055
2023-12-15,-0.005161688485928998,-0.005161688485928998,-0.005181529755770267,0.015054967750499467,0.015054967750499467,0.015035126480658197
2023-12-18,0.0026648838123812064,0.0026648838123812064,0.0026450425425399364,0.011869207094606815,0.011869207094606815,0.011849365824765545
2023-12-19,-0.009424143864213107,-0.009424143864213107,-0.009443985134054377,-0.015512899886402797,-0.015512899886402797,-0.015532741156244067
2023-12-20,0.003774127551871002,0.003774127551871002,0.003754286282029732,0.007422718775186288,0.007422718775186288,0.007402877505345018
2023-12-21,-0.012450530783770024,-0.012450530783770024,-0.012470372053611295,-0.002424419044325942,-0.002424419044325942,-0.002444260314167212
2023-12-22,0.0031583701891817906,0.0031583701891817906,0.0031385289193405206,-0.0023502720345586967,-0.0023502720345586967,-0.0023701133043999667
2023-12-26,-0.0018527967563596987,-0.0018527967563596987,-0.0018726380262009685,-0.0014591508014884028,-0.0014591508014884028,-0.0014789920713296726
2023-12-27,-0.0016641801053154264,-0.0016641801053154264,-0.0016840213751566962,-0.00027255610620701115,-0.00027255610620701115,-0.00029239737604828096
2023-12-28,0.0013852934160996826,0.0013852934160996826,0.0013654521462584128,-0.0022619933498639285,-0.0022619933498639285,-0.0022818346197051986
2023-12-29,0.009230725058706809,0.009230725058706809,0.009210883788865538,0.00640026865403411,0.00640026865403411,0.00638042738419284
2024-01-02,0.0011337348905089794,0.0035920682238423122,0.0018265661084005721,-0.040308019748216455,-0.039183019748216454,-0.03999643837266078
2024-01-03,0.026631086065884872,0.026631086065884872,0.026611244796043602,0.010757839675461916,0.010757839675461916,0.010737998405620645
2024-01-04,-0.0030336797849597006,-0.0030336797849597006,-0.0030535210548009706,0.0012044477348028384,0.0012044477348028384,0.0011846064649615685
2024-01-05,-0.005874751641720766,-0.005874751641720766,-0.005894592911562036,0.00023158856137570755,0.00023158856137570755,0.0002117472915344377
2024-01-08,-0.01199279208288827,-0.01199279208288827,-0.01201263335272954,0.01189310426337857,0.01189310426337857,0.0118732629935373
2024-01-09,-0.003206891790647888,-0.003206891790647888,-0.0032267330604891582,0.007682594933600301,0.007682594933600301,0.007662753663759032
2024-01-10,-0.0010330847495130338,-0.0010330847495130338,-0.0010529260193543036,0.014389149582175657,0.014389149582175657,0.014369308312334387
2024-01-11,0.0025784595025154606,0.0025784595025154606,0.0025586182326741906,0.013816260638634045,0.013816260638634045,0.013796419368792775
2024-01-12,0.01706969393475001,0.01706969393475001,0.01704985266490874,0.005390995042995658,0.005390995042995658,0.005371153773154389
2024-01-16,0.004407533574672634,0.004407533574672634,0.0043876923048313645,0.018110050004877094,0.018110050004877094,0.018090208735035824
2024-01-17,0.004009400622293306,0.004009400622293306,0.0039895593524520365,0.004599731669756545,0.004599731669756545,0.004579890399915275
2024-01-18,-0.005010768057775256,-0.005010768057775256,-0.005030609327616525,0.01782734524146874,0.01782734524146874,0.01780750397162747
2024-01-19,-0.0005731637516829377,-0.0005731637516829377,-0.0005930050215242075,0.016008137111677066,0.016008137111677066,0.015988295841835795
2024-01-22,-0.0031451093204170493,-0.0031451093204170493,-0.0031649505902583194,0.0031890454530609236,0.0031890454530609236,0.0031692041832196535
2024-01-23,0.0016018308906948983,0.0016018308906948983,0.0015819896208536285,-0.007156343795714108,-0.007156343795714108,-0.007176185065555378
2024-01-24,0.0023789019807739253,0.0023789019807739253,0.0023590607109326553,0.012132282836005866,0.012132282836005866,0.012112441566164596
2024-01-25,-0.005366435370906454,-0.005366435370906454,-0.005386276640747724,-0.0014934799152323407,-0.0014934799152323407,-0.0015133211850736105
2024-01-26,-0.0037833856267939408,-0.0037833856267939408,-0.003803226896635211,-0.014086715108215684,-0.014086715108215684,-0.014106556378056955
2024-01-29,-0.0062722233770383705,-0.0062722233770383705,-0.00629206464687964,0.006434531054180074,0.006434531054180074,0.006414689784338804
2024-01-30,0.01225856388987837,0.01225856388987837,0.0122387226200371,-0.002123656642294791,-0.002123656642294791,-0.002143497912136061
2024-01-31,0.009599769911225202,0.009599769911225202,0.009579928641383932,0.000914042220450588,0.000914042220450588,0.0008942009506093182
2024-02-01,0.000207918553728266,0.0031245852203949324,0.0010372462344135443,-0.0010009621120646746,-9.621120646745654e-07,-0.0007261071840123707
2024-02-02,-0.0029739919253507214,-0.0029739919253507214,-0.0029938331951919915,0.024899885157042556,0.024899885157042556,0.024880043887201286
2024-02-05,-0.0019251270772235407,-0.0019251270772235407,-0.0019449683470648105,0.012293497919539573,0.012293497919539573,0.012273656649698303
2024-02-06,0.0017360464786070687,0.0017360464786070687,0.0017162052087657989,-0.01329595733203987,-0.01329595733203987,-0.01331579860188114
2024-02-07,-0.003744468261396249,-0.003744468261396249,-0.0037643095312375192,0.019548721435137792,0.019548721435137792,0.01952888016529652
2024-02-08,0.0016018626549583193,0.0016018626549583193,0.0015820213851170494,0.012539906672920775,0.012539906672920775,0.012520065403079504
2024-02-09,0.0028433935688729622,0.0028433935688729622,0.002823552299031692,0.010856769192606343,0.010856769192606343,0.010836927922765072
2024-02-12,-0.002971177963592013,-0.002971177963592013,-0.002991019233433283,-0.022173496626315223,-0.022173496626315223,-0.022193337896156493
2024-02-13,-0.002179843855948697,-0.002179843855948697,-0.002199685125789967,0.01244879018935234,0.01244879018935234,0.01242894891951107
2024-02-14,-0.004471006658445334,-0.004471006658445334,-0.004490847928286604,0.008136823319260213,0.008136823319260213,0.008116982049418943
2024-02-15,0.0026559839331783738,0.0026559839331783738,0.0026361426633371037,-0.017887213890534423,-0.017887213890534423,-0.017907055160375693
2024-02-16,0.0009465139541598518,0.0009465139541598518,0.000926672684318582,-0.006893485242108583,-0.006893485242108583,-0.006913326511949852
2024-02-20,0.00039950236574221043,0.00039950236574221043,0.0003796610959009406,-0.0016830191388924047,-0.0016830191388924047,-0.0017028604087336746
2024-02-21,0.0035390780857577145,0.0035390780857577145,0.0035192368159164445,-0.008132749418802241,-0.008132749418802241,-0.008152590688643511
2024-02-22,-0.004146772800317741,-0.004146772800317741,-0.0041666140701590105,0.0325237654697529,0.0325237654697529,0.03250392419991163
2024-02-23,0.005293882028473669,0.005293882028473669,0.0052740407586324,-0.0005897320617498617,-0.0005897320617498617,-0.0006095733315911315
2024-02-26,-0.001376429598400344,-0.001376429598400344,-0.0013962708682416138,0.017798883430741506,0.017798883430741506,0.017779042160900236
2024-02-27,-0.005392600744909987,-0.005392600744909987,-0.005412442014751257,-0.0064534801206515904,-0.0064534801206515904,-0.00647332139049286
2024-02-28,0.008585264975409812,0.008585264975409812,0.008565423705568542,0.00019169627835537162,0.00019169627835537162,0.00017185500851410178
2024-02-29,-0.0031342805275326553,-0.0031342805275326553,-0.0031541217973739253,0.0004609877656471849,0.0004609877656471849,0.0004411464958059151
2024-03-01,-0.011191621166920351,-0.008316621166920352,-0.0104203359126128,0.012967554384306757,0.014050887717640091,0.013266580361296474
2024-03-04,0.0025558655821245266,0.0025558655821245266,0.0025360243122832565,0.005942844310374254,0.005942844310374254,0.0059230030405329846
2024-03-05,-0.005291828204877705,-0.005291828204877705,-0.005311669474718975,-0.013669722088816887,-0.013669722088816887,-0.013689563358658157
2024-03-06,-0.0017789435730900549,-0.0017789435730900549,-0.0017987848429313247,-0.003327083485642632,-0.003327083485642632,-0.003346924755483902
2024-03-07,0.0015781507845641705,0.0015781507845641705,0.0015583095147229007,0.004081288693675776,0.004081288693675776,0.004061447423834507
2024-03-08,0.004812159172486447,0.004812159172486447,0.004792317902645177,-0.017282809217459043,-0.017282809217459043,-0.017302650487300314
2024-03-11,0.004985160825262612,0.004985160825262612,0.004965319555421343,-0.02276522182221278,-0.02276522182221278,-0.02278506309205405
2024-03-12,-0.0022595965479000634,-0.0022595965479000634,-0.0022794378177413335,0.025341910450048986,0.025341910450048986,0.025322069180207716
2024-03-13,-0.000993251849185116,-0.000993251849185116,-0.0010130931190263858,-0.009248412433467771,-0.009248412433467771,-0.009268253703309042
2024-03-14,-0.0009245804242587474,-0.0009245804242587474,-0.0009444216941000172,0.009231876035007606,0.009231876035007606,0.009212034765166336
2024-03-15,0.0005937598965271903,0.0005937598965271903,0.0005739186266859205,-0.01674709750319849,-0.01674709750319849,-0.01676693877303976
2024-03-18,-0.00029080441155827246,-0.00029080441155827246,-0.0003106456813995423,0.0043458017346346585,0.0043458017346346585,0.004325960464793389
2024-03-19,0.0027516212720347095,0.0027516212720347095,0.0027317800021934395,0.0045112160077033295,0.0045112160077033295,0.00449137473786206
2024-03-20,-0.008714155162946626,-0.008714155162946626,-0.008733996432787897,0.0027396736168455193,0.0027396736168455193,0.0027198323470042493
2024-03-21,-0.0027823422492686566,-0.0027823422492686566,-0.0028021835191099267,0.0074959524203496355,0.0074959524203496355,0.007476111150508366
2024-03-22,0.0038747977700470003,0.0038747977700470003,0.0038549565002057302,0.007477303378616129,0.007477303378616129,0.0074574621087748596
2024-03-25,-0.003939879148747431,-0.003939879148747431,-0.003959720418588701,-0.0015616799676660543,-0.0015616799676660543,-0.0015815212375073241
2024-03-26,-0.0018336671820166376,-0.0018336671820166376,-0.0018535084518579074,0.006444077787622529,0.006444077787622529,0.0064242365177812595
2024-03-27,-0.0014339984055639807,-0.0014339984055639807,-0.0014538396754052506,-0.025385915142435864,-0.025385915142435864,-0.025405756412277134
2024-03-28,0.004133452624022523,0.004133452624022523,0.004113611354181253,-0.009334613053413113,-0.009334613053413113,-0.009354454323254383
2024-04-01,-0.004271803871987008,-0.001563470538653675,-0.003492807896706318,0.005235378532467271,0.0065687118658006045,0.005610145410823436
2024-04-02,0.006371667311176377,0.006371667311176377,0.006351826041335108,0.0034897295587801276,0.0034897295587801276,0.0034698882889388576
2024-04-03,-0.004284279691639617,-0.004284279691639617,-0.004304120961480887,0.009354037093244368,0.009354037093244368,0.009334195823403097
2024-04-04,-0.006065239984479076,-0.006065239984479076,-0.006085081254320346,-0.014498908467008274,-0.014498908467008274,-0.014518749736849544
2024-04-05,0.004513009352320207,0.004513009352320207,0.004493168082478937,0.019525621592916674,0.019525621592916674,0.019505780323075404
2024-04-08,-0.005326016952255716,-0.005326016952255716,-0.005345858222096986,-0.009280248525501762,-0.009280248525501762,-0.009300089795343032
2024-04-09,-0.0035063665773860365,-0.0035063665773860365,-0.0035262078472273065,-0.02672843036160547,-0.02672843036160547,-0.02674827163144674
2024-04-10,0.00601939133912237,0.00601939133912237,0.0059995500692811,0.01008017205449837,0.01008017205449837,0.010060330784657099
2024-04-11,-0.0028332187984854104,-0.0028332187984854104,-0.0028530600683266804,0.010751208484665544,0.010751208484665544,0.010731367214824273
2024-04-12,0.007277078239615486,0.007277078239615486,0.007257236969774216,0.009161537310534647,0.009161537310534647,0.009141696040693377
2024-04-15,0.004234742419407929,0.004234742419407929,0.0042149011495666595,-0.0033990104611610105,-0.0033990104611610105,-0.0034188517310022805
2024-04-16,0.010996552598316476,0.010996552598316476,0.010976711328475205,0.013221890772156103,0.013221890772156103,0.013202049502314833
2024-04-17,-0.011152548904966066,-0.011152548904966066,-0.011172390174807336,-0.012762186002342414,-0.012762186002342414,-0.012782027272183685
2024-04-18,-0.0013759966176373943,-0.0013759966176373943,-0.0013958378874786642,-0.01073657827874899,-0.01073657827874899,-0.01075641954859026
2024-04-19,-0.010888644446708578,-0.010888644446708578,-0.010908485716549848,-0.033177837003211384,-0.033177837003211384,-0.03319767827305265
2024-04-22,-0.003262548976960054,-0.003262548976960054,-0.003282390246801324,0.002731672976265335,0.002731672976265335,0.002711831706424065
2024-04-23,-0.005940257914251661,-0.005940257914251661,-0.005960099184092931,0.0166121842034082,0.0166121842034082,0.016592342933566928
2024-04-24,-0.004940930402628234,-0.004940930402628234,-0.004960771672469504,-0.0026621557860905367,-0.0026621557860905367,-0.0026819970559318067
2024-04-25,0.004325886085913438,0.004325886085913438,0.004306044816072168,0.009798470470946546,0.009798470470946546,0.009778629201105275
2024-04-26,5.269514605988528e-05,5.269514605988528e-05,3.285387621861544e-05,0.005303841939101305,0.005303841939101305,0.005284000669260035
2024-04-29,-0.002490292485878736,-0.002490292485878736,-0.002510133755720006,-0.010142772346646615,-0.010142772346646615,-0.010162613616487886
2024-04-30,0.00597152252018694,0.00597152252018694,0.005951681250345671,-0.0034064839256103953,-0.0034064839256103953,-0.0034263251954516653
2024-05-01,0.001184127638975658,0.0038091276389756582,0.0019361725346648386,-0.014510737002453818,-0.013719070335787151,-0.014297364781528673
2024-05-02,-0.006603324892652012,-0.006603324892652012,-0.006623166162493282,-0.005427785165621397,-0.005427785165621397,-0.0054476264354626665
2024-05-03,0.004531465965591211,0.004531465965591211,0.004511624695749942,0.009732785259323952,0.009732785259323952,0.009712943989482681
2024-05-06,-0.0022087610159077305,-0.0022087610159077305,-0.0022286022857490005,0.01680137934772542,0.01680137934772542,0.01678153807788415
2024-05-07,0.0020129150259332717,0.0020129150259332717,0.0019930737560920017,-0.013199913393551291,-0.013199913393551291,-0.013219754663392562
2024-05-08,-8.118794118135934e-05,-8.118794118135934e-05,-0.00010102921102262918,0.007357199239239529,0.007357199239239529,0.00733735796939826
2024-05-09,-0.0011936648822279015,-0.0011936648822279015,-0.0012135061520691713,-0.004112576321663688,-0.004112576321663688,-0.004132417591504957
2024-05-10,0.007220043887253724,0.007220043887253724,0.007200202617412455,0.003474282162445722,0.003474282162445722,0.003454440892604452
2024-05-13,-0.00840570006076528,-0.00840570006076528,-0.00842554133060655,-0.014125713906928159,-0.014125713906928159,-0.01414555517676943
2024-05-14,-0.002399848447870258,-0.002399848447870258,-0.002419689717711528,0.0023694923257990617,0.0023694923257990617,0.0023496510559577917
2024-05-15,0.005524137296369352,0.005524137296369352,0.005504296026528082,0.01747211999768868,0.01747211999768868,0.01745227872784741
2024-05-16,-0.004746106375200962,-0.004746106375200962,-0.004765947645042232,-0.021963699148808722,-0.021963699148808722,-0.021983540418649992
2024-05-17,0.0013890911149729778,0.0013890911149729778,0.001369249845131708,0.003446362503762639,0.003446362503762639,0.003426521233921369
2024-05-20,-0.004636290526823702,-0.004636290526823702,-0.004656131796664972,0.015924795623880838,0.015924795623880838,0.015904954354039567
2024-05-21,0.0011581395944289623,0.0011581395944289623,0.0011382983245876925,0.00021085700112801332,0.00021085700112801332,0.00019101573128674348
2024-05-22,-0.0035385206530125016,-0.0035385206530125016,-0.0035583619228537716,-0.013229331284320989,-0.013229331284320989,-0.01324917255416226
2024-05-23,0.007594594358777249,0.007594594358777249,0.007574753088935979,0.015475284292074258,0.015475284292074258,0.015455443022232987
2024-05-24,-0.007217297134248338,-0.007217297134248338,-0.007237138404089608,0.008226328310067962,0.008226328310067962,0.008206487040226692
2024-05-28,-0.0029884359447923813,-0.0029884359447923813,-0.0030082772146336513,0.007586834483380796,0.007586834483380796,0.0075669932135395265
2024-05-29,0.004460346471268134,0.004460346471268134,0.004440505201426865,0.003945130466157083,0.003945130466157083,0.003925289196315814
2024-05-30,-0.0015372113892028578,-0.0015372113892028578,-0.0015570526590441276,-0.011762833208483191,-0.011762833208483191,-0.011782674478324462
2024-05-31,-0.0009543885310460344,-0.0009543885310460344,-0.0009742298008873042,-0.014805597022802503,-0.014805597022802503,-0.014825438292643774
2024-06-03,-0.0070642368844159465,-0.004314236884415947,-0.006274788196670825,-0.0205239690149686,-0.019273969014968598,-0.020175349636952448
2024-06-04,0.008125962569561355,0.008125962569561355,0.008106121299720085,-0.0018118946036815918,-0.0018118946036815918,-0.0018317358735228616
2024-06-05,-0.009419302660498523,-0.009419302660498523,-0.009439143930339794,0.016251333578286224,0.016251333578286224,0.016231492308444954
2024-06-06,0.006918962342003172,0.006918962342003172,0.006899121072161903,-0.011594363989909049,-0.011594363989909049,-0.01161420525975032
2024-06-07,0.005068632804354742,0.005068632804354742,0.005048791534513472,0.006550399646909426,0.006550399646909426,0.006530558377068157
2024-06-10,-0.007387292870955962,-0.007387292870955962,-0.007407134140797232,0.013208427880940898,0.013208427880940898,0.013188586611099628
2024-06-11,-0.0030846403378405694,-0.0030846403378405694,-0.0031044816076818394,-0.0013141157701224515,-0.0013141157701224515,-0.0013339570399637213
2024-06-12,-0.006592914399010871,-0.006592914399010871,-0.006612755668852141,0.014790379991390943,0.014790379991390943,0.014770538721549672
2024-06-13,-0.0027792664812162976,-0.0027792664812162976,-0.0027991077510575676,0.012635430485557137,0.012635430485557137,0.012615589215715867
2024-06-14,0.0072379716566149865,0.0072379716566149865,0.007218130386773717,0.0008196639331571444,0.0008196639331571444,0.0007998226633158746
2024-06-17,0.008010456057468241,0.008010456057468241,0.00799061478762697,0.011951459146570746,0.011951459146570746,0.011931617876729476
2024-06-18,0.004852986284117647,0.004852986284117647,0.0048331450142763775,0.01671653560818852,0.01671653560818852,0.01669669433834725
2024-06-20,0.012404892215470758,0.012404892215470758,0.012385050945629488,-0.010430502277805682,-0.010430502277805682,-0.010450343547646953
2024-06-21,-0.0013674691488638803,-0.0013674691488638803,-0.00138731041870515,-0.012907040980551948,-0.012907040980551948,-0.012926882250393219
2024-06-24,0.001094824217660073,0.001094824217660073,0.0010749829478188032,-0.006042570580136618,-0.006042570580136618,-0.006062411849977888
2024-06-25,0.002186534216857078,0.002186534216857078,0.002166692947015808,0.015238441033956648,0.015238441033956648,0.015218599764115378
2024-06-26,0.005789063284466663,0.005789063284466663,0.005769222014625393,-0.001348580443049056,-0.001348580443049056,-0.0013684217128903259
2024-06-27,0.002161319871301866,0.002161319871301866,0.0021414786014605958,-0.0015273684019330481,-0.0015273684019330481,-0.001547209671774318
2024-06-28,0.006241499365143911,0.006241499365143911,0.006221658095302641,0.0037028200330090468,0.0037028200330090468,0.0036829787631677767
2024-07-01,-0.00247591063221538,-5.9243965548713955e-05,-0.0017828580890400037,0.010213877997221853,0.011588877997221853,0.010598094200133077
2024-07-02,-0.0010924764855718605,-0.0010924764855718605,-0.0011123177554131303,-0.0011250589964133272,-0.0011250589964133272,-0.001144900266254597
2024-07-03,-0.001179463450883784,-0.001179463450883784,-0.0011993047207250539,0.005907246531348026,0.005907246531348026,0.005887405261506756
2024-07-05,-0.002306380290165534,-0.002306380290165534,-0.0023262215600068042,-0.004023867180457627,-0.004023867180457627,-0.004043708450298896
2024-07-08,-0.002734675878019686,-0.002734675878019686,-0.002754517147860956,0.010591418604265627,0.010591418604265627,0.010571577334424357
2024-07-09,-0.0012109417008609267,-0.0012109417008609267,-0.0012307829707021965,0.0021273461345572473,0.0021273461345572473,0.0021075048647159773
2024-07-10,0.005763121979668113,0.005763121979668113,0.005743280709826843,0.0017939111761643449,0.0017939111761643449,0.001774069906323075
2024-07-11,0.007628858615535932,0.007628858615535932,0.007609017345694662,-0.021428053577023345,-0.021428053577023345,-0.021447894846864615
2024-07-12,-0.0007140842280027265,-0.0007140842280027265,-0.0007339254978439964,-0.006514809512296033,-0.006514809512296033,-0.006534650782137302
2024-07-15,0.003304363499558211,0.003304363499558211,0.003284522229716941,0.0030168233940577804,0.0030168233940577804,0.0029969821242165104
2024-07-16,-0.0022909120737782188,-0.0022909120737782188,-0.002310753343619489,-0.018972481113438668,-0.018972481113438668,-0.018992322383279938
2024-07-17,0.011606791322396146,0.011606791322396146,0.011586950052554876,-0.0439343125675969,-0.0439343125675969,-0.04395415383743817
2024-07-18,0.004377196181452847,0.004377196181452847,0.004357354911611578,0.008623346758080368,0.008623346758080368,0.008603505488239098
2024-07-19,-0.0009764713478184546,-0.0009764713478184546,-0.0009963126176597244,-0.0038702566853732997,-0.0038702566853732997,-0.0038900979552145697
2024-07-22,0.00178190419275927,0.00178190419275927,0.0017620629229180003,0.013823811910736603,0.013823811910736603,0.013803970640895332
2024-07-23,-0.007453411131015317,-0.007453411131015317,-0.007473252400856586,0.009438240380779141,0.009438240380779141,0.009418399110937871
2024-07-24,0.019437908671016843,0.019437908671016843,0.019418067401175573,-0.017530337289313618,-0.017530337289313618,-0.01755017855915489
2024-07-25,0.01538620493656453,0.01538620493656453,0.01536636366672326,-0.006384343626748719,-0.006384343626748719,-0.006404184896589988
2024-07-26,0.004669722954334738,0.004669722954334738,0.004649881684493469,-0.005264348241587529,-0.005264348241587529,-0.0052841895114287985
2024-07-29,-0.004038850035715838,-0.004038850035715838,-0.004058691305557108,-0.006768315514304299,-0.006768315514304299,-0.006788156784145569
2024-07-30,0.009751622090781963,0.009751622090781963,0.009731780820940693,-0.01939170878822676,-0.01939170878822676,-0.01941155005806803
2024-07-31,-0.0040952880428491165,-0.0040952880428491165,-0.004115129312690386,0.027505658823368365,0.027505658823368365,0.027485817553527095
2024-08-01,-0.003952609566654056,-0.0008276095666540557,-0.0030540596387765287,-0.01407317807800151,-0.013239844744668177,-0.013848419646083434
2024-08-02,-0.00017846654639680016,-0.00017846654639680016,-0.00019830781623807,-0.016028397171308783,-0.016028397171308783,-0.016048238441150053
2024-08-05,-0.0015656972259223845,-0.0015656972259223845,-0.0015855384957636544,0.008084930988694746,0.008084930988694746,0.008065089718853476
2024-08-06,0.0037117892958539794,0.0037117892958539794,0.0036919480260127094,0.017605027172869103,0.017605027172869103,0.017585185903027833
2024-08-07,-0.0031752922391716093,-0.0031752922391716093,-0.0031951335090128793,-0.006425386945678161,-0.006425386945678161,-0.00644522821551943
2024-08-08,0.0029748402124993695,0.0029748402124993695,0.0029549989426580995,0.020994732273694507,0.020994732273694507,0.020974891003853236
2024-08-09,0.0026742178383922437,0.0026742178383922437,0.0026543765685509736,0.012153690278117572,0.012153690278117572,0.012133849008276302
2024-08-12,0.0004679912367802489,0.0004679912367802489,0.0004481499669389791,0.014145673038075401,0.014145673038075401,0.014125831768234131
2024-08-13,0.0003796541579384218,0.0003796541579384218,0.00035981288809715196,-0.004080345392857605,-0.004080345392857605,-0.0041001866626988745
2024-08-14,-0.0027450895786707073,-0.0027450895786707073,-0.0027649308485119773,0.012376390753793308,0.012376390753793308,0.012356549483952038
2024-08-15,-0.0029850356515443823,-0.0029850356515443823,-0.0030048769213856523,-0.003650175177617035,-0.003650175177617035,-0.003670016447458305
2024-08-16,-0.000734053821051218,-0.000734053821051218,-0.0007538950908924878,-0.008259912730047,-0.008259912730047,-0.00827975399988827
2024-08-19,0.0012301792791534279,0.0012301792791534279,0.001210338009312158,0.0003810114260368309,0.0003810114260368309,0.0003611701561955611
2024-08-20,0.007982371548931194,0.007982371548931194,0.007962530279089924,0.0036083368745458864,0.0036083368745458864,0.0035884956047046164
2024-08-21,0.006287370787354658,0.006287370787354658,0.006267529517513388,0.005704925680923683,0.005704925680923683,0.005685084411082414
2024-08-22,0.00020193070923070228,0.00020193070923070228,0.00018208943938943244,-0.002818608632939317,-0.002818608632939317,-0.002838449902780587
2024-08-23,-0.0036517911407860206,-0.0036517911407860206,-0.0036716324106272906,-0.00770168160738918,-0.00770168160738918,-0.0077215228772304495
2024-08-26,-0.0016741808977033417,-0.0016741808977033417,-0.0016940221675446115,-0.011204960839308203,-0.011204960839308203,-0.011224802109149473
2024-08-27,0.003415475859961726,0.003415475859961726,0.0033956345901204558,0.006847474113835925,0.006847474113835925,0.0068276328439946556
2024-08-28,0.0026192425185784995,0.0026192425185784995,0.0025994012487372295,-0.006837097263335272,-0.006837097263335272,-0.006856938533176542
2024-08-29,-0.001778888162649946,-0.001778888162649946,-0.0017987294324912158,0.005303820413225263,0.005303820413225263,0.005283979143383993
2024-08-30,0.0021905003869232996,0.0021905003869232996,0.0021706591170820295,0.010417266641741463,0.010417266641741463,0.010397425371900193
2024-09-03,0.011764495409203907,0.015014495409203906,0.012697525431589921,-0.02305425228575629,-0.021762585619089624,-0.022694632251965476
2024-09-04,-0.003536400812134963,-0.003536400812134963,-0.003556242081976233,0.007377891514466012,0.007377891514466012,0.007358050244624742
2024-09-05,-0.0025167454113784044,-0.0025167454113784044,-0.0025365866812196744,-0.005290591244832545,-0.005290591244832545,-0.005310432514673814
2024-09-06,0.0062454213253939645,0.0062454213253939645,0.006225580055552695,-0.010768558945546621,-0.010768558945546621,-0.010788400215387892
2024-09-09,0.0044263610353396585,0.0044263610353396585,0.004406519765498389,0.013796628770748814,0.013796628770748814,0.013776787500907543
2024-09-10,0.008555177823418532,0.008555177823418532,0.008535336553577261,0.006657534662461922,0.006657534662461922,0.006637693392620652
2024-09-11,-0.011161585756555603,-0.011161585756555603,-0.011181427026396873,0.014624375174289057,0.014624375174289057,0.014604533904447787
2024-09-12,-0.0023146622225242476,-0.0023146622225242476,-0.0023345034923655176,1.7266918393557757e-05,1.7266918393557757e-05,-2.574351447712081e-06
2024-09-13,-0.011631872248728184,-0.011631872248728184,-0.011651713518569454,0.0011110743644285926,0.0011110743644285926,0.0010912330945873228
2024-09-16,0.0008881688061767173,0.0008881688061767173,0.0008683275363354475,-0.0006021089936639949,-0.0006021089936639949,-0.0006219502635052647
2024-09-17,-0.0057137185947281404,-0.0057137185947281404,-0.00573355986456941,-0.0007750641229397682,-0.0007750641229397682,-0.000794905392781038
2024-09-18,-0.002605898086305097,-0.002605898086305097,-0.002625739356146367,-0.0020402289556823664,-0.0020402289556823664,-0.0020600702255236364
2024-09-19,0.0013231436086067888,0.0013231436086067888,0.001303302338765519,0.014166483280030593,0.014166483280030593,0.014146642010189323
2024-09-20,-0.016825816417030893,-0.016825816417030893,-0.016845657686872163,0.021889982061324698,0.021889982061324698,0.021870140791483427
2024-09-23,-0.0050711417173397635,-0.0050711417173397635,-0.005090982987181033,0.0005915591052434652,0.0005915591052434652,0.0005717178354021954
2024-09-24,-0.002926985668710601,-0.002926985668710601,-0.002946826938551871,-0.0030556376943880257,-0.0030556376943880257,-0.0030754789642292958
2024-09-25,-0.00406449614239162,-0.00406449614239162,-0.00408433741223289,0.014447508023715243,0.014447508023715243,0.014427666753873972
2024-09-26,-0.00928520867276478,-0.00928520867276478,-0.00930504994260605,-0.018467832285982293,-0.018467832285982293,-0.018487673555823564
2024-09-27,-0.0015040121408159384,-0.0015040121408159384,-0.0015238534106572083,-0.014546647934498967,-0.014546647934498967,-0.014566489204340238
2024-09-30,0.010117569468242393,0.010117569468242393,0.010097728198401122,0.010399153532129755,0.010399153532129755,0.010379312262288484
2024-10-01,0.004345542248826871,0.007053875582160205,0.0051243894674090655,-0.0037960841839646065,-0.002671084183964607,-0.003483343824382108
2024-10-02,-0.0056059204681884345,-0.0056059204681884345,-0.005625761738029704,0.011046214742684555,0.011046214742684555,0.011026373472843284
2024-10-03,-0.0074579311997820434,-0.0074579311997820434,-0.007477772469623313,0.005647135725181862,0.005647135725181862,0.005627294455340592
2024-10-04,-0.00728662684950203,-0.00728662684950203,-0.0073064681193433,-0.0011699001179174874,-0.0011699001179174874,-0.0011897413877587572
2024-10-07,-0.007314319453320624,-0.007314319453320624,-0.007334160723161893,0.0016227668930479944,0.0016227668930479944,0.0016029256232067246
2024-10-08,0.00674525594321182,0.00674525594321182,0.00672541467337055,0.014331492007201147,0.014331492007201147,0.014311650737359877
2024-10-09,0.002263998642054739,0.002263998642054739,0.002244157372213469,0.0049490132195893705,0.0049490132195893705,0.004929171949748101
2024-10-10,-0.0017370416441017849,-0.0017370416441017849,-0.0017568829139430547,-0.005472837838694594,-0.005472837838694594,-0.005492679108535864
2024-10-11,-0.0013174190533907823,-0.0013174190533907823,-0.001337260323232052,0.007288998470289587,0.007288998470289587,0.007269157200448318
2024-10-14,-0.002042467157664652,-0.002042467157664652,-0.002062308427505922,0.005986566985672525,0.005986566985672525,0.005966725715831255
2024-10-15,0.022818024605855948,0.022818024605855948,0.022798183336014678,0.002086412245312222,0.002086412245312222,0.002066570975470952
2024-10-16,0.0019134682434194675,0.0019134682434194675,0.0018936269735781977,0.0030676511606863234,0.0030676511606863234,0.0030478098908450534
2024-10-17,-0.0024693968918329612,-0.0024693968918329612,-0.0024892381616742312,-0.0040203105922094196,-0.0040203105922094196,-0.004040151862050689
2024-10-18,0.0010841874799593627,0.0010841874799593627,0.001064346210118093,0.0022810650319199663,0.0022810650319199663,0.0022612237620786963
2024-10-21,-0.0005417400939528288,-0.0005417400939528288,-0.0005615813637940986,0.004338827709440796,0.004338827709440796,0.004318986439599526
2024-10-22,0.0051889782848295665,0.0051889782848295665,0.005169137014988297,-0.010098821466933448,-0.010098821466933448,-0.010118662736774718
2024-10-23,0.007254061993685839,0.007254061993685839,0.00723422072384457,0.001419391058418413,0.001419391058418413,0.0013995497885771432
2024-10-24,-0.008960393771955804,-0.008960393771955804,-0.008980235041797074,-0.011465334618703,-0.011465334618703,-0.01148517588854427
2024-10-25,-0.005392864190578546,-0.005392864190578546,-0.005412705460419815,-0.005940247178743996,-0.005940247178743996,-0.005960088448585266
2024-10-28,-0.0009108489971154763,-0.0009108489971154763,-0.0009306902669567461,0.0025991872132036607,0.0025991872132036607,0.0025793459433623906
2024-10-29,-0.007264060541728368,-0.007264060541728368,-0.007283901811569638,0.0073142137166576126,0.0073142137166576126,0.007294372446816343
2024-10-30,0.016310049454128447,0.016310049454128447,0.016290208184287176,-0.00013830461692301496,-0.00013830461692301496,-0.0001581458867642848
2024-10-31,0.004679112818799238,0.004679112818799238,0.004659271548957968,-0.007887574683648667,-0.007887574683648667,-0.007907415953489937
2024-11-01,-0.012859393192177337,-0.00981772652551067,-0.011985892821467205,-0.011477334932498522,-0.010394001599165188,-0.011177518964332434
2024-11-04,-0.005139437556628053,-0.005139437556628053,-0.0051592788264693224,-0.00021681014685117923,-0.00021681014685117923,-0.00023665141669244907
2024-11-05,-0.0016967667398415673,-0.0016967667398415673,-0.001716608009682837,0.020097187461935135,0.020097187461935135,0.020077346192093865
2024-11-06,-0.030493821607917568,-0.030493821607917568,-0.030513662877758838,0.0013959356432283396,0.0013959356432283396,0.0013760943733870698
2024-11-07,-0.008215694702715836,-0.008215694702715836,-0.008235535972557106,0.007219750582363058,0.007219750582363058,0.007199909312521789
2024-11-08,-0.011712884770360435,-0.011712884770360435,-0.011732726040201705,0.02807251312947529,0.02807251312947529,0.028052671859634018
2024-11-11,-0.017896360052056425,-0.017896360052056425,-0.017916201321897696,-0.006208850906908769,-0.006208850906908769,-0.006228692176750038
2024-11-12,-0.0005241901776656703,-0.0005241901776656703,-0.0005440314475069401,-0.004652980442858884,-0.004652980442858884,-0.004672821712700154
2024-11-13,-0.004438940942706026,-0.004438940942706026,-0.004458782212547295,-0.00950936168638362,-0.00950936168638362,-0.00952920295622489
2024-11-14,-0.0029143518616714494,-0.0029143518616714494,-0.0029341931315127194,-0.006706413035381941,-0.006706413035381941,-0.0067262543052232105
2024-11-15,0.0014590964874027638,0.0014590964874027638,0.001439255217561494,0.011610142134018075,0.011610142134018075,0.011590300864176804
2024-11-18,0.0055015873944148355,0.0055015873944148355,0.005481746124573566,-0.0024735743206058553,-0.0024735743206058553,-0.0024934155904471253
2024-11-19,0.0006462761319413833,0.0006462761319413833,0.0006264348621001135,0.012990281893282954,0.012990281893282954,0.012970440623441683
2024-11-20,-0.005841753845416835,-0.005841753845416835,-0.005861595115258105,-0.0066178477840660305,-0.0066178477840660305,-0.0066376890539073
2024-11-21,0.002667365961680791,0.002667365961680791,0.002647524691839521,-0.0004665119508720731,-0.0004665119508720731,-0.0004863532207133429
2024-11-22,0.0033791743299822164,0.0033791743299822164,0.0033593330601409464,-0.00022837013945856154,-0.00022837013945856154,-0.00024821140929983136
2024-11-25,0.009793706204512975,0.009793706204512975,0.009773864934671705,-0.009842298349473384,-0.009842298349473384,-0.009862139619314654
2024-11-26,-0.006287216412227061,-0.006287216412227061,-0.00630705768206833,0.01976664609353635,0.01976664609353635,0.01974680482369508
2024-11-27,0.011204246853494224,0.011204246853494224,0.011184405583652954,-0.014690787882140746,-0.014690787882140746,-0.014710629151982017
2024-11-29,-0.00735967140425986,-0.00735967140425986,-0.0073795126741011295,0.0031391578624262615,0.0031391578624262615,0.0031193165925849915
2024-12-02,0.008751071913319048,0.011812296403114967,0.0096280008366048,-0.007396602251146434,-0.006313268917813101,-0.0070986551968894385
2024-12-03,-0.004078702025564441,-0.004078702025564441,-0.004098543295405711,0.00491372431160686,0.00491372431160686,0.00489388304176559
2024-12-04,0.004334708971841551,0.004334708971841551,0.004314867702000282,0.011358990340208881,0.011358990340208881,0.01133914907036761
2024-12-05,0.0013185795134662173,0.0013185795134662173,0.0012987382436249475,0.007848475933654184,0.007848475933654184,0.007828634663812914
2024-12-06,0.0015373293102869568,0.0015373293102869568,0.001517488040445687,0.003071986859467037,0.003071986859467037,0.003052145589625767
2024-12-09,0.0018084299886161755,0.0018084299886161755,0.0017885887187749057,-0.03286599854247898,-0.03286599854247898,-0.032885839812320246
2024-12-10,-0.00312483533461551,-0.00312483533461551,-0.00314467660445678,-0.004340620441994149,-0.004340620441994149,-0.004360461711835418
2024-12-11,-0.0009696346831914106,-0.0009696346831914106,-0.0009894759530326804,0.006822729926475495,0.006822729926475495,0.006802888656634225
2024-12-12,0.002756438282371745,0.002756438282371745,0.002736597012530475,-0.0014620579840232467,-0.0014620579840232467,-0.0014818992538645165
2024-12-13,-0.00022383040506510982,-0.00022383040506510982,-0.00024367167490637966,0.011008947818440487,0.011008947818440487,0.010989106548599217
2024-12-16,0.0015613370791761369,0.0015613370791761369,0.001541495809334867,0.015237698768497746,0.015237698768497746,0.015217857498656475
2024-12-17,0.00812856749951523,0.00812856749951523,0.008108726229673959,-0.002867712557283957,-0.002867712557283957,-0.002887553827125227
2024-12-18,-0.0011788517865283198,-0.0011788517865283198,-0.0011986930563695896,-0.01766726240496818,-0.01766726240496818,-0.01768710367480945
2024-12-19,-0.003001999975700669,-0.003001999975700669,-0.003021841245541939,0.012240930262234884,0.012240930262234884,0.012221088992393613
2024-12-20,-0.00016011416149943865,-0.00016011416149943865,-0.0001799554313407085,0.005161335606647793,0.005161335606647793,0.005141494336806524
2024-12-23,0.0030507820206727523,0.0030507820206727523,0.0030309407508314823,0.002570213123337013,0.002570213123337013,0.002550371853495743
2024-12-24,-0.003261377780197525,-0.003261377780197525,-0.003281219050038795,0.007426612244060503,0.007426612244060503,0.007406770974219233
2024-12-26,-0.0025648107597591014,-0.0025648107597591014,-0.0025846520296003714,-0.003007806558749449,-0.003007806558749449,-0.003027647828590719
2024-12-27,-0.0009593332065761697,-0.0009593332065761697,-0.0009791744764174395,-0.0103765708890054,-0.0103765708890054,-0.010396412158846671
2024-12-30,-0.0016004354247837439,-0.0016004354247837439,-0.0016202766946250137,-6.331994431001413e-05,-6.331994431001413e-05,-8.316121415128397e-05
2024-12-31,-0.0037885085672800757,-0.0037885085672800757,-0.0038083498371213457,-0.013402941738451286,-0.013402941738451286,-0.013422783008292557
2025-01-02,-0.009078863065867773,-0.006589067147500426,-0.008364079177823301,0.014476628002016361,0.015893294668683028,0.014875148063473492
2025-01-03,-0.004461026754880408,-0.004461026754880408,-0.004480868024721678,0.010922600582589967,0.010922600582589967,0.010902759312748696
2025-01-06,-0.0072517460249505745,-0.0072517460249505745,-0.007271587294791844,-0.003663541299143619,-0.003663541299143619,-0.003683382568984889
2025-01-07,0.003926661688704173,0.003926661688704173,0.003906820418862904,-0.011853868318408777,-0.011853868318408777,-0.011873709588250047
2025-01-08,-0.0002507605646422157,-0.0002507605646422157,-0.00027060183448348555,0.018437571999875627,0.018437571999875627,0.018417730730034356
2025-01-10,-0.007932154441921448,-0.007932154441921448,-0.007951995711762718,0.006057600685013017,0.006057600685013017,0.006037759415171747
2025-01-13,-0.004146580889828593,-0.004146580889828593,-0.004166422159669863,-0.016688678216725192,-0.016688678216725192,-0.016708519486566462
2025-01-14,-0.002543973217821089,-0.002543973217821089,-0.002563814487662359,0.016446055097074017,0.016446055097074017,0.016426213827232746
2025-01-15,-0.0011770880118662532,-0.0011770880118662532,-0.001196929281707523,0.01749106394703278,0.01749106394703278,0.01747122267719151
2025-01-16,-0.00653337005449706,-0.00653337005449706,-0.006553211324338329,0.00887284435763478,0.00887284435763478,0.00885300308779351
2025-01-17,0.0007294911499683059,0.0007294911499683059,0.000709649880127036,0.0008563878075076048,0.0008563878075076048,0.000836546537666335
2025-01-21,0.00430590445386784,0.00430590445386784,0.004286063184026571,0.006021423971597578,0.006021423971597578,0.0060015827017563085
2025-01-22,0.0020487001321981327,0.0020487001321981327,0.0020288588623568627,0.009664770457914926,0.009664770457914926,0.009644929188073656
2025-01-23,-0.0015157108242788168,-0.0015157108242788168,-0.0015355520941200866,-0.006573687108076615,-0.006573687108076615,-0.006593528377917885
2025-01-24,-0.005284730988792756,-0.005284730988792756,-0.005304572258634025,0.001534545823870065,0.001534545823870065,0.0015147045540287952
2025-01-27,0.014347772029459744,0.014347772029459744,0.014327930759618473,-0.05101885734478099,-0.05101885734478099,-0.051038698614622256
2025-01-28,-0.007105309449403784,-0.007105309449403784,-0.0071251507192450535,0.021573371321913618,0.021573371321913618,0.021553530052072348
2025-01-29,-0.004885609955447183,-0.004885609955447183,-0.004905451225288453,0.009029054656464858,0.009029054656464858,0.009009213386623588
2025-01-30,-6.236784893698345e-05,-6.236784893698345e-05,-8.220911877825329e-05,0.011409639020831124,0.011409639020831124,0.011389797750989854
2025-01-31,0.013894204371090721,0.013894204371090721,0.01387436310124945,-0.0010268314347903953,-0.0010268314347903953,-0.001046672704631665
2025-02-03,0.0031754333624343617,0.005950943566515994,0.003972720671199728,0.006740941685066906,0.00757427501840024,0.006967406330679563
2025-02-04,-0.004987986912917427,-0.004987986912917427,-0.005007828182758697,0.0014185389192715153,0.0014185389192715153,0.0013986976494302454
2025-02-05,-0.0003320774599416007,-0.0003320774599416007,-0.00035191872978287053,0.012232479159871301,0.012232479159871301,0.01221263789003003
2025-02-06,-0.0003842239778669783,-0.0003842239778669783,-0.0004040652477082481,0.01713246852732212,0.01713246852732212,0.01711262725748085
2025-02-07,-0.0009810612435875437,-0.0009810612435875437,-0.0010009025134288135,0.0024657767208640835,0.0024657767208640835,0.0024459354510228135
2025-02-10,0.0038792792823867323,0.0038792792823867323,0.0038594380125454623,-0.011386713283197031,-0.011386713283197031,-0.011406554553038302
2025-02-11,0.0069178828006177945,0.0069178828006177945,0.006898041530776525,-0.007351817598257882,-0.007351817598257882,-0.007371658868099151
2025-02-12,-0.00025104034500873004,-0.00025104034500873004,-0.00027088161484999985,0.0020207187422496115,0.0020207187422496115,0.0020008774724083415
2025-02-13,0.0022465425850827225,0.0022465425850827225,0.0022267013152414525,-0.011719479290674926,-0.011719479290674926,-0.011739320560516197
2025-02-14,-0.000598329728505264,-0.000598329728505264,-0.0006181709983465338,-0.0033222010087641755,-0.0033222010087641755,-0.0033420422786054455
2025-02-18,-0.009631775289181063,-0.009631775289181063,-0.009651616559022334,-0.010107895008174397,-0.010107895008174397,-0.010127736278015668
2025-02-19,0.007106014505021064,0.007106014505021064,0.007086173235179794,-0.004392824631268653,-0.004392824631268653,-0.0044126659011099224
2025-02-20,0.011808650819240867,0.011808650819240867,0.011788809549399596,-0.021096901439023916,-0.021096901439023916,-0.021116742708865186
2025-02-21,0.018587107076683707,0.018587107076683707,0.018567265806842436,-0.00988951230627902,-0.00988951230627902,-0.009909353576120291
2025-02-24,0.009045284249547501,0.009045284249547501,0.009025442979706231,-0.014221276427101893,-0.014221276427101893,-0.014241117696943164
2025-02-25,0.009498258498517233,0.009498258498517233,0.009478417228675963,-0.003669727766329913,-0.003669727766329913,-0.003689569036171183
2025-02-26,-0.015589613696847679,-0.015589613696847679,-0.01560945496668895,0.026705110204155797,0.026705110204155797,0.026685268934314527
2025-02-27,0.01805656931009379,0.01805656931009379,0.01803672804025252,-0.006995453529259843,-0.006995453529259843,-0.007015294799101113
2025-02-28,0.0027127492830925186,0.0027127492830925186,0.0026929080132512486,0.016371163127977637,0.016371163127977637,0.016351321858136366
2025-03-03,-0.004302699386644622,-0.0013639238764405403,-0.0034575811715825554,0.0005007771606543982,0.0014591104939877314,0.000763075185297337
2025-03-04,0.012431791864501322,0.012431791864501322,0.012411950594660052,-0.02106762714289879,-0.02106762714289879,-0.02108746841274006
2025-03-05,-0.002315763619665504,-0.002315763619665504,-0.002335604889506774,-0.01599960980461254,-0.01599960980461254,-0.01601945107445381
2025-03-06,0.017601697715405182,0.017601697715405182,0.017581856445563912,-0.03846113970986732,-0.03846113970986732,-0.03848098097970859
2025-03-07,0.0023774084109953924,0.0023774084109953924,0.0023575671411541223,-0.01682495171733803,-0.01682495171733803,-0.0168447929871793
2025-03-10,0.00906489788283889,0.00906489788283889,0.009045056612997619,-0.030197044923635646,-0.030197044923635646,-0.030216886193476917
2025-03-11,-0.004875568842847074,-0.004875568842847074,-0.004895410112688343,0.02008057479336675,0.02008057479336675,0.02006073352352548
2025-03-12,-0.012141537550336454,-0.012141537550336454,-0.012161378820177725,0.026892984149877175,0.026892984149877175,0.026873142880035904
2025-03-13,0.0053494676588643954,0.0053494676588643954,0.005329626389023126,-0.013667262062064048,-0.013667262062064048,-0.013687103331905318
2025-03-14,-0.002509564211445467,-0.002509564211445467,-0.0025294054812867372,0.012803977493715724,0.012803977493715724,0.012784136223874453
2025-03-17,-0.006913197400291523,-0.006913197400291523,-0.006933038670132793,-0.00750486204330796,-0.00750486204330796,-0.007524703313149229
2025-03-18,0.0029803357598364583,0.0029803357598364583,0.0029604944899951882,-0.006893620776365874,-0.006893620776365874,-0.006913462046207144
2025-03-19,-0.007701525761085369,-0.007701525761085369,-0.007721367030926639,0.02315769746174267,0.02315769746174267,0.0231378561919014
2025-03-20,0.00045942688785090567,0.00045942688785090567,0.0004395856180096358,0.0075653922669623045,0.0075653922669623045,0.007545550997121035
2025-03-21,-2.5391674235625598e-05,-2.5391674235625598e-05,-4.523294407689544e-05,0.004254551770558173,0.004254551770558173,0.004234710500716904
2025-03-24,-0.0046242204249085615,-0.0046242204249085615,-0.004644061694749831,0.014325753649521674,0.014325753649521674,0.014305912379680404
2025-03-25,-0.003564685093878638,-0.003564685093878638,-0.003584526363719908,0.012834685158478888,0.012834685158478888,0.012814843888637618
2025-03-26,0.0010763410017261118,0.0010763410017261118,0.001056499731884842,-0.015734111639802314,-0.015734111639802314,-0.015753952909643584
2025-03-27,0.001960660104814085,0.001960660104814085,0.001940818834972815,-0.01115297095794223,-0.01115297095794223,-0.011172812227783501
2025-03-28,0.0005925277976960249,0.0005925277976960249,0.0005726865278547551,-0.0016624369202433917,-0.0016624369202433917,-0.0016822781900846615
2025-03-31,0.0007425679771377386,0.0007425679771377386,0.0007227267072964688,0.004958727681655381,0.004958727681655381,0.004938886411814111
2025-04-01,-0.009678522933734897,-0.006943829056183876,-0.00889495677830645,0.01000496454136297,0.011270270663811949,0.010358064529129978
2025-04-02,-0.00022164527607881446,-0.00022164527607881446,-0.0002414865459200843,0.003883997131919887,0.003883997131919887,0.003864155862078617
2025-04-03,-0.0030963504423978556,-0.0030963504423978556,-0.0031161917122391257,-0.006848173242936562,-0.006848173242936562,-0.006868014512777832
2025-04-04,0.019805109929848238,0.019805109929848238,0.019785268660006967,-0.01305672186615782,-0.01305672186615782,-0.01307656313599909
2025-04-07,-0.014807117473856192,-0.014807117473856192,-0.014826958743697462,0.01169740415679621,0.01169740415679621,0.011677562886954939
2025-04-08,-0.013816150239300787,-0.013816150239300787,-0.013835991509142057,0.023284572088980295,0.023284572088980295,0.023264730819139025
2025-04-09,0.00845159980948431,0.00845159980948431,0.00843175853964304,-0.009984646537826082,-0.009984646537826082,-0.010004487807667353
2025-04-10,-0.01007055480142007,-0.01007055480142007,-0.01009039607126134,0.01965005361305016,0.01965005361305016,0.01963021234320889
2025-04-11,0.004950322624584872,0.004950322624584872,0.004930481354743602,-0.007645769667497026,-0.007645769667497026,-0.007665610937338295
2025-04-14,-0.0005222377652843065,-0.0005222377652843065,-0.0005420790351255763,-0.0007712904559402474,-0.0007712904559402474,-0.0007911317257815172
2025-04-15,-0.012319764739382743,-0.012319764739382743,-0.012339606009224013,0.02015044236958482,0.02015044236958482,0.020130601099743548
2025-04-16,-0.00800924428143752,-0.00800924428143752,-0.00802908555127879,0.0006165417478832744,0.0006165417478832744,0.0005967004780420046
2025-04-17,-0.0028497214186338563,-0.0028497214186338563,-0.0028695626884751263,-0.002967579268775263,-0.002967579268775263,-0.002987420538616533
2025-04-21,0.00563396970369261,0.00563396970369261,0.005614128433851341,-0.011530761256215123,-0.011530761256215123,-0.011550602526056393
2025-04-22,0.001060370481118683,0.001060370481118683,0.0010405292112774132,0.006293270625726108,0.006293270625726108,0.006273429355884839
2025-04-23,-0.005114507435040366,-0.005114507435040366,-0.005134348704881635,0.009850809385942669,0.009850809385942669,0.009830968116101398
2025-04-24,0.0013603372416014204,0.0013603372416014204,0.0013404959717601506,-0.008796391683219473,-0.008796391683219473,-0.008816232953060743
2025-04-25,-0.005146199862655998,-0.005146199862655998,-0.005166041132497267,0.002768980156425182,0.002768980156425182,0.002749138886583912
2025-04-28,-0.006108201391460658,-0.006108201391460658,-0.0061280426613019275,0.0024532236198052306,0.0024532236198052306,0.0024333823499639606
2025-04-29,0.00438360332366022,0.00438360332366022,0.00436376205381895,0.004101877308998405,0.004101877308998405,0.004082036039157136
2025-04-30,-0.001360910833885492,-0.001360910833885492,-0.0013807521037267618,0.00012117615454986441,0.00012117615454986441,0.00010133488470859457
2025-05-01,-0.008208819605726388,-0.0049435134832774095,-0.007283804934866969,0.0004091279873660093,0.0013070871710394785,0.0006504842604744284
2025-05-02,-0.0013773851588445441,-0.0013773851588445441,-0.001397226428685814,-0.006026057957253255,-0.006026057957253255,-0.006045899227094525
2025-05-05,-0.005120704430023423,-0.005120704430023423,-0.005140545699864693,0.013633890406352944,0.013633890406352944,0.013614049136511673
2025-05-06,0.002073113915426564,0.002073113915426564,0.002053272645585294,0.0065909490856463976,0.0065909490856463976,0.006571107815805128
2025-05-07,0.004815266311643003,0.004815266311643003,0.004795425041801734,-0.004819953180375755,-0.004819953180375755,-0.004839794450217025
2025-05-08,-0.007730159971003002,-0.007730159971003002,-0.007750001240844272,-0.022260534450948985,-0.022260534450948985,-0.022280375720790255
2025-05-09,0.0016932175518386975,0.0016932175518386975,0.0016733762819974277,-0.002037301521526453,-0.002037301521526453,-0.002057142791367723
2025-05-12,-0.005090855347324372,-0.005090855347324372,-0.005110696617165642,-0.029730767305039797,-0.029730767305039797,-0.029750608574881068
2025-05-13,-0.003014776288739808,-0.003014776288739808,-0.003034617558581078,-0.0015515525785940174,-0.0015515525785940174,-0.0015713938484352872
2025-05-14,-0.005937063061389301,-0.005937063061389301,-0.005956904331230571,0.004742787352601009,0.004742787352601009,0.00472294608275974
2025-05-15,0.010566157203151457,0.010566157203151457,0.010546315933310187,0.00693285158453934,0.00693285158453934,0.00691301031469807
2025-05-16,-0.0009754636152646552,-0.0009754636152646552,-0.000995304885105925,0.0029520330095105327,0.0029520330095105327,0.0029321917396692627
2025-05-19,-0.0014950632974435872,-0.0014950632974435872,-0.001514904567284857,0.010600081439008285,0.010600081439008285,0.010580240169167015
2025-05-20,0.001586411336950881,0.001586411336950881,0.0015665700671096113,-0.002153722954575576,-0.002153722954575576,-0.002173564224416846
2025-05-21,0.0032872349804744174,0.0032872349804744174,0.0032673937106331473,0.012205574799211987,0.012205574799211987,0.012185733529370716
2025-05-22,0.0014528356869330252,0.0014528356869330252,0.0014329944170917554,0.0012271141124220362,0.0012271141124220362,0.0012072728425807663
2025-05-23,-0.003951462225037915,-0.003951462225037915,-0.003971303494879184,0.009375529685072524,0.009375529685072524,0.009355688415231253
2025-05-27,-0.0030036653595543516,-0.0030036653595543516,-0.0030235066293956216,-0.01093469228089788,-0.01093469228089788,-0.010954533550739151
2025-05-28,-0.0012762977555553939,-0.0012762977555553939,-0.0012961390253966637,0.008560527572647601,0.008560527572647601,0.00854068630280633
2025-05-29,0.008307035382906504,0.008307035382906504,0.008287194113065234,-0.008470967196247214,-0.008470967196247214,-0.008490808466088485
2025-05-30,-0.00033123639711644275,-0.00033123639711644275,-0.00035107766695771257,0.018289921612824157,0.018289921612824157,0.018270080342982886
2025-06-02,-0.009617370352231798,-0.006596962188966491,-0.008750183815029747,0.0022129667737016173,0.003029293304313862,0.002433227588515135
2025-06-03,-0.01303168905465709,-0.01303168905465709,-0.013051530324498361,-0.02793348429003329,-0.02793348429003329,-0.02795332555987456
2025-06-04,0.0004368290526445297,0.0004368290526445297,0.0004169877828032599,-0.009066236494254937,-0.009066236494254937,-0.009086077764096208
2025-06-05,0.0025662050286883228,0.0025662050286883228,0.0025463637588470527,0.0029464816581110083,0.0029464816581110083,0.0029266403882697383
2025-06-06,-0.00262121593760603,-0.00262121593760603,-0.0026410572074473,-0.009030093358222,-0.009030093358222,-0.00904993462806327
2025-06-09,-0.010284597857044823,-0.010284597857044823,-0.010304439126886094,-0.022363473737392937,-0.022363473737392937,-0.022383315007234207
2025-06-10,-0.008733536613867077,-0.008733536613867077,-0.008753377883708348,-0.021430611926479156,-0.021430611926479156,-0.021450453196320426
2025-06-11,0.003863223272825847,0.003863223272825847,0.003843382002984577,0.010740310526009305,0.010740310526009305,0.010720469256168035
2025-06-12,0.004334850056989395,0.004334850056989395,0.004315008787148126,0.0030464964629776346,0.0030464964629776346,0.0030266551931363646
2025-06-13,0.0013468158795494102,0.0013468158795494102,0.0013269746097081404,0.005201592896242231,0.005201592896242231,0.0051817516264009615
2025-06-16,-0.01222173927860689,-0.01222173927860689,-0.01224158054844816,-0.010772505278518009,-0.010772505278518009,-0.01079234654835928
2025-06-17,-0.003032927621225257,-0.003032927621225257,-0.003052768891066527,0.0173770655018028,0.0173770655018028,0.01735722423196153
2025-06-18,-0.002759283277899931,-0.002759283277899931,-0.002779124547741201,0.0044733721726334715,0.0044733721726334715,0.004453530902792202
2025-06-20,-0.00012431848077553342,-0.00012431848077553342,-0.00014415975061680326,0.003065507769555345,0.003065507769555345,0.003045666499714075
2025-06-23,0.003883341891797287,0.003883341891797287,0.003863500621956017,0.017062511668065793,0.017062511668065793,0.017042670398224522
2025-06-24,-0.005633226700890287,-0.005633226700890287,-0.005653067970731556,-0.014379480406728772,-0.014379480406728772,-0.014399321676570043
2025-06-25,-0.0005610312757301928,-0.0005610312757301928,-0.0005808725455714626,-0.01012472348160927,-0.01012472348160927,-0.01014456475145054
2025-06-26,-0.0029016078767328283,-0.0029016078767328283,-0.0029214491465740984,-0.0056659868996685745,-0.0056659868996685745,-0.005685828169509844
2025-06-27,-0.0037789894257565584,-0.0037789894257565584,-0.0037988306955978285,0.00551096503068896,0.00551096503068896,0.00549112376084769
2025-06-30,0.008192220848235812,0.008192220848235812,0.008172379578394541,0.01096111321495968,0.01096111321495968,0.01094127194511841
2025-07-01,-0.00045757270792827617,0.00219548851656152,0.00030621007727059304,-0.04138442019232186,-0.04040482835558716,-0.041114390609269635
2025-07-02,-0.0012134053302638053,-0.0012134053302638053,-0.0012332466001050751,-0.016410317253238473,-0.016410317253238473,-0.016430158523079743
2025-07-03,-0.0006854446595752483,-0.0006854446595752483,-0.0007052859294165181,0.010223522945052518,0.010223522945052518,0.010203681675211247
2025-07-07,0.00378887398291406,0.00378887398291406,0.00376903271307279,0.016930702060511567,0.016930702060511567,0.016910860790670296
2025-07-08,-0.0063090745180282,-0.0063090745180282,-0.006328915787869469,-0.030199486274452007,-0.030199486274452007,-0.030219327544293278
2025-07-09,0.007284161172919897,0.007284161172919897,0.0072643199030786275,-0.0019633670162257045,-0.0019633670162257045,-0.0019832082860669746
2025-07-10,-0.010924265965004171,-0.010924265965004171,-0.010944107234845441,-0.013541358215707618,-0.013541358215707618,-0.013561199485548889
2025-07-11,0.005137728224419919,0.005137728224419919,0.005117886954578649,0.00013174902890337385,0.00013174902890337385,0.00011190775906210401
2025-07-14,0.0017260305811146546,0.0017260305811146546,0.0017061893112733848,0.027605395984483326,0.027605395984483326,0.027585554714642056
2025-07-15,0.002635152463207016,0.002635152463207016,0.002615311193365746,0.004491267452074106,0.004491267452074106,0.004471426182232836
2025-07-16,-0.000659428589723282,-0.000659428589723282,-0.0006792698595645518,0.002380155232339884,0.002380155232339884,0.002360313962498614
2025-07-17,-0.0011081466216654487,-0.0011081466216654487,-0.0011279878915067185,-0.002234512924067355,-0.002234512924067355,-0.002254354193908625
2025-07-18,-0.0005464356426474412,-0.0005464356426474412,-0.000566276912488711,0.013328683879223688,0.013328683879223688,0.013308842609382417
2025-07-21,-0.0007281308536959412,-0.0007281308536959412,-0.000747972123537211,-0.003623727340730721,-0.003623727340730721,-0.003643568610571991
2025-07-22,-0.0005401772856719689,-0.0005401772856719689,-0.0005600185555132387,-0.030718638463848813,-0.030718638463848813,-0.030738479733690083
2025-07-23,-0.0022989310449371527,-0.0022989310449371527,-0.0023187723147784227,-0.003983725427142722,-0.003983725427142722,-0.004003566696983991
2025-07-24,0.001347393402303512,0.001347393402303512,0.0013275521324622422,0.0011927724818280583,0.0011927724818280583,0.0011729312119867885
2025-07-25,-0.006338890665162975,-0.006338890665162975,-0.0063587319350042444,-0.0036765612204198396,-0.0036765612204198396,-0.0036964024902611096
2025-07-28,-0.007704545973002487,-0.007704545973002487,-0.0077243872428437565,-0.004117614493500993,-0.004117614493500993,-0.004137455763342263
2025-07-29,0.0068989584977606246,0.0068989584977606246,0.006879117227919355,0.007083759353215035,0.007083759353215035,0.007063918083373765
2025-07-30,-0.010801893846508192,-0.010801893846508192,-0.010821735116349462,0.007578255412072349,0.007578255412072349,0.00755841414223108
2025-07-31,0.00454117006967337,0.00454117006967337,0.0045213287998321005,0.020086899882365672,0.020086899882365672,0.0200670586125244
2025-08-01,-0.005877166604773989,-0.0034281870129372546,-0.005176556924456918,-0.004167539992798362,-0.003106315503002444,-0.003874808194508628
2025-08-04,0.005928946119260058,0.005928946119260058,0.005909104849418788,0.01428739792822842,0.01428739792822842,0.01426755665838715
2025-08-05,-0.00350854956372918,-0.00350854956372918,-0.00352839083357045,-0.012069127366461683,-0.012069127366461683,-0.012088968636302953
2025-08-06,0.01292346588927382,0.01292346588927382,0.01290362461943255,0.02222182758423342,0.02222182758423342,0.02220198631439215
2025-08-07,-0.004473423010347194,-0.004473423010347194,-0.004493264280188464,-0.01423776878063395,-0.01423776878063395,-0.01425761005047522
2025-08-08,0.011641700590560715,0.011641700590560715,0.011621859320719444,-0.0053438120155788315,-0.0053438120155788315,-0.005363653285420101
2025-08-11,0.0010804657778147025,0.0010804657778147025,0.0010606245079734327,0.0077644994837791454,0.0077644994837791454,0.007744658213937876
2025-08-12,-0.004030546796572108,-0.004030546796572108,-0.004050388066413378,-0.007185700669694699,-0.007185700669694699,-0.007205541939535968
2025-08-13,-0.0004176700562415984,-0.0004176700562415984,-0.0004375113260828682,-0.026881371116359527,-0.026881371116359527,-0.026901212386200798
2025-08-14,-0.0023701371329201224,-0.0023701371329201224,-0.0023899784027613924,-0.0008980529911208079,-0.0008980529911208079,-0.0009178942609620777
2025-08-15,-0.009093309227630042,-0.009093309227630042,-0.009113150497471313,-0.015442037559072093,-0.015442037559072093,-0.015461878828913363
2025-08-18,-0.0011961697157569675,-0.0011961697157569675,-0.0012160109855982374,0.0002862457209830409,0.0002862457209830409,0.0002664044511417711
2025-08-19,0.01107443817297598,0.01107443817297598,0.01105459690313471,-0.015509281681409998,-0.015509281681409998,-0.015529122951251268
2025-08-20,0.0013191677018538548,0.0013191677018538548,0.001299326432012585,0.009897787250629696,0.009897787250629696,0.009877945980788425
2025-08-21,0.002008329203485402,0.002008329203485402,0.0019884879336441318,0.0031707430409985728,0.0031707430409985728,0.0031509017711573027
2025-08-22,-0.004096535868481141,-0.004096535868481141,-0.004116377138322411,-0.027797263834951864,-0.027797263834951864,-0.027817105104793134
2025-08-25,-0.00032718431727052095,-0.00032718431727052095,-0.00034702558711179076,0.003984273529641308,0.003984273529641308,0.003964432259800039
2025-08-26,0.00265182550069686,0.00265182550069686,0.00263198423085559,0.017986037986486524,0.017986037986486524,0.017966196716645254
2025-08-27,0.00311658950725602,0.00311658950725602,0.00309674823741475,-0.006019990512765791,-0.006019990512765791,-0.006039831782607061
2025-08-28,-0.0035698342038420912,-0.0035698342038420912,-0.0035896754736833613,0.014217525712981368,0.014217525712981368,0.014197684443140098
2025-08-29,0.0026568524593507193,0.0026568524593507193,0.0026370111895094492,-0.016865513304600913,-0.016865513304600913,-0.016885354574442183
2025-09-02,-0.0020880523597260935,0.0004833762117024776,-0.0013519462180625896,0.002325795184867848,0.003550284980786215,0.00266602735582309
2025-09-03,0.0028370580310643247,0.0028370580310643247,0.0028172167612230546,0.009580481356716778,0.009580481356716778,0.009560640086875507
2025-09-04,0.0002623708732166818,0.0002623708732166818,0.00024252960337541195,0.008405975027360254,0.008405975027360254,0.008386133757518984
2025-09-05,-0.003837090307597268,-0.003837090307597268,-0.003856931577438538,-0.015639631947320456,-0.015639631947320456,-0.015659473217161726
2025-09-08,-0.004242867325530644,-0.004242867325530644,-0.004262708595371914,0.012041616248000453,0.012041616248000453,0.012021774978159183
2025-09-09,0.000994017421115728,0.000994017421115728,0.0009741761512744582,0.01410751406623574,0.01410751406623574,0.01408767279639447
2025-09-10,-0.005745155242974979,-0.005745155242974979,-0.005764996512816248,0.02532243644937816,0.02532243644937816,0.02530259517953689
2025-09-11,-0.005132096628323977,-0.005132096628323977,-0.005151937898165247,-0.008389029371180398,-0.008389029371180398,-0.008408870641021669
2025-09-12,0.002453964663901933,0.002453964663901933,0.002434123394060663,0.016393415089619803,0.016393415089619803,0.016373573819778532
2025-09-15,-0.01146690473860501,-0.01146690473860501,-0.011486746008446281,0.015046682403026358,0.015046682403026358,0.015026841133185087
2025-09-16,-0.002318872781657594,-0.002318872781657594,-0.002338714051498864,-0.010418302689011578,-0.010418302689011578,-0.010438143958852848
2025-09-17,0.0003597768883863325,0.0003597768883863325,0.0003399356185450627,0.0017793220762684235,0.0017793220762684235,0.0017594808064271537
2025-09-18,-0.02143220167157494,-0.02143220167157494,-0.02145204294141621,0.0107750640979507,0.0107750640979507,0.01075522282810943
2025-09-19,0.0010327255565111269,0.0010327255565111269,0.001012884286669857,0.014556871418381696,0.014556871418381696,0.014537030148540426
2025-09-22,-0.006841721497518192,-0.006841721497518192,-0.006861562767359461,0.005449914293446578,0.005449914293446578,0.005430073023605308
2025-09-23,0.004162003586007905,0.004162003586007905,0.004142162316166635,-0.0025372416418338586,-0.0025372416418338586,-0.0025570829116751286
2025-09-24,0.00195094394885566,0.00195094394885566,0.0019311026790143901,-0.014061299282611647,-0.014061299282611647,-0.014081140552452917
2025-09-25,0.007538311011379619,0.007538311011379619,0.00751846974153835,0.015579655118752265,0.015579655118752265,0.015559813848910994
2025-09-26,-0.0006393050963479467,-0.0006393050963479467,-0.0006591463661892165,-0.0023795560218002614,-0.0023795560218002614,-0.0023993972916415314
2025-09-29,-0.001641750184961995,-0.001641750184961995,-0.0016615914548032647,-0.00014336458480072086,-0.00014336458480072086,-0.0001632058546419907
2025-09-30,0.006573436753037943,0.006573436753037943,0.006553595483196673,-0.005685551700012465,-0.005685551700012465,-0.005705392969853735
2025-10-01,-0.023466163266463638,-0.021098816327688126,-0.022785963527397285,-0.020838835070766577,-0.019736794254440047,-0.020533266094270752
2025-10-02,-0.011536111153984958,-0.011536111153984958,-0.011555952423826229,-0.006498968602909843,-0.006498968602909843,-0.006518809872751112
2025-10-03,-0.002038983800036535,-0.002038983800036535,-0.002058825069877805,-0.016585356532505018,-0.016585356532505018,-0.01660519780234629
2025-10-06,0.00022607491447360203,0.00022607491447360203,0.0002062336446323322,0.009720171025657162,0.009720171025657162,0.009700329755815891
2025-10-07,0.01128891960380388,0.01128891960380388,0.01126907833396261,0.0018298338109903872,0.0018298338109903872,0.0018099925411491173
2025-10-08,-0.013575929356955164,-0.013575929356955164,-0.013595770626796434,0.0043295067614891325,0.0043295067614891325,0.004309665491647863
2025-10-09,0.0027100074419588917,0.0027100074419588917,0.0026901661721176217,0.008812503022619145,0.008812503022619145,0.008792661752777875
2025-10-10,0.016703331905867272,0.016703331905867272,0.016683490636026,-0.005776096903406034,-0.005776096903406034,-0.005795938173247303
2025-10-13,-0.005380028716155465,-0.005380028716155465,-0.005399869985996735,0.014030992240180683,0.014030992240180683,0.014011150970339413
2025-10-14,0.003002715535650117,0.003002715535650117,0.002982874265808847,-0.010303630315470883,-0.010303630315470883,-0.010323471585312154
2025-10-15,-0.008360324110956607,-0.008360324110956607,-0.008380165380797878,0.009427265023980717,0.009427265023980717,0.009407423754139447
2025-10-16,-0.013134218339916265,-0.013134218339916265,-0.013154059609757535,-0.012051699561416902,-0.012051699561416902,-0.012071540831258172
2025-10-17,0.0008903355840622939,0.0008903355840622939,0.0008704943142210241,-0.004163241951119761,-0.004163241951119761,-0.0041830832209610305
2025-10-20,-0.006460850757613245,-0.006460850757613245,-0.006480692027454515,-0.003852360664320916,-0.003852360664320916,-0.003872201934162186
2025-10-21,-0.0077721425639657084,-0.0077721425639657084,-0.007791983833806978,-0.011728017151884405,-0.011728017151884405,-0.011747858421725675
2025-10-22,0.01095236816149921,0.01095236816149921,0.01093252689165794,-0.006861369705287775,-0.006861369705287775,-0.006881210975129045
2025-10-23,-0.015772432806473086,-0.015772432806473086,-0.015792274076314356,0.015151792353530185,0.015151792353530185,0.015131951083688915
2025-10-24,-0.0019061177723775182,-0.0019061177723775182,-0.001925959042218788,0.018877049640075833,0.018877049640075833,0.018857208370234562
2025-10-27,0.0013783245666796218,0.0013783245666796218,0.001358483296838352,0.0008251239808639175,0.0008251239808639175,0.0008052827110226477
2025-10-28,-0.0077935705285576175,-0.0077935705285576175,-0.007813411798398888,0.0027220159435824088,0.0027220159435824088,0.0027021746737411387
2025-10-29,0.0021193950843235356,0.0021193950843235356,0.0020995538144822656,0.03709836238779298,0.03709836238779298,0.037078521117951714
2025-10-30,0.016203301376556074,0.016203301376556074,0.016183460106714804,-0.003133965280565691,-0.003133965280565691,-0.003153806550406961
2025-10-31,-0.0031583368831676686,-0.0031583368831676686,-0.0031781781530089387,0.00573543139934983,0.00573543139934983,0.0057155901295085606
2025-11-03,-0.006072587336251527,-0.0031746281525780575,-0.005240316726320808,0.01369866766770367,0.0148007084840302,0.014004088137546554
2025-11-04,0.0052605902556555496,0.0052605902556555496,0.00524074898581428,-0.017022237310021643,-0.017022237310021643,-0.017042078579862913
2025-11-05,-0.00411586587631845,-0.00411586587631845,-0.0041357071461597195,0.005985279740386528,0.005985279740386528,0.005965438470545258
2025-11-06,-0.007155609880293717,-0.007155609880293717,-0.007175451150134986,-0.006270973205012911,-0.006270973205012911,-0.006290814474854181
2025-11-07,0.0004428363034847583,0.0004428363034847583,0.0004229950336434885,-0.009331906355903074,-0.009331906355903074,-0.009351747625744344
2025-11-10,-0.001376288728417737,-0.001376288728417737,-0.0013961299982590068,0.02456509095161256,0.02456509095161256,0.02454524968177129
2025-11-11,-0.00031481511412256196,-0.00031481511412256196,-0.0003346563839638318,-0.024426752152323462,-0.024426752152323462,-0.024446593422164733
2025-11-12,0.0031587532589131065,0.0031587532589131065,0.0031389119890718365,-0.005657064130893872,-0.005657064130893872,-0.005676905400735142
2025-11-13,-0.0007492664999079347,-0.0007492664999079347,-0.0007691077697492045,-0.029647277374155998,-0.029647277374155998,-0.029667118643997268
2025-11-14,0.0023795022535394285,0.0023795022535394285,0.0023596609836981585,0.009729586481050876,0.009729586481050876,0.009709745211209606
2025-11-17,-0.0029878365245498703,-0.0029878365245498703,-0.0030076777943911404,0.006482276708766033,0.006482276708766033,0.006462435438924764
2025-11-18,-0.006709700316577365,-0.006709700316577365,-0.0067295415864186345,-0.00821571705672234,-0.00821571705672234,-0.00823555832656361
2025-11-19,0.0025191667220257133,0.0025191667220257133,0.0024993254521844433,0.018390658563874077,0.018390658563874077,0.018370817294032806
2025-11-20,0.001990088661197105,0.001990088661197105,0.001970247391355835,-0.030399438611837318,-0.030399438611837318,-0.030419279881678588
2025-11-21,-0.007618897925076425,-0.007618897925076425,-0.007638739194917694,-0.03014661267223753,-0.03014661267223753,-0.0301664539420788
2025-11-24,-0.004584434671886194,-0.004584434671886194,-0.004604275941727464,0.030482697645443257,0.030482697645443257,0.030462856375601987
2025-11-25,-0.006228703809593859,-0.006228703809593859,-0.006248545079435129,-0.010260825751556471,-0.010260825751556471,-0.010280667021397741
2025-11-26,-0.0075423919286692846,-0.0075423919286692846,-0.007562233198510554,0.012107352663107356,0.012107352663107356,0.012087511393266085
2025-11-28,-0.0018846777418336008,-0.0018846777418336008,-0.0019045190116748706,0.005883437840583974,0.005883437840583974,0.005863596570742704
2025-12-01,-0.004655019271580133,-0.001797876414437276,-0.0038333160332523117,-0.009533201049695114,-0.008227078600715523,-0.00916792271216619
2025-12-02,-0.009240131874102326,-0.009240131874102326,-0.009259973143943596,0.00806942999019811,0.00806942999019811,0.00804958872035684
2025-12-03,-0.009982859068094672,-0.009982859068094672,-0.010002700337935943,-0.009321163749119591,-0.009321163749119591,-0.009341005018960862
2025-12-04,0.008119668234276432,0.008119668234276432,0.008099826964435161,0.009864152008373733,0.009864152008373733,0.009844310738532463
2025-12-05,-0.006451142236489536,-0.006451142236489536,-0.006470983506330806,-0.003931208334858373,-0.003931208334858373,-0.003951049604699643
2025-12-08,-0.0057704604197404315,-0.0057704604197404315,-0.005790301689581701,0.01950948043743342,0.01950948043743342,0.019489639167592148
2025-12-09,-0.004936827515817664,-0.004936827515817664,-0.004956668785658934,0.0045134029103003,0.0045134029103003,0.0044935616404590305
2025-12-10,-0.009745448654475802,-0.009745448654475802,-0.009765289924317072,-0.004252578889740781,-0.004252578889740781,-0.0042724201595820506
2025-12-11,0.00358199210302196,0.00358199210302196,0.00356215083318069,-0.005563824010009684,-0.005563824010009684,-0.005583665279850954
2025-12-12,0.006734160074759775,0.006734160074759775,0.0067143188049185055,-0.028234206599310578,-0.028234206599310578,-0.02825404786915185
2025-12-15,0.00411654241938606,0.00411654241938606,0.00409670114954479,-0.0021757535504047616,-0.0021757535504047616,-0.0021955948202460316
2025-12-16,-0.0021328494854928734,-0.0021328494854928734,-0.0021526907553341434,0.004902765236249787,0.004902765236249787,0.004882923966408517
2025-12-17,0.007413633456462992,0.007413633456462992,0.007393792186621722,-0.03128749654357717,-0.03128749654357717,-0.031307337813418434
2025-12-18,-0.004107174539821923,-0.004107174539821923,-0.004127015809663193,0.02061900107459324,0.02061900107459324,0.02059915980475197
2025-12-19,-0.009832886852687874,-0.009832886852687874,-0.009852728122529145,0.02234944845735458,0.02234944845735458,0.02232960718751331
2025-12-22,-0.0044825937082828,-0.0044825937082828,-0.004502434978124069,0.002514781476154961,0.002514781476154961,0.002494940206313691
2025-12-23,0.008555053160748862,0.008555053160748862,0.008535211890907592,0.009876450545186398,0.009876450545186398,0.009856609275345127
2025-12-24,-0.0004884042131631934,-0.0004884042131631934,-0.0005082454830044632,0.0003045637481936855,0.0003045637481936855,0.0002847224783524157
2025-12-26,0.000191286028760593,0.000191286028760593,0.00017144475891932317,-0.0005823902184442131,-0.0005823902184442131,-0.000602231488285483
2025-12-29,0.0006922211220274309,0.0006922211220274309,0.0006723798521861611,-0.007549150837051946,-0.007549150837051946,-0.007568992106893216
2025-12-30,-0.00013783393522021634,-0.00013783393522021634,-0.00015767520506148618,-0.004323392078881612,-0.004323392078881612,-0.0043432333487228815
2025-12-31,0.0009517019196222567,0.0009517019196222567,0.0009318606497809869,-0.003136699715978088,-0.003136699715978088,-0.0031565409858193582
2026-01-02,-0.014083843384061365,-0.01126751685344912,-0.01326987251884976,0.01882998838889042,0.019972845531747562,0.0191483350595886
2026-01-05,-0.001605759219847165,-0.001605759219847165,-0.0016256004896884348,-0.0007121557405803964,-0.0007121557405803964,-0.0007319970104216662
2026-01-06,-0.004864387466483126,-0.004864387466483126,-0.0048842287363243956,0.002843134376126208,0.002843134376126208,0.002823293106284938
2026-01-07,0.003147922208321078,0.003147922208321078,0.003128080938479808,0.004649202419916244,0.004649202419916244,0.004629361150074974
2026-01-08,0.01261054142794616,0.01261054142794616,0.01259070015810489,-0.029778412731312126,-0.029778412731312126,-0.029798254001153397
2026-01-09,-0.0017383081858480054,-0.0017383081858480054,-0.0017581494556892752,0.012674204490582822,0.012674204490582822,0.012654363220741552
2026-01-12,-0.0019361484486078771,-0.0019361484486078771,-0.001955989718449147,0.01571465104314098,0.01571465104314098,0.01569480977329971
2026-01-13,0.00023435126058245025,0.00023435126058245025,0.0002145099907411804,0.015883419129608573,0.015883419129608573,0.015863577859767303
2026-01-14,0.001385673452891391,0.001385673452891391,0.0013658321830501213,-0.01595093117761847,-0.01595093117761847,-0.01597077244745974
2026-01-15,0.0009543652045345698,0.0009543652045345698,0.0009345239346933,0.01311428492216501,0.01311428492216501,0.01309444365232374
2026-01-16,0.00846696218317934,0.00846696218317934,0.008447120913338069,0.007574790087964484,0.007574790087964484,0.007554948818123215
2026-01-20,9.043831940424869e-05,9.043831940424869e-05,7.059704956297885e-05,0.006934100050908575,0.006934100050908575,0.006914258781067306
2026-01-21,-0.00391225371513705,-0.00391225371513705,-0.00393209498497832,-0.005655839741168893,-0.005655839741168893,-0.0056756810110101625
2026-01-22,-0.004375550247625708,-0.004375550247625708,-0.0043953915174669775,-0.013358265238456932,-0.013358265238456932,-0.013378106508298203
2026-01-23,0.0006525622647747097,0.0006525622647747097,0.0006327209949334399,-0.0019247860944512968,-0.0019247860944512968,-0.0019446273642925666
2026-01-26,-0.0010586907046194528,-0.0010586907046194528,-0.0010785319744607226,0.005946725131615559,0.005946725131615559,0.005926883861774289
2026-01-27,0.010920723892675531,0.010920723892675531,0.01090088262283426,0.035393641033439074,0.035393641033439074,0.03537379976359781
2026-01-28,-0.004691823787920215,-0.004691823787920215,-0.004711665057761484,0.010843376839821717,0.010843376839821717,0.010823535569980447
2026-01-29,0.006408756049843964,0.006408756049843964,0.006388914780002694,0.008827215393006023,0.008827215393006023,0.008807374123164752
2026-01-30,0.011498553138298616,0.011498553138298616,0.011478711868457345,-0.029041405716377235,-0.029041405716377235,-0.029061246986218505
2026-02-02,-0.01825015273682959,-0.015964438451115302,-0.017595863947736348,0.017748162041208288,0.018564488571820532,0.017969197830805098
2026-02-03,-0.025312933636487685,-0.025312933636487685,-0.025332774906328955,0.02539633860321609,0.02539633860321609,0.02537649733337482
2026-02-04,0.021347809164144863,0.021347809164144863,0.021327967894303593,-0.061448143401557485,-0.061448143401557485,-0.06146798467139875
2026-02-05,0.004095098324921423,0.004095098324921423,0.004075257055080154,0.0032209932670972516,0.0032209932670972516,0.0032011519972559815
2026-02-06,-0.01835366490659404,-0.01835366490659404,-0.018373506176435312,0.03147858762742102,0.03147858762742102,0.03145874635757975
2026-02-09,-3.1772692419472027e-05,-3.1772692419472027e-05,-5.161396226074187e-05,0.013028202212750315,0.013028202212750315,0.013008360942909044
2026-02-10,0.004208544624767765,0.004208544624767765,0.0041887033549264955,-0.021691720559008545,-0.021691720559008545,-0.021711561828849816
2026-02-11,-0.01902174548682401,-0.01902174548682401,-0.019041586756665282,0.016456537649141713,0.016456537649141713,0.016436696379300442
2026-02-12,0.005304835393570379,0.005304835393570379,0.00528499412372911,-0.0025800678459708855,-0.0025800678459708855,-0.0025999091158121555
2026-02-13,-0.004237711401253436,-0.004237711401253436,-0.004257552671094705,0.0011315696698401098,0.0011315696698401098,0.00111172839999884
2026-02-17,-0.013545759124596227,-0.013545759124596227,-0.013565600394437497,0.0037293796388601056,0.0037293796388601056,0.0037095383690188355
2026-02-18,-0.00426802228043191,-0.00426802228043191,-0.00428786355027318,-0.002763794834963353,-0.002763794834963353,-0.0027836361048046232
2026-02-19,0.0030145319736535683,0.0030145319736535683,0.0029946907038122983,0.0070792200059714705,0.0070792200059714705,0.007059378736130201
2026-02-20,-0.008477969385013807,-0.008477969385013807,-0.008497810654855078,0.010975037774760173,0.010975037774760173,0.010955196504918902
2026-02-23,0.007992082274453617,0.007992082274453617,0.007972241004612347,0.0005735073837585245,0.0005735073837585245,0.0005536661139172547
2026-02-24,0.006032099465655565,0.006032099465655565,0.006012258195814296,0.007843463968740081,0.007843463968740081,0.007823622698898811
2026-02-25,-0.011147665943997024,-0.011147665943997024,-0.011167507213838294,0.011546979872049912,0.011546979872049912,0.011527138602208642
2026-02-26,0.005843506884463383,0.005843506884463383,0.005823665614622113,-0.018964875226707294,-0.018964875226707294,-0.018984716496548565
2026-02-27,-0.004088235061860965,-0.004088235061860965,-0.004108076331702235,-0.018906137107790124,-0.018906137107790124,-0.018925978377631394
2026-03-02,-0.0006058628390949146,0.002128831038456106,0.0001753176410507356,-0.0014133066198267264,-0.00035208213003080804,-0.0011209762129100306
2026-03-03,-0.0007128062547897876,-0.0007128062547897876,-0.0007326475246310575,-0.03444216128019887,-0.03444216128019887,-0.03446200255004014
2026-03-04,-0.005210320301041009,-0.005210320301041009,-0.005230161570882279,0.008564191340398522,0.008564191340398522,0.008544350070557252
2026-03-05,-0.009971074963594635,-0.009971074963594635,-0.009990916233435905,-0.030430279069793065,-0.030430279069793065,-0.030450120339634335
2026-03-06,0.0029531843537413216,0.0029531843537413216,0.0029333430839000516,-0.024494884158208715,-0.024494884158208715,-0.024514725428049985
2026-03-09,-0.0045979844960018735,-0.0045979844960018735,-0.004617825765843143,0.04229613881378917,0.04229613881378917,0.042276297543947905
2026-03-10,0.01061078493407628,0.01061078493407628,0.01059094366423501,0.03173470132843979,0.03173470132843979,0.031714860058598526
2026-03-11,0.0004176177837966772,0.0004176177837966772,0.0003977765139554074,0.010549529387630586,0.010549529387630586,0.010529688117789315
2026-03-12,0.00971718976920228,0.00971718976920228,0.009697348499361009,-0.008686700241713563,-0.008686700241713563,-0.008706541511554833
2026-03-13,0.001596908120362909,0.001596908120362909,0.0015770668505216392,-0.006812804758347047,-0.006812804758347047,-0.006832646028188317
2026-03-16,-0.002944547266058875,-0.002944547266058875,-0.002964388535900145,0.015744342530100968,0.015744342530100968,0.015724501260259698
2026-03-17,-0.010648832524835077,-0.010648832524835077,-0.010668673794676347,0.004661440358235268,0.004661440358235268,0.0046415990883939984
2026-03-18,-0.004053859759672283,-0.004053859759672283,-0.004073701029513553,0.005375380373117262,0.005375380373117262,0.005355539103275992
2026-03-19,-0.002125274243010523,-0.002125274243010523,-0.002145115512851793,0.006720336776484438,0.006720336776484438,0.006700495506643168
2026-03-20,0.0034168623901009863,0.0034168623901009863,0.0033970211202597163,-0.016890848508623997,-0.016890848508623997,-0.016910689778465268
2026-03-23,-0.0022407819719320815,-0.0022407819719320815,-0.0022606232417733516,0.010433735855972895,0.010433735855972895,0.010413894586131624
2026-03-24,0.008519065975327051,0.008519065975327051,0.00849922470548578,0.02036855266982124,0.02036855266982124,0.02034871139997997
2026-03-25,-0.004340657078589327,-0.004340657078589327,-0.004360498348430597,0.009547709386203126,0.009547709386203126,0.009527868116361856
2026-03-26,0.002468974991160082,0.002468974991160082,0.002449133721318812,-0.04413394300010841,-0.04413394300010841,-0.044153784269949675
2026-03-27,0.009232192755404111,0.009232192755404111,0.00921235148556284,0.008924808720849008,0.008924808720849008,0.008904967451007738
2026-03-30,0.0027099454983244456,0.0027099454983244456,0.0026901042284831755,-0.04213800250095352,-0.04213800250095352,-0.04215784377079479
2026-03-31,-0.004932092734987535,-0.004932092734987535,-0.004951934004828805,0.03642944994940599,0.03642944994940599,0.03640960867956472
2026-04-01,-0.0022171831231086515,0.0003950617748505322,-0.0014674041629282309,0.039420202618836844,0.04035897812904093,0.03967718011914586
2026-04-02,-0.001235152559447736,-0.001235152559447736,-0.0012549938292890058,-0.00343879200726792,-0.00343879200726792,-0.00345863327710919
2026-04-06,-0.000206343812831949,-0.000206343812831949,-0.00022618508267321883,0.0015353261115422904,0.0015353261115422904,0.0015154848417010206
2026-04-07,-0.004168005047009885,-0.004168005047009885,-0.004187846316851155,0.013682251087076241,0.013682251087076241,0.013662409817234971
2026-04-08,0.000492502811773877,0.000492502811773877,0.00047266154193260717,0.05636791557180741,0.05636791557180741,0.056348074301966145
2026-04-09,0.01891928312117325,0.01891928312117325,0.01889944185133198,0.0237302666607421,0.0237302666607421,0.02371042539090083
2026-04-10,-0.0003114592229194694,-0.0003114592229194694,-0.0003313004927607392,0.028323651530285557,0.028323651530285557,0.028303810260444286
2026-04-13,-0.01625893860588274,-0.01625893860588274,-0.01627877987572401,-0.020411534277326542,-0.020411534277326542,-0.020431375547167813
2026-04-14,-0.012399399528592025,-0.012399399528592025,-0.012419240798433295,0.014197118331965816,0.014197118331965816,0.014177277062124545
2026-04-15,-0.018313583140610018,-0.018313583140610018,-0.01833342441045129,-0.028894425599062093,-0.028894425599062093,-0.028914266868903363
2026-04-16,-0.0020125228148870355,-0.0020125228148870355,-0.0020323640847283056,-0.0007343394377803978,-0.0007343394377803978,-0.0007541807076216677
2026-04-17,-0.0007933897286371741,-0.0007933897286371741,-0.0008132309984784439,0.012913069954271834,0.012913069954271834,0.012893228684430564
2026-04-20,-0.005490334002101168,-0.005490334002101168,-0.005510175271942437,-0.00933656739646619,-0.00933656739646619,-0.00935640866630746
2026-04-21,0.0009071065092326399,0.0009071065092326399,0.00088726523939137,-0.009990971640590755,-0.009990971640590755,-0.010010812910432026
2026-04-22,-0.0003162705786833083,-0.0003162705786833083,-0.0003361118485245781,0.013903169087463503,0.013903169087463503,0.013883327817622233
2026-04-23,0.0239095219438688,0.0239095219438688,0.023889680674027528,0.03210629507690112,0.03210629507690112,0.03208645380705985
2026-04-24,-0.012862473769354095,-0.012862473769354095,-0.012882315039195366,0.019997626514109107,0.019997626514109107,0.019977785244267837
2026-04-27,0.0045568852573363745,0.0045568852573363745,0.004537043987495105,0.0018256665677158681,0.0018256665677158681,0.0018058252978745983
2026-04-28,-0.0035306425921290386,-0.0035306425921290386,-0.0035504838619703086,-0.030321041737140814,-0.030321041737140814,-0.030340883006982084
2026-04-29,0.008282961052816716,0.008282961052816716,0.008263119782975446,-9.650543717550737e-05,-9.650543717550737e-05,-0.00011634670701677721
2026-04-30,0.003267675968156642,0.003267675968156642,0.003247834698315372,0.03452003076087857,0.03452003076087857,0.0345001894910373
2026-05-01,-0.019599735585259216,-0.01694667436076942,-0.018840593997988903,0.0015860178731139452,0.00240234440372619,0.001806501262596567
2026-05-04,-0.017842395476821142,-0.017842395476821142,-0.017862236746662413,0.0065584340929426815,0.0065584340929426815,0.006538592823101412
2026-05-05,-0.007368892850591673,-0.007368892850591673,-0.007388734120432942,0.02733027059249126,0.02733027059249126,0.02731042932264999
2026-05-06,0.001676718048019111,0.001676718048019111,0.0016568767781778412,0.02555553545672929,0.02555553545672929,0.02553569418688802
2026-05-07,0.014649770361236852,0.014649770361236852,0.014629929091395582,-0.04695545495709702,-0.04695545495709702,-0.04697529622693829
2026-05-08,-0.03252672172635759,-0.03252672172635759,-0.032546562996198854,0.03502449588390353,0.03502449588390353,0.03500465461406226
2026-05-11,-0.031292880689796965,-0.031292880689796965,-0.03131272195963823,0.04708388216407115,0.04708388216407115,0.047064040894229886
2026-05-12,0.0069527340683887325,0.0069527340683887325,0.006932892798547463,-0.009869055874586651,-0.009869055874586651,-0.009888897144427922
2026-05-13,-0.016576561364966606,-0.016576561364966606,-0.016596402634807876,0.02436380387052829,0.02436380387052829,0.02434396260068702
2026-05-14,0.0031225780617529083,0.0031225780617529083,0.0031027367919116383,-0.006112198032915387,-0.006112198032915387,-0.006132039302756656
2026-05-15,-0.003494345339512659,-0.003494345339512659,-0.003514186609353929,-0.02741131959143557,-0.02741131959143557,-0.02743116086127684
2026-05-18,0.02352381618029766,0.02352381618029766,0.02350397491045639,-0.049101672948203376,-0.049101672948203376,-0.04912151421804464
2026-05-19,-0.001994522164710977,-0.001994522164710977,-0.002014363434552247,-0.0031872400718896228,-0.0031872400718896228,-0.003207081341730893
2026-05-20,0.00918987764552692,0.00918987764552692,0.009170036375685649,0.008657381733307074,0.008657381733307074,0.008637540463465803
2026-05-21,0.0013851262546977867,0.0013851262546977867,0.001365284984856517,0.014410822490797517,0.014410822490797517,0.014390981220956247
2026-05-22,-0.013666374168631852,-0.013666374168631852,-0.013686215438473122,-0.002191673670794031,-0.002191673670794031,-0.002211514940635301
2026-05-26,-0.012407857582726806,-0.012407857582726806,-0.012427698852568076,0.035449678685956235,0.035449678685956235,0.03542983741611497
2026-05-27,0.006432432114473829,0.006432432114473829,0.006412590844632559,-0.014211257271123226,-0.014211257271123226,-0.014231098540964496
2026-05-28,0.007125311840123672,0.007125311840123672,0.007105470570282402,-0.007900894330916468,-0.007900894330916468,-0.007920735600757739
2026-05-29,-0.008683635727419882,-0.008683635727419882,-0.008703476997261152,-0.017007648730369744,-0.017007648730369744,-0.017027490000211015
2026-06-01,-0.024647430937418793,-0.021727430937418794,-0.023808165990445863,-0.03114830671972131,-0.030454429168700902,-0.030964372260681987
2026-06-02,0.011995267196287985,0.011995267196287985,0.011975425926446714,0.051425398026402905,0.051425398026402905,0.05140555675656164
2026-06-03,-0.0010534834244407066,-0.0010534834244407066,-0.0010733246942819764,0.034459419460576415,0.034459419460576415,0.03443957819073515
2026-06-04,0.005540914938202404,0.005540914938202404,0.005521073668361134,-0.015274689380382643,-0.015274689380382643,-0.015294530650223914
2026-06-05,0.05398937167296852,0.05398937167296852,0.053969530403127255,-0.05149768413088143,-0.05149768413088143,-0.0515175254007227
2026-06-08,-0.021302168524831466,-0.021302168524831466,-0.021322009794672737,0.029824873434980533,0.029824873434980533,0.029805032165139262
2026-06-09,0.013701557005138842,0.013701557005138842,0.013681715735297572,-0.01738631145507688,-0.01738631145507688,-0.01740615272491815
2026-06-10,0.0251016569598313,0.0251016569598313,0.02508181568999003,-0.008058401432667938,-0.008058401432667938,-0.008078242702509208
2026-06-11,-0.025811661242307903,-0.025811661242307903,-0.025831502512149173,0.06085334661132183,0.06085334661132183,0.06083350534148056
2026-06-12,-0.004712933652161654,-0.004712933652161654,-0.004732774922002924,0.01460522725906517,0.01460522725906517,0.0145853859892239
2026-06-15,-0.014621881131931545,-0.014621881131931545,-0.014641722401772816,0.03439799108310196,0.03439799108310196,0.03437814981326069
2026-06-16,0.020082475458280402,0.020082475458280402,0.02006263418843913,-0.019535128555394417,-0.019535128555394417,-0.019554969825235687
2026-06-17,0.0003758502774895275,0.0003758502774895275,0.0003560090076482577,0.035516427496807286,0.035516427496807286,0.03549658622696602
2026-06-18,-0.01622015388248716,-0.01622015388248716,-0.01623999515232843,0.026083306771483357,0.026083306771483357,0.026063465501642086
2026-06-22,0.0047249636941241405,0.0047249636941241405,0.004705122424282871,0.04412276481337944,0.04412276481337944,0.044102923543538175
2026-06-23,0.01892678884533336,0.01892678884533336,0.01890694757549209,-0.06034059159765754,-0.06034059159765754,-0.06036043286749881
2026-06-24,-0.0028442864198813507,-0.0028442864198813507,-0.0028641276897226208,-0.01604802457199704,-0.01604802457199704,-0.01606786584183831
2026-06-25,-0.011619787754031366,-0.011619787754031366,-0.011639629023872637,0.04166074245188678,0.04166074245188678,0.04164090118204551
2026-06-26,0.00035473211751790336,0.00035473211751790336,0.00033489084767663354,-0.07693980515386781,-0.07693980515386781,-0.07695964642370907
2026-06-29,-0.010824237226703864,-0.010824237226703864,-0.010844078496545135,0.030289623686079993,0.030289623686079993,0.030269782416238723
2026-06-30,-0.014458287183330547,-0.014458287183330547,-0.014478128453171818,0.025586264691073453,0.025586264691073453,0.025566423421232182
2026-07-01,0.016499080560298047,0.019339080560298046,0.01731519055972525,-0.07202923763976024,-0.07133536008873984,-0.07184498047626621
2026-07-02,0.03848484789380166,0.03848484789380166,0.03846500662396039,-0.06632605309516543,-0.06632605309516543,-0.0663458943650067
2026-07-06,-0.016242739659048634,-0.016242739659048634,-0.016262580928889905,0.02475246633995007,0.02475246633995007,0.0247326250701088
2026-07-07,0.020713330152377512,0.020713330152377512,0.02069348888253624,-0.04540183483315271,-0.04540183483315271,-0.045421676102993976
2026-07-08,-0.010548511115059661,-0.010548511115059661,-0.010568352384900932,0.03932052359173438,0.03932052359173438,0.03930068232189311
2026-07-09,-0.016874343227497146,-0.016874343227497146,-0.016894184497338417,0.02000390808398788,0.02000390808398788,0.01998406681414661
2026-07-10,0.014612376568936134,0.014612376568936134,0.014592535299094864,-0.0022958309284758826,-0.0022958309284758826,-0.0023156721983171526
2026-07-13,0.017771625283801114,0.017771625283801114,0.017751784013959843,-0.040569045458182636,-0.040569045458182636,-0.0405888867280239
2026-07-14,-0.023954673310754203,-0.023954673310754203,-0.023974514580595473,0.0404757363572345,0.0404757363572345,0.04045589508739323
2026-07-15,0.020435686774650214,0.020435686774650214,0.020415845504808943,-0.02375671129262889,-0.02375671129262889,-0.02377655256247016
2026-07-16,0.037193740160642065,0.037193740160642065,0.0371738988908008,-0.0650280731712907,-0.0650280731712907,-0.06504791444113196
2026-07-17,-0.006033791470713349,-0.006033791470713349,-0.006053632740554618,0.011393511064169692,0.011393511064169692,0.011373669794328422
2026-07-20,-0.009541713394667872,-0.009541713394667872,-0.009561554664509142,-0.001018625549164812,-0.001018625549164812,-0.0010384668190060817
2026-07-21,-0.027467655988607197,-0.027467655988607197,-0.027487497258448467,0.0604515624551171,0.0604515624551171,0.06043172118527583
2026-07-22,0.01889420085824308,0.01889420085824308,0.01887435958840181,0.017190556903239826,0.017190556903239826,0.017170715633398555
2026-07-23,0.004479662511231837,0.004479662511231837,0.004459821241390567,0.0043845560907372115,0.0043845560907372115,0.004364714820895942
2026-07-24,0.024242057150782856,0.024242057150782856,0.024222215880941585,-0.05890463360212966,-0.05890463360212966,-0.058924474871970924
2026-07-27,0.007708367964320691,0.007708367964320691,0.007688526694479421,-0.05028243434091943,-0.05028243434091943,-0.0503022756107607
2026-07-28,0.03485422077337709,0.03485422077337709,0.03483437950353582,-0.0761790857164024,-0.0761790857164024,-0.07619892698624367
2026-07-29,0.01956860101548849,0.01956860101548849,0.01954875974564722,-0.0496746589473553,-0.0496746589473553,-0.04969450021719657
2026-07-30,-0.03917239531404253,-0.03917239531404253,-0.039192236583883794,0.09115450365418012,0.09115450365418012,0.09113466238433886
2026-07-31,-0.004542764488165095,-0.004542764488165095,-0.004562605758006364,0.019862873880394046,0.019862873880394046,0.019843032610552775
2026-08-03,-0.012287327289726554,-0.009967327289726553,-0.01162569544804138,-0.0020256602043801078,-0.001250150000298475,-0.001817745914378638
2026-08-04,-0.028894691283741194,-0.028894691283741194,-0.028914532553582464,0.01950688943595772,0.01950688943595772,0.01948704816611645
2026-08-05,0.011906140824267872,0.011906140824267872,0.011886299554426601,-0.005515496114176671,-0.005515496114176671,-0.00553533738401794
2026-08-06,0.0016504412123986237,0.0016504412123986237,0.001630599942557354,-0.015649698860870163,-0.015649698860870163,-0.015669540130711434
2026-08-07,-0.020052685976515057,-0.020052685976515057,-0.020072527246356327,0.004734326729224726,0.004734326729224726,0.004714485459383457
2026-08-10,0.0004779155102478754,0.0004779155102478754,0.0004580742404066056,-0.013983125600294855,-0.013983125600294855,-0.014002966870136125
2026-08-11,-0.005313537112389586,-0.005313537112389586,-0.005333378382230855,-0.00039238751992150354,-0.00039238751992150354,-0.00041222878976277335
2026-08-12,-0.021821926747568166,-0.021821926747568166,-0.021841768017409436,0.03633048885549139,0.03633048885549139,0.03631064758565012
2026-08-13,0.004758171867253694,0.004758171867253694,0.004738330597412424,-0.024894472078507125,-0.024894472078507125,-0.024914313348348396
2026-08-14,0.0034967901051658227,0.0034967901051658227,0.0034769488353245527,0.0216029372532393,0.0216029372532393,0.02158309598339803
2026-08-17,-0.02064938638704892,-0.02064938638704892,-0.02066922765689019,0.04134279562576749,0.04134279562576749,0.04132295435592622
2026-08-18,0.030002003935722766,0.030002003935722766,0.029982162665881495,-0.04779975571532762,-0.04779975571532762,-0.04781959698516889
2026-08-19,-0.011098418960231478,-0.011098418960231478,-0.011118260230072749,-0.02152833960469596,-0.02152833960469596,-0.02154818087453723
2026-08-20,0.00221170183580452,0.00221170183580452,0.00219186056596325,-0.00395032233511405,-0.00395032233511405,-0.00397016360495532
2026-08-21,-0.0006620343356015729,-0.0006620343356015729,-0.0006818756054428428,-0.008448694064029549,-0.008448694064029549,-0.00846853533387082
2026-08-24,0.027770969016121895,0.027770969016121895,0.027751127746280625,-0.021826032457922036,-0.021826032457922036,-0.021845873727763306
2026-08-25,-0.0106908859643582,-0.0106908859643582,-0.01071072723419947,0.01421760285932147,0.01421760285932147,0.014197761589480199
2026-08-26,-0.010537260994272237,-0.010537260994272237,-0.010557102264113508,0.019684523663153698,0.019684523663153698,0.019664682393312427
2026-08-27,-0.03129009682111094,-0.03129009682111094,-0.03130993809095221,-0.01491617641216193,-0.01491617641216193,-0.0149360176820032
2026-08-28,0.026917693800560444,0.026917693800560444,0.026897852530719173,-0.02971528854309166,-0.02971528854309166,-0.029735129812932932
2026-08-31,-0.01156965075273783,-0.01156965075273783,-0.0115894920225791,0.0017037113186649032,0.0017037113186649032,0.0016838700488236334
