date,mom_research,mom_gross,mom_net,ridge_research,ridge_gross,ridge_net,lgbm_research,lgbm_gross,lgbm_net,ensemble_research,ensemble_gross,ensemble_net,lgbm_no_macro_research,lgbm_no_macro_gross,lgbm_no_macro_net
2011-12-27,0.02223022536118028,0.02223022536118028,0.02221038409133901,-0.014980979283070604,-0.014980979283070604,-0.015000820552911874,-0.0097355600763744,-0.0097355600763744,-0.009755401346215671,-0.015233633229345445,-0.015233633229345445,-0.015253474499186716,-0.007583558804484091,-0.007583558804484091,-0.007603400074325361
2011-12-28,0.002469808598805215,0.002469808598805215,0.002449967328963945,-0.0072226511668594395,-0.0072226511668594395,-0.007242492436700709,0.0008526065654066222,0.0008526065654066222,0.0008327652955653524,-0.004398865615938517,-0.004398865615938517,-0.004418706885779787,0.00014067047286814858,0.00014067047286814858,0.00012082920302687873
2011-12-29,-0.005163262310615495,-0.005163262310615495,-0.005183103580456765,0.006175163433679311,0.006175163433679311,0.006155322163838042,0.005208979130569347,0.005208979130569347,0.005189137860728077,0.008055523286448674,0.008055523286448674,0.008035682016607404,0.0038971488409692335,0.0038971488409692335,0.0038773075711279635
2011-12-30,-0.005677858368691667,-0.005677858368691667,-0.005697699638532936,0.0034278210759775283,0.0034278210759775283,0.0034079798061362582,0.004154264458294109,0.004154264458294109,0.004134423188452839,0.005204103282414392,0.005204103282414392,0.0051842620125731225,0.006946945129749804,0.006946945129749804,0.0069271038599085346
2012-01-03,-0.03662245874322434,-0.03536531588608148,-0.03698788558957763,0.018208412320243686,0.019819523431354798,0.018566435421365,0.01455536874869276,0.01744425763758165,0.015268266372376244,0.022341028533595812,0.024674361866929145,0.022905162866259633,0.018475841204961995,0.02130917453829533,0.019171988226669878
2012-01-04,0.0032421404219410595,0.0032421404219410595,0.0032222991520997894,0.0006907899923734473,0.0006907899923734473,0.0006709487225321775,0.0032665803959256974,0.0032665803959256974,0.0032467391260844274,-0.004151458343508351,-0.004151458343508351,-0.004171299613349621,-0.00035889563536633173,-0.00035889563536633173,-0.00037873690520760154
2012-01-05,-0.005909284529369838,-0.005909284529369838,-0.005929125799211107,0.004592752535863041,0.004592752535863041,0.004572911266021771,-0.002813403227518625,-0.002813403227518625,-0.002833244497359895,0.0017296633968376784,0.0017296633968376784,0.0017098221269964086,0.0012421050135944674,0.0012421050135944674,0.0012222637437531976
2012-01-06,-0.0018981711527411905,-0.0018981711527411905,-0.0019180124225824603,0.005236582510455173,0.005236582510455173,0.005216741240613903,0.00540814623210641,0.00540814623210641,0.00538830496226514,0.005161206376648901,0.005161206376648901,0.0051413651068076315,0.00451085217210081,0.00451085217210081,0.004491010902259541
2012-01-09,-0.017487480883558545,-0.017487480883558545,-0.017507322153399816,0.009723882610304498,0.009723882610304498,0.009704041340463227,0.004171333402432472,0.004171333402432472,0.0041514921325912025,0.01070172624864347,0.01070172624864347,0.0106818849788022,0.007459198693387782,0.007459198693387782,0.007439357423546513
2012-01-10,-0.019834840687203988,-0.019834840687203988,-0.019854681957045258,0.010372601029053536,0.010372601029053536,0.010352759759212266,0.016381296566756527,0.016381296566756527,0.016361455296915257,0.012066002322977974,0.012066002322977974,0.012046161053136703,0.015110692921427617,0.015110692921427617,0.015090851651586346
2012-01-11,-0.021479263619734804,-0.021479263619734804,-0.021499104889576074,0.005660730549348524,0.005660730549348524,0.005640889279507255,0.0057008381304073765,0.0057008381304073765,0.005680996860566107,0.00846650365229599,0.00846650365229599,0.00844666238245472,0.007317989395205516,0.007317989395205516,0.007298148125364247
2012-01-12,-0.0020217371489927895,-0.0020217371489927895,-0.0020415784188340595,-0.0007970385764021883,-0.0007970385764021883,-0.0008168798462434581,0.0018205169014774395,0.0018205169014774395,0.0018006756316361696,-4.11333292486514e-05,-4.11333292486514e-05,-6.097459908992124e-05,-0.00021550121926248804,-0.00021550121926248804,-0.00023534248910375789
2012-01-13,0.015460446741771182,0.015460446741771182,0.015440605471929911,-0.0025711502191107945,-0.0025711502191107945,-0.0025909914889520646,-0.0038784146361567073,-0.0038784146361567073,-0.0038982559059979774,-0.005477858165060979,-0.005477858165060979,-0.005497699434902249,-0.004316656190580097,-0.004316656190580097,-0.004336497460421367
2012-01-17,0.013532927667332818,0.013532927667332818,0.013513086397491547,-0.0020285696646591463,-0.0020285696646591463,-0.0020484109345004164,0.004180233519138014,0.004180233519138014,0.0041603922492967444,-0.0016951185283952217,-0.0016951185283952217,-0.0017149597982364915,-0.0005813326605556228,-0.0005813326605556228,-0.0006011739303968927
2012-01-18,-0.018546184933077907,-0.018546184933077907,-0.018566026202919177,0.014313611508840373,0.014313611508840373,0.014293770238999103,0.007685083152822961,0.007685083152822961,0.007665241882981692,0.012741550778360096,0.012741550778360096,0.012721709508518825,0.00645983367066137,0.00645983367066137,0.0064399924008201005
2012-01-19,-0.0208058153686902,-0.0208058153686902,-0.020825656638531472,0.011794506035079652,0.011794506035079652,0.011774664765238382,0.0009356865289581219,0.0009356865289581219,0.0009158452591168521,0.01095906464527433,0.01095906464527433,0.01093922337543306,-0.00355160509319033,-0.00355160509319033,-0.0035714463630316
2012-01-20,-0.009034706195738575,-0.009034706195738575,-0.009054547465579845,0.007889183995069316,0.007889183995069316,0.007869342725228046,0.00708008279880005,0.00708008279880005,0.0070602415289587805,0.007759214858164484,0.007759214858164484,0.007739373588323215,0.01054771647906044,0.01054771647906044,0.010527875209219169
2012-01-23,0.005595933220094725,0.005595933220094725,0.005576091950253456,-0.0016905953160810182,-0.0016905953160810182,-0.001710436585922288,-0.00690486839474207,-0.00690486839474207,-0.00692470966458334,-0.00015667583639117962,-0.00015667583639117962,-0.00017651710623244946,-0.005257112902415487,-0.005257112902415487,-0.005276954172256757
2012-01-24,-0.0004354103183808447,-0.0004354103183808447,-0.0004552515882221145,0.0025770068781284083,0.0025770068781284083,0.0025571656082871382,0.0017586813109801078,0.0017586813109801078,0.001738840041138838,0.0015058346769255947,0.0015058346769255947,0.001485993407084325,-0.003615368329136877,-0.003615368329136877,-0.003635209598978147
2012-01-25,0.004371748592664921,0.004371748592664921,0.004351907322823652,-0.0007868328668800701,-0.0007868328668800701,-0.0008066741367213399,-0.00540524052404222,-0.00540524052404222,-0.005425081793883489,-0.0031818043057303884,-0.0031818043057303884,-0.0032016455755716584,-0.0008416513257268761,-0.0008416513257268761,-0.000861492595568146
2012-01-26,-0.01262105846944095,-0.01262105846944095,-0.012640899739282221,0.012045044594153346,0.012045044594153346,0.012025203324312075,0.016731666052510676,0.016731666052510676,0.016711824782669405,0.012999107692123603,0.012999107692123603,0.012979266422282332,0.013621286062039762,0.013621286062039762,0.013601444792198492
2012-01-27,-0.011250218536187953,-0.011250218536187953,-0.011270059806029223,0.017472977175223652,0.017472977175223652,0.017453135905382382,0.013207206270295403,0.013207206270295403,0.013187365000454133,0.015505041093181841,0.015505041093181841,0.015485199823340571,0.015008666282969704,0.015008666282969704,0.014988825013128433
2012-01-30,0.007713938336941282,0.007713938336941282,0.007694097067100013,-0.017239568880417812,-0.017239568880417812,-0.017259410150259082,-0.008248183005543343,-0.008248183005543343,-0.008268024275384613,-0.01418533050187202,-0.01418533050187202,-0.014205171771713291,-0.008972365530371436,-0.008972365530371436,-0.008992206800212706
2012-01-31,0.0032890600220506867,0.0032890600220506867,0.0032692187522094167,-0.0028015077004239063,-0.0028015077004239063,-0.0028213489702651764,-0.006564271115244229,-0.006564271115244229,-0.006584112385085499,-0.002874998983709045,-0.002874998983709045,-0.002894840253550315,-0.006975525184379747,-0.006975525184379747,-0.006995366454221017
2012-02-01,-0.010993278118512442,-0.010136135261369585,-0.011353372065211151,0.015580248761770894,0.017191359872882006,0.016031636904238367,0.004847415826279819,0.007791860270724264,0.005569639962126053,0.013228895074394906,0.01567333951883935,0.0138110133813725,0.004972463513643817,0.0075280190691993714,0.005581510970749302
2012-02-02,-0.007104984073727745,-0.007104984073727745,-0.007124825343569015,0.0003412991663176426,0.0003412991663176426,0.00032145789647637277,0.005343675340232138,0.005343675340232138,0.005323834070390868,0.00720627448139916,0.00720627448139916,0.00718643321155789,0.01142941074856208,0.01142941074856208,0.01140956947872081
2012-02-03,-0.022968684894228222,-0.022968684894228222,-0.022988526164069493,0.02786833903344258,0.02786833903344258,0.02784849776360131,0.005197841717136035,0.005197841717136035,0.005178000447294766,0.01763492071516199,0.01763492071516199,0.01761507944532072,0.012469539177059875,0.012469539177059875,0.012449697907218605
2012-02-06,-0.001965241974161849,-0.001965241974161849,-0.001985083244003119,-0.002742232058112323,-0.002742232058112323,-0.002762073327953593,-0.000551419279185422,-0.000551419279185422,-0.0005712605490266918,0.0003229756306391854,0.0003229756306391854,0.00030313436079791557,-0.0004979077699912103,-0.0004979077699912103,-0.0005177490398324802
2012-02-07,0.0074563656906687864,0.0074563656906687864,0.007436524420827517,-0.0054842744385330535,-0.0054842744385330535,-0.005504115708374323,-0.0009157406079131044,-0.0009157406079131044,-0.0009355818777543742,-0.0050015162056472546,-0.0050015162056472546,-0.005021357475488524,-0.0018552081978633471,-0.0018552081978633471,-0.001875049467704617
2012-02-08,-0.002311917749072407,-0.002311917749072407,-0.002331759018913677,-0.00140468343041436,-0.00140468343041436,-0.0014245247002556299,0.0025937836170927507,0.0025937836170927507,0.0025739423472514807,0.001058924815956298,0.001058924815956298,0.001039083546115028,0.0008231140777912993,0.0008231140777912993,0.0008032728079500295
2012-02-09,0.0003078807306357524,0.0003078807306357524,0.00028803946079448257,-0.002046859718040799,-0.002046859718040799,-0.002066700987882069,-0.0010408509355034875,-0.0010408509355034875,-0.0010606922053447573,-0.0009936774322095996,-0.0009936774322095996,-0.0010135187020508694,0.0033819548307913627,0.0033819548307913627,0.0033621135609500927
2012-02-10,-0.0022999926565166664,-0.0022999926565166664,-0.0023198339263579364,0.007105037779808549,0.007105037779808549,0.0070851965099672795,0.0007408672234973067,0.0007408672234973067,0.0007210259536560369,-0.0026010418657752684,-0.0026010418657752684,-0.0026208831356165385,-0.0008575862329972808,-0.0008575862329972808,-0.0008774275028385506
2012-02-13,-0.0006035677271522145,-0.0006035677271522145,-0.0006234089969934843,0.006300868488266791,0.006300868488266791,0.006281027218425521,-0.0026594317069874827,-0.0026594317069874827,-0.0026792729768287528,0.0007970424451183044,0.0007970424451183044,0.0007772011752770346,-0.002615720330931193,-0.002615720330931193,-0.002635561600772463
2012-02-14,0.008775683759800389,0.008775683759800389,0.008755842489959118,-0.010172827301943008,-0.010172827301943008,-0.010192668571784278,-0.009638920982596664,-0.009638920982596664,-0.009658762252437935,-0.009059302114134336,-0.009059302114134336,-0.009079143383975606,-0.0072409586927061845,-0.0072409586927061845,-0.007260799962547454
2012-02-15,-0.006621605154257611,-0.006621605154257611,-0.006641446424098881,0.0013476281718532218,0.0013476281718532218,0.001327786902011952,0.00019883930792882428,0.00019883930792882428,0.00017899803808755444,0.0018072160314691736,0.0018072160314691736,0.0017873747616279038,0.00432102380640899,0.00432102380640899,0.0043011825365677206
2012-02-16,-0.019733797751378637,-0.019733797751378637,-0.019753639021219908,0.01079839354074271,0.01079839354074271,0.010778552270901439,0.005880155508814176,0.005880155508814176,0.005860314238972907,0.01129986630599773,0.01129986630599773,0.011280025036156459,0.010382886899111814,0.010382886899111814,0.010363045629270543
2012-02-17,0.004394447407014201,0.004394447407014201,0.0043746061371729315,-0.0036425101417868998,-0.0036425101417868998,-0.00366235141162817,0.0006928187876324991,0.0006928187876324991,0.0006729775177912293,-0.0033071208117842867,-0.0033071208117842867,-0.0033269620816255567,0.0026475079821399634,0.0026475079821399634,0.0026276667122986934
2012-02-21,-0.002215519403142815,-0.002215519403142815,-0.002235360672984085,-0.0017217831413566841,-0.0017217831413566841,-0.001741624411197954,0.00021398816024822314,0.00021398816024822314,0.0001941468904069533,-0.0016241789355072806,-0.0016241789355072806,-0.0016440202053485504,-0.0006672795014976357,-0.0006672795014976357,-0.0006871207713389056
2012-02-22,0.019281765147772557,0.019281765147772557,0.019261923877931287,-0.012963350112205587,-0.012963350112205587,-0.012983191382046858,-0.014191218771970899,-0.014191218771970899,-0.01421106004181217,-0.01683115001139311,-0.01683115001139311,-0.016850991281234382,-0.01669491186758179,-0.01669491186758179,-0.01671475313742306
2012-02-23,0.0016738475284786688,0.0016738475284786688,0.001654006258637399,0.008862099315093701,0.008862099315093701,0.00884225804525243,0.0011845414422805812,0.0011845414422805812,0.0011647001724393114,0.0068985280056028265,0.0068985280056028265,0.006878686735761557,0.0014852378942266558,0.0014852378942266558,0.001465396624385386
2012-02-24,0.009320752845031097,0.009320752845031097,0.009300911575189827,-0.0006059551311998234,-0.0006059551311998234,-0.0006257964010410932,-0.003286172373359967,-0.003286172373359967,-0.003306013643201237,-0.00483798395556908,-0.00483798395556908,-0.00485782522541035,-0.004615827100846098,-0.004615827100846098,-0.004635668370687368
2012-02-27,-0.0021419050018677945,-0.0021419050018677945,-0.0021617462717090645,0.0018582073800954245,0.0018582073800954245,0.0018383661102541547,-0.0025243665746783822,-0.0025243665746783822,-0.0025442078445196523,0.0018832340590660415,0.0018832340590660415,0.0018633927892247716,0.0009004824372451582,0.0009004824372451582,0.0008806411674038884
2012-02-28,-0.002204938795809122,-0.002204938795809122,-0.0022247800656503922,-0.004224301043231312,-0.004224301043231312,-0.004244142313072582,-0.002279452943637008,-0.002279452943637008,-0.002299294213478278,-0.0017419083624519466,-0.0017419083624519466,-0.0017617496322932164,-0.000335089050241149,-0.000335089050241149,-0.00035493032008241884
2012-02-29,0.012042203832960773,0.012042203832960773,0.012022362563119502,-0.005776592253288955,-0.005776592253288955,-0.005796433523130224,-0.0068420563360267195,-0.0068420563360267195,-0.006861897605867989,-0.010547538158318694,-0.010547538158318694,-0.010567379428159964,-0.00775865843499312,-0.00775865843499312,-0.00777849970483439
2012-03-01,0.005024032960317533,0.006338318674603247,0.00538800235968604,-0.0048140135407749255,-0.0024806802074415924,-0.0041519264507418755,-0.011639105804534984,-0.008361328026757205,-0.010973576141954544,-0.007055522715750004,-0.003999967160194449,-0.006181934183702111,-0.010678096699096324,-0.007678096699096324,-0.009824859354991776
2012-03-02,0.0044509918450252395,0.0044509918450252395,0.00443115057518397,-0.008535199772936583,-0.008535199772936583,-0.008555041042777854,-0.0007069695843215625,-0.0007069695843215625,-0.0007268108541628323,-0.0027724094620961725,-0.0027724094620961725,-0.0027922507319374425,-0.00043043740326329037,-0.00043043740326329037,-0.0004502786731045602
2012-03-05,0.002812862908404639,0.002812862908404639,0.002793021638563369,0.007075318590431609,0.007075318590431609,0.007055477320590339,0.01651201993484685,0.01651201993484685,0.016492178665005578,0.012391862116594637,0.012391862116594637,0.012372020846753366,0.015702599804191045,0.015702599804191045,0.015682758534349774
2012-03-06,0.011791568659429336,0.011791568659429336,0.011771727389588066,-0.0068682028432359,-0.0068682028432359,-0.0068880441130771694,0.0058346771055413195,0.0058346771055413195,0.00581483583570005,-0.004466835876606321,-0.004466835876606321,-0.004486677146447591,0.002102370845253674,0.002102370845253674,0.002082529575412404
2012-03-07,-0.0014100983935552047,-0.0014100983935552047,-0.0014299396633964746,5.810266193626273e-05,5.810266193626273e-05,3.8261392094992886e-05,-0.004298658126847494,-0.004298658126847494,-0.004318499396688763,-0.0008263971157269345,-0.0008263971157269345,-0.0008462383855682043,-0.0035918127495408528,-0.0035918127495408528,-0.003611654019382123
2012-03-08,-0.0017564010815397857,-0.0017564010815397857,-0.0017762423513810555,0.005635763560725935,0.005635763560725935,0.005615922290884665,-0.0012180050985350537,-0.0012180050985350537,-0.0012378463683763235,0.0005550061565262276,0.0005550061565262276,0.0005351648866849577,-0.0004929312714754184,-0.0004929312714754184,-0.0005127725413166882
2012-03-09,-0.004279255697603387,-0.004279255697603387,-0.004299096967444657,0.004195451742255145,0.004195451742255145,0.004175610472413875,0.007847686198630686,0.007847686198630686,0.007827844928789416,0.004527064382265768,0.004527064382265768,0.004507223112424499,0.0025552706069040566,0.0025552706069040566,0.0025354293370627866
2012-03-12,0.009799642926334663,0.009799642926334663,0.009779801656493392,-0.006941578332420502,-0.006941578332420502,-0.006961419602261772,0.00013930774499230176,0.00013930774499230176,0.00011946647515103192,-0.0033808188722982877,-0.0033808188722982877,-0.0034006601421395577,-0.0023406214253141014,-0.0023406214253141014,-0.0023604626951553714
2012-03-13,-0.01780018826180253,-0.01780018826180253,-0.0178200295316438,0.005993255979382987,0.005993255979382987,0.005973414709541718,0.0015252992265400783,0.0015252992265400783,0.0015054579566988085,0.004025272763358779,0.004025272763358779,0.004005431493517509,0.00047021054189550805,0.00047021054189550805,0.00045036927205423824
2012-03-14,-0.002412466669310912,-0.002412466669310912,-0.002432307939152182,-0.0039642148368558335,-0.0039642148368558335,-0.003984056106697103,0.00340567986691764,0.00340567986691764,0.00338583859707637,-0.0005282957302153604,-0.0005282957302153604,-0.0005481370000566302,0.00731886838906326,0.00731886838906326,0.00729902711922199
2012-03-15,-0.022130442176098903,-0.022130442176098903,-0.022150283445940173,0.007167172550055702,0.007167172550055702,0.007147331280214432,-0.00015443093250769985,-0.00015443093250769985,-0.0001742722023489697,0.0033542587282930606,0.0033542587282930606,0.0033344174584517905,0.004767766485828136,0.004767766485828136,0.0047479252159868665
2012-03-16,-0.00873389290049668,-0.00873389290049668,-0.008753734170337951,0.003760193725447702,0.003760193725447702,0.003740352455606432,0.006788658011857511,0.006788658011857511,0.006768816742016241,0.005099894281742829,0.005099894281742829,0.00508005301190156,0.004815730750323757,0.004815730750323757,0.004795889480482487
2012-03-19,-0.0011347605855599652,-0.0011347605855599652,-0.001154601855401235,0.001370715389198912,0.001370715389198912,0.0013508741193576422,0.00029352509348387005,0.00029352509348387005,0.00027368382364260024,0.00028839979712000385,0.00028839979712000385,0.00026855852727873403,0.001654570579131311,0.001654570579131311,0.0016347293092900412
2012-03-20,0.0054136244860432834,0.0054136244860432834,0.005393783216202014,-0.008728847459115754,-0.008728847459115754,-0.008748688728957024,-0.006403692135412575,-0.006403692135412575,-0.006423533405253845,-0.007253458814782352,-0.007253458814782352,-0.007273300084623621,-0.0038691342260074747,-0.0038691342260074747,-0.0038889754958487447
2012-03-21,0.007052326175242724,0.007052326175242724,0.007032484905401455,-0.002986889930489681,-0.002986889930489681,-0.003006731200330951,-0.0037926965944292406,-0.0037926965944292406,-0.0038125378642705106,-0.004696694300390436,-0.004696694300390436,-0.004716535570231706,-0.0007343581471315999,-0.0007343581471315999,-0.0007541994169728697
2012-03-22,0.020722345128233483,0.020722345128233483,0.020702503858392212,-0.01755008238136728,-0.01755008238136728,-0.01756992365120855,-0.010404016736543144,-0.010404016736543144,-0.010423858006384415,-0.018233791165653424,-0.018233791165653424,-0.018253632435494695,-0.01035204051910851,-0.01035204051910851,-0.01037188178894978
2012-03-23,-0.013890031450032522,-0.013890031450032522,-0.013909872719873793,0.008824016118344798,0.008824016118344798,0.008804174848503528,0.005514261867946981,0.005514261867946981,0.0054944205981057115,0.012123012617601866,0.012123012617601866,0.012103171347760596,0.0033347445622152116,0.0033347445622152116,0.0033149032923739416
2012-03-26,0.0035498048970556305,0.0035498048970556305,0.0035299636272143604,-0.0010830415321445878,-0.0010830415321445878,-0.0011028828019858576,-0.0013449121410970717,-0.0013449121410970717,-0.0013647534109383415,9.42949582015901e-05,9.42949582015901e-05,7.445368836032026e-05,0.0013318716576790257,0.0013318716576790257,0.0013120303878377559
2012-03-27,0.012296134628050284,0.012296134628050284,0.012276293358209013,-0.005885368095661375,-0.005885368095661375,-0.0059052093655026444,-0.0033638358968914213,-0.0033638358968914213,-0.0033836771667326913,-0.00958155006698822,-0.00958155006698822,-0.00960139133682949,-0.005030311431760766,-0.005030311431760766,-0.005050152701602036
2012-03-28,-0.0014569657465743964,-0.0014569657465743964,-0.0014768070164156663,-0.002390615174969668,-0.002390615174969668,-0.002410456444810938,0.003774859592627848,0.003774859592627848,0.003755018322786578,-0.002684937776501393,-0.002684937776501393,-0.002704779046342663,0.004934591234319011,0.004934591234319011,0.004914749964477741
2012-03-29,0.008043518321869761,0.008043518321869761,0.00802367705202849,-0.005828411734904608,-0.005828411734904608,-0.005848253004745878,-0.0014219083808020066,-0.0014219083808020066,-0.0014417496506432764,-0.0017403631615844012,-0.0017403631615844012,-0.001760204431425671,-0.0012071776439539841,-0.0012071776439539841,-0.001227018913795254
2012-03-30,-0.0017107097664280934,-0.0017107097664280934,-0.0017305510362693633,-0.001323849219710929,-0.001323849219710929,-0.0013436904895521987,0.004875618628592009,0.004875618628592009,0.0048557773587507395,0.00420861826261597,0.00420861826261597,0.0041887769927747,0.002135413997226705,0.002135413997226705,0.002115572727385435
2012-04-02,0.003315503614290863,0.004401217900005148,0.0035272223382201598,-0.0036086528278936867,-0.0014419861612270197,-0.003075613474492506,-0.00696759495698673,-0.004023150512542286,-0.00613001605564949,-0.0032509670754700473,-2.8744853247825077e-05,-0.0023300633846153307,-0.005329402398262699,-0.0022738468427071436,-0.0045425423099201565
2012-04-03,0.016529457671668184,0.016529457671668184,0.016509616401826913,-0.005164312904112823,-0.005164312904112823,-0.005184154173954092,-0.003227073142961797,-0.003227073142961797,-0.003246914412803067,-0.004952635241843794,-0.004952635241843794,-0.004972476511685063,-0.009814661245194027,-0.009814661245194027,-0.009834502515035298
2012-04-04,0.00453301013772707,0.00453301013772707,0.0045131688678858,0.0024757167128114034,0.0024757167128114034,0.0024558754429701334,0.007629767430054591,0.007629767430054591,0.007609926160213321,0.0049703830032641035,0.0049703830032641035,0.004950541733422834,0.006167443222559835,0.006167443222559835,0.006147601952718565
2012-04-05,0.018739988780608063,0.018739988780608063,0.018720147510766793,-0.006553250204993286,-0.006553250204993286,-0.006573091474834556,-0.00019871678718974805,-0.00019871678718974805,-0.0002185580570310179,-0.003376564767981325,-0.003376564767981325,-0.003396406037822595,-0.007896773624665522,-0.007896773624665522,-0.007916614894506792
2012-04-09,0.006677118875689858,0.006677118875689858,0.006657277605848589,-0.004316219533406511,-0.004316219533406511,-0.004336060803247781,0.006154450634868611,0.006154450634868611,0.006134609365027342,-0.0005129152208851275,-0.0005129152208851275,-0.0005327564907263973,0.00626294311278734,0.00626294311278734,0.006243101842946071
2012-04-10,-0.0087920339257146,-0.0087920339257146,-0.00881187519555587,0.002502712248255121,0.002502712248255121,0.002482870978413851,0.009040710985175452,0.009040710985175452,0.009020869715334182,0.0032098360403014915,0.0032098360403014915,0.0031899947704602215,0.011503513699280777,0.011503513699280777,0.011483672429439507
2012-04-11,-0.0019017784975291045,-0.0019017784975291045,-0.0019216197673703743,0.006432662327948549,0.006432662327948549,0.006412821058107279,0.0015111896466483577,0.0015111896466483577,0.001491348376807088,0.00039212541314665545,0.00039212541314665545,0.00037228414330538564,0.005583067323015215,0.005583067323015215,0.005563226053173945
2012-04-12,-0.01753920849486856,-0.01753920849486856,-0.01755904976470983,0.006410908727679068,0.006410908727679068,0.006391067457837798,-0.006014754279437885,-0.006014754279437885,-0.0060345955492791545,0.0011057266741050847,0.0011057266741050847,0.0010858854042638149,0.005809779710999226,0.005809779710999226,0.005789938441157956
2012-04-13,0.02503823198948113,0.02503823198948113,0.02501839071963986,-0.012576379062776767,-0.012576379062776767,-0.012596220332618037,-0.0015005208505883764,-0.0015005208505883764,-0.0015203621204296462,-0.008484739730218242,-0.008484739730218242,-0.008504581000059512,-0.00607128082147061,-0.00607128082147061,-0.00609112209131188
2012-04-16,0.004039687303027138,0.004039687303027138,0.004019846033185869,-0.00980907716196729,-0.00980907716196729,-0.00982891843180856,-0.010583102517405277,-0.010583102517405277,-0.010602943787246548,-0.007775158152415304,-0.007775158152415304,-0.007794999422256574,-0.0054809896356647955,-0.0054809896356647955,-0.005500830905506065
2012-04-17,-0.010635704124364103,-0.010635704124364103,-0.010655545394205374,0.005676008283582858,0.005676008283582858,0.005656167013741589,-0.001387208439938611,-0.001387208439938611,-0.0014070497097798808,0.0014858841123890566,0.0014858841123890566,0.0014660428425477868,0.0011262653895949945,0.0011262653895949945,0.0011064241197537247
2012-04-18,0.01863077533013997,0.01863077533013997,0.0186109340602987,0.0013800053888642083,0.0013800053888642083,0.0013601641190229385,0.0028249745741177794,0.0028249745741177794,0.0028051333042765094,0.00036612562222789087,0.00036612562222789087,0.00034628435238662106,0.0008744311434265412,0.0008744311434265412,0.0008545898735852714
2012-04-19,-0.008951804100276288,-0.008951804100276288,-0.008971645370117558,0.005184949063354708,0.005184949063354708,0.0051651077935134385,-0.0038968214464199457,-0.0038968214464199457,-0.003916662716261216,-0.0016149087248971414,-0.0016149087248971414,-0.0016347499947384112,-0.005039801749963858,-0.005039801749963858,-0.005059643019805128
2012-04-20,0.016552830730970886,0.016552830730970886,0.016532989461129615,-0.0048761010920652164,-0.0048761010920652164,-0.004895942361906486,0.0011490794302849872,0.0011490794302849872,0.0011292381604437174,-0.0025620271696026654,-0.0025620271696026654,-0.0025818684394439354,-0.00372072367337155,-0.00372072367337155,-0.00374056494321282
2012-04-23,-0.0004995668591242356,-0.0004995668591242356,-0.0005194081289655054,-0.001334525965841573,-0.001334525965841573,-0.0013543672356828428,-0.002326138959569549,-0.002326138959569549,-0.002345980229410819,-0.0005930191579480407,-0.0005930191579480407,-0.0006128604277893105,-0.0031082719775971253,-0.0031082719775971253,-0.0031281132474383954
2012-04-24,-0.011804431715970263,-0.011804431715970263,-0.011824272985811533,0.005501285639712904,0.005501285639712904,0.0054814443698716344,-0.0011466399080106771,-0.0011466399080106771,-0.001166481177851947,0.005703893098784918,0.005703893098784918,0.005684051828943649,0.0008065170108562609,0.0008065170108562609,0.000786675741014991
2012-04-25,0.007076119586381588,0.007076119586381588,0.007056278316540318,-0.0010118378116664834,-0.0010118378116664834,-0.0010316790815077532,0.0023729454041322984,0.0023729454041322984,0.0023531041342910283,-0.002511760497061295,-0.002511760497061295,-0.002531601766902565,0.003361597092994082,0.003361597092994082,0.003341755823152812
2012-04-26,0.013393125098588725,0.013393125098588725,0.013373283828747454,-0.0024430688845341946,-0.0024430688845341946,-0.0024629101543754647,0.0021106249269735025,0.0021106249269735025,0.0020907836571322324,-0.0022041687406578257,-0.0022041687406578257,-0.0022240100104990957,0.0006667676012214435,0.0006667676012214435,0.0006469263313801737
2012-04-27,0.010302317226883056,0.010302317226883056,0.010282475957041785,-0.004981754394792574,-0.004981754394792574,-0.005001595664633844,0.004472169161178366,0.004472169161178366,0.004452327891337096,-0.001514923656329662,-0.001514923656329662,-0.0015347649261709317,-0.009734536955859779,-0.009734536955859779,-0.00975437822570105
2012-04-30,-0.006992178800792284,-0.006992178800792284,-0.007012020070633554,-0.0025956209142839414,-0.0025956209142839414,-0.0026154621841252114,0.002622001368407973,0.002622001368407973,0.002602160098566703,0.0081502031141221,0.0081502031141221,0.00813036184428083,-0.0014998229827990484,-0.0014998229827990484,-0.0015196642526403182
2012-05-01,-0.01076861089655301,-0.00996861089655301,-0.010589705320470535,0.005198906664455995,0.007587795553344884,0.005874490392720376,0.001274532030235794,0.004552309808013572,0.0021716080294021203,0.004416303081538816,0.007694080859316594,0.005350325330735013,0.0035667325165205854,0.006233399183187252,0.004223785252934238
2012-05-02,0.022677724503105033,0.022677724503105033,0.022657883233263763,-0.018816032871497718,-0.018816032871497718,-0.018835874141338988,-0.01150240327282705,-0.01150240327282705,-0.011522244542668321,-0.016649116677520732,-0.016649116677520732,-0.016668957947362003,-0.010108103685038655,-0.010108103685038655,-0.010127944954879925
2012-05-03,0.017670822045847218,0.017670822045847218,0.017650980776005947,-0.01065436580005989,-0.01065436580005989,-0.010674207069901161,-0.007602928934784015,-0.007602928934784015,-0.007622770204625285,-0.011942094897481931,-0.011942094897481931,-0.011961936167323202,-0.007590479312525142,-0.007590479312525142,-0.0076103205823664115
2012-05-04,0.002923182454250133,0.002923182454250133,0.002903341184408863,-0.00519826120155481,-0.00519826120155481,-0.00521810247139608,-0.000615994367797541,-0.000615994367797541,-0.0006358356376388109,-0.001182033454060588,-0.001182033454060588,-0.0012018747239018579,-0.0017435016827098985,-0.0017435016827098985,-0.0017633429525511684
2012-05-07,-0.00224397496238575,-0.00224397496238575,-0.00226381623222702,-0.0008628306799928943,-0.0008628306799928943,-0.0008826719498341641,0.0012985300242156401,0.0012985300242156401,0.0012786887543743703,0.0006616812465752541,0.0006616812465752541,0.0006418399767339843,0.0004241723962645767,0.0004241723962645767,0.0004043311264233069
2012-05-08,-0.010607618818962293,-0.010607618818962293,-0.010627460088803563,0.010432348312787122,0.010432348312787122,0.010412507042945851,-0.00817067500663567,-0.00817067500663567,-0.00819051627647694,0.004982436850331126,0.004982436850331126,0.004962595580489856,-0.011406604031566958,-0.011406604031566958,-0.011426445301408229
2012-05-09,-0.025784046069074806,-0.025784046069074806,-0.025803887338916077,0.02460304075586428,0.02460304075586428,0.02458319948602301,0.01621602203836628,0.01621602203836628,0.01619618076852501,0.022146510147172,0.022146510147172,0.02212666887733073,0.018780024611151424,0.018780024611151424,0.018760183341310153
2012-05-10,0.0018493973132620292,0.0018493973132620292,0.0018295560434207594,-0.0004582546287752109,-0.0004582546287752109,-0.0004780958986164807,0.0031320336131644235,0.0031320336131644235,0.0031121923433231535,0.001891286855068045,0.001891286855068045,0.0018714455852267753,0.0012378235756746888,0.0012378235756746888,0.001217982305833419
2012-05-11,-5.310666126243286e-05,-5.310666126243286e-05,-7.29479311037027e-05,-0.004298095429597964,-0.004298095429597964,-0.004317936699439234,0.0022739845674798597,0.0022739845674798597,0.0022541432976385897,-0.0005827854255972422,-0.0005827854255972422,-0.000602626695438512,0.003475487440033416,0.003475487440033416,0.003455646170192146
2012-05-14,-0.0011812706565404371,-0.0011812706565404371,-0.001201111926381707,0.0009592613098681384,0.0009592613098681384,0.0009394200400268686,0.004434255866110588,0.004434255866110588,0.004414414596269319,0.004147056914536,0.004147056914536,0.004127215644694731,0.006572967826256819,0.006572967826256819,0.006553126556415549
2012-05-15,0.019950143273434258,0.019950143273434258,0.019930302003592987,-0.018309580834586715,-0.018309580834586715,-0.018329422104427985,-0.013221180573055102,-0.013221180573055102,-0.013241021842896373,-0.01609452804125059,-0.01609452804125059,-0.01611436931109186,-0.016187495926597607,-0.016187495926597607,-0.016207337196438878
2012-05-16,0.028799840885372085,0.028799840885372085,0.028779999615530814,-0.019625062754817117,-0.019625062754817117,-0.019644904024658388,-0.020410070587447322,-0.020410070587447322,-0.020429911857288593,-0.015481738891534974,-0.015481738891534974,-0.015501580161376245,-0.017833348378181412,-0.017833348378181412,-0.017853189648022683
2012-05-17,-0.019261136555817196,-0.019261136555817196,-0.019280977825658466,0.0049778198074592606,0.0049778198074592606,0.004957978537617991,0.01477714108283559,0.01477714108283559,0.01475729981299432,0.014072175337909817,0.014072175337909817,0.014052334068068547,0.010361092408142772,0.010361092408142772,0.010341251138301501
2012-05-18,0.010545613432511598,0.010545613432511598,0.010525772162670328,-0.002263360128669974,-0.002263360128669974,-0.002283201398511244,-0.004159599635038225,-0.004159599635038225,-0.004179440904879495,-0.0010734266370578491,-0.0010734266370578491,-0.001093267906899119,-0.0028210604226167543,-0.0028210604226167543,-0.0028409016924580244
2012-05-21,-0.0019800405728370584,-0.0019800405728370584,-0.0019998818426783284,0.011154279001054469,0.011154279001054469,0.011134437731213198,0.0009900895475065093,0.0009900895475065093,0.0009702482776652395,-6.377217991517968e-05,-6.377217991517968e-05,-8.361344975644952e-05,0.003705781247049866,0.003705781247049866,0.0036859399772085958
2012-05-22,0.011750742545745877,0.011750742545745877,0.011730901275904607,-0.011267525910813175,-0.011267525910813175,-0.011287367180654446,-0.0034162287827286617,-0.0034162287827286617,-0.0034360700525699318,-0.00831388201351951,-0.00831388201351951,-0.00833372328336078,-0.008123917709463703,-0.008123917709463703,-0.008143758979304973
2012-05-23,0.0014806785619897985,0.0014806785619897985,0.0014608372921485287,0.0029203894254944867,0.0029203894254944867,0.0029005481556532166,-0.0018736649993638418,-0.0018736649993638418,-0.0018935062692051116,0.0023954932260348413,0.0023954932260348413,0.0023756519561935713,0.00026428539684141775,0.00026428539684141775,0.00024444412700014794
2012-05-24,0.004485744150687358,0.004485744150687358,0.004465902880846089,-0.005224381480906292,-0.005224381480906292,-0.005244222750747562,-0.002390521980432658,-0.002390521980432658,-0.002410363250273928,-0.0037265584765813296,-0.0037265584765813296,-0.0037463997464225996,0.0014033210708933477,0.0014033210708933477,0.001383479801052078
2012-05-25,-0.020079436619209436,-0.020079436619209436,-0.020099277889050707,0.02167764047019471,0.02167764047019471,0.02165779920035344,0.017735637601746186,0.017735637601746186,0.017715796331904916,0.020182579048740077,0.020182579048740077,0.020162737778898807,0.01780724667048955,0.01780724667048955,0.01778740540064828
2012-05-29,-0.0057794991804510434,-0.0057794991804510434,-0.005799340450292313,0.005294032325979235,0.005294032325979235,0.005274191056137965,0.001895339959508635,0.001895339959508635,0.0018754986896673653,0.0022317318953392336,0.0022317318953392336,0.0022118906254979635,0.0029591817052874053,0.0029591817052874053,0.0029393404354461352
2012-05-30,0.016751168670480918,0.016751168670480918,0.016731327400639647,-0.012062056118387567,-0.012062056118387567,-0.012081897388228837,0.0009565628309564196,0.0009565628309564196,0.0009367215611151497,-0.006346750762807019,-0.006346750762807019,-0.0063665920326482885,-0.002969100198249534,-0.002969100198249534,-0.002988941468090804
2012-05-31,0.0059966047559926496,0.0059966047559926496,0.00597676348615138,-0.004541743397148936,-0.004541743397148936,-0.004561584666990206,-0.004900509555875904,-0.004900509555875904,-0.004920350825717174,-0.00666783994105016,-0.00666783994105016,-0.006687681210891429,-0.007672004328055801,-0.007672004328055801,-0.0076918455978970705
2012-06-01,-0.005863594482231964,-0.005120737339374821,-0.009230722934175775,0.00279113862882087,0.0046800275177097585,-9.914900755833591e-05,-0.010884252367161716,-0.007995363478272828,-0.013486056514142305,-0.005566240832987519,-0.0029551297218764084,-0.008243926535916955,0.0016875328760277805,0.004187532876027781,-0.00102989402195059
2012-06-04,0.010147618477005802,0.010147618477005802,0.010127777207164531,-0.013258992650114425,-0.013258992650114425,-0.013278833919955695,-0.008738640845217678,-0.008738640845217678,-0.008758482115058948,-0.008624775106745962,-0.008624775106745962,-0.008644616376587233,-0.0036813718760305234,-0.0036813718760305234,-0.0037012131458717934
2012-06-05,-0.013119342316401642,-0.013119342316401642,-0.013139183586242912,0.006848834613677474,0.006848834613677474,0.0068289933438362045,0.005110184067359051,0.005110184067359051,0.005090342797517781,0.006360797415302716,0.006360797415302716,0.006340956145461447,0.0002017521434890385,0.0002017521434890385,0.00018191087364776866
2012-06-06,-0.0017253226900678775,-0.0017253226900678775,-0.0017451639599091473,0.003427338557816127,0.003427338557816127,0.003407497287974857,-0.00351858108797178,-0.00351858108797178,-0.00353842235781305,0.001177250394097681,0.001177250394097681,0.0011574091242564112,-0.0038856591294510914,-0.0038856591294510914,-0.0039055003992923614
2012-06-07,0.004713214281762745,0.004713214281762745,0.004693373011921476,-0.0017796739263326962,-0.0017796739263326962,-0.001799515196173966,0.0010095570638840282,0.0010095570638840282,0.0009897157940427584,-0.0038971228664638445,-0.0038971228664638445,-0.003916964136305114,-0.001877623344540931,-0.001877623344540931,-0.001897464614382201
2012-06-08,0.0037499831546575313,0.0037499831546575313,0.0037301418848162612,-0.003982750205224844,-0.003982750205224844,-0.004002591475066114,-0.0054491745512350006,-0.0054491745512350006,-0.00546901582107627,-0.005932839851780098,-0.005932839851780098,-0.005952681121621368,-0.004928673177761697,-0.004928673177761697,-0.004948514447602966
2012-06-11,0.009545358453484181,0.009545358453484181,0.00952551718364291,-0.01298110030117116,-0.01298110030117116,-0.01300094157101243,-0.006219448301914367,-0.006219448301914367,-0.006239289571755636,-0.009685028757577225,-0.009685028757577225,-0.009704870027418495,-0.0025163889874669403,-0.0025163889874669403,-0.0025362302573082103
2012-06-12,-0.009791987385666315,-0.009791987385666315,-0.009811828655507586,0.010234882004714,0.010234882004714,0.01021504073487273,0.010510107025976023,0.010510107025976023,0.010490265756134752,0.010193179514002518,0.010193179514002518,0.010173338244161247,0.004161799142916011,0.004161799142916011,0.004141957873074742
2012-06-13,-0.002709207057561611,-0.002709207057561611,-0.002729048327402881,-0.0065393937354239675,-0.0065393937354239675,-0.006559235005265237,-0.010341682167667414,-0.010341682167667414,-0.010361523437508685,-0.009811787088589988,-0.009811787088589988,-0.009831628358431259,-0.0038192921681249143,-0.0038192921681249143,-0.0038391334379661844
2012-06-14,0.0028608676818385253,0.0028608676818385253,0.0028410264119972553,-0.0020948163780600357,-0.0020948163780600357,-0.0021146576479013058,8.514421817510005e-06,8.514421817510005e-06,-1.1326848023759836e-05,-0.0047861704082461775,-0.0047861704082461775,-0.004806011678087447,0.00012570665676372083,0.00012570665676372083,0.00010586538692245099
2012-06-15,-0.007284585443372027,-0.007284585443372027,-0.007304426713213297,0.005944644790632151,0.005944644790632151,0.005924803520790881,0.005758996216691918,0.005758996216691918,0.005739154946850648,0.012336864014147693,0.012336864014147693,0.012317022744306422,0.0029569295935765677,0.0029569295935765677,0.0029370883237352977
2012-06-18,0.018335677904641367,0.018335677904641367,0.018315836634800096,-0.007072606374267756,-0.007072606374267756,-0.007092447644109026,-0.004303932017950969,-0.004303932017950969,-0.004323773287792238,-0.008609675490027955,-0.008609675490027955,-0.008629516759869225,-0.008297882707393636,-0.008297882707393636,-0.008317723977234907
2012-06-19,-0.01823409153837016,-0.01823409153837016,-0.01825393280821143,0.015733709592837184,0.015733709592837184,0.015713868322995914,0.015539368406477858,0.015539368406477858,0.015519527136636587,0.015718447399619716,0.015718447399619716,0.015698606129778445,0.012361666900689497,0.012361666900689497,0.012341825630848227
2012-06-20,-0.004336820986326611,-0.004336820986326611,-0.00435666225616788,0.0017924094408281865,0.0017924094408281865,0.0017725681709869167,-0.002305705305589119,-0.002305705305589119,-0.002325546575430389,0.0009749649914493402,0.0009749649914493402,0.0009551237216080704,-0.0028064660894436388,-0.0028064660894436388,-0.002826307359284909
2012-06-21,0.01217161098757713,0.01217161098757713,0.01215176971773586,-0.019031742276010174,-0.019031742276010174,-0.019051583545851444,-0.011188564225624295,-0.011188564225624295,-0.011208405495465566,-0.020896513569426255,-0.020896513569426255,-0.020916354839267525,-0.006638599199057214,-0.006638599199057214,-0.006658440468898483
2012-06-22,0.0024821258687035114,0.0024821258687035114,0.0024622845988622414,-0.006151132436346229,-0.006151132436346229,-0.006170973706187499,-0.0004659088037914155,-0.0004659088037914155,-0.0004857500736326853,-0.009165244421234474,-0.009165244421234474,-0.009185085691075744,-0.0032158932758462625,-0.0032158932758462625,-0.0032357345456875326
2012-06-25,0.013230595314438973,0.013230595314438973,0.013210754044597702,-0.012981702825170447,-0.012981702825170447,-0.013001544095011718,-0.009049948270185893,-0.009049948270185893,-0.009069789540027164,-0.011948904621306504,-0.011948904621306504,-0.011968745891147775,-0.0026230662477745863,-0.0026230662477745863,-0.0026429075176158563
2012-06-26,0.004074858622735277,0.004074858622735277,0.004055017352894008,0.0021652097161771805,0.0021652097161771805,0.0021453684463359104,0.0016658290967737199,0.0016658290967737199,0.00164598782693245,-0.0006944489164208243,-0.0006944489164208243,-0.0007142901862620941,-0.0004160730765203871,-0.0004160730765203871,-0.00043591434636165694
2012-06-27,-0.02960413079536035,-0.02960413079536035,-0.02962397206520162,0.020716382436212235,0.020716382436212235,0.020696541166370964,0.00858006709682022,0.00858006709682022,0.00856022582697895,0.014067626423485868,0.014067626423485868,0.014047785153644597,0.007428112779603674,0.007428112779603674,0.007408271509762404
2012-06-28,-0.01890579234254406,-0.01890579234254406,-0.01892563361238533,0.016470829119506425,0.016470829119506425,0.016450987849665154,0.011893089167870192,0.011893089167870192,0.011873247898028922,0.012377474153458936,0.012377474153458936,0.012357632883617665,0.018169086452100025,0.018169086452100025,0.018149245182258755
2012-06-29,-0.007422959007192699,-0.007422959007192699,-0.007442800277033969,0.0015481548066151587,0.0015481548066151587,0.001528313536773889,0.0002385766905871735,0.0002385766905871735,0.00021873542074590365,0.007632999708395879,0.007632999708395879,0.007613158438554609,0.005824557861984281,0.005824557861984281,0.005804716592143011
2012-07-02,0.009535167898996928,0.010590723454552484,0.009820621183439725,-0.012491305009160366,-0.010213527231382588,-0.011923065824903812,-0.005474859402481707,-0.002474859402481707,-0.004633247603332168,-0.010234562105142283,-0.007790117660697839,-0.0095486704941763,0.0007063639320273006,0.003539697265360634,0.0014237407770426103
2012-07-03,-0.02047655040837696,-0.02047655040837696,-0.02049639167821823,0.012248082361112501,0.012248082361112501,0.012228241091271231,-0.0002915015617186911,-0.0002915015617186911,-0.0003113428315599609,0.014567093090804221,0.014567093090804221,0.014547251820962951,0.0037038945633478286,0.0037038945633478286,0.0036840532935065585
2012-07-05,0.017704470095180724,0.017704470095180724,0.017684628825339454,-0.012402368207606748,-0.012402368207606748,-0.012422209477448019,0.00328442324415027,0.00328442324415027,0.003264581974309,-0.007278355464728829,-0.007278355464728829,-0.007298196734570098,-0.0020964655583741165,-0.0020964655583741165,-0.0021163068282153866
2012-07-06,0.015184470438419678,0.015184470438419678,0.015164629168578407,-0.016139591707235647,-0.016139591707235647,-0.016159432977076917,-0.007100449303236037,-0.007100449303236037,-0.007120290573077307,-0.01270145038993171,-0.01270145038993171,-0.01272129165977298,-0.004928799804513505,-0.004928799804513505,-0.004948641074354774
2012-07-09,0.0097960255176674,0.0097960255176674,0.00977618424782613,-0.010102251486530971,-0.010102251486530971,-0.010122092756372242,0.0006343346619895918,0.0006343346619895918,0.000614493392148322,-0.009736548743217005,-0.009736548743217005,-0.009756390013058275,-0.002731108329559075,-0.002731108329559075,-0.002750949599400345
2012-07-10,0.009861204736260256,0.009861204736260256,0.009841363466418986,-0.009870269162471185,-0.009870269162471185,-0.009890110432312455,0.0016109848339420575,0.0016109848339420575,0.0015911435641007877,-0.006876556704106453,-0.006876556704106453,-0.006896397973947722,-0.0017748135448979313,-0.0017748135448979313,-0.0017946548147392011
2012-07-11,-0.011740026276219475,-0.011740026276219475,-0.011759867546060745,0.009206275347052213,0.009206275347052213,0.009186434077210943,0.0044123813100606455,0.0044123813100606455,0.004392540040219376,0.008234940176760063,0.008234940176760063,0.008215098906918792,0.009242635608582857,0.009242635608582857,0.009222794338741586
2012-07-12,0.019494613526412137,0.019494613526412137,0.019474772256570867,-0.016076804046004083,-0.016076804046004083,-0.016096645315845353,-0.0056869322792495736,-0.0056869322792495736,-0.005706773549090843,-0.011227545997461164,-0.011227545997461164,-0.011247387267302435,-0.00220411212996018,-0.00220411212996018,-0.00222395339980145
2012-07-13,-0.003949834986144571,-0.003949834986144571,-0.00396967625598584,0.00837417039226064,0.00837417039226064,0.00835432912241937,-0.0010127745928713572,-0.0010127745928713572,-0.001032615862712627,0.0012462227596290233,0.0012462227596290233,0.0012263814897877535,0.001234979132007161,0.001234979132007161,0.0012151378621658912
2012-07-16,0.001389741454258399,0.001389741454258399,0.0013699001844171292,-0.00359011742984466,-0.00359011742984466,-0.00360995869968593,-0.0008493720807108477,-0.0008493720807108477,-0.0008692133505521175,-0.001456282803288331,-0.001456282803288331,-0.0014761240731296008,0.0008276534282042861,0.0008276534282042861,0.0008078121583630163
2012-07-17,-0.0024551582140014006,-0.0024551582140014006,-0.0024749994838426707,-0.0018906228586321211,-0.0018906228586321211,-0.001910464128473391,-0.0004433587790676676,-0.0004433587790676676,-0.00046320004890893743,-0.0027808389801864553,-0.0027808389801864553,-0.0028006802500277254,0.0006990891065767951,0.0006990891065767951,0.0006792478367355253
2012-07-18,0.0003545162529269223,0.0003545162529269223,0.00033467498308565246,0.005787363400915358,0.005787363400915358,0.005767522131074089,0.003318593449082835,0.003318593449082835,0.003298752179241565,0.007080851757106808,0.007080851757106808,0.007061010487265538,-0.00228561931196428,-0.00228561931196428,-0.00230546058180555
2012-07-19,-0.002538663428874146,-0.002538663428874146,-0.002558504698715416,0.007123469139433079,0.007123469139433079,0.0071036278695918095,0.005923563648148138,0.005923563648148138,0.005903722378306869,0.005431486972625385,0.005431486972625385,0.005411645702784115,-0.0018033992943778713,-0.0018033992943778713,-0.001823240564219141
2012-07-20,0.0013480783987792266,0.0013480783987792266,0.0013282371289379568,-0.017434125009834652,-0.017434125009834652,-0.017453966279675923,-0.007999002965863478,-0.007999002965863478,-0.008018844235704748,-0.009283178675529307,-0.009283178675529307,-0.009303019945370578,-0.004468407961622394,-0.004468407961622394,-0.004488249231463664
2012-07-23,-0.0025407871123507564,-0.0025407871123507564,-0.0025606283821920264,-0.0022700375424703273,-0.0022700375424703273,-0.0022898788123115973,-0.0013242876330761151,-0.0013242876330761151,-0.001344128902917385,-0.0024925421199648396,-0.0024925421199648396,-0.0025123833898061097,-0.00017190734404117728,-0.00017190734404117728,-0.00019174861388244712
2012-07-24,0.006345495010003492,0.006345495010003492,0.006325653740162222,-0.0034608991539748103,-0.0034608991539748103,-0.0034807404238160803,-0.0016305852278154845,-0.0016305852278154845,-0.0016504264976567543,-0.0053401580270266945,-0.0053401580270266945,-0.005359999296867964,-0.0014889222646092763,-0.0014889222646092763,-0.001508763534450546
2012-07-25,0.006811617844681516,0.006811617844681516,0.006791776574840247,0.006154051667797736,0.006154051667797736,0.006134210397956467,-0.006578931935395441,-0.006578931935395441,-0.006598773205236711,-0.004247529656655393,-0.004247529656655393,-0.004267370926496663,-0.003958831715547285,-0.003958831715547285,-0.0039786729853885545
2012-07-26,-0.0011601378923193914,-0.0011601378923193914,-0.0011799791621606613,-0.00925240498803296,-0.00925240498803296,-0.00927224625787423,-0.025356105160629878,-0.025356105160629878,-0.025375946430471148,-0.008881282199615929,-0.008881282199615929,-0.0089011234694572,-0.022179006784636433,-0.022179006784636433,-0.022198848054477704
2012-07-27,-0.020047734900876427,-0.020047734900876427,-0.020067576170717697,0.017437933442531296,0.017437933442531296,0.017418092172690025,-0.0029094188075449944,-0.0029094188075449944,-0.0029292600773862644,0.012552473031157623,0.012552473031157623,0.012532631761316353,-0.0014749782368252355,-0.0014749782368252355,-0.0014948195066665053
2012-07-30,0.0037825364806006205,0.0037825364806006205,0.0037626952107593504,-0.0059375125740750425,-0.0059375125740750425,-0.005957353843916312,0.0017427668790156539,0.0017427668790156539,0.001722925609174384,-0.001152372549076602,-0.001152372549076602,-0.0011722138189178717,-0.0030719827024361292,-0.0030719827024361292,-0.0030918239722773993
2012-07-31,-0.008748037972372443,-0.008748037972372443,-0.008767879242213714,0.0073706645274869975,0.0073706645274869975,0.007350823257645728,-0.004485036978529153,-0.004485036978529153,-0.004504878248370423,0.007736526727800553,0.007736526727800553,0.007716685457959283,-0.0003481796519903685,-0.0003481796519903685,-0.0003680209218316383
2012-08-01,-0.0030176563688849517,-0.0018509897022182852,-0.0026987107315543115,-0.008470589658990358,-0.006803922992323691,-0.008045410731196039,-0.003530384367230207,-0.0010303843672302068,-0.0028331366243897677,0.000960953450365021,0.003738731228142799,0.0017449887920824062,-0.006130969305460008,-0.0034087470832377853,-0.005371602591136234
2012-08-02,0.016827930482123978,0.016827930482123978,0.016808089212282707,-0.0031861650575772393,-0.0031861650575772393,-0.0032060063274185094,0.0024551800171202587,0.0024551800171202587,0.0024353387472789887,-0.00611324327220176,-0.00611324327220176,-0.00613308454204303,-0.003823655164290331,-0.003823655164290331,-0.003843496434131601
2012-08-03,-0.012402530816209182,-0.012402530816209182,-0.012422372086050452,0.017698667417306142,0.017698667417306142,0.017678826147464872,0.0003713873961325126,0.0003713873961325126,0.00035154612629124276,0.01090609678266133,0.01090609678266133,0.01088625551282006,0.0016048164757362518,0.0016048164757362518,0.001584975205894982
2012-08-06,-0.02104708094932273,-0.02104708094932273,-0.021066922219164,0.02021299862966344,0.02021299862966344,0.02019315735982217,0.003994230418415876,0.003994230418415876,0.003974389148574607,0.015471634052504542,0.015471634052504542,0.015451792782663272,6.366696067888582e-05,6.366696067888582e-05,4.3825690837615976e-05
2012-08-07,-0.024352148539280048,-0.024352148539280048,-0.02437198980912132,0.03437193075998306,0.03437193075998306,0.03435208949014179,-0.003351268861715126,-0.003351268861715126,-0.003371110131556396,0.020430614808696176,0.020430614808696176,0.020410773538854905,0.01848592359416644,0.01848592359416644,0.01846608232432517
2012-08-08,-0.004090195097256166,-0.004090195097256166,-0.004110036367097436,-0.0009392017634313062,-0.0009392017634313062,-0.000959043033272576,0.007409900584694164,0.007409900584694164,0.007390059314852895,0.0015040827371078681,0.0015040827371078681,0.0014842414672665983,0.006507352166787859,0.006507352166787859,0.006487510896946589
2012-08-09,-0.01172263049947244,-0.01172263049947244,-0.01174247176931371,0.006735984779499382,0.006735984779499382,0.0067161435096581125,0.009576195493615231,0.009576195493615231,0.00955635422377396,0.008633302400228266,0.008633302400228266,0.008613461130386996,0.009305057397600281,0.009305057397600281,0.00928521612775901
2012-08-10,-0.005553831936821852,-0.005553831936821852,-0.005573673206663122,0.002743351853736667,0.002743351853736667,0.002723510583895397,0.0012066289431834913,0.0012066289431834913,0.0011867876733422215,0.003859195461654116,0.003859195461654116,0.003839354191812846,-0.00010957723095429478,-0.00010957723095429478,-0.00012941850079556462
2012-08-13,0.006756697708114899,0.006756697708114899,0.0067368564382736295,-0.0015333918741350222,-0.0015333918741350222,-0.001553233143976292,0.005337013807286005,0.005337013807286005,0.005317172537444736,2.145524999070422e-05,2.145524999070422e-05,1.6139801494343797e-06,-0.0026168106609422274,-0.0026168106609422274,-0.0026366519307834974
2012-08-14,0.013903819528698147,0.013903819528698147,0.013883978258856877,-0.006590417565470704,-0.006590417565470704,-0.006610258835311973,-0.001656864415862152,-0.001656864415862152,-0.001676705685703422,-0.00799694716756678,-0.00799694716756678,-0.008016788437408051,-0.0044080429595080226,-0.0044080429595080226,-0.004427884229349292
2012-08-15,-0.004622000653019733,-0.004622000653019733,-0.004641841922861003,0.008048177348938233,0.008048177348938233,0.008028336079096962,0.00025277486575032244,0.00025277486575032244,0.0002329335959090526,0.005763595417932742,0.005763595417932742,0.0057437541480914725,0.004199446437583179,0.004199446437583179,0.004179605167741909
2012-08-16,-0.006305537807329321,-0.006305537807329321,-0.006325379077170591,0.014479595178690753,0.014479595178690753,0.014459753908849482,0.002658939734917885,0.002658939734917885,0.002639098465076615,0.009327750103456614,0.009327750103456614,0.009307908833615344,0.005542836800730465,0.005542836800730465,0.005522995530889196
2012-08-17,-0.0013020843418820468,-0.0013020843418820468,-0.0013219256117233166,0.0047364156952200325,0.0047364156952200325,0.004716574425378763,0.0017376288208040575,0.0017376288208040575,0.0017177875509627877,0.0040928812536624535,0.0040928812536624535,0.004073039983821184,0.004032650934928404,0.004032650934928404,0.004012809665087135
2012-08-20,-0.013759463428849377,-0.013759463428849377,-0.013779304698690648,0.0006084897214223249,0.0006084897214223249,0.0005886484515810551,0.0054798677254329934,0.0054798677254329934,0.005460026455591724,0.003092356320422077,0.003092356320422077,0.003072515050580807,0.0033430580849347314,0.0033430580849347314,0.0033232168150934614
2012-08-21,-0.012160377946780754,-0.012160377946780754,-0.012180219216622025,0.009677551799032659,0.009677551799032659,0.009657710529191389,0.0037814614087333573,0.0037814614087333573,0.0037616201388920873,0.011062800801562316,0.011062800801562316,0.011042959531721045,0.008305687624638578,0.008305687624638578,0.008285846354797307
2012-08-22,0.011018485160472196,0.011018485160472196,0.010998643890630926,-0.007285241448033505,-0.007285241448033505,-0.0073050827178747745,-0.002755993342880291,-0.002755993342880291,-0.002775834612721561,-0.007046298702884087,-0.007046298702884087,-0.007066139972725357,-0.0009282939758445748,-0.0009282939758445748,-0.0009481352456858446
2012-08-23,0.009529370940787782,0.009529370940787782,0.009509529670946511,-0.005621806264703719,-0.005621806264703719,-0.005641647534544989,-0.00336822604396645,-0.00336822604396645,-0.00338806731380772,-0.002341009597245511,-0.002341009597245511,-0.002360850867086781,-0.0033344201937799437,-0.0033344201937799437,-0.0033542614636212138
2012-08-24,0.005549394286745954,0.005549394286745954,0.005529553016904685,-0.0024879856172448514,-0.0024879856172448514,-0.0025078268870861215,0.00527228457173052,0.00527228457173052,0.0052524433018892504,-0.0014129432896792526,-0.0014129432896792526,-0.0014327845595205225,0.003079265117447225,0.003079265117447225,0.003059423847605955
2012-08-27,0.007360997653199301,0.007360997653199301,0.007341156383358032,-0.006587487702201796,-0.006587487702201796,-0.006607328972043066,-0.009886605560063749,-0.009886605560063749,-0.009906446829905019,-0.004672841931892253,-0.004672841931892253,-0.004692683201733523,-0.010538789029565461,-0.010538789029565461,-0.010558630299406731
2012-08-28,0.001126866803732523,0.001126866803732523,0.0011070255338912532,-0.0002310249900107982,-0.0002310249900107982,-0.000250866259852068,0.0010938151764232414,0.0010938151764232414,0.0010739739065819716,0.0005565412067434618,0.0005565412067434618,0.000536699936902192,0.0010626780285793477,0.0010626780285793477,0.001042836758738078
2012-08-29,0.005941527233933449,0.005941527233933449,0.00592168596409218,-0.001564871709687588,-0.001564871709687588,-0.0015847129795288578,-0.0038449616774164515,-0.0038449616774164515,-0.0038648029472577216,-0.0005771010236128582,-0.0005771010236128582,-0.000596942293454128,-0.0036696483983256045,-0.0036696483983256045,-0.0036894896681668745
2012-08-30,0.011323659040474183,0.011323659040474183,0.011303817770632912,-0.00992944079481552,-0.00992944079481552,-0.00994928206465679,-0.006672411283794189,-0.006672411283794189,-0.006692252553635459,-0.009399922537459322,-0.009399922537459322,-0.009419763807300592,-0.01125982841367002,-0.01125982841367002,-0.01127966968351129
2012-08-31,-0.002782116278238387,-0.002782116278238387,-0.002801957548079657,0.004177378740967319,0.004177378740967319,0.004157537471126049,-0.002436934552276492,-0.002436934552276492,-0.002456775822117762,0.0034007536892477885,0.0034007536892477885,0.0033809124194065184,0.0004037021773318401,0.0004037021773318401,0.0003838609074905703
2012-09-04,0.012732810498726809,0.014288366054282364,0.013124426822607314,-0.012427629465293744,-0.010649851687515966,-0.011930868352070545,-0.022851434438287504,-0.02012921221606528,-0.022206512608301508,-0.018600443877434453,-0.01598933276632334,-0.017902806820289226,-0.018043309731095504,-0.015209976397762172,-0.017367184048053347
2012-09-05,-0.00361707965581515,-0.00361707965581515,-0.00363692092565642,-0.00335875619942225,-0.00335875619942225,-0.00337859746926352,-0.0010775882461895037,-0.0010775882461895037,-0.0010974295160307735,-0.00242258548010822,-0.00242258548010822,-0.0024424267499494902,-0.005129595256719173,-0.005129595256719173,-0.005149436526560442
2012-09-06,-0.007854776143171122,-0.007854776143171122,-0.007874617413012392,0.01398148172211555,0.01398148172211555,0.01396164045227428,0.012376592490234564,0.012376592490234564,0.012356751220393293,0.014580586236184682,0.014580586236184682,0.014560744966343412,0.012966305571734777,0.012966305571734777,0.012946464301893506
2012-09-07,-0.025303092118746626,-0.025303092118746626,-0.025322933388587897,0.019005530870354205,0.019005530870354205,0.018985689600512935,0.015116214806032643,0.015116214806032643,0.015096373536191372,0.022587819644011978,0.022587819644011978,0.022567978374170707,0.01103061856107717,0.01103061856107717,0.0110107772912359
2012-09-10,-0.004386229783105149,-0.004386229783105149,-0.004406071052946418,0.0009223236524898918,0.0009223236524898918,0.000902482382648622,8.325194099718502e-06,8.325194099718502e-06,-1.151607574155134e-05,-0.0009689741222427828,-0.0009689741222427828,-0.0009888153920840526,0.0024097849483057836,0.0024097849483057836,0.0023899436784645136
2012-09-11,-0.016877329347533103,-0.016877329347533103,-0.016897170617374373,0.009996199504851989,0.009996199504851989,0.009976358235010719,0.008529832183301124,0.008529832183301124,0.008509990913459853,0.010981910072543644,0.010981910072543644,0.010962068802702373,0.006590597184147657,0.006590597184147657,0.006570755914306388
2012-09-12,-0.004360436013740451,-0.004360436013740451,-0.004380277283581721,0.010740339768856026,0.010740339768856026,0.010720498499014755,0.004709331814129648,0.004709331814129648,0.004689490544288378,0.005094468209244609,0.005094468209244609,0.0050746269394033395,0.0025529820115818775,0.0025529820115818775,0.0025331407417406074
2012-09-13,-0.0010828567470630487,-0.0010828567470630487,-0.0011026980169043185,6.6047160560203655e-06,6.6047160560203655e-06,-1.3236553785249476e-05,0.005141056925125089,0.005141056925125089,0.0051212156552838195,0.008691411395151116,0.008691411395151116,0.008671570125309846,0.004073747969033763,0.004073747969033763,0.004053906699192493
2012-09-14,-0.020187633817875854,-0.020187633817875854,-0.020207475087717124,0.024783872279064006,0.024783872279064006,0.024764031009222736,0.02342526025390334,0.02342526025390334,0.02340541898406207,0.02647692768700401,0.02647692768700401,0.02645708641716274,0.028915917252180755,0.028915917252180755,0.028896075982339484
2012-09-17,0.015133932844592302,0.015133932844592302,0.015114091574751031,-0.013050116116098676,-0.013050116116098676,-0.013069957385939947,-0.018892403987986126,-0.018892403987986126,-0.018912245257827396,-0.017662171664186266,-0.017662171664186266,-0.017682012934027536,-0.016701875222811222,-0.016701875222811222,-0.016721716492652493
2012-09-18,0.005421665721726594,0.005421665721726594,0.005401824451885325,-0.007977422601415334,-0.007977422601415334,-0.007997263871256604,-0.005124841643728561,-0.005124841643728561,-0.00514468291356983,-0.006947717503455285,-0.006947717503455285,-0.006967558773296555,-0.00563680839817807,-0.00563680839817807,-0.005656649668019339
2012-09-19,0.0017852229742660502,0.0017852229742660502,0.0017653817044247803,-0.0003377314646779183,-0.0003377314646779183,-0.0003575727345191881,0.00023298560958414294,0.00023298560958414294,0.0002131443397428731,-0.0005221299684193487,-0.0005221299684193487,-0.0005419712382606185,0.0036868318929879347,0.0036868318929879347,0.0036669906231466647
2012-09-20,0.010834507703575538,0.010834507703575538,0.010814666433734268,-0.010199863200387526,-0.010199863200387526,-0.010219704470228796,-0.008437862241092758,-0.008437862241092758,-0.008457703510934028,-0.01193687079228545,-0.01193687079228545,-0.01195671206212672,-0.007463848451344136,-0.007463848451344136,-0.007483689721185406
2012-09-21,0.00867272842220996,0.00867272842220996,0.00865288715236869,-0.004645600716757215,-0.004645600716757215,-0.0046654419865984845,-0.008257981201698236,-0.008257981201698236,-0.008277822471539506,-0.005389015976221085,-0.005389015976221085,-0.005408857246062355,-0.0072947429137794235,-0.0072947429137794235,-0.007314584183620693
2012-09-24,0.005857399034647721,0.005857399034647721,0.005837557764806451,-0.0036986773252832505,-0.0036986773252832505,-0.0037185185951245205,-0.005847675152340088,-0.005847675152340088,-0.005867516422181357,-0.006610255584691412,-0.006610255584691412,-0.006630096854532682,-0.007319210298151758,-0.007319210298151758,-0.007339051567993028
2012-09-25,0.01818282144512839,0.01818282144512839,0.01816298017528712,-0.019748949475599287,-0.019748949475599287,-0.019768790745440558,-0.014294872867294417,-0.014294872867294417,-0.014314714137135687,-0.018460684526212568,-0.018460684526212568,-0.01848052579605384,-0.014506122249250127,-0.014506122249250127,-0.014525963519091398
2012-09-26,-0.009657702979151944,-0.009657702979151944,-0.009677544248993215,0.003905196063508359,0.003905196063508359,0.003885354793667089,-0.002359226917116316,-0.002359226917116316,-0.002379068186957586,-0.0027747298399946043,-0.0027747298399946043,-0.0027945711098358744,0.001762891243700626,0.001762891243700626,0.0017430499738593562
2012-09-27,-0.003894291445970412,-0.003894291445970412,-0.0039141327158116815,0.007896409271002491,0.007896409271002491,0.007876568001161221,0.008547328083985967,0.008547328083985967,0.008527486814144697,0.008466489849105875,0.008466489849105875,0.008446648579264604,0.007984696291508107,0.007984696291508107,0.007964855021666837
2012-09-28,0.0050944327566126366,0.0050944327566126366,0.005074591486771367,-0.004766660569726235,-0.004766660569726235,-0.004786501839567504,-0.0050942492919368,-0.0050942492919368,-0.005114090561778069,-0.003248416404074925,-0.003248416404074925,-0.003268257673916195,-0.002819242028564712,-0.002819242028564712,-0.002839083298405982
2012-10-01,-0.0019416298466877868,-0.0005527409577988978,-0.0015567915572822137,-0.0008829356528310944,0.0013948421249466835,-0.0006154922036899918,0.0009644138351145234,0.0035199693906700787,0.0012860502918245178,0.0011063648308179755,0.003939698164151308,0.0015373296531984131,0.00017914834333823118,0.003012481676671564,0.0005818341098175253
2012-10-02,0.0034108914829685953,0.0034108914829685953,0.0033910502131273253,-0.007921612047469485,-0.007921612047469485,-0.007941453317310755,-0.004392836126546198,-0.004392836126546198,-0.004412677396387467,-0.00615400982711961,-0.00615400982711961,-0.00617385109696088,-0.006855876251323287,-0.006855876251323287,-0.006875717521164557
2012-10-03,0.016266385231794737,0.016266385231794737,0.016246543961953467,0.0013483791176261018,0.0013483791176261018,0.001328537847784832,0.0009413843636222599,0.0009413843636222599,0.0009215430937809901,0.002511009688892382,0.002511009688892382,0.002491168419051112,-0.002815568918554073,-0.002815568918554073,-0.002835410188395343
2012-10-04,-0.008634356470054779,-0.008634356470054779,-0.00865419773989605,-0.0004744858017447257,-0.0004744858017447257,-0.0004943270715859955,0.0037232348939821823,0.0037232348939821823,0.0037033936241409123,0.0027414544876418166,0.0027414544876418166,0.0027216132178005466,0.0019498485859017144,0.0019498485859017144,0.0019300073160604446
2012-10-05,0.006058611612699146,0.006058611612699146,0.006038770342857876,0.0031681634227239837,0.0031681634227239837,0.0031483221528827137,0.003380805616378945,0.003380805616378945,0.003360964346537675,0.004102619034288869,0.004102619034288869,0.004082777764447599,0.0006449105846696751,0.0006449105846696751,0.0006250693148284053
2012-10-08,-0.012956481639505291,-0.012956481639505291,-0.012976322909346562,0.002776234258241806,0.002776234258241806,0.0027563929884005358,0.012388781983824872,0.012388781983824872,0.012368940713983602,0.00792874270121784,0.00792874270121784,0.00790890143137657,0.00721277309930415,0.00721277309930415,0.007192931829462881
2012-10-09,-0.015271748936705831,-0.015271748936705831,-0.015291590206547101,0.007805994259919176,0.007805994259919176,0.007786152990077906,0.017122112697948028,0.017122112697948028,0.017102271428106757,0.01295228260655306,0.01295228260655306,0.01293244133671179,0.015341090738138687,0.015341090738138687,0.015321249468297417
2012-10-10,0.0014621784941919588,0.0014621784941919588,0.001442337224350689,-0.0035606972513357806,-0.0035606972513357806,-0.0035805385211770506,-0.003373097979223946,-0.003373097979223946,-0.003392939249065216,-0.0023704663429782624,-0.0023704663429782624,-0.0023903076128195325,-0.003773685117942553,-0.003773685117942553,-0.003793526387783823
2012-10-11,-0.016101674209412845,-0.016101674209412845,-0.016121515479254115,0.014304266151507539,0.014304266151507539,0.014284424881666268,0.014795871907777501,0.014795871907777501,0.01477603063793623,0.017967135428450444,0.017967135428450444,0.017947294158609173,0.011474747746587079,0.011474747746587079,0.011454906476745809
2012-10-12,0.001732792961304202,0.001732792961304202,0.0017129516914629322,-0.0003643378811792326,-0.0003643378811792326,-0.00038417915102050243,-0.006244224859839531,-0.006244224859839531,-0.0062640661296808,-0.004896457843276432,-0.004896457843276432,-0.004916299113117702,-0.0012895106321685647,-0.0012895106321685647,-0.0013093519020098345
2012-10-15,0.007511195971175816,0.007511195971175816,0.007491354701334546,-0.005518956938670725,-0.005518956938670725,-0.005538798208511994,-0.008925564909031968,-0.008925564909031968,-0.008945406178873239,-0.006861806642584538,-0.006861806642584538,-0.006881647912425808,-0.009926220744995978,-0.009926220744995978,-0.009946062014837248
2012-10-16,-0.006222024202359137,-0.006222024202359137,-0.0062418654722004065,-8.833577492827383e-05,-8.833577492827383e-05,-0.00010817704476954367,-0.0013550033476586827,-0.0013550033476586827,-0.0013748446174999525,-0.002881195236727992,-0.002881195236727992,-0.002901036506569262,0.0032426982628153533,0.0032426982628153533,0.0032228569929740832
2012-10-17,-0.0017279242689757438,-0.0017279242689757438,-0.0017477655388170137,-0.00020622549868293152,-0.00020622549868293152,-0.00022606676852420136,0.0109515480237988,0.0109515480237988,0.01093170675395753,0.0012722587179076425,0.0012722587179076425,0.0012524174480663727,0.0030072319664896647,0.0030072319664896647,0.0029873906966483947
2012-10-18,-0.004956234014759496,-0.004956234014759496,-0.004976075284600766,6.759691305750326e-05,6.759691305750326e-05,4.7755643216233415e-05,0.0036263912062434508,0.0036263912062434508,0.0036065499364021807,0.004309642864595842,0.004309642864595842,0.004289801594754572,0.004032106941744896,0.004032106941744896,0.004012265671903627
2012-10-19,0.013603632302558228,0.013603632302558228,0.013583791032716957,-0.008371363975614495,-0.008371363975614495,-0.008391205245455766,-0.0010677240267353777,-0.0010677240267353777,-0.0010875652965766475,-0.00459978371043936,-0.00459978371043936,-0.004619624980280629,-0.0026149888433325053,-0.0026149888433325053,-0.0026348301131737754
2012-10-22,-0.003218617880859179,-0.003218617880859179,-0.003238459150700449,-0.0008574471788196374,-0.0008574471788196374,-0.0008772884486609072,0.0011745914175991952,0.0011745914175991952,0.0011547501477579254,0.0016952902354959503,0.0016952902354959503,0.0016754489656546805,-0.0008063639614685448,-0.0008063639614685448,-0.0008262052313098146
2012-10-23,-0.0019210274637622947,-0.0019210274637622947,-0.0019408687336035645,0.005820784502627565,0.005820784502627565,0.005800943232786296,-0.0024678776023265717,-0.0024678776023265717,-0.0024877188721678417,0.006464331195053157,0.006464331195053157,0.006444489925211887,-0.0026740157958139196,-0.0026740157958139196,-0.0026938570656551896
2012-10-24,0.01775892584766589,0.01775892584766589,0.01773908457782462,-0.008028820787557905,-0.008028820787557905,-0.008048662057399176,-0.014711595616187253,-0.014711595616187253,-0.014731436886028524,-0.014349730161863073,-0.014349730161863073,-0.014369571431704344,-0.007824399518137036,-0.007824399518137036,-0.007844240787978306
2012-10-25,-0.0072780900345539605,-0.0072780900345539605,-0.00729793130439523,0.015091834816633384,0.015091834816633384,0.015071993546792114,0.008128531732528671,0.008128531732528671,0.0081086904626874,0.012100755623955772,0.012100755623955772,0.012080914354114501,0.003925765524126939,0.003925765524126939,0.003905924254285669
2012-10-26,0.001377941134681298,0.001377941134681298,0.0013580998648400281,-0.006125290251981079,-0.006125290251981079,-0.006145131521822348,-0.008555697353793067,-0.008555697353793067,-0.008575538623634337,-0.007068814801863077,-0.007068814801863077,-0.007088656071704347,-0.009693031454624667,-0.009693031454624667,-0.009712872724465938
2012-10-31,-0.011559548960484025,-0.011559548960484025,-0.011579390230325295,0.010408107097984984,0.010408107097984984,0.010388265828143714,0.009554222739639058,0.009554222739639058,0.009534381469797787,0.013410127030534263,0.013410127030534263,0.013390285760692993,0.008259239683425878,0.008259239683425878,0.008239398413584608
2012-11-01,-0.009869295141556891,-0.00864707291933467,-0.009597935141821442,0.019952153460325882,0.022063264571436994,0.020484282909179995,0.0037875728732948404,0.006398683984405951,0.004523224505114384,0.004834899372675503,0.0074460104837866135,0.0055751835198750745,0.008492680710092786,0.011214902932315007,0.009198371292648947
2012-11-02,0.00942043326899734,0.00942043326899734,0.00940059199915607,-0.004666420306094984,-0.004666420306094984,-0.004686261575936253,0.0044394359473120554,0.0044394359473120554,0.004419594677470786,0.0043605452666600816,0.0043605452666600816,0.004340703996818812,-0.0025312552980771537,-0.0025312552980771537,-0.0025510965679184238
2012-11-05,0.001765808564284944,0.001765808564284944,0.0017459672944436743,-0.0004474098582113202,-0.0004474098582113202,-0.00046725112805259003,-0.000216072395271414,-0.000216072395271414,-0.00023591366511268384,0.0003837613709785976,0.0003837613709785976,0.0003639201011373278,0.0007237343704772541,0.0007237343704772541,0.0007038931006359843
2012-11-06,-0.004721500481037079,-0.004721500481037079,-0.004741341750878349,0.0010398930306717935,0.0010398930306717935,0.0010200517608305237,0.0008051530493100286,0.0008051530493100286,0.0007853117794687588,0.006344322538045458,0.006344322538045458,0.006324481268204189,0.00027876063234207483,0.00027876063234207483,0.000258919362500805
2012-11-07,0.01663329381197081,0.01663329381197081,0.01661345254212954,-0.013946848598779829,-0.013946848598779829,-0.0139666898686211,-0.006744151305558547,-0.006744151305558547,-0.006763992575399816,-0.016851939611883575,-0.016851939611883575,-0.016871780881724845,-0.005358349479118443,-0.005358349479118443,-0.0053781907489597125
2012-11-08,0.0019152715536373361,0.0019152715536373361,0.0018954302837960663,-0.007571231610405358,-0.007571231610405358,-0.007591072880246627,-0.0010059037605512629,-0.0010059037605512629,-0.0010257450303925327,-0.0024261195876942305,-0.0024261195876942305,-0.0024459608575355006,-0.00024150550073017947,-0.00024150550073017947,-0.0002613467705714493
2012-11-09,-0.006450371083842476,-0.006450371083842476,-0.006470212353683746,0.003260400444972506,0.003260400444972506,0.003240559175131236,0.001385498818250326,0.001385498818250326,0.0013656575484090562,0.0045647179674061875,0.0045647179674061875,0.004544876697564918,0.0025765712950419958,0.0025765712950419958,0.0025567300252007257
2012-11-12,-0.0020384986825518507,-0.0020384986825518507,-0.0020583399523931207,-0.0006961079026263793,-0.0006961079026263793,-0.0007159491724676491,-0.00014647393611547685,-0.00014647393611547685,-0.0001663152059567467,-0.0018636509638997665,-0.0018636509638997665,-0.0018834922337410364,-0.0016394741915138587,-0.0016394741915138587,-0.0016593154613551285
2012-11-13,0.007324952962099214,0.007324952962099214,0.007305111692257944,-0.004969398752307455,-0.004969398752307455,-0.0049892400221487245,-0.0012168445339437945,-0.0012168445339437945,-0.0012366858037850643,-0.004354068934712697,-0.004354068934712697,-0.004373910204553967,0.002659470362200696,0.002659470362200696,0.0026396290923594258
2012-11-14,-0.00988183521900522,-0.00988183521900522,-0.009901676488846491,0.01019532546483581,0.01019532546483581,0.01017548419499454,0.0004580880349709165,0.0004580880349709165,0.0004382467651296467,0.0013403980777682498,0.0013403980777682498,0.00132055680792698,0.009935353139731571,0.009935353139731571,0.0099155118698903
2012-11-15,-0.007847974984804666,-0.007847974984804666,-0.007867816254645936,0.00459317242826399,0.00459317242826399,0.00457333115842272,0.004325693861114411,0.004325693861114411,0.004305852591273141,0.007164149020040432,0.007164149020040432,0.007144307750199162,0.00927325982746736,0.00927325982746736,0.009253418557626089
2012-11-16,0.012820251672768006,0.012820251672768006,0.012800410402926735,-0.007090381238594115,-0.007090381238594115,-0.007110222508435384,-0.006404517321401188,-0.006404517321401188,-0.006424358591242458,-0.006217005847024041,-0.006217005847024041,-0.00623684711686531,-0.004727626409361483,-0.004727626409361483,-0.004747467679202752
2012-11-19,-0.001126220214345974,-0.001126220214345974,-0.0011460614841872438,0.005436013780877106,0.005436013780877106,0.005416172511035836,0.0008366429886274554,0.0008366429886274554,0.0008168017187861855,-0.000663456200272315,-0.000663456200272315,-0.0006832974701135848,-0.0018779331626416363,-0.0018779331626416363,-0.0018977744324829061
2012-11-20,0.021300334676078517,0.021300334676078517,0.021280493406237246,-0.01852628649451182,-0.01852628649451182,-0.01854612776435309,-0.014942582029420918,-0.014942582029420918,-0.014962423299262189,-0.018458570761871258,-0.018458570761871258,-0.018478412031712528,-0.013008260397987859,-0.013008260397987859,-0.013028101667829129
2012-11-21,-0.00239763298619462,-0.00239763298619462,-0.00241747425603589,0.0006970662254111336,0.0006970662254111336,0.0006772249555698638,7.345854772832102e-05,7.345854772832102e-05,5.361727788705118e-05,-0.0005183486241326575,-0.0005183486241326575,-0.0005381898939739273,0.0018080319937525712,0.0018080319937525712,0.0017881907239113014
2012-11-23,-0.0014451602111864798,-0.0014451602111864798,-0.0014650014810277496,0.00307300025142591,0.00307300025142591,0.00305315898158464,0.0017352584402186384,0.0017352584402186384,0.0017154171703773686,0.002456883624796076,0.002456883624796076,0.002437042354954806,0.003211754726462621,0.003211754726462621,0.0031919134566213508
2012-11-26,-0.0023251833609254187,-0.0023251833609254187,-0.0023450246307666887,0.0010656839244082162,0.0010656839244082162,0.0010458426545669464,-0.0009118678634702354,-0.0009118678634702354,-0.0009317091333115052,0.0017182818802559364,0.0017182818802559364,0.0016984406104146666,0.0016831407858114212,0.0016831407858114212,0.0016632995159701514
2012-11-27,-0.0006034283928672615,-0.0006034283928672615,-0.0006232696627085314,-0.001216543320330418,-0.001216543320330418,-0.0012363845901716879,-0.0005820724700518573,-0.0005820724700518573,-0.0006019137398931272,0.002542728621570015,0.002542728621570015,0.002522887351728745,0.001023741928197436,0.001023741928197436,0.001003900658356166
2012-11-28,-0.010107477815726417,-0.010107477815726417,-0.010127319085567688,0.006326894582545524,0.006326894582545524,0.006307053312704255,-0.001146701485967057,-0.001146701485967057,-0.0011665427558083267,0.0038585325187493287,0.0038585325187493287,0.0038386912489080586,0.0015567982744726,0.0015567982744726,0.00153695700463133
2012-11-29,-0.0010349767759570384,-0.0010349767759570384,-0.0010548180457983082,-0.0001980881040789035,-0.0001980881040789035,-0.00021792937392017334,0.0012412715540179213,0.0012412715540179213,0.0012214302841766515,-0.000863030374138809,-0.000863030374138809,-0.0008828716439800788,0.001026224026653927,0.001026224026653927,0.0010063827568126571
2012-11-30,-0.005459578787203708,-0.005459578787203708,-0.005479420057044978,-0.0004708216093489301,-0.0004708216093489301,-0.0004906628791901999,0.0033004272585661224,0.0033004272585661224,0.0032805859887248523,0.004100765206831703,0.004100765206831703,0.004080923936990433,0.005640761649797643,0.005640761649797643,0.005620920379956373
2012-12-03,-0.003250836120823953,-0.0023063916763795085,-0.0029975568194862,-0.00369373720612074,-0.0016937372061207408,-0.003306673173207371,-0.0041277865385936025,-0.0013500087608158248,-0.0035401435881192386,-0.004225729335200061,-0.0016146182240889503,-0.003660592690206029,0.00019580003528483223,0.002806911146395943,0.0007353458787090251
2012-12-04,-0.007472008535510607,-0.007472008535510607,-0.007491849805351876,0.007765155949568732,0.007765155949568732,0.007745314679727462,-0.0012304430502674381,-0.0012304430502674381,-0.001250284320108708,0.0017298895653454893,0.0017298895653454893,0.0017100482955042194,-7.730324163529026e-05,-7.730324163529026e-05,-9.71445114765601e-05
2012-12-05,-0.009601768421709952,-0.009601768421709952,-0.009621609691551222,-0.00403831398908342,-0.00403831398908342,-0.00405815525892469,0.00624915096896965,0.00624915096896965,0.006229309699128381,0.000718383650380911,0.000718383650380911,0.0006985423805396412,0.0011402215184649128,0.0011402215184649128,0.001120380248623643
2012-12-06,0.00029514168462455633,0.00029514168462455633,0.0002753004147832865,0.0021687828577088564,0.0021687828577088564,0.0021489415878675863,-0.006290920606732682,-0.006290920606732682,-0.006310761876573951,-0.0030565275334204565,-0.0030565275334204565,-0.0030763688032617266,-0.0032961393422472093,-0.0032961393422472093,-0.0033159806120884793
2012-12-07,0.00037565847867855086,0.00037565847867855086,0.00035581720883728104,-0.003360453210660249,-0.003360453210660249,-0.003380294480501519,-0.00011888915328885498,-0.00011888915328885498,-0.00013873042313012482,-0.002706176972569143,-0.002706176972569143,-0.002726018242410413,-0.0027508385378245672,-0.0027508385378245672,-0.0027706798076658373
2012-12-10,-0.007741964885942037,-0.007741964885942037,-0.007761806155783307,0.005627837094372935,0.005627837094372935,0.005607995824531665,0.0013778029513649582,0.0013778029513649582,0.0013579616815236884,0.0036519432840876206,0.0036519432840876206,0.0036321020142463505,0.004667247752480081,0.004667247752480081,0.0046474064826388115
2012-12-11,-0.004085505459387316,-0.004085505459387316,-0.004105346729228586,0.005730020084684566,0.005730020084684566,0.005710178814843297,0.0021938237782161297,0.0021938237782161297,0.0021739825083748597,0.003520622194921777,0.003520622194921777,0.0035007809250805068,0.00550085571281356,0.00550085571281356,0.00548101444297229
2012-12-12,0.005321942359217334,0.005321942359217334,0.005302101089376065,-0.00591050481868331,-0.00591050481868331,-0.0059303460885245796,-0.00426305193147893,-0.00426305193147893,-0.0042828932013201995,-0.005133648440999452,-0.005133648440999452,-0.005153489710840721,-0.0035284369247401684,-0.0035284369247401684,-0.0035482781945814384
2012-12-13,-0.006534715914860422,-0.006534715914860422,-0.006554557184701691,0.012102595928453905,0.012102595928453905,0.012082754658612634,0.014213484077877077,0.014213484077877077,0.014193642808035806,0.013245341268592746,0.013245341268592746,0.013225499998751476,0.012077417851815674,0.012077417851815674,0.012057576581974403
2012-12-14,0.00513441574039456,0.00513441574039456,0.00511457447055329,-0.0029839674581179144,-0.0029839674581179144,-0.0030038087279591844,-0.006111551541699036,-0.006111551541699036,-0.006131392811540306,-0.005269950925763319,-0.005269950925763319,-0.005289792195604589,-0.0032449465941117982,-0.0032449465941117982,-0.0032647878639530683
2012-12-17,0.012214078528555269,0.012214078528555269,0.012194237258713998,-0.0069138808193813985,-0.0069138808193813985,-0.006933722089222668,-0.006754063903936013,-0.006754063903936013,-0.006773905173777283,-0.009675709403207874,-0.009675709403207874,-0.009695550673049145,-0.006054854323753935,-0.006054854323753935,-0.006074695593595205
2012-12-18,-0.010972343944933948,-0.010972343944933948,-0.010992185214775218,0.016855491872722495,0.016855491872722495,0.016835650602881225,0.007282746755284434,0.007282746755284434,0.007262905485443164,0.010436662893925404,0.010436662893925404,0.010416821624084133,0.011146108080662336,0.011146108080662336,0.011126266810821066
2012-12-19,-0.0016918784744280077,-0.0016918784744280077,-0.0017117197442692775,0.008829118912798795,0.008829118912798795,0.008809277642957525,0.0030670555790512956,0.0030670555790512956,0.0030472143092100256,0.002830773928431868,0.002830773928431868,0.0028109326585905978,0.004346690424110815,0.004346690424110815,0.004326849154269546
2012-12-20,0.003220186979405123,0.003220186979405123,0.003200345709563853,-0.006988955013204491,-0.006988955013204491,-0.007008796283045761,-0.006175508682070209,-0.006175508682070209,-0.006195349951911479,-0.010894815265890187,-0.010894815265890187,-0.010914656535731457,-0.009888698653878585,-0.009888698653878585,-0.009908539923719855
2012-12-21,-0.004584420913364648,-0.004584420913364648,-0.004604262183205918,0.0023423482532966035,0.0023423482532966035,0.0023225069834553335,0.005728658491795716,0.005728658491795716,0.005708817221954447,0.00636587479753385,0.00636587479753385,0.006346033527692581,-0.0008634254100210734,-0.0008634254100210734,-0.0008832666798623432
2012-12-24,0.006926070557682752,0.006926070557682752,0.006906229287841482,-0.0034010309914086056,-0.0034010309914086056,-0.0034208722612498756,-0.0025641390574418373,-0.0025641390574418373,-0.0025839803272831073,-0.0043362856671622235,-0.0043362856671622235,-0.004356126937003493,-0.006046021305981031,-0.006046021305981031,-0.0060658625758223
2012-12-26,-0.002400354413736544,-0.002400354413736544,-0.002420195683577814,-0.0023150599396733473,-0.0023150599396733473,-0.0023349012095146174,-0.0005892898767204391,-0.0005892898767204391,-0.0006091311465617089,-0.004007502477992472,-0.004007502477992472,-0.004027343747833741,0.003305319661130558,0.003305319661130558,0.003285478391289288
2012-12-27,0.0021674029562776683,0.0021674029562776683,0.0021475616864363983,0.0018347830447106243,0.0018347830447106243,0.0018149417748693545,-0.0019020986130004313,-0.0019020986130004313,-0.0019219398828417011,0.0017194098653985266,0.0017194098653985266,0.0016995685955572568,-0.0008922703077681108,-0.0008922703077681108,-0.0009121115776093806
2012-12-28,0.0030171636514334556,0.0030171636514334556,0.0029973223815921855,-8.69045160718947e-06,-8.69045160718947e-06,-2.8531721448459308e-05,0.0022036931322271082,0.0022036931322271082,0.002183851862385838,0.0016469489592132486,0.0016469489592132486,0.0016271076893719788,0.0015847727799118323,0.0015847727799118323,0.0015649315100705625
2012-12-31,-0.005368437523374944,-0.005368437523374944,-0.005388278793216214,0.009211502187741699,0.009211502187741699,0.009191660917900428,0.0007042870773553826,0.0007042870773553826,0.0006844458075141128,0.006359460671266638,0.006359460671266638,0.006339619401425368,0.0013050157677146346,0.0013050157677146346,0.0012851744978733648
2013-01-02,0.008178234346622317,0.009205261373649343,0.008459438171479388,-0.0044488805219999525,-0.002124556197675628,-0.0037867382963194377,-0.0008264997816533333,0.001984311029157477,-3.4315889506116183e-05,-0.0015833910892992047,0.0012814737755656603,-0.0007619363386919596,-0.00020068039880899013,0.002826346628218037,0.0006537721130536209
2013-01-03,-0.008691077987765328,-0.008691077987765328,-0.008710919257606599,0.0007231652136872254,0.0007231652136872254,0.0007033239438459555,-0.0033062925670465015,-0.0033062925670465015,-0.0033261338368877715,0.0010734568279094014,0.0010734568279094014,0.0010536155580681316,0.0017507277962292103,0.0017507277962292103,0.0017308865263879405
2013-01-04,-0.0029215571894166932,-0.0029215571894166932,-0.0029413984592579633,0.000853024358979895,0.000853024358979895,0.0008331830891386252,0.002850021977056089,0.002850021977056089,0.002830180707214819,-0.0003011428336365503,-0.0003011428336365503,-0.00032098410347782013,-0.0007184886819020248,-0.0007184886819020248,-0.0007383299517432947
2013-01-07,0.004214669250909867,0.004214669250909867,0.004194827981068598,-0.0010419872370106224,-0.0010419872370106224,-0.0010618285068518922,-0.0009053424535791937,-0.0009053424535791937,-0.0009251837234204635,-0.00018840013614359013,-0.00018840013614359013,-0.00020824140598485998,0.0006604343424844918,0.0006604343424844918,0.000640593072643222
2013-01-08,0.008143431140055071,0.008143431140055071,0.0081235898702138,-0.006761020340532291,-0.006761020340532291,-0.006780861610373561,0.0003072273932887932,0.0003072273932887932,0.0002873861234475234,-0.0038734509955332076,-0.0038734509955332076,-0.0038932922653744776,0.0005761830486330111,0.0005761830486330111,0.0005563417787917413
2013-01-09,0.003258213670936804,0.003258213670936804,0.003238372401095534,-0.00209400735306562,-0.00209400735306562,-0.00211384862290689,0.004645380638896415,0.004645380638896415,0.0046255393690551455,0.00041934416581493263,0.00041934416581493263,0.0003995028959736628,0.0013665542308781242,0.0013665542308781242,0.0013467129610368544
2013-01-10,-0.0032768274125955523,-0.0032768274125955523,-0.0032966686824368223,0.004632151681622937,0.004632151681622937,0.0046123104117816675,-0.0025580518067060305,-0.0025580518067060305,-0.0025778930765473006,-0.000253568577751424,-0.000253568577751424,-0.0002734098475926938,-0.007987051946274696,-0.007987051946274696,-0.008006893216115966
2013-01-11,-0.004606516040276792,-0.004606516040276792,-0.004626357310118062,-0.00261427611718799,-0.00261427611718799,-0.00263411738702926,0.0031646406580360647,0.0031646406580360647,0.0031447993881947947,0.0016012138671322531,0.0016012138671322531,0.0015813725972909833,0.0026762126626873675,0.0026762126626873675,0.0026563713928460975
2013-01-14,-0.0008623783146989721,-0.0008623783146989721,-0.0008822195845402419,7.754780878368951e-05,7.754780878368951e-05,5.770653894241967e-05,0.0036031996048771723,0.0036031996048771723,0.0035833583350359023,0.003839960087395229,0.003839960087395229,0.003820118817553959,0.002751291909914404,0.002751291909914404,0.002731450640073134
2013-01-15,-0.0025666771627873715,-0.0025666771627873715,-0.0025865184326286416,0.004276093684172117,0.004276093684172117,0.004256252414330848,-0.0015946080179869782,-0.0015946080179869782,-0.001614449287828248,-0.003308111900804807,-0.003308111900804807,-0.003327953170646077,-0.0009393309303456607,-0.0009393309303456607,-0.0009591722001869305
2013-01-16,0.0051746992370594914,0.0051746992370594914,0.005154857967218222,-0.002140418147454455,-0.002140418147454455,-0.002160259417295725,0.002213510601003388,0.002213510601003388,0.0021936693311621178,-0.002506237446997109,-0.002506237446997109,-0.002526078716838379,-0.00261279170050644,-0.00261279170050644,-0.00263263297034771
2013-01-17,0.0040313433183910355,0.0040313433183910355,0.004011502048549766,0.004064257476898755,0.004064257476898755,0.004044416207057485,0.006961663803833049,0.006961663803833049,0.006941822533991779,0.004775372170610439,0.004775372170610439,0.004755530900769169,0.006468464520059952,0.006468464520059952,0.006448623250218682
2013-01-18,-0.0021900923038373375,-0.0021900923038373375,-0.0022099335736786075,0.0013098458895139495,0.0013098458895139495,0.0012900046196726797,0.0015731951453525038,0.0015731951453525038,0.001553353875511234,-0.00021674799762891436,-0.00021674799762891436,-0.0002365892674701842,-0.0009393714115730665,-0.0009393714115730665,-0.0009592126814143363
2013-01-22,-0.00446590053413585,-0.00446590053413585,-0.00448574180397712,0.004688336964341321,0.004688336964341321,0.004668495694500051,0.004624565146108917,0.004624565146108917,0.004604723876267648,0.005553426083759019,0.005553426083759019,0.005533584813917749,0.0031212543087493997,0.0031212543087493997,0.0031014130389081297
2013-01-23,0.004514395282685791,0.004514395282685791,0.004494554012844521,-0.00031109079798347214,-0.00031109079798347214,-0.00033093206782474195,0.004122220429898444,0.004122220429898444,0.004102379160057175,0.0005893898373435857,0.0005893898373435857,0.0005695485675023159,0.004780829645370318,0.004780829645370318,0.004760988375529049
2013-01-24,-0.0026273313570148583,-0.0026273313570148583,-0.0026471726268561284,0.00011698628900390872,0.00011698628900390872,9.714501916263888e-05,-0.010272634699188314,-0.010272634699188314,-0.010292475969029585,-0.0009584211019663416,-0.0009584211019663416,-0.0009782623718076115,-0.004001318073083532,-0.004001318073083532,-0.004021159342924801
2013-01-25,0.0012746035223562976,0.0012746035223562976,0.0012547622525150277,0.002175052354554124,0.002175052354554124,0.002155211084712854,0.0002243224663690907,0.0002243224663690907,0.00020448119652782085,0.006370366106893362,0.006370366106893362,0.006350524837052092,0.005502421707067892,0.005502421707067892,0.005482580437226622
2013-01-28,-0.0059595329262087365,-0.0059595329262087365,-0.005979374196050006,0.0041949768277772075,0.0041949768277772075,0.004175135557935938,0.004584007086942173,0.004584007086942173,0.004564165817100904,0.0050268501237255075,0.0050268501237255075,0.005007008853884238,0.005982047462811747,0.005982047462811747,0.0059622061929704775
2013-01-29,0.008266315365162152,0.008266315365162152,0.008246474095320882,-0.00725292346562441,-0.00725292346562441,-0.00727276473546568,0.0021864870457825214,0.0021864870457825214,0.0021666457759412514,-0.003984875456385268,-0.003984875456385268,-0.004004716726226537,0.004401865132498461,0.004401865132498461,0.004382023862657191
2013-01-30,-0.0021732340294132587,-0.0021732340294132587,-0.0021930752992545288,-0.00017132100381256907,-0.00017132100381256907,-0.0001911622736538389,-0.001124372063693121,-0.001124372063693121,-0.001144213333534391,-0.003611166935034983,-0.003611166935034983,-0.003631008204876253,-0.0032246264545810074,-0.0032246264545810074,-0.0032444677244222774
2013-01-31,-0.010022307936109568,-0.010022307936109568,-0.010042149205950838,0.009080020260553441,0.009080020260553441,0.00906017899071217,0.007673250323375993,0.007673250323375993,0.0076534090535347234,0.009950487065032173,0.009950487065032173,0.009930645795190903,0.010627201490367891,0.010627201490367891,0.010607360220526621
2013-02-01,0.0024260147838424456,0.0035070958649235265,0.0027219215749716926,-0.010265500341272236,-0.007887121962893859,-0.00972107719992493,-0.009641734553698187,-0.006614707526671161,-0.008908706995606634,-0.008414797248196326,-0.005549932383331461,-0.007725590874531025,-0.00725811895396174,-0.004501362197204983,-0.006622099109866208
2013-02-04,-0.0075497806591147704,-0.0075497806591147704,-0.00756962192895604,0.003987834454228591,0.003987834454228591,0.003967993184387322,-0.0007037912745014058,-0.0007037912745014058,-0.0007236325443426756,0.0009939541487152031,0.0009939541487152031,0.0009741128788739333,0.002798169942054192,0.002798169942054192,0.002778328672212922
2013-02-05,-0.0025036979742652163,-0.0025036979742652163,-0.0025235392441064863,0.006432721584048555,0.006432721584048555,0.006412880314207285,-0.000875196264211677,-0.000875196264211677,-0.0008950375340529468,0.004400958722403201,0.004400958722403201,0.004381117452561931,-0.003365138548867867,-0.003365138548867867,-0.003384979818709137
2013-02-06,-0.007090943429882058,-0.007090943429882058,-0.007110784699723327,-0.00654393529113394,-0.00654393529113394,-0.006563776560975209,0.00581766543931506,0.00581766543931506,0.00579782416947379,-0.0007469079133253776,-0.0007469079133253776,-0.0007667491831666474,0.008480300843492765,0.008480300843492765,0.008460459573651494
2013-02-07,0.00033571633012954415,0.00033571633012954415,0.00031587506028827434,0.0058411362758428766,0.0058411362758428766,0.005821295006001607,0.005762995518865005,0.005762995518865005,0.005743154249023735,0.00405762317351965,0.00405762317351965,0.00403778190367838,0.0022116986787168694,0.0022116986787168694,0.0021918574088755994
2013-02-08,0.0013006239054246156,0.0013006239054246156,0.0012807826355833458,-0.002325433538568397,-0.002325433538568397,-0.002345274808409667,-0.008352375972749666,-0.008352375972749666,-0.008372217242590936,-0.002363590554667082,-0.002363590554667082,-0.002383431824508352,-0.0057944411912399345,-0.0057944411912399345,-0.005814282461081204
2013-02-11,-0.0042723364742253585,-0.0042723364742253585,-0.004292177744066628,0.006517567721842566,0.006517567721842566,0.006497726452001296,0.0076115503856779305,0.0076115503856779305,0.007591709115836661,0.007104972921054621,0.007104972921054621,0.007085131651213351,0.004870401968216698,0.004870401968216698,0.004850560698375428
2013-02-12,-0.0011593962773134082,-0.0011593962773134082,-0.001179237547154678,3.7464659929211178e-06,3.7464659929211178e-06,-1.6094803848348723e-05,-0.004990790416048937,-0.004990790416048937,-0.005010631685890206,-0.0043438776266449776,-0.0043438776266449776,-0.004363718896486247,-0.009330631691788934,-0.009330631691788934,-0.009350472961630205
2013-02-13,0.009623229094735878,0.009623229094735878,0.009603387824894607,-4.5727057305596105e-05,-4.5727057305596105e-05,-6.556832714686595e-05,-0.0016450382136329383,-0.0016450382136329383,-0.0016648794834742081,0.0005230831629884754,0.0005230831629884754,0.0005032418931472056,-0.005920272368831237,-0.005920272368831237,-0.005940113638672507
2013-02-14,0.00460370685238104,0.00460370685238104,0.00458386558253977,0.00013548791188628545,0.00013548791188628545,0.0001156466420450156,0.0001242672201143013,0.0001242672201143013,0.00010442595027303146,0.0008641989121504169,0.0008641989121504169,0.0008443576423091471,0.01863891887552201,0.01863891887552201,0.01861907760568074
2013-02-15,0.004771862215531002,0.004771862215531002,0.004752020945689732,0.00047775899947919906,0.00047775899947919906,0.00045791772963792924,0.004388750434567578,0.004388750434567578,0.004368909164726309,0.0012018867332469875,0.0012018867332469875,0.0011820454634057177,0.0032016400987428086,0.0032016400987428086,0.0031817988289015386
2013-02-19,-0.0018136217562287923,-0.0018136217562287923,-0.0018334630260700621,-0.007159275975611825,-0.007159275975611825,-0.007179117245453095,-0.007467415364588991,-0.007467415364588991,-0.00748725663443026,-0.0077673822617609824,-0.0077673822617609824,-0.007787223531602252,-0.005320356456670911,-0.005320356456670911,-0.005340197726512181
2013-02-20,-0.002249631407693371,-0.002249631407693371,-0.002269472677534641,-0.001633462194834595,-0.001633462194834595,-0.001653303464675865,0.0053259725387536936,0.0053259725387536936,0.005306131268912424,-0.002151546240067469,-0.002151546240067469,-0.0021713875099087392,0.0002842212097556398,0.0002842212097556398,0.00026437993991437
2013-02-21,0.005850767356021074,0.005850767356021074,0.005830926086179805,-0.005882589948441494,-0.005882589948441494,-0.005902431218282764,-0.0030067830220106588,-0.0030067830220106588,-0.003026624291851929,-0.006656668686242092,-0.006656668686242092,-0.0066765099560833615,-0.0005002244308834859,-0.0005002244308834859,-0.0005200657007247557
2013-02-22,0.0023847429353656135,0.0023847429353656135,0.0023649016655243435,0.0037316283913315326,0.0037316283913315326,0.0037117871214902625,0.0007661877166366307,0.0007661877166366307,0.0007463464467953609,0.002456601391707099,0.002456601391707099,0.002436760121865829,0.0007775038661683541,0.0007775038661683541,0.0007576625963270843
2013-02-25,-0.0013481434434655223,-0.0013481434434655223,-0.0013679847133067921,-0.0006667778763217876,-0.0006667778763217876,-0.0006866191461630574,0.001271963182415145,0.001271963182415145,0.0012521219125738751,0.00023521606577826316,0.00023521606577826316,0.00021537479593699332,0.006177863906600916,0.006177863906600916,0.006158022636759647
2013-02-26,0.011325661414791523,0.011325661414791523,0.011305820144950253,-0.009792346182342261,-0.009792346182342261,-0.009812187452183532,-0.006920685082417227,-0.006920685082417227,-0.0069405263522584965,-0.009728723962641348,-0.009728723962641348,-0.009748565232482619,-0.00929609949747647,-0.00929609949747647,-0.00931594076731774
2013-02-27,0.006468345992541676,0.006468345992541676,0.006448504722700406,0.005917952054869708,0.005917952054869708,0.005898110785028439,0.0021794521905915787,0.0021794521905915787,0.0021596109207503086,0.005291142470589927,0.005291142470589927,0.005271301200748657,-0.0010516475056331527,-0.0010516475056331527,-0.0010714887754744225
2013-02-28,0.0021472634112232043,0.0021472634112232043,0.0021274221413819343,-0.0015359866078912291,-0.0015359866078912291,-0.001555827877732499,0.004511692000720712,0.004511692000720712,0.004491850730879442,-4.619947867677749e-05,-4.619947867677749e-05,-6.604074851804733e-05,-0.0010379390589304624,-0.0010379390589304624,-0.0010577803287717322
2013-03-01,0.009999818338865547,0.011026845365892574,0.010279648790496053,-0.009253790396975525,-0.006713249856434985,-0.008815329926057668,-0.008037963698693654,-0.004956882617612573,-0.00717617962778892,-0.009498728037821971,-0.006579809118903051,-0.008667151361161926,-0.009098029941249131,-0.006233165076384267,-0.008300890079775533
2013-03-04,0.018692411580622303,0.018692411580622303,0.018672570310781032,-0.010320876819054456,-0.010320876819054456,-0.010340718088895726,-0.009640332473896403,-0.009640332473896403,-0.009660173743737673,-0.014059390478484046,-0.014059390478484046,-0.014079231748325316,-0.00796258944577066,-0.00796258944577066,-0.007982430715611931
2013-03-05,0.0018652448993121745,0.0018652448993121745,0.0018454036294709047,-0.0024936376533767923,-0.0024936376533767923,-0.0025134789232180623,-0.0019688134817687965,-0.0019688134817687965,-0.0019886547516100666,-0.003504535463540289,-0.003504535463540289,-0.003524376733381559,0.0007282903028682864,0.0007282903028682864,0.0007084490330270166
2013-03-06,-0.009610600698863908,-0.009610600698863908,-0.009630441968705179,0.004753055607752738,0.004753055607752738,0.004733214337911468,-0.00481558375740657,-0.00481558375740657,-0.004835425027247839,-0.002441934226701998,-0.002441934226701998,-0.002461775496543268,-0.002753847055370029,-0.002753847055370029,-0.002773688325211299
2013-03-07,-0.005450664691359415,-0.005450664691359415,-0.005470505961200685,-0.0010316849451849556,-0.0010316849451849556,-0.0010515262150262255,0.000571567429817817,0.000571567429817817,0.0005517261599765472,0.002811757503470777,0.002811757503470777,0.002791916233629507,0.005399020444581485,0.005399020444581485,0.005379179174740216
2013-03-08,0.004961741788054164,0.004961741788054164,0.004941900518212894,-0.0010707475903390246,-0.0010707475903390246,-0.0010905888601802944,-0.0015452037524322335,-0.0015452037524322335,-0.0015650450222735033,-0.0015274769741738176,-0.0015274769741738176,-0.0015473182440150874,-0.007494444511198308,-0.007494444511198308,-0.0075142857810395775
2013-03-11,-0.004382892980900828,-0.004382892980900828,-0.004402734250742097,0.0004576253602651527,0.0004576253602651527,0.0004377840904238829,-0.001092256982507584,-0.001092256982507584,-0.0011120982523488538,0.00046118596317496364,0.00046118596317496364,0.0004413446933336938,0.00048473453847917413,0.00048473453847917413,0.0004648932686379043
2013-03-12,-0.0003629581282269176,-0.0003629581282269176,-0.0003827993980681874,0.004425139561073128,0.004425139561073128,0.004405298291231858,0.009625697079476383,0.009625697079476383,0.009605855809635112,0.010353928416665444,0.010353928416665444,0.010334087146824173,0.009547624078333029,0.009547624078333029,0.009527782808491758
2013-03-13,0.004449764613161418,0.004449764613161418,0.004429923343320148,-0.00026933394934867234,-0.00026933394934867234,-0.00028917521918994215,-0.006658930968443381,-0.006658930968443381,-0.00667877223828465,-0.004710471868311869,-0.004710471868311869,-0.004730313138153139,-0.002070049512389603,-0.002070049512389603,-0.002089890782230873
2013-03-14,-0.0037385369048622014,-0.0037385369048622014,-0.0037583781747034715,-0.002382509443426116,-0.002382509443426116,-0.002402350713267386,0.0018140395051432804,0.0018140395051432804,0.0017941982353020106,0.00047424612601342734,0.00047424612601342734,0.0004544048561721575,0.005805296154861438,0.005805296154861438,0.005785454885020168
2013-03-15,-0.00970913224553462,-0.00970913224553462,-0.00972897351537589,0.006730487827535821,0.006730487827535821,0.006710646557694552,-0.0018139297895993656,-0.0018139297895993656,-0.0018337710594406355,0.001393073196384349,0.001393073196384349,0.0013732319265430792,0.0016839047870087802,0.0016839047870087802,0.0016640635171675103
2013-03-18,0.0021191554886782573,0.0021191554886782573,0.0020993142188369873,0.0019442987970714478,0.0019442987970714478,0.001924457527230178,-0.002418420502351743,-0.002418420502351743,-0.002438261772193013,-0.0007906834475115143,-0.0007906834475115143,-0.0008105247173527841,-0.0015357195306375923,-0.0015357195306375923,-0.0015555608004788621
2013-03-19,0.005369241862980913,0.005369241862980913,0.005349400593139643,0.0024571785532788984,0.0024571785532788984,0.0024373372834376283,-0.0009205146847398775,-0.0009205146847398775,-0.0009403559545811473,-0.0003733485179028154,-0.0003733485179028154,-0.0003931897877440852,-0.0020408885049768536,-0.0020408885049768536,-0.0020607297748181236
2013-03-20,0.006245518218044013,0.006245518218044013,0.006225676948202743,-0.0040143853177380786,-0.0040143853177380786,-0.004034226587579348,-0.005098706913212429,-0.005098706913212429,-0.005118548183053699,-0.00489482290603798,-0.00489482290603798,-0.0049146641758792495,-0.007297292966827903,-0.007297292966827903,-0.007317134236669172
2013-03-21,-0.002563484811174719,-0.002563484811174719,-0.002583326081015989,0.003603076171952027,0.003603076171952027,0.003583234902110757,0.003989412309304622,0.003989412309304622,0.003969571039463353,0.004727040734339758,0.004727040734339758,0.004707199464498489,0.0016951856375880543,0.0016951856375880543,0.0016753443677467845
2013-03-22,0.004066892718492027,0.004066892718492027,0.0040470514486507575,-0.004109813381181,-0.004109813381181,-0.00412965465102227,-0.008149709115939686,-0.008149709115939686,-0.008169550385780957,-0.008811794986878778,-0.008811794986878778,-0.008831636256720048,-0.008359008118170683,-0.008359008118170683,-0.008378849388011953
2013-03-25,-0.0017811060232224712,-0.0017811060232224712,-0.001800947293063741,0.0037470539173288142,0.0037470539173288142,0.003727212647487544,0.0064808944120944515,0.0064808944120944515,0.006461053142253182,0.009467164993649278,0.009467164993649278,0.009447323723808007,0.009254583560834008,0.009254583560834008,0.009234742290992737
2013-03-26,0.003103683187581048,0.003103683187581048,0.0030838419177397778,-0.0004055611655343119,-0.0004055611655343119,-0.0004254024353755817,-0.0016215991115731342,-0.0016215991115731342,-0.001641440381414404,0.00011348616933373442,0.00011348616933373442,9.364489949246458e-05,-0.0021456818611625054,-0.0021456818611625054,-0.0021655231310037755
2013-03-27,0.00015720034180040647,0.00015720034180040647,0.00013735907195913663,-0.0017833413753714665,-0.0017833413753714665,-0.0018031826452127363,0.001218239321557344,0.001218239321557344,0.0011983980517160742,-0.0016687105965473032,-0.0016687105965473032,-0.001688551866388573,-0.0003957489111614861,-0.0003957489111614861,-0.00041559018100275594
2013-03-28,-0.001277943380094712,-0.001277943380094712,-0.0012977846499359817,0.0036273344100028384,0.0036273344100028384,0.0036074931401615684,0.007413616896335456,0.007413616896335456,0.007393775626494186,0.002527977430225391,0.002527977430225391,0.002508136160384121,0.005359942014118407,0.005359942014118407,0.005340100744277138
2013-04-01,0.004355062805534536,0.005382089832561563,0.004636285027555835,-0.00903102321582875,-0.006328320513126047,-0.008555676789295641,0.0007038262663004455,0.003784907347381527,0.0015784604463668168,-0.003085212478328862,-5.818545130183497e-05,-0.002215775157627632,0.00017325700523467295,0.0031462299782076463,0.0010158265432464143
2013-04-02,-0.002398651669786305,-0.002398651669786305,-0.002418492939627575,-0.008363333514871167,-0.008363333514871167,-0.008383174784712438,-0.0014324370032865697,-0.0014324370032865697,-0.0014522782731278396,-0.0028474253089095787,-0.0028474253089095787,-0.0028672665787508487,-0.0018262329863535317,-0.0018262329863535317,-0.0018460742561948016
2013-04-03,-0.010017234509882816,-0.010017234509882816,-0.010037075779724087,0.0021116956906132895,0.0021116956906132895,0.0020918544207720194,-0.0009732749575010816,-0.0009732749575010816,-0.0009931162273423514,0.005533766122131358,0.005533766122131358,0.005513924852290088,-0.0007290011703869904,-0.0007290011703869904,-0.0007488424402282602
2013-04-04,-0.002380664934001948,-0.002380664934001948,-0.002400506203843218,0.003262369977536901,0.003262369977536901,0.003242528707695631,0.005565092139111428,0.005565092139111428,0.005545250869270158,0.0020853119540225062,0.0020853119540225062,0.002065470684181236,0.005462010180725311,0.005462010180725311,0.005442168910884042
2013-04-05,0.002461148582226663,0.002461148582226663,0.002441307312385393,-0.0016655362532786207,-0.0016655362532786207,-0.0016853775231198906,-0.006935730920453364,-0.006935730920453364,-0.0069555721902946335,-0.007361451219897793,-0.007361451219897793,-0.007381292489739063,-0.012596740718099322,-0.012596740718099322,-0.012616581987940592
2013-04-08,-0.00033392916136608473,-0.00033392916136608473,-0.00035377043120735454,0.010717953257292086,0.010717953257292086,0.010698111987450815,0.010035916336512534,0.010035916336512534,0.010016075066671263,0.00883697589883335,0.00883697589883335,0.00881713462899208,0.007333604844927606,0.007333604844927606,0.007313763575086336
2013-04-09,-0.009856318830841714,-0.009856318830841714,-0.009876160100682985,-0.009475494214788,-0.009475494214788,-0.009495335484629271,0.011857269057072906,0.011857269057072906,0.011837427787231635,0.0027086797171289013,0.0027086797171289013,0.0026888384472876312,0.012846692441547436,0.012846692441547436,0.012826851171706165
2013-04-10,-0.0027031072240219097,-0.0027031072240219097,-0.0027229484938631797,0.0002067219730745439,0.0002067219730745439,0.00018688070323327405,-0.01082312816231196,-0.01082312816231196,-0.01084296943215323,-0.0014741069354298735,-0.0014741069354298735,-0.0014939482052711433,-0.005003332854639629,-0.005003332854639629,-0.005023174124480899
2013-04-11,0.009377449970643222,0.009377449970643222,0.009357608700801951,-0.003263466147841654,-0.003263466147841654,-0.003283307417682924,3.590764138143663e-05,3.590764138143663e-05,1.6066371540166788e-05,-0.0038536313903152876,-0.0038536313903152876,-0.0038734726601565577,0.002520366585394602,0.002520366585394602,0.002500525315553332
2013-04-12,0.0049987989080847,0.0049987989080847,0.00497895763824343,-0.009248424004174745,-0.009248424004174745,-0.009268265274016016,-0.00827978846573359,-0.00827978846573359,-0.00829962973557486,-0.012733158778177094,-0.012733158778177094,-0.012753000048018364,-0.006504987303890202,-0.006504987303890202,-0.006524828573731472
2013-04-15,-0.0015897786672362801,-0.0015897786672362801,-0.00160961993707755,-0.008287963459646832,-0.008287963459646832,-0.008307804729488102,-0.001636668163684037,-0.001636668163684037,-0.0016565094335253068,-0.00810498508106411,-0.00810498508106411,-0.008124826350905381,-0.004163593617163093,-0.004163593617163093,-0.004183434887004363
2013-04-16,0.008413799597649249,0.008413799597649249,0.008393958327807979,-0.00731244758696336,-0.00731244758696336,-0.00733228885680463,-0.00699669128187981,-0.00699669128187981,-0.007016532551721079,-0.0085657238990652,-0.0085657238990652,-0.00858556516890647,-0.006216306808244023,-0.006216306808244023,-0.006236148078085293
2013-04-17,0.005459894339494467,0.005459894339494467,0.0054400530696531975,-0.0036980343142609517,-0.0036980343142609517,-0.0037178755841022217,0.004773013789827904,0.004773013789827904,0.004753172519986634,-0.0012497723310897356,-0.0012497723310897356,-0.0012696136009310054,0.0001805362114498726,0.0001805362114498726,0.00016069494160860277
2013-04-18,-0.004737005952527889,-0.004737005952527889,-0.0047568472223691585,-0.0026377189940778377,-0.0026377189940778377,-0.0026575602639191077,0.006205611679302793,0.006205611679302793,0.006185770409461523,0.0060147852672849025,0.0060147852672849025,0.005994943997443633,0.007166120296412966,0.007166120296412966,0.007146279026571696
2013-04-19,0.01615932831656259,0.01615932831656259,0.01613948704672132,-0.004123385749889755,-0.004123385749889755,-0.004143227019731024,-0.00933763919421366,-0.00933763919421366,-0.009357480464054931,-0.006060687557152889,-0.006060687557152889,-0.006080528826994159,-0.009375125994777675,-0.009375125994777675,-0.009394967264618945
2013-04-22,0.001321234630845109,0.001321234630845109,0.001301393361003839,0.0012194919138511153,0.0012194919138511153,0.0011996506440098455,-0.002390855846353418,-0.002390855846353418,-0.002410697116194688,-0.005258854997314348,-0.005258854997314348,-0.005278696267155617,-0.0035432803905362477,-0.0035432803905362477,-0.0035631216603775177
2013-04-23,0.01075533556181648,0.01075533556181648,0.01073549429197521,0.002316950832179204,0.002316950832179204,0.002297109562337934,-0.004304707127490736,-0.004304707127490736,-0.004324548397332006,-0.005884444146521265,-0.005884444146521265,-0.005904285416362534,-0.0017044175999315057,-0.0017044175999315057,-0.0017242588697727755
2013-04-24,-0.01227748807699042,-0.01227748807699042,-0.012297329346831691,0.013097851581917369,0.013097851581917369,0.013078010312076099,0.01456617439187263,0.01456617439187263,0.014546333122031359,0.015857363810969013,0.015857363810969013,0.015837522541127743,0.018234331587774908,0.018234331587774908,0.018214490317933638
2013-04-25,-0.009499108456302073,-0.009499108456302073,-0.009518949726143344,0.012541344760295014,0.012541344760295014,0.012521503490453743,0.00439320001770471,0.00439320001770471,0.00437335874786344,0.010752240592879101,0.010752240592879101,0.010732399323037831,0.0009332231214739192,0.0009332231214739192,0.0009133818516326494
2013-04-26,-0.00032728391845939365,-0.00032728391845939365,-0.00034712518830066347,-0.0020819150326243227,-0.0020819150326243227,-0.0021017563024655927,-0.0036372062166202673,-0.0036372062166202673,-0.0036570474864615374,-0.007604922347343316,-0.007604922347343316,-0.007624763617184585,-0.005789977869606958,-0.005789977869606958,-0.005809819139448227
2013-04-29,-0.012801423762479083,-0.012801423762479083,-0.012821265032320353,0.0015867157603352779,0.0015867157603352779,0.001566874490494008,0.0008500633836017934,0.0008500633836017934,0.0008302221137605236,0.0045942287455765785,0.0045942287455765785,0.004574387475735309,-0.001107328705326283,-0.001107328705326283,-0.0011271699751675527
2013-04-30,-0.009763941428444611,-0.009763941428444611,-0.009783782698285882,0.01152419800644913,0.01152419800644913,0.01150435673660786,0.005833920031669505,0.005833920031669505,0.005814078761828235,0.009254999204181246,0.009254999204181246,0.009235157934339976,0.007766251378509562,0.007766251378509562,0.007746410108668293
2013-05-01,-0.009815614789391316,-0.008788587762364288,-0.009536690115123024,0.004786223360327052,0.007056493630597322,0.005426806458087444,-0.003627628718467744,-0.0007087097995488248,-0.002807785857993586,-0.0039800591648092585,-0.0009530321377822313,-0.00312161408657967,-0.0019663008235797567,0.0007364018791229457,-0.0012111075608965602
2013-05-02,0.012537392324770205,0.012537392324770205,0.012517551054928935,-0.005822628087458481,-0.005822628087458481,-0.005842469357299751,0.0034585137864704832,0.0034585137864704832,0.003438672516629213,-0.0025535227920158218,-0.0025535227920158218,-0.002573364061857092,0.004952984710459535,0.004952984710459535,0.004933143440618265
2013-05-03,-0.0010342941579581533,-0.0010342941579581533,-0.0010541354277994232,-0.0004614533248983645,-0.0004614533248983645,-0.00048129459473963433,0.004683139766512112,0.004683139766512112,0.004663298496670842,-0.00359125137728383,-0.00359125137728383,-0.0036110926471251002,0.008473615546797793,0.008473615546797793,0.008453774276956523
2013-05-06,-0.0006809973858774461,-0.0006809973858774461,-0.0007008386557187159,-0.0022598732122596763,-0.0022598732122596763,-0.0022797144821009464,-0.0011442196296842415,-0.0011442196296842415,-0.0011640608995255113,0.00044146054966690777,0.00044146054966690777,0.00042161927982563795,0.0025489483571029454,0.0025489483571029454,0.0025291070872616754
2013-05-07,-0.004465427821420072,-0.004465427821420072,-0.004485269091261341,0.005022101735356647,0.005022101735356647,0.005002260465515378,0.0018894632728924075,0.0018894632728924075,0.0018696220030511377,0.006204351258967957,0.006204351258967957,0.006184509989126687,0.002977062573774143,0.002977062573774143,0.002957221303932873
2013-05-08,-0.016980137975845626,-0.016980137975845626,-0.016999979245686896,0.005703627010534167,0.005703627010534167,0.005683785740692897,-0.0006888151501432157,-0.0006888151501432157,-0.0007086564199844856,0.004563985011527679,0.004563985011527679,0.00454414374168641,0.005555208805690646,0.005555208805690646,0.005535367535849376
2013-05-09,8.549187491111235e-05,8.549187491111235e-05,6.56506050698425e-05,-0.0009374933404508743,-0.0009374933404508743,-0.0009573346102921441,-0.0051729515955548705,-0.0051729515955548705,-0.00519279286539614,-0.0025180487507852336,-0.0025180487507852336,-0.0025378900206265037,-0.004614248863284483,-0.004614248863284483,-0.004634090133125752
2013-05-10,0.0022410359613893836,0.0022410359613893836,0.0022211946915481136,0.002098154266889433,0.002098154266889433,0.002078312997048163,-0.0020693068205719575,-0.0020693068205719575,-0.0020891480904132276,-0.0024133579004655893,-0.0024133579004655893,-0.0024331991703068594,0.001214230095381025,0.001214230095381025,0.0011943888255397553
2013-05-13,0.00978494967238095,0.00978494967238095,0.00976510840253968,-0.006421492507844709,-0.006421492507844709,-0.006441333777685979,-0.0004397113453999031,-0.0004397113453999031,-0.0004595526152411729,-0.009591244357832644,-0.009591244357832644,-0.009611085627673915,0.002439086623722035,0.002439086623722035,0.002419245353880765
2013-05-14,0.013648255277766152,0.013648255277766152,0.013628414007924881,-0.006075289916053605,-0.006075289916053605,-0.006095131185894874,0.0014609141979451215,0.0014609141979451215,0.0014410729281038516,-0.008922736983682351,-0.008922736983682351,-0.008942578253523622,0.00451496510159631,0.00451496510159631,0.00449512383175504
2013-05-15,0.006169068580295446,0.006169068580295446,0.006149227310454176,-0.0015425313828706343,-0.0015425313828706343,-0.001562372652711904,-0.002949277816862548,-0.002949277816862548,-0.002969119086703818,-0.004038615407732523,-0.004038615407732523,-0.004058456677573792,-0.00400766756205691,-0.00400766756205691,-0.00402750883189818
2013-05-16,-0.006332970380438997,-0.006332970380438997,-0.006352811650280267,0.0016843187501407863,0.0016843187501407863,0.0016644774802995164,-0.005640616320817063,-0.005640616320817063,-0.005660457590658333,-0.00024180605654130528,-0.00024180605654130528,-0.0002616473263825751,-0.008895191673896198,-0.008895191673896198,-0.008915032943737468
2013-05-17,0.0007053370244409001,0.0007053370244409001,0.0006854957545996303,0.00016110503423786898,0.00016110503423786898,0.00014126376439659914,0.0026449042799164013,0.0026449042799164013,0.0026250630100751312,-0.003761664729171124,-0.003761664729171124,-0.003781505999012394,0.0069585686697745544,0.0069585686697745544,0.006938727399933285
2013-05-20,-0.006869834023578604,-0.006869834023578604,-0.006889675293419874,0.0016339133796582053,0.0016339133796582053,0.0016140721098169355,0.0005937061249509127,0.0005937061249509127,0.0005738648551096429,0.0027043728349560496,0.0027043728349560496,0.0026845315651147796,0.006239195218797745,0.006239195218797745,0.006219353948956475
2013-05-21,-0.000961313463933989,-0.000961313463933989,-0.0009811547337752588,0.002846475273824747,0.002846475273824747,0.002826634003983477,-0.0016826494603734178,-0.0016826494603734178,-0.0017024907302146876,0.005915725334291264,0.005915725334291264,0.0058958840644499945,-0.007941789833465648,-0.007941789833465648,-0.007961631103306919
2013-05-22,0.0003205994186356656,0.0003205994186356656,0.0003007581487943958,-0.005553530416187828,-0.005553530416187828,-0.005573371686029098,0.001293491850053975,0.001293491850053975,0.0012736505802127052,-0.004297149996629765,-0.004297149996629765,-0.0043169912664710345,-0.0003048262746214543,-0.0003048262746214543,-0.0003246675444627241
2013-05-23,0.005498094305282076,0.005498094305282076,0.005478253035440806,0.002079547288226911,0.002079547288226911,0.002059706018385641,-0.0026803058755452383,-0.0026803058755452383,-0.0027001471453865084,-0.0033000339484371027,-0.0033000339484371027,-0.0033198752182783727,-0.005593505437994811,-0.005593505437994811,-0.0056133467078360805
2013-05-24,0.002057886715822278,0.002057886715822278,0.002038045445981008,-0.004493966984034424,-0.004493966984034424,-0.004513808253875693,-0.003442152399405354,-0.003442152399405354,-0.003461993669246624,-0.006533672187827834,-0.006533672187827834,-0.0065535134576691035,-0.003144562528745651,-0.003144562528745651,-0.003164403798586921
2013-05-28,0.0037334891823728187,0.0037334891823728187,0.0037136479125315486,-0.0008206896423448996,-0.0008206896423448996,-0.0008405309121861694,0.0007416241932686699,0.0007416241932686699,0.0007217829234274001,-0.0011453139947840065,-0.0011453139947840065,-0.0011651552646252763,0.0009255124567724294,0.0009255124567724294,0.0009056711869311596
2013-05-29,-0.009140285472112066,-0.009140285472112066,-0.009160126741953337,-0.0037809589766357155,-0.0037809589766357155,-0.0038008002464769855,-0.016960810296506965,-0.016960810296506965,-0.016980651566348235,-0.011134286805275187,-0.011134286805275187,-0.011154128075116457,-0.00968653653081072,-0.00968653653081072,-0.009706377800651991
2013-05-30,0.0017089903831761278,0.0017089903831761278,0.001689149113334858,0.0029878473446516055,0.0029878473446516055,0.0029680060748103355,-0.0034637629752241085,-0.0034637629752241085,-0.0034836042450653785,0.0023040648939545816,0.0023040648939545816,0.0022842236241133115,0.0017738835389852488,0.0017738835389852488,0.001754042269143979
2013-05-31,0.0029507683636793864,0.0029507683636793864,0.0029309270938381164,0.0015252664086630862,0.0015252664086630862,0.0015054251388218164,-0.0015823647841109205,-0.0015823647841109205,-0.0016022060539521903,-0.0009716302625945692,-0.0009716302625945692,-0.000991471532435839,0.001646980039959925,0.001646980039959925,0.0016271387701186552
2013-06-03,-0.012301207853395786,-0.010949856502044435,-0.011925896376454052,0.0026238141361948227,0.005056246568627255,0.0033151576249199834,0.0077654819542456,0.010522238711002357,0.008549587533543727,0.00554632112644949,0.008140915721044084,0.006284900945046422,0.0028295584528355336,0.005532261155538236,0.0035812015316150935
2013-06-04,-0.010491533097309332,-0.010491533097309332,-0.010511374367150602,-0.001877272464096123,-0.001877272464096123,-0.0018971137339373928,0.000614096658656338,0.000614096658656338,0.0005942553888150682,-0.0006323334255315107,-0.0006323334255315107,-0.0006521746953727806,-0.004189397236512133,-0.004189397236512133,-0.0042092385063534025
2013-06-05,-0.006207572744777484,-0.006207572744777484,-0.006227414014618754,0.0038022523855449665,0.0038022523855449665,0.0037824111157036965,0.0024708758651561997,0.0024708758651561997,0.0024510345953149297,0.0050024564608029416,0.0050024564608029416,0.004982615190961672,0.0016073289179292004,0.0016073289179292004,0.0015874876480879306
2013-06-06,0.011169890269670647,0.011169890269670647,0.011150048999829376,-0.004610960496119415,-0.004610960496119415,-0.004630801765960685,-0.006836974033605468,-0.006836974033605468,-0.006856815303446738,-0.005564720148750622,-0.005564720148750622,-0.005584561418591891,-0.001390257465224923,-0.001390257465224923,-0.0014100987350661928
2013-06-07,0.009997282585827303,0.009997282585827303,0.009977441315986033,-0.003974604018849533,-0.003974604018849533,-0.003994445288690802,-0.0073934723660203806,-0.0073934723660203806,-0.00741331363586165,-0.006663026680772625,-0.006663026680772625,-0.006682867950613894,-0.00889734245789465,-0.00889734245789465,-0.00891718372773592
2013-06-10,-0.0023055291183211083,-0.0023055291183211083,-0.0023253703881623783,-0.002603265024006261,-0.002603265024006261,-0.002623106293847531,-0.0004908588935410753,-0.0004908588935410753,-0.0005107001633823451,-0.004273704095069208,-0.004273704095069208,-0.004293545364910478,-0.005237180377559603,-0.005237180377559603,-0.005257021647400872
2013-06-11,-0.0052454821143306865,-0.0052454821143306865,-0.005265323384171956,-0.00521595691399912,-0.00521595691399912,-0.00523579818384039,0.007536572253103438,0.007536572253103438,0.007516730983262168,0.00097848430581046,0.00097848430581046,0.0009586430359691902,-0.002871970999911451,-0.002871970999911451,-0.002891812269752721
2013-06-12,-0.012964600224163004,-0.012964600224163004,-0.012984441494004274,0.004618943266591228,0.004618943266591228,0.004599101996749958,0.009321927913816901,0.009321927913816901,0.00930208664397563,0.00854247401250166,0.00854247401250166,0.00852263274266039,0.006767288503431044,0.006767288503431044,0.006747447233589774
2013-06-13,0.002408716183313983,0.002408716183313983,0.002388874913472713,0.004272357400899349,0.004272357400899349,0.00425251613105808,0.0002589318572825464,0.0002589318572825464,0.00023909058744127655,0.002593399440071606,0.002593399440071606,0.002573558170230336,0.006706662188232376,0.006706662188232376,0.006686820918391107
2013-06-14,0.004267431429886846,0.004267431429886846,0.0042475901600455765,-0.003044464874972147,-0.003044464874972147,-0.003064306144813417,0.004101482747040849,0.004101482747040849,0.00408164147719958,0.00257570859430413,0.00257570859430413,0.00255586732446286,-0.001293341563665052,-0.001293341563665052,-0.0013131828335063219
2013-06-17,0.0001966952864561728,0.0001966952864561728,0.00017685401661490295,0.0007588567783174465,0.0007588567783174465,0.0007390155084761767,-0.004390230567005578,-0.004390230567005578,-0.004410071836846848,-0.0026073895836808856,-0.0026073895836808856,-0.0026272308535221557,-0.0014730107664440105,-0.0014730107664440105,-0.0014928520362852804
2013-06-18,0.001779221775519989,0.001779221775519989,0.0017593805056787192,-0.0019153010121088331,-0.0019153010121088331,-0.001935142281950103,-0.002474367570122693,-0.002474367570122693,-0.002494208839963963,-0.0018303066510167037,-0.0018303066510167037,-0.0018501479208579735,-0.004486280952068908,-0.004486280952068908,-0.004506122221910177
2013-06-19,-0.0011378937482848014,-0.0011378937482848014,-0.0011577350181260712,-0.0029084628929154374,-0.0029084628929154374,-0.0029283041627567075,-0.00031382537016397304,-0.00031382537016397304,-0.00033366664000524285,-0.0017584494823487328,-0.0017584494823487328,-0.0017782907521900026,-0.0005199425644764307,-0.0005199425644764307,-0.0005397838343177005
2013-06-20,-0.007142846221196349,-0.007142846221196349,-0.007162687491037619,-0.003143638269892072,-0.003143638269892072,-0.003163479539733342,-3.5469603195524124e-05,-3.5469603195524124e-05,-5.5310873036793965e-05,-0.006419011135250989,-0.006419011135250989,-0.0064388524050922585,-0.007160348254666653,-0.007160348254666653,-0.007180189524507922
2013-06-21,-0.008817571269169752,-0.008817571269169752,-0.008837412539011023,0.0011573592542105538,0.0011573592542105538,0.001137517984369284,0.004424545824437969,0.004424545824437969,0.004404704554596699,0.0017017825453248677,0.0017017825453248677,0.001681941275483598,0.0028382560390159514,0.0028382560390159514,0.0028184147691746814
2013-06-24,0.0011623696332883921,0.0011623696332883921,0.0011425283634471223,-0.005647162991957593,-0.005647162991957593,-0.005667004261798863,0.0003430300900120314,0.0003430300900120314,0.00032318882017076157,-0.0012802280291011653,-0.0012802280291011653,-0.001300069298942435,-0.009217035761326065,-0.009217035761326065,-0.009236877031167335
2013-06-25,0.009944174891182166,0.009944174891182166,0.009924333621340896,-0.0008103358652693186,-0.0008103358652693186,-0.0008301771351105884,-0.011263641723143444,-0.011263641723143444,-0.011283482992984714,-0.0049482606550441885,-0.0049482606550441885,-0.004968101924885458,-0.002263455702547463,-0.002263455702547463,-0.002283296972388733
2013-06-26,0.011554897900443641,0.011554897900443641,0.01153505663060237,-0.007355494359944516,-0.007355494359944516,-0.007375335629785785,-0.006964273176073862,-0.006964273176073862,-0.006984114445915132,-0.009162061451189689,-0.009162061451189689,-0.00918190272103096,-0.009177239295367262,-0.009177239295367262,-0.009197080565208533
2013-06-27,-1.4866620833184872e-06,-1.4866620833184872e-06,-2.132793192458833e-05,0.0003280535906229253,0.0003280535906229253,0.00030821232078165545,-0.0011127600179845517,-0.0011127600179845517,-0.0011326012878258216,-0.002436652779929642,-0.002436652779929642,-0.002456494049770912,-0.0005268848392405325,-0.0005268848392405325,-0.0005467261090818023
2013-06-28,-0.008568733089650095,-0.008568733089650095,-0.008588574359491365,-0.0017692340024119454,-0.0017692340024119454,-0.0017890752722532152,0.00398772668547571,0.00398772668547571,0.00396788541563444,0.002719224220482922,0.002719224220482922,0.002699382950641652,0.0024202214814850608,0.0024202214814850608,0.0024003802116437907
2013-07-01,0.007431695766557614,0.008350614685476532,0.00768034105341207,-0.01645681007840891,-0.013700053321652153,-0.01597881912144675,-0.014565625051800774,-0.011538598024773746,-0.014008820666812475,-0.015516658010744186,-0.012922063416149591,-0.015086835059526764,-0.009706391762367459,-0.007111797167772865,-0.009322838614926067
2013-07-02,-0.0010110832515252614,-0.0010110832515252614,-0.0010309245213665312,0.002251394775550499,0.002251394775550499,0.002231553505709229,-0.0004238828163636416,-0.0004238828163636416,-0.0004437240862049114,0.0006982084554319945,0.0006982084554319945,0.0006783671855907247,0.003581523237345142,0.003581523237345142,0.003561681967503872
2013-07-03,-0.0021976323348542274,-0.0021976323348542274,-0.0022174736046954974,-0.0025674503048677194,-0.0025674503048677194,-0.0025872915747089894,-0.001693823542258701,-0.001693823542258701,-0.0017136648120999708,-0.0011749455146106505,-0.0011749455146106505,-0.0011947867844519203,3.014521362150718e-05,3.014521362150718e-05,1.0303943780237337e-05
2013-07-05,0.007475381301247407,0.007475381301247407,0.007455540031406137,-0.010607966710789318,-0.010607966710789318,-0.010627807980630588,-0.004979876126208037,-0.004979876126208037,-0.004999717396049307,-0.0088332367474913,-0.0088332367474913,-0.00885307801733257,-0.005253198552849203,-0.005253198552849203,-0.005273039822690472
2013-07-08,0.002738182898822907,0.002738182898822907,0.002718341628981637,0.0050442487249413555,0.0050442487249413555,0.005024407455100086,0.004745344517152002,0.004745344517152002,0.0047255032473107325,0.004394690663900002,0.004394690663900002,0.004374849394058733,0.0021725310112091,0.0021725310112091,0.00215268974136783
2013-07-09,0.011919426969644781,0.011919426969644781,0.011899585699803511,-0.007385889318359163,-0.007385889318359163,-0.007405730588200433,-0.004460273637002517,-0.004460273637002517,-0.004480114906843787,-0.005149884187968818,-0.005149884187968818,-0.005169725457810088,0.0022051980011207365,0.0022051980011207365,0.0021853567312794665
2013-07-10,-0.009049169747490543,-0.009049169747490543,-0.009069011017331813,0.006852852791324668,0.006852852791324668,0.006833011521483398,0.0076289061930501795,0.0076289061930501795,0.00760906492320891,0.006250932066611126,0.006250932066611126,0.006231090796769857,0.005316970820872089,0.005316970820872089,0.005297129551030819
2013-07-11,-0.0049901738870079815,-0.0049901738870079815,-0.005010015156849251,0.00017053037032641353,0.00017053037032641353,0.0001506891004851437,-0.0006425101877947862,-0.0006425101877947862,-0.000662351457636056,0.0014995294276327828,0.0014995294276327828,0.001479688157791513,-0.0007520931477354186,-0.0007520931477354186,-0.0007719344175766884
2013-07-12,0.014937817263628805,0.014937817263628805,0.014917975993787535,-0.004586083088491066,-0.004586083088491066,-0.004605924358332336,-0.001932509047742787,-0.001932509047742787,-0.0019523503175840568,-0.006162701719887132,-0.006162701719887132,-0.006182542989728402,0.00017553821285873719,0.00017553821285873719,0.00015569694301746735
2013-07-15,-0.002822862756455224,-0.002822862756455224,-0.002842704026296494,0.006376943390752704,0.006376943390752704,0.006357102120911434,0.008154319393574194,0.008154319393574194,0.008134478123732924,0.005997592438841324,0.005997592438841324,0.005977751169000054,0.00370149484487357,0.00370149484487357,0.0036816535750323
2013-07-16,-0.0061467879762777625,-0.0061467879762777625,-0.006166629246119032,-8.350937219336332e-05,-8.350937219336332e-05,-0.00010335064203463316,-0.002932226918035793,-0.002932226918035793,-0.002952068187877063,0.0004159412984261661,0.0004159412984261661,0.0003961000285848963,-0.00476682370247284,-0.00476682370247284,-0.00478666497231411
2013-07-17,0.004305144752539622,0.004305144752539622,0.0042853034826983525,0.0005140828547991292,0.0005140828547991292,0.0004942415849578594,0.0034967590866164552,0.0034967590866164552,0.003476917816775185,0.002567043609028942,0.002567043609028942,0.002547202339187672,0.004322940831206911,0.004322940831206911,0.004303099561365642
2013-07-18,-0.0022578452270091386,-0.0022578452270091386,-0.0022776864968504086,-0.0010720655926660977,-0.0010720655926660977,-0.0010919068625073675,0.0017365266851278945,0.0017365266851278945,0.0017166854152866247,0.00038811398667001635,0.00038811398667001635,0.00036827271682874653,-0.005082667764177758,-0.005082667764177758,-0.005102509034019028
2013-07-19,0.008554799953073202,0.008554799953073202,0.008534958683231932,-0.006606521628429798,-0.006606521628429798,-0.006626362898271068,-0.0038644267460892787,-0.0038644267460892787,-0.0038842680159305487,-0.004119589919313514,-0.004119589919313514,-0.004139431189154784,0.002790471527760608,0.002790471527760608,0.002770630257919338
2013-07-22,0.0007436618939891842,0.0007436618939891842,0.0007238206241479144,-0.0029553830077723824,-0.0029553830077723824,-0.0029752242776136524,-0.002454228547464009,-0.002454228547464009,-0.002474069817305279,-0.0030119623258716274,-0.0030119623258716274,-0.0030318035957128974,-0.0007364759206498422,-0.0007364759206498422,-0.000756317190491112
2013-07-23,-0.00412312827179141,-0.00412312827179141,-0.0041429695416326795,0.002482186260111691,0.002482186260111691,0.0024623449902704208,0.0024719865827279707,0.0024719865827279707,0.0024521453128867007,0.005273287345654963,0.005273287345654963,0.005253446075813693,0.0037406078243343343,0.0037406078243343343,0.0037207665544930642
2013-07-24,0.0005323265011167241,0.0005323265011167241,0.0005124852312754543,-0.006730988718513943,-0.006730988718513943,-0.006750829988355213,-0.0021373558697438347,-0.0021373558697438347,-0.0021571971395851048,-0.005710974131629615,-0.005710974131629615,-0.0057308154014708845,-0.0010497532179508215,-0.0010497532179508215,-0.0010695944877920913
2013-07-25,-0.0029175938825343126,-0.0029175938825343126,-0.0029374351523755826,0.01648666776209631,0.01648666776209631,0.01646682649225504,0.024805100188717753,0.024805100188717753,0.024785258918876483,0.022482579547857123,0.022482579547857123,0.022462738278015853,0.019149968811554285,0.019149968811554285,0.019130127541713015
2013-07-26,-0.008827724365328473,-0.008827724365328473,-0.008847565635169743,0.007171336145539898,0.007171336145539898,0.007151494875698629,0.0035510474425552514,0.0035510474425552514,0.0035312061727139814,0.003513620537892978,0.003513620537892978,0.003493779268051708,0.0019762121242052687,0.0019762121242052687,0.0019563708543639986
2013-07-29,-9.000474195318062e-05,-9.000474195318062e-05,-0.00010984601179445046,0.008463160272133735,0.008463160272133735,0.008443319002292464,0.005001828964934511,0.005001828964934511,0.004981987695093241,0.007037995453962485,0.007037995453962485,0.007018154184121215,0.007175834547800959,0.007175834547800959,0.007155993277959689
2013-07-30,0.007936309603177675,0.007936309603177675,0.007916468333336405,-0.0036109897881789694,-0.0036109897881789694,-0.0036308310580202394,-0.004506945207135844,-0.004506945207135844,-0.004526786476977114,-0.0046071825565287446,-0.0046071825565287446,-0.004627023826370014,-0.004751480987545178,-0.004751480987545178,-0.004771322257386448
2013-07-31,0.0063622366087875614,0.0063622366087875614,0.006342395338946292,-0.0020519469415143828,-0.0020519469415143828,-0.002071788211355653,0.0007304620656144815,0.0007304620656144815,0.0007106207957732117,-0.002847297427558815,-0.002847297427558815,-0.002867138697400085,0.003582264573620404,0.003582264573620404,0.003562423303779134
2013-08-01,0.00439661249078939,0.005747963842140742,0.004770351925067255,-0.010260951318923475,-0.007882572940545098,-0.009586529941907349,-0.00287352079923004,-0.00027892620463544496,-0.002137330247377335,-0.008206451203555896,-0.005665910663015356,-0.007483998285597523,-0.007946861824263771,-0.005190105067507014,-0.007164381418057835
2013-08-02,-0.0006999078610091311,-0.0006999078610091311,-0.0007197491308504009,-0.0020691692849466132,-0.0020691692849466132,-0.0020890105547878833,0.0011767084087884773,0.0011767084087884773,0.0011568671389472075,0.002196770766773456,0.002196770766773456,0.002176929496932186,-0.0022502642317074138,-0.0022502642317074138,-0.002270105501548684
2013-08-05,0.0027226750573852553,0.0027226750573852553,0.0027028337875439853,-0.00025688381589406614,-0.00025688381589406614,-0.00027672508573533595,0.001116974655785893,0.001116974655785893,0.0010971333859446232,-0.0004368928291456826,-0.0004368928291456826,-0.0004567340989869524,0.00021932022536392723,0.00021932022536392723,0.0001994789555226574
2013-08-06,-0.001510343879318996,-0.001510343879318996,-0.0015301851491602658,0.0012601136314060652,0.0012601136314060652,0.0012402723615647954,0.000717781647815597,0.000717781647815597,0.0006979403779743272,-0.0014495238009977144,-0.0014495238009977144,-0.0014693650708389842,-0.001515191400170931,-0.001515191400170931,-0.0015350326700122009
2013-08-07,-0.010735480346085437,-0.010735480346085437,-0.010755321615926707,0.006727306300776675,0.006727306300776675,0.006707465030935405,0.005814859447690473,0.005814859447690473,0.005795018177849203,0.00801282533837951,0.00801282533837951,0.00799298406853824,0.0034934263001557783,0.0034934263001557783,0.0034735850303145082
2013-08-08,-0.005971307502912753,-0.005971307502912753,-0.005991148772754022,0.003787163079388275,0.003787163079388275,0.003767321809547005,0.006785453778435731,0.006785453778435731,0.0067656125085944615,0.0036872628102851317,0.0036872628102851317,0.0036674215404438617,0.005825319115503615,0.005825319115503615,0.0058054778456623456
2013-08-09,-0.004374828330425615,-0.004374828330425615,-0.004394669600266884,0.010964291836684986,0.010964291836684986,0.010944450566843716,0.00567742314736823,0.00567742314736823,0.00565758187752696,0.0074675827357957685,0.0074675827357957685,0.007447741465954499,0.004915089893625961,0.004915089893625961,0.004895248623784691
2013-08-12,-0.005416648694662116,-0.005416648694662116,-0.005436489964503385,-0.002127885165262636,-0.002127885165262636,-0.002147726435103906,0.0043877630129233475,0.0043877630129233475,0.004367921743082078,0.0017064784480685848,0.0017064784480685848,0.001686637178227315,0.0034290011231143105,0.0034290011231143105,0.0034091598532730405
2013-08-13,0.008836322181352522,0.008836322181352522,0.008816480911511252,-0.011587771575667394,-0.011587771575667394,-0.011607612845508665,0.00019691470502189245,0.00019691470502189245,0.0001770734351806226,-0.00780472121155994,-0.00780472121155994,-0.00782456248140121,-0.0015145726040735777,-0.0015145726040735777,-0.0015344138739148475
2013-08-14,-0.008836911596413899,-0.008836911596413899,-0.008856752866255169,0.004970195451377609,0.004970195451377609,0.0049503541815363395,0.006744320587208005,0.006744320587208005,0.0067244793173667355,0.0050915724577823476,0.0050915724577823476,0.005071731187941078,0.005087517103021694,0.005087517103021694,0.005067675833180425
2013-08-15,-0.01194027502726152,-0.01194027502726152,-0.01196011629710279,0.008986435489834398,0.008986435489834398,0.008966594219993127,0.005894325230317926,0.005894325230317926,0.005874483960476656,0.011204617132079812,0.011204617132079812,0.011184775862238542,0.008686612261080959,0.008686612261080959,0.008666770991239688
2013-08-16,0.013695982425649154,0.013695982425649154,0.013676141155807883,-0.01271682187722351,-0.01271682187722351,-0.012736663147064781,-0.007226205778448914,-0.007226205778448914,-0.007246047048290184,-0.012341943622442685,-0.012341943622442685,-0.012361784892283956,-0.0062215249071664045,-0.0062215249071664045,-0.006241366177007674
2013-08-19,-0.0014737987768874195,-0.0014737987768874195,-0.0014936400467286893,-0.00645813858544893,-0.00645813858544893,-0.0064779798552902,-0.0033630737632913722,-0.0033630737632913722,-0.0033829150331326423,-0.0028662052886813563,-0.0028662052886813563,-0.0028860465585226263,-0.00259178729580041,-0.00259178729580041,-0.00261162856564168
2013-08-20,0.005969654776680313,0.005969654776680313,0.005949813506839044,0.004660418504444601,0.004660418504444601,0.0046405772346033314,0.0020895801821208763,0.0020895801821208763,0.0020697389122796062,0.0016916038415701758,0.0016916038415701758,0.001671762571728906,0.0037679619046998387,0.0037679619046998387,0.0037481206348585687
2013-08-21,0.0010850397861234679,0.0010850397861234679,0.001065198516282198,-0.0018426296495219195,-0.0018426296495219195,-0.0018624709193631893,-0.0006216982965698386,-0.0006216982965698386,-0.0006415395664111084,-0.000919853950309643,-0.000919853950309643,-0.0009396952201509128,-8.628249016952381e-05,-8.628249016952381e-05,-0.00010612376001079365
2013-08-22,0.0013028677868526962,0.0013028677868526962,0.0012830265170114263,0.004764789512747431,0.004764789512747431,0.004744948242906161,-0.00254492018726627,-0.00254492018726627,-0.0025647614571075402,0.00011179759562152136,0.00011179759562152136,9.195632578025152e-05,-0.0002562473608307119,-0.0002562473608307119,-0.0002760886306719817
2013-08-23,-0.005116804428096538,-0.005116804428096538,-0.005136645697937808,0.008974296193478051,0.008974296193478051,0.00895445492363678,0.004540694915254179,0.004540694915254179,0.00452085364541291,0.004570085334507055,0.004570085334507055,0.004550244064665785,0.0026370477973327523,0.0026370477973327523,0.0026172065274914823
2013-08-26,-0.0003245289953770369,-0.0003245289953770369,-0.0003443702652183067,0.0006268885395438943,0.0006268885395438943,0.0006070472697026245,0.0026529757436561732,0.0026529757436561732,0.002633134473814903,0.0032397298687354445,0.0032397298687354445,0.0032198885988941744,-0.00086241982661143,-0.00086241982661143,-0.0008822610964526998
2013-08-27,-0.011024483763480315,-0.011024483763480315,-0.011044325033321586,0.012107511404820942,0.012107511404820942,0.012087670134979672,0.006665452554313528,0.006665452554313528,0.006645611284472258,0.011194805261029775,0.011194805261029775,0.011174963991188504,0.005649740393332598,0.005649740393332598,0.005629899123491328
2013-08-28,0.005037156527238736,0.005037156527238736,0.005017315257397467,-0.0059703712164151015,-0.0059703712164151015,-0.005990212486256371,-0.001116129046329661,-0.001116129046329661,-0.0011359703161709308,-0.0075706806638041295,-0.0075706806638041295,-0.007590521933645399,-0.005596869710940639,-0.005596869710940639,-0.005616710980781908
2013-08-29,0.011729580510804914,0.011729580510804914,0.011709739240963643,-0.004736419047630768,-0.004736419047630768,-0.004756260317472037,-0.003218551133068189,-0.003218551133068189,-0.003238392402909459,-0.0034698450184458304,-0.0034698450184458304,-0.0034896862882871004,-0.0007980339151125904,-0.0007980339151125904,-0.0008178751849538602
2013-08-30,-0.006542956603390434,-0.006542956603390434,-0.0065627978732317035,0.002257623082511221,0.002257623082511221,0.002237781812669951,0.004555715375425285,0.004555715375425285,0.004535874105584015,0.0030343843693895925,0.0030343843693895925,0.0030145430995483224,-0.0036252979272714133,-0.0036252979272714133,-0.0036451391971126833
2013-09-03,0.00924284592507996,0.009999602681836717,0.009444195125707749,-0.011565611349419734,-0.009457503241311626,-0.010967556211921246,-0.005271987447671524,-0.0025152306909147666,-0.004486704754669537,-0.009423430165333493,-0.00709910584100917,-0.008762750088802666,-0.0038097860835322782,-0.001107083380829576,-0.0030429934651818153
2013-09-04,0.0015879838769102157,0.0015879838769102157,0.001568142607068946,-0.0005499452900960371,-0.0005499452900960371,-0.0005697865599373069,-0.00028857349254693475,-0.00028857349254693475,-0.00030841476238820456,-0.001061764339681067,-0.001061764339681067,-0.0010816056095223367,0.0001710137116074763,0.0001710137116074763,0.00015117244176620647
2013-09-05,0.013164407722338975,0.013164407722338975,0.013144566452497704,-0.010466868726188945,-0.010466868726188945,-0.010486709996030215,-0.010235960052476269,-0.010235960052476269,-0.010255801322317539,-0.010646470082268364,-0.010646470082268364,-0.010666311352109634,-0.009242857447738664,-0.009242857447738664,-0.009262698717579934
2013-09-06,-0.010000028861182687,-0.010000028861182687,-0.010019870131023957,0.012614546411448716,0.012614546411448716,0.012594705141607446,0.002054900018099862,0.002054900018099862,0.002035058748258592,0.01060959330106362,0.01060959330106362,0.01058975203122235,0.0008853249277177055,0.0008853249277177055,0.0008654836578764357
2013-09-09,-0.006911909607068936,-0.006911909607068936,-0.0069317508769102055,0.010514191762150921,0.010514191762150921,0.010494350492309651,0.008323076034656115,0.008323076034656115,0.008303234764814845,0.014414657334844828,0.014414657334844828,0.014394816065003558,0.0077565916898878476,0.0077565916898878476,0.007736750420046578
2013-09-10,0.003325748641020617,0.003325748641020617,0.003305907371179347,-0.003185770517112254,-0.003185770517112254,-0.003205611786953524,-0.007757788538088119,-0.007757788538088119,-0.007777629807929389,-0.004179886503072258,-0.004179886503072258,-0.004199727772913528,-0.004946776874201248,-0.004946776874201248,-0.004966618144042517
2013-09-11,-0.002564270729720505,-0.002564270729720505,-0.002584111999561775,0.0011709112706616187,0.0011709112706616187,0.001151070000820349,0.003768286840558204,0.003768286840558204,0.0037484455707169338,0.004080218870630217,0.004080218870630217,0.004060377600788948,0.0013705660049996506,0.0013705660049996506,0.0013507247351583808
2013-09-12,0.004221514624130083,0.004221514624130083,0.004201673354288813,-0.0018823179542765253,-0.0018823179542765253,-0.0019021592241177951,-0.003613129100590496,-0.003613129100590496,-0.003632970370431766,-0.0033237182561251153,-0.0033237182561251153,-0.0033435595259663853,-0.0034097364324609447,-0.0034097364324609447,-0.0034295777023022147
2013-09-13,0.004904528714464208,0.004904528714464208,0.004884687444622939,-0.002462703717220554,-0.002462703717220554,-0.002482544987061824,-0.003297533071413272,-0.003297533071413272,-0.003317374341254542,-0.0037288224169221653,-0.0037288224169221653,-0.0037486636867634354,-0.0028233347337342377,-0.0028233347337342377,-0.0028431760035755077
2013-09-16,0.0028702997332768388,0.0028702997332768388,0.0028504584634355687,0.000633194850926217,0.000633194850926217,0.0006133535810849472,-0.003807168488869534,-0.003807168488869534,-0.003827009758710804,-0.00024256937543515756,-0.00024256937543515756,-0.0002624106452764274,-0.00031026760012201754,-0.00031026760012201754,-0.00033010886996328735
2013-09-17,-0.003537549311580553,-0.003537549311580553,-0.003557390581421823,0.0016252937479728558,0.0016252937479728558,0.001605452478131586,0.005038094150712568,0.005038094150712568,0.005018252880871299,0.003149114850553137,0.003149114850553137,0.003129273580711867,0.0016981854584152602,0.0016981854584152602,0.0016783441885739904
2013-09-18,-0.009188076222633543,-0.009188076222633543,-0.009207917492474814,0.010279567758276936,0.010279567758276936,0.010259726488435665,0.007997487265064648,0.007997487265064648,0.007977645995223378,0.015630567232381157,0.015630567232381157,0.015610725962539887,0.005864956822796454,0.005864956822796454,0.005845115552955185
2013-09-19,-0.0015122770191882007,-0.0015122770191882007,-0.0015321182890294706,0.0020075507380657096,0.0020075507380657096,0.0019877094682244395,0.0019720087958772976,0.0019720087958772976,0.0019521675260360278,0.0035494566893120257,0.0035494566893120257,0.0035296154194707557,-0.0004432642828699711,-0.0004432642828699711,-0.00046310555271124093
2013-09-20,0.009696403384717991,0.009696403384717991,0.00967656211487672,-0.0061170815540035695,-0.0061170815540035695,-0.006136922823844839,-0.006711879015030661,-0.006711879015030661,-0.006731720284871931,-0.007929350174329384,-0.007929350174329384,-0.007949191444170655,-0.00903517513906916,-0.00903517513906916,-0.00905501640891043
2013-09-23,-0.009546589123006495,-0.009546589123006495,-0.009566430392847766,0.0020012007822532056,0.0020012007822532056,0.0019813595124119356,0.002309312224643859,0.002309312224643859,0.002289470954802589,0.0023413198176392624,0.0023413198176392624,0.0023214785477979924,0.0022000358186278516,0.0022000358186278516,0.0021801945487865816
2013-09-24,0.012648004143121429,0.012648004143121429,0.012628162873280158,-0.009752320359196254,-0.009752320359196254,-0.009772161629037525,-0.008789640771819963,-0.008789640771819963,-0.008809482041661234,-0.012474347262377925,-0.012474347262377925,-0.012494188532219196,-0.004082595657795187,-0.004082595657795187,-0.0041024369276364565
2013-09-25,-0.009694968052359912,-0.009694968052359912,-0.009714809322201182,0.010229400109773665,0.010229400109773665,0.010209558839932395,0.008894636567670238,0.008894636567670238,0.008874795297828968,0.010242742588550138,0.010242742588550138,0.010222901318708868,0.01112500784194951,0.01112500784194951,0.011105166572108239
2013-09-26,0.007788488555067469,0.007788488555067469,0.0077686472852261995,-0.002225992157308211,-0.002225992157308211,-0.002245833427149481,-0.00503094356984096,-0.00503094356984096,-0.00505078483968223,-0.0027792546917494504,-0.0027792546917494504,-0.0027990959615907204,-0.005592082050045626,-0.005592082050045626,-0.005611923319886895
2013-09-27,0.006221887557472112,0.006221887557472112,0.006202046287630842,-0.00480248595029616,-0.00480248595029616,-0.0048223272201374295,-0.0038112696702594204,-0.0038112696702594204,-0.0038311109401006904,-0.005482037812900813,-0.005482037812900813,-0.005501879082742083,-0.004669913078027571,-0.004669913078027571,-0.0046897543478688405
2013-09-30,0.006173837617601651,0.006173837617601651,0.006153996347760381,-0.005125047785820437,-0.005125047785820437,-0.005144889055661707,-0.00731816545650543,-0.00731816545650543,-0.0073380067263467,-0.0075632885563214226,-0.0075632885563214226,-0.007583129826162692,-0.005591903066373602,-0.005591903066373602,-0.005611744336214872
2013-10-01,0.005319243223799241,0.006075999980555998,0.005520782074051105,-0.002304604651036229,-9.407833524675488e-05,-0.001677260518194321,-0.006050956090723895,-0.002998324511776527,-0.0051779606077712904,-0.002176227339781623,0.00035008844969206085,-0.0014562512227312818,-0.004264579021825053,-0.001475105337614527,-0.0034717281471814097
2013-10-02,-0.003023497229207731,-0.003023497229207731,-0.003043338499049001,0.0031261539405433806,0.0031261539405433806,0.0031063126707021106,0.005882314264634367,0.005882314264634367,0.005862472994793097,0.006853462576413581,0.006853462576413581,0.006833621306572312,0.0068875273027495815,0.0068875273027495815,0.006867686032908312
2013-10-03,-0.0023926851302007055,-0.0023926851302007055,-0.0024125264000419756,0.004507027279995201,0.004507027279995201,0.004487186010153931,0.009294166356424088,0.009294166356424088,0.009274325086582817,0.00619880046684473,0.00619880046684473,0.006178959197003461,0.0086929124309412,0.0086929124309412,0.00867307116109993
2013-10-04,0.010594119422782346,0.010594119422782346,0.010574278152941076,-0.005875934577390006,-0.005875934577390006,-0.005895775847231275,-0.007832513182789868,-0.007832513182789868,-0.007852354452631138,-0.00623086707806534,-0.00623086707806534,-0.0062507083479066096,-0.008553873283690769,-0.008553873283690769,-0.00857371455353204
2013-10-07,-0.011225133030384568,-0.011225133030384568,-0.011244974300225839,0.001188111977730251,0.001188111977730251,0.0011682707078889813,0.0034688511653714837,0.0034688511653714837,0.0034490098955302136,0.000940048860184073,0.000940048860184073,0.0009202075903428032,0.0009457096137557273,0.0009457096137557273,0.0009258683439144575
2013-10-08,-0.01173380476008705,-0.01173380476008705,-0.01175364602992832,0.0059097170936438705,0.0059097170936438705,0.005889875823802601,0.005196610337934841,0.005196610337934841,0.005176769068093571,0.004559889138370512,0.004559889138370512,0.004540047868529243,0.004115421298201545,0.004115421298201545,0.004095580028360276
2013-10-09,0.000183469336531059,0.000183469336531059,0.00016362806668978916,0.00170882278144706,0.00170882278144706,0.0016889815116057903,-0.005025465237330384,-0.005025465237330384,-0.005045306507171654,-0.0023648840238560224,-0.0023648840238560224,-0.0023847252936972925,-0.01126055506235105,-0.01126055506235105,-0.01128039633219232
2013-10-10,0.016339334646746875,0.016339334646746875,0.016319493376905605,-0.008414060954079806,-0.008414060954079806,-0.008433902223921076,-0.009648828721289561,-0.009648828721289561,-0.009668669991130831,-0.009315986864419763,-0.009315986864419763,-0.009335828134261034,-0.009153063732292868,-0.009153063732292868,-0.009172905002134139
2013-10-11,-0.0017768123352452751,-0.0017768123352452751,-0.001796653605086545,0.005681753134671868,0.005681753134671868,0.005661911864830598,0.00841387032684017,0.00841387032684017,0.0083940290569989,0.006026914897683892,0.006026914897683892,0.0060070736278426224,0.009556024116014,0.009556024116014,0.00953618284617273
2013-10-14,0.0063782298082152725,0.0063782298082152725,0.006358388538374003,-0.00795428901093621,-0.00795428901093621,-0.00797413028077748,-0.004298785368626437,-0.004298785368626437,-0.0043186266384677065,-0.0062095629422656414,-0.0062095629422656414,-0.006229404212106911,-0.002151786818790501,-0.002151786818790501,-0.002171628088631771
2013-10-15,0.0056967088196153435,0.0056967088196153435,0.005676867549774074,-0.0027369676241992174,-0.0027369676241992174,-0.0027568088940404874,-0.0047371967069340356,-0.0047371967069340356,-0.004757037976775305,-0.00292077360532658,-0.00292077360532658,-0.00294061487516785,-0.003091916877581905,-0.003091916877581905,-0.003111758147423175
2013-10-16,0.014841558658184472,0.014841558658184472,0.014821717388343201,-0.011526669401452565,-0.011526669401452565,-0.011546510671293836,-0.013340372947112291,-0.013340372947112291,-0.013360214216953561,-0.01119345693879622,-0.01119345693879622,-0.011213298208637491,-0.01166635896112997,-0.01166635896112997,-0.011686200230971241
2013-10-17,-0.009977837113277628,-0.009977837113277628,-0.009997678383118899,0.01310002810673478,0.01310002810673478,0.01308018683689351,0.006873353930771702,0.006873353930771702,0.006853512660930433,0.009677955180467318,0.009677955180467318,0.009658113910626048,0.013471290831745307,0.013471290831745307,0.013451449561904036
2013-10-18,-0.0026321007082407153,-0.0026321007082407153,-0.0026519419780819853,0.004472364151812896,0.004472364151812896,0.004452522881971626,0.0038801906887963654,0.0038801906887963654,0.0038603494189550953,0.008192901207283602,0.008192901207283602,0.008173059937442332,0.007083993153040675,0.007083993153040675,0.007064151883199405
2013-10-21,-0.005564501753412985,-0.005564501753412985,-0.005584343023254255,0.0002748633276476501,0.0002748633276476501,0.0002550220578063803,0.002091064914744972,0.002091064914744972,0.002071223644903702,0.0014504971759793281,0.0014504971759793281,0.0014306559061380583,0.0038441219918775547,0.0038441219918775547,0.0038242807220362847
2013-10-22,-4.615114840675143e-05,-4.615114840675143e-05,-6.599241824802127e-05,-0.0033790564578597884,-0.0033790564578597884,-0.0033988977277010584,-0.002114298367064377,-0.002114298367064377,-0.002134139636905647,-0.002426075003534587,-0.002426075003534587,-0.002445916273375857,-0.0018135611806107173,-0.0018135611806107173,-0.0018334024504519872
2013-10-23,-0.0034990152995175655,-0.0034990152995175655,-0.0035188565693588356,-0.0007061047872716044,-0.0007061047872716044,-0.0007259460571128742,-0.00438515126937319,-0.00438515126937319,-0.0044049925392144595,-0.0024134272559743503,-0.0024134272559743503,-0.0024332685258156204,-0.0025349442805975408,-0.0025349442805975408,-0.002554785550438811
2013-10-24,0.0005420872023546525,0.0005420872023546525,0.0005222459325133827,0.00021343272540595367,0.00021343272540595367,0.00019359145556468383,0.0008210390389379353,0.0008210390389379353,0.0008011977690966655,-0.00029954963064907124,-0.00029954963064907124,-0.00031939090049034106,0.0065881543711253585,0.0065881543711253585,0.006568313101284089
2013-10-25,-0.0035042989153215845,-0.0035042989153215845,-0.0035241401851628545,0.0060529545985117915,0.0060529545985117915,0.006033113328670522,-0.00023032027835522803,-0.00023032027835522803,-0.0002501615481964979,0.0018020466814120417,0.0018020466814120417,0.0017822054115707719,0.005158441014787074,0.005158441014787074,0.0051385997449458045
2013-10-28,-0.002173075818296924,-0.002173075818296924,-0.002192917088138194,-0.0002819393655463099,-0.0002819393655463099,-0.00030178063538757976,-0.005070273177776708,-0.005070273177776708,-0.005090114447617978,-0.0023219192527930794,-0.0023219192527930794,-0.0023417605226343494,-0.00594378184833716,-0.00594378184833716,-0.005963623118178429
2013-10-29,0.0048286487007266855,0.0048286487007266855,0.004808807430885416,0.00018259061368789808,0.00018259061368789808,0.00016274934384662824,0.001277330575645723,0.001277330575645723,0.0012574893058044532,-0.0011286427497788282,-0.0011286427497788282,-0.001148484019620098,-0.0007472986589185443,-0.0007472986589185443,-0.0007671399287598141
2013-10-30,-0.009408417961098925,-0.009408417961098925,-0.009428259230940195,0.011554152841449122,0.011554152841449122,0.011534311571607852,0.012365545707381662,0.012365545707381662,0.012345704437540392,0.012416680261554914,0.012416680261554914,0.012396838991713644,0.009669515698116265,0.009669515698116265,0.009649674428274994
2013-10-31,0.0013552589408413946,0.0013552589408413946,0.0013354176710001248,-0.0019647160513736163,-0.0019647160513736163,-0.0019845573212148864,-0.009566254628772083,-0.009566254628772083,-0.009586095898613353,-0.005520662361891946,-0.005520662361891946,-0.005540503631733216,-0.006419891348139339,-0.006419891348139339,-0.006439732617980609
2013-11-01,0.006192066143576596,0.007543417494927948,0.006567932424418147,-0.0031710158008884286,-0.0011183842219410606,-0.002590273531963097,-0.01061206846306707,-0.007664700042014439,-0.009769973300056517,-0.0046378065877046,-0.001953596061388811,-0.0038724945403679155,-0.012826896129873935,-0.009879527708821305,-0.01198947367025138
2013-11-04,0.000637040920862679,0.000637040920862679,0.0006171996510214092,0.007840170401320587,0.007840170401320587,0.007820329131479316,-0.0034436879122056526,-0.0034436879122056526,-0.0034635291820469226,-0.0005749774530301724,-0.0005749774530301724,-0.0005948187228714422,-0.0027534642407136666,-0.0027534642407136666,-0.0027733055105549367
2013-11-05,0.010340276108143314,0.010340276108143314,0.010320434838302044,-0.011177050041292469,-0.011177050041292469,-0.011196891311133739,-0.008567686506362552,-0.008567686506362552,-0.008587527776203823,-0.012662475419277716,-0.012662475419277716,-0.012682316689118987,-0.006577869726565585,-0.006577869726565585,-0.006597710996406854
2013-11-06,-0.009453980064839041,-0.009453980064839041,-0.009473821334680312,0.0024479900318199028,0.0024479900318199028,0.0024281487619786327,-0.003575234882015016,-0.003575234882015016,-0.0035950761518562862,-0.004427654942831365,-0.004427654942831365,-0.004447496212672634,-0.003254478338327321,-0.003254478338327321,-0.003274319608168591
2013-11-07,-0.015243596478978978,-0.015243596478978978,-0.015263437748820248,0.0010295481457166021,0.0010295481457166021,0.0010097068758753323,0.00522965754931103,0.00522965754931103,0.005209816279469761,0.003320465489254108,0.003320465489254108,0.003300624219412838,0.0016126387641921714,0.0016126387641921714,0.0015927974943509015
2013-11-08,0.01953441012446863,0.01953441012446863,0.019514568854627358,-0.017519525654779343,-0.017519525654779343,-0.017539366924620613,-0.009976726200858776,-0.009976726200858776,-0.009996567470700046,-0.018924391582815576,-0.018924391582815576,-0.018944232852656846,-0.002512436268815512,-0.002512436268815512,-0.002532277538656782
2013-11-11,0.001849002666326282,0.001849002666326282,0.001829161396485012,-0.0029881949263720897,-0.0029881949263720897,-0.0030080361962133598,-5.649431246722807e-05,-5.649431246722807e-05,-7.633558230849791e-05,-0.0007861749107189467,-0.0007861749107189467,-0.0008060161805602165,-0.00023055243671759196,-0.00023055243671759196,-0.0002503937065588618
2013-11-12,0.007347640871491676,0.007347640871491676,0.007327799601650406,-0.003317029225998866,-0.003317029225998866,-0.003336870495840136,0.002617642243189333,0.002617642243189333,0.002597800973348063,-0.0033027963175687337,-0.0033027963175687337,-0.0033226375874100037,0.0008530495446572523,0.0008530495446572523,0.0008332082748159825
2013-11-13,0.0077360660857109,0.0077360660857109,0.00771622481586963,-0.00457289153161687,-0.00457289153161687,-0.00459273280145814,-0.013692652579643354,-0.013692652579643354,-0.013712493849484624,-0.009365571236386549,-0.009365571236386549,-0.00938541250622782,-0.011697779499017501,-0.011697779499017501,-0.011717620768858772
2013-11-14,0.0009682417242729067,0.0009682417242729067,0.0009484004544316369,0.0012350274218212234,0.0012350274218212234,0.0012151861519799536,0.0002451106267214535,0.0002451106267214535,0.00022526935688018364,0.0011522225423187106,0.0011522225423187106,0.0011323812724774408,0.003561193087067568,0.003561193087067568,0.003541351817226298
2013-11-15,-0.006321182290478733,-0.006321182290478733,-0.0063410235603200025,0.0014074623574887074,0.0014074623574887074,0.0013876210876474376,0.007103022320851018,0.007103022320851018,0.0070831810510097485,0.005837164997397281,0.005837164997397281,0.005817323727556011,0.009128113665868269,0.009128113665868269,0.009108272396026998
2013-11-18,-0.0041327452665054585,-0.0041327452665054585,-0.004152586536346728,-0.0011820184823385592,-0.0011820184823385592,-0.001201859752179829,-0.0006702978876161657,-0.0006702978876161657,-0.0006901391574574355,-0.0003985704631198685,-0.0003985704631198685,-0.00041841173296113833,-0.0023091731811479975,-0.0023091731811479975,-0.0023290144509892675
2013-11-19,-0.014172135151067149,-0.014172135151067149,-0.01419197642090842,-0.0006012174885262477,-0.0006012174885262477,-0.0006210587583675175,0.0071969675505176925,0.0071969675505176925,0.007177126280676423,0.006888649967206247,0.006888649967206247,0.006868808697364977,0.012406251793248326,0.012406251793248326,0.012386410523407056
2013-11-20,0.006006167377513867,0.006006167377513867,0.0059863261076725975,-0.007158192161393762,-0.007158192161393762,-0.0071780334312350315,-0.004147247712293061,-0.004147247712293061,-0.004167088982134331,-0.006055668037340978,-0.006055668037340978,-0.006075509307182247,-0.0016093363826788067,-0.0016093363826788067,-0.0016291776525200765
2013-11-21,0.012433698801922894,0.012433698801922894,0.012413857532081624,-0.005502873808500236,-0.005502873808500236,-0.005522715078341505,-0.004233550606931214,-0.004233550606931214,-0.004253391876772483,-0.006300049704560567,-0.006300049704560567,-0.006319890974401837,-0.0007468018185847365,-0.0007468018185847365,-0.0007666430884260063
2013-11-22,0.01869604770767838,0.01869604770767838,0.01867620643783711,-0.007573780417390275,-0.007573780417390275,-0.007593621687231544,-0.005151702003314825,-0.005151702003314825,-0.005171543273156095,-0.014658172442914504,-0.014658172442914504,-0.014678013712755775,-0.004498736051650845,-0.004498736051650845,-0.004518577321492114
2013-11-25,0.0017034075494508638,0.0017034075494508638,0.001683566279609594,-0.0008343443034067925,-0.0008343443034067925,-0.0008541855732480623,-0.004261743738468365,-0.004261743738468365,-0.004281585008309634,-0.003349218837091155,-0.003349218837091155,-0.003369060106932425,-0.005078969658885166,-0.005078969658885166,-0.005098810928726436
2013-11-26,0.0013797252108764537,0.0013797252108764537,0.001359883941035184,-0.0028311842270543524,-0.0028311842270543524,-0.0028510254968956224,-0.0032679718073571704,-0.0032679718073571704,-0.0032878130771984405,-0.00203381547647774,-0.00203381547647774,-0.00205365674631901,-0.002087379363955493,-0.002087379363955493,-0.002107220633796763
2013-11-27,-7.889300025379613e-05,-7.889300025379613e-05,-9.873427009506598e-05,0.0005967182569866093,0.0005967182569866093,0.0005768769871453395,-0.002331211058387917,-0.002331211058387917,-0.002351052328229187,0.0027116822031074176,0.0027116822031074176,0.0026918409332661476,-0.002619962914571418,-0.002619962914571418,-0.002639804184412688
2013-11-29,-0.005209649376016084,-0.005209649376016084,-0.0052294906458573535,-0.0024290728418852455,-0.0024290728418852455,-0.0024489141117265156,0.0033312745325302547,0.0033312745325302547,0.0033114332626889846,0.0007337733261701925,0.0007337733261701925,0.0007139320563289227,0.001095341387946007,0.001095341387946007,0.0010755001181047372
2013-12-02,0.010326128830919112,0.011569372074162355,0.01067083598058893,-0.008409202549153798,-0.005935518338627482,-0.00832192686757528,-0.0057253474166311605,-0.002777978995578529,-0.0048826118989254595,-0.007401411285847788,-0.0044540428647951566,-0.006555019941030475,-0.0060651061433536525,-0.003117737722301021,-0.005224303245595458
2013-12-03,-0.00893214463575008,-0.00893214463575008,-0.008951985905591351,0.00446616708411527,0.00446616708411527,0.004446325814274001,0.0069683930403285355,0.0069683930403285355,0.006948551770487266,0.007401872682645647,0.007401872682645647,0.007382031412804377,0.006079195355046815,0.006079195355046815,0.006059354085205545
2013-12-04,-0.004732678598316798,-0.004732678598316798,-0.004752519868158067,-0.003817189257797386,-0.003817189257797386,-0.0038370305276386562,-0.005778316052683546,-0.005778316052683546,-0.005798157322524816,-0.0024764610660014262,-0.0024764610660014262,-0.0024963023358426963,-0.0016530788710496249,-0.0016530788710496249,-0.0016729201408908947
2013-12-05,-0.000554037600436642,-0.000554037600436642,-0.0005738788702779118,1.338951411714983e-05,1.338951411714983e-05,-6.4517557241200116e-06,-0.0010170448705870755,-0.0010170448705870755,-0.0010368861404283453,0.0003870489635734121,0.0003870489635734121,0.0003672076937321423,0.0004964778989869062,0.0004964778989869062,0.0004766366291456364
2013-12-06,0.006241878042718414,0.006241878042718414,0.0062220367728771445,-0.002772329841053847,-0.002772329841053847,-0.002792171110895117,-0.002218644616656764,-0.002218644616656764,-0.002238485886498034,-0.0019144019407949457,-0.0019144019407949457,-0.0019342432106362155,-0.005328544099370168,-0.005328544099370168,-0.005348385369211437
2013-12-09,-0.004319562003457358,-0.004319562003457358,-0.004339403273298628,0.0013671597465404676,0.0013671597465404676,0.0013473184766991978,0.0022635828385756396,0.0022635828385756396,0.0022437415687343695,0.004048547153260459,0.004048547153260459,0.004028705883419189,-0.003628635507234494,-0.003628635507234494,-0.003648476777075764
2013-12-10,0.0021638902621968405,0.0021638902621968405,0.0021440489923555705,-0.004474757213554322,-0.004474757213554322,-0.004494598483395592,-0.0033112341447771657,-0.0033112341447771657,-0.0033310754146184357,-0.006074672220500638,-0.006074672220500638,-0.006094513490341908,-0.0012251980839547093,-0.0012251980839547093,-0.0012450393537959791
2013-12-11,-0.006167573674626825,-0.006167573674626825,-0.0061874149444680945,-0.002852906720921117,-0.002852906720921117,-0.002872747990762387,0.002007395433831944,0.002007395433831944,0.001987554163990674,0.0037901409274140913,0.0037901409274140913,0.0037702996575728212,0.00414743123726663,0.00414743123726663,0.00412758996742536
2013-12-12,0.010923016544894838,0.010923016544894838,0.010903175275053568,-0.004856027290760217,-0.004856027290760217,-0.0048758685606014865,-0.008996420363363086,-0.008996420363363086,-0.009016261633204356,-0.0074937042184143815,-0.0074937042184143815,-0.007513545488255651,-0.00912937475840691,-0.00912937475840691,-0.00914921602824818
2013-12-13,0.010036042967548345,0.010036042967548345,0.010016201697707075,-0.00933989346363268,-0.00933989346363268,-0.00935973473347395,-0.007735025824612955,-0.007735025824612955,-0.007754867094454224,-0.005712775646888449,-0.005712775646888449,-0.0057326169167297185,-0.008339211101814034,-0.008339211101814034,-0.008359052371655304
2013-12-16,-0.008216310072675368,-0.008216310072675368,-0.008236151342516639,0.004108547600253903,0.004108547600253903,0.004088706330412633,0.0019139962996672707,0.0019139962996672707,0.0018941550298260008,0.0008042305094089471,0.0008042305094089471,0.0007843892395676772,0.0031168067796036574,0.0031168067796036574,0.0030969655097623874
2013-12-17,0.0005165433983813968,0.0005165433983813968,0.000496702128540127,0.002042056028528723,0.002042056028528723,0.002022214758687453,0.0003337869173937689,0.0003337869173937689,0.0003139456475524991,1.2079939483977177e-05,1.2079939483977177e-05,-7.761330357292665e-06,0.0009193278035111332,0.0009193278035111332,0.0008994865336698634
2013-12-18,-0.005012909137459155,-0.005012909137459155,-0.005032750407300424,0.005393182521174357,0.005393182521174357,0.005373341251333087,0.006588629424783733,0.006588629424783733,0.006568788154942463,0.004654284160053251,0.004654284160053251,0.004634442890211981,-0.004961804081464615,-0.004961804081464615,-0.004981645351305884
2013-12-19,0.0037337259976227962,0.0037337259976227962,0.003713884727781526,-0.005562882447101044,-0.005562882447101044,-0.005582723716942313,-0.003508659004926742,-0.003508659004926742,-0.003528500274768012,-0.003009702032606183,-0.003009702032606183,-0.003029543302447453,0.00231629732298621,0.00231629732298621,0.00229645605314494
2013-12-20,-0.0024271571205932473,-0.0024271571205932473,-0.0024469983904345173,0.0025191719798626747,0.0025191719798626747,0.0024993307100214046,0.00013750713663556726,0.00013750713663556726,0.00011766586679429742,-0.002104105827705085,-0.002104105827705085,-0.002123947097546355,0.0016933807178906117,0.0016933807178906117,0.001673539448049342
2013-12-23,-0.0030633595526761486,-0.0030633595526761486,-0.0030832008225174187,0.005366590995413917,0.005366590995413917,0.005346749725572648,0.0036825673610081052,0.0036825673610081052,0.003662726091166835,0.005405401021293341,0.005405401021293341,0.005385559751452071,-0.001592862959741428,-0.001592862959741428,-0.0016127042295826979
2013-12-24,-0.002804576913857133,-0.002804576913857133,-0.002824418183698403,-9.799403856782321e-05,-9.799403856782321e-05,-0.00011783530840909305,0.0005911450372884596,0.0005911450372884596,0.0005713037674471898,0.0010386842363832906,0.0010386842363832906,0.0010188429665420207,-0.0006342106589291691,-0.0006342106589291691,-0.0006540519287704389
2013-12-26,0.0013178279535527488,0.0013178279535527488,0.001297986683711479,-0.0031937005427298735,-0.0031937005427298735,-0.0032135418125711435,-0.0013172931897875804,-0.0013172931897875804,-0.0013371344596288502,-0.0027554006138717064,-0.0027554006138717064,-0.0027752418837129764,-0.0012057904218969022,-0.0012057904218969022,-0.001225631691738172
2013-12-27,-0.011163790692976032,-0.011163790692976032,-0.011183631962817303,0.0057659126241052135,0.0057659126241052135,0.005746071354263944,0.004783454938195489,0.004783454938195489,0.004763613668354219,0.006961671903685074,0.006961671903685074,0.006941830633843804,0.004788528021501356,0.004788528021501356,0.004768686751660086
2013-12-30,-0.003740436536732053,-0.003740436536732053,-0.003760277806573323,0.005796674547938018,0.005796674547938018,0.005776833278096748,0.0037357463685154975,0.0037357463685154975,0.0037159050986742275,0.004876161333082738,0.004876161333082738,0.004856320063241468,0.0039878030560338085,0.0039878030560338085,0.003967961786192539
2013-12-31,0.00425242003974877,0.00425242003974877,0.0042325787699075005,-0.0006928150747173359,-0.0006928150747173359,-0.0007126563445586057,0.0029815404671061163,0.0029815404671061163,0.0029616991972648463,0.001518525588352202,0.001518525588352202,0.0014986843185109322,-0.0013031169493652956,-0.0013031169493652956,-0.0013229582192065654
2014-01-02,0.0038820348203179485,0.004855007793290921,0.00414799681855855,-0.0009263991448422494,0.0008630745393682767,-0.0004214067657625053,-0.0022121946432172527,0.00047201588309853646,-0.0014781097470023886,-0.0014334329557619385,0.001408672307395956,-0.0006488731566729135,-0.0005262691282532164,0.0017895203454309943,0.00013195666643860016
2014-01-03,0.007019235078336278,0.007019235078336278,0.006999393808495008,-0.0034898206990576623,-0.0034898206990576623,-0.0035096619688989323,0.002229848713391453,0.002229848713391453,0.002210007443550183,0.0008054328679770564,0.0008054328679770564,0.0007855915981357865,-0.0011156395138400652,-0.0011156395138400652,-0.001135480783681335
2014-01-06,-0.0040740618918543815,-0.0040740618918543815,-0.004093903161695651,-0.00047438876048393414,-0.00047438876048393414,-0.000494230030325204,-0.0007099058267812826,-0.0007099058267812826,-0.0007297470966225524,0.0008817499769188953,0.0008817499769188953,0.0008619087070776255,0.0015386638723822088,0.0015386638723822088,0.001518822602540939
2014-01-07,0.0004564592178221945,0.0004564592178221945,0.0004366179479809247,-0.0035627015749205865,-0.0035627015749205865,-0.0035825428447618566,-0.00255749459925489,-0.00255749459925489,-0.00257733586909616,-0.000358386908655955,-0.000358386908655955,-0.0003782281784972248,-0.004655444369669122,-0.004655444369669122,-0.004675285639510391
2014-01-08,0.016970323310911903,0.016970323310911903,0.016950482041070632,-0.0034883576570995593,-0.0034883576570995593,-0.0035081989269408293,0.00348602636468919,0.00348602636468919,0.00346618509484792,-0.0007107829862491616,-0.0007107829862491616,-0.0007306242560904314,0.0003124088357107968,0.0003124088357107968,0.000292567565869527
2014-01-09,0.0045939116541355695,0.0045939116541355695,0.0045740703842943,-0.0031093093760961293,-0.0031093093760961293,-0.0031291506459373993,0.0020711256860105167,0.0020711256860105167,0.0020512844161692466,-0.0016936960162759,-0.0016936960162759,-0.0017135372861171699,0.0007896466711622286,0.0007896466711622286,0.0007698054013209588
2014-01-10,-0.010604079116811205,-0.010604079116811205,-0.010623920386652476,0.011874375132789316,0.011874375132789316,0.011854533862948045,-0.003621580927560846,-0.003621580927560846,-0.003641422197402116,0.0033425789656229762,0.0033425789656229762,0.003322737695781706,-0.000742471626307055,-0.000742471626307055,-0.0007623128961483248
2014-01-13,-0.009666183269943276,-0.009666183269943276,-0.009686024539784547,-0.004015663225215956,-0.004015663225215956,-0.004035504495057226,0.004578509063395836,0.004578509063395836,0.004558667793554566,0.005998701433630086,0.005998701433630086,0.005978860163788817,0.0051375815126453415,0.0051375815126453415,0.005117740242804072
2014-01-14,-0.00708340589381967,-0.00708340589381967,-0.00710324716366094,0.002454415754386152,0.002454415754386152,0.0024345744845448818,0.01095669838091249,0.01095669838091249,0.01093685711107122,0.0008231296689692937,0.0008231296689692937,0.0008032883991280239,0.00466448970192707,0.00466448970192707,0.004644648432085801
2014-01-15,0.0037787576135417875,0.0037787576135417875,0.0037589163437005174,7.887994719823696e-05,7.887994719823696e-05,5.903867735696712e-05,-0.006707912912811594,-0.006707912912811594,-0.006727754182652863,0.0025131480123403833,0.0025131480123403833,0.0024933067424991132,-0.009591993312503504,-0.009591993312503504,-0.009611834582344774
2014-01-16,-0.015151666077369686,-0.015151666077369686,-0.015171507347210957,0.006129575221673452,0.006129575221673452,0.0061097339518321825,-0.003371542952686917,-0.003371542952686917,-0.003391384222528187,0.0029314993681227,0.0029314993681227,0.00291165809828143,-0.0025864509972392444,-0.0025864509972392444,-0.0026062922670805145
2014-01-17,-0.005550737225024308,-0.005550737225024308,-0.005570578494865578,-0.00035876843279918877,-0.00035876843279918877,-0.0003786097026404586,-0.0009038121305482874,-0.0009038121305482874,-0.0009236534003895572,0.002872760022864217,0.002872760022864217,0.002852918753022947,-0.00030095164625000385,-0.00030095164625000385,-0.00032079291609127367
2014-01-21,0.0028047506973076577,0.0028047506973076577,0.0027849094274663877,0.004231846708131531,0.004231846708131531,0.004212005438290261,-0.001854270900519735,-0.001854270900519735,-0.0018741121703610049,0.003338054332477957,0.003338054332477957,0.003318213062636687,0.006032857147607974,0.006032857147607974,0.006013015877766705
2014-01-22,0.00746363782103693,0.00746363782103693,0.00744379655119566,6.71953659309839e-05,6.71953659309839e-05,4.735409608971406e-05,0.0022817615384558756,0.0022817615384558756,0.0022619202686146055,-0.003952745929084309,-0.003952745929084309,-0.003972587198925579,0.00359532279069552,0.00359532279069552,0.00357548152085425
2014-01-23,-0.0017011692554177761,-0.0017011692554177761,-0.001721010525259046,0.006702128321473944,0.006702128321473944,0.006682287051632674,-0.005484228836632453,-0.005484228836632453,-0.005504070106473723,-0.0004871368401329042,-0.0004871368401329042,-0.000506978109974174,-0.0059746029342023855,-0.0059746029342023855,-0.005994444204043655
2014-01-24,-0.009302473371591055,-0.009302473371591055,-0.009322314641432326,-0.0005102057715313047,-0.0005102057715313047,-0.0005300470413725745,-0.003529184576484539,-0.003529184576484539,-0.003549025846325809,0.00033689321095776515,0.00033689321095776515,0.00031705194111649533,-0.0004906356870874827,-0.0004906356870874827,-0.0005104769569287525
2014-01-27,-0.007214027505132472,-0.007214027505132472,-0.0072338687749737415,0.00014896841444619132,0.00014896841444619132,0.00012912714460492147,0.0016078722493663069,0.0016078722493663069,0.001588030979525037,-0.0008145373947270589,-0.0008145373947270589,-0.0008343786645683287,0.004364603115180823,0.004364603115180823,0.0043447618453395535
2014-01-28,0.004305002441097686,0.004305002441097686,0.004285161171256416,0.002481778564616443,0.002481778564616443,0.002461937294775173,0.0014581759195347636,0.0014581759195347636,0.0014383346496934938,0.003129616793084381,0.003129616793084381,0.003109775523243111,-0.0030610284308140194,-0.0030610284308140194,-0.0030808697006552894
2014-01-29,-0.014593684894984856,-0.014593684894984856,-0.014613526164826127,0.007135503057210624,0.007135503057210624,0.007115661787369354,0.0014380138657286799,0.0014380138657286799,0.00141817259588741,0.000584956097052195,0.000584956097052195,0.0005651148272109252,0.005629141497005047,0.005629141497005047,0.005609300227163778
2014-01-30,0.014227012032998844,0.014227012032998844,0.014207170763157573,-0.000744841361707014,-0.000744841361707014,-0.0007646826315482839,0.0028201016867866325,0.0028201016867866325,0.0028002604169453625,-0.0008632924732737781,-0.0008632924732737781,-0.0008831337431150479,0.0007205141423502155,0.0007205141423502155,0.0007006728725089457
2014-01-31,-0.0005845051292374757,-0.0005845051292374757,-0.0006043463990787455,-0.0038355663895863353,-0.0038355663895863353,-0.0038554076594276053,-0.008737755717671068,-0.008737755717671068,-0.008757596987512339,-0.005420589256263488,-0.005420589256263488,-0.005440430526104757,-0.006613835108306827,-0.006613835108306827,-0.006633676378148097
2014-02-03,-0.012148389840841343,-0.011358916156630816,-0.011962108051034887,0.0034044592490465896,0.005614985564836063,0.0031313325314710006,0.00018166466967352649,0.0027606120380945787,0.0008916220774375578,0.002806583487187983,0.005490794013503772,0.002690388095780816,0.00014799325308896593,0.0028322037794047553,0.0009109734906502605
2014-02-04,-0.001182318526686496,-0.001182318526686496,-0.0012021597965277658,0.005280732794710956,0.005280732794710956,0.005260891524869686,0.004805667968194221,0.004805667968194221,0.004785826698352952,0.0027704028429722553,0.0027704028429722553,0.0027505615731309853,-0.0029970450250749563,-0.0029970450250749563,-0.0030168862949162263
2014-02-05,0.003711890571709215,0.003711890571709215,0.003692049301867945,-0.006802103315704831,-0.006802103315704831,-0.0068219445855461,-0.0032540920067223107,-0.0032540920067223107,-0.0032739332765635808,-0.004578326117643186,-0.004578326117643186,-0.004598167387484455,-0.000934491926757705,-0.000934491926757705,-0.0009543331965989749
2014-02-06,0.0025183045881026845,0.0025183045881026845,0.0024984633182614144,-0.0014661474309671523,-0.0014661474309671523,-0.001485988700808422,-0.00964752637538153,-0.00964752637538153,-0.0096673676452228,0.0015339271034007329,0.0015339271034007329,0.001514085833559463,-0.01025408094489521,-0.01025408094489521,-0.01027392221473648
2014-02-07,0.018110886793341358,0.018110886793341358,0.018091045523500087,-0.007782512360323843,-0.007782512360323843,-0.0078023536301651125,0.0027283423634781837,0.0027283423634781837,0.0027085010936369136,-0.0039075166833414735,-0.0039075166833414735,-0.003927357953182743,0.0004934342362688318,0.0004934342362688318,0.000473592966427562
2014-02-10,-0.005720919301349787,-0.005720919301349787,-0.005740760571191056,0.00792846664341594,0.00792846664341594,0.00790862537357467,0.006895759164513144,0.006895759164513144,0.006875917894671874,0.007264375078297285,0.007264375078297285,0.007244533808456016,0.006025103662056768,0.006025103662056768,0.006005262392215499
2014-02-11,-0.0009305138252420934,-0.0009305138252420934,-0.0009503550950833632,0.002706358066035845,0.002706358066035845,0.002686516796194575,0.00952909243266143,0.00952909243266143,0.00950925116282016,0.008272106089655834,0.008272106089655834,0.008252264819814564,0.0052127240964075445,0.0052127240964075445,0.005192882826566275
2014-02-12,0.003244098177344503,0.003244098177344503,0.003224256907503233,-0.00010235558580338078,-0.00010235558580338078,-0.00012219685564465063,0.0003092327682003934,0.0003092327682003934,0.00028939149835912356,0.0020916366527833456,0.0020916366527833456,0.0020717953829420756,0.0014934728660094291,0.0014934728660094291,0.0014736315961681593
2014-02-13,0.0049455403990098104,0.0049455403990098104,0.004925699129168541,0.0003710647566793823,0.0003710647566793823,0.0003512234868381125,-0.00229117719192019,-0.00229117719192019,-0.00231101846176146,0.00013917766428410937,0.00013917766428410937,0.00011933639444283953,0.0017732170360224538,0.0017732170360224538,0.001753375766181184
2014-02-14,-0.006289924926125807,-0.006289924926125807,-0.006309766195967076,-0.0012731172895157432,-0.0012731172895157432,-0.001292958559357013,0.00010906563936295373,0.00010906563936295373,8.92243695216839e-05,0.0010885940483641731,0.0010885940483641731,0.0010687527785229033,0.0005032057357733583,0.0005032057357733583,0.0004833644659320885
2014-02-18,0.005984686818875747,0.005984686818875747,0.0059648455490344775,0.0010775963691273102,0.0010775963691273102,0.0010577550992860404,0.003826982428976076,0.003826982428976076,0.003807141159134806,0.0034422392177985064,0.0034422392177985064,0.0034223979479572363,0.004586699249895871,0.004586699249895871,0.004566857980054601
2014-02-19,-0.007580497676168628,-0.007580497676168628,-0.007600338946009898,0.008822711296049097,0.008822711296049097,0.008802870026207827,-0.0009823656036510504,-0.0009823656036510504,-0.0010022068734923202,0.00896199532916225,0.00896199532916225,0.00894215405932098,-0.00043375699034908766,-0.00043375699034908766,-0.0004535982601903575
2014-02-20,0.003631956340210363,0.003631956340210363,0.003612115070369093,-0.00038513592055384495,-0.00038513592055384495,-0.00040497719039511476,0.005304867702781248,0.005304867702781248,0.005285026432939978,0.0026293308585952704,0.0026293308585952704,0.0026094895887540004,0.004595171850563493,0.004595171850563493,0.004575330580722224
2014-02-21,0.002859881746550762,0.002859881746550762,0.002840040476709492,-0.003205322896805538,-0.003205322896805538,-0.003225164166646808,-0.0010997770970513849,-0.0010997770970513849,-0.0011196183668926547,-0.0003942013929833187,-0.0003942013929833187,-0.0004140426628245885,-0.0027160220841494814,-0.0027160220841494814,-0.0027358633539907515
2014-02-24,0.0020650856604341092,0.0020650856604341092,0.002045244390592839,0.0080438597597875,0.0080438597597875,0.00802401848994623,0.008821728463176328,0.008821728463176328,0.008801887193335058,0.0059016908015329375,0.0059016908015329375,0.005881849531691668,0.006948543628986699,0.006948543628986699,0.00692870235914543
2014-02-25,0.002268163720109953,0.002268163720109953,0.002248322450268683,-0.00428069157653526,-0.00428069157653526,-0.00430053284637653,0.00702908555872928,0.00702908555872928,0.00700924428888801,0.000930323848192255,0.000930323848192255,0.0009104825783509852,0.007801844627955877,0.007801844627955877,0.007782003358114607
2014-02-26,-0.01035942442201253,-0.01035942442201253,-0.0103792656918538,0.005972477832184437,0.005972477832184437,0.0059526365623431676,-0.0016593565757744878,-0.0016593565757744878,-0.0016791978456157576,0.0035348846615828244,0.0035348846615828244,0.0035150433917415544,-0.0035755106977572223,-0.0035755106977572223,-0.0035953519675984923
2014-02-27,0.00016699565310890699,0.00016699565310890699,0.00014715438326763714,-0.00130360062511987,-0.00130360062511987,-0.0013234418949611398,-0.0007233504522972643,-0.0007233504522972643,-0.0007431917221385341,0.001358090681323438,0.001358090681323438,0.0013382494114821681,-0.0034238208551058556,-0.0034238208551058556,-0.0034436621249471257
2014-02-28,0.0017045284194904485,0.0017045284194904485,0.0016846871496491787,-0.002975216956266306,-0.002975216956266306,-0.002995058226107576,-0.0014395686831694204,-0.0014395686831694204,-0.0014594099530106902,-0.005193301845360481,-0.005193301845360481,-0.005213143115201751,0.0030360024630772748,0.0030360024630772748,0.0030161611932360047
2014-03-03,-0.0017118054177456174,-0.0007644369966929857,-0.0015117251864735957,-0.0019414656832289238,0.00016379747466581298,-0.001401167764423002,-0.0033723976608483336,-0.0009513450292693865,-0.0027432268396911205,-0.001354821249574564,0.0011714945398991203,-0.0006928431957318349,-0.0029992699991246686,-5.190157807203794e-05,-0.002218815883223411
2014-03-04,0.0127357979068492,0.0127357979068492,0.01271595663700793,-0.005813597383496656,-0.005813597383496656,-0.005833438653337925,0.008355112950136879,0.008355112950136879,0.008335271680295608,-0.0016793246808067773,-0.0016793246808067773,-0.0016991659506480471,0.006019095251559712,0.006019095251559712,0.005999253981718442
2014-03-05,0.004359182085095579,0.004359182085095579,0.004339340815254309,-0.0011714090622729652,-0.0011714090622729652,-0.001191250332114235,-0.008222180596427903,-0.008222180596427903,-0.008242021866269173,-0.005037994020096823,-0.005037994020096823,-0.005057835289938093,-0.003441924959950837,-0.003441924959950837,-0.003461766229792107
2014-03-06,0.00081558178046252,0.00081558178046252,0.0007957405106212502,-0.003249597227775201,-0.003249597227775201,-0.003269438497616471,-0.001398655067649611,-0.001398655067649611,-0.0014184963374908807,-0.0027631412848437955,-0.0027631412848437955,-0.0027829825546850655,0.0033802023079338318,0.0033802023079338318,0.0033603610380925617
2014-03-07,0.0009003660796167848,0.0009003660796167848,0.000880524809775515,-0.00047457194133260195,-0.00047457194133260195,-0.0004944132111738718,-0.0004756644741584742,-0.0004756644741584742,-0.000495505743999744,-4.97139875472554e-05,-4.97139875472554e-05,-6.955525738852524e-05,0.003936446572002936,0.003936446572002936,0.0039166053021616664
2014-03-10,0.001539477837520135,0.001539477837520135,0.0015196365676788653,0.002550676695738788,0.002550676695738788,0.002530835425897518,0.0011172770440005734,0.0011172770440005734,0.0010974357741593036,0.0012879283622758753,0.0012879283622758753,0.0012680870924346055,-0.00014968300641421102,-0.00014968300641421102,-0.00016952427625548086
2014-03-11,0.0014886165087934083,0.0014886165087934083,0.0014687752389521385,-0.0063280832742384895,-0.0063280832742384895,-0.006347924544079759,-0.004886590038197415,-0.004886590038197415,-0.004906431308038685,-0.0070933444038492645,-0.0070933444038492645,-0.007113185673690534,-0.007274309652607315,-0.007274309652607315,-0.007294150922448585
2014-03-12,-0.0072688508998984425,-0.0072688508998984425,-0.007288692169739712,0.007188939817915603,0.007188939817915603,0.007169098548074334,0.008000307334429657,0.008000307334429657,0.007980466064588387,0.01013562931797871,0.01013562931797871,0.010115788048137439,0.00853198315283779,0.00853198315283779,0.008512141882996519
2014-03-13,-0.007301650845949636,-0.007301650845949636,-0.007321492115790905,-0.002231328881208139,-0.002231328881208139,-0.002251170151049409,-0.00655000055801833,-0.00655000055801833,-0.006569841827859599,-0.0034819570200735803,-0.0034819570200735803,-0.0035017982899148503,-0.0021076988713645073,-0.0021076988713645073,-0.0021275401412057774
2014-03-14,-0.0009020038832193156,-0.0009020038832193156,-0.0009218451530605854,0.0033124351260179086,0.0033124351260179086,0.0032925938561766386,-0.0024532916842863895,-0.0024532916842863895,-0.0024731329541276595,0.00108627601650392,0.00108627601650392,0.0010664347466626501,0.0001599867837110934,0.0001599867837110934,0.00014014551386982356
2014-03-17,0.0022817881895135553,0.0022817881895135553,0.0022619469196722853,-0.004030188205037514,-0.004030188205037514,-0.004050029474878784,-0.000331747355523435,-0.000331747355523435,-0.0003515886253647048,-0.003627665144944926,-0.003627665144944926,-0.003647506414786196,-0.0015775778372197468,-0.0015775778372197468,-0.0015974191070610166
2014-03-18,0.0055217688653432795,0.0055217688653432795,0.00550192759550201,0.0001959903433908914,0.0001959903433908914,0.00017614907354962156,-0.0007913979213901314,-0.0007913979213901314,-0.0008112391912314012,-0.0032031806471313146,-0.0032031806471313146,-0.0032230219169725846,-0.0014302357037277184,-0.0014302357037277184,-0.0014500769735689882
2014-03-19,0.005297338000397261,0.005297338000397261,0.005277496730555991,-8.585687571899237e-05,-8.585687571899237e-05,-0.00010569814556026221,0.004069669662312677,0.004069669662312677,0.004049828392471407,-0.0026269261746717392,-0.0026269261746717392,-0.0026467674445130093,0.005309813866181345,0.005309813866181345,0.005289972596340076
2014-03-20,0.002826360785886331,0.002826360785886331,0.002806519516045061,-0.005165056939494662,-0.005165056939494662,-0.005184898209335932,-0.0025383433098141494,-0.0025383433098141494,-0.0025581845796554194,-0.00293293337313093,-0.00293293337313093,-0.0029527746429722002,0.0021636019742032175,0.0021636019742032175,0.0021437607043619474
2014-03-21,-0.015495024407453154,-0.015495024407453154,-0.015514865677294425,0.0003614608624840517,0.0003614608624840517,0.0003416195926427819,-0.016190910355748635,-0.016190910355748635,-0.016210751625589905,-0.0011004425206362686,-0.0011004425206362686,-0.0011202837904775384,-0.0028402835024470326,-0.0028402835024470326,-0.0028601247722883027
2014-03-24,-0.010192002934243834,-0.010192002934243834,-0.010211844204085104,0.004013732552639554,0.004013732552639554,0.003993891282798284,-0.004274284663196252,-0.004274284663196252,-0.004294125933037522,0.0030192948694220665,0.0030192948694220665,0.0029994535995807965,0.0021756258542357,0.0021756258542357,0.00215578458439443
2014-03-25,-0.003993983387950112,-0.003993983387950112,-0.004013824657791381,-0.006329695957422098,-0.006329695957422098,-0.0063495372272633676,-0.0009805035109608329,-0.0009805035109608329,-0.0010003447808021027,0.00018597455293724926,0.00018597455293724926,0.00016613328309597941,-0.003641222758257301,-0.003641222758257301,-0.003661064028098571
2014-03-26,-0.0074566531290527335,-0.0074566531290527335,-0.007476494398894003,0.002970189981128801,0.002970189981128801,0.002950348711287531,-0.007442457896458683,-0.007442457896458683,-0.0074622991662999525,-0.0031681128019664323,-0.0031681128019664323,-0.0031879540718077024,-0.003966542732653877,-0.003966542732653877,-0.003986384002495146
2014-03-27,-0.010157383373965387,-0.010157383373965387,-0.010177224643806658,0.00026684938613504385,0.00026684938613504385,0.00024700811629377404,-0.0004513808250876008,-0.0004513808250876008,-0.00047122209492887063,0.001041376924332044,0.001041376924332044,0.0010215356544907741,0.00016209497992904025,0.00016209497992904025,0.0001422537100877704
2014-03-28,-0.009223323105442674,-0.009223323105442674,-0.009243164375283944,0.006236963475998669,0.006236963475998669,0.0062171222061574,-0.008061703534164586,-0.008061703534164586,-0.008081544804005856,0.004985017654889622,0.004985017654889622,0.0049651763850483525,-0.002025722238122094,-0.002025722238122094,-0.002045563507963364
2014-03-31,0.010692165554731667,0.010692165554731667,0.010672324284890396,-0.004658133002520846,-0.004658133002520846,-0.004677974272362115,0.0018212058580652955,0.0018212058580652955,0.0018013645882240257,-0.0009699727918117096,-0.0009699727918117096,-0.0009898140616529795,-0.003162197793966375,-0.003162197793966375,-0.003182039063807645
2014-04-01,0.010768936240417325,0.011979462556206799,0.011103754271735206,-0.0035161877222628186,-0.0016214508801575553,-0.002977732819877076,-0.002427554971497982,0.0005198134495546495,-0.0015864182504038138,-0.006199546927995894,-0.0033574416648379994,-0.005384409352902445,-0.009247357984307649,-0.0060894632474655435,-0.008343939688772502
2014-04-02,-0.010092260709483892,-0.010092260709483892,-0.010112101979325163,0.011460771924929022,0.011460771924929022,0.011440930655087752,0.012767182229308456,0.012767182229308456,0.012747340959467186,0.016179573203207377,0.016179573203207377,0.016159731933366107,0.011681825169478459,0.011681825169478459,0.011661983899637188
2014-04-03,-0.012498830314768093,-0.012498830314768093,-0.012518671584609363,0.001455668267995109,0.001455668267995109,0.0014358269981538392,-0.0036141025633771424,-0.0036141025633771424,-0.0036339438332184124,-0.0007471242314897862,-0.0007471242314897862,-0.000766965501331056,0.0018056724413316122,0.0018056724413316122,0.0017858311714903424
2014-04-04,-0.019466321858186864,-0.019466321858186864,-0.019486163128028134,0.0013437685027852695,0.0013437685027852695,0.0013239272329439997,-0.002589184869336064,-0.002589184869336064,-0.002609026139177334,0.006982849053596555,0.006982849053596555,0.006963007783755286,0.003920733987096556,0.003920733987096556,0.0039008927172552864
2014-04-07,-0.010903315969738245,-0.010903315969738245,-0.010923157239579515,0.003246881274495879,0.003246881274495879,0.0032270400046546088,-0.001168344220037244,-0.001168344220037244,-0.0011881854898785139,6.95979915258417e-05,6.95979915258417e-05,4.975672168457186e-05,0.004224007833593794,0.004224007833593794,0.004204166563752524
2014-04-08,0.0017384879460298204,0.0017384879460298204,0.0017186466761885506,-0.0009322271604899798,-0.0009322271604899798,-0.0009520684303312496,0.0011487421410138615,0.0011487421410138615,0.0011289008711725917,0.003271849372973718,0.003271849372973718,0.003252008103132448,-0.0018015321525634738,-0.0018015321525634738,-0.0018213734224047436
2014-04-09,0.02428171628999646,0.02428171628999646,0.02426187502015519,-0.005161947891686022,-0.005161947891686022,-0.0051817891615272916,-0.0007600914370973055,-0.0007600914370973055,-0.0007799327069385753,-0.007347676528848226,-0.007347676528848226,-0.007367517798689495,-0.00499232521733238,-0.00499232521733238,-0.00501216648717365
2014-04-10,-0.023863086408037124,-0.023863086408037124,-0.023882927677878394,0.0034673757512414527,0.0034673757512414527,0.0034475344814001827,-0.007777961911233875,-0.007777961911233875,-0.007797803181075144,0.0008983096760076859,0.0008983096760076859,0.0008784684061664161,0.003103523737352233,0.003103523737352233,0.003083682467510963
2014-04-11,-0.00445768164368089,-0.00445768164368089,-0.004477522913522159,-0.004309998006623168,-0.004309998006623168,-0.0043298392764644375,-0.005694224811956658,-0.005694224811956658,-0.005714066081797927,-0.006866050939651145,-0.006866050939651145,-0.006885892209492415,-0.003202701498908132,-0.003202701498908132,-0.003222542768749402
2014-04-14,-0.0034440683106379323,-0.0034440683106379323,-0.0034639095804792023,0.006763835727910385,0.006763835727910385,0.006743994458069115,-0.0007239483777328947,-0.0007239483777328947,-0.0007437896475741646,0.0025134480828298243,0.0025134480828298243,0.0024936068129885543,0.003720508052593325,0.003720508052593325,0.003700666782752055
2014-04-15,-0.0036810122804820226,-0.0036810122804820226,-0.0037008535503232926,-0.002282643384123907,-0.002282643384123907,-0.002302484653965177,-0.002619690575722428,-0.002619690575722428,-0.002639531845563698,-0.004975989329606414,-0.004975989329606414,-0.004995830599447684,-0.00453831181520372,-0.00453831181520372,-0.00455815308504499
2014-04-16,0.012607883221506213,0.012607883221506213,0.012588041951664942,-0.00511078128121043,-0.00511078128121043,-0.0051306225510516995,0.0019991767836539482,0.0019991767836539482,0.001979335513812678,-0.005768301617728691,-0.005768301617728691,-0.005788142887569961,-0.003172474478506986,-0.003172474478506986,-0.003192315748348256
2014-04-17,0.006395228774141281,0.006395228774141281,0.006375387504300011,-0.0007026300102168414,-0.0007026300102168414,-0.0007224712800581112,0.0024676141489880163,0.0024676141489880163,0.0024477728791467463,-0.002102699125963647,-0.002102699125963647,-0.002122540395804917,0.003422995028488692,0.003422995028488692,0.003403153758647422
2014-04-21,0.0075694111013471805,0.0075694111013471805,0.007549569831505911,-0.006846655440543102,-0.006846655440543102,-0.006866496710384372,0.00039775606062924726,0.00039775606062924726,0.00037791479078797745,-0.0026084024854379564,-0.0026084024854379564,-0.0026282437552792265,-0.0005337093119980795,-0.0005337093119980795,-0.0005535505818393494
2014-04-22,0.007193362599890977,0.007193362599890977,0.007173521330049708,0.001883637613421418,0.001883637613421418,0.001863796343580148,0.006365107323614151,0.006365107323614151,0.0063452660537728816,0.004241359609360692,0.004241359609360692,0.004221518339519423,0.004000274741636035,0.004000274741636035,0.003980433471794766
2014-04-23,-0.00578717027536595,-0.00578717027536595,-0.00580701154520722,0.006627354711007412,0.006627354711007412,0.0066075134411661424,0.003912607166044244,0.003912607166044244,0.0038927658962029737,0.003349223985456247,0.003349223985456247,0.003329382715614977,0.007067407374498853,0.007067407374498853,0.007047566104657584
2014-04-24,-0.008209473262870423,-0.008209473262870423,-0.008229314532711694,0.00377283219064586,0.00377283219064586,0.00375299092080459,-0.0038857352488509325,-0.0038857352488509325,-0.0039055765186922025,0.009188354782890765,0.009188354782890765,0.009168513513049495,0.0040844240321426615,0.0040844240321426615,0.004064582762301392
2014-04-25,-0.021716720613343583,-0.021716720613343583,-0.021736561883184853,-0.0023730135534723697,-0.0023730135534723697,-0.0023928548233136397,-0.0004922730151384357,-0.0004922730151384357,-0.0005121142849797056,0.0029556002071685827,0.0029556002071685827,0.0029357589373273127,0.006604993297541049,0.006604993297541049,0.0065851520276997795
2014-04-28,-0.017883624328393903,-0.017883624328393903,-0.017903465598235174,0.005160785443126174,0.005160785443126174,0.005140944173284904,-0.0001026522941391184,-0.0001026522941391184,-0.00012249356398038824,0.002983423793842958,0.002983423793842958,0.002963582524001688,0.0023306233614359107,0.0023306233614359107,0.0023107820915946407
2014-04-29,0.015471658458200404,0.015471658458200404,0.015451817188359133,-0.011049541203804077,-0.011049541203804077,-0.011069382473645348,-0.0054367735738998476,-0.0054367735738998476,-0.005456614843741117,-0.008520342790069704,-0.008520342790069704,-0.008540184059910975,-0.012201304052889002,-0.012201304052889002,-0.012221145322730272
2014-04-30,0.005512894594140031,0.005512894594140031,0.005493053324298762,0.004809966336390263,0.004809966336390263,0.004790125066548993,0.0005188499325782365,0.0005188499325782365,0.0004990086627369667,0.003334237758268013,0.003334237758268013,0.003314396488426743,-0.0033275647389520626,-0.0033275647389520626,-0.0033474060087933326
2014-05-01,-0.006590992406987089,-0.005538360828039721,-0.006851398935626358,0.0006215851273013643,0.00277947986414347,0.0010948678070772857,0.0031463019634432664,0.005672617752916951,0.0038635133638848227,0.006889387869046219,0.009099914184835693,0.007517168908616096,0.003849092130089044,0.006585934235352201,0.004486665294849644
2014-05-02,0.00792313820885572,0.00792313820885572,0.00790329693901445,0.0028224011617513116,0.0028224011617513116,0.0028025598919100415,-0.00431270289622676,-0.00431270289622676,-0.00433254416606803,-0.002263893768045401,-0.002263893768045401,-0.002283735037886671,-0.0042984299361254405,-0.0042984299361254405,-0.00431827120596671
2014-05-05,0.0017745153100181981,0.0017745153100181981,0.0017546740401769283,-0.00714903160158151,-0.00714903160158151,-0.007168872871422779,0.003918545572222493,0.003918545572222493,0.003898704302381223,-0.00596387578668074,-0.00596387578668074,-0.00598371705652201,0.002046313264981059,0.002046313264981059,0.002026471995139789
2014-05-06,-0.0019073538110133447,-0.0019073538110133447,-0.0019271950808546145,0.0016696211973406161,0.0016696211973406161,0.0016497799274993463,-0.0009150773806385739,-0.0009150773806385739,-0.0009349186504798437,-0.0007524541782636547,-0.0007524541782636547,-0.0007722954481049245,0.001307915854055998,0.001307915854055998,0.0012880745842147282
2014-05-07,-0.0029255801954916156,-0.0029255801954916156,-0.0029454214653328857,-0.004247197606968093,-0.004247197606968093,-0.004267038876809363,-0.011929652951490429,-0.011929652951490429,-0.0119494942213317,-0.005160499045875048,-0.005160499045875048,-0.005180340315716318,-0.008851036546805543,-0.008851036546805543,-0.008870877816646814
2014-05-08,-0.0017631784583208984,-0.0017631784583208984,-0.0017830197281621682,0.0026505006761243207,0.0026505006761243207,0.0026306594062830506,-0.0026070632616322182,-0.0026070632616322182,-0.0026269045314734883,-0.001326294611213071,-0.001326294611213071,-0.0013461358810543409,-0.001462641828721002,-0.001462641828721002,-0.0014824830985622718
2014-05-09,0.0023003164252487405,0.0023003164252487405,0.0022804751554074704,0.0039472125000576605,0.0039472125000576605,0.003927371230216391,-0.0019491601718709646,-0.0019491601718709646,-0.0019690014417122347,0.0016309434546339578,0.0016309434546339578,0.001611102184792688,0.0005859853861001363,0.0005859853861001363,0.0005661441162588664
2014-05-12,0.014353348546198654,0.014353348546198654,0.014333507276357384,0.0040720727077199655,0.0040720727077199655,0.004052231437878696,0.00652205645474118,0.00652205645474118,0.00650221518489991,0.006463048283628053,0.006463048283628053,0.006443207013786784,0.000754845097983584,0.000754845097983584,0.0007350038281423142
2014-05-13,-0.0020447590939591457,-0.0020447590939591457,-0.0020646003638004158,-0.0033490825142831683,-0.0033490825142831683,-0.0033689237841244384,-0.0046140921157375005,-0.0046140921157375005,-0.00463393338557877,-0.005746752764059676,-0.005746752764059676,-0.005766594033900945,-0.004330160831449039,-0.004330160831449039,-0.004350002101290309
2014-05-14,-0.008665357912683375,-0.008665357912683375,-0.008685199182524646,-0.0028948541425248627,-0.0028948541425248627,-0.0029146954123661327,0.0011575267796411256,0.0011575267796411256,0.0011376855097998558,-0.0023220648986924538,-0.0023220648986924538,-0.002341906168533724,-0.002366610472778719,-0.002366610472778719,-0.002386451742619989
2014-05-15,-0.007724352262173902,-0.007724352262173902,-0.007744193532015171,0.007379392025443463,0.007379392025443463,0.007359550755602193,-0.0023961124927762726,-0.0023961124927762726,-0.0024159537626175427,0.0018957600495216917,0.0018957600495216917,0.0018759187796804219,0.0036602736274927074,0.0036602736274927074,0.0036404323576514374
2014-05-16,-0.0029306584871005865,-0.0029306584871005865,-0.0029504997569418565,0.0025985424479745916,0.0025985424479745916,0.0025787011781333215,0.001633504197445403,0.001633504197445403,0.0016136629276041331,-0.0007804316267349851,-0.0007804316267349851,-0.000800272896576255,-0.0011518671117620892,-0.0011518671117620892,-0.001171708381603359
2014-05-19,0.013914570151165647,0.013914570151165647,0.013894728881324377,-0.0034095760812127046,-0.0034095760812127046,-0.0034294173510539747,0.0021756125314033033,0.0021756125314033033,0.0021557712615620332,7.468904939118273e-05,7.468904939118273e-05,5.484777954991289e-05,-0.0030271476391379205,-0.0030271476391379205,-0.0030469889089791906
2014-05-20,-0.0013788183639272754,-0.0013788183639272754,-0.0013986596337685453,-0.0051909259514562895,-0.0051909259514562895,-0.005210767221297559,-0.0017733258352330243,-0.0017733258352330243,-0.0017931671050742941,-0.0028782692405176177,-0.0028782692405176177,-0.0028981105103588877,0.0020264053593519286,0.0020264053593519286,0.0020065640895106586
2014-05-21,0.008129418042905914,0.008129418042905914,0.008109576773064644,-0.004376737103779146,-0.004376737103779146,-0.004396578373620416,-0.001320422046398934,-0.001320422046398934,-0.001340263316240204,-0.0025074959565563808,-0.0025074959565563808,-0.002527337226397651,-0.001539556909045971,-0.001539556909045971,-0.0015593981788872408
2014-05-22,-0.00014963174022101963,-0.00014963174022101963,-0.00016947301006228947,0.006348176762110208,0.006348176762110208,0.006328335492268938,0.004865797585941371,0.004865797585941371,0.004845956316100101,0.005407354083611867,0.005407354083611867,0.0053875128137705975,0.004491832328130528,0.004491832328130528,0.004471991058289259
2014-05-23,0.009045768504087726,0.009045768504087726,0.009025927234246455,-0.004489794383138747,-0.004489794383138747,-0.004509635652980017,-0.0023717017753661,-0.0023717017753661,-0.00239154304520737,-0.004374601575152264,-0.004374601575152264,-0.004394442844993534,-0.0028944381420799407,-0.0028944381420799407,-0.0029142794119212108
2014-05-27,0.006163700243703393,0.006163700243703393,0.006143858973862123,0.0025793103855143943,0.0025793103855143943,0.0025594691156731243,0.010388046373483653,0.010388046373483653,0.010368205103642383,0.0006692900841216825,0.0006692900841216825,0.0006494488142804127,0.0077307820815894785,0.0077307820815894785,0.007710940811748209
2014-05-28,0.0045833428721320756,0.0045833428721320756,0.004563501602290806,-0.0009793344913339426,-0.0009793344913339426,-0.0009991757611752124,0.0027666973488523175,0.0027666973488523175,0.0027468560790110475,0.00038378524361455495,0.00038378524361455495,0.00036394397377328513,-0.00042388257751688305,-0.00042388257751688305,-0.00044372384735815286
2014-05-29,0.0017229087488890116,0.0017229087488890116,0.0017030674790477417,-0.0005937782597693066,-0.0005937782597693066,-0.0006136195296105765,-0.0024098446667123108,-0.0024098446667123108,-0.002429685936553581,-0.0018182696024464976,-0.0018182696024464976,-0.0018381108722877674,-0.002107905276438384,-0.002107905276438384,-0.002127746546279654
2014-05-30,-0.00354101191664076,-0.00354101191664076,-0.00356085318648203,0.014791548059502065,0.014791548059502065,0.014771706789660794,0.013224775713664923,0.013224775713664923,0.013204934443823653,0.013207886593640984,0.013207886593640984,0.013188045323799713,0.015478263335884854,0.015478263335884854,0.015458422066043583
2014-06-02,0.003553812862423682,0.004816970757160524,0.003875942479392633,-0.0004709363081287967,0.001686958428713309,0.00014351654029729364,-0.0020299537659871684,0.0009174146550654633,-0.001217783422737501,-0.002031318533991213,0.0006528919923245765,-0.00129224404190135,-0.003575979727314648,-0.0005233481483672801,-0.0027316415794634845
2014-06-03,-0.0061065987890401375,-0.0061065987890401375,-0.006126440058881407,-3.722423943721201e-05,-3.722423943721201e-05,-5.706550927848185e-05,-0.001908158547689598,-0.001908158547689598,-0.0019279998175308678,0.0013853827144129109,0.0013853827144129109,0.001365541444571641,-0.0059393427735104625,-0.0059393427735104625,-0.005959184043351732
2014-06-04,0.0009606855514459174,0.0009606855514459174,0.0009408442816046476,0.0031278494720754007,0.0031278494720754007,0.0031080082022341307,-0.0009107884730045319,-0.0009107884730045319,-0.0009306297428458017,0.0011544714319973609,0.0011544714319973609,0.001134630162156091,-0.0025836948956206203,-0.0025836948956206203,-0.0026035361654618903
2014-06-05,-0.0036216871709024373,-0.0036216871709024373,-0.0036415284407437074,0.0033614375656995303,0.0033614375656995303,0.0033415962958582603,-0.0016859084941365792,-0.0016859084941365792,-0.001705749763977849,-0.0003771860236072974,-0.0003771860236072974,-0.0003970272934485672,-4.400965110797444e-05,-4.400965110797444e-05,-6.385092094924428e-05
2014-06-06,0.001254499649168753,0.001254499649168753,0.0012346583793274833,0.003757500927389369,0.003757500927389369,0.003737659657548099,0.0014199165799604837,0.0014199165799604837,0.001400075310119214,0.004993330690078146,0.004993330690078146,0.004973489420236877,0.0018411854676991506,0.0018411854676991506,0.0018213441978578808
2014-06-09,-0.0054340826432886045,-0.0054340826432886045,-0.005453923913129874,0.004186175778528387,0.004186175778528387,0.0041663345086871174,0.0017786811239940768,0.0017786811239940768,0.001758839854152807,0.007589880772404902,0.007589880772404902,0.007570039502563633,0.0012152800269511082,0.0012152800269511082,0.0011954387571098384
2014-06-10,0.0014076745787626455,0.0014076745787626455,0.0013878333089213757,-0.002003536015930849,-0.002003536015930849,-0.002023377285772119,-0.00010433145195525213,-0.00010433145195525213,-0.00012417272179652197,0.0010149853021215365,0.0010149853021215365,0.0009951440322802667,0.003217192856305822,0.003217192856305822,0.003197351586464552
2014-06-11,0.003738271372488964,0.003738271372488964,0.003718430102647694,-0.00022602493828434217,-0.00022602493828434217,-0.000245866208125612,0.0008217918283948595,0.0008217918283948595,0.0008019505585535897,0.0012939588304644303,0.0012939588304644303,0.0012741175606231605,0.002373405702542551,0.002373405702542551,0.002353564432701281
2014-06-12,-0.010282397300492723,-0.010282397300492723,-0.010302238570333994,-0.001957454088326795,-0.001957454088326795,-0.001977295358168065,0.0019942344219475434,0.0019942344219475434,0.0019743931521062734,0.0018324890008130732,0.0018324890008130732,0.0018126477309718034,0.004731221086315183,0.004731221086315183,0.0047113798164739136
2014-06-13,0.006184727364992403,0.006184727364992403,0.006164886095151133,-0.0016660756253708553,-0.0016660756253708553,-0.0016859168952121251,0.003476514707821063,0.003476514707821063,0.003456673437979793,-0.0028425850070282433,-0.0028425850070282433,-0.0028624262768695134,-0.0006288070736432003,-0.0006288070736432003,-0.0006486483434844701
2014-06-16,-0.0007306499631352251,-0.0007306499631352251,-0.0007504912329764949,-0.0005199759257099092,-0.0005199759257099092,-0.000539817195551179,0.0026566229675701824,0.0026566229675701824,0.0026367816977289123,-0.00022522659751971993,-0.00022522659751971993,-0.00024506786736098974,0.0028798559703732333,0.0028798559703732333,0.0028600147005319633
2014-06-17,0.002836363146044527,0.002836363146044527,0.002816521876203257,0.006897194869392115,0.006897194869392115,0.006877353599550846,0.002113980024490378,0.002113980024490378,0.002094138754649108,0.007759898980517372,0.007759898980517372,0.007740057710676102,-0.00022967898207040664,-0.00022967898207040664,-0.00024952025191167645
2014-06-18,0.007407748211845795,0.007407748211845795,0.007387906942004525,-0.0019417422444312862,-0.0019417422444312862,-0.001961583514272556,-0.001197055340315124,-0.001197055340315124,-0.0012168966101563938,-0.004616538279836624,-0.004616538279836624,-0.004636379549677894,-0.003014294146708922,-0.003014294146708922,-0.003034135416550192
2014-06-19,0.0020983519625918387,0.0020983519625918387,0.0020785106927505687,-0.008534317923374656,-0.008534317923374656,-0.008554159193215926,-0.0022151633731438106,-0.0022151633731438106,-0.0022350046429850806,-0.007504190985140981,-0.007504190985140981,-0.0075240322549822505,-0.0008264612930578537,-0.0008264612930578537,-0.0008463025628991235
2014-06-20,0.0018099926344514966,0.0018099926344514966,0.0017901513646102268,-0.0014675688964218762,-0.0014675688964218762,-0.001487410166263146,-0.006140458174301933,-0.006140458174301933,-0.006160299444143202,-0.0009317905383893822,-0.0009317905383893822,-0.000951631808230652,-0.007692539158534871,-0.007692539158534871,-0.0077123804283761406
2014-06-23,-0.00455204513116348,-0.00455204513116348,-0.004571886401004749,0.0027579841364766397,0.0027579841364766397,0.0027381428666353696,-0.0036568370786755396,-0.0036568370786755396,-0.0036766783485168097,0.005004925385038649,0.005004925385038649,0.004985084115197379,-0.001283318327289746,-0.001283318327289746,-0.0013031595971310158
2014-06-24,-0.016850784476729528,-0.016850784476729528,-0.0168706257465708,0.0009102634672394621,0.0009102634672394621,0.0008904221973981923,-0.01237261822695452,-0.01237261822695452,-0.01239245949679579,-0.0020545268371566956,-0.0020545268371566956,-0.0020743681069979657,0.001163897210247625,0.001163897210247625,0.0011440559404063552
2014-06-25,0.01122323633850855,0.01122323633850855,0.01120339506866728,0.0007884154292871568,0.0007884154292871568,0.000768574159445887,0.00413114917555428,0.00413114917555428,0.0041113079057130105,0.003606484499910622,0.003606484499910622,0.003586643230069352,0.0006810548257980546,0.0006810548257980546,0.0006612135559567847
2014-06-26,-0.002213793605722705,-0.002213793605722705,-0.002233634875563975,0.004599986458033232,0.004599986458033232,0.004580145188191963,0.006995950901274778,0.006995950901274778,0.006976109631433508,0.005073654512115096,0.005073654512115096,0.005053813242273827,0.005779307568799075,0.005779307568799075,0.005759466298957805
2014-06-27,-0.0010099187020788792,-0.0010099187020788792,-0.001029759971920149,-0.0016808695975495972,-0.0016808695975495972,-0.001700710867390867,-0.0018332109318963327,-0.0018332109318963327,-0.0018530522017376025,0.0009635091533227106,0.0009635091533227106,0.0009436678834814408,-0.0017658582167316677,-0.0017658582167316677,-0.0017856994865729375
2014-06-30,-0.002968519331597498,-0.002968519331597498,-0.002988360601438768,0.001377693506813747,0.001377693506813747,0.0013578522369724771,-0.0010788507769803246,-0.0010788507769803246,-0.0010986920468215944,9.186890878556573e-05,9.186890878556573e-05,7.202763894429589e-05,0.0004132939157766144,0.0004132939157766144,0.00039345264593534457
2014-07-01,0.008853414711115337,0.009906046290062705,0.009142875165182614,-0.0014362434462551839,0.00040586181690271055,-0.0014971540897025094,-0.005895228676836512,-0.0033162813084154593,-0.005743524713380538,-0.0012384262741878223,0.0011826263573911247,-0.001129312651063381,-0.007864504307678688,-0.005075030623468161,-0.007650283541861002
2014-07-02,-0.0014990359983357705,-0.0014990359983357705,-0.0015188772681770403,-0.0010920329111565742,-0.0010920329111565742,-0.001111874180997844,-0.0025254812011863822,-0.0025254812011863822,-0.0025453224710276522,0.0020493169626971883,0.0020493169626971883,0.0020294756928559182,0.0006268584235604433,0.0006268584235604433,0.0006070171537191735
2014-07-03,-0.0019194128760998538,-0.0019194128760998538,-0.0019392541459411236,0.006300172819890152,0.006300172819890152,0.006280331550048882,0.005018543415885476,0.005018543415885476,0.004998702146044206,0.0046848692780824255,0.0046848692780824255,0.004665028008241156,0.001685161182579743,0.001685161182579743,0.001665319912738473
2014-07-07,-0.008295228660042881,-0.008295228660042881,-0.008315069929884152,-0.011654726750282826,-0.011654726750282826,-0.011674568020124097,-0.014547289832493614,-0.014547289832493614,-0.014567131102334884,-0.01168055440590618,-0.01168055440590618,-0.01170039567574745,-0.011107589469775333,-0.011107589469775333,-0.011127430739616603
2014-07-08,-0.005757326537534789,-0.005757326537534789,-0.005777167807376059,-0.0014564656628273573,-0.0014564656628273573,-0.0014763069326686272,-0.004410829090992853,-0.004410829090992853,-0.004430670360834122,-0.004984771327360726,-0.004984771327360726,-0.005004612597201996,-0.0017188066304959556,-0.0017188066304959556,-0.0017386479003372254
2014-07-09,0.0013812034748193504,0.0013812034748193504,0.0013613622049780806,0.00047691425304285365,0.00047691425304285365,0.00045707298320158383,0.002507540748522786,0.002507540748522786,0.0024876994786815158,0.0008106989335698221,0.0008106989335698221,0.0007908576637285523,0.0007964107569003774,0.0007964107569003774,0.0007765694870591076
2014-07-10,0.001968878101618714,0.001968878101618714,0.0019490368317774444,-0.0060552423065279165,-0.0060552423065279165,-0.006075083576369186,-0.0015628964351623365,-0.0015628964351623365,-0.0015827377050036064,-0.005815833968243098,-0.005815833968243098,-0.0058356752380843676,-0.0033238860501721475,-0.0033238860501721475,-0.0033437273200134176
2014-07-11,0.0010003100258197599,0.0010003100258197599,0.00098046875597849,0.0032378542511860885,0.0032378542511860885,0.0032180129813448185,0.002554084107490531,0.002554084107490531,0.002534242837649261,0.003061355942501059,0.003061355942501059,0.003041514672659789,0.0030461564729211098,0.0030461564729211098,0.0030263152030798397
2014-07-14,0.005903443010584933,0.005903443010584933,0.005883601740743663,-0.001109831941377969,-0.001109831941377969,-0.0011296732112192388,-0.0018762250524943331,-0.0018762250524943331,-0.001896066322335603,-0.001843640581932984,-0.001843640581932984,-0.0018634818517742537,-0.004841422627472718,-0.004841422627472718,-0.004861263897313987
2014-07-15,-0.0015952097738531285,-0.0015952097738531285,-0.0016150510436943983,-0.001790955105007918,-0.001790955105007918,-0.0018107963748491879,-0.0009626891999962298,-0.0009626891999962298,-0.0009825304698374998,-0.0033948588422924733,-0.0033948588422924733,-0.0034147001121337434,-0.0019098753314414681,-0.0019098753314414681,-0.001929716601282738
2014-07-16,-0.0030547019830842936,-0.0030547019830842936,-0.0030745432529255636,-0.0003495020538236864,-0.0003495020538236864,-0.0003693433236649562,0.004519364926089219,0.004519364926089219,0.004499523656247949,0.0015197507215360569,0.0015197507215360569,0.001499909451694787,0.002184294402862973,0.002184294402862973,0.002164453133021703
2014-07-17,-0.006691678551713752,-0.006691678551713752,-0.006711519821555022,-0.0003549698276725798,-0.0003549698276725798,-0.0003748110975138496,0.0007073446668122425,0.0007073446668122425,0.0006875033969709727,0.0030625438645162997,0.0030625438645162997,0.0030427025946750297,0.0044694979527808345,0.0044694979527808345,0.004449656682939565
2014-07-18,0.0024583055883414507,0.0024583055883414507,0.0024384643185001807,0.0027381549386432816,0.0027381549386432816,0.0027183136688020116,0.0017803524742336552,0.0017803524742336552,0.0017605112043923854,0.001156833989773778,0.001156833989773778,0.0011369927199325082,0.0011405726956726396,0.0011405726956726396,0.0011207314258313698
2014-07-21,-0.0011070255507347104,-0.0011070255507347104,-0.0011268668205759802,0.0006502383916195019,0.0006502383916195019,0.0006303971217782321,0.0004083897721567395,0.0004083897721567395,0.00038854850231546966,0.0002432628389836441,0.0002432628389836441,0.00022342156914237425,0.000169929204033087,0.000169929204033087,0.00015008793419181717
2014-07-22,0.0012255447298372812,0.0012255447298372812,0.0012057034599960114,0.005913636499854523,0.005913636499854523,0.0058937952300132535,0.006585399783091548,0.006585399783091548,0.006565558513250278,0.005424222579747768,0.005424222579747768,0.005404381309906499,0.0057892673567835305,0.0057892673567835305,0.005769426086942261
2014-07-23,0.0011648459369469595,0.0011648459369469595,0.0011450046671056897,0.0016263129353872774,0.0016263129353872774,0.0016064716655460076,0.005774571823912033,0.005774571823912033,0.005754730554070764,0.008322528557191265,0.008322528557191265,0.008302687287349994,0.0036033019979236523,0.0036033019979236523,0.0035834607280823823
2014-07-24,-0.006438009151072942,-0.006438009151072942,-0.006457850420914212,0.008996048993314545,0.008996048993314545,0.008976207723473274,0.006101517551895912,0.006101517551895912,0.006081676282054642,0.006555368581438126,0.006555368581438126,0.006535527311596856,0.0045570326858567,0.0045570326858567,0.004537191416015431
2014-07-25,-0.0005213047444087543,-0.0005213047444087543,-0.0005411460142500241,0.0019584046686833344,0.0019584046686833344,0.0019385633988420645,0.0052182321450865415,0.0052182321450865415,0.005198390875245272,8.46065370444975e-05,8.46065370444975e-05,6.476526720322766e-05,0.0027017322827958172,0.0027017322827958172,0.002681891012954547
2014-07-28,-0.001697623923544351,-0.001697623923544351,-0.0017174651933856207,-0.00502959239012293,-0.00502959239012293,-0.0050494336599641995,-0.006269208055905013,-0.006269208055905013,-0.006289049325746283,-0.0035136945725298043,-0.0035136945725298043,-0.0035335358423710743,-0.003171212118648418,-0.003171212118648418,-0.003191053388489688
2014-07-29,-0.002214587547828579,-0.002214587547828579,-0.002234428817669849,0.013081889582511125,0.013081889582511125,0.013062048312669855,0.009761629075009964,0.009761629075009964,0.009741787805168694,0.015539121167833986,0.015539121167833986,0.015519279897992715,0.005371215209572618,0.005371215209572618,0.005351373939731349
2014-07-30,-0.0036906502072869274,-0.0036906502072869274,-0.0037104914771281974,0.003256063031439885,0.003256063031439885,0.003236221761598615,-0.003696247655938824,-0.003696247655938824,-0.003716088925780094,0.0025237884434672108,0.0025237884434672108,0.0025039471736259407,-0.007359227771839406,-0.007359227771839406,-0.007379069041680676
2014-07-31,-0.00462383611364919,-0.00462383611364919,-0.00464367738349046,0.003791202521145433,0.003791202521145433,0.003771361251304163,-0.0004028477801383825,-0.0004028477801383825,-0.0004226890499796523,-0.0008751868139412382,-0.0008751868139412382,-0.000895028083782508,0.0004553746845930018,0.0004553746845930018,0.000435533414751732
2014-08-01,0.00198874355123328,0.0032519014459701217,0.002287187379889692,-0.008750143058183411,-0.0064869851634465694,-0.008156614870085637,0.0039023022245640777,0.006586512750879867,0.0046132771766985315,-0.004331434038908925,-0.001699855091540504,-0.0035766373869357566,-0.0019445283478719913,0.0011081032310753768,-0.0010722491642007322
2014-08-04,0.003072814936489459,0.003072814936489459,0.003052973666648189,-0.0011416065511710382,-0.0011416065511710382,-0.001161447821012308,0.0018288261609153392,0.0018288261609153392,0.0018089848910740694,-0.0016106616821184568,-0.0016106616821184568,-0.0016305029519597266,0.001981565064375181,0.001981565064375181,0.001961723794533911
2014-08-05,-0.010175282964340882,-0.010175282964340882,-0.010195124234182153,0.01109709567649091,0.01109709567649091,0.01107725440664964,-0.001082663119399179,-0.001082663119399179,-0.0011025043892404487,0.006745972916885734,0.006745972916885734,0.006726131647044465,0.003853004031095046,0.003853004031095046,0.003833162761253776
2014-08-06,-0.003773757755660139,-0.003773757755660139,-0.003793599025501409,0.002130412933635464,0.002130412933635464,0.002110571663794194,-0.00895412536052004,-0.00895412536052004,-0.00897396663036131,-0.0022783550409787028,-0.0022783550409787028,-0.002298196310819973,-0.007032162294948048,-0.007032162294948048,-0.007052003564789318
2014-08-07,0.0012557005903816184,0.0012557005903816184,0.0012358593205403486,-0.0022194296153036537,-0.0022194296153036537,-0.0022392708851449237,-0.00522109548269453,-0.00522109548269453,-0.0052409367525358,-0.0037449680090858813,-0.0037449680090858813,-0.0037648092789271514,-0.002285236052631615,-0.002285236052631615,-0.002305077322472885
2014-08-08,-0.0034163178430132845,-0.0034163178430132845,-0.0034361591128545545,0.003914894274454773,0.003914894274454773,0.0038950530046135026,0.000688136808382971,0.000688136808382971,0.0006682955385417012,0.003047120669626365,0.003047120669626365,0.003027279399785095,0.0010776899968221994,0.0010776899968221994,0.0010578487269809296
2014-08-11,0.0004341671666252514,0.0004341671666252514,0.0004143258967839816,-0.002492776708932399,-0.002492776708932399,-0.002512617978773669,-0.0019417821150944864,-0.0019417821150944864,-0.0019616233849357565,-0.0012407146879250149,-0.0012407146879250149,-0.0012605559577662847,0.00032895461887884087,0.00032895461887884087,0.00030911334903757106
2014-08-12,-0.0003252885321814564,-0.0003252885321814564,-0.00034512980202272624,-0.003226240961365718,-0.003226240961365718,-0.003246082231206988,-0.0044147111350190645,-0.0044147111350190645,-0.004434552404860334,-0.0026716237967013834,-0.0026716237967013834,-0.0026914650665426534,-0.0028296367162598825,-0.0028296367162598825,-0.0028494779861011526
2014-08-13,0.00847477027461165,0.00847477027461165,0.00845492900477038,-0.0027815731360964777,-0.0027815731360964777,-0.0028014144059377477,0.004940640496468339,0.004940640496468339,0.0049207992266270695,-0.00029247244933293604,-0.00029247244933293604,-0.00031231371917420585,-0.001885400860696195,-0.001885400860696195,-0.0019052421305374649
2014-08-14,-0.0066741370760640475,-0.0066741370760640475,-0.006693978345905317,0.005799988539141295,0.005799988539141295,0.005780147269300025,0.00026260515578787995,0.00026260515578787995,0.0002427638859466101,0.006779754006073831,0.006779754006073831,0.006759912736232562,0.0019262813780667586,0.0019262813780667586,0.0019064401082254888
2014-08-15,0.006607498795309661,0.006607498795309661,0.006587657525468391,-0.003963233928287513,-0.003963233928287513,-0.0039830751981287825,0.0007235311672976225,0.0007235311672976225,0.0007036898974563527,0.00559893048210749,0.00559893048210749,0.00557908921226622,0.00034396115493615835,0.00034396115493615835,0.00032411988509488854
2014-08-18,0.0006622147908752863,0.0006622147908752863,0.0006423735210340165,0.0025084062909191355,0.0025084062909191355,0.0024885650210778655,0.0022761607834459584,0.0022761607834459584,0.0022563195136046884,0.0010501155397377145,0.0010501155397377145,0.0010302742698964447,-0.0009743956747620876,-0.0009743956747620876,-0.0009942369446033575
2014-08-19,-0.0002502515104291456,-0.0002502515104291456,-0.00027009278027041543,-0.00029916105872411676,-0.00029916105872411676,-0.0003190023285653866,0.0013368804638166658,0.0013368804638166658,0.001317039193975396,0.0018675341561326022,0.0018675341561326022,0.0018476928862913324,0.0001664248875515948,0.0001664248875515948,0.00014658361771032496
2014-08-20,0.00044899777227751475,0.00044899777227751475,0.00042915650243624493,0.0005036440221785561,0.0005036440221785561,0.0004838027523372863,0.0011659347622902836,0.0011659347622902836,0.0011460934924490138,-0.0009882529468583188,-0.0009882529468583188,-0.0010080942166995886,-0.0012503791653959168,-0.0012503791653959168,-0.0012702204352371866
2014-08-21,-0.005707955915997355,-0.005707955915997355,-0.005727797185838625,-0.004161915574941344,-0.004161915574941344,-0.004181756844782614,0.0011869951081813622,0.0011869951081813622,0.0011671538383400924,-0.0008204783917770916,-0.0008204783917770916,-0.0008403196616183614,0.004242537168618142,0.004242537168618142,0.004222695898776873
2014-08-22,-0.0020801314493075675,-0.0020801314493075675,-0.0020999727191488376,0.00259022581401351,0.00259022581401351,0.00257038454417224,0.0012344141610496637,0.0012344141610496637,0.001214572891208394,0.0024102861571433172,0.0024102861571433172,0.002390444887302047,0.0017300668613656638,0.0017300668613656638,0.001710225591524394
2014-08-25,0.002368959007223351,0.002368959007223351,0.002349117737382081,0.0011674209308208624,0.0011674209308208624,0.0011475796609795926,0.00208458348726282,0.00208458348726282,0.00206474221742155,0.0008915553993012967,0.0008915553993012967,0.0008717141294600269,3.316972153364527e-05,3.316972153364527e-05,1.332845169237543e-05
2014-08-26,0.0010703978982079241,0.0010703978982079241,0.0010505566283666543,0.004134760590230128,0.004134760590230128,0.0041149193203888585,-0.001509900727756983,-0.001509900727756983,-0.0015297419975982527,0.0018271678437517217,0.0018271678437517217,0.0018073265739104519,0.0005137445700556375,0.0005137445700556375,0.0004939033002143677
2014-08-27,-0.004276327114478527,-0.004276327114478527,-0.004296168384319797,0.0010281242023139382,0.0010281242023139382,0.0010082829324726684,-0.00507701697563882,-0.00507701697563882,-0.0050968582454800895,-0.001385375379657015,-0.001385375379657015,-0.0014052166494982847,-0.00692334748505656,-0.00692334748505656,-0.0069431887548978295
2014-08-28,-0.0020901621047339004,-0.0020901621047339004,-0.0021100033745751704,0.005608381088066701,0.005608381088066701,0.005588539818225431,-0.005935977855660381,-0.005935977855660381,-0.005955819125501651,0.0015930432420923621,0.0015930432420923621,0.0015732019722510923,-0.0065088158880971915,-0.0065088158880971915,-0.006528657157938461
2014-08-29,0.004066144652927603,0.004066144652927603,0.004046303383086334,-0.0009922124777169404,-0.0009922124777169404,-0.0010120537475582102,-0.0021479012478130034,-0.0021479012478130034,-0.0021677425176542735,-0.0010763671829562076,-0.0010763671829562076,-0.0010962084527974775,-0.002470404657715647,-0.002470404657715647,-0.002490245927556917
2014-09-02,0.001694467734549385,0.003220783524023069,0.002124602863268757,-0.002332434558312485,-0.00022717140041774852,-0.001733164647041239,0.001198274936564664,0.0040403801997225585,0.0019526560053833447,0.005026028176859975,0.008078659755807342,0.005845840554146571,-0.0024714504773210694,0.0006864442595210363,-0.0015654169766835268
2014-09-03,0.0010335045969504465,0.0010335045969504465,0.0010136633271091767,-0.005077781749342696,-0.005077781749342696,-0.005097623019183966,0.00257546273483428,0.00257546273483428,0.00255562146499301,-0.004249303454902402,-0.004249303454902402,-0.004269144724743671,0.0015684392892652374,0.0015684392892652374,0.0015485980194239676
2014-09-04,-0.008644689648463093,-0.008644689648463093,-0.008664530918304363,0.00474537268978318,0.00474537268978318,0.00472553141994191,0.0006048316042532719,0.0006048316042532719,0.0005849903344120021,0.0049749706602327005,0.0049749706602327005,0.004955129390391431,0.006667984108389445,0.006667984108389445,0.0066481428385481755
2014-09-05,0.000924867265546972,0.000924867265546972,0.0009050259957057022,-0.00458351746364442,-0.00458351746364442,-0.00460335873348569,-0.0004955796943540483,-0.0004955796943540483,-0.0005154209641953181,-0.004346480457350653,-0.004346480457350653,-0.004366321727191922,-0.0034170226401867548,-0.0034170226401867548,-0.003436863910028025
2014-09-08,0.0038519909381626977,0.0038519909381626977,0.0038321496683214277,0.002354825929573151,0.002354825929573151,0.002334984659731881,0.003149932405944601,0.003149932405944601,0.003130091136103331,0.005535181761706339,0.005535181761706339,0.005515340491865069,0.0033220618376371544,0.0033220618376371544,0.0033022205677958843
2014-09-09,-0.0013040372438390077,-0.0013040372438390077,-0.0013238785136802775,-0.001696218614482393,-0.001696218614482393,-0.0017160598843236627,-0.0013210560545661137,-0.0013210560545661137,-0.0013408973244073835,-0.004226700837937983,-0.004226700837937983,-0.004246542107779252,0.0005772336880542848,0.0005772336880542848,0.000557392418213015
2014-09-10,0.0030097004816869366,0.0030097004816869366,0.0029898592118456665,-0.0003621999538564577,-0.0003621999538564577,-0.0003820412236977275,-0.0005797555203171175,-0.0005797555203171175,-0.0005995967901583873,-0.0024038880976911354,-0.0024038880976911354,-0.0024237293675324055,-0.0021329853983356765,-0.0021329853983356765,-0.0021528266681769465
2014-09-11,-0.0027377652938886973,-0.0027377652938886973,-0.0027576065637299673,0.0013569007626316476,0.0013569007626316476,0.0013370594927903778,-0.0011911368794314833,-0.0011911368794314833,-0.0012109781492727532,-0.0007717485647663876,-0.0007717485647663876,-0.0007915898346076574,-0.00016275946506283997,-0.00016275946506283997,-0.0001826007349041098
2014-09-12,-0.005446354753912781,-0.005446354753912781,-0.00546619602375405,-0.0012389718870858507,-0.0012389718870858507,-0.0012588131569271205,0.0029517964258332554,0.0029517964258332554,0.0029319551559919854,0.003036484490172554,0.003036484490172554,0.003016643220331284,0.0054965067929504015,0.0054965067929504015,0.005476665523109132
2014-09-15,-0.008485072014005723,-0.008485072014005723,-0.008504913283846994,-0.0004601166288843438,-0.0004601166288843438,-0.0004799578987256136,-0.0028379484306143062,-0.0028379484306143062,-0.0028577897004555763,-0.0058894126200882,-0.0058894126200882,-0.005909253889929469,-0.005977542479760867,-0.005977542479760867,-0.005997383749602137
2014-09-16,0.007649828970116311,0.007649828970116311,0.0076299877002750415,-0.003544214903502172,-0.003544214903502172,-0.003564056173343442,-0.001397004342821558,-0.001397004342821558,-0.0014168456126628277,-0.0055438173923134295,-0.0055438173923134295,-0.005563658662154699,-0.0012914812447601112,-0.0012914812447601112,-0.001311322514601381
2014-09-17,0.0026483261609803917,0.0026483261609803917,0.0026284848911391216,-0.002969365645319323,-0.002969365645319323,-0.002989206915160593,-0.0012863023677662337,-0.0012863023677662337,-0.0013061436376075035,-0.0021949033399251373,-0.0021949033399251373,-0.0022147446097664073,-0.0024455678963447255,-0.0024455678963447255,-0.0024654091661859955
2014-09-18,0.001949349663439091,0.001949349663439091,0.0019295083935978211,-0.0043053798817445435,-0.0043053798817445435,-0.004325221151585813,0.0020625633344920065,0.0020625633344920065,0.0020427220646507364,-0.0006014410664948598,-0.0006014410664948598,-0.0006212823363361296,-0.0011318619351639403,-0.0011318619351639403,-0.00115170320500521
2014-09-19,0.001017514378778985,0.001017514378778985,0.000997673108937715,-0.006316518429310306,-0.006316518429310306,-0.006336359699151576,-0.0016962565098445656,-0.0016962565098445656,-0.0017160977796858354,-0.0052498124077652334,-0.0052498124077652334,-0.005269653677606503,-0.003953493903430425,-0.003953493903430425,-0.0039733351732716944
2014-09-22,-0.005890127665622916,-0.005890127665622916,-0.005909968935464186,-0.005570255398791624,-0.005570255398791624,-0.005590096668632894,0.002765204295614069,0.002765204295614069,0.002745363025772799,-0.0014060900697910684,-0.0014060900697910684,-0.0014259313396323382,-0.0015204728115682342,-0.0015204728115682342,-0.001540314081409504
2014-09-23,0.004227279713444744,0.004227279713444744,0.004207438443603474,0.001599814288777289,0.001599814288777289,0.0015799730189360191,-0.001896074192846054,-0.001896074192846054,-0.0019159154626873238,-0.0007751099659979474,-0.0007751099659979474,-0.0007949512358392172,0.00039056707184815555,0.00039056707184815555,0.00037072580200688573
2014-09-24,0.006804650024862354,0.006804650024862354,0.0067848087550210845,-0.003390560187924216,-0.003390560187924216,-0.003410401457765486,0.003568367404057506,0.003568367404057506,0.003548526134216236,-0.0008871260861951519,-0.0008871260861951519,-0.0009069673560364218,0.000346676014171344,0.000346676014171344,0.00032683474433007416
2014-09-25,-0.003316208062677119,-0.003316208062677119,-0.003336049332518389,0.0012835564055531856,0.0012835564055531856,0.0012637151357119158,0.0023363759754793357,0.0023363759754793357,0.0023165347056380656,0.001172374838154207,0.001172374838154207,0.0011525335683129371,0.002737795813357102,0.002737795813357102,0.002717954543515832
2014-09-26,0.006183532749234344,0.006183532749234344,0.0061636914793930745,-0.002960573207613151,-0.002960573207613151,-0.002980414477454421,0.003329650701315517,0.003329650701315517,0.003309809431474247,-0.0011171793196601094,-0.0011171793196601094,-0.0011370205895013792,-0.00036788691859213985,-0.00036788691859213985,-0.00038772818843340966
2014-09-29,0.001425983075502317,0.001425983075502317,0.0014061418056610473,-0.00496988908971472,-0.00496988908971472,-0.0049897303595559895,-0.004903369508977259,-0.004903369508977259,-0.004923210778818529,-0.005526350491161255,-0.005526350491161255,-0.005546191761002525,-0.002781908903659036,-0.002781908903659036,-0.002801750173500306
2014-09-30,0.0022208755128165663,0.0022208755128165663,0.0022010342429752963,-0.00320158558775829,-0.00320158558775829,-0.00322142685759956,0.007383379905948638,0.007383379905948638,0.007363538636107368,0.004081298205384624,0.004081298205384624,0.004061456935543354,-0.001300736905226746,-0.001300736905226746,-0.0013205781750680158
2014-10-01,-0.010404435183703943,-0.0091412772889671,-0.01008073980732772,-0.00364332897156271,-0.001906486866299552,-0.00340252327056097,-0.010061538479066106,-0.007166801636960843,-0.009512473529402196,-0.006280419659045912,-0.003543577553782755,-0.005745828361507813,-0.00568878267211112,-0.0025308879352690158,-0.005113945330866488
2014-10-02,-0.010015441217432367,-0.010015441217432367,-0.010035282487273638,0.00426028248835074,0.00426028248835074,0.00424044121850947,-0.005537358918412108,-0.005537358918412108,-0.005557200188253377,0.0003658661625626403,0.0003658661625626403,0.00034602489272137047,-0.002123688133450657,-0.002123688133450657,-0.002143529403291927
2014-10-03,0.008527202095593298,0.008527202095593298,0.008507360825752028,-0.004419427818344432,-0.004419427818344432,-0.004439269088185702,0.004231107272730952,0.004231107272730952,0.004211266002889682,-0.001944039448587842,-0.001944039448587842,-0.001963880718429112,0.00033299148168812063,0.00033299148168812063,0.0003131502118468508
2014-10-06,-0.0017898562903373638,-0.0017898562903373638,-0.0018096975601786336,-0.0033002221493771936,-0.0033002221493771936,-0.0033200634192184636,-0.0015046064758765445,-0.0015046064758765445,-0.0015244477457178143,-0.0001468370958111358,-0.0001468370958111358,-0.00016667836565240564,-0.0035981971946655623,-0.0035981971946655623,-0.0036180384645068324
2014-10-07,0.001557292840280701,0.001557292840280701,0.0015374515704394312,-0.002427732565592507,-0.002427732565592507,-0.002447573835433777,-0.002765128560780352,-0.002765128560780352,-0.002784969830621622,-0.008100191805631131,-0.008100191805631131,-0.008120033075472401,-0.0023538639061860605,-0.0023538639061860605,-0.0023737051760273306
2014-10-08,0.0026263766291080614,0.0026263766291080614,0.0026065353592667913,-0.0033967972599315277,-0.0033967972599315277,-0.0034166385297727977,0.002206933446488338,0.002206933446488338,0.002187092176647068,-0.0016249819828323977,-0.0016249819828323977,-0.0016448232526736675,0.0002786027028388151,0.0002786027028388151,0.0002587614329975453
2014-10-09,-0.00897640643538183,-0.00897640643538183,-0.008996247705223101,-0.005617862438214416,-0.005617862438214416,-0.005637703708055685,0.00015163525519765186,0.00015163525519765186,0.00013179398535638202,-0.0072684146078464025,-0.0072684146078464025,-0.007288255877687672,-0.002326992447860703,-0.002326992447860703,-0.002346833717701973
2014-10-10,-0.007406052665465534,-0.007406052665465534,-0.007425893935306804,-0.006045002625419996,-0.006045002625419996,-0.006064843895261266,0.0031766871055203456,0.0031766871055203456,0.0031568458356790756,-0.0005376600910617438,-0.0005376600910617438,-0.0005575013609030136,0.008283632882486201,0.008283632882486201,0.00826379161264493
2014-10-13,-0.02153193056900858,-0.02153193056900858,-0.02155177183884985,0.0020312413661514013,0.0020312413661514013,0.0020114000963101313,-0.003701835479355403,-0.003701835479355403,-0.003721676749196673,-0.0007417954153498226,-0.0007417954153498226,-0.0007616366851910924,-0.006213318770095837,-0.006213318770095837,-0.006233160039937106
2014-10-14,-0.007506681532076155,-0.007506681532076155,-0.007526522801917425,0.008938306582845529,0.008938306582845529,0.008918465313004258,-0.0027027948497210953,-0.0027027948497210953,-0.0027226361195623653,0.0061169488035154075,0.0061169488035154075,0.006097107533674138,-0.00388360986591964,-0.00388360986591964,-0.00390345113576091
2014-10-15,-0.0035966875448779343,-0.0035966875448779343,-0.0036165288147192044,0.006192860094504128,0.006192860094504128,0.006173018824662859,-0.0044199349924581065,-0.0044199349924581065,-0.004439776262299376,0.0027881913039774957,0.0027881913039774957,0.0027683500341362257,-0.0007821158653866729,-0.0007821158653866729,-0.0008019571352279427
2014-10-16,0.011153675522904027,0.011153675522904027,0.011133834253062757,0.008757230575559861,0.008757230575559861,0.008737389305718591,0.008453067851165452,0.008453067851165452,0.008433226581324182,0.017706647869644595,0.017706647869644595,0.017686806599803324,0.015190619703975533,0.015190619703975533,0.015170778434134263
2014-10-17,0.010256224503065558,0.010256224503065558,0.010236383233224287,-0.005037360235399641,-0.005037360235399641,-0.005057201505240911,0.001795919154184702,0.001795919154184702,0.0017760778843434323,-0.011133595750256279,-0.011133595750256279,-0.011153437020097549,-0.002614688959192578,-0.002614688959192578,-0.002634530229033848
2014-10-20,0.011568037286359483,0.011568037286359483,0.011548196016518212,-0.0001416147775259659,-0.0001416147775259659,-0.00016145604736723574,0.0010148980699135949,0.0010148980699135949,0.000995056800072325,0.0002882767557964483,0.0002882767557964483,0.00026843548595517847,-0.0022421964739914695,-0.0022421964739914695,-0.0022620377438327395
2014-10-21,0.007241949151611046,0.007241949151611046,0.007222107881769776,0.00675636520883224,0.00675636520883224,0.00673652393899097,0.005260418473262593,0.005260418473262593,0.005240577203421324,0.007388435784280216,0.007388435784280216,0.007368594514438946,0.0051212069411678916,0.0051212069411678916,0.005101365671326622
2014-10-22,-0.0037721105876087953,-0.0037721105876087953,-0.0037919518574500654,-0.005410062816600584,-0.005410062816600584,-0.005429904086441854,-0.00731938370084779,-0.00731938370084779,-0.00733922497068906,-0.007667006915741386,-0.007667006915741386,-0.007686848185582656,-0.007709483314958976,-0.007709483314958976,-0.007729324584800246
2014-10-23,0.002043916876501055,0.002043916876501055,0.002024075606659785,0.0014825791037637163,0.0014825791037637163,0.0014627378339224465,0.004982843266214537,0.004982843266214537,0.004963001996373268,0.008409351153246916,0.008409351153246916,0.008389509883405645,0.004081336189340516,0.004081336189340516,0.004061494919499246
2014-10-24,0.006944151679816377,0.006944151679816377,0.006924310409975107,-0.0021701274760796397,-0.0021701274760796397,-0.0021899687459209097,0.006198247056292667,0.006198247056292667,0.006178405786451398,0.000991054302670049,0.000991054302670049,0.0009712130328287793,0.002792784277387289,0.002792784277387289,0.002772943007546019
2014-10-27,-0.0024079744231904733,-0.0024079744231904733,-0.0024278156930317434,-0.007575649990916632,-0.007575649990916632,-0.007595491260757902,-0.003882292791702695,-0.003882292791702695,-0.003902134061543965,-0.006287133939942078,-0.006287133939942078,-0.006306975209783347,-0.006389828777683709,-0.006389828777683709,-0.006409670047524979
2014-10-28,0.002549007235360302,0.002549007235360302,0.002529165965519032,0.014915889649940665,0.014915889649940665,0.014896048380099395,0.007524690707885904,0.007524690707885904,0.0075048494380446345,0.014309846751597776,0.014309846751597776,0.014290005481756506,0.00881518084829773,0.00881518084829773,0.008795339578456459
2014-10-29,0.0017170370101298878,0.0017170370101298878,0.001697195740288618,-0.014951605119445165,-0.014951605119445165,-0.014971446389286436,-0.01413302600732176,-0.01413302600732176,-0.01415286727716303,-0.012294182407973496,-0.012294182407973496,-0.012314023677814766,-0.011908438112448978,-0.011908438112448978,-0.011928279382290248
2014-10-30,-0.008309187813283096,-0.008309187813283096,-0.008329029083124367,0.006505300365623572,0.006505300365623572,0.006485459095782302,0.013791742811958349,0.013791742811958349,0.013771901542117078,0.006938265644386262,0.006938265644386262,0.0069184243745449925,0.007826414284521717,0.007826414284521717,0.007806573014680448
2014-10-31,0.010926495939338608,0.010926495939338608,0.010906654669497338,0.0034470408731915635,0.0034470408731915635,0.0034271996033502935,0.004058784723287042,0.004058784723287042,0.004038943453445773,0.004871573868336064,0.004871573868336064,0.004851732598494795,0.003370458104549381,0.003370458104549381,0.003350616834708111
2014-11-03,0.004473227378805783,0.005999543168279468,0.0048974626475653165,-0.009751986613322857,-0.007909881350164962,-0.009233753145455261,0.0014215364763163294,0.0044215364763163295,0.0020998188405183405,-0.006189820772216338,-0.003505610245900549,-0.005487036736910068,-0.0024334766760171333,0.00046126016608813024,-0.0017857286325844947
2014-11-04,0.009176796499396341,0.009176796499396341,0.00915695522955507,-0.017937481585119184,-0.017937481585119184,-0.017957322854960454,0.013905798900209949,0.013905798900209949,0.013885957630368678,-0.008285459747579757,-0.008285459747579757,-0.008305301017421027,-0.006417377609609505,-0.006417377609609505,-0.006437218879450775
2014-11-05,-0.0065800557375979936,-0.0065800557375979936,-0.006599897007439263,0.007802266417398496,0.007802266417398496,0.007782425147557227,0.0001678646303941672,0.0001678646303941672,0.00014802336055289735,0.009093286677497765,0.009093286677497765,0.009073445407656495,0.005654143937711371,0.005654143937711371,0.005634302667870101
2014-11-06,0.010443088024505697,0.010443088024505697,0.010423246754664427,-0.0004211355502488105,-0.0004211355502488105,-0.0004409768200900803,0.013092760207418154,0.013092760207418154,0.013072918937576884,0.007956707436429698,0.007956707436429698,0.007936866166588428,0.016663104700801335,0.016663104700801335,0.016643263430960065
2014-11-07,-0.0013829220939400423,-0.0013829220939400423,-0.0014027633637813122,0.004534493346278289,0.004534493346278289,0.004514652076437019,-0.006637077138893455,-0.006637077138893455,-0.006656918408734724,0.0015027666683204873,0.0015027666683204873,0.0014829253984792175,-0.004533568244261314,-0.004533568244261314,-0.004553409514102584
2014-11-10,0.00906565381484343,0.00906565381484343,0.00904581254500216,-0.0100203193972778,-0.0100203193972778,-0.010040160667119071,0.0021705332174447476,0.0021705332174447476,0.0021506919476034776,-0.008115849958461267,-0.008115849958461267,-0.008135691228302537,-0.004272516071830931,-0.004272516071830931,-0.0042923573416722
2014-11-11,0.0005158224738581093,0.0005158224738581093,0.0004959812040168395,0.0011112487839938787,0.0011112487839938787,0.001091407514152609,-0.004857795097129166,-0.004857795097129166,-0.004877636366970435,-0.0035548685315156658,-0.0035548685315156658,-0.003574709801356936,-0.0021065736779197672,-0.0021065736779197672,-0.0021264149477610373
2014-11-12,-0.004449902495351399,-0.004449902495351399,-0.004469743765192669,0.002962588632413949,0.002962588632413949,0.002942747362572679,-0.00539525904576968,-0.00539525904576968,-0.00541510031561095,-0.0007009922017727878,-0.0007009922017727878,-0.0007208334716140576,-0.004243502727684037,-0.004243502727684037,-0.0042633439975253064
2014-11-13,0.0034214968805927953,0.0034214968805927953,0.0034016556107515253,-0.011121640751838687,-0.011121640751838687,-0.011141482021679958,-0.0034289830305765413,-0.0034289830305765413,-0.0034488243004178114,-0.005918090934237298,-0.005918090934237298,-0.005937932204078567,-0.007612681563146885,-0.007612681563146885,-0.007632522832988154
2014-11-14,-0.005918301621546562,-0.005918301621546562,-0.005938142891387832,0.0065156629151259405,0.0065156629151259405,0.006495821645284671,-0.00993403124957459,-0.00993403124957459,-0.00995387251941586,0.0029447294670991923,0.0029447294670991923,0.0029248881972579223,-0.00044531663209114507,-0.00044531663209114507,-0.0004651579019324149
2014-11-17,0.0021488029991967167,0.0021488029991967167,0.0021289617293554467,-0.002856490693756141,-0.002856490693756141,-0.002876331963597411,0.010623380151590645,0.010623380151590645,0.010603538881749374,0.001231108489238931,0.001231108489238931,0.001211267219397661,0.0012083947630810968,0.0012083947630810968,0.001188553493239827
2014-11-18,0.005165861795577378,0.005165861795577378,0.005146020525736109,0.005490982360006256,0.005490982360006256,0.005471141090164986,-0.001337717846786528,-0.001337717846786528,-0.0013575591166277978,0.001848975019290986,0.001848975019290986,0.0018291337494497162,0.00294049958645581,0.00294049958645581,0.00292065831661454
2014-11-19,-0.0075306154339442235,-0.0075306154339442235,-0.007550456703785493,-0.0009750244683525136,-0.0009750244683525136,-0.0009948657381937834,0.0055999985255576305,0.0055999985255576305,0.005580157255716361,0.0003993592593306678,0.0003993592593306678,0.000379517989489398,0.0009162013347452664,0.0009162013347452664,0.0008963600649039966
2014-11-20,-0.008570166918282244,-0.008570166918282244,-0.008590008188123515,0.010748158073016493,0.010748158073016493,0.010728316803175222,-0.004240504607323584,-0.004240504607323584,-0.004260345877164853,0.007988682764489722,0.007988682764489722,0.007968841494648451,0.0031724819341722612,0.0031724819341722612,0.003152640664330991
2014-11-21,-0.00048613316923160174,-0.00048613316923160174,-0.0005059744390728716,0.0014947548601911363,0.0014947548601911363,0.0014749135903498664,-0.003916801440162324,-0.003916801440162324,-0.003936642710003594,-0.0012878360065616996,-0.0012878360065616996,-0.0013076772764029695,-0.0014158629678458115,-0.0014158629678458115,-0.0014357042376870813
2014-11-24,0.003551422421411532,0.003551422421411532,0.0035315811515702618,-0.00483158760699602,-0.00483158760699602,-0.00485142887683729,-0.0020059078232499555,-0.0020059078232499555,-0.0020257490930912256,-0.005736950119481251,-0.005736950119481251,-0.00575679138932252,-0.004162470789276428,-0.004162470789276428,-0.004182312059117697
2014-11-25,0.0024681136311257693,0.0024681136311257693,0.0024482723612844993,-0.002090689779015711,-0.002090689779015711,-0.002110531048856981,-0.0037482808180949144,-0.0037482808180949144,-0.0037681220879361844,-0.003909665587071233,-0.003909665587071233,-0.003929506856912503,-0.0036884341398986456,-0.0036884341398986456,-0.0037082754097399156
2014-11-26,0.014467190948884379,0.014467190948884379,0.014447349679043108,-0.013154157460704202,-0.013154157460704202,-0.013173998730545472,7.052693061361114e-05,7.052693061361114e-05,5.0685660772341296e-05,-0.00763022663100992,-0.00763022663100992,-0.00765006790085119,-0.007575298592105196,-0.007575298592105196,-0.0075951398619464655
2014-11-28,0.004667938485970728,0.004667938485970728,0.004648097216129458,-0.021354216801105535,-0.021354216801105535,-0.021374058070946805,0.006275484412334218,0.006275484412334218,0.006255643142492949,-0.02454131135212848,-0.02454131135212848,-0.02456115262196975,-0.015512650821633747,-0.015512650821633747,-0.015532492091475017
2014-12-01,0.0013761304684451017,0.0027445515210766805,0.0012131551702167988,-0.010440761072615809,-0.00870391896735265,-0.010497226089935564,0.004980602898844746,0.0077700765830552715,0.005228950404859771,-0.0002141955441651933,0.002627909718992701,5.550695071425044e-05,-0.002362356360012431,0.00042711732419809553,-0.0021144732384246576
2014-12-02,0.006436143450237363,0.006436143450237363,0.0064163021803960935,-0.007583179585062763,-0.007583179585062763,-0.007603020854904032,-0.006160415630851055,-0.006160415630851055,-0.006180256900692325,-0.009428738800889054,-0.009428738800889054,-0.009448580070730324,-0.0038878561944958303,-0.0038878561944958303,-0.0039076974643371
2014-12-03,-0.0045002041726955495,-0.0045002041726955495,-0.004520045442536819,0.019884479661194943,0.019884479661194943,0.019864638391353672,0.001427626655558666,0.001427626655558666,0.0014077853857173961,0.01152305438833373,0.01152305438833373,0.011503213118492459,0.00836658847465632,0.00836658847465632,0.00834674720481505
2014-12-04,0.013714260521174897,0.013714260521174897,0.013694419251333627,-0.0043937648500383805,-0.0043937648500383805,-0.00441360611987965,-0.0007448674965931556,-0.0007448674965931556,-0.0007647087664344254,-0.0068167332663627705,-0.0068167332663627705,-0.00683657453620404,-0.004847469610667015,-0.004847469610667015,-0.004867310880508285
2014-12-05,-4.711180989887612e-05,-4.711180989887612e-05,-6.695307974014596e-05,-0.0092260540338633,-0.0092260540338633,-0.00924589530370457,-0.0015825847898297842,-0.0015825847898297842,-0.001602426059671054,-0.006036440338331529,-0.006036440338331529,-0.006056281608172799,-0.008631994542119617,-0.008631994542119617,-0.008651835811960887
2014-12-08,0.011385019977864671,0.011385019977864671,0.0113651787080234,-0.02498490861256534,-0.02498490861256534,-0.02500474988240661,0.004909412955280162,0.004909412955280162,0.004889571685438893,-0.012133601211308583,-0.012133601211308583,-0.012153442481149853,-0.017876602339526974,-0.017876602339526974,-0.017896443609368245
2014-12-09,-0.007379895940116002,-0.007379895940116002,-0.007399737209957271,0.004294865667020031,0.004294865667020031,0.004275024397178762,-0.003379326758363917,-0.003379326758363917,-0.003399168028205187,0.0030051341935937205,0.0030051341935937205,0.0029852929237524505,0.0033496097866555054,0.0033496097866555054,0.0033297685168142354
2014-12-10,0.012584170693078219,0.012584170693078219,0.012564329423236948,-0.010110106542231536,-0.010110106542231536,-0.010129947812072807,0.008553698006717337,0.008553698006717337,0.008533856736876066,-0.004677492409383486,-0.004677492409383486,-0.004697333679224756,-0.009695431325729755,-0.009695431325729755,-0.009715272595571025
2014-12-11,0.006783753050933695,0.006783753050933695,0.006763911781092425,0.003415245869158955,0.003415245869158955,0.0033954045993176848,0.0037652954726099504,0.0037652954726099504,0.0037454542027686804,0.0014775350133839084,0.0014775350133839084,0.0014576937435426386,0.003277578953386805,0.003277578953386805,0.003257737683545535
2014-12-12,-0.0006069467950999803,-0.0006069467950999803,-0.0006267880649412502,-0.0023953962887127847,-0.0023953962887127847,-0.0024152375585540548,0.0037819265273638454,0.0037819265273638454,0.0037620852575225754,-0.0038926728375035667,-0.0038926728375035667,-0.003912514107344837,0.002672333896034087,0.002672333896034087,0.002652492626192817
2014-12-15,-0.0048519972408647225,-0.0048519972408647225,-0.004871838510705992,-0.006081344520676015,-0.006081344520676015,-0.006101185790517285,-0.005025939166917681,-0.005025939166917681,-0.005045780436758951,-0.007004516099271773,-0.007004516099271773,-0.007024357369113042,-0.010954942213348117,-0.010954942213348117,-0.010974783483189388
2014-12-16,-0.00035481295464634757,-0.00035481295464634757,-0.0003746542244876174,0.010847665162658494,0.010847665162658494,0.010827823892817223,0.01428931441718831,0.01428931441718831,0.01426947314734704,0.0168419222388404,0.0168419222388404,0.01682208096899913,0.017335776984757474,0.017335776984757474,0.017315935714916204
2014-12-17,-0.006529870465911226,-0.006529870465911226,-0.006549711735752496,0.012916284569029952,0.012916284569029952,0.012896443299188681,-0.006817542891872182,-0.006817542891872182,-0.006837384161713452,0.002442510821142224,0.002442510821142224,0.002422669551300954,0.0073646414198194465,0.0073646414198194465,0.007344800149978177
2014-12-18,0.007334466255960072,0.007334466255960072,0.0073146249861188025,-0.005686161926607699,-0.005686161926607699,-0.0057060031964489685,-0.007389600093552411,-0.007389600093552411,-0.007409441363393681,-0.011142793798921267,-0.011142793798921267,-0.011162635068762538,-0.0009326891341570236,-0.0009326891341570236,-0.0009525304039982934
2014-12-19,-0.008990495819146342,-0.008990495819146342,-0.009010337088987613,0.01441362539215394,0.01441362539215394,0.01439378412231267,-0.004428133308634,-0.004428133308634,-0.00444797457847527,0.013344685893671599,0.013344685893671599,0.013324844623830328,0.014482686014592133,0.014482686014592133,0.014462844744750862
2014-12-22,-0.0024700219080896558,-0.0024700219080896558,-0.0024898631779309258,-0.01003462222666167,-0.01003462222666167,-0.01005446349650294,0.005379561021357691,0.005379561021357691,0.005359719751516422,-0.004921390159279153,-0.004921390159279153,-0.004941231429120422,-0.01177948642477354,-0.01177948642477354,-0.01179932769461481
2014-12-23,-0.01325002667943795,-0.01325002667943795,-0.01326986794927922,0.010925803551019934,0.010925803551019934,0.010905962281178664,0.0011941851353644414,0.0011941851353644414,0.0011743438655231716,0.01047774939524164,0.01047774939524164,0.010457908125400369,0.005864117276635044,0.005864117276635044,0.0058442760067937746
2014-12-24,0.012403702352365773,0.012403702352365773,0.012383861082524502,-0.002472838783241502,-0.002472838783241502,-0.002492680053082772,0.002064017063731821,0.002064017063731821,0.002044175793890551,-0.005585785245882456,-0.005585785245882456,-0.005605626515723726,-0.0015134213260409343,-0.0015134213260409343,-0.0015332625958822041
2014-12-26,0.0012877092720326828,0.0012877092720326828,0.001267868002191413,-0.0016253788347089908,-0.0016253788347089908,-0.0016452201045502606,-0.0037744357499709014,-0.0037744357499709014,-0.0037942770198121714,-0.0038855836470664965,-0.0038855836470664965,-0.0039054249169077665,0.0004082890331179826,0.0004082890331179826,0.00038844776327671277
2014-12-29,-0.003106309650009596,-0.003106309650009596,-0.003126150919850866,0.005140802793713007,0.005140802793713007,0.005120961523871737,-0.0031378034824090313,-0.0031378034824090313,-0.0031576447522503014,9.751144453316505e-05,9.751144453316505e-05,7.76701746918952e-05,0.0031864359790894133,0.0031864359790894133,0.0031665947092481433
2014-12-30,-0.0018961271245716118,-0.0018961271245716118,-0.0019159683944128816,0.0030402196011071426,0.0030402196011071426,0.0030203783312658726,0.0027407288874864177,0.0027407288874864177,0.0027208876176451477,0.005375379315582842,0.005375379315582842,0.005355538045741573,0.003478728973932055,0.003478728973932055,0.003458887704090785
2014-12-31,-0.005004238876761781,-0.005004238876761781,-0.00502408014660305,0.005402597098526158,0.005402597098526158,0.005382755828684888,-0.0023428752812698307,-0.0023428752812698307,-0.0023627165511111007,-0.00046354190353034954,-0.00046354190353034954,-0.00048338317337161935,0.0015211991599148734,0.0015211991599148734,0.0015013578900736036
2015-01-02,0.0029648828364254726,0.004070145994320209,0.003229043074180973,-0.0006387573629991245,0.0014138742159482435,-5.6347874959221416e-05,-0.005726214126914279,-0.003305161495335332,-0.0050407072136211305,-0.0037294477400985826,-0.0012557635295722667,-0.003024345579079355,-0.0018199326759227316,0.0004432252188141104,-0.0011805545160911127
2015-01-05,0.014612119456585713,0.014612119456585713,0.014592278186744443,-0.021361166205107595,-0.021361166205107595,-0.021381007474948865,0.011684950159508448,0.011684950159508448,0.011665108889667177,-0.013389937438127702,-0.013389937438127702,-0.013409778707968972,-0.01726886899515691,-0.01726886899515691,-0.017288710264998182
2015-01-06,0.004529482468341574,0.004529482468341574,0.004509641198500305,-0.014171835387768348,-0.014171835387768348,-0.014191676657609618,0.008161026367733247,0.008161026367733247,0.008141185097891976,-0.005088815867733187,-0.005088815867733187,-0.005108657137574457,-0.004695357067962657,-0.004695357067962657,-0.004715198337803927
2015-01-07,0.015345438654879475,0.015345438654879475,0.015325597385038204,-0.01584766040550672,-0.01584766040550672,-0.015867501675347992,0.0047337469006486005,0.0047337469006486005,0.004713905630807331,-0.014574365560353672,-0.014574365560353672,-0.014594206830194942,-0.013688427871505064,-0.013688427871505064,-0.013708269141346334
2015-01-08,-0.0004135432127836524,-0.0004135432127836524,-0.0004333844826249222,0.00483263876070646,0.00483263876070646,0.00481279749086519,-0.0023344674246948563,-0.0023344674246948563,-0.0023543086945361264,-0.00043977206761592344,-0.00043977206761592344,-0.00045961333745719326,0.006411371260714103,0.006411371260714103,0.006391529990872833
2015-01-09,0.005176729142186545,0.005176729142186545,0.005156887872345276,-0.003840931095898149,-0.003840931095898149,-0.003860772365739419,0.00046625872144615346,0.00046625872144615346,0.00044641745160488365,-0.0033893198809756423,-0.0033893198809756423,-0.0034091611508169123,-0.004072069329317397,-0.004072069329317397,-0.004091910599158667
2015-01-12,0.005161154413908639,0.005161154413908639,0.00514131314406737,-0.01847436454713909,-0.01847436454713909,-0.01849420581698036,0.008046497599779535,0.008046497599779535,0.008026656329938264,-0.008671235059177738,-0.008671235059177738,-0.008691076329019009,-0.01675036923757045,-0.01675036923757045,-0.01677021050741172
2015-01-13,0.0030106540350246505,0.0030106540350246505,0.0029908127651833804,-0.003196550490257489,-0.003196550490257489,-0.003216391760098759,0.004613426969339406,0.004613426969339406,0.004593585699498136,-0.0007588587430259416,-0.0007588587430259416,-0.0007787000128672114,-0.009190777250352436,-0.009190777250352436,-0.009210618520193706
2015-01-14,0.006499731012796579,0.006499731012796579,0.006479889742955309,0.0020582468787747636,0.0020582468787747636,0.0020384056089334936,0.0013083717114429007,0.0013083717114429007,0.0012885304416016309,-0.00077938054882989,-0.00077938054882989,-0.0007992218186711599,-0.008466346667428383,-0.008466346667428383,-0.008486187937269653
2015-01-15,0.010802741170913177,0.010802741170913177,0.010782899901071907,-0.015083255098390116,-0.015083255098390116,-0.015103096368231386,0.01405248547630642,0.01405248547630642,0.01403264420646515,0.0006551278711949964,0.0006551278711949964,0.0006352866013537266,-0.0045886514970795815,-0.0045886514970795815,-0.004608492766920851
2015-01-16,-0.01038717504923319,-0.01038717504923319,-0.010407016319074461,0.009290248900966525,0.009290248900966525,0.009270407631125254,-0.015080687722725937,-0.015080687722725937,-0.015100528992567207,-0.0025582742412878275,-0.0025582742412878275,-0.0025781155111290976,0.0066428155468914885,0.0066428155468914885,0.006622974277050219
2015-01-20,0.009965765381283721,0.009965765381283721,0.00994592411144245,0.0001301583519059484,0.0001301583519059484,0.00011031708206467856,-0.0008048862903540177,-0.0008048862903540177,-0.0008247275601952875,-0.0019671841179062415,-0.0019671841179062415,-0.0019870253877475115,-0.005269911095257641,-0.005269911095257641,-0.00528975236509891
2015-01-21,-0.010420250120619158,-0.010420250120619158,-0.010440091390460428,0.014118053806320112,0.014118053806320112,0.014098212536478841,-0.014395787898764726,-0.014395787898764726,-0.014415629168605996,0.008262349026940197,0.008262349026940197,0.008242507757098927,0.008589402628116836,0.008589402628116836,0.008569561358275565
2015-01-22,0.003429936947064863,0.003429936947064863,0.003410095677223593,-0.010580398811466003,-0.010580398811466003,-0.010600240081307274,0.0025820177722032933,0.0025820177722032933,0.0025621765023620233,-0.006297997456262918,-0.006297997456262918,-0.006317838726104187,-0.006455979718347135,-0.006455979718347135,-0.0064758209881884046
2015-01-23,0.009074412513395603,0.009074412513395603,0.009054571243554332,-0.0036442261981606385,-0.0036442261981606385,-0.0036640674680019085,-0.003538696118872195,-0.003538696118872195,-0.003558537388713465,-0.0071186914392275345,-0.0071186914392275345,-0.007138532709068804,-0.010059507053195091,-0.010059507053195091,-0.010079348323036362
2015-01-26,-0.008236240409399385,-0.008236240409399385,-0.008256081679240655,0.011094543319766385,0.011094543319766385,0.011074702049925115,-0.005284866989421205,-0.005284866989421205,-0.005304708259262474,0.0012212796662554946,0.0012212796662554946,0.0012014383964142248,0.0053796102054913305,0.0053796102054913305,0.005359768935650061
2015-01-27,-0.006901391450539026,-0.006901391450539026,-0.006921232720380296,0.0054932289148498965,0.0054932289148498965,0.005473387645008627,0.0013851996650433114,0.0013851996650433114,0.0013653583952020416,0.0017724690565813436,0.0017724690565813436,0.0017526277867400738,6.777876414824306e-05,6.777876414824306e-05,4.7937494306973214e-05
2015-01-28,0.02121718758755464,0.02121718758755464,0.02119734631771337,-0.014880112772408948,-0.014880112772408948,-0.014899954042250219,0.016620819211898456,0.016620819211898456,0.016600977942057185,-0.002934279658472056,-0.002934279658472056,-0.002954120928313326,-0.008091510896245616,-0.008091510896245616,-0.008111352166086886
2015-01-29,0.006555525132143293,0.006555525132143293,0.006535683862302024,-0.0015538690976816434,-0.0015538690976816434,-0.0015737103675229132,0.0035906042664066128,0.0035906042664066128,0.0035707629965653427,0.0008801349762888622,0.0008801349762888622,0.0008602937064475924,-0.0029518159071084274,-0.0029518159071084274,-0.0029716571769496975
2015-01-30,-0.030614388005764392,-0.030614388005764392,-0.030634229275605662,0.01945739817787028,0.01945739817787028,0.019437556908029008,-0.016370138152450094,-0.016370138152450094,-0.016389979422291364,0.010258156427891654,0.010258156427891654,0.010238315158050383,0.009798651148778509,0.009798651148778509,0.009778809878937238
2015-02-02,-0.027479265713644792,-0.02621610781890795,-0.027222855278086846,0.01855573210502957,0.02029257421029273,0.018894098836470277,0.010617544751535528,0.013828071067325,0.011530921637533416,0.019155996000803355,0.02226125915869809,0.020043804695601936,0.013687243072075791,0.016160927282602107,0.01423632548500445
2015-02-03,-0.021033411340004034,-0.021033411340004034,-0.021053252609845304,0.015566010795137454,0.015566010795137454,0.015546169525296184,0.018015122907359973,0.018015122907359973,0.017995281637518703,0.022344156825048,0.022344156825048,0.02232431555520673,0.016303767954956958,0.016303767954956958,0.016283926685115687
2015-02-04,0.020262538490441975,0.020262538490441975,0.020242697220600705,-0.011378643317282732,-0.011378643317282732,-0.011398484587124003,-0.011119121228122544,-0.011119121228122544,-0.011138962497963815,-0.01651376546135202,-0.01651376546135202,-0.01653360673119329,-0.011586513799639478,-0.011586513799639478,-0.011606355069480748
2015-02-05,-0.0073521225472005175,-0.0073521225472005175,-0.007371963817041787,0.009790146108763068,0.009790146108763068,0.009770304838921797,0.011240936697879931,0.011240936697879931,0.01122109542803866,0.01326397382904335,0.01326397382904335,0.01324413255920208,0.006163896773544367,0.006163896773544367,0.006144055503703097
2015-02-06,-0.013143980759918687,-0.013143980759918687,-0.013163822029759957,0.010945626755065607,0.010945626755065607,0.010925785485224337,0.006515965062826239,0.006515965062826239,0.00649612379298497,0.007858473058249276,0.007858473058249276,0.007838631788408006,0.002822275758838193,0.002822275758838193,0.002802434488996923
2015-02-09,-0.018414789795572394,-0.018414789795572394,-0.018434631065413664,0.012103942508829771,0.012103942508829771,0.0120841012389885,0.012600120889667069,0.012600120889667069,0.012580279619825798,0.014141812554351674,0.014141812554351674,0.014121971284510404,0.014263759023701014,0.014263759023701014,0.014243917753859744
2015-02-10,0.019718883725494477,0.019718883725494477,0.019699042455653206,-0.006223229855791335,-0.006223229855791335,-0.006243071125632604,-0.004738917223036803,-0.004738917223036803,-0.004758758492878073,-0.008053354759813048,-0.008053354759813048,-0.008073196029654318,-0.011559964959069706,-0.011559964959069706,-0.011579806228910977
2015-02-11,0.003972318915941536,0.003972318915941536,0.003952477646100266,0.0015192517936745986,0.0015192517936745986,0.0014994105238333288,0.00019218766804090246,0.00019218766804090246,0.00017234639819963262,-0.0024557978891468902,-0.0024557978891468902,-0.0024756391589881603,0.0006025163838832147,0.0006025163838832147,0.0005826751140419449
2015-02-12,-0.007993981654995442,-0.007993981654995442,-0.008013822924836713,0.013860205055042448,0.013860205055042448,0.013840363785201178,0.010874135019028132,0.010874135019028132,0.010854293749186861,0.015280441119473541,0.015280441119473541,0.01526059984963227,0.004763055416333779,0.004763055416333779,0.004743214146492509
2015-02-13,-0.01764321509111523,-0.01764321509111523,-0.0176630563609565,0.017381580619277196,0.017381580619277196,0.017361739349435926,0.013504830686383477,0.013504830686383477,0.013484989416542206,0.019990268379714557,0.019990268379714557,0.019970427109873286,0.010716053381598048,0.010716053381598048,0.010696212111756778
2015-02-17,0.001543887965793318,0.001543887965793318,0.0015240466959520482,0.004645659684539692,0.004645659684539692,0.004625818414698423,0.0063013829143154405,0.0063013829143154405,0.006281541644474171,0.003592862647430677,0.003592862647430677,0.003573021377589407,0.0057815292449369645,0.0057815292449369645,0.005761687975095695
2015-02-18,0.006240772630540587,0.006240772630540587,0.0062209313606993175,-0.008518468723665032,-0.008518468723665032,-0.008538309993506302,-0.0060552991327963695,-0.0060552991327963695,-0.006075140402637639,-0.008861018872114046,-0.008861018872114046,-0.008880860141955316,-0.00039231341718469395,-0.00039231341718469395,-0.00041215468702596376
2015-02-19,0.0013220932063142065,0.0013220932063142065,0.0013022519364729367,0.003509368027265194,0.003509368027265194,0.003489526757423924,0.008693610788540432,0.008693610788540432,0.008673769518699161,0.006173077799495209,0.006173077799495209,0.006153236529653939,0.005265899368503153,0.005265899368503153,0.005246058098661883
2015-02-20,0.006444026010102007,0.006444026010102007,0.006424184740260738,-0.005149667815072931,-0.005149667815072931,-0.005169509084914201,-0.0024793532761366688,-0.0024793532761366688,-0.002499194545977939,-0.0043643642544185625,-0.0043643642544185625,-0.004384205524259832,-0.00688450604662447,-0.00688450604662447,-0.00690434731646574
2015-02-23,0.010971026676386908,0.010971026676386908,0.010951185406545638,-0.005172008566053777,-0.005172008566053777,-0.005191849835895047,-0.0082142415728165,-0.0082142415728165,-0.00823408284265777,-0.006336513620989131,-0.006336513620989131,-0.006356354890830401,-0.0020303714479587946,-0.0020303714479587946,-0.0020502127178000647
2015-02-24,-0.0044838144438002665,-0.0044838144438002665,-0.004503655713641536,0.004070864116113343,0.004070864116113343,0.004051022846272074,0.0074146206368503505,0.0074146206368503505,0.007394779367009081,0.004783141759275895,0.004783141759275895,0.0047633004894346255,0.005166149699254842,0.005166149699254842,0.005146308429413572
2015-02-25,-0.009645734032519799,-0.009645734032519799,-0.00966557530236107,0.008910374888780182,0.008910374888780182,0.008890533618938911,0.0033226878477271744,0.0033226878477271744,0.0033028465778859044,0.004675483710257286,0.004675483710257286,0.004655642440416017,0.00510241677917834,0.00510241677917834,0.0050825755093370706
2015-02-26,0.014648364902611585,0.014648364902611585,0.014628523632770314,-0.009246559376403835,-0.009246559376403835,-0.009266400646245105,-0.007565351611642607,-0.007565351611642607,-0.0075851928814838765,-0.010739215717573993,-0.010739215717573993,-0.010759056987415264,-0.011052668519502115,-0.011052668519502115,-0.011072509789343385
2015-02-27,-0.0023462981625408906,-0.0023462981625408906,-0.0023661394323821606,-0.0006430402050664492,-0.0006430402050664492,-0.000662881474907719,-0.0005704583262796108,-0.0005704583262796108,-0.0005902995961208806,0.0013375784310689172,0.0013375784310689172,0.0013177371612276474,-0.0051744652266350315,-0.0051744652266350315,-0.005194306496476301
2015-03-02,0.007523396200889521,0.00857602777983689,0.007810805054761738,-0.01343231972112943,-0.011688729977539686,-0.012942987649245254,-0.0077538550674963146,-0.0048820601957014435,-0.007204120522695793,-0.0077129583892616965,-0.005251419927723235,-0.0072802745666455644,-0.011275569883656507,-0.008865313473400097,-0.010596326499210468
2015-03-03,-0.0064502151787588224,-0.0064502151787588224,-0.006470056448600092,0.012169469425570192,0.012169469425570192,0.012149628155728922,0.0029471426947177727,0.0029471426947177727,0.0029273014248765027,0.00487313673333132,0.00487313673333132,0.004853295463490051,0.008463559075661532,0.008463559075661532,0.008443717805820261
2015-03-04,0.003811397982113066,0.003811397982113066,0.003791556712271796,0.00045575313869603484,0.00045575313869603484,0.000435911868854765,0.002473630425553779,0.002473630425553779,0.002453789155712509,0.0015174507994207883,0.0015174507994207883,0.0014976095295795185,0.0039318129872596055,0.0039318129872596055,0.003911971717418336
2015-03-05,0.007159086009395049,0.007159086009395049,0.00713924473955378,-0.0032323616729397174,-0.0032323616729397174,-0.0032522029427809874,0.003371119114228348,0.003371119114228348,0.0033512778443870778,-0.006191946288239882,-0.006191946288239882,-0.0062117875580811515,-0.003603100654689959,-0.003603100654689959,-0.003622941924531229
2015-03-06,-0.00022676740582167065,-0.00022676740582167065,-0.00024660867566294047,0.003259079305147958,0.003259079305147958,0.003239238035306688,0.004311612451512732,0.004311612451512732,0.004291771181671462,0.006304853798494331,0.006304853798494331,0.006285012528653061,0.001742264883973933,0.001742264883973933,0.0017224236141326632
2015-03-09,0.015211718350302113,0.015211718350302113,0.015191877080460842,-0.008524820577889542,-0.008524820577889542,-0.008544661847730813,0.010176647271217703,0.010176647271217703,0.010156806001376433,-0.0001378267690480134,-0.0001378267690480134,-0.00015766803888928323,-0.0052544875417853834,-0.0052544875417853834,-0.005274328811626653
2015-03-10,0.00764693364263695,0.00764693364263695,0.00762709237279568,-0.003414818995938576,-0.003414818995938576,-0.003434660265779846,-0.009647312493339399,-0.009647312493339399,-0.00966715376318067,-0.00890575803661399,-0.00890575803661399,-0.00892559930645526,-0.012789492858281848,-0.012789492858281848,-0.012809334128123118
2015-03-11,-0.0005071394905286075,-0.0005071394905286075,-0.0005269807603698773,0.00508606610109612,0.00508606610109612,0.005066224831254851,0.0030041742724298045,0.0030041742724298045,0.0029843330025885345,0.003808724360900603,0.003808724360900603,0.003788883091059333,0.002818818970206,0.002818818970206,0.00279897770036473
2015-03-12,0.011354174581626256,0.011354174581626256,0.011334333311784985,-0.011984638589000231,-0.011984638589000231,-0.012004479858841502,0.0035587825739689786,0.0035587825739689786,0.0035389413041277086,-0.007659185659014718,-0.007659185659014718,-0.007679026928855987,-0.009553218214618547,-0.009553218214618547,-0.009573059484459818
2015-03-13,0.010960855650330748,0.010960855650330748,0.010941014380489477,-0.005573356471231683,-0.005573356471231683,-0.005593197741072952,-0.0012398964070884735,-0.0012398964070884735,-0.0012597376769297433,-0.0035197722641146104,-0.0035197722641146104,-0.0035396135339558804,-0.008524779280952183,-0.008524779280952183,-0.008544620550793454
2015-03-16,0.011997988123724313,0.011997988123724313,0.011978146853883043,-0.009921572146344254,-0.009921572146344254,-0.009941413416185525,-0.004300362964033965,-0.004300362964033965,-0.0043202042338752345,-0.012705287306637681,-0.012705287306637681,-0.012725128576478952,-0.007456800962424372,-0.007456800962424372,-0.007476642232265642
2015-03-17,-0.0010425009632336643,-0.0010425009632336643,-0.0010623422330749341,0.006323339549344383,0.006323339549344383,0.006303498279503114,0.006966513344302522,0.006966513344302522,0.006946672074461252,0.0032554128005875095,0.0032554128005875095,0.0032355715307462395,0.009272207498820444,0.009272207498820444,0.009252366228979174
2015-03-18,-0.010451574748518669,-0.010451574748518669,-0.01047141601835994,0.009832001334079615,0.009832001334079615,0.009812160064238344,-0.003684265266233463,-0.003684265266233463,-0.003704106536074733,0.005442252789745956,0.005442252789745956,0.005422411519904686,0.010641937668653975,0.010641937668653975,0.010622096398812704
2015-03-19,0.015845776772150655,0.015845776772150655,0.015825935502309384,-0.013938291135802246,-0.013938291135802246,-0.013958132405643517,-0.0029568942726157987,-0.0029568942726157987,-0.0029767355424570687,-0.0101706850509927,-0.0101706850509927,-0.01019052632083397,-0.008691648538313602,-0.008691648538313602,-0.008711489808154872
2015-03-20,-0.01025086608345099,-0.01025086608345099,-0.01027070735329226,0.010319336419513655,0.010319336419513655,0.010299495149672384,0.0012906506826253293,0.0012906506826253293,0.0012708094127840595,0.011509723412934552,0.011509723412934552,0.011489882143093282,0.011206305532642057,0.011206305532642057,0.011186464262800786
2015-03-23,-0.009057972531727444,-0.009057972531727444,-0.009077813801568715,0.005977650688482581,0.005977650688482581,0.005957809418641311,0.009852043134377993,0.009852043134377993,0.009832201864536722,0.01268717011749338,0.01268717011749338,0.01266732884765211,0.011731576886430135,0.011731576886430135,0.011711735616588864
2015-03-24,-0.002262031525121546,-0.002262031525121546,-0.002281872794962816,0.0028353482410423364,0.0028353482410423364,0.0028155069712010664,0.0019366163507515812,0.0019366163507515812,0.0019167750809103113,0.003686482581444803,0.003686482581444803,0.003666641311603533,0.0006705327289324003,0.0006705327289324003,0.0006506914590911305
2015-03-25,-0.01868584767997728,-0.01868584767997728,-0.018705688949818552,0.011218546859849991,0.011218546859849991,0.01119870559000872,0.0009778194625961432,0.0009778194625961432,0.0009579781927548734,0.01162224974301391,0.01162224974301391,0.01160240847317264,0.010594804064902597,0.010594804064902597,0.010574962795061326
2015-03-26,0.0007421518418087546,0.0007421518418087546,0.0007223105719674848,0.00022671664542441277,0.00022671664542441277,0.00020687537558314293,0.0008882885342808267,0.0008882885342808267,0.0008684472644395569,0.0028081038788911484,0.0028081038788911484,0.0027882626090498784,0.0019681014580377704,0.0019681014580377704,0.0019482601881965005
2015-03-27,0.016870782275815142,0.016870782275815142,0.016850941005973872,-0.015038424867220202,-0.015038424867220202,-0.015058266137061472,-0.004454790045306755,-0.004454790045306755,-0.004474631315148025,-0.012263527716181614,-0.012263527716181614,-0.012283368986022884,-0.00963547107939874,-0.00963547107939874,-0.009655312349240011
2015-03-30,-0.005245614356970432,-0.005245614356970432,-0.005265455626811702,0.004519067378295558,0.004519067378295558,0.004499226108454288,0.005291409304818562,0.005291409304818562,0.005271568034977293,0.0056608706199250455,0.0056608706199250455,0.005641029350083776,0.0035626979054067904,0.0035626979054067904,0.0035428566355655204
2015-03-31,-0.0028514134113287086,-0.0028514134113287086,-0.0028712546811699787,0.0013406305718664767,0.0013406305718664767,0.0013207893020252069,-0.00463344640914986,-0.00463344640914986,-0.00465328767899113,7.139922885691062e-05,7.139922885691062e-05,5.155795901564078e-05,-0.003927155511078756,-0.003927155511078756,-0.003946996780920025
2015-04-01,-0.007782267352224786,-0.00675662632658376,-0.00752206013646537,-0.0012446578861433045,0.00044764980616438785,-0.0007883949402116711,-0.0008703710477696441,0.0018988597214611254,-0.00013990779486391136,0.0012087000354170678,0.00408049490721194,0.0020094947309535083,0.0012151929231736108,0.0038305775385582257,0.0019391339846245648
2015-04-02,-0.005744772175327363,-0.005744772175327363,-0.005764613445168633,0.013170585337762466,0.013170585337762466,0.013150744067921195,0.004578219507529564,0.004578219507529564,0.0045583782376882945,0.012144807717689861,0.012144807717689861,0.01212496644784859,0.0052415698586059465,0.0052415698586059465,0.005221728588764677
2015-04-06,-0.018238103412162778,-0.018238103412162778,-0.01825794468200405,0.0032393894598819724,0.0032393894598819724,0.0032195481900407024,0.0019776310573270716,0.0019776310573270716,0.0019577897874858015,0.005030393234467687,0.005030393234467687,0.005010551964626417,0.003154540601947954,0.003154540601947954,0.003134699332106684
2015-04-07,-0.00557374331834041,-0.00557374331834041,-0.00559358458818168,0.0023107091140886016,0.0023107091140886016,0.0022908678442473316,0.0011825446148515917,0.0011825446148515917,0.001162703345010322,0.0018841995158977228,0.0018841995158977228,0.001864358246056453,0.0015849440827190881,0.0015849440827190881,0.0015651028128778183
2015-04-08,0.013055061258809507,0.013055061258809507,0.013035219988968236,-0.0054077351434948535,-0.0054077351434948535,-0.005427576413336123,-0.004834624966048235,-0.004834624966048235,-0.004854466235889505,-0.00013454329279636397,-0.00013454329279636397,-0.0001543845626376338,-0.00647513979512765,-0.00647513979512765,-0.0064949810649689195
2015-04-09,-0.010157368928184715,-0.010157368928184715,-0.010177210198025985,0.008217905561352653,0.008217905561352653,0.008198064291511382,0.005139490265646791,0.005139490265646791,0.0051196489958055215,0.0059251699876106175,0.0059251699876106175,0.005905328717769348,0.004151335620493234,0.004151335620493234,0.004131494350651964
2015-04-10,0.005304151887500356,0.005304151887500356,0.005284310617659087,-0.006344489909600303,-0.006344489909600303,-0.006364331179441573,2.6242792209763065e-05,2.6242792209763065e-05,6.401522368493223e-06,-0.0016156225477827113,-0.0016156225477827113,-0.001635463817623981,-0.001330778159520654,-0.001330778159520654,-0.0013506194293619238
2015-04-13,-0.001008157843652371,-0.001008157843652371,-0.0010279991134936408,8.256226807367133e-05,8.256226807367133e-05,6.272099823240149e-05,-0.000762411181559049,-0.000762411181559049,-0.0007822524514003188,0.00036320463382616256,0.00036320463382616256,0.00034336336398489275,0.0017291766384389677,0.0017291766384389677,0.001709335368597698
2015-04-14,-0.012005582405168969,-0.012005582405168969,-0.012025423675010239,0.006626678365346853,0.006626678365346853,0.006606837095505583,0.0031179534499050188,0.0031179534499050188,0.0030981121800637487,0.008671929129908698,0.008671929129908698,0.008652087860067428,0.006778146510461767,0.006778146510461767,0.0067583052406204975
2015-04-15,-0.03203404877030199,-0.03203404877030199,-0.03205389004014326,0.02346962733081317,0.02346962733081317,0.023449786060971898,0.005689312653364809,0.005689312653364809,0.005669471383523539,0.02323568805868888,0.02323568805868888,0.02321584678884761,0.019035094906946593,0.019035094906946593,0.019015253637105323
2015-04-16,0.006922387002981334,0.006922387002981334,0.006902545733140065,-0.009835163147354962,-0.009835163147354962,-0.009855004417196233,-0.010621979212322797,-0.010621979212322797,-0.010641820482164067,-0.009770228433559507,-0.009770228433559507,-0.009790069703400777,-0.011031097332425065,-0.011031097332425065,-0.011050938602266335
2015-04-17,-0.0028327308926203378,-0.0028327308926203378,-0.002852572162461608,0.00614150656960996,0.00614150656960996,0.00612166529976869,0.001408703662002895,0.001408703662002895,0.0013888623921616253,0.007868990329734914,0.007868990329734914,0.007849149059893644,0.0074595606429308965,0.0074595606429308965,0.007439719373089627
2015-04-20,0.001629906243134991,0.001629906243134991,0.0016100649732937213,-0.0015050149221601957,-0.0015050149221601957,-0.0015248561920014655,0.002497132053455452,0.002497132053455452,0.002477290783614182,-0.0021517032691016034,-0.0021517032691016034,-0.0021715445389428735,-0.0007261442672542762,-0.0007261442672542762,-0.000745985537095546
2015-04-21,0.0203707961295619,0.0203707961295619,0.02035095485972063,-0.00464063447048161,-0.00464063447048161,-0.004660475740322879,-0.007237359651186588,-0.007237359651186588,-0.007257200921027857,-0.006084949802737398,-0.006084949802737398,-0.006104791072578668,-0.007240666839902318,-0.007240666839902318,-0.007260508109743587
2015-04-22,-0.00804689101136654,-0.00804689101136654,-0.00806673228120781,0.007624880055116173,0.007624880055116173,0.007605038785274903,0.005970586464046357,0.005970586464046357,0.005950745194205087,0.005491875693269342,0.005491875693269342,0.005472034423428073,0.0075995299283632784,0.0075995299283632784,0.007579688658522009
2015-04-23,-0.0052903666971260655,-0.0052903666971260655,-0.005310207966967335,-0.0019403411481583076,-0.0019403411481583076,-0.0019601824179995776,-0.004409014403089552,-0.004409014403089552,-0.004428855672930822,-0.0011395367991054316,-0.0011395367991054316,-0.0011593780689467014,-0.0049212968226310565,-0.0049212968226310565,-0.004941138092472326
2015-04-24,0.0032980025227733576,0.0032980025227733576,0.0032781612529320875,-0.012557507033915916,-0.012557507033915916,-0.012577348303757186,-0.010063586891383274,-0.010063586891383274,-0.010083428161224544,-0.015196951304639153,-0.015196951304639153,-0.015216792574480423,-0.001399596133690651,-0.001399596133690651,-0.0014194374035319207
2015-04-27,-0.013181431744120915,-0.013181431744120915,-0.013201273013962185,0.01265169001942792,0.01265169001942792,0.012631848749586649,0.007781193317796474,0.007781193317796474,0.007761352047955204,0.013196157343670096,0.013196157343670096,0.013176316073828825,0.011137802142784784,0.011137802142784784,0.011117960872943514
2015-04-28,-0.0071202914923249394,-0.0071202914923249394,-0.007140132762166209,-0.0027779825992646128,-0.0027779825992646128,-0.002797823869105883,0.002782088295115271,0.002782088295115271,0.002762247025274001,0.002830924982296585,0.002830924982296585,0.002811083712455315,0.0007278718992808578,0.0007278718992808578,0.000708030629439588
2015-04-29,-0.026149295201928623,-0.026149295201928623,-0.026169136471769893,0.013601923512341772,0.013601923512341772,0.013582082242500501,0.0008909492143746797,0.0008909492143746797,0.0008711079445334099,0.013233313281004574,0.013233313281004574,0.013213472011163303,0.005462326908974651,0.005462326908974651,0.005442485639133381
2015-04-30,-0.011643888867362225,-0.011643888867362225,-0.011663730137203496,0.0033407562128763614,0.0033407562128763614,0.0033209149430350913,0.0002486339159126919,0.0002486339159126919,0.00022879264607142204,0.004773077600904101,0.004773077600904101,0.004753236331062832,0.006316778712636324,0.006316778712636324,0.006296937442795055
2015-05-01,0.01574960206991977,0.01657011489043259,0.015970550171832756,-0.00336478074947806,-0.0011596525443498553,-0.0027367411386349694,-0.006897675190079531,-0.004333572625976967,-0.006249889759701381,-0.012503745715187696,-0.009683232894674876,-0.011724298750228065,-0.008464033359973743,-0.0057460846420250246,-0.007720020488150843
2015-05-04,0.002111535382096359,0.002111535382096359,0.002091694112255089,-0.0003762762294457875,-0.0003762762294457875,-0.0003961174992870573,0.0052300556375810495,0.0052300556375810495,0.00521021436773978,0.00047240311293596324,0.00047240311293596324,0.00045256184309469343,0.0015557882471313662,0.0015557882471313662,0.0015359469772900963
2015-05-05,-0.009912435404758436,-0.009912435404758436,-0.009932276674599706,-0.003483592726748739,-0.003483592726748739,-0.003503433996590009,0.003212221136599626,0.003212221136599626,0.003192379866758356,0.006186233190444372,0.006186233190444372,0.006166391920603103,0.005686087013016232,0.005686087013016232,0.005666245743174962
2015-05-06,0.009547480746868679,0.009547480746868679,0.009527639477027408,-0.0074639385075125995,-0.0074639385075125995,-0.007483779777353869,-0.00010721245991882869,-0.00010721245991882869,-0.00012705372976009853,-0.006999176480365552,-0.006999176480365552,-0.007019017750206822,-0.006020070628362566,-0.006020070628362566,-0.006039911898203835
2015-05-07,0.021867272387033575,0.021867272387033575,0.021847431117192305,-0.009268427505971113,-0.009268427505971113,-0.009288268775812384,-0.006829941119772267,-0.006829941119772267,-0.006849782389613536,-0.01083901672533993,-0.01083901672533993,-0.010858857995181201,-0.00924748060547803,-0.00924748060547803,-0.0092673218753193
2015-05-08,-0.005258260341410275,-0.005258260341410275,-0.0052781016112515445,-0.0029710942810809824,-0.0029710942810809824,-0.0029909355509222524,-0.0009353743606482722,-0.0009353743606482722,-0.000955215630489542,-0.004418188896851917,-0.004418188896851917,-0.004438030166693187,-0.002719834594153017,-0.002719834594153017,-0.002739675863994287
2015-05-11,0.008501398541317718,0.008501398541317718,0.008481557271476448,-0.00319250135156609,-0.00319250135156609,-0.00321234262140736,-0.006376194673518661,-0.006376194673518661,-0.0063960359433599305,-0.0017063239434864101,-0.0017063239434864101,-0.00172616521332768,-0.0115156083340681,-0.0115156083340681,-0.01153544960390937
2015-05-12,-0.0007106058460019729,-0.0007106058460019729,-0.0007304471158432427,-0.0035322523063864523,-0.0035322523063864523,-0.0035520935762277223,0.0004385992739418475,0.0004385992739418475,0.0004187580041005777,-0.0015842892452892655,-0.0015842892452892655,-0.0016041305151305353,-0.0012256643666776032,-0.0012256643666776032,-0.001245505636518873
2015-05-13,-0.0033586192178938104,-0.0033586192178938104,-0.0033784604877350804,0.000649537809382413,0.000649537809382413,0.0006296965395411432,-0.0026029691030000635,-0.0026029691030000635,-0.0026228103728413335,0.0017933166459080628,0.0017933166459080628,0.001773475376066793,-0.0025771858144485083,-0.0025771858144485083,-0.0025970270842897783
2015-05-14,0.013441568870748304,0.013441568870748304,0.013421727600907034,0.0032496673377615266,0.0032496673377615266,0.0032298260679202565,0.010312606160172667,0.010312606160172667,0.010292764890331397,0.0002449551663846719,0.0002449551663846719,0.00022511389654340208,0.004534571729853966,0.004534571729853966,0.004514730460012696
2015-05-15,0.002096369343887583,0.002096369343887583,0.002076528074046313,-0.004263415955806356,-0.004263415955806356,-0.004283257225647626,-0.004722093140292236,-0.004722093140292236,-0.004741934410133506,-0.004827709302022732,-0.004827709302022732,-0.004847550571864001,-0.004259514914133836,-0.004259514914133836,-0.004279356183975106
2015-05-18,0.010526847461093804,0.010526847461093804,0.010507006191252534,-0.0018902122213552484,-0.0018902122213552484,-0.0019100534911965182,0.0012565858594977167,0.0012565858594977167,0.0012367445896564468,-0.00266607604580809,-0.00266607604580809,-0.00268591731564936,-0.0002542425805766677,-0.0002542425805766677,-0.0002740838504179375
2015-05-19,0.01500258242602099,0.01500258242602099,0.01498274115617972,-0.010656752967407708,-0.010656752967407708,-0.010676594237248978,0.004057733104053461,0.004057733104053461,0.0040378918342121916,-0.006383229069687184,-0.006383229069687184,-0.006403070339528453,-0.007981752950916543,-0.007981752950916543,-0.008001594220757814
2015-05-20,-0.012551572675233352,-0.012551572675233352,-0.012571413945074623,0.004935661375294596,0.004935661375294596,0.004915820105453326,0.009311638821585326,0.009311638821585326,0.009291797551744056,0.006434165433781785,0.006434165433781785,0.006414324163940516,-0.0020335857723056696,-0.0020335857723056696,-0.0020534270421469396
2015-05-21,-0.008346205210520229,-0.008346205210520229,-0.008366046480361499,-0.0028486875623898672,-0.0028486875623898672,-0.0028685288322311373,-0.001278728433506953,-0.001278728433506953,-0.0012985697033482228,0.004555331632582598,0.004555331632582598,0.004535490362741329,0.004866571265606967,0.004866571265606967,0.0048467299957656975
2015-05-22,0.001181075056555642,0.001181075056555642,0.0011612337867143723,0.007055929840455549,0.007055929840455549,0.007036088570614279,0.004288052645958505,0.004288052645958505,0.0042682113761172355,0.0047028231106832664,0.0047028231106832664,0.004682981840841997,0.0017520956318924827,0.0017520956318924827,0.001732254362051213
2015-05-26,0.009755096421862165,0.009755096421862165,0.009735255152020894,-0.013326927843120829,-0.013326927843120829,-0.0133467691129621,-0.0009069523937642691,-0.0009069523937642691,-0.0009267936636055389,-0.006927021792861393,-0.006927021792861393,-0.006946863062702663,-0.0111985157482172,-0.0111985157482172,-0.01121835701805847
2015-05-27,0.02010430779952928,0.02010430779952928,0.02008446652968801,-0.0020644056203996727,-0.0020644056203996727,-0.0020842468902409427,0.0049812727194114,0.0049812727194114,0.004961431449570131,-0.006454226315361656,-0.006454226315361656,-0.006474067585202925,-0.003005382211010219,-0.003005382211010219,-0.003025223480851489
2015-05-28,0.0035951106717784396,0.0035951106717784396,0.0035752694019371696,0.00283779876178947,0.00283779876178947,0.0028179574919482,0.0031350012929679113,0.0031350012929679113,0.0031151600231266413,-0.0019012462999665716,-0.0019012462999665716,-0.0019210875698078415,-0.0001678640034983561,-0.0001678640034983561,-0.00018770527333962595
2015-05-29,0.00951070983165512,0.00951070983165512,0.00949086856181385,0.0009383724885107115,0.0009383724885107115,0.0009185312186694417,-0.0001680246142117262,-0.0001680246142117262,-0.00018786588405299604,-0.007082756211106177,-0.007082756211106177,-0.007102597480947446,0.0038358450052189148,0.0038358450052189148,0.0038160037353776447
2015-06-01,0.006424961078507302,0.007296755950302174,0.0066613499189979814,-0.004446295254045787,-0.0023437311514816848,-0.003848255366094182,-0.00561930036309795,-0.0031577619015594883,-0.004919068889618201,-0.009682447568097299,-0.007169627055276786,-0.008965614330605531,-0.006958581142175619,-0.004240632424226901,-0.006193343856852114
2015-06-02,-0.019197087251325556,-0.019197087251325556,-0.019216928521166826,0.010537114189391765,0.010537114189391765,0.010517272919550494,-0.0046409539450204184,-0.0046409539450204184,-0.004660795214861688,0.007601724272570929,0.007601724272570929,0.00758188300272966,0.0007015823404376092,0.0007015823404376092,0.0006817410705963394
2015-06-03,0.0031251143852449553,0.0031251143852449553,0.0031052731154036853,-0.004221574421289495,-0.004221574421289495,-0.004241415691130765,0.0064132993130516566,0.0064132993130516566,0.006393458043210387,0.0001470104383083544,0.0001470104383083544,0.00012716916846708455,-0.0016030129785599972,-0.0016030129785599972,-0.001622854248401267
2015-06-04,0.00403369679335554,0.00403369679335554,0.00401385552351427,-0.0031684222024066485,-0.0031684222024066485,-0.0031882634722479185,0.00471755867657239,0.00471755867657239,0.004697717406731121,0.0008069953915112458,0.0008069953915112458,0.0007871541216699759,0.0027457228370475735,0.0027457228370475735,0.0027258815672063035
2015-06-05,-0.003930536311292322,-0.003930536311292322,-0.0039503775811335915,0.001455007594389651,0.001455007594389651,0.001435166324548381,8.018795495411102e-05,8.018795495411102e-05,6.034668511284118e-05,0.001703903815280915,0.001703903815280915,0.0016840625454396451,0.0030840876603119394,0.0030840876603119394,0.0030642463904706693
2015-06-08,-0.00015271790701723315,-0.00015271790701723315,-0.000172559176858503,-0.005175449022449456,-0.005175449022449456,-0.0051952902922907255,0.0012993407814302304,0.0012993407814302304,0.0012794995115889606,0.0016238157681615077,0.0016238157681615077,0.001603974498320238,-0.0027312447364047704,-0.0027312447364047704,-0.0027510860062460404
2015-06-09,-0.0021522686515387385,-0.0021522686515387385,-0.0021721099213800085,-0.00029682604736531613,-0.00029682604736531613,-0.00031666731720658594,-0.0010156233990303877,-0.0010156233990303877,-0.0010354646688716575,-0.0019683501698968945,-0.0019683501698968945,-0.0019881914397381645,0.001493461977091369,0.001493461977091369,0.0014736207072500991
2015-06-10,0.0001622004091107064,0.0001622004091107064,0.00014235913926943656,-0.0020500696069741618,-0.0020500696069741618,-0.002069910876815432,0.001034084383773037,0.001034084383773037,0.0010142431139317672,-0.0021154306254574564,-0.0021154306254574564,-0.0021352718952987264,0.0021930921667659997,0.0021930921667659997,0.0021732508969247296
2015-06-11,0.006433370391210859,0.006433370391210859,0.006413529121369589,-0.007129051140630041,-0.007129051140630041,-0.007148892410471311,0.005071347549815302,0.005071347549815302,0.0050515062799740326,0.002290055636900255,0.002290055636900255,0.0022702143670589848,0.0005482110545658518,0.0005482110545658518,0.000528369784724582
2015-06-12,0.0012153874325371461,0.0012153874325371461,0.0011955461626958763,0.002812386487717886,0.002812386487717886,0.002792545217876616,-0.0012113741744178765,-0.0012113741744178765,-0.0012312154442591463,-0.0010062527787194375,-0.0010062527787194375,-0.0010260940485607073,-0.0027326655923376837,-0.0027326655923376837,-0.0027525068621789537
2015-06-15,0.009230165956707503,0.009230165956707503,0.009210324686866233,-0.006517616418861024,-0.006517616418861024,-0.006537457688702294,0.0012460768572590249,0.0012460768572590249,0.001226235587417755,-0.007097305520537223,-0.007097305520537223,-0.007117146790378492,-0.0054774716748846024,-0.0054774716748846024,-0.005497312944725872
2015-06-16,-0.0015614374987221423,-0.0015614374987221423,-0.0015812787685634121,-0.0014367952970093436,-0.0014367952970093436,-0.0014566365668506134,-0.00040311579042654844,-0.00040311579042654844,-0.00042295706026781825,-0.001158320179490056,-0.001158320179490056,-0.0011781614493313259,-0.00022892176885242724,-0.00022892176885242724,-0.00024876303869369705
2015-06-17,-0.002560482925342158,-0.002560482925342158,-0.002580324195183428,0.0013716957187568809,0.0013716957187568809,0.001351854448915611,-0.00042567453039378295,-0.00042567453039378295,-0.00044551580023505276,0.00060406826826663,0.00060406826826663,0.0005842269984253602,-0.002230976098839525,-0.002230976098839525,-0.002250817368680795
2015-06-18,0.010412128140488605,0.010412128140488605,0.010392286870647334,-0.0058207579780604635,-0.0058207579780604635,-0.005840599247901733,0.00404483494463291,0.00404483494463291,0.00402499367479164,-0.0016985369102986252,-0.0016985369102986252,-0.001718378180139895,-0.004141190173572102,-0.004141190173572102,-0.004161031443413372
2015-06-19,0.00371664253039199,0.00371664253039199,0.00369680126055072,0.0010762732879693085,0.0010762732879693085,0.0010564320181280387,-0.0008530944060163076,-0.0008530944060163076,-0.0008729356758575774,-0.002115348096316638,-0.002115348096316638,-0.002135189366157908,-0.0015651126387608784,-0.0015651126387608784,-0.0015849539086021482
2015-06-22,-0.00045448502175268355,-0.00045448502175268355,-0.00047432629159395337,-0.0009015216191009224,-0.0009015216191009224,-0.0009213628889421922,-0.0006259317260249177,-0.0006259317260249177,-0.0006457729958661876,-0.005261769128099081,-0.005261769128099081,-0.005281610397940351,-0.0023110881621215694,-0.0023110881621215694,-0.0023309294319628394
2015-06-23,-0.0025932797495951997,-0.0025932797495951997,-0.0026131210194364697,0.0009932289089157956,0.0009932289089157956,0.0009733876390745258,-0.003525759878621861,-0.003525759878621861,-0.003545601148463131,-0.00494101410114519,-0.00494101410114519,-0.0049608553709864596,-0.000393127687185938,-0.000393127687185938,-0.0004129689570272078
2015-06-24,-0.0015116632987177976,-0.0015116632987177976,-0.0015315045685590674,0.0019546917904343813,0.0019546917904343813,0.0019348505205931115,-0.0004142944228850122,-0.0004142944228850122,-0.00043413569272628203,-0.00220212986435373,-0.00220212986435373,-0.002221971134195,-0.0037321094337968274,-0.0037321094337968274,-0.0037519507036380974
2015-06-25,0.021530135072613955,0.021530135072613955,0.021510293802772685,-0.012448027041398822,-0.012448027041398822,-0.012467868311240093,0.0013108494950753737,0.0013108494950753737,0.001291008225234104,-0.006370855249234982,-0.006370855249234982,-0.006390696519076252,-0.0033480906952273624,-0.0033480906952273624,-0.0033679319650686324
2015-06-26,-0.00531858313868326,-0.00531858313868326,-0.00533842440852453,-0.0005278962733993278,-0.0005278962733993278,-0.0005477375432405977,0.005796110762562852,0.005796110762562852,0.005776269492721583,0.0064463913199087255,0.0064463913199087255,0.006426550050067456,0.003129189818055866,0.003129189818055866,0.003109348548214596
2015-06-29,-0.000627794432478001,-0.000627794432478001,-0.0006476357023192708,-0.0027360393803061945,-0.0027360393803061945,-0.0027558806501474646,0.0033580815219386934,0.0033580815219386934,0.0033382402520974234,0.004240279695180778,0.004240279695180778,0.004220438425339508,0.0013725673953249205,0.0013725673953249205,0.0013527261254836507
2015-06-30,-0.0003166290183543377,-0.0003166290183543377,-0.0003364702881956075,0.0010946933376619417,0.0010946933376619417,0.0010748520678206719,0.0012862129001986393,0.0012862129001986393,0.0012663716303573695,-8.665354039425453e-05,-8.665354039425453e-05,-0.00010649481023552437,0.0012752873738995688,0.0012752873738995688,0.001255446104058299
2015-07-01,0.019397008916264977,0.02026880378805985,0.01963347953896045,-0.008478871086242245,-0.006478871086242244,-0.00796058445281296,0.006934338183183543,0.009344594593439953,0.007541200505936769,-0.0029815906385985535,-0.0003149239719318871,-0.002245260214233409,-0.0030538079317334655,-0.0006948335727591064,-0.0024601990107426313
2015-07-02,-0.006246513290521809,-0.006246513290521809,-0.006266354560363079,0.005679600037487017,0.005679600037487017,0.005659758767645747,0.0006351274876620263,0.0006351274876620263,0.0006152862178207565,0.00574284795019139,0.00574284795019139,0.00572300668035012,0.004958105759312756,0.004958105759312756,0.004938264489471486
2015-07-06,0.019196744174041654,0.019196744174041654,0.019176902904200384,-0.008673196853738392,-0.008673196853738392,-0.008693038123579662,-0.0039316224076264925,-0.0039316224076264925,-0.003951463677467762,-0.005903026815362181,-0.005903026815362181,-0.005922868085203451,-0.008687704526349382,-0.008687704526349382,-0.008707545796190652
2015-07-07,-0.00468962909469545,-0.00468962909469545,-0.00470947036453672,0.002815937228461899,0.002815937228461899,0.002796095958620629,0.0019316722851335558,0.0019316722851335558,0.001911831015292286,0.00463999873455286,0.00463999873455286,0.00462015746471159,0.003519912991768322,0.003519912991768322,0.003500071721927052
2015-07-08,0.009462127695173137,0.009462127695173137,0.009442286425331866,-0.011493593587358292,-0.011493593587358292,-0.011513434857199563,0.004337577570340532,0.004337577570340532,0.004317736300499263,-0.004239456349205396,-0.004239456349205396,-0.004259297619046666,-0.005907236757860427,-0.005907236757860427,-0.0059270780277016965
2015-07-09,-0.0011973251050692681,-0.0011973251050692681,-0.001217166374910538,0.000464582044064398,0.000464582044064398,0.0004447407742231282,-0.0022266256110659993,-0.0022266256110659993,-0.0022464668809072694,-0.0023331359338681712,-0.0023331359338681712,-0.0023529772037094413,-0.003054263736394992,-0.003054263736394992,-0.003074105006236262
2015-07-10,0.018523069502551597,0.018523069502551597,0.018503228232710327,-0.006060340877023979,-0.006060340877023979,-0.006080182146865248,0.0060898610776035,0.0060898610776035,0.006070019807762231,-0.0009519293337864023,-0.0009519293337864023,-0.0009717706036276721,-0.0014884419263155157,-0.0014884419263155157,-0.0015082831961567855
2015-07-13,-0.007117055004062146,-0.007117055004062146,-0.007136896273903416,0.009268608834174135,0.009268608834174135,0.009248767564332865,-0.0018560682499109997,-0.0018560682499109997,-0.0018759095197522695,0.0036684376792450075,0.0036684376792450075,0.0036485964094037375,0.003924433753913631,0.003924433753913631,0.003904592484072361
2015-07-14,-0.002770502797006502,-0.002770502797006502,-0.002790344066847772,-0.004931029378138448,-0.004931029378138448,-0.004950870647979717,-0.00038322034742096405,-0.00038322034742096405,-0.00040306161726223386,-0.0027708894143208774,-0.0027708894143208774,-0.0027907306841621475,-0.001297082117159853,-0.001297082117159853,-0.0013169233870011228
2015-07-15,0.01833984426637098,0.01833984426637098,0.018320002996529708,-0.01317603854654208,-0.01317603854654208,-0.01319587981638335,0.008528071995821538,0.008528071995821538,0.008508230725980268,-0.0009009955734964326,-0.0009009955734964326,-0.0009208368433377024,-0.00011791512555931903,-0.00011791512555931903,-0.00013775639540058887
2015-07-16,0.013250350897834879,0.013250350897834879,0.013230509627993608,-0.0015309666326351543,-0.0015309666326351543,-0.001550807902476424,0.0037853007833215896,0.0037853007833215896,0.0037654595134803195,-0.0018758546976306095,-0.0018758546976306095,-0.0018956959674718793,0.00045943546472677595,0.00045943546472677595,0.00043959419488550614
2015-07-17,0.01609575470028861,0.01609575470028861,0.016075913430447338,-0.009491310712409084,-0.009491310712409084,-0.009511151982250355,-0.0011518134313534185,-0.0011518134313534185,-0.0011716547011946883,-0.011865411687387147,-0.011865411687387147,-0.011885252957228417,-0.006954217214984843,-0.006954217214984843,-0.006974058484826112
2015-07-20,0.01628976440712933,0.01628976440712933,0.016269923137288058,-0.01430413858706571,-0.01430413858706571,-0.01432397985690698,0.005227466254435401,0.005227466254435401,0.005207624984594131,-0.0036423260073990614,-0.0036423260073990614,-0.0036621672772403314,-0.00944701913212278,-0.00944701913212278,-0.009466860401964051
2015-07-21,-0.0035057780478389374,-0.0035057780478389374,-0.0035256193176802075,0.005197123346321787,0.005197123346321787,0.005177282076480517,-0.009705271025557845,-0.009705271025557845,-0.009725112295399116,-0.00029700364315343687,-0.00029700364315343687,-0.0003168449129947067,-0.0018550163046937571,-0.0018550163046937571,-0.001874857574535027
2015-07-22,0.01408341815629493,0.01408341815629493,0.01406357688645366,-0.006742661183162135,-0.006742661183162135,-0.006762502453003405,0.001840690928433547,0.001840690928433547,0.001820849658592277,-0.004327508193870884,-0.004327508193870884,-0.004347349463712153,-0.0069005447387618934,-0.0069005447387618934,-0.006920386008603163
2015-07-23,-0.005892332668295668,-0.005892332668295668,-0.005912173938136938,0.00010382406634882029,0.00010382406634882029,8.398279650755045e-05,0.006684779619802613,0.006684779619802613,0.006664938349961343,0.007591098264342415,0.007591098264342415,0.007571256994501146,0.008742484593257785,0.008742484593257785,0.008722643323416514
2015-07-24,0.010020208234299204,0.010020208234299204,0.010000366964457934,-0.0022972245447099877,-0.0022972245447099877,-0.0023170658145512577,0.010903923353007699,0.010903923353007699,0.010884082083166428,0.0012334951701127958,0.0012334951701127958,0.001213653900271526,-0.004271816813912051,-0.004271816813912051,-0.0042916580837533205
2015-07-27,-0.002998144972557743,-0.002998144972557743,-0.003017986242399013,0.0005990291325470773,0.0005990291325470773,0.0005791878627058075,0.0015090504860562218,0.0015090504860562218,0.001489209216214952,0.004434266407242327,0.004434266407242327,0.004414425137401057,-0.0009401659300411242,-0.0009401659300411242,-0.000960007199882394
2015-07-28,-0.012965359380962712,-0.012965359380962712,-0.012985200650803982,0.0030378405371826525,0.0030378405371826525,0.0030179992673413825,-0.0016307551739118192,-0.0016307551739118192,-0.001650596443753089,0.0024043712001051514,0.0024043712001051514,0.0023845299302638814,0.002834959169058131,0.002834959169058131,0.002815117899216861
2015-07-29,-0.004296480329969737,-0.004296480329969737,-0.004316321599811007,-0.0007535578381882356,-0.0007535578381882356,-0.0007733991080295054,0.004832799423636899,0.004832799423636899,0.004812958153795629,0.0009954018240463523,0.0009954018240463523,0.0009755605542050825,-0.0019574886605723714,-0.0019574886605723714,-0.0019773299304136414
2015-07-30,0.002213872898600969,0.002213872898600969,0.0021940316287596988,-0.0020573939475166604,-0.0020573939475166604,-0.0020772352173579305,0.0053997775447291105,0.0053997775447291105,0.005379936274887841,-0.0003246566656280272,-0.0003246566656280272,-0.000344497935469297,0.0071532231639790545,0.0071532231639790545,0.007133381894137785
2015-07-31,0.015751580880126487,0.015751580880126487,0.015731739610285216,-0.007540511167594041,-0.007540511167594041,-0.00756035243743531,0.0014905818123176428,0.0014905818123176428,0.001470740542476373,-0.004657629789618039,-0.004657629789618039,-0.004677471059459309,-0.0064027047426569676,-0.0064027047426569676,-0.006422546012498237
2015-08-03,0.016158269232187404,0.017132628206546378,0.016355072417815468,-0.004305767181945395,-0.0024083312845094972,-0.003769431078059038,0.007925363033833229,0.010592029700499897,0.008682196264830657,-0.00014148332789225716,0.002781593595184666,0.0006958058598740913,-0.015406838526732034,-0.013047864167757675,-0.01480704485829654
2015-08-04,0.007599216499061093,0.007599216499061093,0.007579375229219823,-0.00527047132387042,-0.00527047132387042,-0.005290312593711689,-2.5588854301438672e-05,-2.5588854301438672e-05,-4.5430124142708514e-05,-0.006223766373367945,-0.006223766373367945,-0.006243607643209214,-0.005667382857067853,-0.005667382857067853,-0.005687224126909122
2015-08-05,0.014915201366514745,0.014915201366514745,0.014895360096673475,-0.005379139404338831,-0.005379139404338831,-0.005398980674180101,0.005308984329619827,0.005308984329619827,0.005289143059778558,-0.005452778893086936,-0.005452778893086936,-0.005472620162928206,0.0029977967961005436,0.0029977967961005436,0.0029779555262592736
2015-08-06,-0.02891938555573082,-0.02891938555573082,-0.028939226825572092,-0.0004443897101113897,-0.0004443897101113897,-0.00046423097995265954,-0.013096138275946547,-0.013096138275946547,-0.013115979545787818,0.0056467590792648875,0.0056467590792648875,0.005626917809423618,0.010773488028573551,0.010773488028573551,0.01075364675873228
2015-08-07,0.016883708715479867,0.016883708715479867,0.016863867445638597,-0.0043951129149125715,-0.0043951129149125715,-0.004414954184753841,0.008178235935150656,0.008178235935150656,0.008158394665309385,0.0032892541447479447,0.0032892541447479447,0.0032694128749066746,-0.009362736319744323,-0.009362736319744323,-0.009382577589585593
2015-08-10,-0.030604496681208692,-0.030604496681208692,-0.030624337951049962,0.010744519809614952,0.010744519809614952,0.010724678539773682,-0.008819653387977947,-0.008819653387977947,-0.008839494657819217,-0.0009419593063350812,-0.0009419593063350812,-0.0009618005761763511,0.01729537960496769,0.01729537960496769,0.01727553833512642
2015-08-11,0.0173221567115074,0.0173221567115074,0.01730231544166613,-0.004822869081400923,-0.004822869081400923,-0.0048427103512421925,0.0012050328515272146,0.0012050328515272146,0.0011851915816859448,0.00848775370518802,0.00848775370518802,0.00846791243534675,-0.00659246600805548,-0.00659246600805548,-0.0066123072778967494
2015-08-12,-0.0139777067943629,-0.0139777067943629,-0.01399754806420417,0.009850814106106106,0.009850814106106106,0.009830972836264835,-0.011698105903705742,-0.011698105903705742,-0.011717947173547013,0.0035648234263273623,0.0035648234263273623,0.0035449821564860922,0.008454824282178279,0.008454824282178279,0.008434983012337008
2015-08-13,0.025931131812798,0.025931131812798,0.025911290542956728,-0.00619467172816721,-0.00619467172816721,-0.00621451299800848,0.015286217530992022,0.015286217530992022,0.015266376261150752,-0.005737393507024889,-0.005737393507024889,-0.005757234776866158,-0.008726191889384382,-0.008726191889384382,-0.008746033159225652
2015-08-14,0.0032249376101605477,0.0032249376101605477,0.0032050963403192777,-0.00035123332678470124,-0.00035123332678470124,-0.00037107459662597106,0.003718642667899671,0.003718642667899671,0.003698801398058401,0.00037389778145449117,0.00037389778145449117,0.00035405651161322135,-0.0037552259420040868,-0.0037552259420040868,-0.003775067211845357
2015-08-17,0.003928876091404112,0.003928876091404112,0.0039090348215628425,0.0038402750162268317,0.0038402750162268317,0.0038204337463855617,-0.0002724704705122645,-0.0002724704705122645,-0.0002923117403535343,-0.0023428471644716654,-0.0023428471644716654,-0.0023626884343129354,0.0016473744956330585,0.0016473744956330585,0.0016275332257917887
2015-08-18,0.00988453921649508,0.00988453921649508,0.00986469794665381,-0.0069300555423545945,-0.0069300555423545945,-0.006949896812195864,-0.0010276057524055868,-0.0010276057524055868,-0.0010474470222468567,-0.0015189469328971712,-0.0015189469328971712,-0.001538788202738441,-0.002748526241118504,-0.002748526241118504,-0.002768367510959774
2015-08-19,0.015007654937270637,0.015007654937270637,0.014987813667429366,-0.0027489005416668315,-0.0027489005416668315,-0.0027687418115081015,0.010459989757919473,0.010459989757919473,0.010440148488078203,0.004644978464679148,0.004644978464679148,0.004625137194837878,-0.0006444798033910192,-0.0006444798033910192,-0.000664321073232289
2015-08-20,0.00046836182664607823,0.00046836182664607823,0.0004485205568048084,0.0019106909473995625,0.0019106909473995625,0.0018908496775582927,0.0005644171661751043,0.0005644171661751043,0.0005445758963338345,0.009932900025041907,0.009932900025041907,0.009913058755200637,-0.0021933218487447136,-0.0021933218487447136,-0.0022131631185859837
2015-08-21,-0.011726475514738368,-0.011726475514738368,-0.011746316784579639,0.010168101240031835,0.010168101240031835,0.010148259970190565,-0.006842452063946607,-0.006842452063946607,-0.006862293333787877,0.007245779710203458,0.007245779710203458,0.007225938440362188,-0.0075355008132386575,-0.0075355008132386575,-0.007555342083079927
2015-08-24,0.014459459255181944,0.014459459255181944,0.014439617985340674,-0.00495550395792186,-0.00495550395792186,-0.0049753452277631295,0.007207325208421531,0.007207325208421531,0.007187483938580261,0.0007535153796260734,0.0007535153796260734,0.0007336741097848036,0.0006324952035652613,0.0006324952035652613,0.0006126539337239915
2015-08-25,0.0036347327117339564,0.0036347327117339564,0.0036148914418926864,-0.011060838097409542,-0.011060838097409542,-0.011080679367250813,-0.005472853308177421,-0.005472853308177421,-0.00549269457801869,-0.008462544567562867,-0.008462544567562867,-0.008482385837404138,0.0012837778894108664,0.0012837778894108664,0.0012639366195695966
2015-08-26,0.013799816562614569,0.013799816562614569,0.013779975292773299,-0.007264259990709337,-0.007264259990709337,-0.0072841012605506066,0.0034543711941073464,0.0034543711941073464,0.0034345299242660764,-0.012214369888652658,-0.012214369888652658,-0.012234211158493928,-0.007734655526112154,-0.007734655526112154,-0.0077544967959534234
2015-08-27,-0.046851116877233506,-0.046851116877233506,-0.04687095814707477,0.011149478874971452,0.011149478874971452,0.011129637605130182,-0.018825154323381964,-0.018825154323381964,-0.018844995593223234,-0.000972945715259005,-0.000972945715259005,-0.0009927869851002748,0.021786252214528977,0.021786252214528977,0.021766410944687706
2015-08-28,-0.01658885754158978,-0.01658885754158978,-0.01660869881143105,0.008837241142769679,0.008837241142769679,0.008817399872928408,-0.00841440197779533,-0.00841440197779533,-0.0084342432476366,-0.00011445001425466829,-0.00011445001425466829,-0.00013429128409593813,0.009559117110016294,0.009559117110016294,0.009539275840175023
2015-08-31,-0.01833607151216722,-0.01833607151216722,-0.01835591278200849,0.004232709895131604,0.004232709895131604,0.004212868625290334,-0.014060978296286147,-0.014060978296286147,-0.014080819566127417,-0.002423997433087786,-0.002423997433087786,-0.002443838702929056,0.009831967615311818,0.009831967615311818,0.009812126345470547
2015-09-01,0.009072724366606173,0.009841955135836942,0.009276634277430426,-0.0058678037032043225,-0.003617803703204322,-0.0052336588508964145,-0.007439604651124289,-0.004239604651124289,-0.006609361875782735,-0.009434589445873024,-0.006484589445873024,-0.00866698136719308,-0.010053987719547259,-0.00715398771954726,-0.00923866572401696
2015-09-02,0.010784897685742542,0.010784897685742542,0.010765056415901272,-0.003849521109508475,-0.003849521109508475,-0.003869362379349745,-0.005483187848051782,-0.005483187848051782,-0.005503029117893052,-0.008315350397538866,-0.008315350397538866,-0.008335191667380136,-0.0070913381268441515,-0.0070913381268441515,-0.007111179396685421
2015-09-03,-0.00486785503134377,-0.00486785503134377,-0.00488769630118504,-0.0005137060947362354,-0.0005137060947362354,-0.0005335473645775052,0.002564634298650048,0.002564634298650048,0.002544793028808778,0.003334402939963086,0.003334402939963086,0.003314561670121816,0.004573213149324523,0.004573213149324523,0.004553371879483253
2015-09-04,0.007956615382066734,0.007956615382066734,0.007936774112225464,-0.0031602850568967613,-0.0031602850568967613,-0.0031801263267380313,-0.0034378525651406183,-0.0034378525651406183,-0.0034576938349818883,-0.004432696827549504,-0.004432696827549504,-0.004452538097390773,-0.006581240116508561,-0.006581240116508561,-0.0066010813863498306
2015-09-08,0.004749077264138699,0.004749077264138699,0.004729235994297429,0.001228495376279279,0.001228495376279279,0.0012086541064380092,-0.001828792985546049,-0.001828792985546049,-0.0018486342553873188,-0.00023333789182061228,-0.00023333789182061228,-0.0002531791616618821,0.0033703677498738973,0.0033703677498738973,0.0033505264800326273
2015-09-09,0.005334864232341809,0.005334864232341809,0.005315022962500539,-6.097093466572419e-06,-6.097093466572419e-06,-2.593836330784226e-05,-0.0018788991807845048,-0.0018788991807845048,-0.0018987404506257746,-0.0013195443410214975,-0.0013195443410214975,-0.0013393856108627673,-0.0013918988372315121,-0.0013918988372315121,-0.001411740107072782
2015-09-10,0.004449994945781529,0.004449994945781529,0.0044301536759402595,-0.000978281131630487,-0.000978281131630487,-0.0009981224014717568,0.0006478759876889118,0.0006478759876889118,0.000628034717847642,-0.001442350649429872,-0.001442350649429872,-0.001462191919271142,-0.0012567500989970363,-0.0012567500989970363,-0.0012765913688383061
2015-09-11,0.015146177890424252,0.015146177890424252,0.015126336620582981,-0.00506775230648501,-0.00506775230648501,-0.00508759357632628,-0.00654130393916061,-0.00654130393916061,-0.006561145209001879,-0.006739974288384848,-0.006739974288384848,-0.006759815558226118,-0.008306893188537008,-0.008306893188537008,-0.008326734458378279
2015-09-14,0.0038592670153445637,0.0038592670153445637,0.0038394257455032937,-0.0018976264631356766,-0.0018976264631356766,-0.0019174677329769465,0.004058098032524166,0.004058098032524166,0.0040382567626828965,0.0016213079981012319,0.0016213079981012319,0.001601466728259962,0.0001995816026076039,0.0001995816026076039,0.00017974033276633406
2015-09-15,-0.00354970331054424,-0.00354970331054424,-0.00356954458038551,-0.0036713326968608817,-0.0036713326968608817,-0.0036911739667021518,0.005752074493193473,0.005752074493193473,0.005732233223352204,0.002555865483535894,0.002555865483535894,0.002536024213694624,0.001752631422565271,0.001752631422565271,0.001732790152724001
2015-09-16,-0.027710030111855993,-0.027710030111855993,-0.027729871381697264,0.016082641681271274,0.016082641681271274,0.016062800411430003,0.0045072149128254305,0.0045072149128254305,0.004487373642984161,0.014637747191918293,0.014637747191918293,0.014617905922077023,0.012453150429458446,0.012453150429458446,0.012433309159617175
2015-09-17,0.014919799625865829,0.014919799625865829,0.014899958356024558,-0.00739339671353593,-0.00739339671353593,-0.0074132379833772,0.0018554634777326142,0.0018554634777326142,0.0018356222078913444,-0.0028029163968764986,-0.0028029163968764986,-0.0028227576667177686,-0.004685270809227663,-0.004685270809227663,-0.004705112079068933
2015-09-18,0.014281359438121664,0.014281359438121664,0.014261518168280394,-0.004757642461116039,-0.004757642461116039,-0.0047774837309573085,-0.008088499631193072,-0.008088499631193072,-0.008108340901034343,-0.008419431295842435,-0.008419431295842435,-0.008439272565683706,-0.008452616499971304,-0.008452616499971304,-0.008472457769812574
2015-09-21,0.003392206576610844,0.003392206576610844,0.003372365306769574,-0.007979195602474424,-0.007979195602474424,-0.007999036872315695,-0.0029477143007326373,-0.0029477143007326373,-0.0029675555705739073,-0.005545495175005676,-0.005545495175005676,-0.0055653364448469455,-0.0013725665838201972,-0.0013725665838201972,-0.001392407853661467
2015-09-22,0.00848208403756594,0.00848208403756594,0.00846224276772467,-0.009801060461941673,-0.009801060461941673,-0.009820901731782943,-0.002127536382622242,-0.002127536382622242,-0.002147377652463512,-0.01013716296401502,-0.01013716296401502,-0.010157004233856291,-0.004586704537163269,-0.004586704537163269,-0.004606545807004539
2015-09-23,0.024200574414871327,0.024200574414871327,0.024180733145030057,-0.011900870422270914,-0.011900870422270914,-0.011920711692112184,-0.005836855083682836,-0.005836855083682836,-0.005856696353524106,-0.015997830830799052,-0.015997830830799052,-0.016017672100640323,-0.008478515320221288,-0.008478515320221288,-0.008498356590062558
2015-09-24,-0.00470288662663603,-0.00470288662663603,-0.0047227278964773,0.0014756315251195809,0.0014756315251195809,0.001455790255278311,0.0018164587933852203,0.0018164587933852203,0.0017966175235439505,0.004542727501454983,0.004542727501454983,0.004522886231613714,0.0028445287931293008,0.0028445287931293008,0.0028246875232880307
2015-09-25,-0.002130685107328113,-0.002130685107328113,-0.0021505263771693832,-0.004368441294634222,-0.004368441294634222,-0.004388282564475492,-0.0014494339575396944,-0.0014494339575396944,-0.0014692752273809642,-0.000576265392339334,-0.000576265392339334,-0.0005961066621806039,0.0016544167307975528,0.0016544167307975528,0.001634575460956283
2015-09-28,0.005519517567590498,0.005519517567590498,0.005499676297749228,-0.007525758505902005,-0.007525758505902005,-0.007545599775743274,0.00321648793526127,0.00321648793526127,0.00319664666542,0.004470030489224247,0.004470030489224247,0.004450189219382977,-0.0012431681516026543,-0.0012431681516026543,-0.001263009421443924
2015-09-29,-0.0014370420402757948,-0.0014370420402757948,-0.0014568833101170646,-0.0014325537381038593,-0.0014325537381038593,-0.0014523950079451291,0.000414033535468014,0.000414033535468014,0.00039419226562674415,-2.669038162973216e-05,-2.669038162973216e-05,-4.6531651471002e-05,0.002015416845819307,0.002015416845819307,0.001995575575978037
2015-09-30,-0.007067754412385126,-0.007067754412385126,-0.0070875956822263955,0.008672392796862983,0.008672392796862983,0.008652551527021712,-0.010917967735109571,-0.010917967735109571,-0.010937809004950842,-0.001276722481332461,-0.001276722481332461,-0.0012965637511737308,0.0025380532932606495,0.0025380532932606495,0.0025182120234193794
2015-10-01,0.022303673979301362,0.02307290474853213,0.022507764565126834,-0.01434431490722609,-0.01229431490722609,-0.013764288137990272,-0.010635360958640507,-0.007885360958640506,-0.010649225535820329,-0.017282199001545772,-0.014582199001545771,-0.016824627552252277,-0.009903378111133555,-0.007203378111133555,-0.009400734034051643
2015-10-02,-0.03232997881215926,-0.03232997881215926,-0.032349820082000526,0.02151798702084475,0.02151798702084475,0.021498145751003478,0.008508233757493728,0.008508233757493728,0.008488392487652457,0.01941061494151041,0.01941061494151041,0.01939077367166914,0.018986485756143975,0.018986485756143975,0.018966644486302704
2015-10-05,-0.029522976580754187,-0.029522976580754187,-0.029542817850595458,0.017137400279794816,0.017137400279794816,0.017117559009953546,0.019318323836671772,0.019318323836671772,0.0192984825668305,0.02438944353480043,0.02438944353480043,0.02436960226495916,0.01897398854943259,0.01897398854943259,0.01895414727959132
2015-10-06,-0.0449939561661097,-0.0449939561661097,-0.045013797435950964,0.022167718901906906,0.022167718901906906,0.022147877632065636,0.02720089709344036,0.02720089709344036,0.02718105582359909,0.03110407837505427,0.03110407837505427,0.031084237105213,0.027801685549305906,0.027801685549305906,0.027781844279464635
2015-10-07,-0.011137976335232622,-0.011137976335232622,-0.011157817605073892,0.006966318242569269,0.006966318242569269,0.006946476972728,0.006041039498657588,0.006041039498657588,0.0060211982288163185,0.012709009717147546,0.012709009717147546,0.012689168447306276,0.010596645890651336,0.010596645890651336,0.010576804620810065
2015-10-08,-0.014571529343470826,-0.014571529343470826,-0.014591370613312097,0.008371995658666387,0.008371995658666387,0.008352154388825117,0.007928472912202791,0.007928472912202791,0.007908631642361521,0.009160974647620649,0.009160974647620649,0.009141133377779378,0.00972219347738847,0.00972219347738847,0.009702352207547199
2015-10-09,0.011014184601495561,0.011014184601495561,0.010994343331654291,-0.006271050329330697,-0.006271050329330697,-0.006290891599171966,-0.0001732925891145625,-0.0001732925891145625,-0.00019313385895583233,-0.0028069657481583857,-0.0028069657481583857,-0.0028268070179996558,-0.0009067625290813096,-0.0009067625290813096,-0.0009266037989225794
2015-10-12,0.026260219163137134,0.026260219163137134,0.026240377893295863,-0.019224631911489345,-0.019224631911489345,-0.019244473181330615,-0.008338585139395031,-0.008338585139395031,-0.008358426409236301,-0.0201474417104645,-0.0201474417104645,-0.02016728298030577,-0.013878481890862599,-0.013878481890862599,-0.01389832316070387
2015-10-13,-0.001959924426698095,-0.001959924426698095,-0.001979765696539365,-0.007612865700866799,-0.007612865700866799,-0.007632706970708069,-0.005461030464227335,-0.005461030464227335,-0.0054808717340686045,-0.00576805799497122,-0.00576805799497122,-0.00578789926481249,-0.005131739866244905,-0.005131739866244905,-0.005151581136086175
2015-10-14,-0.02200834643323549,-0.02200834643323549,-0.02202818770307676,0.020365545011651512,0.020365545011651512,0.02034570374181024,-0.0030951288881003753,-0.0030951288881003753,-0.0031149701579416453,0.009621433211860243,0.009621433211860243,0.009601591942018973,0.010971437985050493,0.010971437985050493,0.010951596715209223
2015-10-15,0.0069361004528703755,0.0069361004528703755,0.006916259183029106,-0.0010077487607760285,-0.0010077487607760285,-0.0010275900306172983,0.0018017209079537358,0.0018017209079537358,0.001781879638112466,0.0009784944641918318,0.0009784944641918318,0.000958653194350562,-0.0013864834164271245,-0.0013864834164271245,-0.0014063246862683944
2015-10-16,0.027823579867939176,0.027823579867939176,0.027803738598097906,-0.024638464227706144,-0.024638464227706144,-0.024658305497547415,0.004077401132893209,0.004077401132893209,0.0040575598630519395,-0.013433122531641207,-0.013433122531641207,-0.013452963801482478,-0.009464964276412441,-0.009464964276412441,-0.009484805546253711
2015-10-19,0.013120312690751975,0.013120312690751975,0.013100471420910705,-0.010355416384919987,-0.010355416384919987,-0.010375257654761258,-0.008255575136837811,-0.008255575136837811,-0.008275416406679082,-0.011514029180754434,-0.011514029180754434,-0.011533870450595705,-0.008791976294713327,-0.008791976294713327,-0.008811817564554597
2015-10-20,-0.004601405663611566,-0.004601405663611566,-0.004621246933452836,0.004887182198540696,0.004887182198540696,0.004867340928699427,0.004884406419337793,0.004884406419337793,0.004864565149496523,0.007377479538125332,0.007377479538125332,0.007357638268284062,0.007661143631033039,0.007661143631033039,0.007641302361191769
2015-10-21,0.007790147392563099,0.007790147392563099,0.0077703061227218295,-0.005321407724011767,-0.005321407724011767,-0.005341248993853037,0.0022216305008943586,0.0022216305008943586,0.0022017892310530886,0.0006306690644985002,0.0006306690644985002,0.0006108277946572304,0.003763191007930973,0.003763191007930973,0.003743349738089703
2015-10-22,-0.00026577583963987563,-0.00026577583963987563,-0.00028561710948114545,-0.013067384346225506,-0.013067384346225506,-0.013087225616066777,-0.003971193121661486,-0.003971193121661486,-0.003991034391502756,-0.002073123278204668,-0.002073123278204668,-0.002092964548045938,0.0033382331569094892,0.0033382331569094892,0.003318391887068219
2015-10-23,0.006408189454075758,0.006408189454075758,0.006388348184234488,-0.003179414978829031,-0.003179414978829031,-0.003199256248670301,-0.0025532430350110407,-0.0025532430350110407,-0.0025730843048523107,-0.0115050850730352,-0.0115050850730352,-0.01152492634287647,-0.0017226268400024718,-0.0017226268400024718,-0.0017424681098437416
2015-10-26,0.02288483457897898,0.02288483457897898,0.02286499330913771,-0.01812745813055485,-0.01812745813055485,-0.01814729940039612,-0.010715203290906774,-0.010715203290906774,-0.010735044560748044,-0.02154767298319032,-0.02154767298319032,-0.02156751425303159,-0.017952828262995938,-0.017952828262995938,-0.01797266953283721
2015-10-27,0.02228657166274388,0.02228657166274388,0.022266730392902608,-0.013698621404479208,-0.013698621404479208,-0.013718462674320479,-0.01819792336246128,-0.01819792336246128,-0.01821776463230255,-0.01881180497834499,-0.01881180497834499,-0.01883164624818626,-0.019427407900783393,-0.019427407900783393,-0.019447249170624663
2015-10-28,-0.015186632900339368,-0.015186632900339368,-0.015206474170180638,0.011390705259282327,0.011390705259282327,0.011370863989441057,0.006477296387402273,0.006477296387402273,0.006457455117561003,0.013383625530527181,0.013383625530527181,0.01336378426068591,0.009979069608394817,0.009979069608394817,0.009959228338553547
2015-10-29,-0.001599090576561561,-0.001599090576561561,-0.0016189318464028307,-0.004753842064724235,-0.004753842064724235,-0.0047736833345655046,0.002834480908574907,0.002834480908574907,0.002814639638733637,-0.0010544835495080156,-0.0010544835495080156,-0.0010743248193492854,0.0020020655443158232,0.0020020655443158232,0.001982224274474553
2015-10-30,-0.00918283055726988,-0.00918283055726988,-0.009202671827111151,0.0211189181880483,0.0211189181880483,0.02109907691820703,0.005449566864708285,0.005449566864708285,0.005429725594867016,0.012181515894575178,0.012181515894575178,0.012161674624733908,0.01071832217405274,0.01071832217405274,0.01069848090421147
2015-11-02,-0.021980397390729163,-0.021108602518934292,-0.021746497732331005,0.019525653427583837,0.021075653427583836,0.019957988168372683,0.0031950115932236566,0.006045011593223657,0.003999708031905324,0.009651970636370607,0.012201970636370607,0.010375861349133993,0.01330888059514767,0.01610888059514767,0.01409972621761916
2015-11-03,-0.021240237042493906,-0.021240237042493906,-0.021260078312335177,0.012593583594990142,0.012593583594990142,0.012573742325148872,-0.009085973637873494,-0.009085973637873494,-0.009105814907714765,0.003132248496826872,0.003132248496826872,0.003112407226985602,0.009936287160558124,0.009936287160558124,0.009916445890716854
2015-11-04,-0.0013459149237230834,-0.0013459149237230834,-0.0013657561935643532,-0.005133893982632696,-0.005133893982632696,-0.005153735252473966,0.0009313783500912165,0.0009313783500912165,0.0009115370802499467,-0.0022173181377519034,-0.0022173181377519034,-0.0022371594075931735,0.003599069878971111,0.003599069878971111,0.003579228609129841
2015-11-05,0.019685170303556935,0.019685170303556935,0.019665329033715664,-0.016580241246689366,-0.016580241246689366,-0.016600082516530636,0.0009264789006801522,0.0009264789006801522,0.0009066376308388824,-0.009571771949954214,-0.009571771949954214,-0.009591613219795484,-0.006941006222174231,-0.006941006222174231,-0.0069608474920155
2015-11-06,0.00586269905042809,0.00586269905042809,0.005842857780586821,0.008795043875275589,0.008795043875275589,0.008775202605434318,-0.012092566607424516,-0.012092566607424516,-0.012112407877265786,-0.004643664052751455,-0.004643664052751455,-0.004663505322592724,0.0071095241738596835,0.0071095241738596835,0.007089682904018414
2015-11-09,-0.0008132692129949543,-0.0008132692129949543,-0.0008331104828362241,-0.005811174303117955,-0.005811174303117955,-0.0058310155729592245,0.0016650097447874796,0.0016650097447874796,0.0016451684749462098,-0.00377528914223581,-0.00377528914223581,-0.00379513041207708,-0.0038442088530184055,-0.0038442088530184055,-0.0038640501228596755
2015-11-10,0.009041860075226327,0.009041860075226327,0.009022018805385057,-0.010820445531464077,-0.010820445531464077,-0.010840286801305348,0.0061631553338120796,0.0061631553338120796,0.00614331406397081,-0.0067836281978982905,-0.0067836281978982905,-0.00680346946773956,-0.006473147441754621,-0.006473147441754621,-0.006492988711595891
2015-11-11,0.02178411719294244,0.02178411719294244,0.021764275923101168,-0.015543113061344122,-0.015543113061344122,-0.015562954331185392,0.007787497735988943,0.007787497735988943,0.007767656466147674,-0.016113359379008596,-0.016113359379008596,-0.016133200648849867,-0.019253594483168535,-0.019253594483168535,-0.019273435753009806
2015-11-12,0.005809271271185585,0.005809271271185585,0.005789430001344315,-0.01229572501854967,-0.01229572501854967,-0.01231556628839094,-0.001320939519210113,-0.001320939519210113,-0.0013407807890513828,-0.01015026411704862,-0.01015026411704862,-0.01017010538688989,-0.009280167291437078,-0.009280167291437078,-0.009300008561278349
2015-11-13,-0.00547358409442742,-0.00547358409442742,-0.0054934253642686896,-0.0002616875473148675,-0.0002616875473148675,-0.0002815288171561373,0.008818798188274343,0.008818798188274343,0.008798956918433073,0.012447547183056178,0.012447547183056178,0.012427705913214907,0.0027989909901917744,0.0027989909901917744,0.0027791497203505044
2015-11-16,-0.011034093509088802,-0.011034093509088802,-0.011053934778930073,0.0009840512890098266,0.0009840512890098266,0.0009642100191685568,0.006526220120078009,0.006526220120078009,0.00650637885023674,0.004905436489487824,0.004905436489487824,0.004885595219646555,0.008981302908042483,0.008981302908042483,0.008961461638201213
2015-11-17,0.012201058748196218,0.012201058748196218,0.012181217478354947,-0.007764662905673651,-0.007764662905673651,-0.0077845041755149206,-0.0038471488775175646,-0.0038471488775175646,-0.0038669901473588346,-0.008253984080691048,-0.008253984080691048,-0.008273825350532319,-0.006370634469102676,-0.006370634469102676,-0.006390475738943946
2015-11-18,-0.004057769515623071,-0.004057769515623071,-0.004077610785464341,0.012544579370053622,0.012544579370053622,0.012524738100212351,-0.006786502606211151,-0.006786502606211151,-0.006806343876052421,0.006443721085359254,0.006443721085359254,0.006423879815517984,0.00656863170469155,0.00656863170469155,0.00654879043485028
2015-11-19,0.0066777775076267525,0.0066777775076267525,0.006657936237785483,-0.010749381035990815,-0.010749381035990815,-0.010769222305832086,0.005018859240899324,0.005018859240899324,0.004999017971058054,-0.0041454131754948085,-0.0041454131754948085,-0.004165254445336078,-0.005629213012906406,-0.005629213012906406,-0.005649054282747676
2015-11-20,0.014128202940807393,0.014128202940807393,0.014108361670966123,-0.0035620670315927106,-0.0035620670315927106,-0.0035819083014339806,0.0031350392942461587,0.0031350392942461587,0.0031151980244048887,0.0020484506226340297,0.0020484506226340297,0.0020286093527927596,-0.0007725299179708683,-0.0007725299179708683,-0.0007923711878121381
2015-11-23,-0.00024276663706336663,-0.00024276663706336663,-0.00026260790690463645,-0.0002736286252367911,-0.0002736286252367911,-0.0002934698950780609,-0.0034885734458512587,-0.0034885734458512587,-0.0035084147156925287,-0.0032846633090441524,-0.0032846633090441524,-0.0033045045788854224,-0.0026790055954510595,-0.0026790055954510595,-0.0026988468652923295
2015-11-24,-0.022002855166811847,-0.022002855166811847,-0.022022696436653118,0.020959127855617005,0.020959127855617005,0.020939286585775735,-0.005473911020544064,-0.005473911020544064,-0.005493752290385334,0.011158253537826257,0.011158253537826257,0.011138412267984987,0.013770743135422703,0.013770743135422703,0.013750901865581432
2015-11-25,0.005354473005328262,0.005354473005328262,0.005334631735486993,-0.0026352949346557324,-0.0026352949346557324,-0.0026551362044970024,0.0036655822557767346,0.0036655822557767346,0.0036457409859354645,-0.0009076247753749152,-0.0009076247753749152,-0.000927466045216185,-0.008638053146275223,-0.008638053146275223,-0.008657894416116493
2015-11-27,0.015399340983877734,0.015399340983877734,0.015379499714036463,-0.009615518107557154,-0.009615518107557154,-0.009635359377398425,9.650097929569945e-05,9.650097929569945e-05,7.665970945442961e-05,-0.0068637179115913554,-0.0068637179115913554,-0.006883559181432625,-0.008940959516491582,-0.008940959516491582,-0.008960800786332853
2015-11-30,-0.01903826098837997,-0.01903826098837997,-0.01905810225822124,0.014382450582804133,0.014382450582804133,0.014362609312962862,-0.0025395011120300875,-0.0025395011120300875,-0.0025593423818713575,0.007663213545076375,0.007663213545076375,0.007643372275235105,0.009149225369072032,0.009149225369072032,0.009129384099230762
2015-12-01,0.004238438480151869,0.005388438480151869,0.004333828327445056,-0.0017634283964211976,3.657160357880239e-05,-0.0014791701070166346,-0.0005715843265195592,0.0022784156734804413,-0.00039862676099278725,-0.004189222252659223,-0.0014892222526592229,-0.003646924380383203,-0.0016277144564275118,0.0010222855435724886,-0.0010998399913182174
2015-12-02,0.017424104089357566,0.017424104089357566,0.017404262819516295,-0.01703837480422198,-0.01703837480422198,-0.01705821607406325,-0.0025494273305047385,-0.0025494273305047385,-0.0025692686003460086,-0.011611854077995509,-0.011611854077995509,-0.01163169534783678,-0.010174621615345597,-0.010174621615345597,-0.010194462885186868
2015-12-03,-0.0035419381374911497,-0.0035419381374911497,-0.0035617794073324197,5.115812834436025e-07,5.115812834436025e-07,-1.932968855782624e-05,0.0032559046513725293,0.0032559046513725293,0.0032360633815312592,-0.00046285515222360706,-0.00046285515222360706,-0.0004826964220648769,-0.0034645119878288708,-0.0034645119878288708,-0.003484353257670141
2015-12-04,0.03369405114409903,0.03369405114409903,0.03367420987425776,-0.03456107173160215,-0.03456107173160215,-0.03458091300144342,0.0050876213935445724,0.0050876213935445724,0.005067780123703303,-0.023920399168427715,-0.023920399168427715,-0.023940240438268985,-0.024231257270192475,-0.024231257270192475,-0.024251098540033746
2015-12-07,0.019812507527338524,0.019812507527338524,0.019792666257497253,-0.02529955766999816,-0.02529955766999816,-0.025319398939839432,0.011884672699588346,0.011884672699588346,0.011864831429747076,-0.01170714812596426,-0.01170714812596426,-0.011726989395805531,-0.013460014314232546,-0.013460014314232546,-0.013479855584073816
2015-12-08,0.020991387941186865,0.020991387941186865,0.020971546671345594,-0.00880060181208954,-0.00880060181208954,-0.00882044308193081,0.00016361087661892525,0.00016361087661892525,0.0001437696067776554,-0.0053622470519579975,-0.0053622470519579975,-0.005382088321799267,-0.006782420117147273,-0.006782420117147273,-0.006802261386988542
2015-12-09,-0.026421274140291162,-0.026421274140291162,-0.026441115410132433,0.01822796674209943,0.01822796674209943,0.01820812547225816,0.007284513466417165,0.007284513466417165,0.007264672196575895,0.016324869567714038,0.016324869567714038,0.016305028297872767,0.021524987033230088,0.021524987033230088,0.021505145763388817
2015-12-10,-0.003427231896365028,-0.003427231896365028,-0.003447073166206298,0.0025185511852376255,0.0025185511852376255,0.0024987099153963555,-0.0027494268359269367,-0.0027494268359269367,-0.0027692681057682068,-0.004801781776662234,-0.004801781776662234,-0.004821623046503504,-0.0017252623182827218,-0.0017252623182827218,-0.0017451035881239916
2015-12-11,0.016348214268933382,0.016348214268933382,0.016328372999092112,-0.01555172215158211,-0.01555172215158211,-0.01557156342142338,0.007471295703134776,0.007471295703134776,0.007451454433293507,-0.00543563851931354,-0.00543563851931354,-0.005455479789154809,-0.008668682542585723,-0.008668682542585723,-0.008688523812426994
2015-12-14,0.022516801467317812,0.022516801467317812,0.022496960197476542,-0.02207582371758252,-0.02207582371758252,-0.02209566498742379,0.003986523556493707,0.003986523556493707,0.003966682286652437,-0.01753782678350703,-0.01753782678350703,-0.0175576680533483,-0.01130627875023815,-0.01130627875023815,-0.011326120020079421
2015-12-15,-0.0023638940210017672,-0.0023638940210017672,-0.0023837352908430373,0.000572507625202264,0.000572507625202264,0.0005526663553609942,-0.011312931382453473,-0.011312931382453473,-0.011332772652294744,-0.004802145896238409,-0.004802145896238409,-0.0048219871660796785,-0.004237712460303364,-0.004237712460303364,-0.004257553730144634
2015-12-16,0.007290998957236125,0.007290998957236125,0.007271157687394856,-0.0005993846345330235,-0.0005993846345330235,-0.0006192259043742933,0.0036481880640103735,0.0036481880640103735,0.0036283467941691035,0.0020230847167516603,0.0020230847167516603,0.0020032434469103902,0.0019999307565497387,0.0019999307565497387,0.0019800894867084686
2015-12-17,0.009825235138519874,0.009825235138519874,0.009805393868678604,-0.012155515348836476,-0.012155515348836476,-0.012175356618677746,0.004748702889451324,0.004748702889451324,0.004728861619610054,-0.004509150732381329,-0.004509150732381329,-0.004528992002222599,-0.00593967214008882,-0.00593967214008882,-0.0059595134099300895
2015-12-18,-0.01313933216850784,-0.01313933216850784,-0.01315917343834911,0.013983928382170146,0.013983928382170146,0.013964087112328875,0.005984813326142102,0.005984813326142102,0.005964972056300833,0.011434569221820963,0.011434569221820963,0.011414727951979693,0.009886878476619801,0.009886878476619801,0.00986703720677853
2015-12-21,-0.0075471403749778985,-0.0075471403749778985,-0.007566981644819168,0.008040733310662643,0.008040733310662643,0.008020892040821372,0.0007928610082112019,0.0007928610082112019,0.000773019738369932,0.004724615740571821,0.004724615740571821,0.004704774470730551,0.00813340728666764,0.00813340728666764,0.00811356601682637
2015-12-22,-0.008534734770064443,-0.008534734770064443,-0.008554576039905714,0.004069876784410545,0.004069876784410545,0.004050035514569276,-0.001280672013540696,-0.001280672013540696,-0.0013005132833819658,0.0029821565479133494,0.0029821565479133494,0.0029623152780720793,0.0064955220081131665,0.0064955220081131665,0.006475680738271897
2015-12-23,-0.035275387773636924,-0.035275387773636924,-0.03529522904347819,0.024336204721594985,0.024336204721594985,0.024316363451753715,-0.003224659864503312,-0.003224659864503312,-0.0032445011343445822,0.02216873960082856,0.02216873960082856,0.02214889833098729,0.02207040316557627,0.02207040316557627,0.022050561895735
2015-12-24,0.0007020360037789416,0.0007020360037789416,0.0006821947339376718,-0.0006173022931526412,-0.0006173022931526412,-0.000637143562993911,0.0033726399558158485,0.0033726399558158485,0.0033527986859745785,-0.0002998367378390017,-0.0002998367378390017,-0.00031967800768027156,-0.0015133351182932413,-0.0015133351182932413,-0.001533176388134511
2015-12-28,0.022286677020167338,0.022286677020167338,0.022266835750326067,-0.016838102055778334,-0.016838102055778334,-0.016857943325619604,-0.003395677332007679,-0.003395677332007679,-0.003415518601848949,-0.01591619700715899,-0.01591619700715899,-0.01593603827700026,-0.016474728524441956,-0.016474728524441956,-0.016494569794283227
2015-12-29,-0.0007662141457644825,-0.0007662141457644825,-0.0007860554156057523,0.0013126507963179658,0.0013126507963179658,0.001292809526476696,0.0036384583011696944,0.0036384583011696944,0.0036186170313284244,0.0021143250789308877,0.0021143250789308877,0.0020944838090896176,0.00225399064267717,0.00225399064267717,0.0022341493728359
2015-12-30,0.010809441984838018,0.010809441984838018,0.010789600714996747,-0.0055234708461701885,-0.0055234708461701885,-0.005543312116011458,0.007969431419614027,0.007969431419614027,0.007949590149772756,0.00201812889708162,0.00201812889708162,0.00199828762724035,-0.0013768600475229844,-0.0013768600475229844,-0.0013967013173642542
2015-12-31,-0.01223897919896583,-0.01223897919896583,-0.012258820468807101,0.009284994303692048,0.009284994303692048,0.009265153033850778,-0.012409039480141243,-0.012409039480141243,-0.012428880749982513,-0.0032375085926564127,-0.0032375085926564127,-0.0032573498624976827,-0.0005220086717611682,-0.0005220086717611682,-0.000541849941602438
2016-01-04,-0.02277471211260361,-0.02147471211260361,-0.022456618529814083,0.011691003433540244,0.013491003433540245,0.01219753593149195,-0.01992111041095999,-0.01777111041095999,-0.019355269618435388,0.0007801237052676982,0.0033301237052676983,0.001502882386119238,6.60458687964157e-05,0.0025660458687964158,0.0007639103725970561
2016-01-05,0.0007084329177361151,0.0007084329177361151,0.0006885916478948453,-0.013264486392082456,-0.013264486392082456,-0.013284327661923726,0.0011813876406924248,0.0011813876406924248,0.001161546370851155,-0.008018243043312265,-0.008018243043312265,-0.008038084313153535,-0.014202132800371893,-0.014202132800371893,-0.014221974070213163
2016-01-06,0.03487875503070315,0.03487875503070315,0.034858913760861886,-0.025672868247263083,-0.025672868247263083,-0.025692709517104353,0.03398460289337675,0.03398460289337675,0.03396476162353548,0.00501849604212024,0.00501849604212024,0.004998654772278971,-0.0155075215520835,-0.0155075215520835,-0.01552736282192477
2016-01-07,0.00791918978524879,0.00791918978524879,0.00789934851540752,-4.1175470600296644e-05,-4.1175470600296644e-05,-6.1016740441566486e-05,0.006824173190810992,0.006824173190810992,0.006804331920969723,0.009760197434349242,0.009760197434349242,0.009740356164507972,-0.004961504090991428,-0.004961504090991428,-0.004981345360832698
2016-01-08,-0.001957395147919567,-0.001957395147919567,-0.001977236417760837,-0.002601163369751319,-0.002601163369751319,-0.002621004639592589,0.004795139052294929,0.004795139052294929,0.0047752977824536596,0.007808270973139186,0.007808270973139186,0.007788429703297917,0.010808055620149658,0.010808055620149658,0.010788214350308387
2016-01-11,0.02103514412472684,0.02103514412472684,0.021015302854885568,-0.016852331906060523,-0.016852331906060523,-0.016872173175901794,0.02120785074082221,0.02120785074082221,0.02118800947098094,0.0007715155995878823,0.0007715155995878823,0.0007516743297466125,-0.014672205552646759,-0.014672205552646759,-0.01469204682248803
2016-01-12,0.025182002577883836,0.025182002577883836,0.025162161308042566,-0.01488361257492029,-0.01488361257492029,-0.01490345384476156,0.009771555641488246,0.009771555641488246,0.009751714371646975,0.0021229480252835655,0.0021229480252835655,0.0021031067554422955,-0.01396062986220329,-0.01396062986220329,-0.01398047113204456
2016-01-13,-0.0024912576478690186,-0.0024912576478690186,-0.0025110989177102886,-0.007306331658237459,-0.007306331658237459,-0.007326172928078728,0.0006475568809312928,0.0006475568809312928,0.000627715611090023,0.010260270847858438,0.010260270847858438,0.010240429578017168,-0.007344109902503599,-0.007344109902503599,-0.007363951172344869
2016-01-14,-0.003736549052663542,-0.003736549052663542,-0.003756390322504812,0.0022741415557662086,0.0022741415557662086,0.0022543002859249386,-0.006573166126314422,-0.006573166126314422,-0.006593007396155691,-0.005301769439793566,-0.005301769439793566,-0.005321610709634835,0.012042981226321092,0.012042981226321092,0.012023139956479821
2016-01-15,-0.0021541816843363296,-0.0021541816843363296,-0.0021740229541775996,-0.00652558381638082,-0.00652558381638082,-0.00654542508622209,-0.006138741636646346,-0.006138741636646346,-0.006158582906487616,-0.009845107409254922,-0.009845107409254922,-0.009864948679096193,-0.020767493323244055,-0.020767493323244055,-0.020787334593085325
2016-01-19,0.01763539613704853,0.01763539613704853,0.01761555486720726,-0.018656483927177076,-0.018656483927177076,-0.018676325197018347,0.028540209694156275,0.028540209694156275,0.028520368424315004,0.012293893840088426,0.012293893840088426,0.012274052570247156,-0.005314199214914007,-0.005314199214914007,-0.005334040484755277
2016-01-20,-0.0024024799691103158,-0.0024024799691103158,-0.002422321238951586,0.006802677770023047,0.006802677770023047,0.0067828365001817775,-0.005674817155672099,-0.005674817155672099,-0.0056946584255133685,0.0018023608696061929,0.0018023608696061929,0.001782519599764923,0.008991333126586707,0.008991333126586707,0.008971491856745437
2016-01-21,-0.03486561175036945,-0.03486561175036945,-0.03488545302021072,0.01596779711546477,0.01596779711546477,0.015947955845623498,-0.028209655517261567,-0.028209655517261567,-0.028229496787102838,-0.008162314020355912,-0.008162314020355912,-0.008182155290197182,0.018613302289278655,0.018613302289278655,0.018593461019437384
2016-01-22,0.01178218357268234,0.01178218357268234,0.01176234230284107,0.004340196726379166,0.004340196726379166,0.004320355456537897,0.0015352432592537942,0.0015352432592537942,0.0015154019894125243,0.007067410516189634,0.007067410516189634,0.0070475692463483645,0.007810192556426034,0.007810192556426034,0.007790351286584765
2016-01-25,0.013901085486197945,0.013901085486197945,0.013881244216356675,-0.021972676491550464,-0.021972676491550464,-0.021992517761391734,0.02562221129945673,0.02562221129945673,0.02560237002961546,0.0023357726101507336,0.0023357726101507336,0.0023159313403094636,-0.01647447820736313,-0.01647447820736313,-0.0164943194772044
2016-01-26,-0.02588704058714626,-0.02588704058714626,-0.02590688185698753,0.02352988475069704,0.02352988475069704,0.02351004348085577,-0.0232392388939556,-0.0232392388939556,-0.02325908016379687,0.0026105985889298138,0.0026105985889298138,0.0025907573190885437,0.018656597737485917,0.018656597737485917,0.018636756467644646
2016-01-27,-0.017458546181548747,-0.017458546181548747,-0.017478387451390017,0.004831379091761196,0.004831379091761196,0.0048115378219199265,-0.002850693024697523,-0.002850693024697523,-0.002870534294538793,-0.003912950489393677,-0.003912950489393677,-0.003932791759234946,-0.0012834142398649995,-0.0012834142398649995,-0.0013032555097062693
2016-01-28,0.008781666839862357,0.008781666839862357,0.008761825570021087,-0.008497760851323564,-0.008497760851323564,-0.008517602121164834,-0.004774269087788052,-0.004774269087788052,-0.004794110357629322,0.0034971253268470293,0.0034971253268470293,0.0034772840570057592,0.0025601128721848363,0.0025601128721848363,0.0025402716023435663
2016-01-29,-0.023251798514322457,-0.023251798514322457,-0.023271639784163727,0.018765038805165078,0.018765038805165078,0.018745197535323808,-0.01848981981116225,-0.01848981981116225,-0.01850966108100352,-0.0035839831697033744,-0.0035839831697033744,-0.0036038244395446444,0.010899357237003571,0.010899357237003571,0.010879515967162301
2016-02-01,0.004227637977404684,0.005327637977404685,0.004525628192325673,-0.008838179092907895,-0.007138179092907895,-0.008363768757782634,-0.02139007681012698,-0.01834007681012698,-0.020592880435774966,-0.019859270683295672,-0.01680927068329567,-0.01899847353625225,-0.018604639821153134,-0.016354639821153136,-0.018032309988351584
2016-02-02,0.004980989117293673,0.004980989117293673,0.004961147847452403,-0.017437361441732673,-0.017437361441732673,-0.017457202711573944,-0.02978975800322646,-0.02978975800322646,-0.02980959927306773,-0.025291151309722287,-0.025291151309722287,-0.025310992579563558,-0.02009724884485258,-0.02009724884485258,-0.02011709011469385
2016-02-03,-0.04109413783256073,-0.04109413783256073,-0.041113979102402,0.02587030122907672,0.02587030122907672,0.02585045995923545,0.0027602620835586187,0.0027602620835586187,0.0027404208137173486,0.020093493019841348,0.020093493019841348,0.020073651750000077,0.013995821965217833,0.013995821965217833,0.013975980695376563
2016-02-04,-0.02845555194345207,-0.02845555194345207,-0.02847539321329334,0.028457591429060496,0.028457591429060496,0.028437750159219226,0.013405410553502205,0.013405410553502205,0.013385569283660935,0.026731240908492403,0.026731240908492403,0.026711399638651132,0.02467009524217039,0.02467009524217039,0.02465025397232912
2016-02-05,-0.024427857104723394,-0.024427857104723394,-0.024447698374564664,0.004787888664468715,0.004787888664468715,0.004768047394627445,-0.0035317421277808914,-0.0035317421277808914,-0.0035515833976221614,0.009157334945039087,0.009157334945039087,0.009137493675197816,0.007034587640259275,0.007034587640259275,0.007014746370418006
2016-02-08,0.01417614582896334,0.01417614582896334,0.01415630455912207,-0.01671191747506924,-0.01671191747506924,-0.01673175874491051,-0.020453334395289843,-0.020453334395289843,-0.020473175665131113,-0.016742224416306094,-0.016742224416306094,-0.016762065686147364,-0.013961478026191017,-0.013961478026191017,-0.013981319296032288
2016-02-09,0.034147049869976825,0.034147049869976825,0.03412720860013556,-0.020365952353130712,-0.020365952353130712,-0.020385793622971982,-0.009768783902492407,-0.009768783902492407,-0.009788625172333677,-0.01604346090489355,-0.01604346090489355,-0.016063302174734822,-0.012917937345149875,-0.012917937345149875,-0.012937778614991145
2016-02-10,0.009842790440095742,0.009842790440095742,0.009822949170254471,-0.0009655397708986011,-0.0009655397708986011,-0.000985381040739871,-0.0046827165103864215,-0.0046827165103864215,-0.004702557780227691,-0.001197942002292239,-0.001197942002292239,-0.0012177832721335087,-0.006675636524308587,-0.006675636524308587,-0.006695477794149857
2016-02-11,0.007667247640126525,0.007667247640126525,0.007647406370285255,-0.010680921200659776,-0.010680921200659776,-0.010700762470501047,-0.005873280969319455,-0.005873280969319455,-0.005893122239160725,-0.013531637564840361,-0.013531637564840361,-0.013551478834681632,-0.012054592370416986,-0.012054592370416986,-0.012074433640258257
2016-02-12,-0.01826348788518748,-0.01826348788518748,-0.01828332915502875,0.01211408475483152,0.01211408475483152,0.01209424348499025,0.005682718058857666,0.005682718058857666,0.005662876789016396,0.01141781211865756,0.01141781211865756,0.01139797084881629,0.004750550461629275,0.004750550461629275,0.004730709191788005
2016-02-16,-0.014130468600515728,-0.014130468600515728,-0.014150309870356998,0.010668471340075349,0.010668471340075349,0.010648630070234078,0.0009625560362975837,0.0009625560362975837,0.0009427147664563139,0.004407131374447907,0.004407131374447907,0.004387290104606637,0.0006598473773216703,0.0006598473773216703,0.0006400061074804005
2016-02-17,-0.013055895943557206,-0.013055895943557206,-0.013075737213398476,0.015910370892583008,0.015910370892583008,0.015890529622741737,0.009768997434659416,0.009768997434659416,0.009749156164818145,0.019079772987539045,0.019079772987539045,0.019059931717697775,0.01735370502316312,0.01735370502316312,0.01733386375332185
2016-02-18,-0.013835527003128227,-0.013835527003128227,-0.013855368272969498,0.0025451345982376284,0.0025451345982376284,0.0025252933283963584,-0.006281565711803306,-0.006281565711803306,-0.006301406981644575,0.00175523169716482,0.00175523169716482,0.00173539042732355,-0.0025319919718885756,-0.0025319919718885756,-0.0025518332417298457
2016-02-19,0.028222403400436732,0.028222403400436732,0.028202562130595462,-0.018005499264862026,-0.018005499264862026,-0.018025340534703296,-0.014143739904836042,-0.014143739904836042,-0.014163581174677312,-0.020760908388645787,-0.020760908388645787,-0.020780749658487058,-0.0185750840575094,-0.0185750840575094,-0.01859492532735067
2016-02-22,-0.02055813625911479,-0.02055813625911479,-0.02057797752895606,0.01695467768203554,0.01695467768203554,0.01693483641219427,0.01545324562122881,0.01545324562122881,0.01543340435138754,0.017737492576514857,0.017737492576514857,0.017717651306673587,0.015850015601622747,0.015850015601622747,0.015830174331781476
2016-02-23,0.01755655103580738,0.01755655103580738,0.01753670976596611,-0.011630766587621248,-0.011630766587621248,-0.011650607857462518,-0.01580176646277061,-0.01580176646277061,-0.01582160773261188,-0.01628862786267459,-0.01628862786267459,-0.016308469132515862,-0.015707102122278917,-0.015707102122278917,-0.015726943392120187
2016-02-24,-0.003899287373571303,-0.003899287373571303,-0.003919128643412573,0.004198962869374798,0.004198962869374798,0.004179121599533529,0.004508755070356051,0.004508755070356051,0.004488913800514782,0.001061927336083549,0.001061927336083549,0.0010420860662422793,-0.000868943946749978,-0.000868943946749978,-0.0008887852165912478
2016-02-25,0.015214557303111859,0.015214557303111859,0.015194716033270588,-0.008387981086669128,-0.008387981086669128,-0.008407822356510398,-0.006241248132352696,-0.006241248132352696,-0.006261089402193966,-0.009325887274954155,-0.009325887274954155,-0.009345728544795425,-0.0051236454185524805,-0.0051236454185524805,-0.00514348668839375
2016-02-26,-0.015443461135264255,-0.015443461135264255,-0.015463302405105525,0.021624438943921305,0.021624438943921305,0.021604597674080035,0.01574148192762193,0.01574148192762193,0.01572164065778066,0.024180206019459378,0.024180206019459378,0.024160364749618107,0.015889861200153794,0.015889861200153794,0.015870019930312524
2016-02-29,-0.01157752003699892,-0.01157752003699892,-0.011597361306840191,0.004153683019608726,0.004153683019608726,0.0041338417497674565,0.004244846050267856,0.004244846050267856,0.004225004780426586,-0.00036815210926757725,-0.00036815210926757725,-0.00038799337910884707,0.0023549068355389925,0.0023549068355389925,0.0023350655656977225
2016-03-01,-0.005382911044794762,-0.0038829110447947627,-0.005187721834580032,0.00881944511412783,0.010419445114127832,0.00904535928206816,0.01825153038062328,0.02125153038062328,0.018833165018713904,0.01968126464169826,0.02213126464169826,0.020151273992808652,0.004430732642285185,0.006830732642285184,0.004877240395030822
2016-03-02,-0.028642914929836633,-0.028642914929836633,-0.028662756199677904,0.01269773409209931,0.01269773409209931,0.012677892822258039,0.01304489627819579,0.01304489627819579,0.013025055008354519,0.01032828416382356,0.01032828416382356,0.01030844289398229,0.015127254384011303,0.015127254384011303,0.015107413114170033
2016-03-03,-0.030362051758993935,-0.030362051758993935,-0.030381893028835205,0.023558163237144977,0.023558163237144977,0.023538321967303707,0.021688748475928322,0.021688748475928322,0.02166890720608705,0.019539032757747644,0.019539032757747644,0.019519191487906373,0.01684072676317259,0.01684072676317259,0.01682088549333132
2016-03-04,-0.03652277016991291,-0.03652277016991291,-0.03654261143975418,0.026567064891945213,0.026567064891945213,0.026547223622103943,0.027830192076441402,0.027830192076441402,0.02781035080660013,0.025264078935157145,0.025264078935157145,0.025244237665315875,0.030881066258764644,0.030881066258764644,0.030861224988923373
2016-03-07,-0.03518442610083102,-0.03518442610083102,-0.03520426737067229,0.018125079336080357,0.018125079336080357,0.018105238066239086,0.009349069698937597,0.009349069698937597,0.009329228429096326,0.012670927478834925,0.012670927478834925,0.012651086208993655,0.01678396365985728,0.01678396365985728,0.01676412239001601
2016-03-08,0.05413670932353457,0.05413670932353457,0.054116868053693305,-0.03202645334995628,-0.03202645334995628,-0.03204629461979755,-0.04617737324014409,-0.04617737324014409,-0.04619721450998536,-0.03644856088601793,-0.03644856088601793,-0.0364684021558592,-0.03403572066467281,-0.03403572066467281,-0.034055561934514075
2016-03-09,-0.00235189147965114,-0.00235189147965114,-0.00237173274949241,-0.0004396534368280047,-0.0004396534368280047,-0.0004594947066692745,0.0009885093466030072,0.0009885093466030072,0.0009686680767617374,-0.001944771711722353,-0.001944771711722353,-0.001964612981563623,0.0015025039677366565,0.0015025039677366565,0.0014826626978953867
2016-03-10,0.0024350831121361933,0.0024350831121361933,0.0024152418422949233,-0.0028556560172735505,-0.0028556560172735505,-0.0028754972871148205,-0.0033343878144909017,-0.0033343878144909017,-0.0033542290843321717,-0.006279503907998091,-0.006279503907998091,-0.006299345177839361,-0.004983126425431852,-0.004983126425431852,-0.005002967695273122
2016-03-11,-0.020725341351067822,-0.020725341351067822,-0.020745182620909092,0.01989954084078134,0.01989954084078134,0.01987969957094007,0.02204978118854839,0.02204978118854839,0.02202993991870712,0.022557986516041326,0.022557986516041326,0.022538145246200056,0.017656396942753227,0.017656396942753227,0.017636555672911957
2016-03-14,-0.0006870587245071755,-0.0006870587245071755,-0.0007068999943484454,0.0008334543253375824,0.0008334543253375824,0.0008136130554963125,-0.0004312715639787847,-0.0004312715639787847,-0.0004511128338200545,-0.000331609841529384,-0.000331609841529384,-0.0003514511113706538,0.0018872156022632126,0.0018872156022632126,0.0018673743324219428
2016-03-15,0.02653397502675028,0.02653397502675028,0.02651413375690901,-0.02192213550532815,-0.02192213550532815,-0.02194197677516942,-0.019504426847556433,-0.019504426847556433,-0.019524268117397704,-0.02573433837987582,-0.02573433837987582,-0.02575417964971709,-0.014892337624068608,-0.014892337624068608,-0.014912178893909878
2016-03-16,-0.019188125535347093,-0.019188125535347093,-0.019207966805188364,0.015915305042457344,0.015915305042457344,0.015895463772616074,0.011263264630576288,0.011263264630576288,0.011243423360735017,0.012425274286154558,0.012425274286154558,0.012405433016313288,0.010083231522242764,0.010083231522242764,0.010063390252401494
2016-03-17,-0.022071362035968205,-0.022071362035968205,-0.022091203305809475,0.00854284376566558,0.00854284376566558,0.008523002495824309,0.005548360584037135,0.005548360584037135,0.0055285193141958655,0.00797332260213771,0.00797332260213771,0.007953481332296439,0.013920558902028996,0.013920558902028996,0.013900717632187726
2016-03-18,-0.011697159135528256,-0.011697159135528256,-0.011717000405369526,0.007420317758363424,0.007420317758363424,0.007400476488522155,0.011423930241496384,0.011423930241496384,0.011404088971655114,0.015884926642936066,0.015884926642936066,0.015865085373094796,0.005886457798008488,0.005886457798008488,0.005866616528167218
2016-03-21,0.0005821625834265291,0.0005821625834265291,0.0005623213135852593,-0.0008523831890923184,-0.0008523831890923184,-0.0008722244589335882,0.0018608248400767136,0.0018608248400767136,0.0018409835702354437,0.0021955143521821016,0.0021955143521821016,0.0021756730823408316,0.0011016539845927628,0.0011016539845927628,0.001081812714751493
2016-03-22,-5.4649502540784524e-05,-5.4649502540784524e-05,-7.449077238205437e-05,-0.0007289880506161198,-0.0007289880506161198,-0.0007488293204573896,0.002589828953778628,0.002589828953778628,0.002569987683937358,0.0021196063267287686,0.0021196063267287686,0.0020997650568874986,0.0016381293274546382,0.0016381293274546382,0.0016182880576133683
2016-03-23,0.03993795811807198,0.03993795811807198,0.03991811684823071,-0.02338417063078722,-0.02338417063078722,-0.02340401190062849,-0.028598693626233664,-0.028598693626233664,-0.028618534896074934,-0.027137801022373592,-0.027137801022373592,-0.027157642292214863,-0.021375081388182383,-0.021375081388182383,-0.021394922658023653
2016-03-24,0.0007077556177559697,0.0007077556177559697,0.0006879143479146998,-0.0010898544837881165,-0.0010898544837881165,-0.0011096957536293863,-0.0066832732993735225,-0.0066832732993735225,-0.006703114569214792,-0.00936283121002713,-0.00936283121002713,-0.0093826724798684,-0.005803954026224649,-0.005803954026224649,-0.005823795296065919
2016-03-28,0.008941901454009277,0.008941901454009277,0.008922060184168006,-0.004864859249616031,-0.004864859249616031,-0.004884700519457301,-0.009508318765024669,-0.009508318765024669,-0.009528160034865939,-0.008112531493207767,-0.008112531493207767,-0.008132372763049038,-0.010437277333142163,-0.010437277333142163,-0.010457118602983434
2016-03-29,-0.000499386853839373,-0.000499386853839373,-0.0005192281236806428,0.004350117302691992,0.004350117302691992,0.004330276032850722,-0.004640325813005294,-0.004640325813005294,-0.004660167082846564,-0.000508934461064825,-0.000508934461064825,-0.0005287757309060949,0.0009113843979531608,0.0009113843979531608,0.000891543128111891
2016-03-30,0.0016092261080169646,0.0016092261080169646,0.0015893848381756948,-0.002421463790902437,-0.002421463790902437,-0.002441305060743707,-0.0008834078836591234,-0.0008834078836591234,-0.0009032491535003932,-0.0018391735956120232,-0.0018391735956120232,-0.001859014865453293,-0.00036018156385367274,-0.00036018156385367274,-0.00038002283369494255
2016-03-31,-0.00688043465873422,-0.00688043465873422,-0.00690027592857549,0.00762310807058243,0.00762310807058243,0.00760326680074116,0.0020134247859822096,0.0020134247859822096,0.0019935835161409396,0.0030549643793335583,0.0030549643793335583,0.0030351231094922883,0.0013960658034301771,0.0013960658034301771,0.0013762245335889073
2016-04-01,0.016589300886579526,0.017689300886579527,0.01689095917827655,-0.008997129913808542,-0.0071434713772231765,-0.0084778964507282,-0.007863664069876323,-0.006156346996705591,-0.007388702763561709,-0.007427874308283231,-0.005769337722917377,-0.006963167595340612,-0.00867344706793145,-0.006527105604516815,-0.008073319242029269
2016-04-04,0.013544399988115989,0.013544399988115989,0.013524558718274718,-0.0059444644149037485,-0.0059444644149037485,-0.005964305684745018,-0.007844538884841967,-0.007844538884841967,-0.007864380154683237,-0.010460628853951996,-0.010460628853951996,-0.010480470123793266,-0.010105663117424495,-0.010105663117424495,-0.010125504387265765
2016-04-05,0.005305993819620052,0.005305993819620052,0.005286152549778782,-0.006513762413384787,-0.006513762413384787,-0.006533603683226056,-0.0029172622831838053,-0.0029172622831838053,-0.0029371035530250753,-0.0061787796341549045,-0.0061787796341549045,-0.006198620903996174,-0.0003276198360267263,-0.0003276198360267263,-0.0003474611058679961
2016-04-06,-0.012796830324303841,-0.012796830324303841,-0.012816671594145112,0.009058243919593485,0.009058243919593485,0.009038402649752215,0.0150192215092588,0.0150192215092588,0.014999380239417529,0.011979579369394618,0.011979579369394618,0.011959738099553347,0.00816207800057875,0.00816207800057875,0.00814223673073748
2016-04-07,0.007718445149119601,0.007718445149119601,0.007698603879278332,-0.013510416907786822,-0.013510416907786822,-0.013530258177628093,-0.008386773097828598,-0.008386773097828598,-0.008406614367669868,-0.011938280141847297,-0.011938280141847297,-0.011958121411688567,-0.009313252385872455,-0.009313252385872455,-0.009333093655713725
2016-04-08,-0.015202339664055962,-0.015202339664055962,-0.015222180933897232,0.007039533443659297,0.007039533443659297,0.007019692173818028,0.006323945004357862,0.006323945004357862,0.006304103734516593,0.004160456777459161,0.004160456777459161,0.0041406155076178916,0.011064120134248841,0.011064120134248841,0.011044278864407571
2016-04-11,-0.008468222397434114,-0.008468222397434114,-0.008488063667275385,0.006899341203440804,0.006899341203440804,0.006879499933599534,0.0050473182420748205,0.0050473182420748205,0.005027476972233551,0.006110973140990042,0.006110973140990042,0.0060911318711487725,0.009572033036669573,0.009572033036669573,0.009552191766828302
2016-04-12,-0.01814689463402977,-0.01814689463402977,-0.01816673590387104,0.00994674220631605,0.00994674220631605,0.00992690093647478,0.006891583214284276,0.006891583214284276,0.006871741944443006,0.006519813564408334,0.006519813564408334,0.006499972294567064,0.007949263910482791,0.007949263910482791,0.007929422640641521
2016-04-13,-0.024559072146946012,-0.024559072146946012,-0.024578913416787283,0.0242834855516183,0.0242834855516183,0.02426364428177703,0.026288801521835586,0.026288801521835586,0.026268960251994315,0.028432591785404554,0.028432591785404554,0.028412750515563284,0.019339550967029252,0.019339550967029252,0.019319709697187982
2016-04-14,0.00873584770816305,0.00873584770816305,0.00871600643832178,0.00420031090223027,0.00420031090223027,0.0041804696323890006,-0.005393723073133141,-0.005393723073133141,-0.00541356434297441,-0.00046607803787684227,-0.00046607803787684227,-0.0004859193077181121,0.004114023919474897,0.004114023919474897,0.004094182649633627
2016-04-15,0.007755914569034196,0.007755914569034196,0.007736073299192926,-0.0027478490883173887,-0.0027478490883173887,-0.0027676903581586587,-0.008173533642864815,-0.008173533642864815,-0.008193374912706086,-0.005826051498320402,-0.005826051498320402,-0.0058458927681616715,0.0012240865855138185,0.0012240865855138185,0.0012042453156725487
2016-04-18,-3.857558208489884e-05,-3.857558208489884e-05,-5.841685192616868e-05,-0.002602900162410441,-0.002602900162410441,-0.002622741432251711,0.0008918847507899375,0.0008918847507899375,0.0008720434809486677,-0.00035243943366105495,-0.00035243943366105495,-0.00037228070350232476,-0.004466267101735767,-0.004466267101735767,-0.0044861083715770364
2016-04-19,-0.029853489541571084,-0.029853489541571084,-0.029873330811412354,0.005475303742732247,0.005475303742732247,0.005455462472890978,0.00359130237304906,0.00359130237304906,0.00357146110320779,0.0031493204392121343,0.0031493204392121343,0.0031294791693708642,0.004993447870327967,0.004993447870327967,0.004973606600486697
2016-04-20,-0.015524730963219822,-0.015524730963219822,-0.015544572233061093,0.011063504993592663,0.011063504993592663,0.011043663723751393,0.01801186837167708,0.01801186837167708,0.017992027101835808,0.01757086053648437,0.01757086053648437,0.0175510192666431,0.014472975893870189,0.014472975893870189,0.014453134624028918
2016-04-21,-0.0070183565478738,-0.0070183565478738,-0.00703819781771507,0.0036028236739464492,0.0036028236739464492,0.003582982404105179,0.014518974258603143,0.014518974258603143,0.014499132988761872,0.011804806585239159,0.011804806585239159,0.011784965315397888,0.009091365462672992,0.009091365462672992,0.009071524192831722
2016-04-22,-0.019164731719166488,-0.019164731719166488,-0.019184572989007758,0.01356387669730884,0.01356387669730884,0.01354403542746757,0.0021860314200899574,0.0021860314200899574,0.0021661901502486873,0.007507311292802441,0.007507311292802441,0.007487470022961172,0.0076949913446406944,0.0076949913446406944,0.007675150074799425
2016-04-25,0.013875532643528497,0.013875532643528497,0.013855691373687227,-0.008514020825982906,-0.008514020825982906,-0.008533862095824176,-0.00695651824705882,-0.00695651824705882,-0.006976359516900089,-0.005379122412051852,-0.005379122412051852,-0.0053989636818931215,-0.006190005846819225,-0.006190005846819225,-0.006209847116660495
2016-04-26,-0.01403045485933809,-0.01403045485933809,-0.01405029612917936,0.0036286419178742594,0.0036286419178742594,0.0036088006480329894,0.006419739127338878,0.006419739127338878,0.006399897857497608,0.004673116651712148,0.004673116651712148,0.004653275381870879,0.005474506428416031,0.005474506428416031,0.005454665158574761
2016-04-27,-0.019610378603242246,-0.019610378603242246,-0.019630219873083516,0.0050424872621007795,0.0050424872621007795,0.00502264599225951,0.0071038104661878855,0.0071038104661878855,0.007083969196346616,0.0019210953979425906,0.0019210953979425906,0.0019012541281013208,0.005760463705562162,0.005760463705562162,0.0057406224357208924
2016-04-28,0.011769439244730284,0.011769439244730284,0.011749597974889014,-0.011740454714770919,-0.011740454714770919,-0.011760295984612189,-0.013442283277584802,-0.013442283277584802,-0.013462124547426072,-0.01421759544597647,-0.01421759544597647,-0.014237436715817741,-0.010087422640522429,-0.010087422640522429,-0.0101072639103637
2016-04-29,0.00584411876228853,0.00584411876228853,0.00582427749244726,-4.912795153456072e-05,-4.912795153456072e-05,-6.896922137583056e-05,-0.00989288467249218,-0.00989288467249218,-0.00991272594233345,-0.009981288311984535,-0.009981288311984535,-0.010001129581825806,-0.0006091934990688549,-0.0006091934990688549,-0.0006290347689101247
2016-05-02,0.019020611922525178,0.019970611922525177,0.0192784303669644,-0.0017069839827019095,-4.844739733605584e-05,-0.0012407305091314594,-0.008989167392055051,-0.006940386904250173,-0.008426487977810336,-0.005699816020215954,-0.0040900599226549785,-0.005250276497904992,-0.010399957294627131,-0.007960932904383228,-0.009711643619745613
2016-05-03,0.019221133480738863,0.019221133480738863,0.019201292210897593,-0.0047760886946779735,-0.0047760886946779735,-0.004795929964519243,-0.0045143412717690784,-0.0045143412717690784,-0.004534182541610348,-0.005611192425127999,-0.005611192425127999,-0.0056310336949692685,-0.008784144105181748,-0.008784144105181748,-0.008803985375023018
2016-05-04,0.01540993168572723,0.01540993168572723,0.01539009041588596,-0.007799970657488416,-0.007799970657488416,-0.007819811927329686,-0.009989533053910309,-0.009989533053910309,-0.010009374323751579,-0.008201877550580588,-0.008201877550580588,-0.008221718820421858,-0.004374490534187429,-0.004374490534187429,-0.004394331804028698
2016-05-05,0.005050116522407836,0.005050116522407836,0.0050302752525665665,-0.004278160508662815,-0.004278160508662815,-0.004298001778504084,-0.005850534544690486,-0.005850534544690486,-0.005870375814531756,-0.008261639804014034,-0.008261639804014034,-0.008281481073855304,-0.0019805835894395035,-0.0019805835894395035,-0.0020004248592807735
2016-05-06,0.004518862297287303,0.004518862297287303,0.004499021027446033,0.001736765795637993,0.001736765795637993,0.001716924525796723,-0.0012839137934610799,-0.0012839137934610799,-0.0013037550633023497,-0.00098100868178611,-0.00098100868178611,-0.0010008499516273798,0.005379752318105828,0.005379752318105828,0.005359911048264558
2016-05-09,0.021934060087523657,0.021934060087523657,0.021914218817682386,-0.004470215783565055,-0.004470215783565055,-0.004490057053406325,-0.004196786820010689,-0.004196786820010689,-0.004216628089851958,-0.00207968121523044,-0.00207968121523044,-0.00209952248507171,-0.008342035808422965,-0.008342035808422965,-0.008361877078264236
2016-05-10,-0.009107781133487893,-0.009107781133487893,-0.009127622403329164,0.0021106870350924727,0.0021106870350924727,0.0020908457652512027,0.0013404506625849348,0.0013404506625849348,0.001320609392743665,0.0034769685025626803,0.0034769685025626803,0.0034571272327214102,0.004230805019231445,0.004230805019231445,0.004210963749390176
2016-05-11,0.0023530947888463433,0.0023530947888463433,0.0023332535190050733,-0.003621405363308616,-0.003621405363308616,-0.003641246633149886,-0.006579942458623172,-0.006579942458623172,-0.006599783728464441,-0.005457704429185422,-0.005457704429185422,-0.005477545699026692,-0.0018012500731512436,-0.0018012500731512436,-0.0018210913429925135
2016-05-12,0.019616587117985532,0.019616587117985532,0.019596745848144262,-0.008821169057317866,-0.008821169057317866,-0.008841010327159136,-0.0059726785659862105,-0.0059726785659862105,-0.00599251983582748,-0.008900877932873573,-0.008900877932873573,-0.008920719202714844,-0.005304968760158008,-0.005304968760158008,-0.0053248100299992775
2016-05-13,0.011129578387056974,0.011129578387056974,0.011109737117215704,-0.0010249357116890398,-0.0010249357116890398,-0.0010447769815303096,0.005280594965515695,0.005280594965515695,0.005260753695674425,0.0017498946565954524,0.0017498946565954524,0.0017300533867541826,0.0016472492550659776,0.0016472492550659776,0.0016274079852247078
2016-05-16,-0.011068918186283385,-0.011068918186283385,-0.011088759456124656,0.004057435774903249,0.004057435774903249,0.0040375945050619795,0.007587980196818133,0.007587980196818133,0.007568138926976864,0.004796127475408701,0.004796127475408701,0.004776286205567431,0.007333860733777251,0.007333860733777251,0.007314019463935981
2016-05-17,-0.0265199640711468,-0.0265199640711468,-0.02653980534098807,0.009717291776422506,0.009717291776422506,0.009697450506581235,0.007562586704921668,0.007562586704921668,0.007542745435080399,0.011708135918152262,0.011708135918152262,0.011688294648310992,0.0049505136476356605,0.0049505136476356605,0.004930672377794391
2016-05-18,-0.0013620603544149423,-0.0013620603544149423,-0.001381901624256212,0.018267092152684326,0.018267092152684326,0.018247250882843055,0.009030653207934378,0.009030653207934378,0.009010811938093107,0.017268759282680568,0.017268759282680568,0.017248918012839298,0.009380285435884093,0.009380285435884093,0.009360444166042823
2016-05-19,0.004927178027456663,0.004927178027456663,0.004907336757615393,-0.013886707501809994,-0.013886707501809994,-0.013906548771651265,-0.007046560702723033,-0.007046560702723033,-0.0070664019725643025,-0.013581328966104388,-0.013581328966104388,-0.013601170235945658,-0.011634813925431293,-0.011634813925431293,-0.011654655195272564
2016-05-20,-0.011916825549816514,-0.011916825549816514,-0.011936666819657785,0.005154635324329648,0.005154635324329648,0.005134794054488378,0.006385027505430905,0.006385027505430905,0.006365186235589636,0.010498089668480369,0.010498089668480369,0.010478248398639098,0.002452640779554557,0.002452640779554557,0.002432799509713287
2016-05-23,-0.0026607073342683803,-0.0026607073342683803,-0.0026805486041096504,-0.0009596238429684649,-0.0009596238429684649,-0.0009794651128097348,-0.0006779343272581022,-0.0006779343272581022,-0.000697775597099372,-0.0007403547912926199,-0.0007403547912926199,-0.0007601960611338897,-0.0026493511086439544,-0.0026493511086439544,-0.0026691923784852244
2016-05-24,0.0070117561732744756,0.0070117561732744756,0.006991914903433206,0.0008817681760269771,0.0008817681760269771,0.0008619269061857073,-0.003455556547343281,-0.003455556547343281,-0.0034753978171845512,-0.001692269482108422,-0.001692269482108422,-0.0017121107519496917,-0.0003894342651443618,-0.0003894342651443618,-0.0004092755349856316
2016-05-25,-0.0222131919553696,-0.0222131919553696,-0.02223303322521087,0.00906417281824848,0.00906417281824848,0.00904433154840721,0.006683118102445262,0.006683118102445262,0.006663276832603993,0.011451527327413419,0.011451527327413419,0.011431686057572148,0.0062249115057089535,0.0062249115057089535,0.006205070235867684
2016-05-26,0.010921650933458756,0.010921650933458756,0.010901809663617486,-0.009043008595746428,-0.009043008595746428,-0.009062849865587698,-0.006642084812432989,-0.006642084812432989,-0.006661926082274259,-0.00748294750062591,-0.00748294750062591,-0.0075027887704671795,-0.007915551036232257,-0.007915551036232257,-0.007935392306073527
2016-05-27,0.0002639369512416859,0.0002639369512416859,0.00024409568140041604,0.0020063108456733264,0.0020063108456733264,0.0019864695758320563,0.0042190084034273035,0.0042190084034273035,0.004199167133586034,0.004654074081788472,0.004654074081788472,0.0046342328119472025,0.00467746821321839,0.00467746821321839,0.00465762694337712
2016-05-31,-0.005295170168353468,-0.005295170168353468,-0.005315011438194738,-0.001831617234461225,-0.001831617234461225,-0.0018514585043024948,-0.0005777473733520728,-0.0005777473733520728,-0.0005975886431933426,-0.0012355320914859092,-0.0012355320914859092,-0.001255373361327179,-0.001193234597617885,-0.001193234597617885,-0.0012130758674591547
2016-06-01,-0.006124609926374337,-0.005002658706862142,-0.005816080041949194,0.005245688510506213,0.007196908022701335,0.005797240886596191,0.009550766676539158,0.011794669115563549,0.010136282174704227,0.004768363551446496,0.007207387941690399,0.005462211313361756,0.005912182130594237,0.008399987008643018,0.006613851764136453
2016-06-02,-0.0012528028508730768,-0.0012528028508730768,-0.0012726441207143466,-0.005834726850805973,-0.005834726850805973,-0.005854568120647242,-0.005103862343706132,-0.005103862343706132,-0.0051237036135474015,-0.002581507850726057,-0.002581507850726057,-0.002601349120567327,-0.008914127929046901,-0.008914127929046901,-0.008933969198888171
2016-06-03,0.00689041689978907,0.00689041689978907,0.006870575629947801,-0.013628692814935929,-0.013628692814935929,-0.0136485340847772,-0.0027108641327403407,-0.0027108641327403407,-0.0027307054025816108,-0.010957650563334339,-0.010957650563334339,-0.010977491833175609,-0.0026650773563516405,-0.0026650773563516405,-0.0026849186261929106
2016-06-06,-0.025106704028311423,-0.025106704028311423,-0.025126545298152694,0.002150237687312159,0.002150237687312159,0.002130396417470889,0.012036402719774011,0.012036402719774011,0.01201656144993274,0.005641644261016377,0.005641644261016377,0.005621802991175108,0.0033845027061230435,0.0033845027061230435,0.0033646614362817734
2016-06-07,-0.0016580776586941938,-0.0016580776586941938,-0.0016779189285354636,0.0010375969152202264,0.0010375969152202264,0.0010177556453789566,0.008412329767548977,0.008412329767548977,0.008392488497707707,0.00494087398207182,0.00494087398207182,0.00492103271223055,0.005542883661157675,0.005542883661157675,0.005523042391316405
2016-06-08,0.006348464007909506,0.006348464007909506,0.006328622738068237,0.0013936992626125504,0.0013936992626125504,0.0013738579927712806,-0.002230026012773921,-0.002230026012773921,-0.0022498672826151912,-0.00038151400496451524,-0.00038151400496451524,-0.00040135527480578506,0.0029668347769290443,0.0029668347769290443,0.0029469935070877743
2016-06-09,0.016310611577267767,0.016310611577267767,0.016290770307426497,-0.009086941065825964,-0.009086941065825964,-0.009106782335667234,-0.012049316324140545,-0.012049316324140545,-0.012069157593981816,-0.014225689784031121,-0.014225689784031121,-0.014245531053872391,-0.007778421930036863,-0.007778421930036863,-0.007798263199878133
2016-06-10,0.0173371528043361,0.0173371528043361,0.01731731153449483,-0.0051940921771832,-0.0051940921771832,-0.00521393344702447,-0.015766894869382753,-0.015766894869382753,-0.015786736139224024,-0.012952039979324923,-0.012952039979324923,-0.012971881249166194,-0.00549996338979898,-0.00549996338979898,-0.005519804659640249
2016-06-13,0.004804569158517899,0.004804569158517899,0.00478472788867663,-0.005069188512913345,-0.005069188512913345,-0.005089029782754615,-0.007357553852629352,-0.007357553852629352,-0.0073773951224706215,-0.007955678399910708,-0.007955678399910708,-0.007975519669751978,-0.003803362351731331,-0.003803362351731331,-0.003823203621572601
2016-06-14,0.012031827223572007,0.012031827223572007,0.012011985953730736,-0.009180746411322868,-0.009180746411322868,-0.009200587681164139,-0.012030264118467244,-0.012030264118467244,-0.012050105388308514,-0.01235444577479334,-0.01235444577479334,-0.01237428704463461,-0.012266002042369602,-0.012266002042369602,-0.012285843312210873
2016-06-15,-0.0056107719224942005,-0.0056107719224942005,-0.00563061319233547,0.006233280474966223,0.006233280474966223,0.006213439205124954,0.013260209972336252,0.013260209972336252,0.013240368702494981,0.011467093754111278,0.011467093754111278,0.011447252484270008,0.012319918603360241,0.012319918603360241,0.01230007733351897
2016-06-16,0.008395317402269387,0.008395317402269387,0.008375476132428117,-0.004672928666204964,-0.004672928666204964,-0.004692769936046234,-0.009258224883183045,-0.009258224883183045,-0.009278066153024315,-0.007301988538807508,-0.007301988538807508,-0.0073218298086487775,-0.0036472451107337827,-0.0036472451107337827,-0.0036670863805750528
2016-06-17,-0.020102600908629666,-0.020102600908629666,-0.020122442178470937,0.006441586312647923,0.006441586312647923,0.006421745042806654,0.012669223698863287,0.012669223698863287,0.012649382429022017,0.006178625347999666,0.006178625347999666,0.006158784078158396,0.0068485443333324274,0.0068485443333324274,0.006828703063491158
2016-06-20,-0.003852579657543693,-0.003852579657543693,-0.003872420927384963,0.003549991924477567,0.003549991924477567,0.003530150654636297,0.005063427745100374,0.005063427745100374,0.005043586475259105,0.0069947603182242525,0.0069947603182242525,0.006974919048382983,0.0030559459146387736,0.0030559459146387736,0.0030361046447975036
2016-06-21,0.0032552522747722754,0.0032552522747722754,0.0032354110049310054,-0.005358363408953314,-0.005358363408953314,-0.005378204678794583,-0.002050767388088683,-0.002050767388088683,-0.002070608657929953,-0.005694614640446486,-0.005694614640446486,-0.005714455910287756,-0.001028699869738707,-0.001028699869738707,-0.0010485411395799768
2016-06-22,0.006521990427738731,0.006521990427738731,0.006502149157897461,-0.003935830710939276,-0.003935830710939276,-0.003955671980780545,-0.003284547835551723,-0.003284547835551723,-0.003304389105392993,-0.002497131163472865,-0.002497131163472865,-0.002516972433314135,-0.0027032958119774537,-0.0027032958119774537,-0.0027231370818187237
2016-06-23,-0.024767027403569685,-0.024767027403569685,-0.024786868673410956,0.0139660092193642,0.0139660092193642,0.01394616794952293,0.014004208943110101,0.014004208943110101,0.01398436767326883,0.016267434026214972,0.016267434026214972,0.0162475927563737,0.012262172421152278,0.012262172421152278,0.012242331151311008
2016-06-24,0.037408559908297154,0.037408559908297154,0.03738871863845589,-0.027030236770627866,-0.027030236770627866,-0.027050078040469137,-0.02611629127764996,-0.02611629127764996,-0.02613613254749123,-0.03767684634571998,-0.03767684634571998,-0.03769668761556125,-0.02150641554299859,-0.02150641554299859,-0.021526256812839862
2016-06-27,0.04181509876209315,0.04181509876209315,0.04179525749225188,-0.025842969470076062,-0.025842969470076062,-0.025862810739917332,-0.027511884880863008,-0.027511884880863008,-0.02753172615070428,-0.03549862178564188,-0.03549862178564188,-0.035518463055483146,-0.01842328750838957,-0.01842328750838957,-0.01844312877823084
2016-06-28,-0.016118734027808217,-0.016118734027808217,-0.016138575297649487,0.0045650879290483415,0.0045650879290483415,0.004545246659207072,0.014118488818230739,0.014118488818230739,0.014098647548389468,0.010205121704499774,0.010205121704499774,0.010185280434658503,0.006091533121167064,0.006091533121167064,0.006071691851325794
2016-06-29,-0.014940318181740754,-0.014940318181740754,-0.014960159451582024,0.008571201924315226,0.008571201924315226,0.008551360654473955,0.008077059799943335,0.008077059799943335,0.008057218530102064,0.011309999778890951,0.011309999778890951,0.01129015850904968,0.0029794002141531797,0.0029794002141531797,0.0029595589443119096
2016-06-30,0.0025012611158095996,0.0025012611158095996,0.0024814198459683296,0.0019827387119695614,0.0019827387119695614,0.0019628974421282913,-0.005173029915811029,-0.005173029915811029,-0.005192871185652298,-0.0021783174508766662,-0.0021783174508766662,-0.0021981587207179363,0.0007650889495781662,0.0007650889495781662,0.0007452476797368964
2016-07-01,-0.0056445271834984975,-0.004717697915205815,-0.005393221070674453,-0.004346542360784192,-0.002444103336393948,-0.0038129242347466883,0.003872013698976059,0.005872013698976059,0.004432819769060421,0.0041332961019201996,0.006230857077529956,0.0047233926274321296,0.0008388103224206567,0.0031802737370548034,0.0014906855636433573
2016-07-05,0.03298185874778446,0.03298185874778446,0.032962017477943195,-0.011741136850400695,-0.011741136850400695,-0.011760978120241966,-0.03296818763084653,-0.03296818763084653,-0.0329880289006878,-0.025218765894309495,-0.025218765894309495,-0.025238607164150766,-0.011917577696181667,-0.011917577696181667,-0.011937418966022937
2016-07-06,-0.012545178835733509,-0.012545178835733509,-0.01256502010557478,0.005470128038622786,0.005470128038622786,0.005450286768781516,0.010543851179948794,0.010543851179948794,0.010524009910107523,0.007118192715478907,0.007118192715478907,0.007098351445637637,0.007066086583251835,0.007066086583251835,0.007046245313410565
2016-07-07,-0.010475587573079976,-0.010475587573079976,-0.010495428842921246,0.0038420991143294633,0.0038420991143294633,0.0038222578444881933,0.008659814050505376,0.008659814050505376,0.008639972780664106,0.008256235651385503,0.008256235651385503,0.008236394381544233,-0.0004515981649941981,-0.0004515981649941981,-0.0004714394348354679
2016-07-08,0.0004334126606239195,0.0004334126606239195,0.0004135713907826497,-0.0009713486515069061,-0.0009713486515069061,-0.0009911899213481759,0.004536747368675372,0.004536747368675372,0.004516906098834103,0.0038201203226687994,0.0038201203226687994,0.0038002790528275294,-0.004249653394465976,-0.004249653394465976,-0.004269494664307246
2016-07-11,-0.015482106167860079,-0.015482106167860079,-0.01550194743770135,0.013929953227974193,0.013929953227974193,0.013910111958132923,0.01608129618104151,0.01608129618104151,0.01606145491120024,0.017554605699922243,0.017554605699922243,0.017534764430080972,0.012842544479689137,0.012842544479689137,0.012822703209847866
2016-07-12,-0.0372661687110529,-0.0372661687110529,-0.037286009980894166,0.012621286406173424,0.012621286406173424,0.012601445136332153,0.029582273995227892,0.029582273995227892,0.029562432725386622,0.021350837720871183,0.021350837720871183,0.021330996451029913,0.013413366413686095,0.013413366413686095,0.013393525143844825
2016-07-13,0.010965296635295548,0.010965296635295548,0.010945455365454278,-0.004950343883828719,-0.004950343883828719,-0.004970185153669988,-0.01459896477415435,-0.01459896477415435,-0.014618806043995621,-0.010699301620287541,-0.010699301620287541,-0.010719142890128812,-0.005525726520708591,-0.005525726520708591,-0.00554556779054986
2016-07-14,-0.0125092936843201,-0.0125092936843201,-0.01252913495416137,0.00487416671565589,0.00487416671565589,0.00485432544581462,0.01370902032637017,0.01370902032637017,0.013689179056528899,0.010552260876642187,0.010552260876642187,0.010532419606800916,0.004527739901697473,0.004527739901697473,0.004507898631856203
2016-07-15,-0.0017037852356063367,-0.0017037852356063367,-0.0017236265054476065,0.00022746899722448917,0.00022746899722448917,0.00020762772738321933,-0.002440719856779094,-0.002440719856779094,-0.002460561126620364,-0.0009833322612268268,-0.0009833322612268268,-0.0010031735310680966,-0.003325668971567375,-0.003325668971567375,-0.003345510241408645
2016-07-18,-0.006795649270524264,-0.006795649270524264,-0.006815490540365534,0.0055377452303407414,0.0055377452303407414,0.005517903960499472,0.007501143711996687,0.007501143711996687,0.007481302442155418,0.007027029259599723,0.007027029259599723,0.007007187989758454,0.0038916545267870103,0.0038916545267870103,0.0038718132569457403
2016-07-19,0.010787653233938009,0.010787653233938009,0.010767811964096739,-0.0012088557892737852,-0.0012088557892737852,-0.001228697059115055,-0.009747981411829133,-0.009747981411829133,-0.009767822681670403,-0.005815697409084391,-0.005815697409084391,-0.005835538678925661,-0.0027073340835467715,-0.0027073340835467715,-0.0027271753533880416
2016-07-20,-0.011865355226556696,-0.011865355226556696,-0.011885196496397967,0.005841800419709479,0.005841800419709479,0.00582195914986821,0.004263076674790336,0.004263076674790336,0.004243235404949066,0.009263771173795454,0.009263771173795454,0.009243929903954184,-0.0009745139673210941,-0.0009745139673210941,-0.000994355237162364
2016-07-21,-0.0007036652467864181,-0.0007036652467864181,-0.000723506516627688,0.007510607063386327,0.007510607063386327,0.007490765793545058,-0.0051298598139165544,-0.0051298598139165544,-0.005149701083757824,0.006808922457677077,0.006808922457677077,0.006789081187835807,-0.002349682231334761,-0.002349682231334761,-0.002369523501176031
2016-07-22,0.011504146505187218,0.011504146505187218,0.011484305235345948,-0.002761016222638214,-0.002761016222638214,-0.002780857492479484,-0.009216110492443861,-0.009216110492443861,-0.009235951762285132,-0.004849052099309321,-0.004849052099309321,-0.00486889336915059,-0.009458564829208486,-0.009458564829208486,-0.009478406099049756
2016-07-25,0.0012669602485865623,0.0012669602485865623,0.0012471189787452925,0.007154588767483691,0.007154588767483691,0.0071347474976424215,-0.0026939716050547796,-0.0026939716050547796,-0.0027138128748960496,0.005305294132893352,0.005305294132893352,0.0052854528630520824,-0.004513870490819888,-0.004513870490819888,-0.0045337117606611575
2016-07-26,-0.0029994868546670325,-0.0029994868546670325,-0.0030193281245083025,0.0007276358102595269,0.0007276358102595269,0.0007077945404182571,0.012443347297705298,0.012443347297705298,0.012423506027864028,0.0031193319835951068,0.0031193319835951068,0.0030994907137538367,0.0012914867421241474,0.0012914867421241474,0.0012716454722828776
2016-07-27,0.0011996906258286621,0.0011996906258286621,0.0011798493559873923,1.239958619064438e-05,1.239958619064438e-05,-7.441683650625462e-06,0.004480911629988308,0.004480911629988308,0.004461070360147038,0.004880959039695234,0.004880959039695234,0.004861117769853964,0.005201595029311799,0.005201595029311799,0.00518175375947053
2016-07-28,0.008280156719766823,0.008280156719766823,0.008260315449925552,-0.006911159847342872,-0.006911159847342872,-0.006931001117184142,-0.007527797143969407,-0.007527797143969407,-0.0075476384138106764,-0.009147300934958953,-0.009147300934958953,-0.009167142204800223,-0.005545983103542495,-0.005545983103542495,-0.0055658243733837645
2016-07-29,6.268353669577464e-05,6.268353669577464e-05,4.2842266854504796e-05,0.0018459731174713854,0.0018459731174713854,0.0018261318476301156,0.006539619334788551,0.006539619334788551,0.0065197780649472814,0.006604739806540799,0.006604739806540799,0.006584898536699529,0.008440325708228325,0.008440325708228325,0.008420484438387055
2016-08-01,0.005552842853713216,0.006918696512249802,0.005933188827490119,-0.006148242300140654,-0.004195861347759701,-0.0055949290832925875,-0.008346373211592893,-0.006346373211592894,-0.007800391266068553,-0.007739509467808201,-0.005787128515427249,-0.00718835257926453,-0.0033615219776085897,-0.0009329505490371611,-0.0026785251861749667
2016-08-02,0.008644273963764965,0.008644273963764965,0.008624432693923694,-0.013878719487171565,-0.013878719487171565,-0.013898560757012835,-0.002168621322133434,-0.002168621322133434,-0.002188462591974704,-0.010491081456589512,-0.010491081456589512,-0.010510922726430783,-0.0033429970196792594,-0.0033429970196792594,-0.0033628382895205295
2016-08-03,-0.023355269100724455,-0.023355269100724455,-0.023375110370565725,0.01380662154289242,0.01380662154289242,0.01378678027305115,0.01260341096183483,0.01260341096183483,0.012583569691993559,0.017068272239773957,0.017068272239773957,0.017048430969932686,0.0009877318738923764,0.0009877318738923764,0.0009678906040511066
2016-08-04,0.0065176416577512886,0.0065176416577512886,0.006497800387910019,-0.008220708785470317,-0.008220708785470317,-0.008240550055311588,-0.010166538707532084,-0.010166538707532084,-0.010186379977373355,-0.00813249847578083,-0.00813249847578083,-0.0081523397456221,-0.002374514405158272,-0.002374514405158272,-0.002394355674999542
2016-08-05,-0.027377400535810083,-0.027377400535810083,-0.027397241805651354,0.010571982844047584,0.010571982844047584,0.010552141574206314,0.014701536493561727,0.014701536493561727,0.014681695223720457,0.017847166741806406,0.017847166741806406,0.017827325471965135,0.0062460912887104016,0.0062460912887104016,0.006226250018869132
2016-08-08,-0.007090053128710363,-0.007090053128710363,-0.007109894398551633,0.004464762746251529,0.004464762746251529,0.0044449214764102594,0.006226879274574444,0.006226879274574444,0.006207038004733175,0.003044346516889898,0.003044346516889898,0.003024505247048628,0.0009834274449373986,0.0009834274449373986,0.0009635861750961288
2016-08-09,0.009886116716276932,0.009886116716276932,0.009866275446435662,-0.0058949928970696095,-0.0058949928970696095,-0.005914834166910879,-0.007521360350240234,-0.007521360350240234,-0.0075412016200815035,-0.00859006642832977,-0.00859006642832977,-0.00860990769817104,-0.001910382199089016,-0.001910382199089016,-0.0019302234689302859
2016-08-10,0.00799127063709799,0.00799127063709799,0.00797142936725672,-0.005108255891751085,-0.005108255891751085,-0.005128097161592355,-0.007772158045421935,-0.007772158045421935,-0.007791999315263204,-0.0092863642746373,-0.0092863642746373,-0.009306205544478571,-0.0031874295200087933,-0.0031874295200087933,-0.0032072707898500633
2016-08-11,-0.019658101125796714,-0.019658101125796714,-0.019677942395637985,0.010389954851503866,0.010389954851503866,0.010370113581662595,0.001250565986147762,0.001250565986147762,0.001230724716306492,0.009114109186844934,0.009114109186844934,0.009094267917003664,-0.0050857337328902835,-0.0050857337328902835,-0.005105575002731553
2016-08-12,0.00540972963686657,0.00540972963686657,0.005389888367025301,-0.003458023897233317,-0.003458023897233317,-0.003477865167074587,-0.004902778536004504,-0.004902778536004504,-0.004922619805845773,-0.0016789360255223867,-0.0016789360255223867,-0.0016987772953636565,-0.0012716629851260088,-0.0012716629851260088,-0.0012915042549672786
2016-08-15,-0.02273553701373776,-0.02273553701373776,-0.02275537828357903,0.010868847940371318,0.010868847940371318,0.010849006670530048,0.014225873896670472,0.014225873896670472,0.014206032626829202,0.014318816972339329,0.014318816972339329,0.014298975702498058,0.006689869770192102,0.006689869770192102,0.0066700285003508325
2016-08-16,-0.007247791607204402,-0.007247791607204402,-0.007267632877045672,0.007624835016118834,0.007624835016118834,0.007604993746277564,-0.0005581377232867332,-0.0005581377232867332,-0.0005779789931280031,0.0027543516962236455,0.0027543516962236455,0.0027345104263823755,-0.002560779816927139,-0.002560779816927139,-0.002580621086768409
2016-08-17,0.008812475044524199,0.008812475044524199,0.008792633774682928,0.0013934008911881787,0.0013934008911881787,0.001373559621346909,-0.0053458632672531824,-0.0053458632672531824,-0.005365704537094452,-0.003211187854341604,-0.003211187854341604,-0.003231029124182874,-0.005401742311218118,-0.005401742311218118,-0.005421583581059388
2016-08-18,-0.0023220300057433807,-0.0023220300057433807,-0.0023418712755846507,0.004047897082123421,0.004047897082123421,0.004028055812282151,0.004984994046620771,0.004984994046620771,0.004965152776779501,0.0020624350580869507,0.0020624350580869507,0.0020425937882456806,-0.0016846060714709801,-0.0016846060714709801,-0.00170444734131225
2016-08-19,0.0005995840007395289,0.0005995840007395289,0.0005797427308982591,0.003062719430659085,0.003062719430659085,0.003042878160817815,-0.00011501133084055649,-0.00011501133084055649,-0.00013485260068182633,0.003420791922935302,0.003420791922935302,0.003400950653094032,0.0003309957573803149,0.0003309957573803149,0.00031115448753904506
2016-08-22,0.004263792917383858,0.004263792917383858,0.004243951647542588,0.0013229111288292337,0.0013229111288292337,0.0013030698589879639,-0.003237916132081369,-0.003237916132081369,-0.003257757401922639,-0.001690976598956522,-0.001690976598956522,-0.0017108178687977918,0.0009249253137578183,0.0009249253137578183,0.0009050840439165485
2016-08-23,-0.013388117841942226,-0.013388117841942226,-0.013407959111783496,0.0035930315913044082,0.0035930315913044082,0.003573190321463138,0.008930990643706994,0.008930990643706994,0.008911149373865723,0.0066888808762905405,0.0066888808762905405,0.006669039606449271,0.001256327117958123,0.001256327117958123,0.0012364858481168533
2016-08-24,0.003949292295459264,0.003949292295459264,0.003929451025617994,0.0004231717431822722,0.0004231717431822722,0.0004033304733410024,-0.006364782529399513,-0.006364782529399513,-0.006384623799240783,-0.0037700722469318085,-0.0037700722469318085,-0.0037899135167730785,0.0009468985060535752,0.0009468985060535752,0.0009270572362123054
2016-08-25,0.0015692875306954207,0.0015692875306954207,0.001549446260854151,0.00486118722355861,0.00486118722355861,0.004841345953717341,0.002416368249746067,0.002416368249746067,0.002396526979904797,-0.00058255786909027,-0.00058255786909027,-0.0006023991389315398,0.004710231572424585,0.004710231572424585,0.004690390302583315
2016-08-26,-0.01281642341354976,-0.01281642341354976,-0.012836264683391031,0.004855494467016298,0.004855494467016298,0.0048356531971750286,0.006412350299631077,0.006412350299631077,0.006392509029789807,0.010603630671164231,0.010603630671164231,0.01058378940132296,0.0022090311493905565,0.0022090311493905565,0.0021891898795492865
2016-08-29,0.001735039189915401,0.001735039189915401,0.0017151979200741312,-0.00038440004127339173,-0.00038440004127339173,-0.00040424131111466155,0.0007045293346965125,0.0007045293346965125,0.0006846880648552427,-0.00093697858007486,-0.00093697858007486,-0.0009568198499161298,0.0004157712112548772,0.0004157712112548772,0.0003959299414136074
2016-08-30,-0.018394693969279733,-0.018394693969279733,-0.018414535239121003,0.011984118274313376,0.011984118274313376,0.011964277004472106,0.008774439881449367,0.008774439881449367,0.008754598611608096,0.012316788232118665,0.012316788232118665,0.012296946962277394,0.005978117636433756,0.005978117636433756,0.005958276366592487
2016-08-31,0.005096298121281616,0.005096298121281616,0.005076456851440346,0.000551688683682809,0.000551688683682809,0.0005318474138415392,0.0003343298168076833,0.0003343298168076833,0.0003144885469664135,-0.0002732568048731195,-0.0002732568048731195,-0.0002930980747143893,0.003907753000479762,0.003907753000479762,0.003887911730638492
2016-09-01,0.0066529168123234785,0.007969989983055186,0.007020869813344789,-0.0069485785404361676,-0.00471048330234093,-0.006311334618266802,0.0004317189597713147,0.0028602903883427427,0.0011232238343445837,-0.005508414632327919,-0.0033655574894707768,-0.004897828065589066,0.0005536528021359015,0.003125081373564473,0.0012838475416975467
2016-09-02,0.0024492386617530476,0.0024492386617530476,0.0024293973919117776,0.0031953101712093655,0.0031953101712093655,0.0031754689013680955,-0.0020908585592806037,-0.0020908585592806037,-0.0021106998291218738,0.002609186545250701,0.002609186545250701,0.0025893452754094308,-0.0005704888924497791,-0.0005704888924497791,-0.0005903301622910489
2016-09-06,-0.001395452033178905,-0.001395452033178905,-0.001415293303020175,-0.0031014354772550107,-0.0031014354772550107,-0.0031212767470962808,0.001521792382424138,0.001521792382424138,0.0015019511125828682,-0.001243993165407627,-0.001243993165407627,-0.0012638344352488967,0.00038275449651389284,0.00038275449651389284,0.000362913226672623
2016-09-07,-0.013567388549284465,-0.013567388549284465,-0.013587229819125735,0.003283513146029926,0.003283513146029926,0.003263671876188656,0.004187038814406632,0.004187038814406632,0.0041671975445653625,0.011692395013622573,0.011692395013622573,0.011672553743781303,-0.0034844418445366303,-0.0034844418445366303,-0.0035042831143779003
2016-09-08,-0.011497269522368877,-0.011497269522368877,-0.011517110792210147,-0.0040126757068458035,-0.0040126757068458035,-0.004032516976687073,0.0052231771734070585,0.0052231771734070585,0.005203335903565789,-0.0004079120043426051,-0.0004079120043426051,-0.00042775327418387494,-0.005381140450099687,-0.005381140450099687,-0.005400981719940957
2016-09-09,-0.005958607559550529,-0.005958607559550529,-0.005978448829391798,0.0009365589415438379,0.0009365589415438379,0.0009167176717025681,-0.001486512498794119,-0.001486512498794119,-0.0015063537686353888,0.0020583362417459414,0.0020583362417459414,0.0020384949719046714,-0.0003855837992731738,-0.0003855837992731738,-0.0004054250691144436
2016-09-12,-0.004194519043751393,-0.004194519043751393,-0.004214360313592663,-0.0023594505126295464,-0.0023594505126295464,-0.0023792917824708164,0.006000292673178573,0.006000292673178573,0.005980451403337303,-0.0020239565286410037,-0.0020239565286410037,-0.0020437977984822738,-2.009258526289911e-05,-2.009258526289911e-05,-3.993385510416895e-05
2016-09-13,0.004354022190911232,0.004354022190911232,0.0043341809210699625,-0.00024205433543855178,-0.00024205433543855178,-0.0002618956052798216,-0.005044814225713897,-0.005044814225713897,-0.005064655495555167,-0.0014302784615248575,-0.0014302784615248575,-0.0014501197313661273,-0.000705616088279131,-0.000705616088279131,-0.0007254573581204008
2016-09-14,0.004356523070427654,0.004356523070427654,0.004336681800586385,-0.004176959497546566,-0.004176959497546566,-0.004196800767387835,-0.0023625719420215944,-0.0023625719420215944,-0.0023824132118628644,-0.003493270892521705,-0.003493270892521705,-0.003513112162362975,0.0016729173415025048,0.0016729173415025048,0.001653076071661235
2016-09-15,-0.0011838443392975287,-0.0011838443392975287,-0.0012036856091387986,-0.0019975217623554088,-0.0019975217623554088,-0.002017363032196679,0.0011927482825345882,0.0011927482825345882,0.0011729070126933183,0.001917480443139607,0.001917480443139607,0.0018976391732983373,-0.0027437615394099567,-0.0027437615394099567,-0.0027636028092512268
2016-09-16,0.0018391812279084851,0.0018391812279084851,0.0018193399580672153,-0.0032855580714805785,-0.0032855580714805785,-0.0033053993413218485,-0.0027060117299780146,-0.0027060117299780146,-0.0027258529998192846,-0.004866034942390663,-0.004866034942390663,-0.0048858762122319325,-0.006016361799601752,-0.006016361799601752,-0.006036203069443021
2016-09-19,0.010834741929139987,0.010834741929139987,0.010814900659298717,0.002233113168947827,0.002233113168947827,0.002213271899106557,-0.0023020467247276506,-0.0023020467247276506,-0.0023218879945689206,0.0008211600511913797,0.0008211600511913797,0.0008013187813501099,0.0013422199693957607,0.0013422199693957607,0.0013223786995544909
2016-09-20,0.0025862529969015793,0.0025862529969015793,0.0025664117270603093,-0.0045096655172460216,-0.0045096655172460216,-0.004529506787087291,-0.00303603913601166,-0.00303603913601166,-0.0030558804058529302,-0.0068401273414015916,-0.0068401273414015916,-0.006859968611242861,0.0009388634386323488,0.0009388634386323488,0.000919022168791079
2016-09-21,0.003814565037694964,0.003814565037694964,0.003794723767853694,-0.0035694012803881426,-0.0035694012803881426,-0.0035892425502294127,0.002604257213654437,0.002604257213654437,0.002584415943813167,-0.0021671976175980856,-0.0021671976175980856,-0.0021870388874393556,-0.002285151743191754,-0.002285151743191754,-0.002304993013033024
2016-09-22,3.838683715427218e-05,3.838683715427218e-05,1.854556731300234e-05,0.0026860617321033875,0.0026860617321033875,0.0026662204622621174,0.00013513390299168355,0.00013513390299168355,0.00011529263315041371,0.000567619389790346,0.000567619389790346,0.0005477781199490762,0.002857163800547344,0.002857163800547344,0.002837322530706074
2016-09-23,0.002578587346630861,0.002578587346630861,0.002558746076789591,0.0004653602635761682,0.0004653602635761682,0.0004455189937348984,0.0026224653218986714,0.0026224653218986714,0.0026026240520574014,0.0030434201341322346,0.0030434201341322346,0.0030235788642909646,0.005713356376233107,0.005713356376233107,0.005693515106391838
2016-09-26,0.006534253380204767,0.006534253380204767,0.006514412110363498,0.0016325349486205265,0.0016325349486205265,0.0016126936787792567,-0.006294185691858257,-0.006294185691858257,-0.006314026961699527,-0.002732680760138627,-0.002732680760138627,-0.002752522029979897,-0.0013247040930662996,-0.0013247040930662996,-0.0013445453629075694
2016-09-27,-0.0042492827067395315,-0.0042492827067395315,-0.004269123976580801,-0.0017930285956406936,-0.0017930285956406936,-0.0018128698654819634,0.0026618006629637557,0.0026618006629637557,0.0026419593931224857,-0.0006821733804374727,-0.0006821733804374727,-0.0007020146502787425,-0.0011649366727405346,-0.0011649366727405346,-0.0011847779425818044
2016-09-28,-0.00989733206977125,-0.00989733206977125,-0.00991717333961252,0.0038057305960682557,0.0038057305960682557,0.0037858893262269857,0.01038920965735288,0.01038920965735288,0.01036936838751161,0.00772547607189736,0.00772547607189736,0.00770563480205609,0.004952313018604654,0.004952313018604654,0.0049324717487633845
2016-09-29,-0.0018062979174916535,-0.0018062979174916535,-0.0018261391873329233,0.0008017793271873322,0.0008017793271873322,0.0007819380573460624,-0.002829636164623556,-0.002829636164623556,-0.002849477434464826,-0.0025844549860458326,-0.0025844549860458326,-0.0026042962558871026,-0.0017454935616619,-0.0017454935616619,-0.0017653348315031698
2016-09-30,-0.012598460262619023,-0.012598460262619023,-0.012618301532460293,0.0022216130075852665,0.0022216130075852665,0.0022017717377439965,0.0020374152939658073,0.0020374152939658073,0.0020175740241245373,0.00442102263368511,0.00442102263368511,0.00440118136384384,-0.0019322968443520536,-0.0019322968443520536,-0.0019521381141933234
2016-10-03,-0.009334399093663239,-0.007810589569853714,-0.009171458798839576,0.004254038950882462,0.006634991331834843,0.004668827181200526,0.008594941787717962,0.010928275121051295,0.00894385976215738,0.003919632126295669,0.006395822602486146,0.004362666409601232,0.0026301313266305104,0.005201559898059082,0.0030962690063517074
2016-10-04,-7.951847414705516e-05,-7.951847414705516e-05,-9.9359743988325e-05,-0.015672764066084283,-0.015672764066084283,-0.015692605335925553,-0.008843746765232975,-0.008843746765232975,-0.008863588035074246,-0.012826837783621326,-0.012826837783621326,-0.012846679053462597,-0.013718710310888385,-0.013718710310888385,-0.013738551580729655
2016-10-05,-0.009114944547382856,-0.009114944547382856,-0.009134785817224126,-0.0038477368255320564,-0.0038477368255320564,-0.0038675780953733264,0.009325817024593768,0.009325817024593768,0.009305975754752498,0.0013318669710059936,0.0013318669710059936,0.0013120257011647238,0.001376840879386197,0.001376840879386197,0.0013569996095449271
2016-10-06,0.0019424585136158627,0.0019424585136158627,0.001922617243774593,0.0029632665850198112,0.0029632665850198112,0.002943425315178541,0.00607000303006305,0.00607000303006305,0.006050161760221781,0.004617908079545262,0.004617908079545262,0.004598066809703993,0.006341176882872611,0.006341176882872611,0.006321335613031342
2016-10-07,0.00024753328705447077,0.00024753328705447077,0.00022769201721320093,-0.004198194278312446,-0.004198194278312446,-0.004218035548153715,-0.00415522355308179,-0.00415522355308179,-0.00417506482292306,-0.0039849433816159605,-0.0039849433816159605,-0.00400478465145723,-0.00479991080011637,-0.00479991080011637,-0.00481975206995764
2016-10-10,-0.0023471438186723004,-0.0023471438186723004,-0.0023669850885135704,0.003909797657471303,0.003909797657471303,0.0038899563876300326,0.001755746836408979,0.001755746836408979,0.0017359055665677092,0.0035074484093968023,0.0035074484093968023,0.0034876071395555323,0.001445364753907925,0.001445364753907925,0.0014255234840666552
2016-10-11,-0.0007667730771731707,-0.0007667730771731707,-0.0007866143470144406,-0.00010705401740045161,-0.00010705401740045161,-0.00012689528724172145,0.001154913478088794,0.001154913478088794,0.0011350722082475243,0.00039684882413128426,0.00039684882413128426,0.00037700755429001444,0.0009927929211198559,0.0009927929211198559,0.0009729516512785861
2016-10-12,0.0014459404083260077,0.0014459404083260077,0.001426099138484738,0.00560738245218282,0.00560738245218282,0.00558754118234155,-0.002706593374267192,-0.002706593374267192,-0.002726434644108462,0.001857733009456345,0.001857733009456345,0.0018378917396150753,-0.0008668985684608121,-0.0008668985684608121,-0.0008867398383020819
2016-10-13,0.007771466828208032,0.007771466828208032,0.007751625558366762,0.0004820930700116699,0.0004820930700116699,0.0004622518001704001,-0.00911103935203977,-0.00911103935203977,-0.00913088062188104,-0.003964977475789988,-0.003964977475789988,-0.0039848187456312575,-0.0067692088447317555,-0.0067692088447317555,-0.006789050114573025
2016-10-14,0.004547124041798901,0.004547124041798901,0.004527282771957631,-0.0029440571460858734,-0.0029440571460858734,-0.0029638984159271434,-0.005299520099048081,-0.005299520099048081,-0.00531936136888935,-0.005465773321374198,-0.005465773321374198,-0.005485614591215468,-0.0030467274817888713,-0.0030467274817888713,-0.0030665687516301414
2016-10-17,0.008499924342906078,0.008499924342906078,0.008480083073064807,-0.0016034624058972296,-0.0016034624058972296,-0.0016233036757384994,-0.005348496404323981,-0.005348496404323981,-0.0053683376741652505,-0.0032369564742090583,-0.0032369564742090583,-0.0032567977440503284,-0.00044379583263827677,-0.00044379583263827677,-0.0004636371024795466
2016-10-18,-0.0002568475429697982,-0.0002568475429697982,-0.000276688812811068,0.003005446205473462,0.003005446205473462,0.002985604935632192,0.0033005852686248506,0.0033005852686248506,0.0032807439987835806,0.000435099192257942,0.000435099192257942,0.00041525792241667216,-0.006740322509003014,-0.006740322509003014,-0.006760163778844284
2016-10-19,-0.007940028356870375,-0.007940028356870375,-0.007959869626711646,0.0012779437581521818,0.0012779437581521818,0.001258102488310912,0.012031481206148517,0.012031481206148517,0.012011639936307246,0.008449856319729136,0.008449856319729136,0.008430015049887865,0.007290353482967224,0.007290353482967224,0.007270512213125954
2016-10-20,-0.004342872701815668,-0.004342872701815668,-0.004362713971656938,-0.0010648925448792975,-0.0010648925448792975,-0.0010847338147205673,0.008649228267671907,0.008649228267671907,0.008629386997830637,0.001511297394627427,0.001511297394627427,0.0014914561247861573,-0.0014541755547622273,-0.0014541755547622273,-0.0014740168246034971
2016-10-21,-0.002542913717263956,-0.002542913717263956,-0.002562754987105226,0.0012442880843810747,0.0012442880843810747,0.0012244468145398049,0.0008187133992986735,0.0008187133992986735,0.0007988721294574037,0.0018426720408078305,0.0018426720408078305,0.0018228307709665607,0.003015966239813759,0.003015966239813759,0.002996124969972489
2016-10-24,0.011126930897959646,0.011126930897959646,0.011107089628118376,-0.007824070651286198,-0.007824070651286198,-0.007843911921127468,-0.0048374027484931435,-0.0048374027484931435,-0.004857244018334413,-0.009344268057175822,-0.009344268057175822,-0.009364109327017093,-0.006113539048114794,-0.006113539048114794,-0.006133380317956063
2016-10-25,-0.006225309543354974,-0.006225309543354974,-0.0062451508131962435,-0.0015149413938595371,-0.0015149413938595371,-0.001534782663700807,0.0029633271726294706,0.0029633271726294706,0.0029434859027882006,-0.0009097947149821993,-0.0009097947149821993,-0.0009296359848234691,-0.0015774129149220273,-0.0015774129149220273,-0.001597254184763297
2016-10-26,-0.021364445601001005,-0.021364445601001005,-0.021384286870842276,0.005140522292236233,0.005140522292236233,0.005120681022394964,0.00919744066610045,0.00919744066610045,0.00917759939625918,0.007092465288704724,0.007092465288704724,0.007072624018863455,0.004899164273193993,0.004899164273193993,0.004879323003352723
2016-10-27,-0.0073776142050735564,-0.0073776142050735564,-0.007397455474914826,-0.006338000948081632,-0.006338000948081632,-0.006357842217922902,-0.001076393687151866,-0.001076393687151866,-0.0010962349569931357,-0.004540263239730691,-0.004540263239730691,-0.004560104509571961,-0.004266865543152777,-0.004266865543152777,-0.004286706812994047
2016-10-28,0.004035725559185159,0.004035725559185159,0.004015884289343889,0.00474577844395537,0.00474577844395537,0.0047259371741141,-0.0010826867314040188,-0.0010826867314040188,-0.0011025280012452886,0.00030888571688398713,0.00030888571688398713,0.0002890444470427173,0.002267451355681892,0.002267451355681892,0.002247610085840622
2016-10-31,0.007330340059624444,0.007330340059624444,0.007310498789783174,0.005717967458478555,0.005717967458478555,0.005698126188637285,-0.00758468427323955,-0.00758468427323955,-0.00760452554308082,0.0011186952924643863,0.0011186952924643863,0.0010988540226231165,-0.00790748141774554,-0.00790748141774554,-0.007927322687586811
2016-11-01,-0.012555052291249242,-0.011078861815058766,-0.012168827224640664,-0.0046565964285987405,-0.002656596428598741,-0.004089275130201911,-0.005846617207799627,-0.00317995054113296,-0.005114698558724475,-0.005670180446091092,-0.0034320852079958546,-0.0050598984098584885,-0.004208359929412396,-0.0014940742151266827,-0.003467763359806218
2016-11-02,-0.001916843492380223,-0.001916843492380223,-0.0019366847622214929,-0.0036792788679772294,-0.0036792788679772294,-0.0036991201378184994,-0.011548449539487481,-0.011548449539487481,-0.011568290809328752,-0.0043887875602099495,-0.0043887875602099495,-0.004408628830051219,-0.00844156148900942,-0.00844156148900942,-0.00846140275885069
2016-11-03,0.0028525697734291377,0.0028525697734291377,0.0028327285035878677,-0.0030264530022385064,-0.0030264530022385064,-0.0030462942720797764,-0.010832695828795973,-0.010832695828795973,-0.010852537098637243,-0.008614215087420902,-0.008614215087420902,-0.008634056357262172,-0.0017765216329285697,-0.0017765216329285697,-0.0017963629027698395
2016-11-04,-0.0010998012486454671,-0.0010998012486454671,-0.001119642518486737,0.0022771598303879753,0.0022771598303879753,0.0022573185605467053,0.0017328439084105557,0.0017328439084105557,0.001713002638569286,0.001530351390999767,0.001530351390999767,0.0015105101211584971,-0.0021937502351830392,-0.0021937502351830392,-0.0022135915050243093
2016-11-07,-0.0018951701945939302,-0.0018951701945939302,-0.0019150114644352,-0.002420614268979151,-0.002420614268979151,-0.0024404555388204212,0.0033758370341000067,0.0033758370341000067,0.0033559957642587367,0.0017092600247739153,0.0017092600247739153,0.0016894187549326455,0.0018554876089533151,0.0018554876089533151,0.0018356463391120453
2016-11-08,0.005499145195034175,0.005499145195034175,0.005479303925192905,-0.0072892626467625735,-0.0072892626467625735,-0.007309103916603843,0.000598588263916413,0.000598588263916413,0.0005787469940751432,-0.0026383054585439845,-0.0026383054585439845,-0.0026581467283852546,0.0010862529956282472,0.0010862529956282472,0.0010664117257869774
2016-11-09,-0.02499877580611596,-0.02499877580611596,-0.02501861707595723,0.023172491061094036,0.023172491061094036,0.023152649791252766,-0.009050397751746854,-0.009050397751746854,-0.009070239021588124,0.019228261013753335,0.019228261013753335,0.019208419743912065,-0.010074131460373125,-0.010074131460373125,-0.010093972730214396
2016-11-10,-0.03203148405032066,-0.03203148405032066,-0.03205132532016193,0.016633366858643497,0.016633366858643497,0.016613525588802226,-0.006389963311131464,-0.006389963311131464,-0.006409804580972733,0.014162681152883263,0.014162681152883263,0.014142839883041993,-0.007994338742464326,-0.007994338742464326,-0.008014180012305597
2016-11-11,0.0010721017278454686,0.0010721017278454686,0.0010522604580041988,0.0011616382332937172,0.0011616382332937172,0.0011417969634524474,0.0012651161090166262,0.0012651161090166262,0.0012452748391753564,-0.0015408850107102208,-0.0015408850107102208,-0.0015607262805514906,-0.0029465213368706565,-0.0029465213368706565,-0.0029663626067119265
2016-11-14,-0.014114759397375356,-0.014114759397375356,-0.014134600667216626,0.022299104685291116,0.022299104685291116,0.022279263415449845,0.005679617115449274,0.005679617115449274,0.005659775845608004,0.023761680143179535,0.023761680143179535,0.023741838873338264,0.0011168334436614594,0.0011168334436614594,0.0010969921738201896
2016-11-15,0.014006415844928864,0.014006415844928864,0.013986574575087594,-0.004523624379308523,-0.004523624379308523,-0.004543465649149793,0.013163100058963378,0.013163100058963378,0.013143258789122108,-0.00256231765997321,-0.00256231765997321,-0.00258215892981448,0.006718987174877306,0.006718987174877306,0.006699145905036037
2016-11-16,0.009117119695863648,0.009117119695863648,0.009097278426022377,-0.007067456268599004,-0.007067456268599004,-0.0070872975384402735,-0.0022412078233155414,-0.0022412078233155414,-0.0022610490931568115,-0.008326531933140362,-0.008326531933140362,-0.008346373202981632,-0.0035088431839863754,-0.0035088431839863754,-0.0035286844538276454
2016-11-17,-0.00813945051916764,-0.00813945051916764,-0.008159291789008911,0.003895126748949769,0.003895126748949769,0.003875285479108499,-0.00427157087885326,-0.00427157087885326,-0.0042914121486945294,-0.0006724055994349754,-0.0006724055994349754,-0.0006922468692762453,-0.00837549434601794,-0.00837549434601794,-0.008395335615859211
2016-11-18,0.0008074790146252611,0.0008074790146252611,0.0007876377447839913,-0.0008851594461800624,-0.0008851594461800624,-0.0009050007160213322,0.0035570101531259015,0.0035570101531259015,0.0035371688832846315,-0.001143593230004265,-0.001143593230004265,-0.0011634344998455348,0.003742264056586704,0.003742264056586704,0.003722422786745434
2016-11-21,-0.006623038976287486,-0.006623038976287486,-0.006642880246128756,-0.0016582221529120719,-0.0016582221529120719,-0.0016780634227533417,0.011286457316842202,0.011286457316842202,0.011266616047000931,0.004500751769952695,0.004500751769952695,0.004480910500111426,0.0044814785088531164,0.0044814785088531164,0.004461637239011847
2016-11-22,0.00881960069449325,0.00881960069449325,0.00879975942465198,-0.00021065869289537418,-0.00021065869289537418,-0.00023049996273664402,-0.004315297404257521,-0.004315297404257521,-0.00433513867409879,-0.0025692239006403065,-0.0025692239006403065,-0.0025890651704815765,-0.006979324453220983,-0.006979324453220983,-0.006999165723062252
2016-11-23,-0.00664474425955074,-0.00664474425955074,-0.006664585529392009,0.00303028593223673,0.00303028593223673,0.00301044466239546,0.004197343384295936,0.004197343384295936,0.004177502114454667,0.009220381537649099,0.009220381537649099,0.009200540267807828,0.004666285290393487,0.004666285290393487,0.0046464440205522175
2016-11-25,0.004096323938450816,0.004096323938450816,0.004076482668609546,-0.0014319374177309261,-0.0014319374177309261,-0.001451778687572196,-0.004064693318844748,-0.004064693318844748,-0.004084534588686017,-0.0028987942741906204,-0.0028987942741906204,-0.0029186355440318904,-0.0005666595611446604,-0.0005666595611446604,-0.0005865008309859302
2016-11-28,0.00478610448216689,0.00478610448216689,0.00476626321232562,0.0005545661851313094,0.0005545661851313094,0.0005347249152900396,-0.0011449913179016845,-0.0011449913179016845,-0.0011648325877429543,-0.0013991706372538586,-0.0013991706372538586,-0.0014190119070951284,-0.000799850195779899,-0.000799850195779899,-0.0008196914656211688
2016-11-29,0.011672631296030946,0.011672631296030946,0.011652790026189675,-0.008680160324652238,-0.008680160324652238,-0.008700001594493509,-0.00669252046069416,-0.00669252046069416,-0.00671236173053543,-0.009142867003473514,-0.009142867003473514,-0.009162708273314784,0.0006673962218389677,0.0006673962218389677,0.0006475549519976979
2016-11-30,-0.009678045865775496,-0.009678045865775496,-0.009697887135616767,0.010934118255659146,0.010934118255659146,0.010914276985817876,0.016539079158061368,0.016539079158061368,0.016519237888220097,0.010027868356121235,0.010027868356121235,0.010008027086279965,0.010491356087465072,0.010491356087465072,0.010471514817623801
2016-12-01,-0.020153434082449077,-0.01886771979673479,-0.019797064897370268,0.001880007881273175,0.0041657221669874605,0.002416743306784427,-0.007252083442428677,-0.004109226299571535,-0.006360532971645742,-0.004320158595727775,-0.0006534919290611093,-0.0032698399511315586,-0.0003472935952572062,0.0026527064047427934,0.000497357548528347
2016-12-02,0.01156369479153322,0.01156369479153322,0.01154385352169195,-0.005966473855701939,-0.005966473855701939,-0.0059863151255432085,-0.0005404386879912615,-0.0005404386879912615,-0.0005602799578325313,-0.0028454747323676827,-0.0028454747323676827,-0.0028653160022089528,-0.0036977038813320196,-0.0036977038813320196,-0.0037175451511732896
2016-12-05,-0.003913019126767577,-0.003913019126767577,-0.003932860396608846,0.007320744286263333,0.007320744286263333,0.0073009030164220634,-0.0026032754154086185,-0.0026032754154086185,-0.0026231166852498885,-0.000802149821878722,-0.000802149821878722,-0.0008219910917199918,0.0017299488577914007,0.0017299488577914007,0.0017101075879501308
2016-12-06,-0.0018086869022984195,-0.0018086869022984195,-0.0018285281721396893,4.213311290538141e-05,4.213311290538141e-05,2.2291843064111575e-05,-0.006227441614017215,-0.006227441614017215,-0.0062472828838584845,-0.0032579816328548476,-0.0032579816328548476,-0.0032778229026961176,0.002872628309621121,0.002872628309621121,0.002852787039779851
2016-12-07,-0.0012330341370234525,-0.0012330341370234525,-0.0012528754068647223,-0.0019619312165071656,-0.0019619312165071656,-0.0019817724863484356,0.004693004488417958,0.004693004488417958,0.004673163218576688,-0.004777688695194806,-0.004777688695194806,-0.004797529965036075,0.0064357466438783335,0.0064357466438783335,0.006415905374037064
2016-12-08,-0.007907919101825832,-0.007907919101825832,-0.007927760371667102,0.01570534561755157,0.01570534561755157,0.0156855043477103,-0.00469109784958476,-0.00469109784958476,-0.00471093911942603,0.0005291290557736194,0.0005291290557736194,0.0005092877859323496,0.006563166860816496,0.006563166860816496,0.006543325590975226
2016-12-09,-0.005745335695226516,-0.005745335695226516,-0.0057651769650677856,-0.005125337725829224,-0.005125337725829224,-0.005145178995670493,-0.003211531601861698,-0.003211531601861698,-0.003231372871702968,0.001460008595988557,0.001460008595988557,0.0014401673261472871,-0.004939350918460758,-0.004939350918460758,-0.004959192188302028
2016-12-12,0.003401048267720046,0.003401048267720046,0.003381206997878776,-0.007891012993855332,-0.007891012993855332,-0.007910854263696603,-0.0009002584657436734,-0.0009002584657436734,-0.0009200997355849432,0.002067389893204607,0.002067389893204607,0.002047548623363337,-0.013078879961354914,-0.013078879961354914,-0.013098721231196184
2016-12-13,0.004602175206032785,0.004602175206032785,0.004582333936191515,-0.004089207942992451,-0.004089207942992451,-0.00410904921283372,0.0002503053790128939,0.0002503053790128939,0.00023046410917162407,-0.00246403006552682,-0.00246403006552682,-0.00248387133536809,-0.004474483450436476,-0.004474483450436476,-0.0044943247202777455
2016-12-14,0.0042385295576373135,0.0042385295576373135,0.004218688287796044,-0.009951682612042724,-0.009951682612042724,-0.009971523881883994,0.007080225070638893,0.007080225070638893,0.0070603838007976235,-0.004050531078317416,-0.004050531078317416,-0.004070372348158686,0.0008014743157398713,0.0008014743157398713,0.0007816330458986014
2016-12-15,0.0025506116346876266,0.0025506116346876266,0.0025307703648463566,-0.005529851116510411,-0.005529851116510411,-0.005549692386351681,0.0015090301499507486,0.0015090301499507486,0.0014891888801094788,-0.005864926119649055,-0.005864926119649055,-0.0058847673894903245,-0.0033047944460085125,-0.0033047944460085125,-0.0033246357158497825
2016-12-16,-0.003134709162944107,-0.003134709162944107,-0.003154550432785377,0.0018441734057483175,0.0018441734057483175,0.0018243321359070477,-0.0020788439614508143,-0.0020788439614508143,-0.0020986852312920843,0.005846914729851779,0.005846914729851779,0.005827073460010509,-0.0008217548933451598,-0.0008217548933451598,-0.0008415961631864297
2016-12-19,0.006782906424341,0.006782906424341,0.00676306515449973,-0.0041945060023783325,-0.0041945060023783325,-0.004214347272219602,0.000438700055968389,0.000438700055968389,0.00041885878612711916,-0.004134769908044878,-0.004134769908044878,-0.0041546111778861475,-0.00255822193755169,-0.00255822193755169,-0.0025780632073929602
2016-12-20,-0.00042846178361852596,-0.00042846178361852596,-0.0004483030534597958,-0.001426554060808118,-0.001426554060808118,-0.001446395330649388,0.00028160461157297366,0.00028160461157297366,0.00026176334173170384,-0.005221639765110468,-0.005221639765110468,-0.005241481034951738,0.003357671124261964,0.003357671124261964,0.003337829854420694
2016-12-21,0.002035394249882715,0.002035394249882715,0.002015552980041445,0.0013881427387838138,0.0013881427387838138,0.001368301468942544,0.00440003056630164,0.00440003056630164,0.004380189296460371,0.001751141127073295,0.001751141127073295,0.0017312998572320251,0.003679696587189976,0.003679696587189976,0.003659855317348706
2016-12-22,0.003099725694614485,0.003099725694614485,0.003079884424773215,-0.008036353992743106,-0.008036353992743106,-0.008056195262584376,0.0009898393197352202,0.0009898393197352202,0.0009699980498939504,-0.0031926730599963517,-0.0031926730599963517,-0.0032125143298376217,-0.006444097615917866,-0.006444097615917866,-0.006463938885759136
2016-12-23,-0.005024813814741888,-0.005024813814741888,-0.005044655084583158,0.006098096313954575,0.006098096313954575,0.006078255044113305,0.0022296186676955716,0.0022296186676955716,0.0022097773978543016,0.002851963039690812,0.002851963039690812,0.002832121769849542,0.006758418957796145,0.006758418957796145,0.006738577687954875
2016-12-27,-0.003399336897670228,-0.003399336897670228,-0.003419178167511498,0.0032627569324987175,0.0032627569324987175,0.0032429156626574474,-0.0019243990004734536,-0.0019243990004734536,-0.0019442402703147234,0.0010148708124460611,0.0010148708124460611,0.0009950295426047913,-0.00035877484140042125,-0.00035877484140042125,-0.00037861611124169107
2016-12-28,-0.0011598267613563923,-0.0011598267613563923,-0.0011796680311976621,-0.0026455499353873085,-0.0026455499353873085,-0.0026653912052285785,0.0009621541876748579,0.0009621541876748579,0.000942312917833588,0.000686090729820803,0.000686090729820803,0.0006662494599795331,-0.0016694099109004026,-0.0016694099109004026,-0.0016892511807416724
2016-12-29,0.005924227749301273,0.005924227749301273,0.005904386479460003,0.0003310632847415496,0.0003310632847415496,0.0003112220149002798,-0.0008409672824299411,-0.0008409672824299411,-0.0008608085522712109,0.0033424487389121936,0.0033424487389121936,0.0033226074690709236,-0.0017558363464307938,-0.0017558363464307938,-0.0017756776162720636
2016-12-30,-0.0015288112811827513,-0.0015288112811827513,-0.001548652551024021,0.0013694283504751318,0.0013694283504751318,0.001349587080633862,-0.005680180098479705,-0.005680180098479705,-0.005700021368320975,-0.0005721440708216863,-0.0005721440708216863,-0.0005919853406629561,-0.002186188193210018,-0.002186188193210018,-0.002206029463051288
2017-01-03,-0.015915436573305543,-0.014344008001876973,-0.015487550700215793,0.004205281791913472,0.006586234172865853,0.004885343005725628,-0.0008945677231247033,0.0017720989435419628,-0.0001350465128725578,-0.003642442840158844,-0.00045196664968265386,-0.0027273052403460657,0.006157061341035851,0.009014204198178707,0.0069682618093348655
2017-01-04,-0.0023962421618855265,-0.0023962421618855265,-0.0024160834317267965,0.008959714281177875,0.008959714281177875,0.008939873011336604,-0.006992344578767239,-0.006992344578767239,-0.007012185848608509,-0.00501853745133968,-0.00501853745133968,-0.00503837872118095,-0.0024997078987386012,-0.0024997078987386012,-0.0025195491685798713
2017-01-05,-0.0005372374217769444,-0.0005372374217769444,-0.0005570786916182142,0.006184312164386643,0.006184312164386643,0.0061644708945453736,0.00776063494818818,0.00776063494818818,0.00774079367834691,0.008966526853954406,0.008966526853954406,0.008946685584113136,0.007442619842554245,0.007442619842554245,0.007422778572712976
2017-01-06,-0.0025980751244500675,-0.0025980751244500675,-0.0026179163942913375,-0.0019186271633348172,-0.0019186271633348172,-0.001938468433176087,0.002832693892701907,0.002832693892701907,0.002812852622860637,0.0009467153924394144,0.0009467153924394144,0.0009268741225981446,0.0014342811990800124,0.0014342811990800124,0.0014144399292387426
2017-01-09,-0.008464080762381932,-0.008464080762381932,-0.008483922032223203,-0.0035308477846637495,-0.0035308477846637495,-0.0035506890545050195,-0.0021880814331683195,-0.0021880814331683195,-0.0022079227030095895,-0.00848556875126885,-0.00848556875126885,-0.00850541002111012,-0.0006571978823872349,-0.0006571978823872349,-0.0006770391522285047
2017-01-10,5.784090302348864e-05,5.784090302348864e-05,3.79996331822188e-05,-0.004760834729967699,-0.004760834729967699,-0.004780675999808969,-0.005638166906495931,-0.005638166906495931,-0.005658008176337201,-0.0024401059328602002,-0.0024401059328602002,-0.0024599472027014703,-0.007226204315491511,-0.007226204315491511,-0.007246045585332781
2017-01-11,0.013098251435855076,0.013098251435855076,0.013078410166013806,-0.0042047213076576145,-0.0042047213076576145,-0.004224562577498884,0.013622022685505405,0.013622022685505405,0.013602181415664135,0.0050938389989066725,0.0050938389989066725,0.005073997729065403,0.004308114641988558,0.004308114641988558,0.004288273372147288
2017-01-12,-0.004111557769698026,-0.004111557769698026,-0.0041313990395392955,0.00565000169622877,0.00565000169622877,0.0056301604263875,-0.0038543946393448853,-0.0038543946393448853,-0.0038742359091861554,0.005045764340730893,0.005045764340730893,0.005025923070889623,-1.6220966291039755e-06,-1.6220966291039755e-06,-2.1463366470373813e-05
2017-01-13,-3.826760617582333e-05,-3.826760617582333e-05,-5.810887601709317e-05,0.002702685891725636,0.002702685891725636,0.002682844621884366,0.004601373147606898,0.004601373147606898,0.004581531877765628,0.0024561532740118457,0.0024561532740118457,0.0024363120041705757,0.0016427389842628942,0.0016427389842628942,0.0016228977144216244
2017-01-17,-0.005068494068383288,-0.005068494068383288,-0.005088335338224558,0.010798300136282166,0.010798300136282166,0.010778458866440896,-0.00705500205686427,-0.00705500205686427,-0.007074843326705539,0.007936971588349951,0.007936971588349951,0.007917130318508681,0.0028546611541664744,0.0028546611541664744,0.0028348198843252044
2017-01-18,0.0074302253771229305,0.0074302253771229305,0.007410384107281661,-0.0031318815857406543,-0.0031318815857406543,-0.0031517228555819243,0.0024234001620169984,0.0024234001620169984,0.0024035588921757283,-0.002989679331406901,-0.002989679331406901,-0.003009520601248171,-0.005757797896303731,-0.005757797896303731,-0.005777639166145001
2017-01-19,0.0045673536818094385,0.0045673536818094385,0.004547512411968169,-0.008586074744122908,-0.008586074744122908,-0.008605916013964179,0.001131607740268244,0.001131607740268244,0.0011117664704269742,-8.902638599904162e-06,-8.902638599904162e-06,-2.8743908441174e-05,-0.0020109204124524297,-0.0020109204124524297,-0.0020307616822936997
2017-01-20,0.004870882082051381,0.004870882082051381,0.004851040812210112,0.0020400183934844223,0.0020400183934844223,0.0020201771236431523,0.005005293072945542,0.005005293072945542,0.0049854518031042724,0.003348695561561035,0.003348695561561035,0.003328854291719765,0.005915835316520802,0.005915835316520802,0.0058959940466795325
2017-01-23,0.0020615872560439895,0.0020615872560439895,0.0020417459862027195,4.151329876782902e-05,4.151329876782902e-05,2.1672028926559182e-05,-0.006683455042540251,-0.006683455042540251,-0.006703296312381521,-0.006151430485632631,-0.006151430485632631,-0.0061712717554739,-0.004797106477301082,-0.004797106477301082,-0.004816947747142352
2017-01-24,0.015514204373494982,0.015514204373494982,0.015494363103653711,-0.0038052149633686695,-0.0038052149633686695,-0.0038250562332099395,0.0004928990103661357,0.0004928990103661357,0.00047305774052486585,-0.007165485191362227,-0.007165485191362227,-0.007185326461203497,0.000765198134034928,0.000765198134034928,0.0007453568641936582
2017-01-25,-0.0012442441407427955,-0.0012442441407427955,-0.0012640854105840653,-0.003690629284040612,-0.003690629284040612,-0.003710470553881882,0.007121064582673486,0.007121064582673486,0.007101223312832216,-0.004794278097849869,-0.004794278097849869,-0.004814119367691138,0.0068844282695295755,0.0068844282695295755,0.006864586999688306
2017-01-26,0.004523497791770256,0.004523497791770256,0.004503656521928986,-0.007156991876096888,-0.007156991876096888,-0.007176833145938158,0.011222381638475762,0.011222381638475762,0.011202540368634491,0.0011360439770653117,0.0011360439770653117,0.0011162027072240419,0.0015787575254315863,0.0015787575254315863,0.0015589162555903165
2017-01-27,0.001451626302519223,0.001451626302519223,0.001431785032677953,-0.002026147092609303,-0.002026147092609303,-0.002045988362450573,-0.0028289846119112835,-0.0028289846119112835,-0.0028488258817525535,-0.0021982090929479445,-0.0021982090929479445,-0.0022180503627892145,-0.00767265045294651,-0.00767265045294651,-0.007692491722787779
2017-01-30,-0.007636859065420617,-0.007636859065420617,-0.007656700335261887,-0.0005178032332522394,-0.0005178032332522394,-0.0005376445030935092,-0.0005391803641068105,-0.0005391803641068105,-0.0005590216339480803,-0.0011700676743967415,-0.0011700676743967415,-0.0011899089442380113,3.0080190586196168e-05,3.0080190586196168e-05,1.023892074492633e-05
2017-01-31,0.00019298655851190906,0.00019298655851190906,0.00017314528867063921,-0.001917719078812709,-0.001917719078812709,-0.0019375603486539788,-0.004099583649705639,-0.004099583649705639,-0.004119424919546908,0.001225756541448693,0.001225756541448693,0.001205915271607423,-0.0065216622491787325,-0.0065216622491787325,-0.006541503519020002
2017-02-01,0.011754042618591712,0.013325471190020283,0.01217883940105154,-0.01134424231418683,-0.009439480409424925,-0.010928008809822282,0.004205578005984822,0.006729387529794345,0.004907978018124296,-0.005493039791025188,-0.0026835159815013785,-0.004688069465679479,-0.005584773493572259,-0.003203821112619879,-0.00491142160680852
2017-02-02,-0.002752032535099808,-0.002752032535099808,-0.002771873804941078,0.0014056229692362265,0.0014056229692362265,0.0013857816993949567,0.0049925350466372455,0.0049925350466372455,0.004972693776795976,0.008654338491504997,0.008654338491504997,0.008634497221663727,0.0015672809103546292,0.0015672809103546292,0.0015474396405133594
2017-02-03,0.009626186735842455,0.009626186735842455,0.009606345466001184,-0.006723068294203494,-0.006723068294203494,-0.006742909564044763,0.003590226810809774,0.003590226810809774,0.003570385540968504,-0.0019001815519767,-0.0019001815519767,-0.0019200228218179698,-5.074317054547576e-05,-5.074317054547576e-05,-7.05844403867456e-05
2017-02-06,-0.0018691132754120757,-0.0018691132754120757,-0.0018889545452533455,-0.0015390196251338715,-0.0015390196251338715,-0.0015588608949751413,-0.001441363281167753,-0.001441363281167753,-0.0014612045510090227,0.0017956495337545031,0.0017956495337545031,0.0017758082639132333,0.0026540814127058677,0.0026540814127058677,0.0026342401428645977
2017-02-07,-0.0025744490935403186,-0.0025744490935403186,-0.0025942903633815887,-0.003788439363812293,-0.003788439363812293,-0.003808280633653563,0.00013706071930486789,0.00013706071930486789,0.00011721944946359804,0.0007199937659490431,0.0007199937659490431,0.0007001524961077732,-0.007009441769727861,-0.007009441769727861,-0.007029283039569131
2017-02-08,-0.0071286180707597095,-0.0071286180707597095,-0.007148459340600979,0.009382108079203956,0.009382108079203956,0.009362266809362686,-0.007075134162738933,-0.007075134162738933,-0.0070949754325802025,0.0018833623626702903,0.0018833623626702903,0.0018635210928290204,-0.0007195895672579065,-0.0007195895672579065,-0.0007394308370991763
2017-02-09,0.0006247362787807644,0.0006247362787807644,0.0006048950089394946,0.005336760945088377,0.005336760945088377,0.005316919675247107,0.003896271610218122,0.003896271610218122,0.003876430340376852,0.00011059480738633042,0.00011059480738633042,9.075353754506058e-05,0.0076169834174571825,0.0076169834174571825,0.007597142147615913
2017-02-10,0.0008082564075128263,0.0008082564075128263,0.0007884151376715564,0.001145063915784064,0.001145063915784064,0.0011252226459427942,0.003453515022459972,0.003453515022459972,0.003433673752618702,0.004061398365344134,0.004061398365344134,0.004041557095502865,0.005700693270646931,0.005700693270646931,0.005680852000805661
2017-02-13,0.0035779104065482565,0.0035779104065482565,0.0035580691367069865,-0.0069784542747021484,-0.0069784542747021484,-0.006998295544543418,0.00642013477784234,0.00642013477784234,0.0064002935080010705,0.0023110672458226795,0.0023110672458226795,0.0022912259759814094,-0.0013602316863514465,-0.0013602316863514465,-0.0013800729561927164
2017-02-14,-0.003445480799448481,-0.003445480799448481,-0.003465322069289751,-0.0012987403615746,-0.0012987403615746,-0.0013185816314158698,0.00045511331565866765,0.00045511331565866765,0.00043527204581739784,-0.0026592800034561633,-0.0026592800034561633,-0.0026791212732974333,0.001012030756588839,0.001012030756588839,0.0009921894867475692
2017-02-15,-0.007774993194450466,-0.007774993194450466,-0.007794834464291736,0.002625626705486595,0.002625626705486595,0.002605785435645325,-0.0005459223450085832,-0.0005459223450085832,-0.000565763614849853,0.004077739560254834,0.004077739560254834,0.004057898290413565,0.0002578594360337944,0.0002578594360337944,0.00023801816619252456
2017-02-16,0.006708586494931508,0.006708586494931508,0.006688745225090238,-0.008641276697481838,-0.008641276697481838,-0.008661117967323108,0.004500981728647076,0.004500981728647076,0.0044811404588058065,0.002224365357996217,0.002224365357996217,0.002204524088154947,0.0021679686243770077,0.0021679686243770077,0.0021481273545357377
2017-02-17,-0.010515505715746713,-0.010515505715746713,-0.010535346985587984,0.0036145767864153126,0.0036145767864153126,0.0035947355165740426,-0.003064407039854785,-0.003064407039854785,-0.003084248309696055,0.003610042251432921,0.003610042251432921,0.003590200981591651,0.0046072135478106265,0.0046072135478106265,0.004587372277969357
2017-02-21,0.0012650339204207418,0.0012650339204207418,0.001245192650579472,0.0040784173442677315,0.0040784173442677315,0.004058576074426462,0.0019974394425213158,0.0019974394425213158,0.0019775981726800457,-0.003096916849978923,-0.003096916849978923,-0.003116758119820193,0.0030007971242931673,0.0030007971242931673,0.0029809558544518972
2017-02-22,-0.0003281678422577118,-0.0003281678422577118,-0.0003480091120989816,-0.0062742217818789235,-0.0062742217818789235,-0.006294063051720193,0.0002658348754068794,0.0002658348754068794,0.0002459936055656096,-0.0004576364715379664,-0.0004576364715379664,-0.00047747774137923624,-0.0032557198383354616,-0.0032557198383354616,-0.0032755611081767316
2017-02-23,-4.205157531119103e-05,-4.205157531119103e-05,-6.189284515246087e-05,-0.006730768927776659,-0.006730768927776659,-0.006750610197617929,0.0044010291384378964,0.0044010291384378964,0.004381187868596627,0.0049282867776669,0.0049282867776669,0.0049084455078256305,0.0010707796842077358,0.0010707796842077358,0.001050938414366466
2017-02-24,-0.0076380052499439325,-0.0076380052499439325,-0.007657846519785202,0.005868845498728522,0.005868845498728522,0.0058490042288872526,-0.0013419503225762775,-0.0013419503225762775,-0.0013617915924175473,0.004372645539637811,0.004372645539637811,0.004352804269796541,0.0020110401626203204,0.0020110401626203204,0.0019911988927790504
2017-02-27,0.0031929373218863837,0.0031929373218863837,0.0031730960520451137,0.0006477048766497084,0.0006477048766497084,0.0006278636068084386,-0.0018742152246754573,-0.0018742152246754573,-0.0018940564945167271,-0.004513266143443067,-0.004513266143443067,-0.004533107413284336,-0.005188026675121608,-0.005188026675121608,-0.005207867944962878
2017-02-28,0.01129001533292317,0.01129001533292317,0.0112701740630819,-0.010001383472697896,-0.010001383472697896,-0.010021224742539166,0.002278403222092106,0.002278403222092106,0.002258561952250836,-0.000282159655319191,-0.000282159655319191,-0.0003020009251604608,-0.0018276818643918836,-0.0018276818643918836,-0.0018475231342331535
2017-03-01,0.019116984398748753,0.02021222249398685,0.019418048666774868,-0.013347673096115906,-0.011204815953258764,-0.012738212191100792,0.0008385784028961192,0.0034100069743246905,0.0015696842528361036,-0.017166798658673533,-0.014309655801530674,-0.016346630824265476,-0.015915009968482365,-0.013248343301815697,-0.015157855907202453
2017-03-02,-0.013292912294834449,-0.013292912294834449,-0.01331275356467572,0.009656402710300872,0.009656402710300872,0.009636561440459601,-0.00415550269498313,-0.00415550269498313,-0.0041753439648244,0.009466171783131916,0.009466171783131916,0.009446330513290645,0.009489081574287371,0.009489081574287371,0.0094692403044461
2017-03-03,0.00903292551985485,0.00903292551985485,0.00901308425001358,-0.0007427699943529204,-0.0007427699943529204,-0.0007626112641941902,0.005144603039465286,0.005144603039465286,0.005124761769624017,0.0005326616401782518,0.0005326616401782518,0.000512820370336982,-0.005619116444618885,-0.005619116444618885,-0.005638957714460154
2017-03-06,0.003691009627146978,0.003691009627146978,0.003671168357305708,-0.004540525590109714,-0.004540525590109714,-0.004560366859950983,0.0014594169250337998,0.0014594169250337998,0.00143957565519253,-0.0018017461288511237,-0.0018017461288511237,-0.0018215873986923935,-0.001198621789609161,-0.001198621789609161,-0.0012184630594504308
2017-03-07,0.005735931938568404,0.005735931938568404,0.0057160906687271345,-0.005155367022047222,-0.005155367022047222,-0.005175208291888491,0.0036247413787859895,0.0036247413787859895,0.0036049001089447194,0.0007302273134637748,0.0007302273134637748,0.0007103860436225049,-0.0035581817409739685,-0.0035581817409739685,-0.0035780230108152385
2017-03-08,-0.017641305883607517,-0.017641305883607517,-0.017661147153448787,0.00543064713014927,0.00543064713014927,0.0054108058603080005,-0.013043373239973854,-0.013043373239973854,-0.013063214509815124,0.0014083842590550393,0.0014083842590550393,0.0013885429892137695,-0.008490801812236257,-0.008490801812236257,-0.008510643082077527
2017-03-09,0.00034144389820905214,0.00034144389820905214,0.00032160262836778233,-0.0013631735545632235,-0.0013631735545632235,-0.0013830148244044934,-0.0010279456282448363,-0.0010279456282448363,-0.0010477868980861061,-0.001340539083733767,-0.001340539083733767,-0.0013603803535750369,0.0024562039926063887,0.0024562039926063887,0.0024363627227651187
2017-03-10,-0.00025872766273856535,-0.00025872766273856535,-0.00027856893257983517,0.00232346034946866,0.00232346034946866,0.00230361907962739,0.003508785653564603,0.003508785653564603,0.003488944383723333,0.0031934193423140255,0.0031934193423140255,0.0031735780724727555,0.0006905886205069364,0.0006905886205069364,0.0006707473506656666
2017-03-13,0.006939274268415224,0.006939274268415224,0.006919432998573954,-0.0035271352941464683,-0.0035271352941464683,-0.0035469765639877383,0.0035833121693097086,0.0035833121693097086,0.0035634708994684385,-0.00046740578053661684,-0.00046740578053661684,-0.00048724705037788666,-0.0034465417341849177,-0.0034465417341849177,-0.0034663830040261878
2017-03-14,-0.001757023148114413,-0.001757023148114413,-0.0017768644179556828,-0.0007744376426339842,-0.0007744376426339842,-0.000794278912475254,-0.0010591504920661804,-0.0010591504920661804,-0.0010789917619074502,0.003079258082966961,0.003079258082966961,0.003059416813125691,0.0011576183849322684,0.0011576183849322684,0.0011377771150909986
2017-03-15,0.0014959328852720524,0.0014959328852720524,0.0014760916154307826,0.006686015484040797,0.006686015484040797,0.0066661742141995274,-0.0027756985190018815,-0.0027756985190018815,-0.0027955397888431515,-0.0013144377949972862,-0.0013144377949972862,-0.001334279064838556,-0.001451131135774457,-0.001451131135774457,-0.0014709724056157268
2017-03-16,0.000538785022027052,0.000538785022027052,0.0005189437521857822,-0.004415031835172218,-0.004415031835172218,-0.004434873105013487,-0.0010211824519498047,-0.0010211824519498047,-0.0010410237217910745,-0.0027546939300467574,-0.0027546939300467574,-0.0027745351998880274,-0.0021067182363804864,-0.0021067182363804864,-0.0021265595062217564
2017-03-17,-0.00276894034567862,-0.00276894034567862,-0.00278878161551989,0.003384884327440107,0.003384884327440107,0.003365043057598837,0.003849096953829855,0.003849096953829855,0.003829255683988585,0.006701818334703404,0.006701818334703404,0.006681977064862134,0.003027277821407987,0.003027277821407987,0.003007436551566717
2017-03-20,0.0016741408189441993,0.0016741408189441993,0.0016542995491029295,-0.0004201818671575098,-0.0004201818671575098,-0.0004400231369987796,0.00968874652985567,0.00968874652985567,0.009668905260014399,0.004144613796037458,0.004144613796037458,0.004124772526196189,0.002360375817542087,0.002360375817542087,0.002340534547700817
2017-03-21,-0.018433284702595042,-0.018433284702595042,-0.018453125972436313,0.010226264575319853,0.010226264575319853,0.010206423305478583,0.0018908903045014981,0.0018908903045014981,0.0018710490346602283,0.013825015604343304,0.013825015604343304,0.013805174334502034,0.01039975915000644,0.01039975915000644,0.010379917880165169
2017-03-22,0.009264211862214005,0.009264211862214005,0.009244370592372734,-0.0020385463304242366,-0.0020385463304242366,-0.0020583876002655066,0.0010545997378354894,0.0010545997378354894,0.0010347584679942195,-0.003508818057424883,-0.003508818057424883,-0.003528659327266153,-0.0030904398593335066,-0.0030904398593335066,-0.0031102811291747767
2017-03-23,-0.0008521248372315637,-0.0008521248372315637,-0.0008719661070728335,0.0033279469213598027,0.0033279469213598027,0.0033081056515185327,0.0023251986251233304,0.0023251986251233304,0.0023053573552820603,0.002296821048461485,0.002296821048461485,0.002276979778620215,0.0030364828472411254,0.0030364828472411254,0.0030166415773998554
2017-03-24,0.00040694274737114325,0.00040694274737114325,0.00038710147752987344,0.0002294748184785329,0.0002294748184785329,0.00020963354863726307,0.0027359053448248573,0.0027359053448248573,0.0027160640749835873,0.0019002628529578697,0.0019002628529578697,0.0018804215831165999,0.005373726851647982,0.005373726851647982,0.005353885581806712
2017-03-27,-0.006707840818022353,-0.006707840818022353,-0.006727682087863622,0.003115126602331695,0.003115126602331695,0.003095285332490425,-0.0025417287244325934,-0.0025417287244325934,-0.0025615699942738634,0.004926286051029759,0.004926286051029759,0.004906444781188489,0.004739167647238466,0.004739167647238466,0.004719326377397196
2017-03-28,0.007537804079700158,0.007537804079700158,0.007517962809858889,-0.0022093263654092005,-0.0022093263654092005,-0.0022291676352504705,-0.001544742730253185,-0.001544742730253185,-0.0015645840000944548,-0.006826837498567989,-0.006826837498567989,-0.006846678768409258,-0.0028659435160298726,-0.0028659435160298726,-0.0028857847858711426
2017-03-29,0.0007005268556708917,0.0007005268556708917,0.0006806855858296219,0.005257612658677557,0.005257612658677557,0.005237771388836287,-0.006244311616458236,-0.006244311616458236,-0.006264152886299505,-0.00029260258570510474,-0.00029260258570510474,-0.00031244385554637455,0.008148538573723456,0.008148538573723456,0.008128697303882186
2017-03-30,0.01339863861446202,0.01339863861446202,0.01337879734462075,-0.0026461781983400496,-0.0026461781983400496,-0.0026660194681813196,0.0002281139199198129,0.0002281139199198129,0.00020827265007854307,-0.008610163526797159,-0.008610163526797159,-0.008630004796638429,-0.0039071040828321454,-0.0039071040828321454,-0.003926945352673415
2017-03-31,0.0019996666541582447,0.0019996666541582447,0.0019798253843169747,0.0035523261454139905,0.0035523261454139905,0.0035324848755727205,-0.0010154031650055641,-0.0010154031650055641,-0.001035244434846834,0.0011281945076539591,0.0011281945076539591,0.0011083532378126893,-0.002999031382740293,-0.002999031382740293,-0.003018872652581563
2017-04-03,0.002011483035925056,0.003081250477785521,0.002305965978509906,-0.00729590287413095,-0.005295902874130951,-0.0067274032288314675,-9.664658984358818e-05,0.002275446433412226,0.0005784627756140726,-0.0065376781300976235,-0.003979538595213902,-0.005802991767914169,-0.004462139218793613,-0.001857488056002915,-0.0037201631052210336
2017-04-04,0.004403081468723931,0.004403081468723931,0.004383240198882661,-0.004240502319055328,-0.004240502319055328,-0.004260343588896598,0.007202993857238035,0.007202993857238035,0.007183152587396766,-0.002184230877004129,-0.002184230877004129,-0.002204072146845399,0.0068181681465543445,0.0068181681465543445,0.006798326876713075
2017-04-05,-0.009134989544068781,-0.009134989544068781,-0.009154830813910051,0.0006971529241324988,0.0006971529241324988,0.0006773116542912289,-0.0006329363022805907,-0.0006329363022805907,-0.0006527775721218605,0.0021094441068197733,0.0021094441068197733,0.0020896028369785033,0.0028034795165963857,0.0028034795165963857,0.0027836382467551156
2017-04-06,-0.0038058437333486,-0.0038058437333486,-0.00382568500318987,0.005041368368059148,0.005041368368059148,0.005021527098217879,-0.0041596462714086685,-0.0041596462714086685,-0.004179487541249938,0.003435527553975938,0.003435527553975938,0.003415686284134668,-0.0014069611797740723,-0.0014069611797740723,-0.0014268024496153422
2017-04-07,0.001603538626490944,0.001603538626490944,0.0015836973566496742,-0.0013695250821590891,-0.0013695250821590891,-0.001389366352000359,-0.00023118528629521894,-0.00023118528629521894,-0.00025102655613648875,-0.0018515613009575226,-0.0018515613009575226,-0.0018714025707987924,-0.0011335153154285243,-0.0011335153154285243,-0.0011533565852697941
2017-04-10,-0.011085947340420062,-0.011085947340420062,-0.011105788610261333,0.006003395350352514,0.006003395350352514,0.005983554080511245,-0.005433489657027288,-0.005433489657027288,-0.005453330926868558,0.0036925712205707465,0.0036925712205707465,0.0036727299507294765,0.0027553773252659477,0.0027553773252659477,0.0027355360554246777
2017-04-11,0.00021691361274764277,0.00021691361274764277,0.00019707234290637293,0.0006138720508009406,0.0006138720508009406,0.0005940307809596708,-0.0030347728931625914,-0.0030347728931625914,-0.0030546141630038615,-0.0013224956297520842,-0.0013224956297520842,-0.001342336899593354,-0.0030402031707245625,-0.0030402031707245625,-0.0030600444405658326
2017-04-12,-0.00863475346010663,-0.00863475346010663,-0.0086545947299479,-0.0013969566673116707,-0.0013969566673116707,-0.0014167979371529406,-0.0015550464087583107,-0.0015550464087583107,-0.0015748876785995805,0.001694869515933053,0.001694869515933053,0.001675028246091783,0.0003985932379418039,0.0003985932379418039,0.00037875196810053407
2017-04-13,-0.00858164768698089,-0.00858164768698089,-0.00860148895682216,0.002947845786484463,0.002947845786484463,0.002928004516643193,0.0010716613092761015,0.0010716613092761015,0.0010518200394348317,0.004505363469245114,0.004505363469245114,0.004485522199403845,0.0025522017739878157,0.0025522017739878157,0.0025323605041465457
2017-04-17,0.00709144051330937,0.00709144051330937,0.0070715992434681,-0.0007869260043555332,-0.0007869260043555332,-0.000806767274196803,0.0024976946805145544,0.0024976946805145544,0.0024778534106732844,-0.003835128026434032,-0.003835128026434032,-0.0038549692962753022,-0.007525929269829226,-0.007525929269829226,-0.007545770539670495
2017-04-18,-0.004197995503455768,-0.004197995503455768,-0.0042178367732970375,0.002555434848782331,0.002555434848782331,0.002535593578941061,-0.00043012048198766786,-0.00043012048198766786,-0.00044996175182893767,0.004570229679408421,0.004570229679408421,0.004550388409567152,0.005631997254611165,0.005631997254611165,0.005612155984769896
2017-04-19,-0.0008211056909142214,-0.0008211056909142214,-0.0008409469607554912,0.002083485292855558,0.002083485292855558,0.002063644023014288,0.0005083954061129703,0.0005083954061129703,0.0004885541362717005,-0.0012786136840829503,-0.0012786136840829503,-0.00129845495392422,0.0006753080014994385,0.0006753080014994385,0.0006554667316581687
2017-04-20,0.006882654814563769,0.006882654814563769,0.0068628135447224995,-0.0030020868392436656,-0.0030020868392436656,-0.0030219281090849356,-0.0012422689469189022,-0.0012422689469189022,-0.001262110216760172,-0.0041833563430302865,-0.0041833563430302865,-0.004203197612871556,-0.004069916367493455,-0.004069916367493455,-0.004089757637334724
2017-04-21,0.0027562958578599556,0.0027562958578599556,0.0027364545880186855,-0.007913736694208931,-0.007913736694208931,-0.007933577964050201,0.004853567427272754,0.004853567427272754,0.0048337261574314845,0.0027598080727928524,0.0027598080727928524,0.0027399668029515823,0.0022304085958715406,0.0022304085958715406,0.0022105673260302706
2017-04-24,0.016649429567976153,0.016649429567976153,0.016629588298134882,-0.008288149976758481,-0.008288149976758481,-0.008307991246599752,0.0043056184558213275,0.0043056184558213275,0.004285777185980058,-0.004785454872748592,-0.004785454872748592,-0.0048052961425898615,-0.0031535642867199006,-0.0031535642867199006,-0.0031734055565611707
2017-04-25,0.0014497408591003852,0.0014497408591003852,0.0014298995892591153,0.0015474710172836011,0.0015474710172836011,0.0015276297474423313,-0.007824982872849415,-0.007824982872849415,-0.007844824142690686,-0.002957471017396925,-0.002957471017396925,-0.0029773122872381952,-0.0033618297683875725,-0.0033618297683875725,-0.0033816710382288426
2017-04-26,-0.008530675214568476,-0.008530675214568476,-0.008550516484409746,0.0045967720481188985,0.0045967720481188985,0.004576930778277629,-0.011800577134803049,-0.011800577134803049,-0.011820418404644319,-0.001001114739221023,-0.001001114739221023,-0.0010209560090622927,-0.007250036445956026,-0.007250036445956026,-0.007269877715797296
2017-04-27,-0.004416122925473523,-0.004416122925473523,-0.004435964195314793,0.0004212291866118956,0.0004212291866118956,0.0004013879167706258,0.005895170102645206,0.005895170102645206,0.005875328832803936,0.0038663611094726666,0.0038663611094726666,0.0038465198396313966,0.002877034422107052,0.002877034422107052,0.002857193152265782
2017-04-28,0.0026383826453124206,0.0026383826453124206,0.0026185413754711505,-0.0058372267056051065,-0.0058372267056051065,-0.005857067975446376,0.005316321971720734,0.005316321971720734,0.005296480701879464,-0.0008546562789219182,-0.0008546562789219182,-0.000874497548763188,-0.0026591105907082762,-0.0026591105907082762,-0.0026789518605495463
2017-05-01,0.009757007857210277,0.01101282181069865,0.010107128219746183,-0.004724717464969867,-0.0029572756045047506,-0.004223704059911588,0.005242470552221264,0.0074285170638491715,0.005864106917755743,-0.004872951707048585,-0.002035742404723004,-0.004056787775602566,0.0037203109661309033,0.006278450501014624,0.00444821285208738
2017-05-02,-0.012998323904327327,-0.012998323904327327,-0.013018165174168598,0.007068051074732102,0.007068051074732102,0.0070482098048908325,-0.014597850646093907,-0.014597850646093907,-0.014617691915935177,-0.0051404201297532886,-0.0051404201297532886,-0.005160261399594558,-0.010545675481491237,-0.010545675481491237,-0.010565516751332507
2017-05-03,0.004678238102110582,0.004678238102110582,0.004658396832269312,-0.004978717975577176,-0.004978717975577176,-0.004998559245418446,0.005897343313963235,0.005897343313963235,0.005877502044121965,-0.0027766037273123973,-0.0027766037273123973,-0.0027964449971536673,0.002887597931860029,0.002887597931860029,0.0028677566620187588
2017-05-04,0.005017776725707031,0.005017776725707031,0.004997935455865761,-0.00396836740595465,-0.00396836740595465,-0.003988208675795919,0.007515125994032685,0.007515125994032685,0.007495284724191416,0.003530742737474371,0.003530742737474371,0.003510901467633101,0.00884117318970867,0.00884117318970867,0.0088213319198674
2017-05-05,-0.001446300358591661,-0.001446300358591661,-0.0014661416284329307,0.0027424725918527384,0.0027424725918527384,0.0027226313220114684,-0.005406733671079898,-0.005406733671079898,-0.005426574940921167,0.0025735854091935998,0.0025735854091935998,0.0025537441393523297,-0.003213029129804001,-0.003213029129804001,-0.003232870399645271
2017-05-08,0.001186991096292066,0.001186991096292066,0.0011671498264507962,-0.0034874197619946543,-0.0034874197619946543,-0.0035072610318359243,0.0004368867239835984,0.0004368867239835984,0.00041704545414232856,0.002858522348282503,0.002858522348282503,0.002838681078441233,-0.0019343044362926962,-0.0019343044362926962,-0.001954145706133966
2017-05-09,-0.004206182291510607,-0.004206182291510607,-0.004226023561351876,6.532453094375149e-05,6.532453094375149e-05,4.548326110248165e-05,0.0015253721294374025,0.0015253721294374025,0.0015055308595961327,-0.0008831876852647049,-0.0008831876852647049,-0.0009030289551059747,0.003599074527470152,0.003599074527470152,0.003579233257628882
2017-05-10,0.005173714861338493,0.005173714861338493,0.005153873591497223,0.0035844801438464457,0.0035844801438464457,0.0035646388740051757,-0.001506567572159119,-0.001506567572159119,-0.0015264088420003888,-0.0003688257723485789,-0.0003688257723485789,-0.0003886670421898487,-0.0019374197648843144,-0.0019374197648843144,-0.0019572610347255845
2017-05-11,0.0129918303911215,0.0129918303911215,0.01297198912128023,-0.013143210125689378,-0.013143210125689378,-0.013163051395530648,0.014945680161897179,0.014945680161897179,0.014925838892055909,-0.0006465388948284325,-0.0006465388948284325,-0.0006663801646697023,0.0045205225965510906,0.0045205225965510906,0.004500681326709821
2017-05-12,0.009646083974958336,0.009646083974958336,0.009626242705117066,-0.00898683482022869,-0.00898683482022869,-0.00900667609006996,0.008170478814917122,0.008170478814917122,0.008150637545075851,-0.0010245800758144023,-0.0010245800758144023,-0.001044421345655672,-0.005053929563920076,-0.005053929563920076,-0.005073770833761346
2017-05-15,0.011084752868275064,0.011084752868275064,0.011064911598433794,-0.0004260987974204297,-0.0004260987974204297,-0.0004459400672616995,0.0020736701249129004,0.0020736701249129004,0.0020538288550716304,-0.0009911123979764666,-0.0009911123979764666,-0.0010109536678177364,0.0035175789231748147,0.0035175789231748147,0.0034977376533335447
2017-05-16,0.021066723413053344,0.021066723413053344,0.021046882143212074,-0.01423760365719657,-0.01423760365719657,-0.01425744492703784,0.011314852168018657,0.011314852168018657,0.011295010898177386,-0.005494615231845037,-0.005494615231845037,-0.005514456501686306,0.0024317788361401227,0.0024317788361401227,0.0024119375662988527
2017-05-17,-0.028681676830397358,-0.028681676830397358,-0.02870151810023863,0.011037501883613646,0.011037501883613646,0.011017660613772375,-0.011351468025242733,-0.011351468025242733,-0.011371309295084004,0.013570446476541799,0.013570446476541799,0.013550605206700529,-0.0036232870264967477,-0.0036232870264967477,-0.0036431282963380177
2017-05-18,0.00951520186956607,0.00951520186956607,0.009495360599724799,-0.006422564641482929,-0.006422564641482929,-0.006442405911324198,0.0016081869875020599,0.0016081869875020599,0.00158834571766079,-0.005322843115567439,-0.005322843115567439,-0.005342684385408709,-0.0012441406426519847,-0.0012441406426519847,-0.0012639819124932545
2017-05-19,-0.0021384307307520155,-0.0021384307307520155,-0.0021582720005932855,0.0024619517959380563,0.0024619517959380563,0.0024421105260967863,-0.003404350363225226,-0.003404350363225226,-0.003424191633066496,0.0004345538944826486,0.0004345538944826486,0.0004147126246413788,-0.0002299192964924006,-0.0002299192964924006,-0.0002497605663336704
2017-05-22,0.005361727426444091,0.005361727426444091,0.0053418861566028215,-0.004220777001825998,-0.004220777001825998,-0.0042406182716672675,0.006233972642190595,0.006233972642190595,0.006214131372349325,0.0020833288555850843,0.0020833288555850843,0.0020634875857438143,0.0016078056168499146,0.0016078056168499146,0.0015879643470086448
2017-05-23,0.0085937899470997,0.0085937899470997,0.00857394867725843,-0.004472302340571728,-0.004472302340571728,-0.004492143610412998,0.0027209062273321227,0.0027209062273321227,0.0027010649574908526,-0.003466644081081941,-0.003466644081081941,-0.003486485350923211,0.0007351261691857713,0.0007351261691857713,0.0007152848993445015
2017-05-24,0.0036314419667877046,0.0036314419667877046,0.0036116006969464346,-0.003657298658291675,-0.003657298658291675,-0.003677139928132945,0.00754182570708629,0.00754182570708629,0.00752198443724502,0.003534380049655098,0.003534380049655098,0.003514538779813828,0.00279602603411883,0.00279602603411883,0.0027761847642775598
2017-05-25,0.015174638870780953,0.015174638870780953,0.015154797600939683,-0.010642361383831716,-0.010642361383831716,-0.010662202653672986,0.011755860019384888,0.011755860019384888,0.011736018749543617,-0.005583683810135536,-0.005583683810135536,-0.005603525079976805,0.00046671999213366774,0.00046671999213366774,0.00044687872229239793
2017-05-26,-0.0005870579333718946,-0.0005870579333718946,-0.0006068992032131644,-0.0011653560375074273,-0.0011653560375074273,-0.001185197307348697,0.0009283476936481302,0.0009283476936481302,0.0009085064238068604,-7.145930892558266e-05,-7.145930892558266e-05,-9.13005787668525e-05,-0.0015214985923425082,-0.0015214985923425082,-0.001541339862183778
2017-05-30,0.004548567181812327,0.004548567181812327,0.004528725911971058,-0.009577580940459013,-0.009577580940459013,-0.009597422210300284,0.005386362824591482,0.005386362824591482,0.005366521554750213,-0.0015235842760006177,-0.0015235842760006177,-0.0015434255458418875,-0.0013406228192997878,-0.0013406228192997878,-0.0013604640891410576
2017-05-31,0.0034734451210011825,0.0034734451210011825,0.0034536038511599125,-0.005321466260326924,-0.005321466260326924,-0.005341307530168193,-0.0012880818741038168,-0.0012880818741038168,-0.0013079231439450867,-0.0034991624003139366,-0.0034991624003139366,-0.0035190036701552066,-0.0032703154003912403,-0.0032703154003912403,-0.0032901566702325104
2017-06-01,-0.015546341878412775,-0.01475564420399417,-0.015333834269458916,0.010319695650628177,0.01199411425527934,0.010792152495475108,-0.0022827065396485067,0.0001824097394212609,-0.0015819060639783316,0.006118338285860987,0.008816012704465638,0.006891363295225927,-0.0003113299893542573,0.0023863444292503942,0.0004559962773996141
2017-06-02,0.008487990928187517,0.008487990928187517,0.008468149658346247,-0.009662208544113163,-0.009662208544113163,-0.009682049813954433,0.007405903923141414,0.007405903923141414,0.0073860626533001445,-0.009929474625085036,-0.009929474625085036,-0.009949315894926307,-0.0068942877737467574,-0.0068942877737467574,-0.006914129043588027
2017-06-05,-0.0023821999697388944,-0.0023821999697388944,-0.0024020412395801645,-0.002240009480224413,-0.002240009480224413,-0.002259850750065683,0.0061115064438616706,0.0061115064438616706,0.006091665174020401,0.005450939649270245,0.005450939649270245,0.005431098379428976,0.005608819179944581,0.005608819179944581,0.0055889779101033115
2017-06-06,0.00046981938571302815,0.00046981938571302815,0.00044997811587175834,0.004906923356733868,0.004906923356733868,0.004887082086892598,-0.006075566668019893,-0.006075566668019893,-0.006095407937861163,-0.005256384493273968,-0.005256384493273968,-0.0052762257631152375,0.0031277866629925623,0.0031277866629925623,0.0031079453931512923
2017-06-07,0.00019669875939934173,0.00019669875939934173,0.0001768574895580719,-0.00037192347208886553,-0.00037192347208886553,-0.00039176474193013534,0.007277506884200981,0.007277506884200981,0.0072576656143597115,0.0006758797294660517,0.0006758797294660517,0.0006560384596247819,0.004039371574159328,0.004039371574159328,0.004019530304318058
2017-06-08,0.01108965414442619,0.01108965414442619,0.01106981287458492,0.00035620950256977824,0.00035620950256977824,0.0003363682327285084,0.0029107823321210353,0.0029107823321210353,0.0028909410622797653,0.006422268945675689,0.006422268945675689,0.006402427675834419,0.0061793609572248324,0.0061793609572248324,0.006159519687383563
2017-06-09,-0.03415179351601493,-0.03415179351601493,-0.0341716347858562,0.029165474320352127,0.029165474320352127,0.029145633050510857,-0.010506939902101067,-0.010506939902101067,-0.010526781171942338,0.026958786279215018,0.026958786279215018,0.026938945009373747,0.016107185121232444,0.016107185121232444,0.016087343851391173
2017-06-12,-0.016337609435845023,-0.016337609435845023,-0.016357450705686293,0.017360615279038025,0.017360615279038025,0.017340774009196754,-0.002732282589812775,-0.002732282589812775,-0.002752123859654045,0.01174757749683298,0.01174757749683298,0.01172773622699171,0.007389885121144876,0.007389885121144876,0.007370043851303606
2017-06-13,0.007514350579486777,0.007514350579486777,0.007494509309645507,-0.004363046598963479,-0.004363046598963479,-0.004382887868804749,-0.001589771970813796,-0.001589771970813796,-0.0016096132406550657,-0.0037851875628581357,-0.0037851875628581357,-0.0038050288326994058,-0.0023535925958359395,-0.0023535925958359395,-0.0023734338656772095
2017-06-14,-0.007324203431570323,-0.007324203431570323,-0.007344044701411593,-0.004880654557008594,-0.004880654557008594,-0.004900495826849863,0.007464563498948025,0.007464563498948025,0.007444722229106755,-0.0002639564541605451,-0.0002639564541605451,-0.0002837977240018149,0.00024344570110885566,0.00024344570110885566,0.00022360443126758582
2017-06-15,0.008158212133667873,0.008158212133667873,0.008138370863826603,0.00028259304186719985,0.00028259304186719985,0.00026275177202593003,0.003505929994264904,0.003505929994264904,0.003486088724423634,-0.002663350408322405,-0.002663350408322405,-0.002683191678163675,-0.0012117740297170171,-0.0012117740297170171,-0.001231615299558287
2017-06-16,0.007961535836231121,0.007961535836231121,0.00794169456638985,-0.00160828809718921,-0.00160828809718921,-0.0016281293670304799,-0.00022027213063605198,-0.00022027213063605198,-0.00024011340047732182,-0.0008725998384552544,-0.0008725998384552544,-0.0008924411082965242,-0.0031857089896804363,-0.0031857089896804363,-0.0032055502595217064
2017-06-19,0.018583974388109385,0.018583974388109385,0.018564133118268114,-0.009372508294416056,-0.009372508294416056,-0.009392349564257326,0.010510982283852081,0.010510982283852081,0.01049114101401081,-0.00607542199069549,-0.00607542199069549,-0.00609526326053676,0.00314311733519528,0.00314311733519528,0.00312327606535401
2017-06-20,0.0031482823300671603,0.0031482823300671603,0.0031284410602258903,-0.008473695975114952,-0.008473695975114952,-0.008493537244956223,0.0051513303618243396,0.0051513303618243396,0.00513148909198307,-0.007982847104526685,-0.007982847104526685,-0.008002688374367956,-0.0008448756119828549,-0.0008448756119828549,-0.0008647168818241248
2017-06-21,0.01035814661040843,0.01035814661040843,0.01033830534056716,-0.014874126058238495,-0.014874126058238495,-0.014893967328079766,0.006207460931878952,0.006207460931878952,0.006187619662037683,-0.0164488545841021,-0.0164488545841021,-0.01646869585394337,-0.002657738846414482,-0.002657738846414482,-0.002677580116255752
2017-06-22,-0.011460579636807296,-0.011460579636807296,-0.011480420906648567,0.002656118689962065,0.002656118689962065,0.002636277420120795,-0.0050340228391730635,-0.0050340228391730635,-0.005053864109014333,-0.0010041513287936746,-0.0010041513287936746,-0.0010239925986349444,0.003965718255220983,0.003965718255220983,0.003945876985379714
2017-06-23,-0.0052651803851002,-0.0052651803851002,-0.00528502165494147,0.0038301592979714805,0.0038301592979714805,0.0038103180281302104,-0.006629311573394239,-0.006629311573394239,-0.0066491528432355085,-0.0025949880728475963,-0.0025949880728475963,-0.0026148293426888664,-0.0027122153786774727,-0.0027122153786774727,-0.0027320566485187427
2017-06-26,-0.00837762904087596,-0.00837762904087596,-0.00839747031071723,0.011235673193623837,0.011235673193623837,0.011215831923782567,-0.006476630721385683,-0.006476630721385683,-0.006496471991226952,0.005808855169014926,0.005808855169014926,0.0057890138991736565,0.0009092360281141238,0.0009092360281141238,0.000889394758272854
2017-06-27,-0.015252986411766886,-0.015252986411766886,-0.015272827681608156,0.009271541758122254,0.009271541758122254,0.009251700488280983,-0.0010373525750490987,-0.0010373525750490987,-0.0010571938448903685,0.01065311633005473,0.01065311633005473,0.01063327506021346,0.008341310581806509,0.008341310581806509,0.008321469311965238
2017-06-28,0.007921258736100549,0.007921258736100549,0.007901417466259279,-0.000472262487948403,-0.000472262487948403,-0.0004921037577896728,-0.001966152608132184,-0.001966152608132184,-0.001985993877973454,-0.0012865616393900772,-0.0012865616393900772,-0.001306402909231347,-0.0021206701870452238,-0.0021206701870452238,-0.002140511456886494
2017-06-29,-0.010793488581032937,-0.010793488581032937,-0.010813329850874208,0.009158507286220408,0.009158507286220408,0.009138666016379138,-0.011572902116734276,-0.011572902116734276,-0.011592743386575547,0.007295883353474504,0.007295883353474504,0.007276042083633235,0.0017189862508101847,0.0017189862508101847,0.001699144980968915
2017-06-30,-0.008571369834151346,-0.008571369834151346,-0.008591211103992616,0.005017402461423878,0.005017402461423878,0.0049975611915826085,0.0009311815373711319,0.0009311815373711319,0.000911340267529862,0.005054609361932498,0.005054609361932498,0.005034768092091228,0.00285295368135735,0.00285295368135735,0.00283311241151608
2017-07-03,-0.014353536486706679,-0.013562838812288074,-0.014140504230161676,0.010291289086254294,0.012384312342068247,0.010887765138902963,-0.012800351849681669,-0.010800351849681668,-0.01224212709892704,0.00428387978902484,0.007167600719257398,0.005113347322842574,0.002279483351766223,0.004977157770370874,0.003049533696995604
2017-07-05,0.0324412572418011,0.0324412572418011,0.032421415971959834,-0.014996409724486733,-0.014996409724486733,-0.015016250994328004,0.02390051176347593,0.02390051176347593,0.02388067049363466,-0.012634067945889674,-0.012634067945889674,-0.012653909215730945,-0.0035343983632978256,-0.0035343983632978256,-0.0035542396331390957
2017-07-06,0.01766338522576226,0.01766338522576226,0.01764354395592099,-0.01191736306482548,-0.01191736306482548,-0.01193720433466675,0.010499240246509048,0.010499240246509048,0.010479398976667777,-0.009411497760517785,-0.009411497760517785,-0.009431339030359056,-0.0019142672213330347,-0.0019142672213330347,-0.0019341084911743045
2017-07-07,0.013062904596570652,0.013062904596570652,0.013043063326729382,-0.004684543368253388,-0.004684543368253388,-0.004704384638094658,0.004260098485793634,0.004260098485793634,0.004240257215952364,-0.008014100225101463,-0.008014100225101463,-0.008033941494942734,-0.0031199786656259305,-0.0031199786656259305,-0.0031398199354672005
2017-07-10,0.011565421505297546,0.011565421505297546,0.011545580235456276,0.0023855263806421213,0.0023855263806421213,0.0023656851108008513,0.0026874305431694905,0.0026874305431694905,0.0026675892733282205,-0.0019912918153937066,-0.0019912918153937066,-0.0020111330852349766,-0.0013621806439649059,-0.0013621806439649059,-0.0013820219138061757
2017-07-11,0.003493230496919703,0.003493230496919703,0.003473389227078433,-0.002028161437622713,-0.002028161437622713,-0.002048002707463983,0.0030495612961480402,0.0030495612961480402,0.00302972002630677,-0.0011558338442475141,-0.0011558338442475141,-0.001175675114088784,0.0024910407000851348,0.0024910407000851348,0.0024711994302438647
2017-07-12,0.0074601296979479505,0.0074601296979479505,0.007440288428106681,-0.00016441664542981454,-0.00016441664542981454,-0.00018425791527108438,-0.0011377746060058204,-0.0011377746060058204,-0.0011576158758470902,-0.0025214221209227837,-0.0025214221209227837,-0.0025412633907640537,-0.009648108163438628,-0.009648108163438628,-0.009667949433279898
2017-07-13,-0.009133719331391964,-0.009133719331391964,-0.009153560601233235,0.005721724999071396,0.005721724999071396,0.005701883729230126,-0.013087675645586234,-0.013087675645586234,-0.013107516915427504,-0.0010046812256512944,-0.0010046812256512944,-0.0010245224954925642,3.2434395476167895e-05,3.2434395476167895e-05,1.2593125634898053e-05
2017-07-14,0.0008592577645896111,0.0008592577645896111,0.0008394164947483413,-0.0007434253605634263,-0.0007434253605634263,-0.0007632666304046961,-0.002121824555189404,-0.002121824555189404,-0.002141665825030674,-0.0012089222918779006,-0.0012089222918779006,-0.0012287635617191704,-0.0007402160407273167,-0.0007402160407273167,-0.0007600573105685865
2017-07-17,-0.003668210436298668,-0.003668210436298668,-0.003688051706139938,0.003658328647373348,0.003658328647373348,0.003638487377532078,-0.0024846012017614395,-0.0024846012017614395,-0.0025044424716027095,0.003841921911701884,0.003841921911701884,0.003822080641860614,0.0011850227413511476,0.0011850227413511476,0.0011651814715098777
2017-07-18,0.007558143695706584,0.007558143695706584,0.0075383024258653146,-0.005895890579960616,-0.005895890579960616,-0.005915731849801886,0.007523253540140134,0.007523253540140134,0.007503412270298864,-0.0011017511059016848,-0.0011017511059016848,-0.0011215923757429546,7.228221457900334e-05,7.228221457900334e-05,5.24409447377335e-05
2017-07-19,-0.008845448458350384,-0.008845448458350384,-0.008865289728191655,0.005762306891639357,0.005762306891639357,0.005742465621798087,4.696710042331048e-05,4.696710042331048e-05,2.712583058204064e-05,0.0028574540913147237,0.0028574540913147237,0.0028376128214734537,0.011448296126881894,0.011448296126881894,0.011428454857040624
2017-07-20,-0.004090261495509579,-0.004090261495509579,-0.004110102765350849,-0.003107385166408511,-0.003107385166408511,-0.003127226436249781,-0.0017697800721505545,-0.0017697800721505545,-0.0017896213419918243,-0.0036820549022237043,-0.0036820549022237043,-0.0037018961720649743,-0.006260617628452143,-0.006260617628452143,-0.006280458898293413
2017-07-21,-0.001990179624958528,-0.001990179624958528,-0.002010020894799798,-0.0026252239786011765,-0.0026252239786011765,-0.0026450652484424466,0.001829411364336414,0.001829411364336414,0.0018095700944951443,0.00398774847627789,0.00398774847627789,0.00396790720643662,-0.0016093316862976622,-0.0016093316862976622,-0.001629172956138932
2017-07-24,0.008197133510653303,0.008197133510653303,0.008177292240812033,-0.0004868392515291371,-0.0004868392515291371,-0.0005066805213704069,0.008449165873336998,0.008449165873336998,0.008429324603495728,-0.001048765761730991,-0.001048765761730991,-0.0010686070315722607,-0.0016865970778127777,-0.0016865970778127777,-0.0017064383476540475
2017-07-25,-0.018829466846717345,-0.018829466846717345,-0.018849308116558616,0.011511164042241437,0.011511164042241437,0.011491322772400166,-0.01302529189418666,-0.01302529189418666,-0.01304513316402793,0.004857816405810201,0.004857816405810201,0.004837975135968931,0.01115070690673189,0.01115070690673189,0.01113086563689062
2017-07-26,0.007954983085310507,0.007954983085310507,0.007935141815469237,-0.012941958220332433,-0.012941958220332433,-0.012961799490173703,0.0006300780877446133,0.0006300780877446133,0.0006102368179033435,-0.0075871630501261784,-0.0075871630501261784,-0.007607004319967448,-0.0003385153996199777,-0.0003385153996199777,-0.0003583566694612475
2017-07-27,-0.022173392602653313,-0.022173392602653313,-0.022193233872494583,0.005092972934186393,0.005092972934186393,0.005073131664345123,-0.015657355351944516,-0.015657355351944516,-0.015677196621785787,0.0035974760760683145,0.0035974760760683145,0.0035776348062270444,0.0032166913075696614,0.0032166913075696614,0.0031968500377283914
2017-07-28,0.0037730254709537605,0.0037730254709537605,0.0037531842011124905,-0.006511147127395672,-0.006511147127395672,-0.006530988397236942,-0.005052956478225786,-0.005052956478225786,-0.005072797748067056,-0.0015749235170682435,-0.0015749235170682435,-0.0015947647869095133,-0.0035784468803175054,-0.0035784468803175054,-0.0035982881501587754
2017-07-31,-0.004786733849347255,-0.004786733849347255,-0.004806575119188525,0.0014536683328488704,0.0014536683328488704,0.0014338270630076006,-0.0015755260937022411,-0.0015755260937022411,-0.001595367363543511,0.0054987667786021086,0.0054987667786021086,0.005478925508760839,-0.0024032911530876317,-0.0024032911530876317,-0.0024231324229289017
2017-08-01,0.007181303410087127,0.008065024340319684,0.007421234270055217,-0.0077726702843789715,-0.006051740051820832,-0.007286526163439961,-0.002029359398074752,0.0007148266484368758,-0.001260038487567086,-0.0032801460290340337,-0.0006289832383363594,-0.002521298521373614,-0.00944004872030307,-0.006602839417977489,-0.008632619764733961
2017-08-02,0.011851277666448359,0.011851277666448359,0.011831436396607088,-0.010444255611701505,-0.010444255611701505,-0.010464096881542775,0.012184785187622274,0.012184785187622274,0.012164943917781003,0.005440200872773756,0.005440200872773756,0.0054203596029324865,-0.004400736447006154,-0.004400736447006154,-0.004420577716847424
2017-08-03,0.0026542667800440282,0.0026542667800440282,0.002634425510202758,-0.002795564188586273,-0.002795564188586273,-0.002815405458427543,0.006806624924030253,0.006806624924030253,0.006786783654188984,0.002936344489606129,0.002936344489606129,0.002916503219764859,0.00254938940721011,0.00254938940721011,0.0025295481373688398
2017-08-04,-0.002613304282120278,-0.002613304282120278,-0.002633145551961548,0.00175717118530747,0.00175717118530747,0.0017373299154662002,-0.004256523807038056,-0.004256523807038056,-0.004276365076879326,0.0007034752222877013,0.0007034752222877013,0.0006836339524464315,0.007398234889109131,0.007398234889109131,0.007378393619267861
2017-08-07,0.0064368097839283865,0.0064368097839283865,0.006416968514087117,-0.003447515129824214,-0.003447515129824214,-0.003467356399665484,0.00158021421044719,0.00158021421044719,0.0015603729406059202,-0.007952971292285898,-0.007952971292285898,-0.007972812562127169,-0.0013350651783400594,-0.0013350651783400594,-0.0013549064481813292
2017-08-08,-0.007206229179059531,-0.007206229179059531,-0.0072260704489008004,0.00930338370337869,0.00930338370337869,0.00928354243353742,-0.007678644982113257,-0.007678644982113257,-0.007698486251954527,-0.00020883613936123328,-0.00020883613936123328,-0.00022867740920250312,0.0015092751646585494,0.0015092751646585494,0.0014894338948172796
2017-08-09,-0.0010843402700125514,-0.0010843402700125514,-0.0011041815398538212,-0.004444170846206229,-0.004444170846206229,-0.004464012116047499,0.0012493728051690418,0.0012493728051690418,0.001229531535327772,0.0007875288944386897,0.0007875288944386897,0.0007676876245974199,0.0016571916498870109,0.0016571916498870109,0.001637350380045741
2017-08-10,-0.011218085336156203,-0.011218085336156203,-0.011237926605997473,-0.003634100149056991,-0.003634100149056991,-0.003653941418898261,0.006371434328490233,0.006371434328490233,0.006351593058648963,0.002901227920077013,0.002901227920077013,0.002881386650235743,-0.0028187431054837904,-0.0028187431054837904,-0.0028385843753250604
2017-08-11,0.004567021483248992,0.004567021483248992,0.0045471802134077225,-0.005990310342987907,-0.005990310342987907,-0.006010151612829176,0.005318062933058414,0.005318062933058414,0.005298221663217144,-0.003300641101949312,-0.003300641101949312,-0.003320482371790582,-0.0009186137394583942,-0.0009186137394583942,-0.000938455009299664
2017-08-14,0.013939480071409365,0.013939480071409365,0.013919638801568095,-0.0025635674669553113,-0.0025635674669553113,-0.0025834087367965814,0.0010175737758078528,0.0010175737758078528,0.000997732505966583,-0.004858762112666856,-0.004858762112666856,-0.0048786033825081255,-0.005393038229997151,-0.005393038229997151,-0.0054128794998384204
2017-08-15,0.01995414906679741,0.01995414906679741,0.01993430779695614,-0.012209088205508176,-0.012209088205508176,-0.012228929475349447,0.012428853665601135,0.012428853665601135,0.012409012395759865,-0.0032682874575386115,-0.0032682874575386115,-0.0032881287273798816,0.0029853405612713275,0.0029853405612713275,0.0029654992914300575
2017-08-16,-0.006252723282014422,-0.006252723282014422,-0.006272564551855692,-0.0041485308560141,-0.0041485308560141,-0.00416837212585537,-0.0006846695755354537,-0.0006846695755354537,-0.0007045108453767235,0.0014495595065583556,0.0014495595065583556,0.0014297182367170858,0.0009649276390900009,0.0009649276390900009,0.0009450863692487311
2017-08-17,-0.01615421931491969,-0.01615421931491969,-0.01617406058476096,-0.000886346141202483,-0.000886346141202483,-0.0009061874110437528,-0.00035637670254782226,-0.00035637670254782226,-0.0003762179723890921,0.0014998424822141015,0.0014998424822141015,0.0014800012123728317,0.002244136400861415,0.002244136400861415,0.002224295131020145
2017-08-18,0.006246514902744531,0.006246514902744531,0.006226673632903261,-0.0055553273844878865,-0.0055553273844878865,-0.005575168654329156,0.005532927346463013,0.005532927346463013,0.005513086076621743,0.0032410241822236193,0.0032410241822236193,0.0032211829123823493,0.0027760340346034895,0.0027760340346034895,0.0027561927647622195
2017-08-21,-0.0054140622932666565,-0.0054140622932666565,-0.005433903563107926,-0.003766917348454954,-0.003766917348454954,-0.003786758618296224,-0.0006156141938056736,-0.0006156141938056736,-0.0006354554636469434,-0.0027480381953581016,-0.0027480381953581016,-0.0027678794651993716,-0.0018489011118032399,-0.0018489011118032399,-0.0018687423816445097
2017-08-22,0.013431987930429112,0.013431987930429112,0.013412146660587841,-0.0011046897396241994,-0.0011046897396241994,-0.0011245310094654692,-0.002402466250589149,-0.002402466250589149,-0.002422307520430419,-0.004635976728024696,-0.004635976728024696,-0.004655817997865966,-0.008405585198660623,-0.008405585198660623,-0.008425426468501893
2017-08-23,-0.002251336079226471,-0.002251336079226471,-0.002271177349067741,0.0052882491310799785,0.0052882491310799785,0.005268407861238709,-0.002663355872099142,-0.002663355872099142,-0.002683197141940412,0.00048469690737923225,0.00048469690737923225,0.00046485563753796244,0.0032243154847926693,0.0032243154847926693,0.0032044742149513993
2017-08-24,-0.00029445740968608966,-0.00029445740968608966,-0.0003142986795273595,0.0019814886399051428,0.0019814886399051428,0.0019616473700638727,0.005494024614271386,0.005494024614271386,0.005474183344430116,0.000971828746203731,0.000971828746203731,0.0009519874763624611,0.009964970453122429,0.009964970453122429,0.009945129183281158
2017-08-25,-0.007514688453346602,-0.007514688453346602,-0.0075345297231878714,0.007631837460536908,0.007631837460536908,0.007611996190695638,-0.00666513873993313,-0.00666513873993313,-0.006684980009774399,0.0012086276276907929,0.0012086276276907929,0.001188786357849523,-0.0013653753550934703,-0.0013653753550934703,-0.0013852166249347401
2017-08-28,0.005946362673671398,0.005946362673671398,0.005926521403830129,-0.00705656879780711,-0.00705656879780711,-0.00707641006764838,0.007982406346307327,0.007982406346307327,0.007962565076466057,-0.0029804636713697753,-0.0029804636713697753,-0.0030003049412110454,-0.00022843493861557113,-0.00022843493861557113,-0.00024827620845684095
2017-08-29,-0.003185737538927478,-0.003185737538927478,-0.003205578808768748,-0.0013949579213784822,-0.0013949579213784822,-0.001414799191219752,-0.0012202377473711278,-0.0012202377473711278,-0.0012400790172123976,-0.0035545181281101887,-0.0035545181281101887,-0.0035743593979514587,0.0034301772329146567,0.0034301772329146567,0.0034103359630733867
2017-08-30,0.007852322362878994,0.007852322362878994,0.007832481093037724,0.0015609509810547695,0.0015609509810547695,0.0015411097112134997,0.0005428283401181838,0.0005428283401181838,0.000522987070276914,-0.005121505889420379,-0.005121505889420379,-0.005141347159261648,-0.002179091178003254,-0.002179091178003254,-0.002198932447844524
2017-08-31,0.0009211670251989287,0.0009211670251989287,0.0009013257553576589,-0.00636774437199086,-0.00636774437199086,-0.006387585641832129,0.0002947043671987365,0.0002947043671987365,0.0002748630973574667,-0.006460708728461252,-0.006460708728461252,-0.006480549998302522,-0.0023157667524555565,-0.0023157667524555565,-0.0023356080222968266
2017-09-01,-0.009253446708721759,-0.00823019089476827,-0.00897279794296324,0.005930153407197031,0.008348758058359822,0.006620174192972975,-0.012069004919050028,-0.009464353756259331,-0.011328312521069831,-0.0027059247173301334,0.00022430784080940136,-0.0018637043466919908,-0.008055787085912834,-0.005172066155680275,-0.007236105554357666
2017-09-05,-0.015409481590554733,-0.015409481590554733,-0.015429322860396003,0.006340620992146123,0.006340620992146123,0.006320779722304853,-0.003621052728419944,-0.003621052728419944,-0.0036408939982612142,0.0017885376482574568,0.0017885376482574568,0.001768696378416187,0.002916694966201712,0.002916694966201712,0.002896853696360442
2017-09-06,-0.008627188749700945,-0.008627188749700945,-0.008647030019542215,0.008605041707989449,0.008605041707989449,0.008585200438148179,-0.007839702335548253,-0.007839702335548253,-0.007859543605389523,-0.0013333014113826877,-0.0013333014113826877,-0.0013531426812239576,-0.0032823309783471684,-0.0032823309783471684,-0.0033021722481884385
2017-09-07,-0.004841146423111333,-0.004841146423111333,-0.004860987692952602,-0.00146962696318267,-0.00146962696318267,-0.0014894682330239399,0.003472352862096634,0.003472352862096634,0.003452511592255364,0.0009802484028256639,0.0009802484028256639,0.000960407132984394,0.0011487978521062142,0.0011487978521062142,0.0011289565822649443
2017-09-08,0.00788830193774769,0.00788830193774769,0.00786846066790642,0.0002319712159932789,0.0002319712159932789,0.00021212994615200906,0.011930671906627572,0.011930671906627572,0.011910830636786301,0.005938927419019189,0.005938927419019189,0.00591908614917792,0.0026302186619648706,0.0026302186619648706,0.0026103773921236006
2017-09-11,0.00887785644036603,0.00887785644036603,0.00885801517052476,-0.004702666810666022,-0.004702666810666022,-0.004722508080507291,0.0019391619297196986,0.0019391619297196986,0.0019193206598784288,0.0005685134878164169,0.0005685134878164169,0.0005486722179751471,0.004037377759824596,0.004037377759824596,0.004017536489983326
2017-09-12,-0.0029400710755203945,-0.0029400710755203945,-0.0029599123453616645,0.003646472909235213,0.003646472909235213,0.003626631639393943,-0.015013066033418551,-0.015013066033418551,-0.015032907303259822,-0.00582066143434135,-0.00582066143434135,-0.005840502704182619,-0.0056538964049824315,-0.0056538964049824315,-0.005673737674823701
2017-09-13,-0.007933731256459988,-0.007933731256459988,-0.007953572526301259,0.0036992094604764046,0.0036992094604764046,0.0036793681906351345,-0.010798448124893925,-0.010798448124893925,-0.010818289394735196,-0.0012104240239777515,-0.0012104240239777515,-0.0012302652938190213,-0.0026130756262823,-0.0026130756262823,-0.00263291689612357
2017-09-14,-0.005449437207257256,-0.005449437207257256,-0.005469278477098526,0.0021531251002608522,0.0021531251002608522,0.002133283830419582,-0.0021608042527740358,-0.0021608042527740358,-0.002180645522615306,0.003048626317484776,0.003048626317484776,0.003028785047643506,0.00015093838274821527,0.00015093838274821527,0.00013109711290694543
2017-09-15,0.0014488984064515787,0.0014488984064515787,0.0014290571366103089,0.0038452344595814787,0.0038452344595814787,0.0038253931897402086,0.0006843215145974569,0.0006843215145974569,0.0006644802447561871,0.0036824625892253873,0.0036824625892253873,0.0036626213193841173,0.0019348985007432325,0.0019348985007432325,0.0019150572309019627
2017-09-18,0.017887637506864763,0.017887637506864763,0.017867796237023493,-0.004862843853487507,-0.004862843853487507,-0.004882685123328776,0.010159472639171592,0.010159472639171592,0.010139631369330321,-0.0014289936773539092,-0.0014289936773539092,-0.001448834947195179,0.002765462074754371,0.002765462074754371,0.002745620804913101
2017-09-19,0.01524594428728468,0.01524594428728468,0.015226103017443409,-0.0048245917113794775,-0.0048245917113794775,-0.004844432981220747,0.009139950835926608,0.009139950835926608,0.009120109566085338,0.0013007323646139698,0.0013007323646139698,0.0012808910947727,-0.0024278390593799612,-0.0024278390593799612,-0.0024476803292212313
2017-09-20,0.0016494948528890218,0.0016494948528890218,0.001629653583047752,0.0015500010789332838,0.0015500010789332838,0.001530159809092014,-0.004145954211511742,-0.004145954211511742,-0.004165795481353011,-0.002449544746913935,-0.002449544746913935,-0.002469386016755205,-0.0023080007327740356,-0.0023080007327740356,-0.0023278420026153056
2017-09-21,0.0036268707503338653,0.0036268707503338653,0.0036070294804925952,-0.0003176468534987505,-0.0003176468534987505,-0.0003374881233400203,-0.0014528676401553767,-0.0014528676401553767,-0.0014727089099966465,0.0006075568075282098,0.0006075568075282098,0.0005877155376869399,-0.004761151095013431,-0.004761151095013431,-0.004780992364854701
2017-09-22,-0.005897220516273208,-0.005897220516273208,-0.005917061786114478,0.0015191117832997166,0.0015191117832997166,0.0014992705134584468,-0.0065721879853300426,-0.0065721879853300426,-0.006592029255171312,-0.00611556844951572,-0.00611556844951572,-0.006135409719356989,-0.0017708766130940627,-0.0017708766130940627,-0.0017907178829353325
2017-09-25,-0.02343603873871639,-0.02343603873871639,-0.02345588000855766,0.01565434913446399,0.01565434913446399,0.01563450786462272,-0.00993785121165721,-0.00993785121165721,-0.00995769248149848,0.006997017368726118,0.006997017368726118,0.006977176098884848,0.0012451191511042743,0.0012451191511042743,0.0012252778812630045
2017-09-26,-0.0011155691257117004,-0.0011155691257117004,-0.0011354103955529703,0.003520991264748221,0.003520991264748221,0.003501149994906951,-0.006367226528958469,-0.006367226528958469,-0.006387067798799739,-0.0013572829296728667,-0.0013572829296728667,-0.0013771241995141365,-0.0018153413890394162,-0.0018153413890394162,-0.001835182658880686
2017-09-27,0.014079663900868265,0.014079663900868265,0.014059822631026994,-0.002986059347056217,-0.002986059347056217,-0.0030059006168974872,-0.0036622069635588953,-0.0036622069635588953,-0.0036820482334001653,-0.005895656176299924,-0.005895656176299924,-0.005915497446141194,-0.0004579268558810414,-0.0004579268558810414,-0.0004777681257223112
2017-09-28,0.008074688073070895,0.008074688073070895,0.008054846803229624,-0.008227797553516755,-0.008227797553516755,-0.008247638823358026,0.00931124412475335,0.00931124412475335,0.00929140285491208,0.0036295852816624684,0.0036295852816624684,0.0036097440118211983,0.0032983738886898924,0.0032983738886898924,0.0032785326188486223
2017-09-29,0.007496256460015936,0.007496256460015936,0.007476415190174666,-0.004653653782161024,-0.004653653782161024,-0.004673495052002294,0.0034253165564234033,0.0034253165564234033,0.0034054752865821333,-0.0016848344558044715,-0.0016848344558044715,-0.0017046757256457413,-0.00036933694134741934,-0.00036933694134741934,-0.00038917821118868916
2017-10-02,-0.004275195439212737,-0.0033914745089801794,-0.004034515849890903,0.0034202062881780186,0.005094624892829181,0.003882610173860149,0.0013122786115661845,0.0036843716348219984,0.0017873929028646531,-0.0002130897418196661,0.0027636544442268453,0.0005724527550195156,-0.002412077157550098,5.303912151966971e-05,-0.0019131544668905417
2017-10-03,0.002069866228307717,0.002069866228307717,0.002050024958466447,-0.0033278474346307707,-0.0033278474346307707,-0.0033476887044720407,-0.0013346424356285459,-0.0013346424356285459,-0.0013544837054698157,-0.003635806389478683,-0.003635806389478683,-0.003655647659319953,-0.0025589324299446544,-0.0025589324299446544,-0.0025787736997859244
2017-10-04,-0.0016667582337084965,-0.0016667582337084965,-0.0016865995035497663,-0.005274916439410367,-0.005274916439410367,-0.005294757709251636,-0.0023788100126210625,-0.0023788100126210625,-0.0023986512824623325,-0.0037366757436092346,-0.0037366757436092346,-0.0037565170134505046,0.002512607641518814,0.002512607641518814,0.0024927663716775438
2017-10-05,0.001997415548386094,0.001997415548386094,0.001977574278544824,-0.0067136344961586285,-0.0067136344961586285,-0.006733475765999898,0.005453026984916972,0.005453026984916972,0.005433185715075703,0.0004515294390502929,0.0004515294390502929,0.00043168816920902305,-0.0011394111390798877,-0.0011394111390798877,-0.0011592524089211575
2017-10-06,0.006099792341771408,0.006099792341771408,0.006079951071930138,-0.003717561148341144,-0.003717561148341144,-0.003737402418182414,0.01241064979188487,0.01241064979188487,0.012390808522043599,0.006403193714126537,0.006403193714126537,0.0063833524442852676,0.002164578305980083,0.002164578305980083,0.002144737036138813
2017-10-09,0.008802310715693571,0.008802310715693571,0.0087824694458523,-0.01086024308073792,-0.01086024308073792,-0.01088008435057919,0.006926202453625699,0.006926202453625699,0.006906361183784429,-0.0027069064632703633,-0.0027069064632703633,-0.0027267477331116333,-9.568342039021759e-05,-9.568342039021759e-05,-0.00011552469023148743
2017-10-10,-0.001513713814229662,-0.001513713814229662,-0.0015335550840709319,-0.0015162033406031412,-0.0015162033406031412,-0.001536044610444411,0.0007685640978426214,0.0007685640978426214,0.0007487228280013516,0.0030677260959572207,0.0030677260959572207,0.0030478848261159507,0.004589271373408995,0.004589271373408995,0.004569430103567726
2017-10-11,0.0037692776954488033,0.0037692776954488033,0.0037494364256075332,-0.011767602284903212,-0.011767602284903212,-0.011787443554744483,0.0063646767232668315,0.0063646767232668315,0.006344835453425562,-0.003012869974303777,-0.003012869974303777,-0.003032711244145047,-0.0012834823513619,-0.0012834823513619,-0.0013033236212031697
2017-10-12,0.004957536191135784,0.004957536191135784,0.004937694921294514,-0.007843927502720612,-0.007843927502720612,-0.007863768772561883,0.00205241951485535,0.00205241951485535,0.00203257824501408,-0.0038785076782262102,-0.0038785076782262102,-0.0038983489480674803,-0.0036505703225143036,-0.0036505703225143036,-0.0036704115923555736
2017-10-13,-0.0008530362250036094,-0.0008530362250036094,-0.0008728774948448793,0.0008937561923605627,0.0008937561923605627,0.0008739149225192929,-0.0036938988679613787,-0.0036938988679613787,-0.0037137401378026487,-0.0016901868137995154,-0.0016901868137995154,-0.0017100280836407852,0.0018839441674714371,0.0018839441674714371,0.0018641028976301673
2017-10-16,0.00761231178879291,0.00761231178879291,0.007592470518951641,0.003988073836826433,0.003988073836826433,0.003968232566985163,0.002198883644535444,0.002198883644535444,0.002179042374694174,0.001383054210965272,0.001383054210965272,0.0013632129411240022,0.0010687649833865656,0.0010687649833865656,0.0010489237135452958
2017-10-17,-0.007468012400411008,-0.007468012400411008,-0.007487853670252277,0.004284304368372584,0.004284304368372584,0.004264463098531315,-0.003316622715369032,-0.003316622715369032,-0.0033364639852103022,0.0003729733225905118,0.0003729733225905118,0.00035313205274924197,-0.0031892221871387986,-0.0031892221871387986,-0.0032090634569800686
2017-10-18,0.005503633777835309,0.005503633777835309,0.0054837925079940395,0.003137467840620043,0.003137467840620043,0.003117626570778773,0.005046599129284882,0.005046599129284882,0.005026757859443612,0.0029363089623920123,0.0029363089623920123,0.0029164676925507423,0.0041788065567426496,0.0041788065567426496,0.00415896528690138
2017-10-19,-0.0014772502835801453,-0.0014772502835801453,-0.0014970915534214151,-0.00549175564773384,-0.00549175564773384,-0.005511596917575109,0.0032102089487356005,0.0032102089487356005,0.0031903676788943305,0.00087146413002991,0.00087146413002991,0.0008516228601886402,-0.0008312131306106899,-0.0008312131306106899,-0.0008510544004519597
2017-10-20,0.0026515887402259125,0.0026515887402259125,0.0026317474703846425,0.0009361247562669852,0.0009361247562669852,0.0009162834864257154,0.0034711042631835817,0.0034711042631835817,0.0034512629933423117,0.0003681516218845015,0.0003681516218845015,0.0003483103520432317,0.0051401854275024,0.0051401854275024,0.0051203441576611304
2017-10-23,0.008998342442745081,0.008998342442745081,0.008978501172903811,-0.0063257849484228,-0.0063257849484228,-0.006345626218264069,-0.00496434865142908,-0.00496434865142908,-0.00498418992127035,-0.008350159339410456,-0.008350159339410456,-0.008370000609251726,-0.009358204169633455,-0.009358204169633455,-0.009378045439474725
2017-10-24,0.007981029885447636,0.007981029885447636,0.007961188615606365,-0.0037498239353874665,-0.0037498239353874665,-0.0037696652052287365,0.003300198719266758,0.003300198719266758,0.003280357449425488,0.0009444036562192604,0.0009444036562192604,0.0009245623863779906,0.001925416224431705,0.001925416224431705,0.0019055749545904353
2017-10-25,0.004913782739460787,0.004913782739460787,0.0048939414696195175,-0.009693985375506612,-0.009693985375506612,-0.009713826645347883,0.01034707015933603,0.01034707015933603,0.01032722888949476,-0.0026133514595323044,-0.0026133514595323044,-0.0026331927293735745,-0.005371016728146813,-0.005371016728146813,-0.0053908579979880826
2017-10-26,-6.181438305908823e-05,-6.181438305908823e-05,-8.165565290035808e-05,-0.00435933248541335,-0.00435933248541335,-0.004379173755254619,0.002906457962928399,0.002906457962928399,0.0028866166930871288,0.002946675389781576,0.002946675389781576,0.002926834119940306,-0.0003838889237832519,-0.0003838889237832519,-0.00040373019362452173
2017-10-27,0.02330231226871876,0.02330231226871876,0.02328247099887749,-0.01217241475352417,-0.01217241475352417,-0.01219225602336544,0.015981500912092952,0.015981500912092952,0.015961659642251682,-0.004802045979056029,-0.004802045979056029,-0.004821887248897299,-0.007150655106185186,-0.007150655106185186,-0.007170496376026456
2017-10-30,-0.009827609823006015,-0.009827609823006015,-0.009847451092847286,0.0012541188440198608,0.0012541188440198608,0.001234277574178591,3.1382878701841695e-05,3.1382878701841695e-05,1.1541608860571854e-05,0.0003817719474090479,0.0003817719474090479,0.00036193067756777803,0.009504299454357962,0.009504299454357962,0.009484458184516691
2017-10-31,0.02036557623909919,0.02036557623909919,0.02034573496925792,-0.014960851788629524,-0.014960851788629524,-0.014980693058470794,-0.015685696682539912,-0.015685696682539912,-0.015705537952381183,-0.01733743966892095,-0.01733743966892095,-0.01735728093876222,-0.013714793932144864,-0.013714793932144864,-0.013734635201986135
2017-11-01,0.002568790055464112,0.0037315807531385307,0.002865373463455185,-0.014562309699567125,-0.01219867333593076,-0.013885495494435025,-0.0010608843354310386,0.0017572974827507796,-0.0002821556984509046,-0.008041643315314886,-0.004905279678951249,-0.007137775054075206,-0.004470253217410852,-0.001561162308319943,-0.0036645773886645645
2017-11-02,0.011872530697284564,0.011872530697284564,0.011852689427443294,-0.00982132095030559,-0.00982132095030559,-0.009841162220146861,0.0057881619784937235,0.0057881619784937235,0.005768320708652454,-0.003788648202251232,-0.003788648202251232,-0.003808489472092502,-0.006946879130471415,-0.006946879130471415,-0.006966720400312685
2017-11-03,0.007370999886815501,0.007370999886815501,0.007351158616974231,0.00016350850770793573,0.00016350850770793573,0.0001436672378666659,0.0005115046818244406,0.0005115046818244406,0.0004916634119831708,-0.00543991748079054,-0.00543991748079054,-0.00545975875063181,-0.0022503038904088395,-0.0022503038904088395,-0.0022701451602501095
2017-11-06,-0.004056643488138049,-0.004056643488138049,-0.004076484757979318,0.004329391353970979,0.004329391353970979,0.00430955008412971,-0.0063915081934040816,-0.0063915081934040816,-0.006411349463245351,-0.00010101239183152831,-0.00010101239183152831,-0.00012085366167279815,-0.003641452630072624,-0.003641452630072624,-0.003661293899913894
2017-11-07,0.007600627257438219,0.007600627257438219,0.007580785987596949,0.0011829281113781816,0.0011829281113781816,0.0011630868415369118,0.00810998429543474,0.00810998429543474,0.00809014302559347,0.0019778476961335445,0.0019778476961335445,0.0019580064262922745,0.005404284584683587,0.005404284584683587,0.005384443314842317
2017-11-08,-0.006537895868060352,-0.006537895868060352,-0.006557737137901622,0.0026112594070940576,0.0026112594070940576,0.0025914181372527875,-0.0038782726006407293,-0.0038782726006407293,-0.0038981138704819993,-0.001372145843668127,-0.001372145843668127,-0.0013919871135093969,0.000763025428508063,0.000763025428508063,0.0007431841586667932
2017-11-09,-0.024497518340573222,-0.024497518340573222,-0.024517359610414492,0.01696667621871581,0.01696667621871581,0.01694683494887454,-0.012856367472879892,-0.012856367472879892,-0.012876208742721162,0.004618071269825098,0.004618071269825098,0.004598229999983828,-0.0027866938723030087,-0.0027866938723030087,-0.0028065351421442787
2017-11-10,-0.001071786011438208,-0.001071786011438208,-0.0010916272812794778,0.0004207913445997014,0.0004207913445997014,0.0004009500747584316,0.0038741064572482904,0.0038741064572482904,0.0038542651874070204,0.0011344518029139156,0.0011344518029139156,0.0011146105330726457,0.001953265174477881,0.001953265174477881,0.0019334239046366111
2017-11-13,0.008954079394828217,0.008954079394828217,0.008934238124986947,-0.002914477197635202,-0.002914477197635202,-0.002934318467476472,0.015283336938169044,0.015283336938169044,0.015263495668327774,0.005042538207197323,0.005042538207197323,0.005022696937356053,0.00640849810104,0.00640849810104,0.00638865683119873
2017-11-14,-0.007799904229201552,-0.007799904229201552,-0.007819745499042822,0.0007150242664389931,0.0007150242664389931,0.0006951829965977233,0.0002158519326465702,0.0002158519326465702,0.00019601066280530035,0.003817909255631003,0.003817909255631003,0.003798067985789733,0.00420573597705686,0.00420573597705686,0.004185894707215591
2017-11-15,0.00023290737963842863,0.00023290737963842863,0.0002130661097971588,0.005526897064789313,0.005526897064789313,0.0055070557949480434,-0.0015063653240607777,-0.0015063653240607777,-0.0015262065939020476,0.0012601047355908276,0.0012601047355908276,0.0012402634657495578,0.004817810930952761,0.004817810930952761,0.004797969661111491
2017-11-16,-0.0032897523412355606,-0.0032897523412355606,-0.0033095936110768306,-0.0006005507431841505,-0.0006005507431841505,-0.0006203920130254204,-0.007105047298911928,-0.007105047298911928,-0.0071248885687531975,-0.004138033053046542,-0.004138033053046542,-0.004157874322887812,0.002668723732477199,0.002668723732477199,0.002648882462635929
2017-11-17,-0.012096691905236984,-0.012096691905236984,-0.012116533175078254,0.008573010542325798,0.008573010542325798,0.008553169272484527,-0.0016186475717208481,-0.0016186475717208481,-0.001638488841562118,0.005511887067142767,0.005511887067142767,0.0054920457973014975,0.005617135890179268,0.005617135890179268,0.005597294620337998
2017-11-20,0.007550923016272749,0.007550923016272749,0.007531081746431479,-0.003867490352482199,-0.003867490352482199,-0.003887331622323469,0.0032696204356398965,0.0032696204356398965,0.0032497791657986265,-0.006331475418141231,-0.006331475418141231,-0.006351316687982501,-0.0027551665360191335,-0.0027551665360191335,-0.0027750078058604035
2017-11-21,0.016973421418169817,0.016973421418169817,0.016953580148328547,-0.01629232828574365,-0.01629232828574365,-0.01631216955558492,-0.0020945602450244535,-0.0020945602450244535,-0.0021144015148657235,-0.007836860248353493,-0.007836860248353493,-0.007856701518194764,-0.005797527974935584,-0.005797527974935584,-0.0058173692447768535
2017-11-22,-0.011007093221210922,-0.011007093221210922,-0.011026934491052192,0.004598297745490972,0.004598297745490972,0.004578456475649703,-0.00435330436928449,-0.00435330436928449,-0.004373145639125759,0.0018526549312422444,0.0018526549312422444,0.0018328136614009745,0.004372977218067507,0.004372977218067507,0.004353135948226237
2017-11-24,0.009873152665573108,0.009873152665573108,0.009853311395731838,-0.00692797490273051,-0.00692797490273051,-0.00694781617257178,0.0013060341400502455,0.0013060341400502455,0.0012861928702089756,-0.005064913416396864,-0.005064913416396864,-0.0050847546862381335,-0.0029669280357640035,-0.0029669280357640035,-0.0029867693056052735
2017-11-27,-0.002041373184220736,-0.002041373184220736,-0.002061214454062006,-0.0003042732437885461,-0.0003042732437885461,-0.0003241145136298159,-0.002846480883399078,-0.002846480883399078,-0.002866322153240348,-0.001655079925056568,-0.001655079925056568,-0.0016749211948978379,0.0011984158903643306,0.0011984158903643306,0.0011785746205230608
2017-11-28,-0.010420000832200564,-0.010420000832200564,-0.010439842102041835,0.002009608171887564,0.002009608171887564,0.001989766902046294,-0.007219416841421635,-0.007219416841421635,-0.007239258111262904,-0.0007914502718143878,-0.0007914502718143878,-0.0008112915416556576,-0.0013256914234908027,-0.0013256914234908027,-0.0013455326933320725
2017-11-29,-0.03472607067082814,-0.03472607067082814,-0.03474591194066941,0.01344790898598006,0.01344790898598006,0.013428067716138789,-0.00602549549742667,-0.00602549549742667,-0.006045336767267939,0.018496071063012397,0.018496071063012397,0.018476229793171126,0.009523666286527187,0.009523666286527187,0.009503825016685917
2017-11-30,0.003004174435512509,0.003004174435512509,0.002984333165671239,-0.010596304649621975,-0.010596304649621975,-0.010616145919463246,-0.0027646910663647155,-0.0027646910663647155,-0.0027845323362059855,-0.006554285873142966,-0.006554285873142966,-0.0065741271429842355,-0.0040773499460486085,-0.0040773499460486085,-0.004097191215889878
2017-12-01,-0.00912033559397488,-0.007983971957611243,-0.00883603322722656,0.0007387015273907019,0.002965974254663429,0.0012605612598803233,-0.004452497667023017,-0.0019524976670230172,-0.004083593083289184,0.0013602115748258003,0.004132938847553073,0.002042781894463277,0.0015543162201046793,0.00414522531101377,0.002176908959569435
2017-12-04,-0.041608010524026656,-0.041608010524026656,-0.04162785179386792,0.013181605863711185,0.013181605863711185,0.013161764593869914,-0.02634188556450847,-0.02634188556450847,-0.02636172683434974,-5.8987580537068e-05,-5.8987580537068e-05,-7.882885037833784e-05,-0.001888323832050916,-0.001888323832050916,-0.0019081651018921857
2017-12-05,0.008426171939939877,0.008426171939939877,0.008406330670098607,-0.001131267198778365,-0.001131267198778365,-0.0011511084686196347,0.008952617767649761,0.008952617767649761,0.00893277649780849,0.0002687917723079076,0.0002687917723079076,0.0002489505024666378,0.005236108346800371,0.005236108346800371,0.0052162670769591015
2017-12-06,0.0161689993399029,0.0161689993399029,0.01614915807006163,-0.0033013450927849228,-0.0033013450927849228,-0.003321186362626193,0.005794540058595676,0.005794540058595676,0.005774698788754406,0.0016589694725255896,0.0016589694725255896,0.0016391282026843197,-0.0026169774134902606,-0.0026169774134902606,-0.0026368186833315307
2017-12-07,0.0073634684646632816,0.0073634684646632816,0.007343627194822012,-0.004372243169368843,-0.004372243169368843,-0.004392084439210113,0.0019042344839927427,0.0019042344839927427,0.0018843932141514729,-0.008571307199428247,-0.008571307199428247,-0.008591148469269517,-0.005057690709395973,-0.005057690709395973,-0.005077531979237242
2017-12-08,-0.008470670807956594,-0.008470670807956594,-0.008490512077797864,-0.003421615532132784,-0.003421615532132784,-0.003441456801974054,-0.0020974257467424114,-0.0020974257467424114,-0.0021172670165836814,-0.002845517466397622,-0.002845517466397622,-0.002865358736238892,0.0006099741536584755,0.0006099741536584755,0.0005901328838172057
2017-12-11,-0.001808367848374532,-0.001808367848374532,-0.0018282091182158019,-0.0005996640714796019,-0.0005996640714796019,-0.0006195053413208718,0.00432217557796976,0.00432217557796976,0.00430233430812849,0.004367227362218978,0.004367227362218978,0.004347386092377709,0.0036716111616142983,0.0036716111616142983,0.0036517698917730283
2017-12-12,-0.009080361576878904,-0.009080361576878904,-0.009100202846720175,0.0019450588982580892,0.0019450588982580892,0.0019252176284168194,-0.004328815529894248,-0.004328815529894248,-0.004348656799735518,-0.0023340350132496483,-0.0023340350132496483,-0.0023538762830909183,7.40680654042508e-05,7.40680654042508e-05,5.4226795562980964e-05
2017-12-13,-0.00030135475455934577,-0.00030135475455934577,-0.0003211960244006156,0.0006075928576429516,0.0006075928576429516,0.0005877515878016817,0.005830310218588676,0.005830310218588676,0.005810468948747406,-0.00021208312556858793,-0.00021208312556858793,-0.00023192439540985777,0.0019532769732541096,0.0019532769732541096,0.0019334357034128398
2017-12-14,-0.00028968352266080634,-0.00028968352266080634,-0.00030952479250207616,0.0016510039633624851,0.0016510039633624851,0.0016311626935212153,-0.0035460570359030375,-0.0035460570359030375,-0.0035658983057443075,-0.0008603970044470284,-0.0008603970044470284,-0.0008802382742882982,-0.0015532377786419767,-0.0015532377786419767,-0.0015730790484832465
2017-12-15,-0.005159732987590645,-0.005159732987590645,-0.0051795742574319145,0.0017963954828653854,0.0017963954828653854,0.0017765542130241156,-0.0016763439835170537,-0.0016763439835170537,-0.0016961852533583235,-0.002516035597363828,-0.002516035597363828,-0.002535876867205098,0.002332269362407981,0.002332269362407981,0.002312428092566711
2017-12-18,-0.010192344475254182,-0.010192344475254182,-0.010212185745095453,0.002995512884645657,0.002995512884645657,0.002975671614804387,-0.00204959186629047,-0.00204959186629047,-0.00206943313613174,-0.0060379006872901,-0.0060379006872901,-0.00605774195713137,0.00021946390633224714,0.00021946390633224714,0.0001996226364909773
2017-12-19,0.002125394251233933,0.002125394251233933,0.002105552981392663,-0.0005784865894089632,-0.0005784865894089632,-0.000598327859250233,-0.005065221515136894,-0.005065221515136894,-0.005085062784978164,-0.008610525337146768,-0.008610525337146768,-0.008630366606988038,-0.006982318172991744,-0.006982318172991744,-0.007002159442833013
2017-12-20,0.0026833973275336483,0.0026833973275336483,0.0026635560576923783,-0.00414342109364178,-0.00414342109364178,-0.004163262363483049,-0.0010492576324147023,-0.0010492576324147023,-0.001069098902255972,-0.0076629834930748335,-0.0076629834930748335,-0.007682824762916103,-0.0038877240397099753,-0.0038877240397099753,-0.003907565309551245
2017-12-21,-0.01795043842715683,-0.01795043842715683,-0.0179702796969981,9.418945903249068e-05,9.418945903249068e-05,7.434818919122084e-05,0.001510247568059584,0.001510247568059584,0.001490406298218314,0.001074978827805113,0.001074978827805113,0.0010551375579638431,0.00762432073626266,0.00762432073626266,0.00760447946642139
2017-12-22,-0.0013272504459854533,-0.0013272504459854533,-0.0013470917158267231,0.0023108676266918133,0.0023108676266918133,0.0022910263568505433,-0.0030445707070850714,-0.0030445707070850714,-0.0030644119769263414,0.0018454641231013058,0.0018454641231013058,0.001825622853260036,0.0022188824794289338,0.0022188824794289338,0.0021990412095876637
2017-12-26,-0.010471190280954038,-0.010471190280954038,-0.010491031550795308,0.0011821615901438326,0.0011821615901438326,0.0011623203203025628,-0.004064179374433945,-0.004064179374433945,-0.004084020644275215,-0.0024123574614654834,-0.0024123574614654834,-0.0024321987313067534,-0.0006496875505316759,-0.0006496875505316759,-0.0006695288203729458
2017-12-27,0.008300557968230957,0.008300557968230957,0.008280716698389687,-0.0009067643165955724,-0.0009067643165955724,-0.0009266055864368422,0.0004175920805409624,0.0004175920805409624,0.0003977508106996926,-0.0011760645619183214,-0.0011760645619183214,-0.0011959058317595913,-0.001582725408575085,-0.001582725408575085,-0.0016025666784163547
2017-12-28,0.0021061985301710816,0.0021061985301710816,0.0020863572603298116,0.0030274450340345683,0.0030274450340345683,0.0030076037641932982,0.0031195065854760307,0.0031195065854760307,0.0030996653156347607,0.002731710343126912,0.002731710343126912,0.002711869073285642,0.0029973760266462524,0.0029973760266462524,0.0029775347568049824
2017-12-29,-0.0005385868377591656,-0.0005385868377591656,-0.0005584281076004354,0.0009232426895267878,0.0009232426895267878,0.000903401419685518,0.00257462005514567,0.00257462005514567,0.0025547787853044,0.0032829960849960855,0.0032829960849960855,0.0032631548151548155,-6.96768994543108e-05,-6.96768994543108e-05,-8.951816929558064e-05
2018-01-02,-0.010060190574608672,-0.009242008756426853,-0.009838831408790584,0.012953064926078551,0.015225792198805824,0.013603700521472084,-0.015099012819718403,-0.012689921910627493,-0.014413334307302364,-0.007041130760500848,-0.0037684034877735755,-0.006097530041677592,0.005376872987240218,0.007922327532694763,0.006102680325733577
2018-01-03,0.003515219240972108,0.003515219240972108,0.003495377971130838,-0.002305476964689691,-0.002305476964689691,-0.002325318234530961,0.000837423454713589,0.000837423454713589,0.0008175821848723191,-0.005164856294430472,-0.005164856294430472,-0.005184697564271742,0.006068793984518323,0.006068793984518323,0.0060489527146770534
2018-01-04,0.004475420924780182,0.004475420924780182,0.0044555796549389124,0.004227828190878545,0.004227828190878545,0.0042079869210372755,-0.003108701670007029,-0.003108701670007029,-0.0031285429398482992,-0.0007395689792222018,-0.0007395689792222018,-0.0007594102490634716,0.00529985870171585,0.00529985870171585,0.00528001743187458
2018-01-05,0.01104237010922962,0.01104237010922962,0.011022528839388349,-0.002014454149592103,-0.002014454149592103,-0.002034295419433373,0.009442937942261241,0.009442937942261241,0.009423096672419971,-0.0005930752567286945,-0.0005930752567286945,-0.0006129165265699643,-0.0013224211731211238,-0.0013224211731211238,-0.0013422624429623936
2018-01-08,0.00514331855849162,0.00514331855849162,0.0051234772886503506,-0.0037086760784787788,-0.0037086760784787788,-0.003728517348320049,0.004479948924928865,0.004479948924928865,0.004460107655087596,-0.0020892089986996646,-0.0020892089986996646,-0.0021090502685409346,0.0021133255993066743,0.0021133255993066743,0.0020934843294654042
2018-01-09,0.012523016337127728,0.012523016337127728,0.012503175067286458,-0.011994392483604198,-0.011994392483604198,-0.012014233753445468,0.011765369576728683,0.011765369576728683,0.011745528306887413,0.00239197115690379,0.00239197115690379,0.00237212988706252,-0.010021159061199162,-0.010021159061199162,-0.010041000331040432
2018-01-10,-0.006584107838215682,-0.006584107838215682,-0.006603949108056952,0.003986857214758893,0.003986857214758893,0.003967015944917623,-0.005529987279299718,-0.005529987279299718,-0.005549828549140988,-7.29276091082972e-05,-7.29276091082972e-05,-9.276887894956704e-05,-0.005279460304538434,-0.005279460304538434,-0.005299301574379704
2018-01-11,-0.016673238300955566,-0.016673238300955566,-0.016693079570796836,0.008471941281152409,0.008471941281152409,0.008452100011311138,-0.013976540829736952,-0.013976540829736952,-0.013996382099578222,0.0005658511209232159,0.0005658511209232159,0.0005460098510819461,0.000503079732282169,0.000503079732282169,0.00048323846244089914
2018-01-12,0.0009173010445727844,0.0009173010445727844,0.0008974597747315146,0.0005072635112319938,0.0005072635112319938,0.000487422241390724,-0.0027354695191806186,-0.0027354695191806186,-0.0027553107890218886,-0.0025936363009420875,-0.0025936363009420875,-0.0026134775707833575,0.0010625947775515943,0.0010625947775515943,0.0010427535077103245
2018-01-16,0.01255712781827685,0.01255712781827685,0.01253728654843558,-0.007038583449311426,-0.007038583449311426,-0.0070584247191526955,0.004903422383328496,0.004903422383328496,0.004883581113487226,-0.0045822491800068775,-0.0045822491800068775,-0.004602090449848147,-0.005684998750096497,-0.005684998750096497,-0.005704840019937767
2018-01-17,0.011452006942262795,0.011452006942262795,0.011432165672421524,-0.009473997581261436,-0.009473997581261436,-0.009493838851102707,0.011960558723577739,0.011960558723577739,0.011940717453736469,-0.002221027502021819,-0.002221027502021819,-0.002240868771863089,0.00043975088896374803,0.00043975088896374803,0.0004199096191224782
2018-01-18,0.002069808548948673,0.002069808548948673,0.002049967279107403,-0.0008768709097857917,-0.0008768709097857917,-0.0008967121796270615,0.002890726920997175,0.002890726920997175,0.002870885651155905,-0.0005831690296074345,-0.0005831690296074345,-0.0006030102994487043,0.0010175398174538538,0.0010175398174538538,0.000997698547612584
2018-01-19,-0.0001986394549956204,-0.0001986394549956204,-0.00021848072483689025,0.0017751290410512725,0.0017751290410512725,0.0017552877712100027,0.008270610849574138,0.008270610849574138,0.008250769579732867,0.008646373915529176,0.008646373915529176,0.008626532645687905,0.005069052854268571,0.005069052854268571,0.005049211584427301
2018-01-22,-0.0034023165255054654,-0.0034023165255054654,-0.0034221577953467354,0.003927280904946139,0.003927280904946139,0.003907439635104869,-0.0016565044135026894,-0.0016565044135026894,-0.0016763456833439592,0.004200908973005692,0.004200908973005692,0.004181067703164423,0.0051811820959264095,0.0051811820959264095,0.00516134082608514
2018-01-23,0.002931802847608865,0.002931802847608865,0.002911961577767595,0.005090555938120944,0.005090555938120944,0.005070714668279674,0.007925592396899758,0.007925592396899758,0.007905751127058488,0.004437249777387457,0.004437249777387457,0.004417408507546188,0.01089238076098913,0.01089238076098913,0.010872539491147859
2018-01-24,0.0039360421801689595,0.0039360421801689595,0.00391620091032769,0.006286134507853976,0.006286134507853976,0.006266293238012707,0.0006839730117842225,0.0006839730117842225,0.0006641317419429527,-0.0025158675945786795,-0.0025158675945786795,-0.0025357088644199495,0.0058631626761900995,0.0058631626761900995,0.00584332140634883
2018-01-25,0.018101940373160555,0.018101940373160555,0.018082099103319284,-0.011859707078959968,-0.011859707078959968,-0.011879548348801238,0.008391153485355338,0.008391153485355338,0.008371312215514067,-0.0039136792546406425,-0.0039136792546406425,-0.003933520524481912,-0.007775814983778816,-0.007775814983778816,-0.007795656253620086
2018-01-26,0.0012812625158326709,0.0012812625158326709,0.001261421245991401,-0.006150263858420045,-0.006150263858420045,-0.006170105128261314,-0.0018527142475048951,-0.0018527142475048951,-0.001872555517346165,-0.005960237136250803,-0.005960237136250803,-0.005980078406092073,0.0025700197854707633,0.0025700197854707633,0.0025501785156294933
2018-01-29,-0.006296077736126476,-0.006296077736126476,-0.006315919005967746,0.006389405764431465,0.006389405764431465,0.0063695644945901955,-0.004389954877092242,-0.004389954877092242,-0.004409796146933512,0.0022193923501342347,0.0022193923501342347,0.0021995510802929647,-0.0009196750772598183,-0.0009196750772598183,-0.0009395163471010882
2018-01-30,0.00926878646853477,0.00926878646853477,0.009248945198693499,-0.00941138999125466,-0.00941138999125466,-0.009431231261095931,0.006524682043011056,0.006524682043011056,0.0065048407731697865,-0.0038348803041669275,-0.0038348803041669275,-0.0038547215740081975,-0.011415919909284334,-0.011415919909284334,-0.011435761179125604
2018-01-31,0.007704443748962544,0.007704443748962544,0.007684602479121274,-0.007093754212151168,-0.007093754212151168,-0.007113595481992438,-0.0004752845734001512,-0.0004752845734001512,-0.000495125843241421,-0.007981273006013225,-0.007981273006013225,-0.008001114275854496,-0.0023788487966085485,-0.0023788487966085485,-0.0023986900664498185
2018-02-01,0.00042955500398773796,0.0015659186403513745,0.0007444068482366838,-0.009255703673359834,-0.007255703673359833,-0.008776965746827878,-0.0003211551120941825,0.002815208524269454,0.00048525277238819294,-0.0038370136601945074,-0.000473377296558144,-0.0029586811601526146,-0.004989165975974883,-0.0022164387032476097,-0.004287276808708224
2018-02-02,0.0010502971874435814,0.0010502971874435814,0.0010304559176023116,-0.0010081330563969531,-0.0010081330563969531,-0.001027974326238223,-0.006091154613783447,-0.006091154613783447,-0.006110995883624717,-0.003559007899206435,-0.003559007899206435,-0.003578849169047705,-0.006970804009615179,-0.006970804009615179,-0.006990645279456449
2018-02-05,-0.006217811437819368,-0.006217811437819368,-0.006237652707660637,0.008891656736324135,0.008891656736324135,0.008871815466482864,0.0015578604532253048,0.0015578604532253048,0.001538019183384035,0.0021626255625171293,0.0021626255625171293,0.0021427842926758593,0.00213557762723441,0.00213557762723441,0.00211573635739314
2018-02-06,-0.0035025098481603354,-0.0035025098481603354,-0.0035223511180016054,-0.004242030695541393,-0.004242030695541393,-0.004261871965382662,0.013407328745347233,0.013407328745347233,0.013387487475505963,0.007719646399292799,0.007719646399292799,0.007699805129451529,0.009285738636340544,0.009285738636340544,0.009265897366499274
2018-02-07,0.003824925318591278,0.003824925318591278,0.003805084048750008,0.0009691793545409692,0.0009691793545409692,0.0009493380846996994,-0.0062067940823510356,-0.0062067940823510356,-0.006226635352192305,0.0007713223876938992,0.0007713223876938992,0.0007514811178526294,-0.00789470562895653,-0.00789470562895653,-0.0079145468987978
2018-02-08,-0.01697587706827742,-0.01697587706827742,-0.01699571833811869,0.008378777993196381,0.008378777993196381,0.008358936723355111,0.0048029139704470186,0.0048029139704470186,0.004783072700605749,0.007185719331394372,0.007185719331394372,0.0071658780615531026,0.004693088207685204,0.004693088207685204,0.004673246937843934
2018-02-09,0.007605110729668998,0.007605110729668998,0.007585269459827728,-0.004770300336926258,-0.004770300336926258,-0.004790141606767527,0.00424184885115353,0.00424184885115353,0.00422200758131226,-0.007031941376335517,-0.007031941376335517,-0.007051782646176787,0.007928424393985532,0.007928424393985532,0.007908583124144261
2018-02-12,0.0052091182881400955,0.0052091182881400955,0.005189277018298826,-0.0030560475486137726,-0.0030560475486137726,-0.0030758888184550426,0.0020679421360653223,0.0020679421360653223,0.0020481008662240523,-0.002339136512087197,-0.002339136512087197,-0.0023589777819284672,0.0011721177786896274,0.0011721177786896274,0.0011522765088483576
2018-02-13,0.0005845989352161445,0.0005845989352161445,0.0005647576653748747,-0.0019258647460890146,-0.0019258647460890146,-0.0019457060159302844,0.014373097348317551,0.014373097348317551,0.014353256078476281,0.0047619864871056615,0.0047619864871056615,0.004742145217264392,0.014278069852212028,0.014278069852212028,0.014258228582370757
2018-02-14,0.004348276127148875,0.004348276127148875,0.004328434857307605,0.0031284155434067673,0.0031284155434067673,0.0031085742735654973,-0.002516558357493506,-0.002516558357493506,-0.002536399627334776,-0.0069430366984514795,-0.0069430366984514795,-0.006962877968292749,-0.0005985830802266324,-0.0005985830802266324,-0.0006184243500679022
2018-02-15,-2.540533617697606e-05,-2.540533617697606e-05,-4.52466060182459e-05,0.002935478595388981,0.002935478595388981,0.0029156373255477108,0.007105165723882589,0.007105165723882589,0.00708532445404132,0.006250245551196359,0.006250245551196359,0.0062304042813550896,0.006452402690408933,0.006452402690408933,0.006432561420567663
2018-02-16,-0.002774450802875231,-0.002774450802875231,-0.002794292072716501,0.0018524414985615005,0.0018524414985615005,0.0018326002287202307,0.002364831085415426,0.002364831085415426,0.002344989815574156,0.0004911002986842033,0.0004911002986842033,0.0004712590288429335,0.0024876837838014214,0.0024876837838014214,0.0024678425139601514
2018-02-20,0.004866432482763888,0.004866432482763888,0.004846591212922619,-4.650140235656669e-05,-4.650140235656669e-05,-6.634267219783653e-05,0.005133252386022261,0.005133252386022261,0.005113411116180991,0.00038074082742018864,0.00038074082742018864,0.00036089955757891883,0.0071495924275210955,0.0071495924275210955,0.007129751157679826
2018-02-21,0.0014881034811551877,0.0014881034811551877,0.0014682622113139179,-0.003598074140223993,-0.003598074140223993,-0.003617915410065263,-0.008304863763940127,-0.008304863763940127,-0.008324705033781398,-0.007772464658992521,-0.007772464658992521,-0.0077923059288337905,-0.0067540300857331925,-0.0067540300857331925,-0.006773871355574462
2018-02-22,0.0020188654663685353,0.0020188654663685353,0.0019990241965272652,-0.0058240413774275235,-0.0058240413774275235,-0.005843882647268793,0.00428820740325694,0.00428820740325694,0.00426836613341567,-0.004712705885385372,-0.004712705885385372,-0.004732547155226642,0.0016140574110012234,0.0016140574110012234,0.0015942161411599536
2018-02-23,0.0033511598180538844,0.0033511598180538844,0.0033313185482126144,0.0004978495065130562,0.0004978495065130562,0.00047800823667178637,-0.0015982044202960627,-0.0015982044202960627,-0.0016180456901373325,-0.003039703865477795,-0.003039703865477795,-0.003059545135319065,0.001966493636421255,0.001966493636421255,0.001946652366579985
2018-02-26,0.006564971397479889,0.006564971397479889,0.006545130127638619,-0.009443057026296678,-0.009443057026296678,-0.009462898296137948,0.0021943377147925418,0.0021943377147925418,0.0021744964449512717,-0.005158014752837417,-0.005158014752837417,-0.005177856022678687,-0.0023100251416630583,-0.0023100251416630583,-0.0023298664115043283
2018-02-27,0.0038740663716944775,0.0038740663716944775,0.0038542251018532075,-0.00023015845402916133,-0.00023015845402916133,-0.00024999972387043114,0.004166694603226561,0.004166694603226561,0.004146853333385291,0.0021050476426965306,0.0021050476426965306,0.0020852063728552606,-0.0007754188192441447,-0.0007754188192441447,-0.0007952600890854145
2018-02-28,-0.0018982004321636391,-0.0018982004321636391,-0.001918041702004909,0.0008860052196616958,0.0008860052196616958,0.000866163949820426,-0.0029299314696318354,-0.0029299314696318354,-0.0029497727394731054,-0.00021209996827533458,-0.00021209996827533458,-0.00023194123811660442,-0.0035025120923900073,-0.0035025120923900073,-0.0035223533622312773
2018-03-01,-0.02041068028854457,-0.019365225743090027,-0.020124641761952274,0.013978066632833377,0.016114430269197014,0.014583633649340781,1.542309332344758e-05,0.0026972412751416295,0.0007739459077877047,0.009424534432522868,0.012242716250704687,0.010228441743549917,-0.00550102032135201,-0.002773747594079282,-0.004728489952997221
2018-03-02,-0.0015393652715349911,-0.0015393652715349911,-0.001559206541376261,0.005202219262196627,0.005202219262196627,0.005182377992355358,-0.00046848707192518224,-0.00046848707192518224,-0.0004883283417664521,-0.0011512184859472432,-0.0011512184859472432,-0.001171059755788513,0.006037603183889295,0.006037603183889295,0.006017761914048026
2018-03-05,-0.0032849252509084296,-0.0032849252509084296,-0.0033047665207496997,0.011556669214246848,0.011556669214246848,0.011536827944405578,0.0018141987898867965,0.0018141987898867965,0.0017943575200455267,0.008737333050921881,0.008737333050921881,0.00871749178108061,0.001161166725266616,0.001161166725266616,0.0011413254554253462
2018-03-06,0.007937302820348388,0.007937302820348388,0.007917461550507118,0.004134324264158417,0.004134324264158417,0.004114482994317148,-0.0029832630141933014,-0.0029832630141933014,-0.0030031042840345714,-9.659558275074706e-05,-9.659558275074706e-05,-0.0001164368525920169,0.0009687606982369777,0.0009687606982369777,0.0009489194283957079
2018-03-07,0.00260307122588585,0.00260307122588585,0.00258322995604458,0.004117572501130944,0.004117572501130944,0.004097731231289674,0.0016560444310239318,0.0016560444310239318,0.001636203161182662,0.002374624681207864,0.002374624681207864,0.002354783411366594,0.004398871611380647,0.004398871611380647,0.004379030341539377
2018-03-08,0.001102646785967525,0.001102646785967525,0.0010828055161262553,-0.002114858116473412,-0.002114858116473412,-0.002134699386314682,-0.005528789128706928,-0.005528789128706928,-0.005548630398548198,-0.0018744653761822358,-0.0018744653761822358,-0.0018943066460235056,-0.004809137947528979,-0.004809137947528979,-0.004828979217370248
2018-03-09,0.017306982409989326,0.017306982409989326,0.017287141140148055,-0.016098407464325167,-0.016098407464325167,-0.016118248734166438,-0.0017218439990270503,-0.0017218439990270503,-0.0017416852688683202,-0.009742450151836723,-0.009742450151836723,-0.009762291421677994,-0.0035427280272389535,-0.0035427280272389535,-0.0035625692970802235
2018-03-12,-0.009787754870087123,-0.009787754870087123,-0.009807596139928394,0.011859206596313497,0.011859206596313497,0.011839365326472227,0.003920109792667813,0.003920109792667813,0.003900268522826543,0.010486111075691484,0.010486111075691484,0.010466269805850213,0.006060442379554991,0.006060442379554991,0.006040601109713721
2018-03-13,0.00046939201237172334,0.00046939201237172334,0.0004495507425304535,-0.0023571800927423966,-0.0023571800927423966,-0.0023770213625836666,-0.007504549204031826,-0.007504549204031826,-0.007524390473873096,-0.004676060811029548,-0.004676060811029548,-0.004695902080870818,-0.011298132727793245,-0.011298132727793245,-0.011317973997634515
2018-03-14,0.011740916588397925,0.011740916588397925,0.011721075318556654,-0.0030075467028242856,-0.0030075467028242856,-0.0030273879726655556,-0.004607705805344442,-0.004607705805344442,-0.004627547075185712,-0.006125013385945802,-0.006125013385945802,-0.006144854655787071,0.000575426191013056,0.000575426191013056,0.0005555849211717862
2018-03-15,0.002952962695576978,0.002952962695576978,0.002933121425735708,-0.00661440499187349,-0.00661440499187349,-0.00663424626171476,0.0037250133099214692,0.0037250133099214692,0.003705172040080199,-0.0007864886162809849,-0.0007864886162809849,-0.0008063298861222547,0.002211389474697514,0.002211389474697514,0.002191548204856244
2018-03-16,-0.0033020291836898703,-0.0033020291836898703,-0.0033218704535311404,0.003941389546382479,0.003941389546382479,0.00392154827654121,0.00034368255109426256,0.00034368255109426256,0.00032384128125299274,0.005753581663685841,0.005753581663685841,0.005733740393844572,-0.0011215772217823725,-0.0011215772217823725,-0.0011414184916236423
2018-03-19,0.004093552700081977,0.004093552700081977,0.0040737114302407075,-0.007572019789711953,-0.007572019789711953,-0.007591861059553223,0.0003089162526736526,0.0003089162526736526,0.0002890749828323828,-0.004081850313189535,-0.004081850313189535,-0.004101691583030804,-0.002197495048725553,-0.002197495048725553,-0.002217336318566823
2018-03-20,0.02096889773571022,0.02096889773571022,0.020949056465868948,-0.014933055172232243,-0.014933055172232243,-0.014952896442073513,0.0029094796863537824,0.0029094796863537824,0.0028896384165125123,-0.012565152895686667,-0.012565152895686667,-0.012584994165527937,-0.002411788882482164,-0.002411788882482164,-0.002431630152323434
2018-03-21,-0.0023286859448731836,-0.0023286859448731836,-0.0023485272147144537,0.0028020309869408082,0.0028020309869408082,0.002782189717099538,-0.0007422651682465055,-0.0007422651682465055,-0.0007621064380877753,0.0015731714399466953,0.0015731714399466953,0.0015533301701054255,0.0029558121649341166,0.0029558121649341166,0.0029359708950928466
2018-03-22,-0.013585741898831001,-0.013585741898831001,-0.013605583168672272,0.011623127403724535,0.011623127403724535,0.011603286133883265,0.00018334232119430918,0.00018334232119430918,0.00016350105135303934,0.010816640967516559,0.010816640967516559,0.010796799697675288,-0.00020493703825573027,-0.00020493703825573027,-0.0002247783080970001
2018-03-23,-0.005298488396362125,-0.005298488396362125,-0.005318329666203395,0.00485944185897165,0.00485944185897165,0.00483960058913038,0.002512737244251553,0.002512737244251553,0.002492895974410283,0.0027242183587240874,0.0027242183587240874,0.0027043770888828173,0.0013237054119791055,0.0013237054119791055,0.0013038641421378356
2018-03-26,0.015637234615581246,0.015637234615581246,0.015617393345739975,-0.012325052622177299,-0.012325052622177299,-0.01234489389201857,-0.006039790357390588,-0.006039790357390588,-0.006059631627231858,-0.012358673261382515,-0.012358673261382515,-0.012378514531223786,-0.005043986754263856,-0.005043986754263856,-0.005063828024105125
2018-03-27,-0.021497813107966418,-0.021497813107966418,-0.02151765437780769,0.010229939051519945,0.010229939051519945,0.010210097781678674,0.009225237889518192,0.009225237889518192,0.009205396619676922,0.01481867340809322,0.01481867340809322,0.01479883213825195,0.003424878784432161,0.003424878784432161,0.003405037514590891
2018-03-28,-0.014353990129956425,-0.014353990129956425,-0.014373831399797695,0.011831232295577124,0.011831232295577124,0.011811391025735854,0.011920725697466814,0.011920725697466814,0.011900884427625543,0.013985340816676127,0.013985340816676127,0.013965499546834856,0.007546119244000598,0.007546119244000598,0.007526277974159328
2018-03-29,0.01553995508455203,0.01553995508455203,0.01552011381471076,-0.013515005802118476,-0.013515005802118476,-0.013534847071959746,-0.00414459858371493,-0.00414459858371493,-0.0041644398535561995,-0.009693866171867637,-0.009693866171867637,-0.009713707441708908,-0.0024434487549862254,-0.0024434487549862254,-0.0024632900248274955
2018-04-02,-0.00771818705555614,-0.006400005237374322,-0.0073512562583020755,-0.005331253560896067,-0.0033312535608960663,-0.004763656166756502,-0.0070740842993461325,-0.0043013570266188595,-0.006285877422817332,-0.009146373559864095,-0.006646373559864095,-0.008434456049919003,-0.004448572905906671,-0.0015394819968157618,-0.003664244739086223
2018-04-03,0.00029808381774614314,0.00029808381774614314,0.0002782425479048733,0.0014483810491191897,0.0014483810491191897,0.00142853977927792,-9.121454878445055e-05,-9.121454878445055e-05,-0.00011105581862572039,0.0033071018613376676,0.0033071018613376676,0.0032872605914963976,-0.0024760618767015337,-0.0024760618767015337,-0.0024959031465428038
2018-04-04,0.0006242115776766114,0.0006242115776766114,0.0006043703078353415,0.0012065015263371236,0.0012065015263371236,0.0011866602564958538,-0.003102177036554175,-0.003102177036554175,-0.003122018306395445,-0.00029345510403465,-0.00029345510403465,-0.0003132963738759198,-0.009396391002122535,-0.009396391002122535,-0.009416232271963806
2018-04-05,-8.166331713369197e-05,-8.166331713369197e-05,-0.00010150458697496181,0.0005508614761819534,0.0005508614761819534,0.0005310202063406836,0.005675896944404429,0.005675896944404429,0.00565605567456316,0.004045649540284053,0.004045649540284053,0.004025808270442783,0.006117606752992664,0.006117606752992664,0.0060977654831513945
2018-04-06,-0.009376994404470027,-0.009376994404470027,-0.009396835674311297,0.0031641050994922057,0.0031641050994922057,0.0031442638296509356,-0.007773903572740373,-0.007773903572740373,-0.0077937448425816425,-0.0023946927210046565,-0.0023946927210046565,-0.0024145339908459265,0.002262259186525616,0.002262259186525616,0.002242417916684346
2018-04-09,0.005808250068942722,0.005808250068942722,0.005788408799101453,-0.004720267556105977,-0.004720267556105977,-0.004740108825947246,0.002439190187569986,0.002439190187569986,0.002419348917728716,0.00034909483874546164,0.00034909483874546164,0.0003292535689041918,0.003832692812438043,0.003832692812438043,0.003812851542596773
2018-04-10,0.01038560873808124,0.01038560873808124,0.010365767468239969,0.0032030945611412256,0.0032030945611412256,0.0031832532912999555,-0.0016582434423563397,-0.0016582434423563397,-0.0016780847121976095,0.0006487851832762592,0.0006487851832762592,0.0006289439134349894,0.0026528339828239644,0.0026528339828239644,0.0026329927129826944
2018-04-11,-0.005169290968399869,-0.005169290968399869,-0.005189132238241139,0.007839715078878656,0.007839715078878656,0.007819873809037385,0.004564746398819256,0.004564746398819256,0.004544905128977986,0.00795954637966395,0.00795954637966395,0.007939705109822679,0.003169537212444345,0.003169537212444345,0.003149695942603075
2018-04-12,0.014896740442924222,0.014896740442924222,0.014876899173082951,-0.003074635548891266,-0.003074635548891266,-0.003094476818732536,0.0030607091616763997,0.0030607091616763997,0.0030408678918351297,-0.0018204358540970522,-0.0018204358540970522,-0.001840277123938322,0.001752788083001894,0.001752788083001894,0.001732946813160624
2018-04-13,-0.0030150113312578243,-0.0030150113312578243,-0.0030348526010990943,0.0007503661301264842,0.0007503661301264842,0.0007305248602852144,-0.0025625773538258405,-0.0025625773538258405,-0.0025824186236671105,0.003220946897187711,0.003220946897187711,0.003201105627346441,-0.004661531433239008,-0.004661531433239008,-0.004681372703080278
2018-04-16,-0.004072325362920419,-0.004072325362920419,-0.004092166632761689,0.0016916923539217533,0.0016916923539217533,0.0016718510840804835,-0.0003762614771745359,-0.0003762614771745359,-0.0003961027470158057,0.0002003161212582598,0.0002003161212582598,0.00018047485141698996,-0.0004486658786913213,-0.0004486658786913213,-0.0004685071485325911
2018-04-17,0.01391201211321937,0.01391201211321937,0.013892170843378099,-0.0076149171602573895,-0.0076149171602573895,-0.007634758430098659,-0.004710063854499908,-0.004710063854499908,-0.0047299051243411775,-0.00848234417096341,-0.00848234417096341,-0.00850218544080468,0.0022191291756976372,0.0022191291756976372,0.002199287905856367
2018-04-18,0.003151957477872387,0.003151957477872387,0.003132116208031117,0.002482057212234134,0.002482057212234134,0.002462215942392864,-0.00016673496531311935,-0.00016673496531311935,-0.0001865762351543892,0.0017269968435418151,0.0017269968435418151,0.0017071555737005453,0.0019048936466875375,0.0019048936466875375,0.0018850523768462676
2018-04-19,-0.0017364700940922296,-0.0017364700940922296,-0.0017563113639334994,-0.0019610451794870665,-0.0019610451794870665,-0.0019808864493283365,-0.0015325144303683343,-0.0015325144303683343,-0.0015523557002096041,-0.004925126566289252,-0.004925126566289252,-0.004944967836130521,-0.0020542789425982604,-0.0020542789425982604,-0.0020741202124395304
2018-04-20,-0.0008538559112384425,-0.0008538559112384425,-0.0008736971810797123,0.002084153818151181,0.002084153818151181,0.002064312548309911,0.001120719060240724,0.001120719060240724,0.0011008777903994541,0.0013447873537276978,0.0013447873537276978,0.001324946083886428,0.007840949076358825,0.007840949076358825,0.007821107806517555
2018-04-23,-0.011369051502082329,-0.011369051502082329,-0.011388892771923599,0.006806912712759302,0.006806912712759302,0.0067870714429180325,0.00111734984798143,0.00111734984798143,0.0010975085781401602,0.006331292884879009,0.006331292884879009,0.0063114516150377395,-0.005902069961233173,-0.005902069961233173,-0.005921911231074443
2018-04-24,-0.017962285799040578,-0.017962285799040578,-0.01798212706888185,0.0013161560659777866,0.0013161560659777866,0.0012963147961365168,-0.004876688271214501,-0.004876688271214501,-0.004896529541055771,0.002681228086178327,0.002681228086178327,0.002661386816337057,-0.00467580768996687,-0.00467580768996687,-0.004695648959808139
2018-04-25,-0.0031046574645826053,-0.0031046574645826053,-0.0031244987344238753,-0.00024161224324659105,-0.00024161224324659105,-0.00026145351308786086,-0.002921716028010411,-0.002921716028010411,-0.002941557297851681,-0.000885579586701663,-0.000885579586701663,-0.0009054208565429328,-0.0005577868440212286,-0.0005577868440212286,-0.0005776281138624984
2018-04-26,0.0015221891954721816,0.0015221891954721816,0.0015023479256309118,0.0015150232821607452,0.0015150232821607452,0.0014951820123194754,0.00023228755466122848,0.00023228755466122848,0.00021244628481995864,0.004571323352312334,0.004571323352312334,0.004551482082471065,-0.007094609844146699,-0.007094609844146699,-0.007114451113987968
2018-04-27,-0.01662242596414571,-0.01662242596414571,-0.01664226723398698,0.00626892872865784,0.00626892872865784,0.00624908745881657,-0.0020494112478785863,-0.0020494112478785863,-0.0020692525177198563,0.0038880324347227027,0.0038880324347227027,0.0038681911648814327,-0.00284296819858956,-0.00284296819858956,-0.00286280946843083
2018-04-30,-0.0015830864462557633,-0.0015830864462557633,-0.001602927716097033,-0.0034789375831914553,-0.0034789375831914553,-0.0034987788530327253,-0.002911592665747048,-0.002911592665747048,-0.002931433935588318,-0.0038788776685466913,-0.0038788776685466913,-0.0038987189383879613,0.0043285796709672366,0.0043285796709672366,0.004308738401125967
2018-05-01,-0.0009971156356666276,-8.802472657571878e-05,-0.0007570134730819674,2.7519842156661836e-05,0.0018911562057930256,0.0005541772739585272,-0.005771498705990349,-0.0029533168878085317,-0.004970872821236333,0.0040952585471788466,0.00686798581990612,0.004886750805155048,-0.007529653335575575,-0.004666016971939212,-0.006721812463840512
2018-05-02,0.0012747082455024426,0.0012747082455024426,0.0012548669756611728,0.005538897850116439,0.005538897850116439,0.0055190565802751695,-0.009509971133448807,-0.009509971133448807,-0.009529812403290077,-0.009126171891491338,-0.009126171891491338,-0.009146013161332608,-0.0009133898304703259,-0.0009133898304703259,-0.0009332311003115957
2018-05-03,0.020494130040466227,0.020494130040466227,0.020474288770624956,-0.014006542752373449,-0.014006542752373449,-0.014026384022214719,0.0050037818420835415,0.0050037818420835415,0.004983940572242272,-0.01132658387560371,-0.01132658387560371,-0.011346425145444981,-0.012192162421514115,-0.012192162421514115,-0.012212003691355385
2018-05-04,-0.004847014601145058,-0.004847014601145058,-0.004866855870986328,0.009210994186542441,0.009210994186542441,0.009191152916701171,-0.003042706539868212,-0.003042706539868212,-0.003062547809709482,0.0006455305242444153,0.0006455305242444153,0.0006256892544031455,-0.006818040760815474,-0.006818040760815474,-0.006837882030656744
2018-05-07,0.006889554362020389,0.006889554362020389,0.00686971309217912,0.0047984984757896,0.0047984984757896,0.004778657205948331,0.0004955719011389592,0.0004955719011389592,0.0004757306312976894,-0.0018190209442967816,-0.0018190209442967816,-0.0018388622141380514,0.0001915137530273367,0.0001915137530273367,0.00017167248318606686
2018-05-08,0.007640683192616313,0.007640683192616313,0.007620841922775044,-0.004463055016713991,-0.004463055016713991,-0.0044828962865552605,0.0021898062319917963,0.0021898062319917963,0.0021699649621505263,-0.0025640329051642057,-0.0025640329051642057,-0.0025838741750054757,0.001792693172482694,0.001792693172482694,0.0017728519026414243
2018-05-09,0.006018062247634659,0.006018062247634659,0.005998220977793389,0.0020649573785306114,0.0020649573785306114,0.0020451161086893414,-0.001285067376512244,-0.001285067376512244,-0.001304908646353514,-0.0049222504430052275,-0.0049222504430052275,-0.004942091712846497,-0.00900289811646719,-0.00900289811646719,-0.009022739386308461
2018-05-10,-0.0013832058095070584,-0.0013832058095070584,-0.0014030470793483282,0.0011985249319336883,0.0011985249319336883,0.0011786836620924185,-0.006795124362172649,-0.006795124362172649,-0.006814965632013919,0.00022753697710405714,0.00022753697710405714,0.0002076957072627873,-0.0031994475811240853,-0.0031994475811240853,-0.0032192888509653553
2018-05-11,0.01013713909623438,0.01013713909623438,0.01011729782639311,-0.013975687978255285,-0.013975687978255285,-0.013995529248096555,-0.0035797619467294317,-0.0035797619467294317,-0.0035996032165707017,-0.0006271420500829294,-0.0006271420500829294,-0.0006469833199241992,0.005843167704920478,0.005843167704920478,0.005823326435079208
2018-05-14,-0.0019320682727199008,-0.0019320682727199008,-0.0019519095425611706,0.007350994295859291,0.007350994295859291,0.007331153026018021,-0.0010789680098496732,-0.0010789680098496732,-0.001098809279690943,0.002009742535613259,0.002009742535613259,0.001989901265771989,-0.0018668631556835002,-0.0018668631556835002,-0.00188670442552477
2018-05-15,-0.0026484789253630207,-0.0026484789253630207,-0.0026683201952042907,0.0021578435570477825,0.0021578435570477825,0.0021380022872065124,-0.0032161195311560488,-0.0032161195311560488,-0.003235960800997319,-0.004998406695080454,-0.004998406695080454,-0.005018247964921723,0.000800159681706565,0.000800159681706565,0.0007803184118652952
2018-05-16,-0.006505568924112223,-0.006505568924112223,-0.006525410193953493,0.005628982401082276,0.005628982401082276,0.0056091411312410066,-0.011638531859962022,-0.011638531859962022,-0.011658373129803293,-0.001532513582848207,-0.001532513582848207,-0.001552354852689477,0.0018568368097516101,0.0018568368097516101,0.0018369955399103403
2018-05-17,-0.0010327228403851688,-0.0010327228403851688,-0.0010525641102264386,0.006076076638733109,0.006076076638733109,0.006056235368891839,0.0007653132778977076,0.0007653132778977076,0.0007454720080564377,0.005751270736922656,0.005751270736922656,0.005731429467081386,0.006315063214590832,0.006315063214590832,0.006295221944749563
2018-05-18,0.013008623016464547,0.013008623016464547,0.012988781746623277,-0.007408091240742825,-0.007408091240742825,-0.007427932510584095,0.005603741022510704,0.005603741022510704,0.005583899752669434,5.4806596465793765e-05,5.4806596465793765e-05,3.4965326624523924e-05,7.675171273214751e-06,7.675171273214751e-06,-1.216609856805509e-05
2018-05-21,0.004642695524647515,0.004642695524647515,0.004622854254806246,-0.0007774453549421321,-0.0007774453549421321,-0.0007972866247834019,0.0029207465793441956,0.0029207465793441956,0.0029009053095029255,0.0004887890837734095,0.0004887890837734095,0.0004689478139321397,0.0004459986123711946,0.0004459986123711946,0.0004261573425299247
2018-05-22,-0.006965316625655529,-0.006965316625655529,-0.006985157895496799,0.0056201379584536575,0.0056201379584536575,0.005600296688612388,-0.002895515982160555,-0.002895515982160555,-0.002915357252001825,0.00102393108934864,0.00102393108934864,0.0010040898195073703,-0.0033727125810588017,-0.0033727125810588017,-0.0033925538509000717
2018-05-23,0.00608787358948031,0.00608787358948031,0.00606803231963904,-0.008495192201155927,-0.008495192201155927,-0.008515033470997198,0.003248995409591316,0.003248995409591316,0.003229154139750046,0.001436543857391597,0.001436543857391597,0.0014167025875503271,-0.002634916298327009,-0.002634916298327009,-0.002654757568168279
2018-05-24,0.0053632875969812695,0.0053632875969812695,0.00534344632714,-0.006590939990239573,-0.006590939990239573,-0.006610781260080843,-0.0006537994570709474,-0.0006537994570709474,-0.0006736407269122172,-0.006349211388410419,-0.006349211388410419,-0.0063690526582516884,-0.00017109235053263143,-0.00017109235053263143,-0.00019093362037390127
2018-05-25,-0.008044770457382507,-0.008044770457382507,-0.008064611727223777,0.0026463698379126654,0.0026463698379126654,0.0026265285680713954,0.0031255975508380496,0.0031255975508380496,0.0031057562809967795,0.005366935411220411,0.005366935411220411,0.005347094141379141,0.0005119008874431719,0.0005119008874431719,0.0004920596176019021
2018-05-29,-0.0005115816745927641,-0.0005115816745927641,-0.0005314229444340339,-0.004234838849605963,-0.004234838849605963,-0.004254680119447233,-0.0025722917831872663,-0.0025722917831872663,-0.0025921330530285364,-0.002765053708485535,-0.002765053708485535,-0.002784894978326805,-0.0022613596148835105,-0.0022613596148835105,-0.0022812008847247806
2018-05-30,-0.002311639675988741,-0.002311639675988741,-0.002331480945830011,-0.0005714710102391,-0.0005714710102391,-0.0005913122800803698,0.0016226801156409786,0.0016226801156409786,0.0016028388457997088,0.0026356057592156253,0.0026356057592156253,0.0026157644893743553,0.005385592846668841,0.005385592846668841,0.005365751576827571
2018-05-31,0.002631157578782884,0.002631157578782884,0.002611316308941614,-0.004590863960457863,-0.004590863960457863,-0.004610705230299133,0.0077476917105352575,0.0077476917105352575,0.007727850440693988,0.0025226862462217536,0.0025226862462217536,0.0025028449763804836,0.0016925410544672104,0.0016925410544672104,0.0016726997846259405
2018-06-01,0.014300317776229076,0.015436681412592712,0.014614556066884032,-0.0069026495555853835,-0.004584467737403565,-0.006242445367257282,-0.00823385553366968,-0.005552037351851498,-0.007471488531913271,-0.011968239949580503,-0.00910460358594414,-0.011147941376116629,-0.006308906365342316,-0.003854360910796861,-0.005653413241645577
2018-06-04,-0.008950151705715623,-0.008950151705715623,-0.008969992975556893,0.008108758218171442,0.008108758218171442,0.008088916948330171,0.004181083721115002,0.004181083721115002,0.004161242451273733,0.005866786021315477,0.005866786021315477,0.005846944751474207,0.00632259180184641,0.00632259180184641,0.006302750532005141
2018-06-05,0.005445956320177412,0.005445956320177412,0.005426115050336143,-0.0032768193633882295,-0.0032768193633882295,-0.0032966606332294995,-0.007250776753079732,-0.007250776753079732,-0.007270618022921001,-0.002501261754206177,-0.002501261754206177,-0.002521103024047447,0.0007793817343365725,0.0007793817343365725,0.0007595404644953026
2018-06-06,-0.00020995029000699756,-0.00020995029000699756,-0.0002297915598482674,-0.0005640998230678072,-0.0005640998230678072,-0.0005839410929090771,-0.004470643441750345,-0.004470643441750345,-0.004490484711591615,-0.0024047747827636327,-0.0024047747827636327,-0.0024246160526049027,-0.0012141127920964456,-0.0012141127920964456,-0.0012339540619377154
2018-06-07,-0.014085497665502229,-0.014085497665502229,-0.014105338935343499,0.002267735682670134,0.002267735682670134,0.002247894412828864,0.00015561975083451198,0.00015561975083451198,0.00013577848099324214,0.0038726568397383417,0.0038726568397383417,0.0038528155698970717,0.002564060318595834,0.002564060318595834,0.002544219048754564
2018-06-08,-0.0004692292165711905,-0.0004692292165711905,-0.0004890704864124603,-0.0015134625848446837,-0.0015134625848446837,-0.0015333038546859535,-0.0020971628912758978,-0.0020971628912758978,-0.002117004161117168,0.0014020328750916126,0.0014020328750916126,0.0013821916052503427,-0.000794263994356597,-0.000794263994356597,-0.0008141052641978668
2018-06-11,-0.006539930147780291,-0.006539930147780291,-0.00655977141762156,0.0021151227628687765,0.0021151227628687765,0.0020952814930275065,-0.000256240216498156,-0.000256240216498156,-0.00027608148633942583,0.0012375727881642966,0.0012375727881642966,0.0012177315183230268,-0.0002922814759856049,-0.0002922814759856049,-0.0003121227458268747
2018-06-12,-8.83458190539632e-05,-8.83458190539632e-05,-0.00010818708889523304,-0.0013072668366128403,-0.0013072668366128403,-0.00132710810645411,0.0024257138161847204,0.0024257138161847204,0.0024058725463434504,0.002483319861815868,0.002483319861815868,0.002463478591974598,0.006897511084795806,0.006897511084795806,0.0068776698149545365
2018-06-13,0.00033325712990835555,0.00033325712990835555,0.00031341586006708574,-0.0026252130767960794,-0.0026252130767960794,-0.0026450543466373494,-0.006937207441313054,-0.006937207441313054,-0.006957048711154323,-0.012045108007196208,-0.012045108007196208,-0.012064949277037478,-0.008102460828828257,-0.008102460828828257,-0.008122302098669527
2018-06-14,-0.004142331728969837,-0.004142331728969837,-0.004162172998811106,0.001374229854129421,0.001374229854129421,0.0013543885842881513,0.0024397921533191743,0.0024397921533191743,0.0024199508834779043,0.0016639002241976568,0.0016639002241976568,0.001644058954356387,-8.418580277644869e-05,-8.418580277644869e-05,-0.00010402707261771853
2018-06-15,-0.007569946888045975,-0.007569946888045975,-0.007589788157887244,0.002504750107275303,0.002504750107275303,0.002484908837434033,-0.006490839104053507,-0.006490839104053507,-0.006510680373894777,0.0003690276277789865,0.0003690276277789865,0.0003491863579377167,-0.004820436758721269,-0.004820436758721269,-0.0048402780285625386
2018-06-18,0.008569212949493376,0.008569212949493376,0.008549371679652105,-0.009226642126627629,-0.009226642126627629,-0.0092464833964689,-0.002150022582914874,-0.002150022582914874,-0.002169863852756144,-0.010046893206017406,-0.010046893206017406,-0.010066734475858676,0.0006028949241998916,0.0006028949241998916,0.0005830536543586218
2018-06-19,-0.009348586045290933,-0.009348586045290933,-0.009368427315132204,0.001174329660873282,0.001174329660873282,0.0011544883910320123,0.004060854975305712,0.004060854975305712,0.0040410137054644425,0.005038728182314449,0.005038728182314449,0.00501888691247318,6.933227738364689e-05,6.933227738364689e-05,4.9491007542377046e-05
2018-06-20,-0.005634354265657418,-0.005634354265657418,-0.005654195535498688,0.003649590112533577,0.003649590112533577,0.003629748842692307,-1.7323252810225523e-07,-1.7323252810225523e-07,-2.0014502369372096e-05,0.0017606093048174432,0.0017606093048174432,0.0017407680349761734,0.0002671456199513141,0.0002671456199513141,0.0002473043501100443
2018-06-21,-0.005817225277544906,-0.005817225277544906,-0.005837066547386176,8.753320757539946e-05,8.753320757539946e-05,6.769193773412962e-05,0.0017528572133665328,0.0017528572133665328,0.001733015943525263,0.006050524144947596,0.006050524144947596,0.006030682875106327,0.003177622194832767,0.003177622194832767,0.003157780924991497
2018-06-22,-0.018840028790399803,-0.018840028790399803,-0.018859870060241073,0.009081525217549142,0.009081525217549142,0.009061683947707871,0.00743874900290821,0.00743874900290821,0.00741890773306694,0.011842741463561322,0.011842741463561322,0.011822900193720051,0.004248805327928162,0.004248805327928162,0.004228964058086892
2018-06-25,-0.023729587569288176,-0.023729587569288176,-0.023749428839129446,0.00438130863172937,0.00438130863172937,0.0043614673618881,-0.006381628014566512,-0.006381628014566512,-0.006401469284407782,0.006142637169946069,0.006142637169946069,0.006122795900104799,-0.007121620271691997,-0.007121620271691997,-0.007141461541533267
2018-06-26,0.006063324322758933,0.006063324322758933,0.006043483052917663,-0.004185125407904672,-0.004185125407904672,-0.004204966677745942,0.00014894101469217574,0.00014894101469217574,0.0001290997448509059,-0.003597864267754073,-0.003597864267754073,-0.003617705537595343,0.0013765026720355018,0.0013765026720355018,0.001356661402194232
2018-06-27,-0.007199193516720777,-0.007199193516720777,-0.0072190347865620464,-0.00546278890238699,-0.00546278890238699,-0.00548263017222826,0.003631386717513167,0.003631386717513167,0.003611545447671897,0.0013971127156243608,0.0013971127156243608,0.001377271445783091,0.002442696510391205,0.002442696510391205,0.002422855240549935
2018-06-28,0.004226437106003735,0.004226437106003735,0.004206595836162465,-0.006738155581730491,-0.006738155581730491,-0.006757996851571761,-0.003442506289514621,-0.003442506289514621,-0.003462347559355891,-0.0038674229423653235,-0.0038674229423653235,-0.0038872642122065935,0.00181500500833363,0.00181500500833363,0.0017951637384923602
2018-06-29,0.004664931525277858,0.004664931525277858,0.004645090255436589,-0.0008988677224722743,-0.0008988677224722743,-0.0009187089923135441,0.007954755207422571,0.007954755207422571,0.0079349139375813,0.0010943893801229922,0.0010943893801229922,0.0010745481102817224,0.003535185906907926,0.003535185906907926,0.003515344637066656
2018-07-02,0.001249904841413236,0.0021589957505041453,0.0014914471744153673,-0.005133171699788256,-0.0031786262452428013,-0.004576295076747959,0.0004262175714304121,0.0030625812077940484,0.0006425126388181995,-0.005215520423843023,-0.0024882476965702952,-0.004621440041188655,-0.0015323744357738172,0.0011039892005898192,-0.0013148198092189157
2018-07-03,-0.012023815179888622,-0.012023815179888622,-0.012043656449729892,0.008223819471948656,0.008223819471948656,0.008203978202107385,0.0002566407033987711,0.0002566407033987711,0.00023679943355750128,0.007075969189665105,0.007075969189665105,0.007056127919823836,0.007378988055610227,0.007378988055610227,0.007359146785768957
2018-07-05,-0.00900533682863821,-0.00900533682863821,-0.00902517809847948,0.006662157097542475,0.006662157097542475,0.0066423158277012055,0.0020361476122584066,0.0020361476122584066,0.0020163063424171366,0.00542719838054433,0.00542719838054433,0.00540735711070306,-0.0007241186337489797,-0.0007241186337489797,-0.0007439599035902495
2018-07-06,-0.0017636985136998836,-0.0017636985136998836,-0.0017835397835411534,0.002244818952517807,0.002244818952517807,0.0022249776826765368,-0.00011653474227394864,-0.00011653474227394864,-0.00013637601211521848,-0.001996544339067049,-0.001996544339067049,-0.002016385608908319,-0.004121389329418279,-0.004121389329418279,-0.004141230599259548
2018-07-09,0.0063059426880199216,0.0063059426880199216,0.006286101418178652,0.0040855242410088675,0.0040855242410088675,0.004065682971167598,0.0025586272577525645,0.0025586272577525645,0.0025387859879112944,0.006369180662664233,0.006369180662664233,0.006349339392822963,-0.0014432292603362537,-0.0014432292603362537,-0.0014630705301775235
2018-07-10,0.007931766094944653,0.007931766094944653,0.007911924825103382,-0.007034410446734985,-0.007034410446734985,-0.007054251716576255,-0.004741688564599526,-0.004741688564599526,-0.0047615298344407956,-0.009021354412956355,-0.009021354412956355,-0.009041195682797626,-0.004628868341150473,-0.004628868341150473,-0.0046487096109917424
2018-07-11,-0.0028353729795549676,-0.0028353729795549676,-0.0028552142493962376,-0.012322143726006492,-0.012322143726006492,-0.012341984995847762,0.0039022111927245117,0.0039022111927245117,0.0038823699228832417,-0.00808944217535738,-0.00808944217535738,-0.00810928344519865,0.0013803641172135221,0.0013803641172135221,0.0013605228473722523
2018-07-12,0.011311777376461343,0.011311777376461343,0.011291936106620073,-0.007831146986738794,-0.007831146986738794,-0.007850988256580064,0.0029693935584394126,0.0029693935584394126,0.0029495522885981426,-0.006713732803505634,-0.006713732803505634,-0.006733574073346903,-0.002840626326743636,-0.002840626326743636,-0.002860467596584906
2018-07-13,0.00440689347782236,0.00440689347782236,0.0043870522079810905,0.0001900422485660709,0.0001900422485660709,0.00017020097872480106,-0.0022024876713860808,-0.0022024876713860808,-0.002222328941227351,-0.0018129176214385593,-0.0018129176214385593,-0.001832758891279829,-0.0011763425496461389,-0.0011763425496461389,-0.0011961838194874087
2018-07-16,0.003015921328069075,0.003015921328069075,0.002996080058227805,-0.00030932412953591903,-0.00030932412953591903,-0.00032916539937718884,-0.001487442897861243,-0.001487442897861243,-0.001507284167702513,-0.00015423224797174082,-0.00015423224797174082,-0.00017407351781301066,-0.0014563618921143665,-0.0014563618921143665,-0.0014762031619556363
2018-07-17,0.006530859141021261,0.006530859141021261,0.006511017871179991,-0.002082288180533579,-0.002082288180533579,-0.002102129450374849,0.00024074538712317661,0.00024074538712317661,0.00022090411728190677,-0.00020558973029699253,-0.00020558973029699253,-0.00022543100013826237,-0.0028212405983657277,-0.0028212405983657277,-0.0028410818682069977
2018-07-18,0.010972695576994783,0.010972695576994783,0.010952854307153512,-0.007468796898918807,-0.007468796898918807,-0.007488638168760077,0.0015380307874014402,0.0015380307874014402,0.0015181895175601704,-0.0038700996630560073,-0.0038700996630560073,-0.0038899409328972774,-0.002629448212079023,-0.002629448212079023,-0.002649289481920293
2018-07-19,-0.002936453408717793,-0.002936453408717793,-0.002956294678559063,0.0012176283721590546,0.0012176283721590546,0.0011977871023177847,-0.0006765235080807106,-0.0006765235080807106,-0.0006963647779219804,-0.002329335129895703,-0.002329335129895703,-0.002349176399736973,0.004709377503989091,0.004709377503989091,0.004689536234147821
2018-07-20,0.0023891123706315195,0.0023891123706315195,0.0023692711007902495,-0.006776207524734033,-0.006776207524734033,-0.006796048794575303,0.0022720318004166616,0.0022720318004166616,0.0022521905305753916,-0.0029653555595841544,-0.0029653555595841544,-0.0029851968294254245,0.001977726268031027,0.001977726268031027,0.001957884998189757
2018-07-23,-0.004599977742251672,-0.004599977742251672,-0.004619819012092942,0.001370520714990051,0.001370520714990051,0.0013506794451487811,0.002781207151017552,0.002781207151017552,0.002761365881176282,0.002546614379518599,0.002546614379518599,0.002526773109677329,0.002040007416417986,0.002040007416417986,0.002020166146576716
2018-07-24,-0.00016787046176809,-0.00016787046176809,-0.00018771173160935984,0.002345277969555034,0.002345277969555034,0.002325436699713764,0.0012008058675559057,0.0012008058675559057,0.0011809645977146359,0.004407036113203228,0.004407036113203228,0.004387194843361958,0.0003087595817525147,0.0003087595817525147,0.00028891831191124487
2018-07-25,0.0178310040788457,0.0178310040788457,0.017811162809004428,-0.015130849289188942,-0.015130849289188942,-0.015150690559030212,0.00182990715612514,0.00182990715612514,0.00181006588628387,-0.016233530910157046,-0.016233530910157046,-0.016253372179998317,0.0005091512486389183,0.0005091512486389183,0.0004893099787976485
2018-07-26,-0.006566527559391086,-0.006566527559391086,-0.006586368829232356,0.011500182185633675,0.011500182185633675,0.011480340915792404,-0.003473234151756421,-0.003473234151756421,-0.0034930754215976912,0.008012102568975093,0.008012102568975093,0.007992261299133822,-0.0016103587664001093,-0.0016103587664001093,-0.001630200036241379
2018-07-27,-0.01631737881125962,-0.01631737881125962,-0.01633722008110089,0.017403025410790033,0.017403025410790033,0.017383184140948763,-0.0017015422209704077,-0.0017015422209704077,-0.0017213834908116775,0.01734744352553847,0.01734744352553847,0.0173276022556972,0.0018266284001057609,0.0018266284001057609,0.001806787130264491
2018-07-30,-0.018451093364921633,-0.018451093364921633,-0.018470934634762903,0.018577741392314343,0.018577741392314343,0.018557900122473072,-0.0029028937389872396,-0.0029028937389872396,-0.0029227350088285096,0.017838829316016547,0.017838829316016547,0.017818988046175276,0.004790270645781067,0.004790270645781067,0.004770429375939797
2018-07-31,-0.0055412721807864855,-0.0055412721807864855,-0.005561113450627755,-0.0010152918365662882,-0.0010152918365662882,-0.001035133106407558,-0.008074774216555222,-0.008074774216555222,-0.008094615486396492,-0.0016866376790113553,-0.0016866376790113553,-0.0017064789488526251,-0.005773392427617407,-0.005773392427617407,-0.005793233697458677
2018-08-01,0.003209821127531647,0.004346184763895283,0.0035234637142567307,-0.012627488598420566,-0.010718397689329657,-0.01210186481859213,-0.002901545546038516,7.545363052393781e-06,-0.002072473471506213,-0.006550814152922075,-0.004050814152922074,-0.005836079565532069,0.0014508942859260353,0.004405439740471489,0.002295361372316289
2018-08-02,0.013639037178532012,0.013639037178532012,0.013619195908690741,-0.0030772382816870694,-0.0030772382816870694,-0.0030970795515283395,-0.0039002130465130395,-0.0039002130465130395,-0.003920054316354309,-0.005105802065282335,-0.005105802065282335,-0.005125643335123604,0.0010406486701436731,0.0010406486701436731,0.0010208074003024033
2018-08-03,-0.006046301759958137,-0.006046301759958137,-0.006066143029799406,0.002034292931267605,0.002034292931267605,0.002014451661426335,0.0007379147585268061,0.0007379147585268061,0.0007180734886855363,0.0015647713774211076,0.0015647713774211076,0.0015449301075798377,0.002630812329714801,0.002630812329714801,0.002610971059873531
2018-08-06,0.009730590189541283,0.009730590189541283,0.009710748919700012,-0.0058234118125048626,-0.0058234118125048626,-0.005843253082346132,-0.0037749922130831974,-0.0037749922130831974,-0.0037948334829244674,-0.008952772741581426,-0.008952772741581426,-0.008972614011422696,-0.004933043583057586,-0.004933043583057586,-0.004952884852898856
2018-08-07,0.017013584410013126,0.017013584410013126,0.016993743140171855,-0.0073019888990630884,-0.0073019888990630884,-0.007321830168904358,0.008078504844707131,0.008078504844707131,0.00805866357486586,-0.004330489503452469,-0.004330489503452469,-0.004350330773293738,0.005175137920284845,0.005175137920284845,0.005155296650443575
2018-08-08,0.010315603909941483,0.010315603909941483,0.010295762640100212,-0.0038109289544988167,-0.0038109289544988167,-0.0038307702243400867,0.0015802248823921232,0.0015802248823921232,0.0015603836125508534,-0.003197443261727096,-0.003197443261727096,-0.003217284531568366,-0.005377200017626859,-0.005377200017626859,-0.005397041287468128
2018-08-09,0.006154636956231712,0.006154636956231712,0.006134795686390442,-0.0025767884603160223,-0.0025767884603160223,-0.0025966297301572923,-0.0028644928174952743,-0.0028644928174952743,-0.0028843340873365444,-0.006124895749898193,-0.006124895749898193,-0.006144737019739463,-0.003896761430885424,-0.003896761430885424,-0.003916602700726694
2018-08-10,0.004492082948086427,0.004492082948086427,0.004472241678245157,-0.00411148622819704,-0.00411148622819704,-0.00413132749803831,-0.010920145394685275,-0.010920145394685275,-0.010939986664526545,-0.01425591393589121,-0.01425591393589121,-0.01427575520573248,-0.013162407008769719,-0.013162407008769719,-0.013182248278610989
2018-08-13,0.004008396797082082,0.004008396797082082,0.003988555527240812,-0.008893943956403602,-0.008893943956403602,-0.008913785226244872,0.0063562519053212245,0.0063562519053212245,0.006336410635479955,-0.004058629507817728,-0.004058629507817728,-0.004078470777658998,0.005841874840657148,0.005841874840657148,0.005822033570815879
2018-08-14,0.005889588421613436,0.005889588421613436,0.005869747151772167,0.0026091016155476046,0.0026091016155476046,0.0025892603457063346,-0.001243437147340465,-0.001243437147340465,-0.0012632784171817347,0.0006213204169809583,0.0006213204169809583,0.0006014791471396885,0.0016859317111620926,0.0016859317111620926,0.0016660904413208228
2018-08-15,-0.018841082324813286,-0.018841082324813286,-0.018860923594654556,0.0015167728042845634,0.0015167728042845634,0.0014969315344432936,-0.0003483864094649912,-0.0003483864094649912,-0.00036822767930626103,0.00550425839600299,0.00550425839600299,0.00548441712616172,0.002839351611651747,0.002839351611651747,0.002819510341810477
2018-08-16,-0.008924876036208338,-0.008924876036208338,-0.008944717306049609,0.001452399766894034,0.001452399766894034,0.0014325584970527642,-0.0023081560781119097,-0.0023081560781119097,-0.0023279973479531798,0.0035283227634654002,0.0035283227634654002,0.00350848149362413,-3.1061365851974346e-05,-3.1061365851974346e-05,-5.090263569324419e-05
2018-08-17,-0.0055181987691939735,-0.0055181987691939735,-0.005538040039035243,0.00040793031201005726,0.00040793031201005726,0.00038808904216878744,0.0005802446592748694,0.0005802446592748694,0.0005604033894335996,0.0033424760813199695,0.0033424760813199695,0.0033226348114786994,0.0017034378994672298,0.0017034378994672298,0.00168359662962596
2018-08-20,0.002462483114636595,0.002462483114636595,0.002442641844795325,0.006981682503499152,0.006981682503499152,0.006961841233657883,-0.0039397998663047796,-0.0039397998663047796,-0.003959641136146049,-0.00012700800066979198,-0.00012700800066979198,-0.00014684927051106182,-0.0053296422830487414,-0.0053296422830487414,-0.005349483552890011
2018-08-21,0.004895545405337621,0.004895545405337621,0.004875704135496352,0.001991837537273202,0.001991837537273202,0.001971996267431932,-0.004164229131655619,-0.004164229131655619,-0.0041840704014968885,0.0041468582168578735,0.0041468582168578735,0.004127016947016604,-0.002382444007834374,-0.002382444007834374,-0.002402285277675644
2018-08-22,0.012133146327639763,0.012133146327639763,0.012113305057798493,-0.007276234124100003,-0.007276234124100003,-0.007296075393941273,0.0024610449902407456,0.0024610449902407456,0.0024412037203994756,-0.0075587150896763815,-0.0075587150896763815,-0.007578556359517651,0.00013854590357124583,0.00013854590357124583,0.00011870463372997599
2018-08-23,0.012128831198930002,0.012128831198930002,0.012108989929088732,-0.00795841503857486,-0.00795841503857486,-0.00797825630841613,-0.00023639489453664096,-0.00023639489453664096,-0.00025623616437791077,-0.01188206006273951,-0.01188206006273951,-0.01190190133258078,-0.0024625071205745027,-0.0024625071205745027,-0.0024823483904157727
2018-08-24,0.0032105004791377735,0.0032105004791377735,0.0031906592092965035,0.0032278727049732574,0.0032278727049732574,0.0032080314351319874,0.0012601615407472743,0.0012601615407472743,0.0012403202709060045,-0.0021039590304455687,-0.0021039590304455687,-0.0021238003002868387,0.006301436562483352,0.006301436562483352,0.0062815952926420825
2018-08-27,-0.009483224345336204,-0.009483224345336204,-0.009503065615177475,0.011353753340101904,0.011353753340101904,0.011333912070260634,-0.003806660272097029,-0.003806660272097029,-0.003826501541938299,0.00778345337749504,0.00778345337749504,0.00776361210765377,0.001224954952497203,0.001224954952497203,0.0012051136826559331
2018-08-28,-0.0019466043000367634,-0.0019466043000367634,-0.0019664455698780335,0.004277444000749003,0.004277444000749003,0.004257602730907734,0.0011229250129203812,0.0011229250129203812,0.0011030837430791114,0.0019178596495515862,0.0019178596495515862,0.0018980183797103164,-0.0015325001165071824,-0.0015325001165071824,-0.0015523413863484522
2018-08-29,-0.0001219148562842438,-0.0001219148562842438,-0.00014175612612551364,-0.0005079807247086936,-0.0005079807247086936,-0.0005278219945499634,-0.0004379964065381305,-0.0004379964065381305,-0.0004578376763794003,-0.0022021004757009103,-0.0022021004757009103,-0.0022219417455421804,0.0002619462465728073,0.0002619462465728073,0.00024210497673153746
2018-08-30,0.0027619708283885243,0.0027619708283885243,0.0027421295585472543,-0.005689426155251516,-0.005689426155251516,-0.005709267425092785,-0.0010850689519642364,-0.0010850689519642364,-0.0011049102218055062,-0.00666287441549368,-0.00666287441549368,-0.00668271568533495,-0.0019766121910984877,-0.0019766121910984877,-0.0019964534609397577
2018-08-31,0.0061852222268865605,0.0061852222268865605,0.006165380957045291,-0.0030861829149228803,-0.0030861829149228803,-0.0031060241847641504,0.0017321363240597365,0.0017321363240597365,0.0017122950542184667,-0.0031272942563922205,-0.0031272942563922205,-0.0031471355262334905,-0.00046824815144807554,-0.00046824815144807554,-0.00048808942128934535
2018-09-04,0.009617936785829418,0.010663391331283963,0.009906482779347695,-0.008298508219357426,-0.006253053673902881,-0.007744174611182065,-0.005833234523543596,-0.0032423254326345054,-0.005098885508946887,-0.01373895062309859,-0.011148041532189498,-0.012996523531586422,-0.005475743697218045,-0.0026121073335816825,-0.0046597801931137
2018-09-05,-0.02038979870002333,-0.02038979870002333,-0.020409639969864602,0.0034932478190188325,0.0034932478190188325,0.0034734065491775624,0.010667282965288915,0.010667282965288915,0.010647441695447644,0.01291271404753521,0.01291271404753521,0.01289287277769394,0.011715205961735899,0.011715205961735899,0.011695364691894628
2018-09-06,0.0006825144846232208,0.0006825144846232208,0.000662673214781951,-0.006083826807094552,-0.006083826807094552,-0.006103668076935822,0.004160445933471363,0.004160445933471363,0.004140604663630094,-0.002969180278198172,-0.002969180278198172,-0.002989021548039442,-0.0005630476994833985,-0.0005630476994833985,-0.0005828889693246683
2018-09-07,-0.0008386533083568303,-0.0008386533083568303,-0.0008584945781981001,-0.001857720541798646,-0.001857720541798646,-0.001877561811639916,0.0011754947154776233,0.0011754947154776233,0.0011556534456363535,-0.0016770048207805036,-0.0016770048207805036,-0.0016968460906217734,-9.691720769102472e-05,-9.691720769102472e-05,-0.00011675847753229456
2018-09-10,0.007763830232978913,0.007763830232978913,0.007743988963137644,-0.0006080085248441788,-0.0006080085248441788,-0.0006278497946854486,0.0005678059525394666,0.0005678059525394666,0.0005479646826981968,-0.0007495450976282127,-0.0007495450976282127,-0.0007693863674694825,0.005423240218798225,0.005423240218798225,0.005403398948956956
2018-09-11,0.006300995905590412,0.006300995905590412,0.006281154635749142,-0.007809692103766263,-0.007809692103766263,-0.007829533373607533,7.480252432720492e-05,7.480252432720492e-05,5.496125448593508e-05,-0.006296134101675944,-0.006296134101675944,-0.006315975371517213,-0.0019507617531750634,-0.0019507617531750634,-0.0019706030230163332
2018-09-12,-0.007598425323226466,-0.007598425323226466,-0.007618266593067736,-0.0010272897038244504,-0.0010272897038244504,-0.0010471309736657202,-0.006748602090931269,-0.006748602090931269,-0.0067684433607725384,-0.000780708960694992,-0.000780708960694992,-0.0008005502305362618,-0.00413669761349386,-0.00413669761349386,-0.004156538883335129
2018-09-13,-0.0034962432103698682,-0.0034962432103698682,-0.0035160844802111383,-0.0014131812903366893,-0.0014131812903366893,-0.001433022560177959,0.003931338160909169,0.003931338160909169,0.0039114968910679,0.0025383298899202523,0.0025383298899202523,0.0025184886200789822,-0.0006092080902490387,-0.0006092080902490387,-0.0006290493600903085
2018-09-14,4.9643914226137325e-05,4.9643914226137325e-05,2.9802644384867487e-05,0.0060160812260594936,0.0060160812260594936,0.005996239956218224,0.0035414666599477796,0.0035414666599477796,0.0035216253901065096,0.005683367648051916,0.005683367648051916,0.005663526378210646,0.006240804475956037,0.006240804475956037,0.006220963206114767
2018-09-17,-0.013224961254014653,-0.013224961254014653,-0.013244802523855924,0.005132567794672447,0.005132567794672447,0.005112726524831177,0.0007650180872315869,0.0007650180872315869,0.0007451768173903171,0.003375078078611707,0.003375078078611707,0.003355236808770437,-0.00019012422955451804,-0.00019012422955451804,-0.00020996549939578788
2018-09-18,0.006021421984114165,0.006021421984114165,0.0060015807142728955,-0.002057711860977991,-0.002057711860977991,-0.002077553130819261,0.0018257342075883361,0.0018257342075883361,0.0018058929377470663,-0.0003554146222029789,-0.0003554146222029789,-0.0003752558920442487,0.0005746635949976148,0.0005746635949976148,0.0005548223251563449
2018-09-19,-0.016245893948382745,-0.016245893948382745,-0.016265735218224015,0.007218729472304817,0.007218729472304817,0.007198888202463547,0.000605491249072831,0.000605491249072831,0.0005856499792315612,0.013381251947821911,0.013381251947821911,0.013361410677980641,0.009422931685211416,0.009422931685211416,0.009403090415370146
2018-09-20,-0.0026677499689980785,-0.0026677499689980785,-0.0026875912388393485,0.0013430710847801,0.0013430710847801,0.0013232298149388302,-0.0014454627489556156,-0.0014454627489556156,-0.0014653040187968854,0.004713913802584187,0.004713913802584187,0.004694072532742917,0.002493656925249507,0.002493656925249507,0.002473815655408237
2018-09-21,-0.0018546602359420874,-0.0018546602359420874,-0.0018745015057833572,0.0018407637103817762,0.0018407637103817762,0.0018209224405405064,-0.0016677058800322383,-0.0016677058800322383,-0.001687547149873508,0.00042721843565314945,0.00042721843565314945,0.00040737716581187963,0.0034361898466179113,0.0034361898466179113,0.0034163485767766412
2018-09-24,0.022007176585635085,0.022007176585635085,0.021987335315793815,-0.012203812810237405,-0.012203812810237405,-0.012223654080078675,0.00043246674099182503,0.00043246674099182503,0.0004126254711505552,-0.013675545855441798,-0.013675545855441798,-0.013695387125283068,-0.0026796421115612675,-0.0026796421115612675,-0.0026994833814025375
2018-09-25,0.01491297757945907,0.01491297757945907,0.0148931363096178,-0.006255421564682254,-0.006255421564682254,-0.006275262834523523,0.004597991787564328,0.004597991787564328,0.0045781505177230584,-0.005504092412972483,-0.005504092412972483,-0.0055239336828137526,0.0028359782478890212,0.0028359782478890212,0.002816136978047751
2018-09-26,-0.00017322782269855628,-0.00017322782269855628,-0.00019306909253982612,-0.002119956443327504,-0.002119956443327504,-0.002139797713168774,0.0026090495776442736,0.0026090495776442736,0.0025892083078030035,-0.0014277778358106896,-0.0014277778358106896,-0.0014476191056519594,0.001139871176904062,0.001139871176904062,0.001120029907062792
2018-09-27,-0.00042850762346574914,-0.00042850762346574914,-0.00044834889330701896,-0.0017735549657069793,-0.0017735549657069793,-0.0017933962355482491,-0.0005520896809048963,-0.0005520896809048963,-0.0005719309507461662,-0.0025242225661264847,-0.0025242225661264847,-0.0025440638359677547,-0.0010357502317913153,-0.0010357502317913153,-0.0010555915016325851
2018-09-28,0.0018344465941692537,0.0018344465941692537,0.001814605324327984,-0.0019403781965389947,-0.0019403781965389947,-0.0019602194663802647,0.0029138637559458103,0.0029138637559458103,0.0028940224861045403,-0.004364746815807543,-0.004364746815807543,-0.004384588085648813,-0.0004892983909259447,-0.0004892983909259447,-0.0005091396607672145
2018-10-01,-0.002236080561423704,-0.0012815351068782494,-0.0019738958924616907,-0.005949137251552326,-0.004176409978825054,-0.005544610361308149,-0.0002682821286331327,0.002322626962275958,0.00019113343718310763,-0.009379041991715308,-0.006833587446260764,-0.008747728580551301,-0.0002116958864474875,0.002470122295370694,0.0002752572898005589
2018-10-02,-0.019225058985467197,-0.019225058985467197,-0.019244900255308468,0.004335883997955779,0.004335883997955779,0.00431604272811451,-0.0044377224938523,-0.0044377224938523,-0.00445756376369357,0.0022897248936362977,0.0022897248936362977,0.0022698836237950277,-0.002328259787095857,-0.002328259787095857,-0.002348101056937127
2018-10-03,0.003824080611595595,0.003824080611595595,0.003804239341754325,0.0062293026487603,0.0062293026487603,0.00620946137891903,0.0019156950636347262,0.0019156950636347262,0.0018958537937934564,0.002459023324913709,0.002459023324913709,0.002439182055072439,-0.002042284680741012,-0.002042284680741012,-0.002062125950582282
2018-10-04,-0.014765059683857697,-0.014765059683857697,-0.014784900953698967,-6.655245918743037e-05,-6.655245918743037e-05,-8.639372902870021e-05,-0.002878266574637542,-0.002878266574637542,-0.002898107844478812,-0.0022379482406156763,-0.0022379482406156763,-0.0022577895104569463,0.0005729771577484453,0.0005729771577484453,0.0005531358879071755
2018-10-05,-0.00019722674178171678,-0.00019722674178171678,-0.00021706801162298662,-0.0008076035820557907,-0.0008076035820557907,-0.0008274448518970605,0.005714561576674612,0.005714561576674612,0.005694720306833342,-0.008539245486907852,-0.008539245486907852,-0.008559086756749122,-0.004541056753310116,-0.004541056753310116,-0.004560898023151385
2018-10-08,-0.01976555739579638,-0.01976555739579638,-0.019785398665637652,0.00727003477001427,0.00727003477001427,0.0072501935001730005,-0.003669027479799234,-0.003669027479799234,-0.003688868749640504,0.007084836643242951,0.007084836643242951,0.007064995373401681,0.0015639812827963927,0.0015639812827963927,0.001544140012955123
2018-10-09,0.011784094976035255,0.011784094976035255,0.011764253706193984,-0.01261837310607594,-0.01261837310607594,-0.01263821437591721,-0.00035973140935439377,-0.00035973140935439377,-0.0003795726791956636,-0.007116844183975533,-0.007116844183975533,-0.007136685453816803,-0.0018966206735976272,-0.0018966206735976272,-0.001916461943438897
2018-10-10,-0.028137924260175532,-0.028137924260175532,-0.028157765530016803,0.012870467703184334,0.012870467703184334,0.012850626433343063,0.0027026689811132064,0.0027026689811132064,0.0026828277112719364,0.014125945566648375,0.014125945566648375,0.014106104296807104,-0.003464533692072499,-0.003464533692072499,-0.003484374961913769
2018-10-11,0.0053828916971455495,0.0053828916971455495,0.00536305042730428,-0.0012135128846556516,-0.0012135128846556516,-0.0012333541544969214,-0.007732911482490809,-0.007732911482490809,-0.0077527527523320785,-0.0014349553135125197,-0.0014349553135125197,-0.0014547965833537895,0.0021278721036446318,0.0021278721036446318,0.0021080308338033617
2018-10-12,0.024355945165260826,0.024355945165260826,0.024336103895419556,-0.01604109060407844,-0.01604109060407844,-0.01606093187391971,-0.0006235291446332004,-0.0006235291446332004,-0.0006433704144744702,-0.011944680177590572,-0.011944680177590572,-0.011964521447431842,-0.0053220041267967085,-0.0053220041267967085,-0.005341845396637978
2018-10-15,-0.01398372832462379,-0.01398372832462379,-0.014003569594465061,0.010282984078607053,0.010282984078607053,0.010263142808765783,-0.010633604237227093,-0.010633604237227093,-0.010653445507068364,0.004004556950747354,0.004004556950747354,0.003984715680906085,-0.004369012293108853,-0.004369012293108853,-0.004388853562950123
2018-10-16,0.009760384051834088,0.009760384051834088,0.009740542781992817,-0.007438838718965998,-0.007438838718965998,-0.007458679988807268,0.00340488614180355,0.00340488614180355,0.00338504487196228,-0.0011374020943010661,-0.0011374020943010661,-0.001157243364142336,0.0006674520017780104,0.0006674520017780104,0.0006476107319367406
2018-10-17,-0.006422008574257792,-0.006422008574257792,-0.006441849844099062,0.0012531556552416799,0.0012531556552416799,0.00123331438540041,0.0013692952946118557,0.0013692952946118557,0.001349454024770586,0.0016059011932093763,0.0016059011932093763,0.0015860599233681065,-0.0014224646926714042,-0.0014224646926714042,-0.001442305962512674
2018-10-18,0.0019667935447584594,0.0019667935447584594,0.0019469522749171895,-0.004425413527648078,-0.004425413527648078,-0.004445254797489347,-0.0009750911344993578,-0.0009750911344993578,-0.0009949324043406276,-0.007459254076574889,-0.007459254076574889,-0.007479095346416159,-0.004736824191385103,-0.004736824191385103,-0.004756665461226372
2018-10-19,-0.026680762422087136,-0.026680762422087136,-0.026700603691928407,0.011684069922822428,0.011684069922822428,0.011664228652981157,0.0011026182787693523,0.0011026182787693523,0.0010827770089280825,0.009698779056779367,0.009698779056779367,0.009678937786938097,-0.000947088137028921,-0.000947088137028921,-0.0009669294068701908
2018-10-22,0.023855048172628818,0.023855048172628818,0.023835206902787547,-0.013782585719591936,-0.013782585719591936,-0.013802426989433207,0.0026105095399377794,0.0026105095399377794,0.0025906682700965094,-0.009000725150618455,-0.009000725150618455,-0.009020566420459725,0.0012057400390787553,0.0012057400390787553,0.0011858987692374855
2018-10-23,-0.0069278655465662255,-0.0069278655465662255,-0.006947706816407495,0.0072159674661862435,0.0072159674661862435,0.007196126196344974,-0.005598206240510434,-0.005598206240510434,-0.005618047510351704,0.0056171616246018415,0.0056171616246018415,0.005597320354760572,-0.004601964011867072,-0.004601964011867072,-0.004621805281708341
2018-10-24,-0.017125440036031277,-0.017125440036031277,-0.017145281305872548,0.00046812859462769685,0.00046812859462769685,0.00044828732478642704,-0.002736110920347073,-0.002736110920347073,-0.002755952190188343,-0.0017853713591352207,-0.0017853713591352207,-0.0018052126289764905,-0.005471082592547772,-0.005471082592547772,-0.005490923862389041
2018-10-25,0.007877981142278577,0.007877981142278577,0.007858139872437307,-0.0048931040541877035,-0.0048931040541877035,-0.004912945324028973,-0.005654764617199968,-0.005654764617199968,-0.0056746058870412374,-0.004600153756208553,-0.004600153756208553,-0.004619995026049823,-0.011643279591884567,-0.011643279591884567,-0.011663120861725837
2018-10-26,0.009119348867307663,0.009119348867307663,0.009099507597466392,-0.012039370078233486,-0.012039370078233486,-0.012059211348074757,-0.009572945410674584,-0.009572945410674584,-0.009592786680515854,-0.01356874444615576,-0.01356874444615576,-0.013588585715997031,0.0015455705589874139,0.0015455705589874139,0.001525729289146144
2018-10-29,-0.00857528763160866,-0.00857528763160866,-0.00859512890144993,0.0009699810071545287,0.0009699810071545287,0.0009501397373132589,-0.0086218065734864,-0.0086218065734864,-0.00864164784332767,-0.002497111864460626,-0.002497111864460626,-0.002516953134301896,-0.0074524943435118965,-0.0074524943435118965,-0.007472335613353166
2018-10-30,0.0077907752551312865,0.0077907752551312865,0.007770933985290017,0.008090625353512806,0.008090625353512806,0.008070784083671536,-0.016462836088767134,-0.016462836088767134,-0.016482677358608405,0.002224667704485369,0.002224667704485369,0.002204826434644099,-0.01072061375070964,-0.01072061375070964,-0.010740455020550911
2018-10-31,0.00653480096309251,0.00653480096309251,0.00651495969325124,-0.00037587488702239076,-0.00037587488702239076,-0.0003957161568636606,0.0013705331830815468,0.0013705331830815468,0.001350691913240277,-0.0003758707781045486,-0.0003758707781045486,-0.0003957120479458184,0.002197778697994285,0.002197778697994285,0.002177937428153015
2018-11-01,-0.01506452366013668,-0.013837250932863952,-0.014726215268788772,0.017921737435078633,0.01964901016235136,0.01840663103704944,0.013584752077509955,0.016266570259328136,0.014338538517483899,0.01872204895543738,0.021040230773619197,0.0193781156439348,0.00542518229224607,0.008197909564973342,0.0062077276282888
2018-11-02,0.0028155666542332624,0.0028155666542332624,0.0027957253843919924,0.00933763876225851,0.00933763876225851,0.00931779749241724,-0.0006239731015190342,-0.0006239731015190342,-0.000643814371360304,0.0010564984786559039,0.0010564984786559039,0.001036657208814634,0.0026373464903960563,0.0026373464903960563,0.0026175052205547862
2018-11-05,-0.0008579716175727628,-0.0008579716175727628,-0.0008778128874140326,-0.00559302407257254,-0.00559302407257254,-0.00561286534241381,-0.0005348498593087914,-0.0005348498593087914,-0.0005546911291500613,-0.004339962264318115,-0.004339962264318115,-0.004359803534159385,-0.00041649224185609816,-0.00041649224185609816,-0.000436333511697368
2018-11-06,-0.0096966940822627,-0.0096966940822627,-0.009716535352103971,0.008830383550664416,0.008830383550664416,0.008810542280823145,0.0003830902161964045,0.0003830902161964045,0.0003632489463551347,0.004604503359026265,0.004604503359026265,0.004584662089184995,-0.005836970455029599,-0.005836970455029599,-0.005856811724870869
2018-11-07,0.023817946632417528,0.023817946632417528,0.023798105362576257,-0.023182878037397735,-0.023182878037397735,-0.023202719307239005,-0.006158534069460694,-0.006158534069460694,-0.006178375339301964,-0.01865372675325107,-0.01865372675325107,-0.018673568023092342,5.0072555695860384e-05,5.0072555695860384e-05,3.0231285854590543e-05
2018-11-08,0.001881279354639221,0.001881279354639221,0.0018614380847979512,-0.003005602618078685,-0.003005602618078685,-0.003025443887919955,-0.004083386158023724,-0.004083386158023724,-0.0041032274278649935,-0.009637039809301995,-0.009637039809301995,-0.009656881079143266,0.0007879865512128038,0.0007879865512128038,0.000768145281371534
2018-11-09,0.005524379217311196,0.005524379217311196,0.005504537947469927,-0.00857128564232782,-0.00857128564232782,-0.008591126912169091,-0.004210929603952526,-0.004210929603952526,-0.004230770873793796,-0.007555124095666126,-0.007555124095666126,-0.0075749653655073955,-0.007432880695383922,-0.007432880695383922,-0.007452721965225191
2018-11-12,-0.0015080365612478042,-0.0015080365612478042,-0.001527877831089074,-0.0014764121887190316,-0.0014764121887190316,-0.0014962534585603014,-0.00011317002346165634,-0.00011317002346165634,-0.00013301129330292618,0.0007643971362208807,0.0007643971362208807,0.0007445558663796109,-0.0005370325616624813,-0.0005370325616624813,-0.0005568738315037511
2018-11-13,-0.006807702306357801,-0.006807702306357801,-0.00682754357619907,0.009587839143148818,0.009587839143148818,0.009567997873307548,0.011279927136436645,0.011279927136436645,0.011260085866595375,0.009621185844989081,0.009621185844989081,0.00960134457514781,0.008074303511505733,0.008074303511505733,0.008054462241664463
2018-11-14,-0.006373991331461582,-0.006373991331461582,-0.006393832601302852,0.0060060585389532205,0.0060060585389532205,0.005986217269111951,0.008580173261298875,0.008580173261298875,0.008560331991457604,0.009467739617698484,0.009467739617698484,0.009447898347857213,0.007865906641011198,0.007865906641011198,0.007846065371169927
2018-11-15,0.0008764554469047367,0.0008764554469047367,0.0008566141770634669,0.002983919633287149,0.002983919633287149,0.002964078363445879,0.001174286245023831,0.001174286245023831,0.0011544449751825611,0.0030732791398547054,0.0030732791398547054,0.0030534378700134354,-0.0021440958741961507,-0.0021440958741961507,-0.0021639371440374208
2018-11-16,-0.007188945701149068,-0.007188945701149068,-0.007208786970990338,-0.004581433480110988,-0.004581433480110988,-0.004601274749952257,0.004435256247142523,0.004435256247142523,0.004415414977301253,0.005849812525585152,0.005849812525585152,0.005829971255743882,0.009197197520327258,0.009197197520327258,0.009177356250485987
2018-11-19,-0.028639309645830363,-0.028639309645830363,-0.028659150915671634,0.008269832004413577,0.008269832004413577,0.008249990734572306,0.01008127981832551,0.01008127981832551,0.01006143854848424,0.012941991046725202,0.012941991046725202,0.012922149776883931,0.0022874349581038025,0.0022874349581038025,0.0022675936882625325
2018-11-20,-0.009785580311490084,-0.009785580311490084,-0.009805421581331355,0.005742852604675577,0.005742852604675577,0.005723011334834307,0.011647208506883423,0.011647208506883423,0.011627367237042153,0.009996673813815563,0.009996673813815563,0.009976832543974292,0.007087512700965512,0.007087512700965512,0.007067671431124242
2018-11-21,0.0005210719322556231,0.0005210719322556231,0.0005012306624143533,0.008366229898309891,0.008366229898309891,0.00834638862846862,0.001199002081824423,0.001199002081824423,0.001179160811983153,0.0071455320564002105,0.0071455320564002105,0.007125690786558941,-0.00022341050325459908,-0.00022341050325459908,-0.00024325177309586892
2018-11-23,-0.006806324672569523,-0.006806324672569523,-0.006826165942410793,0.003296514893983398,0.003296514893983398,0.003276673624142128,0.006271710577017258,0.006271710577017258,0.006251869307175989,0.003290504694445806,0.003290504694445806,0.003270663424604536,0.004118210122370786,0.004118210122370786,0.004098368852529516
2018-11-26,-0.0018721082439498236,-0.0018721082439498236,-0.0018919495137910934,0.009267521470729735,0.009267521470729735,0.009247680200888465,0.005720308591341956,0.005720308591341956,0.005700467321500686,0.007734974988416329,0.007734974988416329,0.00771513371857506,0.003444463361880078,0.003444463361880078,0.003424622092038808
2018-11-27,0.0026284460310254014,0.0026284460310254014,0.0026086047611841314,-0.011916577912570307,-0.011916577912570307,-0.011936419182411577,0.0003369811154424851,0.0003369811154424851,0.00031713984560121527,-0.007148137614508252,-0.007148137614508252,-0.007167978884349522,0.0031190308441955824,0.0031190308441955824,0.0030991895743543124
2018-11-28,0.02049742287017199,0.02049742287017199,0.02047758160033072,-0.011447501744861121,-0.011447501744861121,-0.011467343014702392,-0.008844737722414972,-0.008844737722414972,-0.008864578992256242,-0.009046330768087422,-0.009046330768087422,-0.009066172037928692,-0.008929481848485878,-0.008929481848485878,-0.008949323118327149
2018-11-29,0.005375685532303821,0.005375685532303821,0.005355844262462551,-0.005134829378385449,-0.005134829378385449,-0.005154670648226719,-0.0032119123408581615,-0.0032119123408581615,-0.0032317536106994315,-0.005440886111872012,-0.005440886111872012,-0.005460727381713282,0.0018587459517907723,0.0018587459517907723,0.0018389046819495024
2018-11-30,0.0023964528101865874,0.0023964528101865874,0.0023766115403453174,-0.008103076041023657,-0.008103076041023657,-0.008122917310864928,-0.002739131360840285,-0.002739131360840285,-0.002758972630681555,-0.008353479696081623,-0.008353479696081623,-0.008373320965922894,-0.0010942313284456953,-0.0010942313284456953,-0.0011140725982869651
2018-12-03,-0.005168372562804063,-0.003759281653713154,-0.004779314050713848,0.006994698910065831,0.009131062546429466,0.0074789459503142985,-0.008112153102279957,-0.005203062193189048,-0.007410041103322833,0.004579631054036451,0.007306903781309179,0.00523647024110555,0.0004733466749454827,0.003291528493127301,0.0009301222258085281
2018-12-04,0.020080769634791686,0.020080769634791686,0.020060928364950416,-0.03161946389546154,-0.03161946389546154,-0.031639305165302806,0.00423702130646323,0.00423702130646323,0.004217180036621961,-0.02194775728682069,-0.02194775728682069,-0.02196759855666196,-0.008383290343211343,-0.008383290343211343,-0.008403131613052613
2018-12-06,0.007715366747671804,0.007715366747671804,0.007695525477830535,-0.004130456184864736,-0.004130456184864736,-0.004150297454706005,0.001667450734571817,0.001667450734571817,0.0016476094647305472,-0.01389666643202558,-0.01389666643202558,-0.013916507701866851,0.0033153592554437117,0.0033153592554437117,0.0032955179856024417
2018-12-07,-0.0022221089732226977,-0.0022221089732226977,-0.0022419502430639678,-0.010861179388832565,-0.010861179388832565,-0.010881020658673836,0.012253339958317618,0.012253339958317618,0.012233498688476348,-0.0022706555795131878,-0.0022706555795131878,-0.002290496849354458,0.0062353269479986,0.0062353269479986,0.00621548567815733
2018-12-10,0.013954606317285827,0.013954606317285827,0.013934765047444557,-0.013837233631580344,-0.013837233631580344,-0.013857074901421615,-0.0025029265082314404,-0.0025029265082314404,-0.0025227677780727104,-0.013432060128054642,-0.013432060128054642,-0.013451901397895913,-0.006439918835968457,-0.006439918835968457,-0.006459760105809727
2018-12-11,0.004707296851206373,0.004707296851206373,0.004687455581365104,-0.009040445019990883,-0.009040445019990883,-0.009060286289832154,2.4298392510966726e-05,2.4298392510966726e-05,4.4571226696968845e-06,-0.005733771650420525,-0.005733771650420525,-0.005753612920261795,-0.0017718693820395453,-0.0017718693820395453,-0.0017917106518808151
2018-12-12,-0.003909066918413837,-0.003909066918413837,-0.003928908188255107,0.00954860593943002,0.00954860593943002,0.00952876466958875,-0.010957837889451164,-0.010957837889451164,-0.010977679159292434,0.004130013269880271,0.004130013269880271,0.004110172000039001,0.001417837398588114,0.001417837398588114,0.0013979961287468442
2018-12-13,-0.0028573770373608123,-0.0028573770373608123,-0.0028772183072020823,-0.013469168606429494,-0.013469168606429494,-0.013489009876270764,0.004676966589450502,0.004676966589450502,0.004657125319609232,-0.005023571822891119,-0.005023571822891119,-0.005043413092732389,-0.0023484229826021344,-0.0023484229826021344,-0.0023682642524434044
2018-12-14,0.0015732961429505091,0.0015732961429505091,0.0015534548731092393,-0.0008134054305861851,-0.0008134054305861851,-0.0008332467004274549,0.0017619515630459166,0.0017619515630459166,0.0017421102932046468,-0.006757480453540897,-0.006757480453540897,-0.006777321723382167,-0.0005143163745421518,-0.0005143163745421518,-0.0005341576443834216
2018-12-17,-0.014247839801859462,-0.014247839801859462,-0.014267681071700733,0.009616442402764012,0.009616442402764012,0.009596601132922742,0.0006387848707427083,0.0006387848707427083,0.0006189436009014385,0.008342253002905002,0.008342253002905002,0.008322411733063731,0.00263385208509389,0.00263385208509389,0.00261401081525262
2018-12-18,0.00435487118273104,0.00435487118273104,0.0043350299128897705,0.009917959054949705,0.009917959054949705,0.009898117785108435,-0.0015173969236791573,-0.0015173969236791573,-0.0015372381935204271,0.000313734018399951,0.000313734018399951,0.0002938927485586812,-0.004096534735115421,-0.004096534735115421,-0.004116376004956691
2018-12-19,0.006173536604257382,0.006173536604257382,0.006153695334416113,-0.020415079101130773,-0.020415079101130773,-0.020434920370972044,0.004878477086870143,0.004878477086870143,0.004858635817028873,-0.013791460981593149,-0.013791460981593149,-0.01381130225143442,-0.010333197339218583,-0.010333197339218583,-0.010353038609059853
2018-12-20,-0.005254661420448132,-0.005254661420448132,-0.0052745026902894015,0.007098594820058823,0.007098594820058823,0.007078753550217553,0.001739130096985828,0.001739130096985828,0.0017192888271445582,0.005033757077279525,0.005033757077279525,0.005013915807438255,0.0034380489773869374,0.0034380489773869374,0.0034182077075456674
2018-12-21,0.000102048463920105,0.000102048463920105,8.220719407883516e-05,-0.007413447752435409,-0.007413447752435409,-0.007433289022276679,0.021399161968002938,0.021399161968002938,0.021379320698161668,0.0020008158654546263,0.0020008158654546263,0.0019809745956133563,0.008344652795484204,0.008344652795484204,0.008324811525642933
2018-12-24,0.00043625975461238694,0.00043625975461238694,0.0004164184847711171,0.005936763734359095,0.005936763734359095,0.005916922464517825,-0.004114409789463045,-0.004114409789463045,-0.004134251059304314,0.0016441612061948718,0.0016441612061948718,0.001624319936353602,-0.0015931717416338576,-0.0015931717416338576,-0.0016130130114751274
2018-12-26,0.003715304533139385,0.003715304533139385,0.003695463263298115,0.01495194815509121,0.01495194815509121,0.01493210688524994,-0.010708342028259852,-0.010708342028259852,-0.010728183298101122,0.0034905299996137017,0.0034905299996137017,0.0034706887297724317,-2.005264385717201e-05,-2.005264385717201e-05,-3.989391369844185e-05
2018-12-27,-0.0004783736483098993,-0.0004783736483098993,-0.0004982149181511691,-0.0034933636242704324,-0.0034933636242704324,-0.0035132048941117025,-0.0025518267509112213,-0.0025518267509112213,-0.0025716680207524913,-0.00221773281074158,-0.00221773281074158,-0.00223757408058285,-0.0029673061291162813,-0.0029673061291162813,-0.0029871473989575513
2018-12-28,0.00012565266525019962,0.00012565266525019962,0.00010581139540892978,-0.003775478675158372,-0.003775478675158372,-0.003795319944999642,0.0032073846678031988,0.0032073846678031988,0.0031875433979619287,-0.0014652439867917947,-0.0014652439867917947,-0.0014850852566330645,-0.00019457036541300045,-0.00019457036541300045,-0.0002144116352542703
2018-12-31,0.006394820984255334,0.006394820984255334,0.006374979714414065,-0.0035228520543216795,-0.0035228520543216795,-0.0035426933241629495,-0.0018507841910414872,-0.0018507841910414872,-0.001870625460882757,-0.004283305636365335,-0.004283305636365335,-0.004303146906206604,-0.00024299676079017358,-0.00024299676079017358,-0.0002628380306314434
2019-01-02,-0.027428846013592384,-0.02588339146813784,-0.026999207918896175,0.028298945064015927,0.03016258142765229,0.028822983018488603,-0.004014937066857854,-0.0014694825214033088,-0.003300739169258333,0.023824057305438205,0.02636951185089275,0.02454501441903565,0.0008113875495936555,0.0034022966405027463,0.0015387105973780695
2019-01-03,-0.006560915669064712,-0.006560915669064712,-0.006580756938905982,-0.014337296203178331,-0.014337296203178331,-0.014357137473019602,0.0039937894770280865,0.0039937894770280865,0.003973948207186817,-0.006048281115835386,-0.006048281115835386,-0.006068122385676656,-0.003221321977027735,-0.003221321977027735,-0.003241163246869005
2019-01-04,-0.010003527904832036,-0.010003527904832036,-0.010023369174673306,0.030667163794606052,0.030667163794606052,0.03064732252476478,-0.0017149929962295227,-0.0017149929962295227,-0.0017348342660707926,0.022238637743526767,0.022238637743526767,0.022218796473685496,0.00800322289756243,0.00800322289756243,0.00798338162772116
2019-01-07,-0.0007767785569144721,-0.0007767785569144721,-0.0007966198267557419,0.017002350563279547,0.017002350563279547,0.016982509293438277,-0.006878883923857439,-0.006878883923857439,-0.006898725193698709,0.00735471545911404,0.00735471545911404,0.00733487418927277,0.006030145513837874,0.006030145513837874,0.006010304243996604
2019-01-08,0.004396940459727247,0.004396940459727247,0.004377099189885977,0.003992464488826453,0.003992464488826453,0.003972623218985183,-0.003945061924154331,-0.003945061924154331,-0.0039649031939956005,-0.0015438392559578087,-0.0015438392559578087,-0.0015636805257990786,-0.002049548372821515,-0.002049548372821515,-0.002069389642662785
2019-01-09,-0.007717541805614306,-0.007717541805614306,-0.007737383075455575,0.016154878621769453,0.016154878621769453,0.016135037351928182,-0.005261215884216913,-0.005261215884216913,-0.0052810571540581825,0.013203673404332664,0.013203673404332664,0.013183832134491393,0.0020806128441327957,0.0020806128441327957,0.0020607715742915257
2019-01-10,-0.0025035519035434056,-0.0025035519035434056,-0.0025233931733846756,-9.220008395550874e-05,-9.220008395550874e-05,-0.00011204135379677858,0.003086050714214876,0.003086050714214876,0.003066209444373606,-0.002877912859472213,-0.002877912859472213,-0.002897754129313483,0.0041150656526278695,0.0041150656526278695,0.0040952243827866
2019-01-11,-0.0031165749367227428,-0.0031165749367227428,-0.003136416206564013,0.003543996589921141,0.003543996589921141,0.0035241553200798708,0.0024495041828867803,0.0024495041828867803,0.0024296629130455103,0.0038739310554885805,0.0038739310554885805,0.0038540897856473104,0.005186364225816604,0.005186364225816604,0.005166522955975334
2019-01-14,0.008626882654731048,0.008626882654731048,0.008607041384889777,-0.0069200656915121405,-0.0069200656915121405,-0.00693990696135341,-0.0072874504263426235,-0.0072874504263426235,-0.007307291696183893,-0.006382639766130457,-0.006382639766130457,-0.006402481035971726,-0.00043536288645094727,-0.00043536288645094727,-0.0004552041562922171
2019-01-15,0.02091337003892848,0.02091337003892848,0.02089352876908721,-0.013874643089422042,-0.013874643089422042,-0.013894484359263312,-0.014585385885253262,-0.014585385885253262,-0.014605227155094533,-0.015201893378646393,-0.015201893378646393,-0.015221734648487664,-0.008126206591445374,-0.008126206591445374,-0.008146047861286644
2019-01-16,-0.007659004355211787,-0.007659004355211787,-0.007678845625053056,0.004726476298484723,0.004726476298484723,0.004706635028643454,0.004180147592791161,0.004180147592791161,0.0041603063229498916,0.004005298084041009,0.004005298084041009,0.00398545681419974,-0.002497528453603015,-0.002497528453603015,-0.002517369723444285
2019-01-17,-0.0005541799641085366,-0.0005541799641085366,-0.0005740212339498064,0.003620303481531065,0.003620303481531065,0.003600462211689795,-0.005290415900287802,-0.005290415900287802,-0.005310257170129072,0.002853997145183481,0.002853997145183481,0.002834155875342211,-0.004134862562177775,-0.004134862562177775,-0.004154703832019045
2019-01-18,-0.011731360546570462,-0.011731360546570462,-0.011751201816411733,0.017268288656672896,0.017268288656672896,0.017248447386831626,0.007620883337147383,0.007620883337147383,0.0076010420673061135,0.015473415574320453,0.015473415574320453,0.015453574304479183,0.005930827994730038,0.005930827994730038,0.005910986724888769
2019-01-22,0.009989652154578648,0.009989652154578648,0.009969810884737378,-0.019542518721517625,-0.019542518721517625,-0.019562359991358896,-0.0012247151812461623,-0.0012247151812461623,-0.0012445564510874321,-0.01569536475692097,-0.01569536475692097,-0.01571520602676224,-0.010934419313184542,-0.010934419313184542,-0.010954260583025812
2019-01-23,0.0012700541804177771,0.0012700541804177771,0.0012502129105765073,-0.015237141362624189,-0.015237141362624189,-0.015256982632465459,0.002225585119109971,0.002225585119109971,0.002205743849268701,-0.00825601950323246,-0.00825601950323246,-0.008275860773073731,-0.0010712963652782766,-0.0010712963652782766,-0.0010911376351195464
2019-01-24,-0.028265029396103127,-0.028265029396103127,-0.028284870665944397,0.0361335074613683,0.0361335074613683,0.03611366619152703,0.01271274977446004,0.01271274977446004,0.01269290850461877,0.029586325130168595,0.029586325130168595,0.029566483860327324,0.012193444776400782,0.012193444776400782,0.012173603506559511
2019-01-25,-0.008218863814049114,-0.008218863814049114,-0.008238705083890385,0.021164981912026044,0.021164981912026044,0.021145140642184774,0.0004500660743512472,0.0004500660743512472,0.0004302248045099774,0.02577493448783527,0.02577493448783527,0.025755093217994,0.005134851718542967,0.005134851718542967,0.005115010448701697
2019-01-28,-0.004274530388009829,-0.004274530388009829,-0.004294371657851098,-0.007474872081650347,-0.007474872081650347,-0.007494713351491616,-0.00500727618973014,-0.00500727618973014,-0.00502711745957141,-0.006372337333045614,-0.006372337333045614,-0.006392178602886884,-0.002526068524262736,-0.002526068524262736,-0.002545909794104006
2019-01-29,-0.0028658014091537372,-0.0028658014091537372,-0.0028856426789950072,-0.00021183844709022953,-0.00021183844709022953,-0.00023167971693149937,0.004160344842393657,0.004160344842393657,0.004140503572552388,0.0007457918324857303,0.0007457918324857303,0.0007259505626444605,0.0006637698661644447,0.0006637698661644447,0.0006439285963231749
2019-01-30,0.004195401388920689,0.004195401388920689,0.004175560119079419,0.003208204049522605,0.003208204049522605,0.003188362779681335,-0.0002576660113540888,-0.0002576660113540888,-0.00027750728119535864,0.0026854340168024765,0.0026854340168024765,0.0026655927469612065,-0.005142699510440357,-0.005142699510440357,-0.005162540780281627
2019-01-31,0.003763182595371773,0.003763182595371773,0.003743341325530503,-0.0029860097148755116,-0.0029860097148755116,-0.0030058509847167817,0.0036172201601072634,0.0036172201601072634,0.0035973788902659933,0.0001398020715872852,0.0001398020715872852,0.00011996080174601537,-0.0002996601156788805,-0.0002996601156788805,-0.00031950138552015034
2019-02-01,-0.0027151312690979245,-0.001396949450916106,-0.0023493582743127563,0.00015955393242636918,0.0019322812051536418,0.0006583796189384382,-0.006259181393621952,-0.003304635939076498,-0.005422806995283914,-0.0030975566351093813,-0.0003702839078366536,-0.00231997165991899,-0.003717527409564886,-0.0008084365004739765,-0.0028914368828926304
2019-02-04,-0.0019576856879587024,-0.0019576856879587024,-0.0019775269577999724,0.0022621171111788137,0.0022621171111788137,0.0022422758413375436,-0.001640543948540533,-0.001640543948540533,-0.0016603852183818028,0.0019176720422175058,0.0019176720422175058,0.001897830772376236,0.0007337365199702387,0.0007337365199702387,0.0007138952501289688
2019-02-05,-0.00463526047685891,-0.00463526047685891,-0.00465510174670018,0.002938510219745165,0.002938510219745165,0.002918668949903895,0.0022709998314363886,0.0022709998314363886,0.0022511585615951186,0.00345884846971441,0.00345884846971441,0.00343900719987314,0.006471713344787346,0.006471713344787346,0.006451872074946076
2019-02-06,-0.00312696567442825,-0.00312696567442825,-0.00314680694426952,0.004893522334089128,0.004893522334089128,0.004873681064247858,-0.003009754858707984,-0.003009754858707984,-0.003029596128549254,0.0018105324122553977,0.0018105324122553977,0.0017906911424141279,-0.004911859207594465,-0.004911859207594465,-0.004931700477435735
2019-02-07,0.021463115985401515,0.021463115985401515,0.021443274715560245,-0.01886618106223246,-0.01886618106223246,-0.018886022332073732,0.010136546104366689,0.010136546104366689,0.010116704834525418,-0.011464730417132144,-0.011464730417132144,-0.011484571686973415,-0.009911936812339126,-0.009911936812339126,-0.009931778082180397
2019-02-08,0.011033214914952879,0.011033214914952879,0.011013373645111608,0.0021882458597447412,0.0021882458597447412,0.002168404589903471,0.0073909398244386,0.0073909398244386,0.00737109855459733,-0.0003201072998495508,-0.0003201072998495508,-0.00033994856969082063,0.00690294361249859,0.00690294361249859,0.00688310234265732
2019-02-11,-0.005398683618027398,-0.005398683618027398,-0.0054185248878686676,0.005631181843653748,0.005631181843653748,0.005611340573812479,-0.007007071351465341,-0.007007071351465341,-0.007026912621306611,-0.0014752912655516415,-0.0014752912655516415,-0.0014951325353929114,-0.0011269497493374137,-0.0011269497493374137,-0.0011467910191786835
2019-02-12,-0.013202249560713385,-0.013202249560713385,-0.013222090830554655,0.01410734870777155,0.01410734870777155,0.01408750743793028,-0.0009935535973686184,-0.0009935535973686184,-0.0010133948672098882,0.01428493100976544,0.01428493100976544,0.014265089739924169,0.011557663343886922,0.011557663343886922,0.011537822074045651
2019-02-13,-0.008063778491898254,-0.008063778491898254,-0.008083619761739524,0.006198848834529962,0.006198848834529962,0.006179007564688693,-0.006163292642837343,-0.006163292642837343,-0.006183133912678613,0.0010776643966363285,0.0010776643966363285,0.0010578231267950587,0.0019577271733919877,0.0019577271733919877,0.0019378859035507178
2019-02-14,0.0053438396647903135,0.0053438396647903135,0.005323998394949044,0.00042027974404620894,0.00042027974404620894,0.00040043847420493913,0.0043112076259181845,0.0043112076259181845,0.004291366356076915,0.0017868983059257538,0.0017868983059257538,0.001767057036084484,0.002832903128570349,0.002832903128570349,0.002813061858729079
2019-02-15,-0.009185591516918026,-0.009185591516918026,-0.009205432786759296,-0.0006597397141913921,-0.0006597397141913921,-0.0006795809840326619,-0.0006108332299891031,-0.0006108332299891031,-0.000630674499830373,-0.0009621514300420942,-0.0009621514300420942,-0.000981992699883364,0.004337512055075841,0.004337512055075841,0.004317670785234572
2019-02-19,-0.005149363667722383,-0.005149363667722383,-0.005169204937563653,0.0023677068301837722,0.0023677068301837722,0.002347865560342502,-0.0016255021907435202,-0.0016255021907435202,-0.00164534346058479,0.006138296249952961,0.006138296249952961,0.006118454980111691,-0.00011550484226099684,-0.00011550484226099684,-0.00013534611210226668
2019-02-20,-0.008642064218649213,-0.008642064218649213,-0.008661905488490483,0.004179383812399594,0.004179383812399594,0.004159542542558324,-0.006149591763294124,-0.006149591763294124,-0.006169433033135394,-0.001490542034059865,-0.001490542034059865,-0.0015103833039011349,-0.0025959644669948604,-0.0025959644669948604,-0.0026158057368361304
2019-02-21,0.011967359922996712,0.011967359922996712,0.011947518653155442,-0.013692640956081635,-0.013692640956081635,-0.013712482225922905,0.002163812403528496,0.002163812403528496,0.002143971133687226,-0.009826035716107757,-0.009826035716107757,-0.009845876985949027,-0.005536344019387736,-0.005536344019387736,-0.005556185289229005
2019-02-22,0.006955203623667874,0.006955203623667874,0.006935362353826605,-0.0019397316339048428,-0.0019397316339048428,-0.001959572903746113,5.448492390413857e-05,5.448492390413857e-05,3.4643654062868726e-05,-0.001036717842308486,-0.001036717842308486,-0.0010565591121497557,0.0008687398240029231,0.0008687398240029231,0.0008488985541616533
2019-02-25,-0.010288779093166693,-0.010288779093166693,-0.010308620363007963,0.007226085552055865,0.007226085552055865,0.007206244282214595,-0.00010789278304463266,-0.00010789278304463266,-0.0001277340528859025,0.0071693808310095124,0.0071693808310095124,0.007149539561168243,0.005814680937186989,0.005814680937186989,0.005794839667345719
2019-02-26,0.004171844354025819,0.004171844354025819,0.0041520030841845496,-0.00350220754938158,-0.00350220754938158,-0.00352204881922285,0.004873574273533982,0.004873574273533982,0.004853733003692713,-0.0017292644036638052,-0.0017292644036638052,-0.001749105673505075,0.0031765741466952217,0.0031765741466952217,0.0031567328768539516
2019-02-27,0.009541150136770562,0.009541150136770562,0.009521308866929291,0.0029232283411225043,0.0029232283411225043,0.0029033870712812343,-0.002683456180878379,-0.002683456180878379,-0.002703297450719649,-0.003651732656701268,-0.003651732656701268,-0.003671573926542538,-0.005444216100942609,-0.005444216100942609,-0.005464057370783879
2019-02-28,0.008124304578428615,0.008124304578428615,0.008104463308587344,-0.013064120123308121,-0.013064120123308121,-0.013083961393149391,0.005594338640747543,0.005594338640747543,0.005574497370906273,-0.0066035755561698155,-0.0066035755561698155,-0.006623416826011085,-0.0022178412751062866,-0.0022178412751062866,-0.0022376825449475567
2019-03-01,-0.005434138975200115,-0.004343229884291025,-0.005132833606194191,-0.00023067647040203717,0.0016329598932343266,0.00029769253176858317,-0.00742848161609057,-0.004837572525181479,-0.006691928410378293,-0.008171680023262837,-0.005535316386899201,-0.00741638648099979,-0.0005557045079987348,0.0021715682192739926,0.00022196756216455988
2019-03-04,-0.004835492359004309,-0.004835492359004309,-0.004855333628845579,-0.0006448814982369525,-0.0006448814982369525,-0.0006647227680782223,0.008331789715166958,0.008331789715166958,0.008311948445325687,0.004835016143058717,0.004835016143058717,0.004815174873217447,0.005671940123044642,0.005671940123044642,0.005652098853203372
2019-03-05,0.008385191277635134,0.008385191277635134,0.008365350007793863,-0.0056086643386759364,-0.0056086643386759364,-0.005628505608517206,0.002111854497326015,0.002111854497326015,0.002092013227484745,-0.004375280424978584,-0.004375280424978584,-0.004395121694819854,-0.002269003729602327,-0.002269003729602327,-0.002288844999443597
2019-03-06,0.006409931083299537,0.006409931083299537,0.006390089813458268,-0.011683940527970166,-0.011683940527970166,-0.011703781797811437,0.00030431471610213503,0.00030431471610213503,0.0002844734462608652,-0.005766489707629713,-0.005766489707629713,-0.005786330977470983,-0.005870923257933097,-0.005870923257933097,-0.0058907645277743665
2019-03-07,0.00947292933767823,0.00947292933767823,0.00945308806783696,-0.009669071384278012,-0.009669071384278012,-0.009688912654119282,0.001001004672482569,0.001001004672482569,0.0009811634026412992,-0.0066404287473516,-0.0066404287473516,-0.00666027001719287,-0.0038964552605973905,-0.0038964552605973905,-0.0039162965304386605
2019-03-08,-0.001742336981390906,-0.001742336981390906,-0.0017621782512321758,-0.0020148269018777564,-0.0020148269018777564,-0.0020346681717190265,-0.000921028874649888,-0.000921028874649888,-0.0009408701444911578,-0.0002951422357008308,-0.0002951422357008308,-0.0003149835055421006,-0.004191266603907279,-0.004191266603907279,-0.004211107873748549
2019-03-11,-0.0034586036733206486,-0.0034586036733206486,-0.0034784449431619186,0.005448175990620135,0.005448175990620135,0.005428334720778865,-0.0025742891710913403,-0.0025742891710913403,-0.0025941304409326103,0.005514980715815553,0.005514980715815553,0.005495139445974283,0.004438238450181035,0.004438238450181035,0.004418397180339766
2019-03-12,0.0036414695903033752,0.0036414695903033752,0.003621628320462105,0.00019465642857466575,0.00019465642857466575,0.0001748151587333959,-0.0013856089928061582,-0.0013856089928061582,-0.001405450262647428,0.001550191046986817,0.001550191046986817,0.0015303497771455472,-0.0006510389753896231,-0.0006510389753896231,-0.0006708802452308929
2019-03-13,-0.004286862749448044,-0.004286862749448044,-0.004306704019289314,0.009471345497288052,0.009471345497288052,0.009451504227446781,-0.004690251083983266,-0.004690251083983266,-0.004710092353824536,0.0011983272939850198,0.0011983272939850198,0.00117848602414375,-0.0005834141225420896,-0.0005834141225420896,-0.0006032553923833594
2019-03-14,0.004400142901019033,0.004400142901019033,0.004380301631177763,-0.00383290196354673,-0.00383290196354673,-0.003852743233388,-0.0003593928797811837,-0.0003593928797811837,-0.00037923414962245353,-0.00622900664269039,-0.00622900664269039,-0.00624884791253166,-0.0021295930785338968,-0.0021295930785338968,-0.002149434348375167
2019-03-15,4.9349832822287226e-05,4.9349832822287226e-05,2.9508562981017385e-05,-0.001483527239819479,-0.001483527239819479,-0.0015033685096607489,0.004615808148639461,0.004615808148639461,0.004595966878798191,-0.0006985207604305848,-0.0006985207604305848,-0.0007183620302718546,0.0035577368633338442,0.0035577368633338442,0.003537895593492574
2019-03-18,-0.009655834834542952,-0.009655834834542952,-0.009675676104384223,0.008955606882537253,0.008955606882537253,0.008935765612695983,-0.002493596226901111,-0.002493596226901111,-0.002513437496742381,0.006421638413543573,0.006421638413543573,0.006401797143702303,0.004788644289212665,0.004788644289212665,0.004768803019371395
2019-03-19,0.0040039558841744975,0.0040039558841744975,0.003984114614333228,0.0027161535883035185,0.0027161535883035185,0.0026963123184622485,-0.005942854391988273,-0.005942854391988273,-0.005962695661829542,-0.0027659082647157173,-0.0027659082647157173,-0.0027857495345569873,0.002413323597501677,0.002413323597501677,0.0023934823276604068
2019-03-20,0.011902955661118028,0.011902955661118028,0.011883114391276758,-0.00970892559591247,-0.00970892559591247,-0.009728766865753741,0.010858119711473452,0.010858119711473452,0.010838278441632182,-0.0032723723977821813,-0.0032723723977821813,-0.0032922136676234513,0.004088887303542359,0.004088887303542359,0.0040690460337010894
2019-03-21,-8.549656399946173e-05,-8.549656399946173e-05,-0.00010533783384073157,0.0093854302195387,0.0093854302195387,0.00936558894969743,-0.0008481015299993434,-0.0008481015299993434,-0.0008679427998406132,0.014115877974470425,0.014115877974470425,0.014096036704629155,-0.0008973358813876514,-0.0008973358813876514,-0.0009171771512289212
2019-03-22,0.01670537830882332,0.01670537830882332,0.01668553703898205,-0.01798548114965265,-0.01798548114965265,-0.01800532241949392,0.008118737712160075,0.008118737712160075,0.008098896442318804,-0.009867382314423193,-0.009867382314423193,-0.009887223584264464,-0.00943566751971395,-0.00943566751971395,-0.009455508789555221
2019-03-25,0.0065047909026885896,0.0065047909026885896,0.00648494963284732,-0.0036603785121372837,-0.0036603785121372837,-0.0036802197819785537,0.004301288585366896,0.004301288585366896,0.004281447315525626,-0.003933745862745256,-0.003933745862745256,-0.003953587132586526,-0.0007294278007102274,-0.0007294278007102274,-0.0007492690705514973
2019-03-26,-0.005384952505118551,-0.005384952505118551,-0.005404793774959821,-0.001889552600433466,-0.001889552600433466,-0.0019093938702747359,-0.002241147721255668,-0.002241147721255668,-0.002260988991096938,-0.00280532410018882,-0.00280532410018882,-0.00282516537003009,0.00031834034840318035,0.00031834034840318035,0.0002984990785619105
2019-03-27,-0.005993248799666204,-0.005993248799666204,-0.006013090069507474,0.0028103751108639282,0.0028103751108639282,0.002790533841022658,0.0006819593501755704,0.0006819593501755704,0.0006621180803343006,0.00019547389031517384,0.00019547389031517384,0.000175632620473904,0.001810590417944445,0.001810590417944445,0.0017907491481031752
2019-03-28,-0.003092086697501959,-0.003092086697501959,-0.003111927967343229,0.009039801788222633,0.009039801788222633,0.009019960518381363,-0.0053677719078020665,-0.0053677719078020665,-0.005387613177643336,0.0017600499210279619,0.0017600499210279619,0.001740208651186692,0.0013732525629050552,0.0013732525629050552,0.0013534112930637854
2019-03-29,-0.0022871259331019578,-0.0022871259331019578,-0.002306967202943228,8.222932756053931e-06,8.222932756053931e-06,-1.161833708521591e-05,-0.0012534979368037274,-0.0012534979368037274,-0.0012733392066449972,0.0004372772290514356,0.0004372772290514356,0.0004174359592101658,-0.0010663702671794585,-0.0010663702671794585,-0.0010862115370207284
2019-04-01,-0.01521014641983933,-0.013937419147112058,-0.014882758397971664,0.009546632552888026,0.0113193598256153,0.010048274365170468,-0.009533436786682708,-0.0066698004230463445,-0.00871502811275646,0.0043193874787864125,0.007273932933331867,0.005168055872117332,0.0051828799539364225,0.0076374254084818766,0.005882583249474833
2019-04-02,0.003578548790023854,0.003578548790023854,0.003558707520182584,-0.0011980092311726879,-0.0011980092311726879,-0.0012178505010139577,0.001775400007437112,0.001775400007437112,0.0017555587375958422,0.00021179434358833678,0.00021179434358833678,0.00019195307374706694,0.0012072218592568203,0.0012072218592568203,0.0011873805894155505
2019-04-03,-0.007409199412543795,-0.007409199412543795,-0.007429040682385065,0.007304711851089418,0.007304711851089418,0.007284870581248148,-0.0007762056965159732,-0.0007762056965159732,-0.000796046966357243,0.003000450629169177,0.003000450629169177,0.002980609359327907,0.0065325214243082165,0.0065325214243082165,0.006512680154466947
2019-04-04,-0.01673022299226807,-0.01673022299226807,-0.01675006426210934,0.014548247843731234,0.014548247843731234,0.014528406573889964,-0.004330193530571219,-0.004330193530571219,-0.004350034800412489,0.009447437261246815,0.009447437261246815,0.009427595991405545,0.007060353908102498,0.007060353908102498,0.007040512638261228
2019-04-05,-0.005437894253806731,-0.005437894253806731,-0.005457735523648001,0.005778357765857435,0.005778357765857435,0.005758516496016166,-0.0020475589146512208,-0.0020475589146512208,-0.0020674001844924908,-0.0007115977668096391,-0.0007115977668096391,-0.0007314390366509089,0.004678210100656757,0.004678210100656757,0.004658368830815487
2019-04-08,-0.005790786137851656,-0.005790786137851656,-0.005810627407692926,0.0012768727126784636,0.0012768727126784636,0.0012570314428371938,-0.0014391890244469345,-0.0014391890244469345,-0.0014590302942882043,-0.0005205120630485317,-0.0005205120630485317,-0.0005403533328898015,-0.0011059402602576866,-0.0011059402602576866,-0.0011257815300989564
2019-04-09,0.011604641618390466,0.011604641618390466,0.011584800348549196,-0.009770219364424713,-0.009770219364424713,-0.009790060634265983,0.008016948934427434,0.008016948934427434,0.007997107664586164,-0.0023603322900717524,-0.0023603322900717524,-0.0023801735599130224,-0.0036759270345778213,-0.0036759270345778213,-0.0036957683044190914
2019-04-10,-0.0029099366797821187,-0.0029099366797821187,-0.0029297779496233888,0.0063646821934528275,0.0063646821934528275,0.006344840923611558,-0.005944150063742458,-0.005944150063742458,-0.0059639913335837276,-0.0024748558045255024,-0.0024748558045255024,-0.0024946970743667724,0.0025847763577583065,0.0025847763577583065,0.0025649350879170365
2019-04-11,-0.0037776564560388663,-0.0037776564560388663,-0.0037974977258801363,0.00035647425387588284,0.00035647425387588284,0.00033663298403461303,-0.0015726682983523825,-0.0015726682983523825,-0.0015925095681936523,-0.0010927972404755578,-0.0010927972404755578,-0.0011126385103168276,-0.0037840275678338994,-0.0037840275678338994,-0.0038038688376751694
2019-04-12,-0.008199187169861783,-0.008199187169861783,-0.008219028439703053,-0.0007185297710685032,-0.0007185297710685032,-0.000738371040909773,-0.004780223958760545,-0.004780223958760545,-0.004800065228601815,-0.003891599061326985,-0.003891599061326985,-0.003911440331168255,-0.0030666828839636907,-0.0030666828839636907,-0.0030865241538049607
2019-04-15,0.006424922671907294,0.006424922671907294,0.0064050814020660245,-0.0015355433330068924,-0.0015355433330068924,-0.0015553846028481622,0.0026651699184403136,0.0026651699184403136,0.0026453286485990436,0.0018259074842813124,0.0018259074842813124,0.0018060662144400426,-0.00113725592243059,-0.00113725592243059,-0.0011570971922718598
2019-04-16,-0.022258300426018743,-0.022258300426018743,-0.022278141695860013,0.010659898872307828,0.010659898872307828,0.010640057602466557,-0.010656558048837516,-0.010656558048837516,-0.010676399318678786,0.0022644438196829653,0.0022644438196829653,0.0022446025498416952,9.76406542819142e-05,9.76406542819142e-05,7.779938444064436e-05
2019-04-17,-0.011344856119209051,-0.011344856119209051,-0.011364697389050321,-0.00017685934135780131,-0.00017685934135780131,-0.00019670061119907116,-0.0053604169230434115,-0.0053604169230434115,-0.005380258192884681,0.000911788030169591,0.000911788030169591,0.0008919467603283212,-0.0004822138536870384,-0.0004822138536870384,-0.0005020551235283082
2019-04-18,0.0033498343595998684,0.0033498343595998684,0.0033299930897585984,-0.0026687543430510903,-0.0026687543430510903,-0.0026885956128923603,-0.0009379911717017449,-0.0009379911717017449,-0.0009578324415430148,-0.0049004411414250056,-0.0049004411414250056,-0.004920282411266275,0.0025355849263783876,0.0025355849263783876,0.0025157436565371176
2019-04-22,0.004638241126338828,0.004638241126338828,0.004618399856497558,-0.00738633121069639,-0.00738633121069639,-0.00740617248053766,0.007031156053001475,0.007031156053001475,0.007011314783160205,0.000432889837852148,0.000432889837852148,0.0004130485680108782,0.00256007514754513,0.00256007514754513,0.00254023387770386
2019-04-23,0.006912177513181595,0.006912177513181595,0.006892336243340325,0.0015059528011953653,0.0015059528011953653,0.0014861115313540955,0.0042624977969257065,0.0042624977969257065,0.004242656527084437,0.010849073895620651,0.010849073895620651,0.01082923262577938,-0.0027565579437759135,-0.0027565579437759135,-0.0027763992136171835
2019-04-24,0.0068973310932217815,0.0068973310932217815,0.006877489823380512,-0.0032807689812199303,-0.0032807689812199303,-0.0033006102510612003,6.716299483868577e-05,6.716299483868577e-05,4.732172499741593e-05,-0.0036575829276955492,-0.0036575829276955492,-0.0036774241975368193,-0.007677039858101177,-0.007677039858101177,-0.007696881127942447
2019-04-25,0.011157175341243324,0.011157175341243324,0.011137334071402053,-0.008861311453705943,-0.008861311453705943,-0.008881152723547213,0.017067902343077243,0.017067902343077243,0.017048061073235973,-0.003157062657105696,-0.003157062657105696,-0.003176903926946966,-0.0013413192158883726,-0.0013413192158883726,-0.0013611604857296424
2019-04-26,0.0010678850821285073,0.0010678850821285073,0.0010480438122872375,0.0037545384976005593,0.0037545384976005593,0.0037346972277592892,0.0053249908976502084,0.0053249908976502084,0.005305149627808939,0.001529900087568294,0.001529900087568294,0.0015100588177270242,0.008310355555112812,0.008310355555112812,0.008290514285271541
2019-04-29,-0.009877580678011802,-0.009877580678011802,-0.009897421947853072,0.004955369337176201,0.004955369337176201,0.004935528067334932,-0.0034834318492611297,-0.0034834318492611297,-0.0035032731191023997,0.0030072156283443814,0.0030072156283443814,0.0029873743585031114,-0.001415587768679727,-0.001415587768679727,-0.0014354290385209967
2019-04-30,0.009583459489258383,0.009583459489258383,0.009563618219417112,-0.01181128666223564,-0.01181128666223564,-0.01183112793207691,-0.0007888011372968098,-0.0007888011372968098,-0.0008086424071380796,-0.0084186681222173,-0.0084186681222173,-0.00843850939205857,-0.011857734001942868,-0.011857734001942868,-0.011877575271784138
2019-05-01,-0.00365000412069799,-0.0024681859388798084,-0.003322045771661937,-0.006755041308331659,-0.004891404944695295,-0.006226059509699745,-0.0019394992747827585,0.000787773452489969,-0.0011847175217703644,0.00028058305516423824,0.003553310327891511,0.001224554102470211,-0.00275776203224338,6.0419785938438386e-05,-0.0019516474444635221
2019-05-02,0.014392761466036491,0.014392761466036491,0.01437292019619522,-0.0007858235592935825,-0.0007858235592935825,-0.0008056648291348523,0.011220309889375822,0.011220309889375822,0.011200468619534552,0.002356464583887464,0.002356464583887464,0.002336623314046194,-0.004183767369788183,-0.004183767369788183,-0.004203608639629453
2019-05-03,-0.01087041718186194,-0.01087041718186194,-0.010890258451703211,0.005280266934525241,0.005280266934525241,0.005260425664683971,-0.00015996236919294925,-0.00015996236919294925,-0.0001798036390342191,0.00031670462118063526,0.00031670462118063526,0.00029686335133936544,0.004921200841235117,0.004921200841235117,0.004901359571393847
2019-05-06,0.010309794977273317,0.010309794977273317,0.010289953707432046,-0.003121079454552404,-0.003121079454552404,-0.003140920724393674,-0.002020327396770064,-0.002020327396770064,-0.002040168666611334,0.001102361163839696,0.001102361163839696,0.0010825198939984262,-0.0041219604659631015,-0.0041219604659631015,-0.004141801735804371
2019-05-07,0.007497324731518585,0.007497324731518585,0.007477483461677315,-0.008410652718615852,-0.008410652718615852,-0.008430493988457122,-0.0021179426533118866,-0.0021179426533118866,-0.0021377839231531567,-0.006629992574359195,-0.006629992574359195,-0.006649833844200465,-0.002950550358761116,-0.002950550358761116,-0.002970391628602386
2019-05-08,0.0030264902887380284,0.0030264902887380284,0.0030066490188967584,-0.003341972533072181,-0.003341972533072181,-0.003361813802913451,-0.004059551026635806,-0.004059551026635806,-0.004079392296477076,-0.0031978807703869376,-0.0031978807703869376,-0.0032177220402282076,-0.0037841376510962563,-0.0037841376510962563,-0.0038039789209375263
2019-05-09,-0.000936499334924104,-0.000936499334924104,-0.0009563406047653738,0.0008707739243679273,0.0008707739243679273,0.0008509326545266575,0.00020369758279255908,0.00020369758279255908,0.00018385631295128924,0.00036343620987163523,0.00036343620987163523,0.0003435949400303654,0.003514875240338403,0.003514875240338403,0.003495033970497133
2019-05-10,0.0089445898831794,0.0089445898831794,0.00892474861333813,-0.008408606384418387,-0.008408606384418387,-0.008428447654259657,-0.0014627302608531912,-0.0014627302608531912,-0.001482571530694461,-0.00767413768222105,-0.00767413768222105,-0.007693978952062319,-0.004427399540441036,-0.004427399540441036,-0.0044472408102823055
2019-05-13,0.021001376247842565,0.021001376247842565,0.020981534978001294,-0.013919523773151005,-0.013919523773151005,-0.013939365042992275,-0.0024987062616187395,-0.0024987062616187395,-0.0025185475314600096,-0.005950804910820834,-0.005950804910820834,-0.005970646180662104,-0.012914868557448972,-0.012914868557448972,-0.012934709827290242
2019-05-14,-0.007662456816454575,-0.007662456816454575,-0.007682298086295844,0.004669815580442877,0.004669815580442877,0.004649974310601607,7.380905062324798e-05,7.380905062324798e-05,5.396778078197814e-05,0.003310807953550359,0.003310807953550359,0.003290966683709089,0.0019444629152462582,0.0019444629152462582,0.0019246216454049884
2019-05-15,6.994210084643399e-05,6.994210084643399e-05,5.010083100516415e-05,-0.007078997624924828,-0.007078997624924828,-0.007098838894766098,0.004548502629974402,0.004548502629974402,0.004528661360133132,-0.0028881272848154545,-0.0028881272848154545,-0.0029079685546567246,0.0036406166006080127,0.0036406166006080127,0.0036207753307667427
2019-05-16,0.00931284088614808,0.00931284088614808,0.009292999616306809,-0.012309972994144509,-0.012309972994144509,-0.012329814263985779,0.0023751087433701535,0.0023751087433701535,0.0023552674735288835,-0.011736150708909366,-0.011736150708909366,-0.011755991978750636,-0.0070865294991089185,-0.0070865294991089185,-0.007106370768950188
2019-05-17,0.006199217638366455,0.006199217638366455,0.0061793763685251855,-0.005565311329367188,-0.005565311329367188,-0.0055851525992084575,0.0009788448171425366,0.0009788448171425366,0.0009590035473012667,0.0027553942572949297,0.0027553942572949297,0.0027355529874536597,0.0016536063387252295,0.0016536063387252295,0.0016337650688839596
2019-05-20,-0.00047506266993083005,-0.00047506266993083005,-0.0004949039397720999,0.004598814282237156,0.004598814282237156,0.0045789730123958865,-0.0011866744662190703,-0.0011866744662190703,-0.00120651573606034,0.002131386331231157,0.002131386331231157,0.002111545061389887,0.003413561723811029,0.003413561723811029,0.003393720453969759
2019-05-21,-0.003249316931250157,-0.003249316931250157,-0.0032691582010914272,0.0059638965863915705,0.0059638965863915705,0.005944055316550301,0.0060198755314585725,0.0060198755314585725,0.006000034261617303,0.005950209737192286,0.005950209737192286,0.0059303684673510165,0.007603791776175761,0.007603791776175761,0.007583950506334492
2019-05-22,0.014950488521466701,0.014950488521466701,0.01493064725162543,-0.01155990775640346,-0.01155990775640346,-0.01157974902624473,0.007318228500076977,0.007318228500076977,0.007298387230235707,-0.007730507407495747,-0.007730507407495747,-0.007750348677337017,-0.0037457915753032634,-0.0037457915753032634,-0.0037656328451445334
2019-05-23,0.008334683484545078,0.008334683484545078,0.008314842214703808,-0.0019149426987424435,-0.0019149426987424435,-0.0019347839685837133,0.008323662064096567,0.008323662064096567,0.008303820794255297,-0.00037361881161076236,-0.00037361881161076236,-0.0003934600814520322,0.0037567108902342005,0.0037567108902342005,0.0037368696203929305
2019-05-24,0.00034585390300919446,0.00034585390300919446,0.00032601263316792465,0.002656996993880801,0.002656996993880801,0.002637155724039531,0.0011290335478377415,0.0011290335478377415,0.0011091922779964717,-0.00037577485467879263,-0.00037577485467879263,-0.00039561612452006245,0.003978173375138026,0.003978173375138026,0.003958332105296757
2019-05-28,0.013154260889950956,0.013154260889950956,0.013134419620109685,-0.009938882116321986,-0.009938882116321986,-0.009958723386163257,0.006022030547893107,0.006022030547893107,0.006002189278051837,-0.004586145704285605,-0.004586145704285605,-0.004605986974126875,-0.0017025061451850488,-0.0017025061451850488,-0.0017223474150263186
2019-05-29,-0.0030467029930636405,-0.0030467029930636405,-0.0030665442629049106,0.0006014126205179757,0.0006014126205179757,0.0005815713506767059,-0.004576251538349029,-0.004576251538349029,-0.004596092808190299,-0.0038469016079034843,-0.0038469016079034843,-0.0038667428777447543,-0.002544504563179506,-0.002544504563179506,-0.002564345833020776
2019-05-30,0.02312025075390787,0.02312025075390787,0.023100409484066598,-0.016663254974831697,-0.016663254974831697,-0.016683096244672967,0.007456127014722004,0.007456127014722004,0.007436285744880734,-0.010316635419857256,-0.010316635419857256,-0.010336476689698526,0.002697709055406846,0.002697709055406846,0.002677867785565576
2019-05-31,0.014593367606803496,0.014593367606803496,0.014573526336962225,-0.007085389966482551,-0.007085389966482551,-0.007105231236323821,0.0026232085067411123,0.0026232085067411123,0.0026033672368998423,-0.0036913799876177097,-0.0036913799876177097,-0.0037112212574589797,-0.008793230704864619,-0.008793230704864619,-0.00881307197470589
2019-06-03,-0.01953860526358365,-0.018174968899947287,-0.019159273887608713,0.01772034158139664,0.01953852339957846,0.018233176016441068,-0.005642623281283118,-0.002597168735828573,-0.004791926996131565,0.008256727816367845,0.011393091452731482,0.009158314232029533,-0.0002454574664029125,0.0027545425335970875,0.0006107546995925892
2019-06-04,-0.01573276998531383,-0.01573276998531383,-0.0157526112551551,0.009138954245461276,0.009138954245461276,0.009119112975620005,-0.021831078393250093,-0.021831078393250093,-0.021850919663091363,-0.0014733781722910786,-0.0014733781722910786,-0.0014932194421323484,-0.0016912366588831057,-0.0016912366588831057,-0.0017110779287243755
2019-06-05,0.021427556216765675,0.021427556216765675,0.021407714946924405,-0.014379725756973088,-0.014379725756973088,-0.014399567026814358,0.015829502481018567,0.015829502481018567,0.015809661211177297,-0.0073207083138183745,-0.0073207083138183745,-0.007340549583659644,-0.0007743351320261228,-0.0007743351320261228,-0.0007941764018673926
2019-06-06,0.009010543244050602,0.009010543244050602,0.008990701974209332,-0.01078963434943643,-0.01078963434943643,-0.010809475619277701,0.0005564806255882859,0.0005564806255882859,0.000536639355747016,-0.009181406866514485,-0.009181406866514485,-0.009201248136355755,-0.003947095623557942,-0.003947095623557942,-0.003966936893399211
2019-06-07,0.004043696029479309,0.004043696029479309,0.004023854759638039,-0.004833737875581397,-0.004833737875581397,-0.004853579145422666,0.003966535438433291,0.003966535438433291,0.003946694168592021,-0.002681592073771714,-0.002681592073771714,-0.002701433343612984,0.002459412355010215,0.002459412355010215,0.002439571085168945
2019-06-10,-0.010301324957137986,-0.010301324957137986,-0.010321166226979256,0.003923599025146646,0.003923599025146646,0.003903757755305376,-0.004354539265760725,-0.004354539265760725,-0.004374380535601995,-0.0012378024926117791,-0.0012378024926117791,-0.001257643762453049,-0.005565043422486126,-0.005565043422486126,-0.005584884692327396
2019-06-11,-0.006765700078584216,-0.006765700078584216,-0.0067855413484254855,0.0025944614839375187,0.0025944614839375187,0.0025746202140962487,-0.0005056769482060901,-0.0005056769482060901,-0.0005255182180473599,0.003568337886082351,0.003568337886082351,0.003548496616241081,-0.0011723590005042397,-0.0011723590005042397,-0.0011922002703455095
2019-06-12,0.013855029906263121,0.013855029906263121,0.013835188636421851,-0.0069123805491675665,-0.0069123805491675665,-0.006932221819008836,0.008710834571571773,0.008710834571571773,0.008690993301730503,-0.0033042596333504363,-0.0033042596333504363,-0.0033241009031917063,0.0024239432841568734,0.0024239432841568734,0.0024041020143156034
2019-06-13,-0.02019670983565714,-0.02019670983565714,-0.02021655110549841,0.014987746956766124,0.014987746956766124,0.014967905686924854,-0.008335461357783706,-0.008335461357783706,-0.008355302627624977,0.008888192108259318,0.008888192108259318,0.008868350838418047,0.004913706660552769,0.004913706660552769,0.0048938653907114995
2019-06-14,0.00954682895966076,0.00954682895966076,0.00952698768981949,-0.009921667066947077,-0.009921667066947077,-0.009941508336788347,0.006758230935944943,0.006758230935944943,0.006738389666103673,-0.002928643679917046,-0.002928643679917046,-0.002948484949758316,-0.0023117233451642053,-0.0023117233451642053,-0.0023315646150054753
2019-06-17,-0.0075801180515030105,-0.0075801180515030105,-0.00759995932134428,0.007416521789269124,0.007416521789269124,0.007396680519427854,-0.0037101525479890218,-0.0037101525479890218,-0.003729993817830292,0.005416710082077924,0.005416710082077924,0.005396868812236655,0.0038103552154921567,0.0038103552154921567,0.0037905139456508867
2019-06-18,-0.012030685116244716,-0.012030685116244716,-0.012050526386085987,0.010530528904880761,0.010530528904880761,0.010510687635039491,-0.011280008898854114,-0.011280008898854114,-0.011299850168695384,-0.0005856289797347774,-0.0005856289797347774,-0.0006054702495760472,-0.0023712547086059944,-0.0023712547086059944,-0.0023910959784472644
2019-06-19,0.006407610923088768,0.006407610923088768,0.006387769653247498,-0.0035862211457439426,-0.0035862211457439426,-0.0036060624155852127,0.006696030943640854,0.006696030943640854,0.006676189673799585,-0.006381138101883671,-0.006381138101883671,-0.006400979371724941,0.0007718799289709258,0.0007718799289709258,0.000752038659129656
2019-06-20,-0.006429110040140155,-0.006429110040140155,-0.006448951309981425,-0.0064008547109129735,-0.0064008547109129735,-0.006420695980754243,-0.003051107748118988,-0.003051107748118988,-0.003070949017960258,-0.0034571213011100003,-0.0034571213011100003,-0.0034769625709512703,-0.0058589351800448905,-0.0058589351800448905,-0.00587877644988616
2019-06-21,-0.006330776076579232,-0.006330776076579232,-0.006350617346420502,0.0060460115369970445,0.0060460115369970445,0.006026170267155775,-0.002281321173670356,-0.002281321173670356,-0.002301162443511626,0.002621144743435543,0.002621144743435543,0.002601303473594273,-0.001013473002979505,-0.001013473002979505,-0.0010333142728207749
2019-06-24,0.009309248687321673,0.009309248687321673,0.009289407417480402,-0.00953233156138835,-0.00953233156138835,-0.009552172831229621,0.0036996525595503356,0.0036996525595503356,0.0036798112897090656,-0.004757417738119352,-0.004757417738119352,-0.004777259007960622,-0.0029960508944791727,-0.0029960508944791727,-0.0030158921643204427
2019-06-25,-0.00514343238745251,-0.00514343238745251,-0.00516327365729378,0.006057309246730427,0.006057309246730427,0.006037467976889158,0.005737482483178637,0.005737482483178637,0.005717641213337368,0.0077388124949933305,0.0077388124949933305,0.007718971225152061,0.0068094760406758,0.0068094760406758,0.00678963477083453
2019-06-26,-0.023712482510580314,-0.023712482510580314,-0.023732323780421585,0.006222582041820196,0.006222582041820196,0.006202740771978926,-0.019194757510428137,-0.019194757510428137,-0.019214598780269408,-0.007304266866686618,-0.007304266866686618,-0.007324108136527887,-0.013391304270268498,-0.013391304270268498,-0.013411145540109769
2019-06-27,-0.005822961153126549,-0.005822961153126549,-0.005842802422967819,0.008557170532070987,0.008557170532070987,0.008537329262229717,-0.002925197048980319,-0.002925197048980319,-0.002945038318821589,0.00136357440664444,0.00136357440664444,0.00134373313680317,0.005854706032308209,0.005854706032308209,0.00583486476246694
2019-06-28,-0.00538331938896131,-0.00538331938896131,-0.00540316065880258,0.005595263937109847,0.005595263937109847,0.005575422667268577,-0.005752511724335358,-0.005752511724335358,-0.005772352994176628,0.005890150730037827,0.005890150730037827,0.005870309460196558,-0.0013231243049613604,-0.0013231243049613604,-0.0013429655748026302
2019-07-01,-0.0036468332678524043,-0.00269228781330695,-0.0034016323012695097,-0.004324422715948707,-0.0024153318068577978,-0.0037840606015011016,-0.008612116104447799,-0.005930297922629617,-0.007850760557309065,-0.0036293278387189098,-0.000538418747809819,-0.00274231016818486,-0.00210336677782128,0.0006239059494514477,-0.0013279775110772482
2019-07-02,0.021871182544037263,0.021871182544037263,0.021851341274195992,-0.01733540849619111,-0.01733540849619111,-0.01735524976603238,0.0028145869396624832,0.0028145869396624832,0.002794745669821213,-0.014689483204808864,-0.014689483204808864,-0.014709324474650134,-0.004708034301733087,-0.004708034301733087,-0.004727875571574357
2019-07-03,0.004429131036554311,0.004429131036554311,0.004409289766713041,0.0009897986679460054,0.0009897986679460054,0.0009699573981047356,0.007175575941407868,0.007175575941407868,0.007155734671566599,0.0047507413755949425,0.0047507413755949425,0.004730900105753673,0.004678652916184365,0.004678652916184365,0.004658811646343095
2019-07-05,-0.002488708718017838,-0.002488708718017838,-0.002508549987859108,0.0022025848318286637,0.0022025848318286637,0.0021827435619873937,0.0032666175832168857,0.0032666175832168857,0.0032467763133756157,0.0024666556623265438,0.0024666556623265438,0.0024468143924852737,0.00016531670394650025,0.00016531670394650025,0.0001454754341052304
2019-07-08,0.007112740535344497,0.007112740535344497,0.007092899265503228,-0.0069785750597029135,-0.0069785750597029135,-0.006998416329544183,0.002593095784895253,0.002593095784895253,0.002573254515053983,-0.004962695347468052,-0.004962695347468052,-0.004982536617309322,0.0019601020041763173,0.0019601020041763173,0.0019402607343350475
2019-07-09,0.005049373422597871,0.005049373422597871,0.005029532152756601,-0.005802731970332661,-0.005802731970332661,-0.00582257324017393,0.00040842770322373337,0.00040842770322373337,0.0003885864333824635,-0.00600308801752748,-0.00600308801752748,-0.006022929287368749,0.00164942136350869,0.00164942136350869,0.0016295800936674202
2019-07-10,0.0020224412097530945,0.0020224412097530945,0.0020025999399118245,-0.00357129623294874,-0.00357129623294874,-0.00359113750279001,0.000812951085510842,0.000812951085510842,0.0007931098156695722,-0.003603367956769907,-0.003603367956769907,-0.003623209226611177,0.004996206577451716,0.004996206577451716,0.004976365307610447
2019-07-11,-0.003165171225368731,-0.003165171225368731,-0.003185012495210001,-0.0007571267590642374,-0.0007571267590642374,-0.0007769680289055072,0.0008559194225844679,0.0008559194225844679,0.000836078152743198,-0.00026215681968255484,-0.00026215681968255484,-0.00028199808952382465,-0.003093639791270069,-0.003093639791270069,-0.003113481061111339
2019-07-12,-0.010497184327820127,-0.010497184327820127,-0.010517025597661397,0.010017168668090548,0.010017168668090548,0.009997327398249278,-0.002629215531567556,-0.002629215531567556,-0.002649056801408826,0.009842350992241051,0.009842350992241051,0.00982250972239978,0.004358684818937031,0.004358684818937031,0.004338843549095761
2019-07-15,0.005123620920342898,0.005123620920342898,0.005103779650501628,-0.006453871669890747,-0.006453871669890747,-0.0064737129397320166,-0.0016183001061398014,-0.0016183001061398014,-0.0016381413759810712,-0.005389284082833859,-0.005389284082833859,-0.0054091253526751286,-0.004950951753413805,-0.004950951753413805,-0.004970793023255074
2019-07-16,0.002403853241162402,0.002403853241162402,0.002384011971321132,0.003384485117567464,0.003384485117567464,0.003364643847726194,0.0003279498950689474,0.0003279498950689474,0.00030810862522767754,0.004486077011430009,0.004486077011430009,0.004466235741588739,-0.006680689208682187,-0.006680689208682187,-0.006700530478523457
2019-07-17,0.01286869958817628,0.01286869958817628,0.012848858318335009,-0.009715425729932782,-0.009715425729932782,-0.009735266999774053,0.0016478464495439833,0.0016478464495439833,0.0016280051797027135,-0.011644088042785756,-0.011644088042785756,-0.011663929312627027,-0.006222947150395551,-0.006222947150395551,-0.006242788420236821
2019-07-18,0.0045212839331234805,0.0045212839331234805,0.004501442663282211,-0.006853955842229519,-0.006853955842229519,-0.0068737971120707885,0.003812090130118965,0.003812090130118965,0.003792248860277695,-0.0038661500700478127,-0.0038661500700478127,-0.0038859913398890827,0.0030068215540708103,0.0030068215540708103,0.0029869802842295403
2019-07-19,-0.017648632206782623,-0.017648632206782623,-0.017668473476623894,0.012443929283219222,0.012443929283219222,0.012424088013377951,-0.0030222921969657894,-0.0030222921969657894,-0.0030421334668070594,0.012306674836615735,0.012306674836615735,0.012286833566774465,0.0033605229025738355,0.0033605229025738355,0.0033406816327325654
2019-07-22,-0.0051469210173677536,-0.0051469210173677536,-0.005166762287209023,-0.0006200578187352233,-0.0006200578187352233,-0.0006398990885764931,-0.001270471285845749,-0.001270471285845749,-0.0012903125556870188,-0.0010377981198568906,-0.0010377981198568906,-0.0010576393896981604,0.008811625788011751,0.008811625788011751,0.008791784518170481
2019-07-23,-0.013274320278551546,-0.013274320278551546,-0.013294161548392816,0.013209610380334628,0.013209610380334628,0.013189769110493358,-0.00812001711466111,-0.00812001711466111,-0.008139858384502381,0.012062981375747715,0.012062981375747715,0.012043140105906444,0.0020000240264906252,0.0020000240264906252,0.001980182756649355
2019-07-24,-0.012981214363740258,-0.012981214363740258,-0.013001055633581528,0.013029862973369492,0.013029862973369492,0.013010021703528222,-0.0090106968805375,-0.0090106968805375,-0.00903053815037877,0.011090854767110183,0.011090854767110183,0.011071013497268913,4.812407520659104e-05,4.812407520659104e-05,2.8282805365321197e-05
2019-07-25,0.0120564338161822,0.0120564338161822,0.01203659254634093,-0.01390736449645319,-0.01390736449645319,-0.01392720576629446,0.00042128511195830046,0.00042128511195830046,0.00040144384211703065,-0.009245285166785557,-0.009245285166785557,-0.009265126436626827,-0.0030272624322678987,-0.0030272624322678987,-0.0030471037021091688
2019-07-26,0.007523589571663847,0.007523589571663847,0.0075037483018225775,-0.007152601559914288,-0.007152601559914288,-0.007172442829755558,-0.0035660412805391447,-0.0035660412805391447,-0.0035858825503804147,-0.004714835378351722,-0.004714835378351722,-0.004734676648192992,-0.004852900938567944,-0.004852900938567944,-0.004872742208409214
2019-07-29,0.007129154808298566,0.007129154808298566,0.007109313538457296,-0.00461922266934443,-0.00461922266934443,-0.004639063939185699,0.005945452319736113,0.005945452319736113,0.005925611049894843,-0.0011458621588711633,-0.0011458621588711633,-0.001165703428712433,-0.0018526076805565027,-0.0018526076805565027,-0.0018724489503977725
2019-07-30,-0.013145380069373025,-0.013145380069373025,-0.013165221339214295,0.012030904302056084,0.012030904302056084,0.012011063032214813,-0.0017718667105695316,-0.0017718667105695316,-0.0017917079804108014,0.010962336357667607,0.010962336357667607,0.010942495087826336,0.0008160630324022429,0.0008160630324022429,0.0007962217625609731
2019-07-31,-0.000603715404959904,-0.000603715404959904,-0.0006235566748011739,0.0008421332471638102,0.0008421332471638102,0.0008222919773225403,0.007262156090945396,0.007262156090945396,0.007242314821104126,-0.0022505288548300504,-0.0022505288548300504,-0.0022703701246713204,0.0012975290805610773,0.0012975290805610773,0.0012776878107198075
2019-08-01,0.021042063264377416,0.0222238814461956,0.021351441508816724,-0.028087010440346765,-0.026264788218124543,-0.027571245658886277,0.006069935733462068,0.008736602400128735,0.006827523287517771,-0.014451335883638554,-0.011073558105860776,-0.013479731358429585,-0.010016322993119652,-0.00730521188200854,-0.009245407212990954
2019-08-02,0.004824325094857048,0.004824325094857048,0.004804483825015779,-0.0061209858052879524,-0.0061209858052879524,-0.006140827075129222,-0.0006592998982555959,-0.0006592998982555959,-0.0006791411680968657,-0.004144659597879392,-0.004144659597879392,-0.004164500867720662,-0.006345447422539405,-0.006345447422539405,-0.006365288692380675
2019-08-05,0.008740015375413294,0.008740015375413294,0.008720174105572024,-0.008281889529862975,-0.008281889529862975,-0.008301730799704246,0.002840392448311303,0.002840392448311303,0.002820551178470033,-0.002732477775464711,-0.002732477775464711,-0.0027523190453059812,-0.004342041421271368,-0.004342041421271368,-0.004361882691112638
2019-08-06,0.015249815511248741,0.015249815511248741,0.01522997424140747,-0.007070329885045148,-0.007070329885045148,-0.007090171154886417,0.008424337237182033,0.008424337237182033,0.008404495967340763,-0.008129665685960758,-0.008129665685960758,-0.008149506955802029,-0.007993540636837904,-0.007993540636837904,-0.008013381906679174
2019-08-07,0.01332189313513465,0.01332189313513465,0.013302051865293379,-0.005578234461714805,-0.005578234461714805,-0.0055980757315560745,0.0021480038480399307,0.0021480038480399307,0.0021281625781986607,-0.0060633250116188635,-0.0060633250116188635,-0.006083166281460133,-0.00164453924318333,-0.00164453924318333,-0.0016643805130245998
2019-08-08,0.010525201576520891,0.010525201576520891,0.010505360306679621,-0.0021243283332580674,-0.0021243283332580674,-0.0021441696030993374,0.011083469156182463,0.011083469156182463,0.011063627886341193,-0.0038977598847003336,-0.0038977598847003336,-0.003917601154541603,0.003226420655110576,0.003226420655110576,0.003206579385269306
2019-08-09,0.030698700150068314,0.030698700150068314,0.030678858880227044,-0.031157985540061266,-0.031157985540061266,-0.031177826809902536,0.022089689202230593,0.022089689202230593,0.022069847932389322,-0.0024544667762771916,-0.0024544667762771916,-0.0024743080461184616,-0.005819404634120088,-0.005819404634120088,-0.005839245903961358
2019-08-12,0.004916445017834713,0.004916445017834713,0.0048966037479934435,-0.008534444224008418,-0.008534444224008418,-0.008554285493849689,0.0060147557403512925,0.0060147557403512925,0.005994914470510023,0.0010957809760272306,0.0010957809760272306,0.0010759397061859608,-0.000601599069427889,-0.000601599069427889,-0.0006214403392691588
2019-08-13,-0.0014343403525111,-0.0014343403525111,-0.0014541816223523699,0.0024476424892503155,0.0024476424892503155,0.0024278012194090455,0.0015767304104632232,0.0015767304104632232,0.0015568891406219534,-0.002838110040532814,-0.002838110040532814,-0.002857951310374084,-0.002493249904348541,-0.002493249904348541,-0.002513091174189811
2019-08-14,0.018309997900423015,0.018309997900423015,0.018290156630581745,-0.01563046015826167,-0.01563046015826167,-0.01565030142810294,0.011918373057513837,0.011918373057513837,0.011898531787672566,0.002341864896757197,0.002341864896757197,0.002322023626915927,-0.0014802602053269687,-0.0014802602053269687,-0.0015001014751682385
2019-08-15,0.029083346084253323,0.029083346084253323,0.029063504814412052,-0.022745308587113735,-0.022745308587113735,-0.022765149856955005,0.015078706515444499,0.015078706515444499,0.015058865245603228,-0.006835138678537366,-0.006835138678537366,-0.006854979948378636,-0.003291566407227264,-0.003291566407227264,-0.003311407677068534
2019-08-16,-0.013798355277749844,-0.013798355277749844,-0.013818196547591114,0.006814494517698937,0.006814494517698937,0.006794653247857667,-0.008546072348785048,-0.008546072348785048,-0.008565913618626318,0.0013231646364217828,0.0013231646364217828,0.001303323366580513,0.004776947642909297,0.004776947642909297,0.0047571063730680275
2019-08-19,-0.013953154387326425,-0.013953154387326425,-0.013972995657167695,0.006313749938163876,0.006313749938163876,0.006293908668322606,-0.00751476317282364,-0.00751476317282364,-0.007534604442664909,0.0014854059986597933,0.0014854059986597933,0.0014655647288185235,-4.86627876006185e-05,-4.86627876006185e-05,-6.850405744188834e-05
2019-08-20,0.006980415061347358,0.006980415061347358,0.006960573791506088,-0.00905988123213304,-0.00905988123213304,-0.009079722501974311,0.006165930871447913,0.006165930871447913,0.006146089601606643,-0.003189223783239719,-0.003189223783239719,-0.003209065053080989,-0.001573502437691691,-0.001573502437691691,-0.0015933437075329607
2019-08-21,0.003924912387538988,0.003924912387538988,0.003905071117697718,0.0030271763383289433,0.0030271763383289433,0.0030073350684876733,0.00726650118607553,0.00726650118607553,0.00724665991623426,-8.837636571016401e-05,-8.837636571016401e-05,-0.00010821763555143385,0.0012308471204417397,0.0012308471204417397,0.0012110058506004699
2019-08-22,0.0022918078283082543,0.0022918078283082543,0.0022719665584669843,0.0015128985686653443,0.0015128985686653443,0.0014930572988240745,0.0019401545542430368,0.0019401545542430368,0.001920313284401767,0.0026959919615427465,0.0026959919615427465,0.0026761506917014764,0.00012915234968572764,0.00012915234968572764,0.0001093110798444578
2019-08-23,0.010016398590564975,0.010016398590564975,0.009996557320723704,-0.011605261566028566,-0.011605261566028566,-0.011625102835869837,0.006434042796254723,0.006434042796254723,0.006414201526413453,-0.0001782328864936185,-0.0001782328864936185,-0.00019807415633488833,-0.003360135580855374,-0.003360135580855374,-0.003379976850696644
2019-08-26,0.00837377539071111,0.00837377539071111,0.008353934120869839,-0.005837893654003784,-0.005837893654003784,-0.005857734923845053,0.004154082106332058,0.004154082106332058,0.004134240836490788,-0.005083599334098625,-0.005083599334098625,-0.0051034406039398945,-0.006923073563118891,-0.006923073563118891,-0.006942914832960161
2019-08-27,0.015855601350073703,0.015855601350073703,0.015835760080232433,-0.01708771439934236,-0.01708771439934236,-0.017107555669183632,0.01130511873134057,0.01130511873134057,0.0112852774614993,-0.007466424390354195,-0.007466424390354195,-0.007486265660195465,-0.0038591464522558807,-0.0038591464522558807,-0.0038789877220971507
2019-08-28,-0.011766525379803265,-0.011766525379803265,-0.011786366649644536,0.006836852766269021,0.006836852766269021,0.006817011496427752,-0.011342125081095169,-0.011342125081095169,-0.011361966350936439,-0.0021222736052632155,-0.0021222736052632155,-0.0021421148751044855,0.0015776728128104565,0.0015776728128104565,0.0015578315429691867
2019-08-29,-0.007526523378127662,-0.007526523378127662,-0.007546364647968932,0.007360199424699648,0.007360199424699648,0.007340358154858379,-0.007507770000654348,-0.007507770000654348,-0.007527611270495617,0.004255087792932218,0.004255087792932218,0.004235246523090949,0.0012975887883193342,0.0012975887883193342,0.0012777475184780644
2019-08-30,-0.015083717381050011,-0.015083717381050011,-0.015103558650891281,0.006225690915141757,0.006225690915141757,0.006205849645300488,-0.002212019183521627,-0.002212019183521627,-0.002231860453362897,0.0098264673687673,0.0098264673687673,0.00980662609892603,0.0038311557463797997,0.0038311557463797997,0.0038113144765385297
2019-09-03,0.010918698551281972,0.012009607642191063,0.011198180474313596,-0.005970845776298944,-0.004015290220743388,-0.005421550379308023,-0.021326181946268195,-0.01768173750182375,-0.020294164646422617,-0.014385203528958277,-0.011185203528958278,-0.013472862400946552,-0.007837484485502503,-0.005170817818835837,-0.007086252523857705
2019-09-04,-0.01611741230883273,-0.01611741230883273,-0.016137253578674002,0.005619209316693579,0.005619209316693579,0.00559936804685231,0.013398483183822613,0.013398483183822613,0.013378641913981342,0.009484506993517215,0.009484506993517215,0.009464665723675944,0.004359357440672455,0.004359357440672455,0.004339516170831185
2019-09-05,-0.0265432242951933,-0.0265432242951933,-0.02656306556503457,0.016368163442938722,0.016368163442938722,0.01634832217309745,0.03376133806599523,0.03376133806599523,0.033741496796153965,0.02457757363101245,0.02457757363101245,0.02455773236117118,0.013395492343583759,0.013395492343583759,0.013375651073742488
2019-09-06,-0.0022270174395569546,-0.0022270174395569546,-0.0022468587093982246,0.0025339721662160897,0.0025339721662160897,0.0025141308963748197,0.003362525666291225,0.003362525666291225,0.003342684396449955,0.0027464253801182895,0.0027464253801182895,0.0027265841102770195,0.004957522328932923,0.004957522328932923,0.004937681059091654
2019-09-09,-0.05445694181798187,-0.05445694181798187,-0.05447678308782314,0.03215850058022514,0.03215850058022514,0.03213865931038387,0.04414293178419691,0.04414293178419691,0.044123090514355645,0.03911790384600507,0.03911790384600507,0.0390980625761638,0.015750150206913168,0.015750150206913168,0.015730308937071898
2019-09-10,-0.05011532026764233,-0.05011532026764233,-0.0501351615374836,0.035305135095500276,0.035305135095500276,0.03528529382565901,0.03377870009476393,0.03377870009476393,0.03375885882492266,0.03576674416911353,0.03576674416911353,0.035746902899272265,0.009405357579789872,0.009405357579789872,0.009385516309948602
2019-09-11,-0.01365867281282051,-0.01365867281282051,-0.013678514082661781,0.007902338087092696,0.007902338087092696,0.007882496817251426,0.01246573141368705,0.01246573141368705,0.01244589014384578,0.011822368024944227,0.011822368024944227,0.011802526755102957,0.004523818868074895,0.004523818868074895,0.004503977598233625
2019-09-12,0.017113942528111437,0.017113942528111437,0.017094101258270166,-0.009823599872013745,-0.009823599872013745,-0.009843441141855015,-0.011850428383328943,-0.011850428383328943,-0.011870269653170213,-0.011816059289730254,-0.011816059289730254,-0.011835900559571524,-0.007232875533278952,-0.007232875533278952,-0.0072527168031202216
2019-09-13,-0.010799134399290089,-0.010799134399290089,-0.01081897566913136,0.005530252158620947,0.005530252158620947,0.005510410888779678,0.006710114500367636,0.006710114500367636,0.006690273230526366,0.005010464910918043,0.005010464910918043,0.004990623641076774,-0.002612640649136533,-0.002612640649136533,-0.002632481918977803
2019-09-16,-0.01700855595408724,-0.01700855595408724,-0.017028397223928512,0.016085326796713532,0.016085326796713532,0.016065485526872262,0.019821098642973406,0.019821098642973406,0.019801257373132135,0.021764844774351415,0.021764844774351415,0.021745003504510144,0.005372592976242061,0.005372592976242061,0.005352751706400791
2019-09-17,0.03136736889577409,0.03136736889577409,0.031347527625932826,-0.020328185324641423,-0.020328185324641423,-0.020348026594482694,-0.02899084445029749,-0.02899084445029749,-0.02901068572013876,-0.026163501923118622,-0.026163501923118622,-0.026183343192959892,-0.009302030259917327,-0.009302030259917327,-0.009321871529758597
2019-09-18,0.0078092629862257755,0.0078092629862257755,0.007789421716384506,-0.008150101599491996,-0.008150101599491996,-0.008169942869333266,-0.006243140753200487,-0.006243140753200487,-0.006262982023041756,-0.007307922829883225,-0.007307922829883225,-0.007327764099724495,0.00038512625040474844,0.00038512625040474844,0.0003652849805634786
2019-09-19,0.0025976518960199773,0.0025976518960199773,0.0025778106261787072,-0.0016878935761453556,-0.0016878935761453556,-0.0017077348459866254,-0.006880567863727799,-0.006880567863727799,-0.006900409133569069,-0.0027165094467597236,-0.0027165094467597236,-0.0027363507166009936,9.714719971638591e-05,9.714719971638591e-05,7.730592987511607e-05
2019-09-20,0.000254105670910536,0.000254105670910536,0.00023426440106926618,0.003517437556781437,0.003517437556781437,0.003497596286940167,-0.00770939361779263,-0.00770939361779263,-0.007729234887633899,-0.00033176054523857473,-0.00033176054523857473,-0.00035160181507984454,-0.005207402135601594,-0.005207402135601594,-0.005227243405442864
2019-09-23,0.002270243042786721,0.002270243042786721,0.002250401772945451,-0.0010427032977442323,-0.0010427032977442323,-0.0010625445675855022,-0.0015629506956125986,-0.0015629506956125986,-0.0015827919654538684,-0.002779479218959323,-0.002779479218959323,-0.002799320488800593,-0.0006102466043992071,-0.0006102466043992071,-0.0006300878742404769
2019-09-24,0.015949822241406793,0.015949822241406793,0.015929980971565522,-0.007117054235426952,-0.007117054235426952,-0.007136895505268221,-0.02106984329549922,-0.02106984329549922,-0.02108968456534049,-0.01363511405677173,-0.01363511405677173,-0.013654955326613,-0.007724707095758672,-0.007724707095758672,-0.007744548365599941
2019-09-25,-0.009390006960549868,-0.009390006960549868,-0.009409848230391139,0.004146327467400066,0.004146327467400066,0.004126486197558796,0.01093957910583665,0.01093957910583665,0.01091973783599538,0.006687852780607956,0.006687852780607956,0.0066680115107666865,0.002455385456038936,0.002455385456038936,0.0024355441861976658
2019-09-26,0.014789005745385986,0.014789005745385986,0.014769164475544716,-0.005586724313917026,-0.005586724313917026,-0.005606565583758296,-0.013310908780002396,-0.013310908780002396,-0.013330750049843666,-0.010364219021851397,-0.010364219021851397,-0.010384060291692667,-0.004387331017308596,-0.004387331017308596,-0.0044071722871498655
2019-09-27,-0.011604854263729215,-0.011604854263729215,-0.011624695533570486,0.007208101372377013,0.007208101372377013,0.007188260102535743,0.0032398902551093057,0.0032398902551093057,0.0032200489852680357,0.0061718695829683454,0.0061718695829683454,0.006152028313127076,0.0037571818651216853,0.0037571818651216853,0.0037373405952804153
2019-09-30,0.003907987258324515,0.003907987258324515,0.0038881459884832453,-0.004078658884802154,-0.004078658884802154,-0.004098500154643424,-0.003038835160669974,-0.003038835160669974,-0.003058676430511244,-0.003695168076687678,-0.003695168076687678,-0.003715009346528948,-0.0022264646632461317,-0.0022264646632461317,-0.0022463059330874017
2019-10-01,0.015273786415918752,0.01656267530480764,0.015632444668597378,-0.01566130077126797,-0.013616856326823523,-0.015081243633855332,-0.013302327038042582,-0.011213438149153694,-0.01271067919399997,-0.017909195800083835,-0.015953640244528278,-0.017355277519617355,-0.010195595763598492,-0.0077511513191540465,-0.009504099348942866
2019-10-02,0.015638148393286477,0.015638148393286477,0.015618307123445207,-0.011135624158325686,-0.011135624158325686,-0.011155465428166957,-0.013274577666661473,-0.013274577666661473,-0.013294418936502744,-0.016603897196578683,-0.016603897196578683,-0.016623738466419954,-0.009057904108907996,-0.009057904108907996,-0.009077745378749266
2019-10-03,-0.0005311351198066766,-0.0005311351198066766,-0.0005509763896479464,0.0005407002050357573,0.0005407002050357573,0.0005208589351944875,0.0003988630943638177,0.0003988630943638177,0.0003790218245225479,-0.0004743018775282802,-0.0004743018775282802,-0.00049414314736955,-0.004718011704084559,-0.004718011704084559,-0.004737852973925829
2019-10-04,0.010621586351983873,0.010621586351983873,0.010601745082142603,-0.00870794682227508,-0.00870794682227508,-0.008727788092116351,-0.009211997992017535,-0.009211997992017535,-0.009231839261858806,-0.009882319175039327,-0.009882319175039327,-0.009902160444880598,-0.004708028385931651,-0.004708028385931651,-0.00472786965577292
2019-10-07,0.00246983339384399,0.00246983339384399,0.0024499921240027198,-0.0011555032250894976,-0.0011555032250894976,-0.0011753444949307674,-0.0034733002016591238,-0.0034733002016591238,-0.003493141471500394,-0.0012530557542832174,-0.0012530557542832174,-0.0012728970241244872,-0.006335562870701504,-0.006335562870701504,-0.006355404140542774
2019-10-08,0.016059762051386667,0.016059762051386667,0.016039920781545397,-0.01778990589573974,-0.01778990589573974,-0.01780974716558101,-0.015435140506869564,-0.015435140506869564,-0.015454981776710834,-0.014674272246626431,-0.014674272246626431,-0.014694113516467702,-0.014014468944550157,-0.014014468944550157,-0.014034310214391428
2019-10-09,0.0004258070313662596,0.0004258070313662596,0.00040596576152498976,0.0005310440201577464,0.0005310440201577464,0.0005112027503164766,0.0015779822612553992,0.0015779822612553992,0.0015581409914141294,-0.00022337134435248033,-0.00022337134435248033,-0.00024321261419375017,-0.001544951285239193,-0.001544951285239193,-0.001564792555080463
2019-10-10,-0.006557582780791744,-0.006557582780791744,-0.0065774240506330135,0.009150236669366162,0.009150236669366162,0.009130395399524892,0.009537807292780092,0.009537807292780092,0.009517966022938822,0.01104987427954699,0.01104987427954699,0.011030033009705719,0.0037362984932686836,0.0037362984932686836,0.0037164572234274136
2019-10-11,-0.032141152495897725,-0.032141152495897725,-0.03216099376573899,0.029245632106967512,0.029245632106967512,0.02922579083712624,0.031225091861282875,0.031225091861282875,0.031205250591441604,0.032501870642267394,0.032501870642267394,0.03248202937242613,0.024002350137744145,0.024002350137744145,0.023982508867902874
2019-10-14,0.0033840708555107494,0.0033840708555107494,0.0033642295856694793,-0.005122752878324491,-0.005122752878324491,-0.00514259414816576,0.001578267958641957,0.001578267958641957,0.0015584266888006872,-0.0012668895792210901,-0.0012668895792210901,-0.00128673084906236,-0.0023602197108670273,-0.0023602197108670273,-0.0023800609807082974
2019-10-15,-0.013953999231235298,-0.013953999231235298,-0.013973840501076569,0.011764336406846113,0.011764336406846113,0.011744495137004842,0.011306580437998388,0.011306580437998388,0.011286739168157117,0.012247540222720238,0.012247540222720238,0.012227698952878967,0.007110879880666532,0.007110879880666532,0.007091038610825263
2019-10-16,0.0009965506328754507,0.0009965506328754507,0.000976709363034181,-0.004665079881081622,-0.004665079881081622,-0.004684921150922891,-0.005075794885984298,-0.005075794885984298,-0.0050956361558255675,-0.004704691574971781,-0.004704691574971781,-0.00472453284481305,-0.00039037084356922935,-0.00039037084356922935,-0.00041021211341049917
2019-10-17,0.0037795694788356395,0.0037795694788356395,0.0037597282089943695,-0.0003816565660531966,-0.0003816565660531966,-0.0004014978358944664,-0.0015206200344326562,-0.0015206200344326562,-0.001540461304273926,-0.0013954832733953028,-0.0013954832733953028,-0.0014153245432365726,-0.003902905581719009,-0.003902905581719009,-0.003922746851560278
2019-10-18,0.011184221889186637,0.011184221889186637,0.011164380619345366,-0.010347034591272921,-0.010347034591272921,-0.010366875861114191,-0.013428100407179946,-0.013428100407179946,-0.013447941677021217,-0.010311935838575354,-0.010311935838575354,-0.010331777108416625,-0.0077793616051680115,-0.0077793616051680115,-0.007799202875009281
2019-10-21,-0.012587307135842583,-0.012587307135842583,-0.012607148405683853,0.01570504096253901,0.01570504096253901,0.01568519969269774,0.013957566885364606,0.013957566885364606,0.013937725615523335,0.01580470616306476,0.01580470616306476,0.01578486489322349,0.010139472669214151,0.010139472669214151,0.01011963139937288
2019-10-22,-0.03222157462121083,-0.03222157462121083,-0.032241415891052096,0.025574988860271007,0.025574988860271007,0.025555147590429737,0.011802837241503097,0.011802837241503097,0.011782995971661827,0.022384090392930274,0.022384090392930274,0.022364249123089004,0.0054568087879034236,0.0054568087879034236,0.005436967518062154
2019-10-23,-0.007149240701902522,-0.007149240701902522,-0.007169081971743791,0.005179518551801215,0.005179518551801215,0.0051596772819599455,0.0070949790371401126,0.0070949790371401126,0.007075137767298843,0.005888641585614144,0.005888641585614144,0.005868800315772874,0.0030446651818519534,0.0030446651818519534,0.0030248239120106834
2019-10-24,0.01097516469975111,0.01097516469975111,0.01095532342990984,-0.0004936564736859371,-0.0004936564736859371,-0.000513497743527207,2.7377499742173945e-05,2.7377499742173945e-05,7.536229900904104e-06,-0.0031681419421335814,-0.0031681419421335814,-0.0031879832119748514,-0.003451915885516867,-0.003451915885516867,-0.003471757155358137
2019-10-25,-0.022040878178921815,-0.022040878178921815,-0.022060719448763085,0.012944112458175932,0.012944112458175932,0.012924271188334661,0.018794816831958473,0.018794816831958473,0.018774975562117203,0.02092521483693348,0.02092521483693348,0.020905373567092208,0.01101163984438347,0.01101163984438347,0.010991798574542199
2019-10-28,-0.005176345164440376,-0.005176345164440376,-0.005196186434281646,0.009218938642330258,0.009218938642330258,0.009199097372488987,0.011153566910584023,0.011153566910584023,0.011133725640742753,0.011122653581698817,0.011122653581698817,0.011102812311857547,0.008493991894514953,0.008493991894514953,0.008474150624673682
2019-10-29,-0.00039524982973245795,-0.00039524982973245795,-0.00041509109957372776,-0.003249367531449118,-0.003249367531449118,-0.0032692088012903882,-0.00314279083373441,-0.00314279083373441,-0.00316263210357568,-0.0032337113211109245,-0.0032337113211109245,-0.0032535525909521946,-0.005016960183994115,-0.005016960183994115,-0.005036801453835385
2019-10-30,0.023703945238313432,0.023703945238313432,0.02368410396847216,-0.00957153861506453,-0.00957153861506453,-0.0095913798849058,-0.013686961838922443,-0.013686961838922443,-0.013706803108763713,-0.013526931875309975,-0.013526931875309975,-0.013546773145151245,-0.008234826269874878,-0.008234826269874878,-0.008254667539716149
2019-10-31,0.002968296053308392,0.002968296053308392,0.002948454783467122,-0.0025724231037682916,-0.0025724231037682916,-0.0025922643736095616,-0.00951104813169984,-0.00951104813169984,-0.00953088940154111,-0.008671854357446728,-0.008671854357446728,-0.008691695627287999,-0.011641807486253597,-0.011641807486253597,-0.011661648756094867
2019-11-01,-0.023997039036128643,-0.022441483480573086,-0.02355959713612827,0.024787632365287263,0.026520965698620596,0.02527649863480379,0.02413045249853926,0.025997119165205924,0.024656088995361078,0.027334297910419095,0.028800964577085763,0.027745494925423813,0.01495235932783961,0.017396803772284055,0.015642401272756623
2019-11-04,-0.0314512598871108,-0.0314512598871108,-0.031471101156952064,0.029730311101401313,0.029730311101401313,0.029710469831560043,0.029574455453419857,0.029574455453419857,0.029554614183578586,0.03606313084476147,0.03606313084476147,0.0360432895749202,0.015095571671088914,0.015095571671088914,0.015075730401247643
2019-11-05,-0.011992532236052632,-0.011992532236052632,-0.012012373505893903,0.013800519539615612,0.013800519539615612,0.013780678269774341,0.015474702085448025,0.015474702085448025,0.015454860815606755,0.0193276046107592,0.0193276046107592,0.019307763340917928,0.007144781021072917,0.007144781021072917,0.0071249397512316475
2019-11-06,0.021370859012917034,0.021370859012917034,0.021351017743075764,-0.017349272978874654,-0.017349272978874654,-0.017369114248715924,-0.01838085364315157,-0.01838085364315157,-0.01840069491299284,-0.02012746319400787,-0.02012746319400787,-0.02014730446384914,-0.01310242554270059,-0.01310242554270059,-0.01312226681254186
2019-11-07,-0.0178994362132164,-0.0178994362132164,-0.01791927748305767,0.018506871807846104,0.018506871807846104,0.018487030538004833,0.014307618559705651,0.014307618559705651,0.01428777728986438,0.022159856638524284,0.022159856638524284,0.022140015368683014,-3.038277054098759e-06,-3.038277054098759e-06,-2.28795468953686e-05
2019-11-08,-0.003730598693296313,-0.003730598693296313,-0.003750439963137583,0.003393377542662984,0.003393377542662984,0.003373536272821714,0.004776681541077377,0.004776681541077377,0.004756840271236107,0.0050453069536760455,0.0050453069536760455,0.005025465683834776,0.006833604942222032,0.006833604942222032,0.006813763672380763
2019-11-11,0.007856966288374689,0.007856966288374689,0.007837125018533418,-0.0038630596040100094,-0.0038630596040100094,-0.0038829008738512794,-0.003518166747628351,-0.003518166747628351,-0.003538008017469621,-0.005304424234071223,-0.005304424234071223,-0.005324265503912492,0.0024442978698531598,0.0024442978698531598,0.0024244566000118897
2019-11-12,0.003782672464439059,0.003782672464439059,0.003762831194597789,-0.0034545759699953884,-0.0034545759699953884,-0.0034744172398366584,0.0026997383374346403,0.0026997383374346403,0.0026798970675933702,-0.0010683505276693026,-0.0010683505276693026,-0.0010881917975105724,0.002144806801774604,0.002144806801774604,0.002124965531933334
2019-11-13,0.017175674969068532,0.017175674969068532,0.01715583369922726,-0.02226479334643717,-0.02226479334643717,-0.02228463461627844,-0.020204812208032774,-0.020204812208032774,-0.020224653477874045,-0.024416694634827457,-0.024416694634827457,-0.024436535904668728,-0.015243901262693262,-0.015243901262693262,-0.015263742532534532
2019-11-14,0.003642552890504774,0.003642552890504774,0.003622711620663504,-0.0022781370850120234,-0.0022781370850120234,-0.0022979783548532935,-0.0027640951166426047,-0.0027640951166426047,-0.0027839363864838747,-0.002020274471384418,-0.002020274471384418,-0.002040115741225688,-0.004276863063720232,-0.004276863063720232,-0.0042967043335615015
2019-11-15,-0.012060079452535191,-0.012060079452535191,-0.012079920722376462,0.009792465150714814,0.009792465150714814,0.009772623880873544,0.008866976905029755,0.008866976905029755,0.008847135635188484,0.010702073382157022,0.010702073382157022,0.010682232112315752,0.007017628390426321,0.007017628390426321,0.006997787120585052
2019-11-18,0.008829326775040185,0.008829326775040185,0.008809485505198915,-0.007819543356458021,-0.007819543356458021,-0.007839384626299292,-0.011314294857057854,-0.011314294857057854,-0.011334136126899125,-0.011800139686052634,-0.011800139686052634,-0.011819980955893905,-0.008847031096656396,-0.008847031096656396,-0.008866872366497667
2019-11-19,0.01465076416878694,0.01465076416878694,0.014630922898945669,-0.010001082955828789,-0.010001082955828789,-0.01002092422567006,-0.008361203860435864,-0.008361203860435864,-0.008381045130277135,-0.009783352838309695,-0.009783352838309695,-0.009803194108150965,0.00136983662951729,0.00136983662951729,0.0013499953596760202
2019-11-20,0.0044565048678228995,0.0044565048678228995,0.00443666359798163,-0.012117442570458452,-0.012117442570458452,-0.012137283840299723,-0.005580847934009315,-0.005580847934009315,-0.005600689203850585,-0.008097909184754119,-0.008097909184754119,-0.008117750454595389,0.0012995509567033518,0.0012995509567033518,0.001279709686862082
2019-11-21,-0.01481625611660872,-0.01481625611660872,-0.014836097386449991,0.008368268875550287,0.008368268875550287,0.008348427605709016,0.012177260112015574,0.012177260112015574,0.012157418842174304,0.011339188127284943,0.011339188127284943,0.011319346857443673,0.00843988458121896,0.00843988458121896,0.00842004331137769
2019-11-22,-0.012781068032566565,-0.012781068032566565,-0.012800909302407836,0.009659993177036433,0.009659993177036433,0.009640151907195162,0.008125842487838495,0.008125842487838495,0.008106001217997224,0.010349334933322837,0.010349334933322837,0.010329493663481567,0.007839345174854748,0.007839345174854748,0.007819503905013478
2019-11-25,-0.007779837657270581,-0.007779837657270581,-0.007799678927111851,0.016847975749018047,0.016847975749018047,0.016828134479176776,0.017257970453907926,0.017257970453907926,0.017238129184066656,0.01632588529188455,0.01632588529188455,0.01630604402204328,0.007387853471335886,0.007387853471335886,0.007368012201494616
2019-11-26,0.01725777969875936,0.01725777969875936,0.01723793842891809,-0.009115143745739337,-0.009115143745739337,-0.009134985015580608,-0.015976677147395778,-0.015976677147395778,-0.015996518417237048,-0.014605540180300003,-0.014605540180300003,-0.014625381450141273,-0.008760886102529581,-0.008760886102529581,-0.008780727372370851
2019-11-27,-0.0030576694558111356,-0.0030576694558111356,-0.0030775107256524057,0.005735171660146364,0.005735171660146364,0.005715330390305094,0.0061474418903111555,0.0061474418903111555,0.006127600620469886,0.0056962859107685246,0.0056962859107685246,0.005676444640927255,0.007053100775068925,0.007053100775068925,0.007033259505227656
2019-11-29,0.0006424822480777198,0.0006424822480777198,0.00062264097823645,-0.0031551814583183732,-0.0031551814583183732,-0.0031750227281596433,-0.0036076998277194037,-0.0036076998277194037,-0.0036275410975606737,-0.0052023059944715025,-0.0052023059944715025,-0.005222147264312772,-0.0007810315191373908,-0.0007810315191373908,-0.0008008727889786606
2019-12-02,-0.005880862358430848,-0.004814195691764182,-0.005586557950748091,-0.0005184842641960249,0.0018370712913595303,0.00015358505469146414,-0.005122530028038938,-0.002633641139150049,-0.004412369307421827,-0.002491702815616289,-0.00031392503783851146,-0.0018706311798065741,-0.009087097640938418,-0.006598208752049528,-0.008380386543734696
2019-12-03,0.0166380539467057,0.0166380539467057,0.01661821267686443,-0.006548320959537053,-0.006548320959537053,-0.0065681622293783225,-0.0071593893577191255,-0.0071593893577191255,-0.007179230627560395,-0.009637160012147494,-0.009637160012147494,-0.009657001281988764,-0.0025342763109349195,-0.0025342763109349195,-0.0025541175807761896
2019-12-04,-0.01252269882350484,-0.01252269882350484,-0.01254254009334611,0.003329195799512558,0.003329195799512558,0.0033093545296712878,0.0052633362354341994,0.0052633362354341994,0.00524349496559293,0.004827663560520673,0.004827663560520673,0.004807822290679403,-0.00015281288253568212,-0.00015281288253568212,-0.00017265415237695196
2019-12-05,0.0049657617668971196,0.0049657617668971196,0.00494592049705585,-0.002281193593527786,-0.002281193593527786,-0.002301034863369056,-0.001664329937152751,-0.001664329937152751,-0.0016841712069940208,-0.0015322858239522766,-0.0015322858239522766,-0.0015521270937935464,0.001618860775250696,0.001618860775250696,0.0015990195054094263
2019-12-06,-0.017784283081225156,-0.017784283081225156,-0.017804124351066427,0.004826732034210816,0.004826732034210816,0.004806890764369546,0.0050409375602892366,0.0050409375602892366,0.005021096290447967,0.007783530476096575,0.007783530476096575,0.007763689206255305,0.0010888875359467399,0.0010888875359467399,0.00106904626610547
2019-12-09,-0.0025135194405392232,-0.0025135194405392232,-0.0025333607103804933,-0.0004510802414477639,-0.0004510802414477639,-0.0004709215112890337,0.0018338508319432978,0.0018338508319432978,0.001814009562102028,-0.0008595735606059143,-0.0008595735606059143,-0.0008794148304471841,0.003479748284377986,0.003479748284377986,0.003459907014536716
2019-12-10,0.0022129685923939664,0.0022129685923939664,0.0021931273225526964,-0.0019124183714818903,-0.0019124183714818903,-0.0019322596413231601,0.005050940608302152,0.005050940608302152,0.005031099338460882,-0.00039410285454777056,-0.00039410285454777056,-0.0004139441243890404,0.0005712504538380442,0.0005712504538380442,0.0005514091839967744
2019-12-11,0.0033902430373715085,0.0033902430373715085,0.0033704017675302385,-0.0009057990536704367,-0.0009057990536704367,-0.0009256403235117065,0.0022872801673090165,0.0022872801673090165,0.0022674388974677465,0.0008326712495501688,0.0008326712495501688,0.000812829979708899,-0.0019431564063451979,-0.0019431564063451979,-0.0019629976761864677
2019-12-12,-0.019202181814823648,-0.019202181814823648,-0.01922202308466492,0.0025375240027786733,0.0025375240027786733,0.0025176827329374033,0.006914152003426031,0.006914152003426031,0.006894310733584761,0.009209453466374314,0.009209453466374314,0.009189612196533043,0.0030034461931326886,0.0030034461931326886,0.0029836049232914185
2019-12-13,0.015713659964235398,0.015713659964235398,0.015693818694394127,-0.0064580654762729775,-0.0064580654762729775,-0.006477906746114247,-0.005340888317444483,-0.005340888317444483,-0.005360729587285753,-0.007620667990292701,-0.007620667990292701,-0.007640509260133971,-0.005670566125790623,-0.005670566125790623,-0.0056904073956318925
2019-12-16,-0.0023312902007340697,-0.0023312902007340697,-0.0023511314705753398,-0.0001557978917498847,-0.0001557978917498847,-0.00017563916159115455,0.008578784085385694,0.008578784085385694,0.008558942815544424,0.0007949701370572543,0.0007949701370572543,0.0007751288672159845,-0.0004115937983717481,-0.0004115937983717481,-0.0004314350682130179
2019-12-17,-0.00365972612371614,-0.00365972612371614,-0.00367956739355741,0.004456906171048266,0.004456906171048266,0.004437064901206996,-0.0020884729611248534,-0.0020884729611248534,-0.0021083142309661234,0.0040856003131509895,0.0040856003131509895,0.00406575904330972,0.0017769674772238997,0.0017769674772238997,0.0017571262073826299
2019-12-18,-0.006413178827280095,-0.006413178827280095,-0.006433020097121365,0.006851863469841818,0.006851863469841818,0.006832022200000548,0.007491629831765925,0.007491629831765925,0.007471788561924655,0.007817487290985747,0.007817487290985747,0.007797646021144478,0.0057751145692128865,0.0057751145692128865,0.005755273299371617
2019-12-19,-0.0018213910194587735,-0.0018213910194587735,-0.0018412322893000433,0.0030271605859060733,0.0030271605859060733,0.0030073193160648033,0.0029691968186038517,0.0029691968186038517,0.0029493555487625817,0.005430275918569111,0.005430275918569111,0.005410434648727842,-0.0017110638225553037,-0.0017110638225553037,-0.0017309050923965735
2019-12-20,0.00048484274116435003,0.00048484274116435003,0.0004650014713230802,-0.0030312396395653484,-0.0030312396395653484,-0.0030510809094066184,0.002529418421988722,0.002529418421988722,0.002509577152147452,0.0009435316101462298,0.0009435316101462298,0.00092369034030496,-0.0044522250902471715,-0.0044522250902471715,-0.004472066360088441
2019-12-23,-0.014408560242642759,-0.014408560242642759,-0.01442840151248403,0.009060776351554277,0.009060776351554277,0.009040935081713006,0.007894293522463689,0.007894293522463689,0.007874452252622418,0.010411266182820103,0.010411266182820103,0.010391424912978833,0.002087938667399309,0.002087938667399309,0.002068097397558039
2019-12-24,0.003605409731035852,0.003605409731035852,0.003585568461194582,-0.0017130170090533378,-0.0017130170090533378,-0.0017328582788946076,0.0008680047861354775,0.0008680047861354775,0.0008481635162942077,-0.0013989846768877887,-0.0013989846768877887,-0.0014188259467290585,-0.001961276806042488,-0.001961276806042488,-0.001981118075883758
2019-12-26,0.0007563192976191655,0.0007563192976191655,0.0007364780277778957,-0.0039681118227648535,-0.0039681118227648535,-0.003987953092606123,0.0008886328435990204,0.0008886328435990204,0.0008687915737577506,-0.0026015215771286685,-0.0026015215771286685,-0.0026213628469699385,0.003839748802126791,0.003839748802126791,0.0038199075322855208
2019-12-27,0.004839311294612616,0.004839311294612616,0.004819470024771347,-0.0023612774682260362,-0.0023612774682260362,-0.0023811187380673063,-0.004836950713979264,-0.004836950713979264,-0.004856791983820534,-0.00469799718735759,-0.00469799718735759,-0.00471783845719886,-0.003609002820441099,-0.003609002820441099,-0.0036288440902823692
2019-12-30,-0.0006087121043698036,-0.0006087121043698036,-0.0006285533742110734,0.0008713995696375688,0.0008713995696375688,0.000851558299796299,-0.0002152943170554625,-0.0002152943170554625,-0.00023513558689673234,0.0008516822873691058,0.0008516822873691058,0.000831841017527836,0.0018209797535665257,0.0018209797535665257,0.001801138483725256
2019-12-31,-0.006791278314026426,-0.006791278314026426,-0.0068111195838676955,0.00257321539462847,0.00257321539462847,0.0025533741247872,0.005989910264896957,0.005989910264896957,0.005970068995055687,0.004816284498396025,0.004816284498396025,0.004796443228554755,0.0027617598037911295,0.0027617598037911295,0.0027419185339498595
2020-01-02,0.01188986282717951,0.01188986282717951,0.01187002155733824,-0.007154438992185326,-0.007154438992185326,-0.007174280262026596,0.0007175540287943299,0.0007175540287943299,0.0006977127589530601,-0.005081198856685247,-0.005081198856685247,-0.005101040126526517,0.004235946080972344,0.004235946080972344,0.004216104811131075
2020-01-03,-0.00046399577363130326,-0.00046399577363130326,-0.00048383704347257307,-0.0025801691576921577,-0.0025801691576921577,-0.0026000104275334278,-0.0028762945839181375,-0.0028762945839181375,-0.0028961358537594076,-0.0016933756155088065,-0.0016933756155088065,-0.0017132168853500763,0.0023514915863331286,0.0023514915863331286,0.0023316503164918585
2020-01-06,-0.006717356809453068,-0.006717356809453068,-0.006737198079294337,0.002300227182506655,0.002300227182506655,0.002280385912665385,0.0029056605442165516,0.0029056605442165516,0.0028858192743752816,0.004016616790204618,0.004016616790204618,0.003996775520363348,0.0004938691751976872,0.0004938691751976872,0.00047402790535641735
2020-01-07,-0.004989936185064801,-0.004989936185064801,-0.00500977745490607,0.004841553407116815,0.004841553407116815,0.004821712137275546,0.009832317006523306,0.009832317006523306,0.009812475736682036,0.010382125180417083,0.010382125180417083,0.010362283910575813,0.006265844756693668,0.006265844756693668,0.006246003486852399
2020-01-08,0.004092684827774253,0.004092684827774253,0.004072843557932983,-0.00516112721669129,-0.00516112721669129,-0.005180968486532559,-0.003358701257790011,-0.003358701257790011,-0.003378542527631281,-0.004185391114065692,-0.004185391114065692,-0.0042052323839069615,-0.00489349239251823,-0.00489349239251823,-0.0049133336623594995
2020-01-09,0.006538014718713031,0.006538014718713031,0.006518173448871761,-0.0061814282469756735,-0.0061814282469756735,-0.006201269516816943,-0.00518288826678622,-0.00518288826678622,-0.0052027295366274895,-0.007460329271980691,-0.007460329271980691,-0.007480170541821961,0.00556424603329183,0.00556424603329183,0.005544404763450561
2020-01-10,-0.00046098973052838884,-0.00046098973052838884,-0.00048083100036965865,-0.0024644340953447366,-0.0024644340953447366,-0.0024842753651860066,-0.0028504477410035934,-0.0028504477410035934,-0.0028702890108448635,-0.003022722287294593,-0.003022722287294593,-0.003042563557135863,4.3115732752177114e-05,4.3115732752177114e-05,2.3274462910907273e-05
2020-01-13,0.004308244572119766,0.004308244572119766,0.004288403302278496,0.0009811956325772682,0.0009811956325772682,0.0009613543627359983,0.002244836303805021,0.002244836303805021,0.002224995033963751,0.0013657171797577554,0.0013657171797577554,0.0013458759099164855,0.00033721349083010036,0.00033721349083010036,0.00031737222098883054
2020-01-14,-0.010499695304780307,-0.010499695304780307,-0.010519536574621577,0.0061389004715093586,0.0061389004715093586,0.006119059201668089,0.0027949457501933875,0.0027949457501933875,0.0027751044803521175,0.007024763960720955,0.007024763960720955,0.007004922690879685,-0.0015807189705120512,-0.0015807189705120512,-0.001600560240353321
2020-01-15,0.0023774916304174862,0.0023774916304174862,0.0023576503605762162,-0.0011336543785814119,-0.0011336543785814119,-0.0011534956484226817,-0.004426540216105702,-0.004426540216105702,-0.004446381485946972,-0.002878760576775778,-0.002878760576775778,-0.002898601846617048,-0.005021329323511183,-0.005021329323511183,-0.0050411705933524524
2020-01-16,0.003090902954351813,0.003090902954351813,0.003071061684510543,0.0013436680679186374,0.0013436680679186374,0.0013238267980773676,0.0009634201088117708,0.0009634201088117708,0.000943578838970501,0.0002700004179491371,0.0002700004179491371,0.00025015914810786724,0.00026803676041910066,0.00026803676041910066,0.00024819549057783085
2020-01-17,0.004778635651419467,0.004778635651419467,0.004758794381578197,-0.005669910918772336,-0.005669910918772336,-0.005689752188613606,-0.006298036947114503,-0.006298036947114503,-0.006317878216955773,-0.0056232785895816775,-0.0056232785895816775,-0.005643119859422947,-0.00047201662158725065,-0.00047201662158725065,-0.0004918578914285205
2020-01-21,0.007812632146099553,0.007812632146099553,0.007792790876258283,-0.007452259962637781,-0.007452259962637781,-0.007472101232479051,-0.0054722141337403205,-0.0054722141337403205,-0.00549205540358159,-0.008891153996194955,-0.008891153996194955,-0.008910995266036226,-0.002803083031291968,-0.002803083031291968,-0.0028229243011332382
2020-01-22,0.010785999458279974,0.010785999458279974,0.010766158188438704,-0.009081801916317273,-0.009081801916317273,-0.009101643186158543,-0.0020582380584872255,-0.0020582380584872255,-0.0020780793283284955,-0.0060092858426374135,-0.0060092858426374135,-0.006029127112478683,-0.005377133319651408,-0.005377133319651408,-0.0053969745894926775
2020-01-23,0.0017175985380937552,0.0017175985380937552,0.0016977572682524854,0.004088000801397765,0.004088000801397765,0.004068159531556495,-0.0012867798028487797,-0.0012867798028487797,-0.0013066210726900495,-0.001296983438720294,-0.001296983438720294,-0.0013168247085615639,-0.0008000024512154807,-0.0008000024512154807,-0.0008198437210567506
2020-01-24,0.0026296272322098753,0.0026296272322098753,0.0026097859623686053,-0.0032562935752526194,-0.0032562935752526194,-0.0032761348450938894,-0.004133867975307472,-0.004133867975307472,-0.004153709245148742,-0.0051142584418418105,-0.0051142584418418105,-0.00513409971168308,-0.0008800514123903857,-0.0008800514123903857,-0.0008998926822316555
2020-01-27,0.0087741865050207,0.0087741865050207,0.00875434523517943,-0.010231432509327145,-0.010231432509327145,-0.010251273779168416,-0.009474373179549729,-0.009474373179549729,-0.009494214449391,-0.011208686642760587,-0.011208686642760587,-0.011228527912601857,-0.004342425608725721,-0.004342425608725721,-0.004362266878566991
2020-01-28,0.015381866613858186,0.015381866613858186,0.015362025344016915,-0.004312956630994281,-0.004312956630994281,-0.0043327979008355505,0.0014974301448996495,0.0014974301448996495,0.0014775888750583797,-0.006150157986444749,-0.006150157986444749,-0.006169999256286018,-0.0021681303240118225,-0.0021681303240118225,-0.0021879715938530925
2020-01-29,-0.0009200627237047389,-0.0009200627237047389,-0.0009399039935460087,-0.0012514403026493137,-0.0012514403026493137,-0.0012712815724905836,0.0015145999139502104,0.0015145999139502104,0.0014947586441089406,-0.0014367597038791764,-0.0014367597038791764,-0.0014566009737204462,0.009153147241985007,0.009153147241985007,0.009133305972143737
2020-01-30,0.0060869451547408415,0.0060869451547408415,0.006067103884899572,-0.0039484068839856805,-0.0039484068839856805,-0.00396824815382695,0.001888687625924823,0.001888687625924823,0.0018688463560835532,-0.0035951920557493466,-0.0035951920557493466,-0.0036150333255906167,0.009968370541058513,0.009968370541058513,0.009948529271217242
2020-01-31,-0.005031100844736464,-0.005031100844736464,-0.005050942114577734,0.0033054231244262176,0.0033054231244262176,0.0032855818545849476,0.0022151474430831845,0.0022151474430831845,0.0021953061732419145,0.0007057413596438182,0.0007057413596438182,0.0006859000898025483,0.003400979079224448,0.003400979079224448,0.003381137809383178
2020-02-03,0.010737951692956901,0.0119379516929569,0.011071978667268351,-0.004437362586946517,-0.0023929181425020726,-0.0038545549715470547,-0.0014294443516602046,0.0007038889816731285,-0.0008385678110147539,-0.005701007887043856,-0.0037454523314883006,-0.005145012818201468,-0.0029106927928387854,-0.00024402612617211903,-0.0021664912397082754
2020-02-04,-0.004479257620883755,-0.004479257620883755,-0.004499098890725025,0.008879305144706527,0.008879305144706527,0.008859463874865256,0.010575978491840646,0.010575978491840646,0.010556137221999376,0.009819156523107213,0.009819156523107213,0.009799315253265942,0.006181942292044355,0.006181942292044355,0.006162101022203085
2020-02-05,-0.02902410565566622,-0.02902410565566622,-0.02904394692550749,0.02749783658937642,0.02749783658937642,0.02747799531953515,0.021375736053314866,0.021375736053314866,0.021355894783473595,0.030494197739036978,0.030494197739036978,0.030474356469195708,0.014076947860450988,0.014076947860450988,0.014057106590609717
2020-02-06,0.0013484608849382343,0.0013484608849382343,0.0013286196150969645,-0.006440940446870324,-0.006440940446870324,-0.006460781716711593,-0.007454840993541845,-0.007454840993541845,-0.007474682263383115,-0.011043384795911392,-0.011043384795911392,-0.011063226065752663,-0.005504134845054284,-0.005504134845054284,-0.005523976114895554
2020-02-07,0.002472070747530494,0.002472070747530494,0.002452229477689224,-0.008301070513861298,-0.008301070513861298,-0.008320911783702568,-0.012732041650957995,-0.012732041650957995,-0.012751882920799266,-0.010448933362812413,-0.010448933362812413,-0.010468774632653683,-0.006544203998749972,-0.006544203998749972,-0.006564045268591241
2020-02-10,0.01720706129160951,0.01720706129160951,0.01718722002176824,-0.007089880475799667,-0.007089880475799667,-0.007109721745640936,-0.00246596168462286,-0.00246596168462286,-0.00248580295446413,-0.008379645514728116,-0.008379645514728116,-0.008399486784569386,0.00149858622648904,0.00149858622648904,0.0014787449566477703
2020-02-11,-0.0025613813736768618,-0.0025613813736768618,-0.0025812226435181318,0.002242153220519777,0.002242153220519777,0.002222311950678507,0.0020520880686430683,0.0020520880686430683,0.0020322467988017983,0.002434061907428712,0.002434061907428712,0.002414220637587442,0.005024732896164898,0.005024732896164898,0.005004891626323628
2020-02-12,-0.004765425736762615,-0.004765425736762615,-0.004785267006603884,0.009604947769747156,0.009604947769747156,0.009585106499905885,0.013600022728298192,0.013600022728298192,0.013580181458456922,0.017874864312998215,0.017874864312998215,0.017855023043156944,0.0010402782151060857,0.0010402782151060857,0.0010204369452648159
2020-02-13,0.011539839509601465,0.011539839509601465,0.011519998239760194,-0.016322213359440126,-0.016322213359440126,-0.016342054629281396,-0.009991741948849737,-0.009991741948849737,-0.010011583218691007,-0.012611699937549455,-0.012611699937549455,-0.012631541207390726,-0.004222950805780136,-0.004222950805780136,-0.004242792075621405
2020-02-14,0.0075597431909721485,0.0075597431909721485,0.007539901921130879,-0.00931571745848352,-0.00931571745848352,-0.00933555872832479,-0.006853340636319399,-0.006853340636319399,-0.006873181906160669,-0.01012438595656516,-0.01012438595656516,-0.01014422722640643,-0.0004936219294780363,-0.0004936219294780363,-0.0005134631993193061
2020-02-18,-0.00011744700269616373,-0.00011744700269616373,-0.00013728827253743357,-0.0038930591229681816,-0.0038930591229681816,-0.003912900392809451,-0.006252439797061839,-0.006252439797061839,-0.006272281066903108,-0.008018886127219871,-0.008018886127219871,-0.008038727397061142,-0.003459108283662059,-0.003459108283662059,-0.003478949553503329
2020-02-19,0.00341169445302993,0.00341169445302993,0.0033918531831886598,0.0028633371022723218,0.0028633371022723218,0.0028434958324310517,0.013683282051789751,0.013683282051789751,0.01366344078194848,0.008630455814016657,0.008630455814016657,0.008610614544175386,0.0006552740779854144,0.0006552740779854144,0.0006354328081441446
2020-02-20,-0.012434086691292947,-0.012434086691292947,-0.012453927961134217,0.010748947385246265,0.010748947385246265,0.010729106115404995,-0.00438159234009119,-0.00438159234009119,-0.004401433609932459,0.00493585993107349,0.00493585993107349,0.00491601866123222,-0.0033589713673190806,-0.0033589713673190806,-0.0033788126371603507
2020-02-21,-0.01065813832143278,-0.01065813832143278,-0.010677979591274051,-0.0021495065198129364,-0.0021495065198129364,-0.0021693477896542065,-0.015508230435861909,-0.015508230435861909,-0.015528071705703179,-0.009770498417823585,-0.009770498417823585,-0.009790339687664856,-0.004221347635113533,-0.004221347635113533,-0.004241188904954803
2020-02-24,0.008210037436154408,0.008210037436154408,0.008190196166313137,-0.014104200962513483,-0.014104200962513483,-0.014124042232354753,-0.016931801130586527,-0.016931801130586527,-0.016951642400427798,-0.020362797760672097,-0.020362797760672097,-0.020382639030513367,-0.00669774795015594,-0.00669774795015594,-0.006717589219997209
2020-02-25,0.009631906094363325,0.009631906094363325,0.009612064824522055,-0.01648666258666268,-0.01648666258666268,-0.01650650385650395,-0.011835070270368531,-0.011835070270368531,-0.011854911540209801,-0.016468895065500706,-0.016468895065500706,-0.016488736335341977,-0.0030152068294824457,-0.0030152068294824457,-0.0030350480993237157
2020-02-26,0.019289393176792628,0.019289393176792628,0.019269551906951357,-0.017038818065637153,-0.017038818065637153,-0.017058659335478423,-0.00893598863854104,-0.00893598863854104,-0.00895582990838231,-0.016501089530955367,-0.016501089530955367,-0.016520930800796637,-0.0020553437706932395,-0.0020553437706932395,-0.0020751850405345096
2020-02-27,-0.005450110524041308,-0.005450110524041308,-0.0054699517938825775,0.005732768031781415,0.005732768031781415,0.005712926761940146,0.006892668172813007,0.006892668172813007,0.006872826902971738,0.004787181190210214,0.004787181190210214,0.004767339920368944,0.0017987305202913032,0.0017987305202913032,0.0017788892504500334
2020-02-28,0.00508299600057613,0.00508299600057613,0.00506315473073486,0.010047996516917979,0.010047996516917979,0.010028155247076708,0.026079225724703475,0.026079225724703475,0.026059384454862205,0.019537243404629992,0.019537243404629992,0.01951740213478872,0.0019311033185631103,0.0019311033185631103,0.0019112620487218405
2020-03-02,0.023101586429015324,0.024123808651237547,0.023379647544108505,-0.02913158226629515,-0.02704269337740626,-0.028542485926234065,-0.024573798124574976,-0.02190713145790831,-0.023816266192259836,-0.027359529960776178,-0.025448418849665068,-0.026822232313555464,0.0034395320909837972,0.006017309868761575,0.0041337065114987045
2020-03-03,0.01293421302919,0.01293421302919,0.012914371759348729,-0.01813230326067093,-0.01813230326067093,-0.018152144530512202,-0.017554814338697874,-0.017554814338697874,-0.017574655608539144,-0.020548044369624485,-0.020548044369624485,-0.020567885639465756,-0.015018924388434003,-0.015018924388434003,-0.015038765658275274
2020-03-04,0.02513156830804199,0.02513156830804199,0.02511172703820072,-0.0325431781458634,-0.0325431781458634,-0.032563019415704664,-0.033925480191212255,-0.033925480191212255,-0.03394532146105352,-0.03508534239075555,-0.03508534239075555,-0.03510518366059682,0.001761608783986659,0.001761608783986659,0.0017417675141453892
2020-03-05,0.01896311071074254,0.01896311071074254,0.01894326944090127,-0.032544063841303615,-0.032544063841303615,-0.03256390511114488,-0.02580323602009497,-0.02580323602009497,-0.02582307728993624,-0.030242332047831874,-0.030242332047831874,-0.030262173317673145,-0.0027463453129768596,-0.0027463453129768596,-0.0027661865828181296
2020-03-06,0.023234592666492946,0.023234592666492946,0.023214751396651676,-0.023472236516254984,-0.023472236516254984,-0.023492077786096254,-0.0234469793237363,-0.0234469793237363,-0.023466820593577572,-0.02259229908572869,-0.02259229908572869,-0.02261214035556996,-0.002103103938251265,-0.002103103938251265,-0.002122945208092535
2020-03-09,0.08476521449908554,0.08476521449908554,0.08474537322924428,-0.08817676700968677,-0.08817676700968677,-0.08819660827952804,-0.08511083045782956,-0.08511083045782956,-0.08513067172767083,-0.09339709197302135,-0.09339709197302135,-0.09341693324286261,-0.008725909223520432,-0.008725909223520432,-0.008745750493361702
2020-03-10,-0.009767895978549808,-0.009767895978549808,-0.009787737248391078,0.020838086380468697,0.020838086380468697,0.020818245110627426,0.01814418110705262,0.01814418110705262,0.01812433983721135,0.02284911942116368,0.02284911942116368,0.02282927815132241,0.020055504735642788,0.020055504735642788,0.020035663465801518
2020-03-11,0.025111636126551602,0.025111636126551602,0.025091794856710332,-0.031473139924912165,-0.031473139924912165,-0.03149298119475343,-0.026660562956662203,-0.026660562956662203,-0.026680404226503474,-0.030263204489837152,-0.030263204489837152,-0.030283045759678422,0.016539750397725747,0.016539750397725747,0.016519909127884477
2020-03-12,0.04397590805436053,0.04397590805436053,0.043956066784519264,-0.0548800028592511,-0.0548800028592511,-0.054899844129092365,-0.057604459495279675,-0.057604459495279675,-0.05762430076512094,-0.061860212567709794,-0.061860212567709794,-0.06188005383755106,0.002465471171662393,0.002465471171662393,0.002445629901821123
2020-03-13,-0.023987111900703365,-0.023987111900703365,-0.024006953170544635,0.04586732120349416,0.04586732120349416,0.045847479933652895,0.04154918025563975,0.04154918025563975,0.041529338985798483,0.04315010821931542,0.04315010821931542,0.04313026694947415,0.016545063992792937,0.016545063992792937,0.016525222722951666
2020-03-16,0.014608657494674531,0.014608657494674531,0.01458881622483326,-0.01803207240774887,-0.01803207240774887,-0.01805191367759014,-0.01823850828237291,-0.01823850828237291,-0.01825834955221418,-0.019473595960174936,-0.019473595960174936,-0.019493437230016206,0.0011922719461317476,0.0011922719461317476,0.0011724306762904777
2020-03-17,0.057102131045443066,0.057102131045443066,0.0570822897756018,-0.07628616023775386,-0.07628616023775386,-0.07630600150759513,-0.0556649876889526,-0.0556649876889526,-0.05568482895879387,-0.0663179267413179,-0.0663179267413179,-0.06633776801115916,-0.009890346788133345,-0.009890346788133345,-0.009910188057974615
2020-03-18,0.031135743055517993,0.031135743055517993,0.031115901785676723,-0.06882668857564092,-0.06882668857564092,-0.06884652984548219,-0.05025769670702777,-0.05025769670702777,-0.050277537976869034,-0.05272989350153179,-0.05272989350153179,-0.052749734771373055,-0.006117930204962046,-0.006117930204962046,-0.006137771474803316
2020-03-19,-0.05161329886214963,-0.05161329886214963,-0.0516331401319909,0.07368095396712587,0.07368095396712587,0.0736611126972846,0.06702124403700668,0.06702124403700668,0.06700140276716542,0.07799270982136289,0.07799270982136289,0.07797286855152162,0.011530955504450126,0.011530955504450126,0.011511114234608856
2020-03-20,-0.03669544911305734,-0.03669544911305734,-0.036715290382898606,0.03684358998469377,0.03684358998469377,0.0368237487148525,0.02601147475797141,0.02601147475797141,0.02599163348813014,0.03967365752881184,0.03967365752881184,0.039653816258970576,-0.014329692982935032,-0.014329692982935032,-0.014349534252776302
2020-03-23,0.019045050503482992,0.019045050503482992,0.019025209233641722,0.010774895366131505,0.010774895366131505,0.010755054096290234,0.0016744058584076162,0.0016744058584076162,0.0016545645885663463,-0.006448594558217554,-0.006448594558217554,-0.006468435828058824,0.002451502291168423,0.002451502291168423,0.002431661021327153
2020-03-24,-0.041630942777775286,-0.041630942777775286,-0.04165078404761655,0.05288103012471089,0.05288103012471089,0.05286118885486962,0.05184853559395741,0.05184853559395741,0.051828694324116145,0.05068066845215763,0.05068066845215763,0.05066082718231636,0.006413621475281461,0.006413621475281461,0.006393780205440192
2020-03-25,-0.025336610582146715,-0.025336610582146715,-0.025356451851987986,0.030103907165462008,0.030103907165462008,0.030084065895620737,0.02620672887972659,0.02620672887972659,0.02618688760988532,0.03125946667785831,0.03125946667785831,0.03123962540801704,-0.01998986985980464,-0.01998986985980464,-0.02000971112964591
2020-03-26,0.028393537481956947,0.028393537481956947,0.028373696212115676,-0.006773167116796333,-0.006773167116796333,-0.006793008386637603,-0.018364676494539003,-0.018364676494539003,-0.018384517764380274,-0.018511751560413382,-0.018511751560413382,-0.018531592830254653,0.0008264756534776107,0.0008264756534776107,0.0008066343836363409
2020-03-27,0.026977676525702543,0.026977676525702543,0.026957835255861273,-0.04201594415108379,-0.04201594415108379,-0.04203578542092506,-0.031931818523356824,-0.031931818523356824,-0.03195165979319809,-0.03562168297239225,-0.03562168297239225,-0.03564152424223352,-0.0038902165107755748,-0.0038902165107755748,-0.003910057780616844
2020-03-30,0.03228800140567809,0.03228800140567809,0.032268160135836825,-0.039298453142926494,-0.039298453142926494,-0.03931829441276776,-0.033919723866959926,-0.033919723866959926,-0.03393956513680119,-0.03184046899173744,-0.03184046899173744,-0.031860310261578706,0.009565454292244004,0.009565454292244004,0.009545613022402734
2020-03-31,-0.025548684524635247,-0.025548684524635247,-0.025568525794476517,0.025140687577214563,0.025140687577214563,0.025120846307373292,0.01477711107888524,0.01477711107888524,0.014757269809043969,0.024307529393513876,0.024307529393513876,0.024287688123672605,0.000328071171695076,0.000328071171695076,0.0003082299018538062
2020-04-01,0.03402869004980025,0.03522869004980025,0.03433814965321675,-0.0589270887699653,-0.05670486654774308,-0.058335062384850936,-0.0049423796826030455,-0.0032979352381586014,-0.004508548473966645,-0.04695567302405486,-0.0450001174684993,-0.046435172517601535,-0.026561922762908006,-0.023761922762908005,-0.025838634102038502
2020-04-02,-0.00887528949719442,-0.00887528949719442,-0.008895130767035691,-0.01007524640578351,-0.01007524640578351,-0.010095087675624781,0.010699855931915286,0.010699855931915286,0.010680014662074015,-0.0043397271189999555,-0.0043397271189999555,-0.004359568388841225,0.0018511881475380965,0.0018511881475380965,0.0018313468776968266
2020-04-03,-0.022915738617507286,-0.022915738617507286,-0.022935579887348557,0.020594363476178205,0.020594363476178205,0.020574522206336935,0.025075464154386815,0.025075464154386815,0.025055622884545544,0.020421441053284875,0.020421441053284875,0.020401599783443605,-0.009184504338105212,-0.009184504338105212,-0.009204345607946482
2020-04-06,-0.01688840874141464,-0.01688840874141464,-0.01690825001125591,0.03993473906472036,0.03993473906472036,0.03991489779487909,-0.005228031875429822,-0.005228031875429822,-0.005247873145271091,0.025238843603449086,0.025238843603449086,0.025219002333607816,0.03261316791536277,0.03261316791536277,0.0325933266455215
2020-04-07,-0.052408553860436094,-0.052408553860436094,-0.05242839513027736,0.06861205156505287,0.06861205156505287,0.0685922102952116,0.04535042189654169,0.04535042189654169,0.04533058062670042,0.05934292803807451,0.05934292803807451,0.059323086768233245,0.03420615168026997,0.03420615168026997,0.0341863104104287
2020-04-08,-0.020036214671053248,-0.020036214671053248,-0.020056055940894518,0.041147738122018704,0.041147738122018704,0.04112789685217744,0.008920714061519978,0.008920714061519978,0.008900872791678708,0.03559522369991917,0.03559522369991917,0.035575382430077906,0.030647411427025505,0.030647411427025505,0.030627570157184234
2020-04-09,-0.013101636358123803,-0.013101636358123803,-0.013121477627965073,0.03677474067224102,0.03677474067224102,0.03675489940239975,0.013806414795519844,0.013806414795519844,0.013786573525678573,0.03308167523279818,0.03308167523279818,0.033061833962956914,0.0254508442188213,0.0254508442188213,0.02543100294898003
2020-04-13,0.016295640569553897,0.016295640569553897,0.016275799299712627,-0.033955825328835676,-0.033955825328835676,-0.03397566659867694,-0.005501680299972535,-0.005501680299972535,-0.005521521569813804,-0.027212359377062664,-0.027212359377062664,-0.027232200646903935,-0.01035489975503974,-0.01035489975503974,-0.01037474102488101
2020-04-14,0.02113048552271568,0.02113048552271568,0.02111064425287441,-0.025541907406621336,-0.025541907406621336,-0.025561748676462607,-0.022258502092884533,-0.022258502092884533,-0.022278343362725803,-0.024810659881494102,-0.024810659881494102,-0.024830501151335373,-0.016628122796877663,-0.016628122796877663,-0.016647964066718934
2020-04-15,0.025318516457667743,0.025318516457667743,0.025298675187826473,-0.03837322381167087,-0.03837322381167087,-0.038393065081512134,-0.013379342024609359,-0.013379342024609359,-0.013399183294450629,-0.03467243624906055,-0.03467243624906055,-0.03469227751890182,-0.03418298533067,-0.03418298533067,-0.034202826600511264
2020-04-16,0.04269267322166152,0.04269267322166152,0.042672831951820256,-0.05646273414109713,-0.05646273414109713,-0.056482575410938395,-0.04002213276989523,-0.04002213276989523,-0.0400419740397365,-0.05436718271849257,-0.05436718271849257,-0.05438702398833384,-0.0461562153402138,-0.0461562153402138,-0.04617605661005507
2020-04-17,-0.046083986284117265,-0.046083986284117265,-0.04610382755395853,0.059012360299502443,0.059012360299502443,0.058992519029661176,0.032918255968798146,0.032918255968798146,0.03289841469895688,0.05408945053174398,0.05408945053174398,0.05406960926190271,0.0444661359131158,0.0444661359131158,0.044446294643274535
2020-04-20,0.005376488747701701,0.005376488747701701,0.005356647477860432,-0.02560305867420728,-0.02560305867420728,-0.02562289994404855,-0.001065536676843096,-0.001065536676843096,-0.0010853779466843659,-0.0123238489819438,-0.0123238489819438,-0.012343690251785071,-0.020565104167472925,-0.020565104167472925,-0.020584945437314196
2020-04-21,-0.009789196871787548,-0.009789196871787548,-0.009809038141628819,0.010099072248252454,0.010099072248252454,0.010079230978411183,0.012669538879792969,0.012669538879792969,0.012649697609951698,0.02075550442906579,0.02075550442906579,0.02073566315922452,0.0035553284267198434,0.0035553284267198434,0.0035354871568785734
2020-04-22,0.013559584085664904,0.013559584085664904,0.013539742815823633,-0.005705328702528245,-0.005705328702528245,-0.005725169972369514,-0.015338753847777602,-0.015338753847777602,-0.015358595117618872,-0.018407916882701207,-0.018407916882701207,-0.018427758152542478,-0.005970280498761051,-0.005970280498761051,-0.005990121768602321
2020-04-23,-0.03331198274942515,-0.03331198274942515,-0.03333182401926642,0.028059123507095204,0.028059123507095204,0.028039282237253934,0.032429037566094304,0.032429037566094304,0.03240919629625304,0.027758204387129927,0.027758204387129927,0.027738363117288656,0.01634614910311531,0.01634614910311531,0.01632630783327404
2020-04-24,0.01247079194348634,0.01247079194348634,0.012450950673645069,-0.0026483656647582196,-0.0026483656647582196,-0.0026682069345994896,-0.011519456857882318,-0.011519456857882318,-0.011539298127723589,-0.007030228060396874,-0.007030228060396874,-0.007050069330238143,-0.0008300102799782922,-0.0008300102799782922,-0.000849851549819562
2020-04-27,-0.018266464216840674,-0.018266464216840674,-0.018286305486681944,0.025533692801711437,0.025533692801711437,0.025513851531870167,0.00523687043270769,0.00523687043270769,0.005217029162866421,0.02040671043056103,0.02040671043056103,0.02038686916071976,0.021620824129498367,0.021620824129498367,0.021600982859657097
2020-04-28,-0.03886358495632258,-0.03886358495632258,-0.03888342622616385,0.07181693289534896,0.07181693289534896,0.0717970916255077,0.0218822222492771,0.0218822222492771,0.02186238097943583,0.06756787255640644,0.06756787255640644,0.06754803128656517,0.04651349509407432,0.04651349509407432,0.04649365382423305
2020-04-29,-0.0446222124987827,-0.0446222124987827,-0.044642053768623964,0.06482207572504055,0.06482207572504055,0.06480223445519928,0.035688238794979774,0.035688238794979774,0.03566839752513851,0.05484145721861494,0.05484145721861494,0.054821615948773675,0.06269851023599218,0.06269851023599218,0.06267866896615092
2020-04-30,0.01423994768740012,0.01423994768740012,0.01422010641755885,-0.039252264057872216,-0.039252264057872216,-0.03927210532771348,-0.00433554235384365,-0.00433554235384365,-0.00435538362368492,-0.0274113236249586,-0.0274113236249586,-0.02743116489479987,-0.022993287355332306,-0.022993287355332306,-0.023013128625173577
2020-05-01,0.05393805804532462,0.05553805804532462,0.054372706920990145,-0.0412152641346275,-0.03947613369984489,-0.04074236889509879,-0.03352803801745596,-0.031049777147890742,-0.032858825845041836,-0.04038385801311294,-0.03829690149137381,-0.03980999134358596,-0.047387063954460636,-0.04508271612837368,-0.04676319317521831
2020-05-04,0.0014930469260000293,0.0014930469260000293,0.0014732056561587595,-0.012870882310611446,-0.012870882310611446,-0.012890723580452717,-0.0027789024573903025,-0.0027789024573903025,-0.0027987437272315725,-0.013786659689414092,-0.013786659689414092,-0.013806500959255362,0.0021078850825407376,0.0021078850825407376,0.0020880438126994675
2020-05-05,0.04248488446075727,0.04248488446075727,0.042465043190916006,-0.02749575511983634,-0.02749575511983634,-0.02751559638967761,-0.044766380696900566,-0.044766380696900566,-0.044786221966741833,-0.03402441028624728,-0.03402441028624728,-0.03404425155608855,-0.028210622255137437,-0.028210622255137437,-0.028230463524978707
2020-05-06,0.024858059532942324,0.024858059532942324,0.024838218263101054,-0.030377083719823592,-0.030377083719823592,-0.030396924989664863,-0.036486584010301026,-0.036486584010301026,-0.03650642528014229,-0.038529592250621955,-0.038529592250621955,-0.03854943352046322,-0.02219194197012788,-0.02219194197012788,-0.02221178323996915
2020-05-07,-0.037208429357244194,-0.037208429357244194,-0.03722827062708546,0.02595137615227041,0.02595137615227041,0.02593153488242914,0.017123915632873292,0.017123915632873292,0.01710407436303202,0.024749906010096974,0.024749906010096974,0.024730064740255703,0.025366016984676186,0.025366016984676186,0.025346175714834916
2020-05-08,-0.04585006825631935,-0.04585006825631935,-0.045869909526160615,0.04561125433969963,0.04561125433969963,0.045591413069858366,0.04077086078423419,0.04077086078423419,0.040751019514392924,0.049555772888328416,0.049555772888328416,0.04953593161848715,0.033357299816817156,0.033357299816817156,0.03333745854697589
2020-05-11,0.05206071757740683,0.05206071757740683,0.05204087630756556,-0.05274126794448577,-0.05274126794448577,-0.052761109214327036,-0.04542195803284771,-0.04542195803284771,-0.045441799302688976,-0.05073385029489731,-0.05073385029489731,-0.05075369156473858,-0.039109940260708964,-0.039109940260708964,-0.03912978153055023
2020-05-12,0.009577818085729675,0.009577818085729675,0.009557976815888405,-0.02352787248501114,-0.02352787248501114,-0.02354771375485241,-0.008792945583728907,-0.008792945583728907,-0.008812786853570178,-0.016824820828273412,-0.016824820828273412,-0.016844662098114683,-0.015663224430090654,-0.015663224430090654,-0.015683065699931924
2020-05-13,0.0546814979039917,0.0546814979039917,0.054661656634150436,-0.05439537987917784,-0.05439537987917784,-0.05441522114901911,-0.04847397955496995,-0.04847397955496995,-0.04849382082481122,-0.05283489337349613,-0.05283489337349613,-0.0528547346433374,-0.042311512868735815,-0.042311512868735815,-0.04233135413857708
2020-05-14,-0.010232053459765338,-0.010232053459765338,-0.010251894729606609,0.010697860472098687,0.010697860472098687,0.010678019202257416,-0.001788569968253554,-0.001788569968253554,-0.0018084112380948238,0.008127461852154863,0.008127461852154863,0.008107620582313593,0.00804055091420174,0.00804055091420174,0.00802070964436047
2020-05-15,-0.00020610431260726942,-0.00020610431260726942,-0.00022594558244853926,-0.014348987138933136,-0.014348987138933136,-0.014368828408774407,-0.0017284081406422531,-0.0017284081406422531,-0.001748249410483523,-0.005670037644912763,-0.005670037644912763,-0.005689878914754033,-0.005338482411487396,-0.005338482411487396,-0.005358323681328665
2020-05-18,-0.09967304114670292,-0.09967304114670292,-0.09969288241654418,0.09027761117646596,0.09027761117646596,0.0902577699066247,0.08598613828277546,0.08598613828277546,0.08596629701293419,0.09019455217876159,0.09019455217876159,0.09017471090892032,0.07253048769039018,0.07253048769039018,0.07251064642054891
2020-05-19,0.022845346588238214,0.022845346588238214,0.022825505318396944,-0.02201850400079331,-0.02201850400079331,-0.02203834527063458,-0.02263092098366505,-0.02263092098366505,-0.02265076225350632,-0.02446317012378999,-0.02446317012378999,-0.024483011393631262,-0.018568723907340226,-0.018568723907340226,-0.018588565177181497
2020-05-20,-0.026050971401477767,-0.026050971401477767,-0.026070812671319037,0.01981881500882741,0.01981881500882741,0.01979897373898614,0.012701232368565147,0.012701232368565147,0.012681391098723876,0.015248120170006013,0.015248120170006013,0.015228278900164743,0.021821148928167722,0.021821148928167722,0.02180130765832645
2020-05-21,-0.02416035812716896,-0.02416035812716896,-0.02418019939701023,0.024767247077421964,0.024767247077421964,0.024747405807580693,0.02555407764606657,0.02555407764606657,0.0255342363762253,0.02866098574011955,0.02866098574011955,0.02864114447027828,0.01276164536364299,0.01276164536364299,0.012741804093801719
2020-05-22,0.020082320075933233,0.020082320075933233,0.020062478806091962,-0.008091605794458041,-0.008091605794458041,-0.008111447064299311,-0.011626333389721903,-0.011626333389721903,-0.011646174659563174,-0.011231289885009805,-0.011231289885009805,-0.011251131154851076,-0.007478697307284109,-0.007478697307284109,-0.007498538577125379
2020-05-26,-0.08159200707097627,-0.08159200707097627,-0.08161184834081754,0.08438393450222409,0.08438393450222409,0.08436409323238282,0.0667379221055617,0.0667379221055617,0.06671808083572044,0.08105015564791962,0.08105015564791962,0.08103031437807835,0.05854755057028847,0.05854755057028847,0.058527709300447206
2020-05-27,-0.02892088955714935,-0.02892088955714935,-0.02894073082699062,0.030757913362727474,0.030757913362727474,0.030738072092886204,0.03268502045932206,0.03268502045932206,0.032665179189480795,0.03420924337346652,0.03420924337346652,0.034189402103625255,0.02269428988353029,0.02269428988353029,0.02267444861368902
2020-05-28,0.05419091854732139,0.05419091854732139,0.05417107727748012,-0.044508065570536895,-0.044508065570536895,-0.04452790684037816,-0.04643480374491635,-0.04643480374491635,-0.046454645014757615,-0.04907115179719434,-0.04907115179719434,-0.049090993067035606,-0.049348029477968305,-0.049348029477968305,-0.04936787074780957
2020-05-29,0.05140837238688184,0.05140837238688184,0.05138853111704057,-0.049311021821599646,-0.049311021821599646,-0.04933086309144091,-0.05431215679329254,-0.05431215679329254,-0.05433199806313381,-0.054807500323839145,-0.054807500323839145,-0.05482734159368041,-0.04232769849319111,-0.04232769849319111,-0.04234753976303238
2020-06-01,-0.05036430263765564,-0.049297635970988976,-0.05007877378788721,0.04307388463073961,0.044421710717696135,0.04344231836715448,0.047763936378811524,0.04963350159620283,0.04823856751376136,0.046606994583553114,0.048346125018335726,0.04708923675646102,0.03801858016770252,0.03993162364596339,0.038545936556545396
2020-06-02,-0.023444590178231146,-0.023444590178231146,-0.023464431448072417,0.015797261353526628,0.015797261353526628,0.015777420083685358,0.0187522846566624,0.0187522846566624,0.01873244338682113,0.01415540196166374,0.01415540196166374,0.01413556069182247,0.016045776698458945,0.016045776698458945,0.016025935428617674
2020-06-03,-0.06806976098761824,-0.06806976098761824,-0.06808960225745951,0.06902935811395777,0.06902935811395777,0.0690095168441165,0.07495980089396365,0.07495980089396365,0.07493995962412238,0.07121662117045721,0.07121662117045721,0.07119677990061594,0.056463386876327376,0.056463386876327376,0.05644354560648611
2020-06-04,-0.04908013154939719,-0.04908013154939719,-0.04909997281923846,0.053772890937681506,0.053772890937681506,0.05375304966784024,0.056440480324728384,0.056440480324728384,0.05642063905488712,0.05697636745575301,0.05697636745575301,0.056956526185911745,0.043813247727185756,0.043813247727185756,0.04379340645734449
2020-06-05,-0.07265616220224597,-0.07265616220224597,-0.07267600347208723,0.05787749655668829,0.05787749655668829,0.057857655286847026,0.07435806405193857,0.07435806405193857,0.0743382227820973,0.07278184783978624,0.07278184783978624,0.07276200656994497,0.05900968801566425,0.05900968801566425,0.058989846745822985
2020-06-08,-0.08429717149793182,-0.08429717149793182,-0.08431701276777309,0.06977617072392552,0.06977617072392552,0.06975632945408425,0.07890807930996178,0.07890807930996178,0.07888823804012052,0.07570264919256177,0.07570264919256177,0.0756828079227205,0.06069687739351104,0.06069687739351104,0.06067703612366977
2020-06-09,0.06236977567398214,0.06236977567398214,0.062349934404140876,-0.05222001100018232,-0.05222001100018232,-0.05223985227002359,-0.05919645704474945,-0.05919645704474945,-0.059216298314590715,-0.0580897065744304,-0.0580897065744304,-0.058109547844271664,-0.038670936619661436,-0.038670936619661436,-0.0386907778895027
2020-06-10,0.07056079437751925,0.07056079437751925,0.07054095310767798,-0.06877953648357782,-0.06877953648357782,-0.06879937775341909,-0.07412449009348152,-0.07412449009348152,-0.07414433136332278,-0.07683824040994638,-0.07683824040994638,-0.07685808167978765,-0.05692300429241388,-0.05692300429241388,-0.056942845562255144
2020-06-11,0.06593232614792639,0.06593232614792639,0.06591248487808513,-0.05969487002022461,-0.05969487002022461,-0.05971471129006588,-0.0672439117807766,-0.0672439117807766,-0.06726375305061787,-0.06711209296672395,-0.06711209296672395,-0.06713193423656522,-0.0555384886178385,-0.0555384886178385,-0.05555832988767977
2020-06-12,-0.055481237336220755,-0.055481237336220755,-0.05550107860606202,0.04997737626425583,0.04997737626425583,0.04995753499441456,0.05249279377212114,0.05249279377212114,0.052472952502279874,0.05715306791717848,0.05715306791717848,0.057133226647337214,0.04858074911851795,0.04858074911851795,0.048560907848676685
2020-06-15,0.00667576706786656,0.00667576706786656,0.00665592579802529,-0.004060801868299725,-0.004060801868299725,-0.004080643138140994,-0.013672514445571082,-0.013672514445571082,-0.013692355715412352,-0.008337305405306557,-0.008337305405306557,-0.008357146675147828,-0.01168478599994514,-0.01168478599994514,-0.01170462726978641
2020-06-16,-0.015165179202152348,-0.015165179202152348,-0.015185020471993618,0.0152994468208634,0.0152994468208634,0.015279605551022129,0.01909050054690206,0.01909050054690206,0.01907065927706079,0.01779935079420348,0.01779935079420348,0.01777950952436221,0.014254816575493759,0.014254816575493759,0.014234975305652488
2020-06-17,0.04284275201119746,0.04284275201119746,0.04282291074135619,-0.03812314343482778,-0.03812314343482778,-0.03814298470466905,-0.043214670282524015,-0.043214670282524015,-0.04323451155236528,-0.04257195785981725,-0.04257195785981725,-0.04259179912965852,-0.03414013838136691,-0.03414013838136691,-0.03415997965120818
2020-06-18,-0.007623012849808824,-0.007623012849808824,-0.007642854119650094,2.0450216403697353e-05,2.0450216403697353e-05,6.089465624275114e-07,0.0018445203765095207,0.0018445203765095207,0.001824679106668251,0.0004091869994520198,0.0004091869994520198,0.00038934572961075,0.0006655203523926265,0.0006655203523926265,0.0006456790825513567
2020-06-19,0.04067661364429643,0.04067661364429643,0.04065677237445516,-0.026191620222777316,-0.026191620222777316,-0.026211461492618587,-0.03195733227152092,-0.03195733227152092,-0.03197717354136219,-0.02988096387101813,-0.02988096387101813,-0.0299008051408594,-0.022735025572470882,-0.022735025572470882,-0.022754866842312153
2020-06-22,0.007458946375859686,0.007458946375859686,0.007439105106018417,-0.010154530002202646,-0.010154530002202646,-0.010174371272043917,-0.0127827315764216,-0.0127827315764216,-0.01280257284626287,-0.013474401398068702,-0.013474401398068702,-0.013494242667909972,-0.006214841219326353,-0.006214841219326353,-0.006234682489167622
2020-06-23,-0.009643794750648114,-0.009643794750648114,-0.009663636020489384,0.008436328069878382,0.008436328069878382,0.008416486800037112,0.01415910188119866,0.01415910188119866,0.014139260611357389,0.015066912457564034,0.015066912457564034,0.015047071187722763,0.01265583350982758,0.01265583350982758,0.012635992239986309
2020-06-24,0.04784056850420882,0.04784056850420882,0.047820727234367554,-0.039941714758694895,-0.039941714758694895,-0.03996155602853616,-0.04649969083342487,-0.04649969083342487,-0.046519532103266134,-0.04576357412986774,-0.04576357412986774,-0.04578341539970901,-0.040727184277647155,-0.040727184277647155,-0.04074702554748842
2020-06-25,-0.008967313552321148,-0.008967313552321148,-0.008987154822162419,0.008932393154928324,0.008932393154928324,0.008912551885087053,0.009506030565250628,0.009506030565250628,0.009486189295409357,0.01156328710049193,0.01156328710049193,0.011543445830650659,0.010209910470444094,0.010209910470444094,0.010190069200602824
2020-06-26,0.024325563385392428,0.024325563385392428,0.024305722115551157,-0.023244119645160204,-0.023244119645160204,-0.023263960915001474,-0.02996176824654155,-0.02996176824654155,-0.02998160951638282,-0.029870145393140195,-0.029870145393140195,-0.029889986662981465,-0.02452856926045751,-0.02452856926045751,-0.02454841053029878
2020-06-29,-0.04205715066724823,-0.04205715066724823,-0.0420769919370895,0.033859793940248614,0.033859793940248614,0.03383995267040735,0.04100328477760411,0.04100328477760411,0.04098344350776284,0.037386281790643607,0.037386281790643607,0.03736644052080234,0.023369818874829956,0.023369818874829956,0.023349977604988685
2020-06-30,0.017316473303091447,0.017316473303091447,0.017296632033250176,-0.012798775161064382,-0.012798775161064382,-0.012818616430905653,-0.01569378311462858,-0.01569378311462858,-0.01571362438446985,-0.014638408469913732,-0.014638408469913732,-0.014658249739755002,-0.006967250462360361,-0.006967250462360361,-0.006987091732201631
2020-07-01,0.02107877321653909,0.0218179036513217,0.02127421253303904,-0.023108983262870475,-0.021500287610696563,-0.02267926622622404,-0.014776838441669228,-0.01312466452862575,-0.01433756713248265,-0.022399436214069722,-0.02079074056189581,-0.021970079244786615,-0.014600011881892786,-0.01238262057754496,-0.013985915418653613
2020-07-02,-0.005527675707119383,-0.005527675707119383,-0.005547516976960653,0.001904258596276853,0.001904258596276853,0.0018844173264355832,-0.002141104677147177,-0.002141104677147177,-0.002160945946988447,0.0024825565583827293,0.0024825565583827293,0.0024627152885414593,0.0003527977966869835,0.0003527977966869835,0.0003329565268457137
2020-07-06,-0.0007762307117444227,-0.0007762307117444227,-0.0007960719815856925,0.006042699770914584,0.006042699770914584,0.006022858501073315,-0.002703471227117015,-0.002703471227117015,-0.002723312496958285,0.0012296084421025834,0.0012296084421025834,0.0012097671722613136,0.006335158218986802,0.006335158218986802,0.006315316949145533
2020-07-07,0.04094262631488431,0.04094262631488431,0.04092278504504304,-0.03629917274158796,-0.03629917274158796,-0.03631901401142923,-0.031599101489078046,-0.031599101489078046,-0.03161894275891931,-0.035109003935387115,-0.035109003935387115,-0.03512884520522838,-0.023413856751483005,-0.023413856751483005,-0.023433698021324275
2020-07-08,-0.000588833527714277,-0.000588833527714277,-0.0006086747975555468,-0.0005759187006890534,-0.0005759187006890534,-0.0005957599705303232,0.0010816326398542147,0.0010816326398542147,0.0010617913700129448,0.0004289111902782941,0.0004289111902782941,0.0004090699204370243,0.004818279970461487,0.004818279970461487,0.004798438700620218
2020-07-09,0.05244266744751028,0.05244266744751028,0.05242282617766901,-0.04269053330538815,-0.04269053330538815,-0.042710374575229415,-0.04306634675729165,-0.04306634675729165,-0.04308618802713292,-0.04515299581860567,-0.04515299581860567,-0.04517283708844694,-0.03191177829433239,-0.03191177829433239,-0.031931619564173654
2020-07-10,-0.048646195041643185,-0.048646195041643185,-0.04866603631148445,0.03231878869163,0.03231878869163,0.03229894742178873,0.034437607390468764,0.034437607390468764,0.034417766120627497,0.03368380994039981,0.03368380994039981,0.03366396867055854,0.01673019874115697,0.01673019874115697,0.0167103574713157
2020-07-13,-0.015684481838484574,-0.015684481838484574,-0.015704323108325844,0.017585007174036136,0.017585007174036136,0.017565165904194865,0.016435957930381807,0.016435957930381807,0.016416116660540537,0.01866252466550898,0.01866252466550898,0.01864268339566771,0.013977508519793893,0.013977508519793893,0.013957667249952623
2020-07-14,0.007169417304345968,0.007169417304345968,0.007149576034504698,-0.008929622223936982,-0.008929622223936982,-0.008949463493778252,-0.008414723973318057,-0.008414723973318057,-0.008434565243159328,-0.009867537968892105,-0.009867537968892105,-0.009887379238733375,-0.010250137118754051,-0.010250137118754051,-0.010269978388595322
2020-07-15,-0.06051984822960393,-0.06051984822960393,-0.060539689499445194,0.039895716125723124,0.039895716125723124,0.03987587485588186,0.05036488682479654,0.05036488682479654,0.050345045554955274,0.043612503662390854,0.043612503662390854,0.04359266239254959,0.03694044208128068,0.03694044208128068,0.036920600811439414
2020-07-16,0.011659787990144062,0.011659787990144062,0.011639946720302791,-0.005690995758726935,-0.005690995758726935,-0.005710837028568205,-0.010915872816844948,-0.010915872816844948,-0.010935714086686218,-0.008084739909325827,-0.008084739909325827,-0.008104581179167097,-0.009302357492258748,-0.009302357492258748,-0.009322198762100019
2020-07-17,0.02537526173187416,0.02537526173187416,0.02535542046203289,-0.015149354072367513,-0.015149354072367513,-0.015169195342208784,-0.017836950678208348,-0.017836950678208348,-0.01785679194804962,-0.017493049739758633,-0.017493049739758633,-0.017512891009599903,-0.01891432765889466,-0.01891432765889466,-0.01893416892873593
2020-07-20,0.03678862496804578,0.03678862496804578,0.036768783698204514,-0.030638260645573248,-0.030638260645573248,-0.03065810191541452,-0.031193224267838618,-0.031193224267838618,-0.03121306553767989,-0.032348642517575354,-0.032348642517575354,-0.03236848378741662,-0.018100624460922896,-0.018100624460922896,-0.018120465730764167
2020-07-21,-0.04212855315127944,-0.04212855315127944,-0.042148394421120706,0.03371281019190811,0.03371281019190811,0.03369296892206684,0.03296085210345656,0.03296085210345656,0.032941010833615295,0.034710851992596596,0.034710851992596596,0.03469101072275533,0.021789824594463086,0.021789824594463086,0.021769983324621815
2020-07-22,0.010833468236093607,0.010833468236093607,0.010813626966252337,-0.00517946773038035,-0.00517946773038035,-0.00519930900022162,-0.003145953412101363,-0.003145953412101363,-0.003165794681942633,-0.00443098007654995,-0.00443098007654995,-0.004450821346391219,0.002942266376379032,0.002942266376379032,0.002922425106537762
2020-07-23,-0.01694018111281463,-0.01694018111281463,-0.0169600223826559,0.017847213014301387,0.017847213014301387,0.017827371744460117,0.01555489273274324,0.01555489273274324,0.01553505146290197,0.022144905914688727,0.022144905914688727,0.022125064644847457,0.0033782909522224545,0.0033782909522224545,0.0033584496823811844
2020-07-24,0.002223249059788329,0.002223249059788329,0.002203407789947059,-0.002327038910048694,-0.002327038910048694,-0.002346880179889964,-0.004849601267296892,-0.004849601267296892,-0.004869442537138162,-0.003192844866312255,-0.003192844866312255,-0.003212686136153525,0.000634275349371137,0.000634275349371137,0.0006144340795298671
2020-07-27,0.020643367021075016,0.020643367021075016,0.020623525751233746,-0.010593034890268456,-0.010593034890268456,-0.010612876160109726,-0.02256343342343388,-0.02256343342343388,-0.02258327469327515,-0.014187347657713345,-0.014187347657713345,-0.014207188927554616,-0.007375071742562864,-0.007375071742562864,-0.007394913012404134
2020-07-28,-0.009011171863940832,-0.009011171863940832,-0.009031013133782103,-0.0022076698943641155,-0.0022076698943641155,-0.0022275111642053856,0.010347408974416822,0.010347408974416822,0.010327567704575552,0.004661372589573684,0.004661372589573684,0.004641531319732414,0.0024897860165794634,0.0024897860165794634,0.0024699447467381934
2020-07-29,-0.00284926436881695,-0.00284926436881695,-0.00286910563865822,0.015132079329638129,0.015132079329638129,0.015112238059796858,0.00919326164319759,0.00919326164319759,0.00917342037335632,0.01709860935849942,0.01709860935849942,0.017078768088658148,0.01169879091477754,0.01169879091477754,0.01167894964493627
2020-07-30,0.01772783336451762,0.01772783336451762,0.01770799209467635,-0.014935036902204324,-0.014935036902204324,-0.014954878172045594,-0.012482516490584343,-0.012482516490584343,-0.012502357760425614,-0.01806402368450396,-0.01806402368450396,-0.01808386495434523,-0.009283361772170155,-0.009283361772170155,-0.009303203042011425
2020-07-31,0.02025891644779733,0.02025891644779733,0.02023907517795606,-0.009160960696512968,-0.009160960696512968,-0.009180801966354239,-0.01860889011396697,-0.01860889011396697,-0.01862873138380824,-0.010876593010125118,-0.010876593010125118,-0.010896434279966389,-0.011878828708184744,-0.011878828708184744,-0.011898669978026015
2020-08-03,0.015927165294693436,0.016535860946867348,0.016084061639933346,-0.01699357649445711,-0.015341402581413633,-0.01655103970296153,-0.015031277116684309,-0.01320519016016257,-0.014520128639680606,-0.01725451323920158,-0.015558861065288537,-0.01679955886565372,-0.01059059746176247,-0.008547119200892905,-0.01002250842140591
2020-08-04,-0.013793918129850114,-0.013793918129850114,-0.013813759399691384,0.014487276773146457,0.014487276773146457,0.014467435503305186,0.012213890478521137,0.012213890478521137,0.012194049208679867,0.014713786932021411,0.014713786932021411,0.01469394566218014,0.005636880698848591,0.005636880698848591,0.005617039429007322
2020-08-05,-0.02736498345156971,-0.02736498345156971,-0.02738482472141098,0.025135459394728568,0.025135459394728568,0.025115618124887298,0.022500867952754088,0.022500867952754088,0.022481026682912818,0.02571627270012416,0.02571627270012416,0.025696431430282888,0.009075864028277985,0.009075864028277985,0.009056022758436715
2020-08-06,0.00026649381433512366,0.00026649381433512366,0.00024665254449385385,-0.006655661800840387,-0.006655661800840387,-0.006675503070681657,0.0042258513576929075,0.0042258513576929075,0.004206010087851638,0.0016996370649680482,0.0016996370649680482,0.0016797957951267784,0.00827326402856615,0.00827326402856615,0.00825342275872488
2020-08-07,-0.02526023433386995,-0.02526023433386995,-0.02528007560371122,0.021378216524995056,0.021378216524995056,0.021358375255153786,0.021987678067060902,0.021987678067060902,0.02196783679721963,0.02254214464218336,0.02254214464218336,0.022522303372342088,0.015587168119098098,0.015587168119098098,0.015567326849256827
2020-08-10,-0.06004893148983681,-0.06004893148983681,-0.06006877275967808,0.04532031830720901,0.04532031830720901,0.04530047703736774,0.05510932415381016,0.05510932415381016,0.05508948288396889,0.0498151415974632,0.0498151415974632,0.04979530032762193,0.033328580363778684,0.033328580363778684,0.03330873909393742
2020-08-11,-0.020918138875066862,-0.020918138875066862,-0.020937980144908133,0.016852075705806806,0.016852075705806806,0.016832234435965536,0.017416213983423315,0.017416213983423315,0.017396372713582044,0.018364217548509098,0.018364217548509098,0.018344376278667827,0.011220586813430189,0.011220586813430189,0.011200745543588918
2020-08-12,0.027816839803877263,0.027816839803877263,0.027796998534035992,-0.026986229325327266,-0.026986229325327266,-0.027006070595168536,-0.027376495328132182,-0.027376495328132182,-0.027396336597973452,-0.02571562277974183,-0.02571562277974183,-0.0257354640495831,-0.01845768931798237,-0.01845768931798237,-0.01847753058782364
2020-08-13,0.016444390193454728,0.016444390193454728,0.016424548923613457,-0.015777577392378467,-0.015777577392378467,-0.015797418662219738,-0.015719812398195174,-0.015719812398195174,-0.015739653668036445,-0.019127606561026175,-0.019127606561026175,-0.019147447830867446,-0.010486582266748881,-0.010486582266748881,-0.010506423536590152
2020-08-14,-0.014987957273523426,-0.014987957273523426,-0.015007798543364696,0.012928034626553495,0.012928034626553495,0.012908193356712224,0.01231377754384135,0.01231377754384135,0.01229393627400008,0.01508539154937015,0.01508539154937015,0.01506555027952888,0.006995875472056739,0.006995875472056739,0.006976034202215469
2020-08-17,0.03350495347557173,0.03350495347557173,0.033485112205730465,-0.029539503433201202,-0.029539503433201202,-0.029559344703042473,-0.02890285835636408,-0.02890285835636408,-0.02892269962620535,-0.03198443547622418,-0.03198443547622418,-0.032004276746065444,-0.02101456302721175,-0.02101456302721175,-0.02103440429705302
2020-08-18,0.020047149567864096,0.020047149567864096,0.020027308298022826,-0.019370053935157987,-0.019370053935157987,-0.019389895204999258,-0.01657077046526877,-0.01657077046526877,-0.01659061173511004,-0.02023148563977608,-0.02023148563977608,-0.02025132690961735,-0.005214188462235543,-0.005214188462235543,-0.005234029732076813
2020-08-19,0.000346391720816114,0.000346391720816114,0.00032655045097484416,-0.005250714545712564,-0.005250714545712564,-0.005270555815553833,-0.0028247614600232984,-0.0028247614600232984,-0.0028446027298645684,-0.006358852989463003,-0.006358852989463003,-0.006378694259304272,0.0017031002209836772,0.0017031002209836772,0.0016832589511424074
2020-08-20,0.02115452666060096,0.02115452666060096,0.02113468539075969,-0.016577070140537654,-0.016577070140537654,-0.016596911410378924,-0.012545975691521067,-0.012545975691521067,-0.012565816961362337,-0.013872105877287585,-0.013872105877287585,-0.013891947147128856,-0.008070774941308104,-0.008070774941308104,-0.008090616211149374
2020-08-21,0.006992985026345528,0.006992985026345528,0.006973143756504259,-0.012384499075028758,-0.012384499075028758,-0.012404340344870028,-0.010706357187463563,-0.010706357187463563,-0.010726198457304834,-0.011762958810220199,-0.011762958810220199,-0.011782800080061469,-0.004721304281385957,-0.004721304281385957,-0.004741145551227227
2020-08-24,-0.04707824780222605,-0.04707824780222605,-0.04709808907206732,0.046646475147629554,0.046646475147629554,0.04662663387778829,0.04350883577693035,0.04350883577693035,0.04348899450708908,0.04834808875910969,0.04834808875910969,0.04832824748926842,0.023207788186736997,0.023207788186736997,0.023187946916895727
2020-08-25,0.009454743928264273,0.009454743928264273,0.009434902658423002,-0.007056198809235275,-0.007056198809235275,-0.007076040079076544,-0.005092277120945537,-0.005092277120945537,-0.005112118390786806,-0.004989481985692304,-0.004989481985692304,-0.005009323255533574,-0.004652923872718288,-0.004652923872718288,-0.004672765142559558
2020-08-26,0.030466931425327394,0.030466931425327394,0.030447090155486124,-0.027367385569253375,-0.027367385569253375,-0.027387226839094645,-0.02420937425607622,-0.02420937425607622,-0.024229215525917492,-0.028838065666499744,-0.028838065666499744,-0.028857906936341014,-0.015137314346535346,-0.015137314346535346,-0.015157155616376617
2020-08-27,-0.030366467886377306,-0.030366467886377306,-0.030386309156218577,0.02590166037687993,0.02590166037687993,0.02588181910703866,0.026195780738578558,0.026195780738578558,0.026175939468737287,0.02998330590313286,0.02998330590313286,0.029963464633291588,0.016391248057315743,0.016391248057315743,0.016371406787474473
2020-08-28,-0.021986170300435686,-0.021986170300435686,-0.022006011570276957,0.014783372237942443,0.014783372237942443,0.014763530968101173,0.020729898725046183,0.020729898725046183,0.020710057455204912,0.01746544284114842,0.01746544284114842,0.01744560157130715,0.008806363361690854,0.008806363361690854,0.008786522091849583
2020-08-31,0.032759772828001035,0.032759772828001035,0.03273993155815977,-0.030240898174857443,-0.030240898174857443,-0.030260739444698714,-0.03215548650441901,-0.03215548650441901,-0.03217532777426028,-0.03311138470437124,-0.03311138470437124,-0.03313122597421251,-0.022952339107434626,-0.022952339107434626,-0.022972180377275896
2020-09-01,0.007991869952622504,0.009165782996100765,0.008313208987283063,-0.015730111846104875,-0.014034459672191833,-0.015267882541545425,-0.011102350684714721,-0.00984148111949733,-0.010768663771510869,-0.012979509554159437,-0.011718639988942046,-0.012644010286887738,-0.006768864341684787,-0.0043775599938587,-0.0061077494769823095
2020-09-02,0.0019592997347248524,0.0019592997347248524,0.0019394584648835826,-0.008529100937087579,-0.008529100937087579,-0.00854894220692885,-0.004330567417865005,-0.004330567417865005,-0.004350408687706275,-0.005904343477378726,-0.005904343477378726,-0.005924184747219996,-0.01085516604518219,-0.01085516604518219,-0.010875007315023461
2020-09-03,-0.050660555586620526,-0.050660555586620526,-0.05068039685646179,0.038966285547673375,0.038966285547673375,0.03894644427783211,0.042802032591357814,0.042802032591357814,0.04278219132151655,0.04201680589861595,0.04201680589861595,0.04199696462877468,0.027477562385577966,0.027477562385577966,0.027457721115736695
2020-09-04,-0.026695121886345777,-0.026695121886345777,-0.026714963156187047,0.022091793017576185,0.022091793017576185,0.022071951747734915,0.026079557589179625,0.026079557589179625,0.026059716319338355,0.022553219132275502,0.022553219132275502,0.022533377862434232,0.013738783485952305,0.013738783485952305,0.013718942216111035
2020-09-08,-0.010217580058773958,-0.010217580058773958,-0.010237421328615229,0.0001501317795194407,0.0001501317795194407,0.00013029050967817087,0.00338539489682983,0.00338539489682983,0.00336555362698856,-0.00022079188288532618,-0.00022079188288532618,-0.00024063315272659602,-0.0016869495244605831,-0.0016869495244605831,-0.001706790794301853
2020-09-09,0.03581808498868959,0.03581808498868959,0.03579824371884832,-0.028966075822602216,-0.028966075822602216,-0.028985917092443487,-0.03536393266815421,-0.03536393266815421,-0.03538377393799548,-0.033675204245413044,-0.033675204245413044,-0.03369504551525431,-0.01744787831239044,-0.01744787831239044,-0.01746771958223171
2020-09-10,0.0009361020950810549,0.0009361020950810549,0.000916260825239785,-0.001985485060929688,-0.001985485060929688,-0.002005326330770958,-0.0020439055297759553,-0.0020439055297759553,-0.0020637467996172253,-0.0016533075899829513,-0.0016533075899829513,-0.001673148859824221,-0.008856111043247275,-0.008856111043247275,-0.008875952313088546
2020-09-11,-0.0017137523344031985,-0.0017137523344031985,-0.0017335936042444683,0.0017215460530763539,0.0017215460530763539,0.001701704783235084,-4.756831034924891e-05,-4.756831034924891e-05,-6.740958019051875e-05,0.0017164917890051528,0.0017164917890051528,0.001696650519163883,-0.005643654224680755,-0.005643654224680755,-0.005663495494522024
2020-09-14,-0.012892846887229897,-0.012892846887229897,-0.012912688157071167,0.013754169082957166,0.013754169082957166,0.013734327813115895,0.02012925864162896,0.02012925864162896,0.02010941737178769,0.01589980624932185,0.01589980624932185,0.01587996497948058,0.007141368270757068,0.007141368270757068,0.007121527000915799
2020-09-15,0.01144025240975183,0.01144025240975183,0.011420411139910559,-0.011744275516004331,-0.011744275516004331,-0.011764116785845602,-0.015730961902601384,-0.015730961902601384,-0.015750803172442655,-0.014984541693274102,-0.014984541693274102,-0.015004382963115372,-0.008585826188695814,-0.008585826188695814,-0.008605667458537084
2020-09-16,-0.03952253098431008,-0.03952253098431008,-0.039542372254151345,0.03200000082266963,0.03200000082266963,0.03198015955282836,0.03861886030651235,0.03861886030651235,0.03859901903667108,0.03852392103427117,0.03852392103427117,0.038504079764429905,0.016112666192935325,0.016112666192935325,0.016092824923094055
2020-09-17,0.004274961421164207,0.004274961421164207,0.004255120151322937,0.0009083275685268836,0.0009083275685268836,0.0008884862986856137,-0.0006801809751730741,-0.0006801809751730741,-0.0007000222450143439,-0.000938947154945514,-0.000938947154945514,-0.0009587884247867838,-0.0012119052738515824,-0.0012119052738515824,-0.0012317465436928522
2020-09-18,0.018274835612554257,0.018274835612554257,0.018254994342712987,-0.010550313542417467,-0.010550313542417467,-0.010570154812258738,-0.014331397465603555,-0.014331397465603555,-0.014351238735444825,-0.012484037026448788,-0.012484037026448788,-0.012503878296290058,-0.01073177175726428,-0.01073177175726428,-0.01075161302710555
2020-09-21,0.052145795662524905,0.052145795662524905,0.05212595439268364,-0.034734023299211506,-0.034734023299211506,-0.03475386456905277,-0.04828477325093046,-0.04828477325093046,-0.04830461452077173,-0.03905875443358821,-0.03905875443358821,-0.039078595703429475,-0.023632934330233026,-0.023632934330233026,-0.023652775600074297
2020-09-22,0.009548621532331995,0.009548621532331995,0.009528780262490724,-0.013723812619943716,-0.013723812619943716,-0.013743653889784987,-0.006926380604665765,-0.006926380604665765,-0.006946221874507034,-0.011508124296347587,-0.011508124296347587,-0.011527965566188857,-0.0013987727078817623,-0.0013987727078817623,-0.001418613977723032
2020-09-23,0.006020479358787202,0.006020479358787202,0.006000638088945932,-0.008111012517150991,-0.008111012517150991,-0.008130853786992262,-0.007061136401095322,-0.007061136401095322,-0.0070809776709365915,-0.00371422581070292,-0.00371422581070292,-0.00373406708054419,-0.014800657577978743,-0.014800657577978743,-0.014820498847820014
2020-09-24,0.005633328602941686,0.005633328602941686,0.0056134873331004165,-0.0029368501366742812,-0.0029368501366742812,-0.0029566914065155513,-0.009375339351109143,-0.009375339351109143,-0.009395180620950414,-0.007406623167863654,-0.007406623167863654,-0.007426464437704923,-0.00454857710438272,-0.00454857710438272,-0.00456841837422399
2020-09-25,0.00035018271133003837,0.00035018271133003837,0.00033034144148876856,-0.003361989919792829,-0.003361989919792829,-0.003381831189634099,0.0035232135500253984,0.0035232135500253984,0.0035033722801841283,0.0031287897717628367,0.0031287897717628367,0.0031089485019215666,-0.001861908529783139,-0.001861908529783139,-0.0018817497996244088
2020-09-28,-0.012519162441326222,-0.012519162441326222,-0.012539003711167493,0.012563932163298751,0.012563932163298751,0.01254409089345748,0.012963955689534812,0.012963955689534812,0.012944114419693542,0.013219115747038254,0.013219115747038254,0.013199274477196984,0.007135669711792467,0.007135669711792467,0.007115828441951197
2020-09-29,0.022488004925736167,0.022488004925736167,0.022468163655894897,-0.01716256326944767,-0.01716256326944767,-0.01718240453928894,-0.01946209279545197,-0.01946209279545197,-0.01948193406529324,-0.016963900109039413,-0.016963900109039413,-0.016983741378880684,-0.011036979939505772,-0.011036979939505772,-0.011056821209347043
2020-09-30,0.00515847658220904,0.00515847658220904,0.0051386353123677704,-0.0018020061856652905,-0.0018020061856652905,-0.0018218474555065603,-0.0015758592461818678,-0.0015758592461818678,-0.0015957005160231377,-0.002380578951601976,-0.002380578951601976,-0.002400420221443246,-0.002657712891822194,-0.002657712891822194,-0.002677554161663464
2020-10-01,0.01192828801622466,0.012971766277094223,0.01221110521303971,0.001014098930916096,0.00279670762656827,0.0014957714731130337,-0.0027422491176483975,-0.0009161621611266583,-0.00224961386149725,-0.0007491949733538449,0.0009899354614287636,-0.0002814440237917041,-0.005225993285617689,-0.0027912106769220364,-0.00456046142860912
2020-10-02,-0.039416783794326594,-0.039416783794326594,-0.03943662506416786,0.02405920341408519,0.02405920341408519,0.02403936214424392,0.01974561512770337,0.01974561512770337,0.0197257738578621,0.023588968209882197,0.023588968209882197,0.023569126940040926,0.008131419522453567,0.008131419522453567,0.008111578252612297
2020-10-05,0.005273204243070217,0.005273204243070217,0.005253362973228947,0.003297395168999635,0.003297395168999635,0.003277553899158365,0.0021540216890199343,0.0021540216890199343,0.0021341804191786643,0.0017299789981731744,0.0017299789981731744,0.0017101377283319046,0.0019052757624779346,0.0019052757624779346,0.0018854344926366648
2020-10-06,0.001068789571895492,0.001068789571895492,0.0010489483020542222,-0.007777309372302326,-0.007777309372302326,-0.007797150642143595,-0.010507708992532307,-0.010507708992532307,-0.010527550262373578,-0.007089188087839542,-0.007089188087839542,-0.007109029357680811,-0.00772648191447534,-0.00772648191447534,-0.00774632318431661
2020-10-07,8.127873213441446e-05,8.127873213441446e-05,6.143746229314462e-05,0.002959277087277075,0.002959277087277075,0.002939435817435805,0.0030184892509602873,0.0030184892509602873,0.0029986479811190173,0.0022383579794123,0.0022383579794123,0.0022185167095710298,0.0014803100097538844,0.0014803100097538844,0.0014604687399126146
2020-10-08,-0.02905580880727943,-0.02905580880727943,-0.0290756500771207,0.026115643260799504,0.026115643260799504,0.026095801990958234,0.024569704727764458,0.024569704727764458,0.024549863457923187,0.02563553605726604,0.02563553605726604,0.02561569478742477,0.011816822982116277,0.011816822982116277,0.011796981712275006
2020-10-09,0.023373748310318,0.023373748310318,0.02335390704047673,-0.018724451608007543,-0.018724451608007543,-0.018744292877848814,-0.02201680048313772,-0.02201680048313772,-0.02203664175297899,-0.021679225274008156,-0.021679225274008156,-0.021699066543849427,-0.009463122998636365,-0.009463122998636365,-0.009482964268477636
2020-10-12,0.014308041536849534,0.014308041536849534,0.014288200267008264,-0.0038454173487504346,-0.0038454173487504346,-0.0038652586185917047,-0.006399590466345718,-0.006399590466345718,-0.006419431736186988,-0.008020512195239035,-0.008020512195239035,-0.008040353465080306,-0.0027423828778234904,-0.0027423828778234904,-0.0027622241476647604
2020-10-13,0.03330126854431605,0.03330126854431605,0.033281427274474785,-0.02351470548363596,-0.02351470548363596,-0.023534546753477232,-0.029127590324856466,-0.029127590324856466,-0.029147431594697737,-0.031036587891235604,-0.031036587891235604,-0.031056429161076874,-0.015221125928580876,-0.015221125928580876,-0.015240967198422146
2020-10-14,-0.0051223445550021155,-0.0051223445550021155,-0.005142185824843385,0.0024695872552441926,0.0024695872552441926,0.0024497459854029226,0.007064794390808966,0.007064794390808966,0.007044953120967696,0.005611263995282797,0.005611263995282797,0.005591422725441528,0.0028543997264943743,0.0028543997264943743,0.0028345584566531043
2020-10-15,-0.010040761235535904,-0.010040761235535904,-0.010060602505377174,0.0055836856345363615,0.0055836856345363615,0.005563844364695092,0.00659793723964033,0.00659793723964033,0.0065780959697990605,0.007594913551272163,0.007594913551272163,0.007575072281430894,0.0033597437062869748,0.0033597437062869748,0.0033399024364457047
2020-10-16,0.013959134181489155,0.013959134181489155,0.013939292911647885,-0.011771967708836744,-0.011771967708836744,-0.011791808978678014,-0.016084095079599348,-0.016084095079599348,-0.016103936349440618,-0.01609949706669094,-0.01609949706669094,-0.01611933833653221,-0.008433051446848026,-0.008433051446848026,-0.008452892716689296
2020-10-19,-0.0044450767452157754,-0.0044450767452157754,-0.004464918015057045,0.0025200762737788386,0.0025200762737788386,0.0025002350039375685,-5.193553353108576e-05,-5.193553353108576e-05,-7.17768033723556e-05,0.0004791207809240008,0.0004791207809240008,0.000459279511082731,-0.004016370574833483,-0.004016370574833483,-0.0040362118446747525
2020-10-20,-0.014798892271851745,-0.014798892271851745,-0.014818733541693016,0.010218176465770824,0.010218176465770824,0.010198335195929553,0.016988211935265785,0.016988211935265785,0.016968370665424514,0.014039496731656578,0.014039496731656578,0.014019655461815307,0.010020546194547411,0.010020546194547411,0.01000070492470614
2020-10-21,0.0010992909771402057,0.0010992909771402057,0.001079449707298936,-0.0027748899391727613,-0.0027748899391727613,-0.0027947312090140313,-0.001543162529314709,-0.001543162529314709,-0.001563003799155979,-0.002344154748099637,-0.002344154748099637,-0.002363996017940907,0.002831338997192859,0.002831338997192859,0.002811497727351589
2020-10-22,-0.03198510503464132,-0.03198510503464132,-0.032004946304482584,0.03365462135786041,0.03365462135786041,0.033634780088019144,0.033412080712665486,0.033412080712665486,0.03339223944282422,0.03575768332780753,0.03575768332780753,0.03573784205796626,0.002950119546972825,0.002950119546972825,0.002930278277131555
2020-10-23,0.006948948825814753,0.006948948825814753,0.006929107555973484,0.0030857550689949126,0.0030857550689949126,0.0030659137991536425,0.002717864217410017,0.002717864217410017,0.002698022947568747,0.001608990095526551,0.001608990095526551,0.001589148825685281,0.002127298182128089,0.002127298182128089,0.002107456912286819
2020-10-26,0.025679955452128922,0.025679955452128922,0.02566011418228765,-0.023588718844575557,-0.023588718844575557,-0.023608560114416827,-0.027981059614798638,-0.027981059614798638,-0.02800090088463991,-0.02830011023266625,-0.02830011023266625,-0.02831995150250752,-0.014334926213239087,-0.014334926213239087,-0.014354767483080358
2020-10-27,0.025415751973692148,0.025415751973692148,0.025395910703850878,-0.02664058569051924,-0.02664058569051924,-0.02666042696036051,-0.028200649731126147,-0.028200649731126147,-0.028220491000967417,-0.027371248663683023,-0.027371248663683023,-0.027391089933524293,-0.009131795570816545,-0.009131795570816545,-0.009151636840657815
2020-10-28,0.012391726725780036,0.012391726725780036,0.012371885455938765,-0.009406580686407059,-0.009406580686407059,-0.00942642195624833,-0.019890259144824375,-0.019890259144824375,-0.019910100414665646,-0.01617449155604911,-0.01617449155604911,-0.01619433282589038,-0.009894237473107541,-0.009894237473107541,-0.009914078742948812
2020-10-29,-0.01639502171754078,-0.01639502171754078,-0.01641486298738205,0.01734025822772626,0.01734025822772626,0.01732041695788499,0.027029569466526127,0.027029569466526127,0.027009728196684856,0.024607488281748646,0.024607488281748646,0.024587647011907375,0.01327825159579633,0.01327825159579633,0.01325841032595506
2020-10-30,-0.029869922878610674,-0.029869922878610674,-0.029889764148451944,0.022536365650025224,0.022536365650025224,0.022516524380183953,0.016405047329829503,0.016405047329829503,0.016385206059988233,0.022423388117415448,0.022423388117415448,0.022403546847574177,0.014560970844483007,0.014560970844483007,0.014541129574641737
2020-11-02,-0.022379565005059887,-0.021596956309407712,-0.022171717034532835,0.019393956733522837,0.02100265238569675,0.019842576188621987,0.006890231743426589,0.00915110130864398,0.007512113737674258,0.010980913683900952,0.012720044118683561,0.011468973319046515,0.002402088300509664,0.004923827430944446,0.003109541218649301
2020-11-03,0.0020464510798902623,0.0020464510798902623,0.0020266098100489923,0.011921279877514427,0.011921279877514427,0.011901438607673157,0.009666506828795988,0.009666506828795988,0.009646665558954718,0.009958088032867515,0.009958088032867515,0.009938246763026244,-0.0006186163029050715,-0.0006186163029050715,-0.0006384575727463413
2020-11-04,0.052578175008891684,0.052578175008891684,0.05255833373905042,-0.03955936707452895,-0.03955936707452895,-0.03957920834437022,-0.02961655665816204,-0.02961655665816204,-0.02963639792800331,-0.0332943729983761,-0.0332943729983761,-0.03331421426821737,-0.02373774487873944,-0.02373774487873944,-0.02375758614858071
2020-11-05,0.0031849775567739866,0.0031849775567739866,0.0031651362869327166,-0.008374663370481988,-0.008374663370481988,-0.008394504640323259,-0.012129503149211962,-0.012129503149211962,-0.012149344419053233,-0.015329631963654217,-0.015329631963654217,-0.015349473233495487,0.00045358955303879695,0.00045358955303879695,0.00043374828319752714
2020-11-06,0.03116856266578467,0.03116856266578467,0.0311487213959434,-0.030003874139919853,-0.030003874139919853,-0.030023715409761124,-0.029652072229365736,-0.029652072229365736,-0.029671913499207007,-0.032536754660495895,-0.032536754660495895,-0.03255659593033716,-0.013111466721003474,-0.013111466721003474,-0.013131307990844745
2020-11-09,-0.23912814242561775,-0.23912814242561775,-0.23914798369545903,0.1865641247103641,0.1865641247103641,0.18654428344052282,0.1986290930608906,0.1986290930608906,0.19860925179104932,0.20036181688877674,0.20036181688877674,0.20034197561893546,0.0872286242695297,0.0872286242695297,0.08720878299968843
2020-11-10,-0.018434257649756484,-0.018434257649756484,-0.018454098919597754,0.024760009400376117,0.024760009400376117,0.024740168130534847,0.013714685781713667,0.013714685781713667,0.013694844511872396,0.020370255668842634,0.020370255668842634,0.020350414399001364,0.006904737003608704,0.006904737003608704,0.006884895733767434
2020-11-11,0.050588495106119694,0.050588495106119694,0.05056865383627843,-0.03479229470790164,-0.03479229470790164,-0.03481213597774291,-0.026667347648578844,-0.026667347648578844,-0.026687188918420115,-0.032912537331730926,-0.032912537331730926,-0.03293237860157219,-0.015467435582536812,-0.015467435582536812,-0.015487276852378083
2020-11-12,0.026163748281478945,0.026163748281478945,0.026143907011637674,-0.020060555872132423,-0.020060555872132423,-0.020080397141973693,-0.021969457246683203,-0.021969457246683203,-0.021989298516524473,-0.023479613928111785,-0.023479613928111785,-0.023499455197953056,-0.007630068715623358,-0.007630068715623358,-0.007649909985464627
2020-11-13,-0.03947044971159995,-0.03947044971159995,-0.03949029098144122,0.029138381167062844,0.029138381167062844,0.029118539897221574,0.03159800214732427,0.03159800214732427,0.031578160877483004,0.03236374785343149,0.03236374785343149,0.03234390658359022,0.0085276896570987,0.0085276896570987,0.00850784838725743
2020-11-16,-0.05063073899872261,-0.05063073899872261,-0.05065058026856388,0.039091850360479574,0.039091850360479574,0.03907200909063831,0.03686518862370273,0.03686518862370273,0.03684534735386146,0.03730724228792145,0.03730724228792145,0.03728740101808018,0.02017639969235573,0.02017639969235573,0.02015655842251446
2020-11-17,-0.011661462113866051,-0.011661462113866051,-0.011681303383707322,0.013648859058971915,0.013648859058971915,0.013629017789130645,0.012860935437167528,0.012860935437167528,0.012841094167326258,0.014524322207349307,0.014524322207349307,0.014504480937508037,0.007341594860196641,0.007341594860196641,0.007321753590355372
2020-11-18,-0.0012944088931082474,-0.0012944088931082474,-0.0013142501629495173,-0.0006984762829284614,-0.0006984762829284614,-0.0007183175527697312,-0.008068396104633627,-0.008068396104633627,-0.008088237374474897,-0.0023654002570619413,-0.0023654002570619413,-0.0023852415269032114,-0.0012960779026643873,-0.0012960779026643873,-0.0013159191725056571
2020-11-19,-0.00025641011800776013,-0.00025641011800776013,-0.00027625138784902995,0.0009632232808969995,0.0009632232808969995,0.0009433820110557297,0.0029750826974912674,0.0029750826974912674,0.0029552414276499974,-0.00030693020016074515,-0.00030693020016074515,-0.00032677147000201496,-0.009668339502080353,-0.009668339502080353,-0.009688180771921623
2020-11-20,0.008032271391010665,0.008032271391010665,0.008012430121169395,-0.00521598132300009,-0.00521598132300009,-0.0052358225928413596,-0.006673933968040142,-0.006673933968040142,-0.0066937752378814115,-0.0072742123126906125,-0.0072742123126906125,-0.007294053582531882,-0.00010684465950455647,-0.00010684465950455647,-0.0001266859293458263
2020-11-23,-0.04828559259984301,-0.04828559259984301,-0.04830543386968428,0.036968030328845186,0.036968030328845186,0.03694818905900392,0.04092696289238176,0.04092696289238176,0.040907121622540496,0.0421168811812359,0.0421168811812359,0.042097039911394636,0.008800990329450043,0.008800990329450043,0.008781149059608773
2020-11-24,-0.05363087857324397,-0.05363087857324397,-0.05365071984308524,0.03652091490608082,0.03652091490608082,0.036501073636239556,0.035981736280801965,0.035981736280801965,0.0359618950109607,0.037460196916170974,0.037460196916170974,0.03744035564632971,0.017843005292278995,0.017843005292278995,0.017823164022437724
2020-11-25,0.018447661886230572,0.018447661886230572,0.0184278206163893,-0.012740035101944751,-0.012740035101944751,-0.012759876371786022,-0.006935838078488809,-0.006935838078488809,-0.0069556793483300785,-0.01176586668514395,-0.01176586668514395,-0.01178570795498522,-0.0003775811221809421,-0.0003775811221809421,-0.0003974223920222119
2020-11-27,0.020082257065420342,0.020082257065420342,0.02006241579557907,-0.013978600001753102,-0.013978600001753102,-0.013998441271594372,-0.011140765517891248,-0.011140765517891248,-0.011160606787732518,-0.013061485054900825,-0.013061485054900825,-0.013081326324742095,-0.008644644839257105,-0.008644644839257105,-0.008664486109098375
2020-11-30,0.0465082974867633,0.0465082974867633,0.04648845621692203,-0.040752065718842684,-0.040752065718842684,-0.04077190698868395,-0.039768296434459685,-0.039768296434459685,-0.03978813770430095,-0.04454186517771121,-0.04454186517771121,-0.044561706447552474,-0.017407751511487435,-0.017407751511487435,-0.017427592781328705
2020-12-01,-0.0035752977191408106,-0.0027057325017495063,-0.003345000639347797,0.004315985390464269,0.0060116375643773125,0.004788269152663244,0.0038722878548988794,0.005828809594029314,0.004416101582198478,0.006722029939091718,0.008504638634743891,0.007215744995677076,-0.0013034832496753627,0.0013052124024985506,-0.0005989266582958003
2020-12-02,-0.03566028091216991,-0.03566028091216991,-0.03568012218201118,0.023496662611842654,0.023496662611842654,0.023476821342001384,0.036653553369904515,0.036653553369904515,0.03663371210006325,0.029049437582676804,0.029049437582676804,0.029029596312835533,0.014442002357776476,0.014442002357776476,0.014422161087935205
2020-12-03,-0.027164450350776276,-0.027164450350776276,-0.027184291620617546,0.01947164432485316,0.01947164432485316,0.01945180305501189,0.028273863484662366,0.028273863484662366,0.028254022214821095,0.026172093388775713,0.026172093388775713,0.026152252118934443,0.008080561615618174,0.008080561615618174,0.008060720345776904
2020-12-04,-0.033429851343649036,-0.033429851343649036,-0.0334496926134903,0.02680560453399068,0.02680560453399068,0.026785763264149408,0.03117868574328982,0.03117868574328982,0.03115884447344855,0.029323235235635823,0.029323235235635823,0.029303393965794552,0.012600008044942962,0.012600008044942962,0.012580166775101691
2020-12-07,0.025167482587158754,0.025167482587158754,0.025147641317317483,-0.020911442826493494,-0.020911442826493494,-0.020931284096334764,-0.01921947213234079,-0.01921947213234079,-0.01923931340218206,-0.017967169802206036,-0.017967169802206036,-0.017987011072047306,-0.008428127419923166,-0.008428127419923166,-0.008447968689764437
2020-12-08,-0.0013682381758144124,-0.0013682381758144124,-0.0013880794456556822,0.0005940962155982716,0.0005940962155982716,0.0005742549457570017,0.002485999552310784,0.002485999552310784,0.002466158282469514,-0.00021767059184316464,-0.00021767059184316464,-0.00023751186168443448,0.0013204847055762938,0.0013204847055762938,0.001300643435735024
2020-12-09,-0.015412348969554816,-0.015412348969554816,-0.015432190239396086,0.014368340916503693,0.014368340916503693,0.014348499646662422,0.010534525071604893,0.010534525071604893,0.010514683801763623,0.010839365477026661,0.010839365477026661,0.010819524207185391,0.007507579254736047,0.007507579254736047,0.007487737984894777
2020-12-10,-0.012833770242386664,-0.012833770242386664,-0.012853611512227935,0.010022782940165122,0.010022782940165122,0.010002941670323852,0.01743425628419889,0.01743425628419889,0.01741441501435762,0.014988633073725452,0.014988633073725452,0.014968791803884182,0.0034493715760849928,0.0034493715760849928,0.0034295303062437227
2020-12-11,0.014988518101234475,0.014988518101234475,0.014968676831393204,-0.01337552041747562,-0.01337552041747562,-0.01339536168731689,-0.017260165928383787,-0.017260165928383787,-0.017280007198225058,-0.01308457625783773,-0.01308457625783773,-0.013104417527679,-0.009291143659759641,-0.009291143659759641,-0.009310984929600911
2020-12-14,0.03041947052411787,0.03041947052411787,0.0303996292542766,-0.019369639443080698,-0.019369639443080698,-0.01938948071292197,-0.021581154179148455,-0.021581154179148455,-0.021600995448989725,-0.02267134077990951,-0.02267134077990951,-0.02269118204975078,-0.011572781143453711,-0.011572781143453711,-0.011592622413294982
2020-12-15,-0.012993991414203005,-0.012993991414203005,-0.013013832684044276,0.014088100474440302,0.014088100474440302,0.014068259204599032,0.014352500680035817,0.014352500680035817,0.014332659410194546,0.01626193410684751,0.01626193410684751,0.016242092837006238,0.005103491690213112,0.005103491690213112,0.005083650420371843
2020-12-16,0.015217493364891978,0.015217493364891978,0.015197652095050708,-0.013147916919539773,-0.013147916919539773,-0.013167758189381044,-0.010231715433575511,-0.010231715433575511,-0.010251556703416782,-0.011718637614354054,-0.011718637614354054,-0.011738478884195325,-0.0017319763764005699,-0.0017319763764005699,-0.0017518176462418397
2020-12-17,0.013414995435037144,0.013414995435037144,0.013395154165195874,-0.006864178385714466,-0.006864178385714466,-0.0068840196555557355,-0.011957583682730404,-0.011957583682730404,-0.011977424952571675,-0.009331474084433331,-0.009331474084433331,-0.009351315354274602,-0.0025816962468666314,-0.0025816962468666314,-0.0026015375167079014
2020-12-18,0.025124234301380013,0.025124234301380013,0.025104393031538743,-0.017447809889188343,-0.017447809889188343,-0.017467651159029613,-0.01998720420637399,-0.01998720420637399,-0.02000704547621526,-0.02024327191134228,-0.02024327191134228,-0.02026311318118355,-0.013052425478893787,-0.013052425478893787,-0.013072266748735057
2020-12-21,0.009669464770145356,0.009669464770145356,0.009649623500304086,-0.008395542175767216,-0.008395542175767216,-0.008415383445608486,-0.008187738093562597,-0.008187738093562597,-0.008207579363403867,-0.0075586218986746535,-0.0075586218986746535,-0.007578463168515923,-0.000740009103669373,-0.000740009103669373,-0.0007598503735106428
2020-12-22,0.02200921162456073,0.02200921162456073,0.02198937035471946,-0.010291456722817963,-0.010291456722817963,-0.010311297992659233,-0.018775406185553626,-0.018775406185553626,-0.018795247455394896,-0.014375185613025577,-0.014375185613025577,-0.014395026882866847,-0.00825288976602876,-0.00825288976602876,-0.008272731035870031
2020-12-23,-0.03348037788170957,-0.03348037788170957,-0.03350021915155084,0.023954075888650672,0.023954075888650672,0.0239342346188094,0.0284881837135662,0.0284881837135662,0.02846834244372493,0.027298699888881554,0.027298699888881554,0.027278858619040284,0.011165809700341887,0.011165809700341887,0.011145968430500617
2020-12-24,0.006416997325923806,0.006416997325923806,0.006397156056082536,-0.006312252621106346,-0.006312252621106346,-0.006332093890947616,-0.00933671798619531,-0.00933671798619531,-0.009356559256036581,-0.008286089309736153,-0.008286089309736153,-0.008305930579577424,-0.0018312279320230893,-0.0018312279320230893,-0.001851069201864359
2020-12-28,-0.012986736534312423,-0.012986736534312423,-0.013006577804153693,0.003983899972691067,0.003983899972691067,0.003964058702849798,0.007881112366395972,0.007881112366395972,0.007861271096554701,0.007236833526060917,0.007236833526060917,0.007216992256219647,0.00851245126483262,0.00851245126483262,0.00849260999499135
2020-12-29,0.005194564014815181,0.005194564014815181,0.005174722744973911,-0.0045453983900042485,-0.0045453983900042485,-0.004565239659845518,-0.004653471450975333,-0.004653471450975333,-0.004673312720816602,-0.0058766097564173095,-0.0058766097564173095,-0.005896451026258579,-0.0019550122369677743,-0.0019550122369677743,-0.0019748535068090443
2020-12-30,-0.011476435130558491,-0.011476435130558491,-0.011496276400399762,0.009315992864098985,0.009315992864098985,0.009296151594257715,0.015099822005995913,0.015099822005995913,0.015079980736154642,0.012180617714332174,0.012180617714332174,0.012160776444490904,0.003024087412447192,0.003024087412447192,0.0030042461426059218
2020-12-31,0.0022112768188830975,0.0022112768188830975,0.0021914355490418275,-0.0004100991708452628,-0.0004100991708452628,-0.0004299404406865326,-0.007104193502231171,-0.007104193502231171,-0.00712403477207244,-0.005142336784728341,-0.005142336784728341,-0.005162178054569611,-0.0019917376598649777,-0.0019917376598649777,-0.0020115789297062477
2021-01-04,0.007589851050085751,0.008459416267477055,0.007824740110607107,-0.009421689599920402,-0.0071608200347030105,-0.008780585048185584,-0.005174008868068529,-0.0034348784332859203,-0.004683332452282623,-0.010235685556993673,-0.008148729035254543,-0.00964628659173474,-0.0055649703184288,-0.002825839883646191,-0.004787362432678425
2021-01-05,-0.016382712304975684,-0.016382712304975684,-0.016402553574816955,-0.0014459534095778864,-0.0014459534095778864,-0.0014657946794191562,0.011865320140606527,0.011865320140606527,0.011845478870765256,0.0041959204537718765,0.0041959204537718765,0.004176079183930607,0.003958685798801395,0.003958685798801395,0.003938844528960125
2021-01-06,-0.023870861466241382,-0.023870861466241382,-0.023890702736082653,0.014551357376557293,0.014551357376557293,0.014531516106716023,0.014920529921209593,0.014920529921209593,0.014900688651368323,0.015068967048683529,0.015068967048683529,0.015049125778842258,0.008661917447379559,0.008661917447379559,0.008642076177538288
2021-01-07,0.018243767985327522,0.018243767985327522,0.01822392671548625,-0.025422030758971058,-0.025422030758971058,-0.02544187202881233,-0.010976949600236227,-0.010976949600236227,-0.010996790870077497,-0.020393848088332472,-0.020393848088332472,-0.020413689358173743,-0.007125051285915793,-0.007125051285915793,-0.007144892555757063
2021-01-08,0.017698814713393306,0.017698814713393306,0.017678973443552036,-0.007068536049396359,-0.007068536049396359,-0.007088377319237628,-0.011403639614687096,-0.011403639614687096,-0.011423480884528367,-0.010560151634223684,-0.010560151634223684,-0.010579992904064955,-0.003994709107369796,-0.003994709107369796,-0.004014550377211066
2021-01-11,-0.008535843817048154,-0.008535843817048154,-0.008555685086889425,0.000467272818325542,0.000467272818325542,0.0004474315484842722,0.0024621745717420336,0.0024621745717420336,0.0024423333019007636,0.0012768196275977416,0.0012768196275977416,0.0012569783577564718,-0.00672835363456359,-0.00672835363456359,-0.00674819490440486
2021-01-12,-0.02698475500862672,-0.02698475500862672,-0.02700459627846799,0.010954687255419003,0.010954687255419003,0.010934845985577733,0.024112665409707877,0.024112665409707877,0.024092824139866607,0.013941378578867174,0.013941378578867174,0.013921537309025903,0.010504463142531796,0.010504463142531796,0.010484621872690525
2021-01-13,0.003136877178966372,0.003136877178966372,0.003117035909125102,0.007111817245976839,0.007111817245976839,0.0070919759761355694,0.002806721520490552,0.002806721520490552,0.002786880250649282,0.004174797773243376,0.004174797773243376,0.004154956503402106,-0.0016480414151758126,-0.0016480414151758126,-0.0016678826850170824
2021-01-14,-0.02973748272116956,-0.02973748272116956,-0.02975732399101083,0.013843392118971908,0.013843392118971908,0.013823550849130638,0.022988685243880192,0.022988685243880192,0.02296884397403892,0.022590482584806962,0.022590482584806962,0.02257064131496569,0.0018101035220426383,0.0018101035220426383,0.0017902622522013684
2021-01-15,0.01742781691389555,0.01742781691389555,0.017407975644054278,0.0007898299322921568,0.0007898299322921568,0.000769988662450887,-0.011944029396491723,-0.011944029396491723,-0.011963870666332994,-0.006791379315082704,-0.006791379315082704,-0.006811220584923974,-0.002819346365814579,-0.002819346365814579,-0.002839187635655849
2021-01-19,0.008740220348600426,0.008740220348600426,0.008720379078759156,-0.016540231449418158,-0.016540231449418158,-0.01656007271925943,-0.0071179039615509474,-0.0071179039615509474,-0.007137745231392217,-0.011002920341791376,-0.011002920341791376,-0.011022761611632646,-0.012214773847140212,-0.012214773847140212,-0.012234615116981483
2021-01-20,0.011584918323222143,0.011584918323222143,0.011565077053380873,0.0006956376175897641,0.0006956376175897641,0.0006757963477484943,-0.005538627081644657,-0.005538627081644657,-0.005558468351485927,-0.0009245215406494187,-0.0009245215406494187,-0.0009443628104906885,-0.003057691907734997,-0.003057691907734997,-0.003077533177576267
2021-01-21,0.015725237031686615,0.015725237031686615,0.015705395761845344,-0.003818599388761856,-0.003818599388761856,-0.003838440658603126,-0.007316604335059793,-0.007316604335059793,-0.007336445604901063,-0.008084373559470505,-0.008084373559470505,-0.008104214829311776,-0.0017746073026845832,-0.0017746073026845832,-0.001794448572525853
2021-01-22,0.0024723770756348157,0.0024723770756348157,0.0024525358057935456,0.0029899473814893815,0.0029899473814893815,0.0029701061116481115,0.004010532140416334,0.004010532140416334,0.003990690870575064,0.004936013001779408,0.004936013001779408,0.004916171731938138,-0.000584756652784013,-0.000584756652784013,-0.0006045979226252828
2021-01-25,0.008274356537941695,0.008274356537941695,0.008254515268100424,0.006188687363329675,0.006188687363329675,0.006168846093488406,-0.006461348057839952,-0.006461348057839952,-0.006481189327681222,0.001794042491804991,0.001794042491804991,0.0017742012219637213,-0.009240830473405136,-0.009240830473405136,-0.009260671743246407
2021-01-26,-0.004356492878515506,-0.004356492878515506,-0.004376334148356776,0.02010505291952132,0.02010505291952132,0.020085211649680048,0.01124304438064017,0.01124304438064017,0.011223203110798899,0.01790099630738166,0.01790099630738166,0.01788115503754039,0.0058605240703931616,0.0058605240703931616,0.005840682800551892
2021-01-27,-0.0283807401894679,-0.0283807401894679,-0.02840058145930917,0.024783610104163634,0.024783610104163634,0.024763768834322363,0.02360827358513367,0.02360827358513367,0.0235884323152924,0.0279689532868614,0.0279689532868614,0.02794911201702013,0.011532329530083332,0.011532329530083332,0.011512488260242062
2021-01-28,0.0010588369327302776,0.0010588369327302776,0.0010389956628890078,-0.018934567026867744,-0.018934567026867744,-0.018954408296709014,-0.005102133228846282,-0.005102133228846282,-0.005121974498687552,-0.013412709096330735,-0.013412709096330735,-0.013432550366172006,-0.0035075334137042455,-0.0035075334137042455,-0.0035273746835455155
2021-01-29,0.015342848410980856,0.015342848410980856,0.015323007141139586,-0.0009333648453901675,-0.0009333648453901675,-0.0009532061152314373,-0.012514307744013152,-0.012514307744013152,-0.012534149013854422,-0.005630666291335715,-0.005630666291335715,-0.005650507561176985,-0.002543640765256475,-0.002543640765256475,-0.002563482035097745
2021-02-01,0.022734610937077113,0.023560697893598853,0.02295582898426716,-0.014706921438623916,-0.012663443177754351,-0.014136560450231882,-0.014281825011378885,-0.011673129359204972,-0.01354013725504245,-0.010779668170327822,-0.008431842083371301,-0.0101223363514628,-0.0038666657658186997,-0.0010405788092969605,-0.0030750515729701905
2021-02-02,0.009535775999535399,0.009535775999535399,0.009515934729694128,-0.011263193272293163,-0.011263193272293163,-0.011283034542134434,-0.014200479183951509,-0.014200479183951509,-0.01422032045379278,-0.010505942838022381,-0.010505942838022381,-0.010525784107863652,0.0037065431300151016,0.0037065431300151016,0.0036867018601738316
2021-02-03,-0.036161816167037855,-0.036161816167037855,-0.03618165743687912,0.019374200351045194,0.019374200351045194,0.019354359081203924,0.008979251568857705,0.008979251568857705,0.008959410299016434,0.014619279903182764,0.014619279903182764,0.014599438633341493,-0.0021360016629147402,-0.0021360016629147402,-0.0021558429327560103
2021-02-04,0.0019611231405990996,0.0019611231405990996,0.0019412818707578298,-0.00291286736491553,-0.00291286736491553,-0.0029327086347568,-0.010502866102334592,-0.010502866102334592,-0.010522707372175862,-0.0051823694168106746,-0.0051823694168106746,-0.005202210686651944,-0.00325830524422551,-0.00325830524422551,-0.00327814651406678
2021-02-05,0.00847731635809867,0.00847731635809867,0.008457475088257399,-0.005699019908863099,-0.005699019908863099,-0.005718861178704369,-0.0017232576307217914,-0.0017232576307217914,-0.0017430989005630612,-0.00453663193186854,-0.00453663193186854,-0.0045564732017098096,7.80794227852674e-05,7.80794227852674e-05,5.823815294399756e-05
2021-02-08,-0.010848371729850207,-0.010848371729850207,-0.010868212999691478,0.005204108518546489,0.005204108518546489,0.00518426724870522,-0.00421008342999725,-0.00421008342999725,-0.00422992469983852,-0.00017763367245500743,-0.00017763367245500743,-0.00019747494229627728,0.0020580835269458225,0.0020580835269458225,0.0020382422571045525
2021-02-09,0.0032654315215889097,0.0032654315215889097,0.0032455902517476397,-0.0027001632820347066,-0.0027001632820347066,-0.0027200045518759766,-0.001628856041018208,-0.001628856041018208,-0.0016486973108594779,-0.002628665748669521,-0.002628665748669521,-0.002648507018510791,0.0011760678481848375,0.0011760678481848375,0.0011562265783435677
2021-02-10,-0.015139334539991212,-0.015139334539991212,-0.015159175809832483,0.012308131074221275,0.012308131074221275,0.012288289804380004,0.00722545488768248,0.00722545488768248,0.00720561361784121,0.011130913703072412,0.011130913703072412,0.011111072433231142,-0.002760378257251786,-0.002760378257251786,-0.002780219527093056
2021-02-11,0.013809202613314257,0.013809202613314257,0.013789361343472986,-0.00913549357729468,-0.00913549357729468,-0.009155334847135951,-0.012213085186079522,-0.012213085186079522,-0.012232926455920792,-0.00960590414727178,-0.00960590414727178,-0.00962574541711305,-0.00026228397141623335,-0.00026228397141623335,-0.00028212524125750317
2021-02-12,0.003781971233847154,0.003781971233847154,0.003762129964005884,-0.00478524352527199,-0.00478524352527199,-0.004805084795113259,-0.006015333129727629,-0.006015333129727629,-0.006035174399568899,-0.006107028897193801,-0.006107028897193801,-0.00612687016703507,-0.001217609512501892,-0.001217609512501892,-0.0012374507823431618
2021-02-16,-0.021709058692940077,-0.021709058692940077,-0.021728899962781347,0.0039263458144540905,0.0039263458144540905,0.003906504544612821,0.0010573374751910065,0.0010573374751910065,0.0010374962053497367,0.009780748238298628,0.009780748238298628,0.009760906968457357,0.004843782027460612,0.004843782027460612,0.004823940757619343
2021-02-17,-0.0149676607788602,-0.0149676607788602,-0.01498750204870147,0.008854138222137622,0.008854138222137622,0.008834296952296351,0.007574667227622659,0.007574667227622659,0.007554825957781389,0.011085632752546154,0.011085632752546154,0.011065791482704883,0.001270391345621895,0.001270391345621895,0.0012505500757806253
2021-02-18,0.006718284696423167,0.006718284696423167,0.0066984434265818975,0.0011358595019189035,0.0011358595019189035,0.0011160182320776337,0.003422098150812709,0.003422098150812709,0.003402256880971439,0.006198946547881694,0.006198946547881694,0.006179105278040425,0.0005985226128011904,0.0005985226128011904,0.0005786813429599206
2021-02-19,-0.008037500767244653,-0.008037500767244653,-0.008057342037085923,2.6476964979408116e-05,2.6476964979408116e-05,6.6356951381382745e-06,-0.00375511942557774,-0.00375511942557774,-0.00377496069541901,0.0003431429727298232,0.0003431429727298232,0.00032330170288855336,0.0056485254888006976,0.0056485254888006976,0.005628684218959428
2021-02-22,-0.05133569405693672,-0.05133569405693672,-0.05135553532677799,0.021899280225418843,0.021899280225418843,0.021879438955577573,0.0236711741537071,0.0236711741537071,0.02365133288386583,0.027152268666088747,0.027152268666088747,0.027132427396247476,0.005413772176845505,0.005413772176845505,0.0053939309070042355
2021-02-23,-0.01709185357309167,-0.01709185357309167,-0.01711169484293294,0.012139193566962667,0.012139193566962667,0.012119352297121397,0.00421330985457539,0.00421330985457539,0.00419346858473412,0.0057814509213248415,0.0057814509213248415,0.005761609651483572,-0.00035861342895291077,-0.00035861342895291077,-0.0003784546987941806
2021-02-24,-0.018565553063186933,-0.018565553063186933,-0.018585394333028204,0.004550166430726822,0.004550166430726822,0.004530325160885552,-0.007125798414776948,-0.007125798414776948,-0.007145639684618218,-0.0009822369317543708,-0.0009822369317543708,-0.0010020782015956406,0.0017106487963395624,0.0017106487963395624,0.0016908075264982926
2021-02-25,-0.002550276887755961,-0.002550276887755961,-0.002570118157597231,0.00914772271238714,0.00914772271238714,0.009127881442545869,0.009920809635793388,0.009920809635793388,0.009900968365952117,0.01184683844861317,0.01184683844861317,0.011826997178771899,-0.010119233329780401,-0.010119233329780401,-0.010139074599621671
2021-02-26,0.021193043308718244,0.021193043308718244,0.021173202038876973,-0.014090806388368736,-0.014090806388368736,-0.014110647658210006,-0.015095749185926766,-0.015095749185926766,-0.015115590455768036,-0.017806371106107742,-0.017806371106107742,-0.017826212375949013,-0.0010726382314843385,-0.0010726382314843385,-0.0010924795013256083
2021-03-01,0.012049530399341729,0.013179965181950425,0.012359279635392005,-0.00801189696865566,-0.005794505664307835,-0.007383389869812971,-0.002016546174252152,0.0005486712170521958,-0.0012918764299796198,-0.007740338567451844,-0.0051751211761474954,-0.007010493890442408,0.0014142818903263043,0.004109934064239347,0.0021726964275895623
2021-03-02,-0.018242689112273974,-0.018242689112273974,-0.018262530382115245,0.007868433624386847,0.007868433624386847,0.007848592354545577,0.003727776641681965,0.003727776641681965,0.003707935371840695,0.007197038908170668,0.007197038908170668,0.007177197638329399,0.0019314287235643426,0.0019314287235643426,0.0019115874537230727
2021-03-03,-0.040434294217536824,-0.040434294217536824,-0.04045413548737809,0.016429763280094396,0.016429763280094396,0.016409922010253125,0.0010589492640575245,0.0010589492640575245,0.0010391079942162547,0.012839352586049173,0.012839352586049173,0.012819511316207902,-0.003595427828059873,-0.003595427828059873,-0.003615269097901143
2021-03-04,-0.028446141647458033,-0.028446141647458033,-0.028465982917299303,0.006934441146363888,0.006934441146363888,0.006914599876522619,0.008473082270957125,0.008473082270957125,0.008453241001115854,0.015229829660410737,0.015229829660410737,0.015209988390569466,-0.002911356388872132,-0.002911356388872132,-0.002931197658713402
2021-03-05,0.000493931427140526,0.000493931427140526,0.00047409015729925623,-0.002887332895947698,-0.002887332895947698,-0.002907174165788968,-0.0033990498534424143,-0.0033990498534424143,-0.0034188911232836843,-0.0009367972654787567,-0.0009367972654787567,-0.0009566385353200265,-0.0013242764586432363,-0.0013242764586432363,-0.0013441177284845061
2021-03-08,-0.04457193859781808,-0.04457193859781808,-0.044591779867659345,0.019828758713454582,0.019828758713454582,0.01980891744361331,-0.0030431592512012544,-0.0030431592512012544,-0.0030630005210425244,0.01474186911345772,0.01474186911345772,0.01472202784361645,-0.007592652849440878,-0.007592652849440878,-0.0076124941192821476
2021-03-09,0.04691859915570928,0.04691859915570928,0.04689875788586801,-0.01348886895347598,-0.01348886895347598,-0.01350871022331725,0.006033240166487612,0.006033240166487612,0.006013398896646343,-0.011665898652285223,-0.011665898652285223,-0.011685739922126494,0.0070825962310492605,0.0070825962310492605,0.007062754961207991
2021-03-10,-0.011781250418749426,-0.011781250418749426,-0.011801091688590696,0.0025719036726682028,0.0025719036726682028,0.0025520624028269327,0.00329188803753654,0.00329188803753654,0.00327204676769527,0.004638673691751732,0.004638673691751732,0.004618832421910462,0.0008998267557387956,0.0008998267557387956,0.0008799854858975258
2021-03-11,0.029001086378954655,0.029001086378954655,0.028981245109113384,-0.0053068173003974935,-0.0053068173003974935,-0.005326658570238763,0.009351161391445366,0.009351161391445366,0.009331320121604095,-0.004786125917951199,-0.004786125917951199,-0.004805967187792469,0.01738318409470567,0.01738318409470567,0.0173633428248644
2021-03-12,-0.017209373381928524,-0.017209373381928524,-0.017229214651769794,0.00982093725727698,0.00982093725727698,0.009801095987435709,0.005815707414025847,0.005815707414025847,0.005795866144184578,0.00846457180560488,0.00846457180560488,0.00844473053576361,0.000987998107515257,0.000987998107515257,0.0009681568376739872
2021-03-15,0.0020976014930768356,0.0020976014930768356,0.0020777602232355656,0.009882785894091002,0.009882785894091002,0.009862944624249732,0.00371306972345812,0.00371306972345812,0.00369322845361685,0.007999156280246132,0.007999156280246132,0.007979315010404862,-3.790926466728508e-05,-3.790926466728508e-05,-5.7750534508554924e-05
2021-03-16,0.012476997169616578,0.012476997169616578,0.012457155899775307,-0.00979099373749631,-0.00979099373749631,-0.00981083500733758,-0.008253059426441146,-0.008253059426441146,-0.008272900696282417,-0.004422670562768365,-0.004422670562768365,-0.0044425118326096346,-0.008463405599353855,-0.008463405599353855,-0.008483246869195125
2021-03-17,-0.002681407957253107,-0.002681407957253107,-0.002701249227094377,0.010786351360426308,0.010786351360426308,0.010766510090585038,0.0024700524511901507,0.0024700524511901507,0.0024502111813488807,0.006911458794342128,0.006911458794342128,0.006891617524500859,0.0031760221113068888,0.0031760221113068888,0.0031561808414656187
2021-03-18,-0.005917214925457324,-0.005917214925457324,-0.005937056195298594,-0.005074659510626956,-0.005074659510626956,-0.005094500780468226,-0.013859992650280742,-0.013859992650280742,-0.013879833920122013,-0.009423301039370537,-0.009423301039370537,-0.009443142309211807,-0.011134663879374392,-0.011134663879374392,-0.011154505149215663
2021-03-19,0.010511895197919618,0.010511895197919618,0.010492053928078348,0.0012393223545438523,0.0012393223545438523,0.0012194810847025825,0.01079271521762459,0.01079271521762459,0.01077287394778332,0.005470769028797463,0.005470769028797463,0.005450927758956193,0.006114076301157533,0.006114076301157533,0.006094235031316264
2021-03-22,0.02167848245594361,0.02167848245594361,0.02165864118610234,-0.013744213689155127,-0.013744213689155127,-0.013764054958996397,-0.0005029127877656018,-0.0005029127877656018,-0.0005227540576068716,-0.008553930729701023,-0.008553930729701023,-0.008573771999542294,-0.0026839456863602482,-0.0026839456863602482,-0.0027037869562015183
2021-03-23,-0.0008709887619368336,-0.0008709887619368336,-0.0008908300317781034,-0.00854920827768094,-0.00854920827768094,-0.00856904954752221,-0.0023192729834766194,-0.0023192729834766194,-0.0023391142533178894,-0.0015205441426490416,-0.0015205441426490416,-0.0015403854124903115,-0.011929084123191842,-0.011929084123191842,-0.011948925393033112
2021-03-24,-0.019772359931407232,-0.019772359931407232,-0.019792201201248503,0.0033036562656975224,0.0033036562656975224,0.0032838149958562524,-0.011567128144730807,-0.011567128144730807,-0.011586969414572077,-0.00022556788190958342,-0.00022556788190958342,-0.00024540915175085324,-0.018698716015265824,-0.018698716015265824,-0.018718557285107094
2021-03-25,-0.010174653364116326,-0.010174653364116326,-0.010194494633957597,0.00848113394021099,0.00848113394021099,0.00846129267036972,-0.009824173409605352,-0.009824173409605352,-0.009844014679446622,0.00010929245605566652,0.00010929245605566652,8.945118621439668e-05,-0.005409596571051315,-0.005409596571051315,-0.005429437840892584
2021-03-26,0.011491550488407304,0.011491550488407304,0.011471709218566033,-0.006465943118584188,-0.006465943118584188,-0.006485784388425457,-0.015870479457664566,-0.015870479457664566,-0.015890320727505836,-0.011782492728815111,-0.011782492728815111,-0.011802333998656381,-0.01091536220574096,-0.01091536220574096,-0.01093520347558223
2021-03-29,-0.008829261931505182,-0.008829261931505182,-0.008849103201346452,-8.893199198705304e-05,-8.893199198705304e-05,-0.00010877326182832288,0.0033548436756140553,0.0033548436756140553,0.0033350024057727853,0.007285551729348989,0.007285551729348989,0.007265710459507719,-0.01063285224661558,-0.01063285224661558,-0.01065269351645685
2021-03-30,0.0029453020310936757,0.0029453020310936757,0.0029254607612524057,0.003925091837351798,0.003925091837351798,0.0039052505675105276,-0.007086406523856903,-0.007086406523856903,-0.007106247793698173,-0.003908699915481542,-0.003908699915481542,-0.003928541185322812,0.005362814781237908,0.005362814781237908,0.005342973511396639
2021-03-31,0.02142827081166061,0.02142827081166061,0.02140842954181934,-0.00843822693651352,-0.00843822693651352,-0.00845806820635479,-0.0001631121667038703,-0.0001631121667038703,-0.00018295343654514015,-0.007037999004613944,-0.007037999004613944,-0.007057840274455214,4.401754482971426e-05,4.401754482971426e-05,2.4176274988444417e-05
2021-04-01,0.01420895749334972,0.0168611314063932,0.01496468536744732,-0.00836556860023859,-0.00545252512197772,-0.007565403559549588,0.009770408344596408,0.012596495301118147,0.010577292210434911,-0.001732619093600082,0.0009195548194433963,-0.0010097703973245386,0.004873833527939867,0.007873833527939867,0.005727198149689325
2021-04-05,-0.009237393794417816,-0.009237393794417816,-0.009257235064259087,0.004116658807518256,0.004116658807518256,0.004096817537676986,-0.005839501644076123,-0.005839501644076123,-0.005859342913917392,0.0007371548123926996,0.0007371548123926996,0.0007173135425514298,-0.013941521966022835,-0.013941521966022835,-0.013961363235864105
2021-04-06,0.0069853148595097015,0.0069853148595097015,0.006965473589668432,-0.004284751489427214,-0.004284751489427214,-0.0043045927592684835,0.002514403836886126,0.002514403836886126,0.002494562567044856,0.00014028226732815878,0.00014028226732815878,0.00012044099748688894,-0.00048504981428642386,-0.00048504981428642386,-0.0005048910841276937
2021-04-07,-0.0025236491420451163,-0.0025236491420451163,-0.0025434904118863864,-0.0019433949535335145,-0.0019433949535335145,-0.0019632362233747845,0.001878974085334681,0.001878974085334681,0.0018591328154934112,-0.0012638155632261892,-0.0012638155632261892,-0.001283656833067459,0.0007166797833208943,0.0007166797833208943,0.0006968385134796245
2021-04-08,0.006165724900919769,0.006165724900919769,0.0061458836310785,-0.0008924070219243302,-0.0008924070219243302,-0.0009122482917656,-0.002911494158021448,-0.002911494158021448,-0.002931335427862718,-0.00012951920942918892,-0.00012951920942918892,-0.00014936047927045876,-0.006365300664036699,-0.006365300664036699,-0.0063851419338779684
2021-04-09,0.0030682257361940154,0.0030682257361940154,0.0030483844663527454,-0.005569719716470986,-0.005569719716470986,-0.005589560986312255,-0.003356040149404602,-0.003356040149404602,-0.0033758814192458722,-0.007095354792318894,-0.007095354792318894,-0.007115196062160164,0.0018716013935467007,0.0018716013935467007,0.001851760123705431
2021-04-12,-0.006821235351300262,-0.006821235351300262,-0.006841076621141531,0.004376133162044592,0.004376133162044592,0.0043562918922033225,-0.010758541335037158,-0.010758541335037158,-0.010778382604878428,-0.00035544344761236383,-0.00035544344761236383,-0.00037528471745363365,-0.0018152849232514236,-0.0018152849232514236,-0.0018351261930926934
2021-04-13,-0.006249660408075105,-0.006249660408075105,-0.006269501677916374,0.013104310967093157,0.013104310967093157,0.013084469697251886,0.002707717211170855,0.002707717211170855,0.0026878759413295848,0.01002234146442394,0.01002234146442394,0.01000250019458267,-0.006401596578225141,-0.006401596578225141,-0.006421437848066411
2021-04-14,0.004866387501257285,0.004866387501257285,0.004846546231416015,-0.007045775924680506,-0.007045775924680506,-0.007065617194521776,0.003938657117107766,0.003938657117107766,0.0039188158472664965,-0.006546461615788228,-0.006546461615788228,-0.006566302885629497,0.007645978771017591,0.007645978771017591,0.007626137501176322
2021-04-15,-0.015431829907569871,-0.015431829907569871,-0.015451671177411141,0.02118836765594287,0.02118836765594287,0.0211685263861016,-0.006396371787283047,-0.006396371787283047,-0.006416213057124316,0.013523617215456925,0.013523617215456925,0.013503775945615654,-0.00613529788516558,-0.00613529788516558,-0.00615513915500685
2021-04-16,-0.00516404830790826,-0.00516404830790826,-0.005183889577749529,0.0004565027321306806,0.0004565027321306806,0.0004366614622894107,-0.003598413709933955,-0.003598413709933955,-0.003618254979775225,-0.004215088038299913,-0.004215088038299913,-0.004234929308141183,0.0029251606798013953,0.0029251606798013953,0.0029053194099601253
2021-04-19,-0.013226650258815895,-0.013226650258815895,-0.013246491528657166,0.0094696279048818,0.0094696279048818,0.009449786635040529,-0.008127178403213501,-0.008127178403213501,-0.008147019673054772,0.0026813840789981285,0.0026813840789981285,0.0026615428091568585,-0.0003364451444648935,-0.0003364451444648935,-0.0003562864143061633
2021-04-20,-0.03663958409775513,-0.03663958409775513,-0.0366594253675964,0.030981246140932495,0.030981246140932495,0.030961404871091225,-0.011058525839077996,-0.011058525839077996,-0.011078367108919266,0.017427510037686944,0.017427510037686944,0.017407668767845674,-0.007896701145504639,-0.007896701145504639,-0.007916542415345909
2021-04-21,0.030117646127376704,0.030117646127376704,0.030097804857535434,-0.020781463475601128,-0.020781463475601128,-0.0208013047454424,0.016926470020651202,0.016926470020651202,0.01690662875080993,-0.012340897293448633,-0.012340897293448633,-0.012360738563289904,0.003969736481331573,0.003969736481331573,0.003949895211490304
2021-04-22,0.0007999579822994653,0.0007999579822994653,0.0007801167124581955,0.005613737307888838,0.005613737307888838,0.005593896038047569,-0.0074160260943490295,-0.0074160260943490295,-0.007435867364190299,-0.0015639701849977762,-0.0015639701849977762,-0.001583811454839046,-0.0024334272576755378,-0.0024334272576755378,-0.0024532685275168078
2021-04-23,0.022643665126769175,0.022643665126769175,0.022623823856927905,-0.01702229584120836,-0.01702229584120836,-0.01704213711104963,0.012213564967247455,0.012213564967247455,0.012193723697406185,-0.007898502162905236,-0.007898502162905236,-0.007918343432746507,0.006467043673765362,0.006467043673765362,0.006447202403924092
2021-04-26,0.011674184414769145,0.011674184414769145,0.011654343144927875,-0.0070966044787036005,-0.0070966044787036005,-0.00711644574854487,0.016644025357162296,0.016644025357162296,0.016624184087321026,0.0021069627912652126,0.0021069627912652126,0.0020871215214239426,0.004538919150342375,0.004538919150342375,0.004519077880501105
2021-04-27,0.0128589415521316,0.0128589415521316,0.012839100282290329,-0.013172117213224891,-0.013172117213224891,-0.013191958483066162,-0.0004096604206149148,-0.0004096604206149148,-0.0004295016904561846,-0.011625922157446018,-0.011625922157446018,-0.011645763427287289,0.006866236298050607,0.006866236298050607,0.0068463950282093376
2021-04-28,0.006862626872656091,0.006862626872656091,0.006842785602814821,-0.0010119014268405772,-0.0010119014268405772,-0.001031742696681847,0.0005515944088595921,0.0005515944088595921,0.0005317531390183223,0.0005449731768390458,0.0005449731768390458,0.000525131906997776,-0.0005029545165714241,-0.0005029545165714241,-0.0005227957864126939
2021-04-29,-0.010606705588728942,-0.010606705588728942,-0.010626546858570212,-0.0009634036225467003,-0.0009634036225467003,-0.0009832448923879702,-0.0051588216918163786,-0.0051588216918163786,-0.005178662961657648,-0.002688838708685335,-0.002688838708685335,-0.002708679978526605,0.006690710224892497,0.006690710224892497,0.006670868955051227
2021-04-30,-0.019037894260889504,-0.019037894260889504,-0.019057735530730775,0.011388111896236869,0.011388111896236869,0.011368270626395598,-0.006364889855407227,-0.006364889855407227,-0.006384731125248497,0.007430165055182618,0.007430165055182618,0.007410323785341348,-0.002454367811130915,-0.002454367811130915,-0.002474209080972185
2021-05-03,-0.0044948444524401275,-0.0033209314089618666,-0.0041690491742714,-0.0051931611616048865,-0.0030192481181266257,-0.0045717816884469605,-0.0020505972954327732,-0.0001375538171719034,-0.0015168561355653482,-0.006798798388529375,-0.004581407084181549,-0.006163856298688624,-0.004399429705421084,-0.0016168210097689106,-0.0036021792084530687
2021-05-04,-0.0061453766998422685,-0.0061453766998422685,-0.006165217969683538,-0.009168756712977443,-0.009168756712977443,-0.009188597982818713,-0.01873698142989749,-0.01873698142989749,-0.01875682269973876,-0.012963360563137469,-0.012963360563137469,-0.01298320183297874,-0.004914889981137954,-0.004914889981137954,-0.004934731250979224
2021-05-05,0.015469101458719797,0.015469101458719797,0.015449260188878527,-0.011391565262742548,-0.011391565262742548,-0.011411406532583818,0.012518123858206174,0.012518123858206174,0.012498282588364903,-0.002797121611734575,-0.002797121611734575,-0.002816962881575845,0.00862813637711315,0.00862813637711315,0.008608295107271879
2021-05-06,-0.00992947025092773,-0.00992947025092773,-0.009949311520769,-0.004912061516434517,-0.004912061516434517,-0.004931902786275787,-0.01811854691639104,-0.01811854691639104,-0.01813838818623231,-0.01097447170189688,-0.01097447170189688,-0.010994312971738151,-0.0021457389096553826,-0.0021457389096553826,-0.0021655801794966526
2021-05-07,0.019025122571086038,0.019025122571086038,0.019005281301244768,-0.007532179774210039,-0.007532179774210039,-0.0075520210440513085,0.01476149670170001,0.01476149670170001,0.014741655431858739,-0.0002888773970705497,-0.0002888773970705497,-0.00030871866691181953,0.00801809000517815,0.00801809000517815,0.00799824873533688
2021-05-10,-0.024647263284912416,-0.024647263284912416,-0.024667104554753686,0.009051671888054773,0.009051671888054773,0.009031830618213502,-0.016285123564408695,-0.016285123564408695,-0.016304964834249966,0.0006459900680666464,0.0006459900680666464,0.0006261487982253766,-0.004334821948763788,-0.004334821948763788,-0.004354663218605058
2021-05-11,-0.0027177075498841857,-0.0027177075498841857,-0.0027375488197254557,0.014941396284341607,0.014941396284341607,0.014921555014500336,0.006301232822170215,0.006301232822170215,0.0062813915523289455,0.012031906279766358,0.012031906279766358,0.012012065009925087,0.001654650679107279,0.001654650679107279,0.0016348094092660092
2021-05-12,-0.02972203623011347,-0.02972203623011347,-0.02974187749995474,0.016112310908898288,0.016112310908898288,0.016092469639057017,-0.0008039866712806695,-0.0008039866712806695,-0.0008238279411219393,0.014998437591421936,0.014998437591421936,0.014978596321580665,-0.000969447907568304,-0.000969447907568304,-0.0009892891774095738
2021-05-13,0.0027366533704629697,0.0027366533704629697,0.0027168121006216996,-0.011573353655976925,-0.011573353655976925,-0.011593194925818196,-0.017093031637137664,-0.017093031637137664,-0.017112872906978934,-0.015031223691892154,-0.015031223691892154,-0.015051064961733425,-0.006513716122342479,-0.006513716122342479,-0.006533557392183749
2021-05-14,0.023439471269580542,0.023439471269580542,0.02341962999973927,-0.008465408035283076,-0.008465408035283076,-0.008485249305124346,0.019999052920732764,0.019999052920732764,0.019979211650891494,-0.00043402929617592867,-0.00043402929617592867,-0.0004538705660171985,0.006873721838129697,0.006873721838129697,0.006853880568288427
2021-05-17,0.003872073381753021,0.003872073381753021,0.003852232111911751,-0.0007285720092303312,-0.0007285720092303312,-0.000748413279071601,0.006323960756258655,0.006323960756258655,0.006304119486417385,-0.0017120616993903635,-0.0017120616993903635,-0.0017319029692316333,0.001315309529269016,0.001315309529269016,0.0012954682594277461
2021-05-18,-0.006941576483668197,-0.006941576483668197,-0.006961417753509467,0.013654315865218475,0.013654315865218475,0.013634474595377205,0.007966661972109629,0.007966661972109629,0.007946820702268358,0.012167495800267897,0.012167495800267897,0.012147654530426627,0.0006825942188676587,0.0006825942188676587,0.0006627529490263889
2021-05-19,-0.007601127415749911,-0.007601127415749911,-0.007620968685591181,0.0022122045730930194,0.0022122045730930194,0.0021923633032517494,-0.003058832922174478,-0.003058832922174478,-0.003078674192015748,-0.0014354013002282656,-0.0014354013002282656,-0.0014552425700695355,-0.004619920183084152,-0.004619920183084152,-0.004639761452925421
2021-05-20,0.0002936845300903206,0.0002936845300903206,0.0002738432602490508,0.008635316974044476,0.008635316974044476,0.008615475704203205,0.0054184558191614825,0.0054184558191614825,0.005398614549320213,0.006224348151709553,0.006224348151709553,0.0062045068818682835,0.003649794105066174,0.003649794105066174,0.003629952835224904
2021-05-21,0.0013899545974679253,0.0013899545974679253,0.0013701133276266555,-0.003219279247590018,-0.003219279247590018,-0.003239120517431288,-0.005716022269842372,-0.005716022269842372,-0.005735863539683641,0.00010085913924407647,0.00010085913924407647,8.101786940280662e-05,-0.0009183424738410692,-0.0009183424738410692,-0.000938183743682339
2021-05-24,0.009633623996051454,0.009633623996051454,0.009613782726210184,-0.006779955942091485,-0.006779955942091485,-0.006799797211932755,0.009120955660138718,0.009120955660138718,0.009101114390297448,-0.005621941727986414,-0.005621941727986414,-0.005641782997827684,0.004925875854376072,0.004925875854376072,0.004906034584534803
2021-05-25,0.002354226234061423,0.002354226234061423,0.002334384964220153,-0.001668068634446812,-0.001668068634446812,-0.0016879099042880817,-0.0005478799591134311,-0.0005478799591134311,-0.0005677212289547009,-0.001688829188623607,-0.001688829188623607,-0.0017086704584648768,0.003241415409008307,0.003241415409008307,0.003221574139167037
2021-05-26,0.01535841946955995,0.01535841946955995,0.01533857819971868,-0.004742044417425789,-0.004742044417425789,-0.004761885687267059,0.010407073773274812,0.010407073773274812,0.010387232503433541,0.002801535774148566,0.002801535774148566,0.002781694504307296,0.008003421547015388,0.008003421547015388,0.007983580277174118
2021-05-27,0.01931111245929722,0.01931111245929722,0.01929127118945595,-0.01231520808235478,-0.01231520808235478,-0.01233504935219605,0.0036024860568974904,0.0036024860568974904,0.0035826447870562204,-0.00671658271285764,-0.00671658271285764,-0.006736423982698909,-0.0039707834564486205,-0.0039707834564486205,-0.00399062472628989
2021-05-28,-0.008860274358265651,-0.008860274358265651,-0.008880115628106922,0.0035078579430462913,0.0035078579430462913,0.0034880166732050213,-0.004159306485776873,-0.004159306485776873,-0.004179147755618143,0.0016115858832516095,0.0016115858832516095,0.0015917446134103396,0.0015082789550229692,0.0015082789550229692,0.0014884376851816994
2021-06-01,0.011047060034065189,0.01204706003406519,0.011321592395705139,-0.019362102684526053,-0.01736210268452605,-0.018792683271347223,0.0075291094188352755,0.009789978984052667,0.00814982620788698,-0.010431509719868769,-0.008301074937260074,-0.009824349959125254,0.0038237910485965257,0.006649878005118265,0.004631825159253475
2021-06-02,-0.01505664140591936,-0.01505664140591936,-0.01507648267576063,0.010256687743648022,0.010256687743648022,0.010236846473806752,0.0065984375043910875,0.0065984375043910875,0.006578596234549818,0.006946833083772809,0.006946833083772809,0.00692699181393154,0.005325108956338304,0.005325108956338304,0.005305267686497034
2021-06-03,-0.01045493472982087,-0.01045493472982087,-0.01047477599966214,-0.00011578894308788851,-0.00011578894308788851,-0.00013563021292915836,-0.015408040781009985,-0.015408040781009985,-0.015427882050851256,-0.0036952749403169837,-0.0036952749403169837,-0.0037151162101582537,-0.002312364927435344,-0.002312364927435344,-0.002332206197276614
2021-06-04,-0.0016086247116445865,-0.0016086247116445865,-0.0016284659814858563,0.0017596126210416504,0.0017596126210416504,0.0017397713512003806,0.005085602992672474,0.005085602992672474,0.005065761722831205,0.003974911589491358,0.003974911589491358,0.003955070319650088,-0.00026131923913530974,-0.00026131923913530974,-0.00028116050897657955
2021-06-07,-0.007559719949832038,-0.007559719949832038,-0.007579561219673308,0.013543191102958943,0.013543191102958943,0.013523349833117673,-0.00914117049003833,-0.00914117049003833,-0.0091610117598796,0.006773556385245613,0.006773556385245613,0.006753715115404344,-0.00642428856741642,-0.00642428856741642,-0.006444129837257689
2021-06-08,0.007959424229753369,0.007959424229753369,0.007939582959912098,-0.003279971201413494,-0.003279971201413494,-0.003299812471254764,2.5465762223103225e-05,2.5465762223103225e-05,5.624492381833384e-06,0.0005850963465324085,0.0005850963465324085,0.0005652550766911387,0.00030406874637471366,0.00030406874637471366,0.00028422747653344385
2021-06-09,-0.017821646946196736,-0.017821646946196736,-0.017841488216038006,0.012782015576776263,0.012782015576776263,0.012762174306934992,-0.0036780139522490495,-0.0036780139522490495,-0.0036978552220903196,0.005840347835338468,0.005840347835338468,0.005820506565497198,0.0013302873556815201,0.0013302873556815201,0.0013104460858402503
2021-06-10,-0.014840558371344825,-0.014840558371344825,-0.014860399641186095,0.019031601583898397,0.019031601583898397,0.019011760314057127,0.00043911693087383985,0.00043911693087383985,0.00041927566103257003,0.017350198842982587,0.017350198842982587,0.017330357573141317,0.0027368734830931036,0.0027368734830931036,0.0027170322132518336
2021-06-11,0.014722384965816362,0.014722384965816362,0.014702543695975092,-0.007175998462494219,-0.007175998462494219,-0.007195839732335489,0.0018078915355803347,0.0018078915355803347,0.0017880502657390649,-0.002653218024934173,-0.002653218024934173,-0.002673059294775443,-0.004403076249915055,-0.004403076249915055,-0.004422917519756325
2021-06-14,-0.013127363769104314,-0.013127363769104314,-0.013147205038945585,0.01493657049684143,0.01493657049684143,0.01491672922700016,0.0036042331099889356,0.0036042331099889356,0.0035843918401476656,0.010908221179156009,0.010908221179156009,0.010888379909314738,0.00029765084847749594,0.00029765084847749594,0.00027780957863622613
2021-06-15,0.002233108147884132,0.002233108147884132,0.002213266878042862,-0.00361516479068103,-0.00361516479068103,-0.0036350060605223,-0.004083979655261713,-0.004083979655261713,-0.004103820925102982,-0.0047614098266651386,-0.0047614098266651386,-0.004781251096506408,-0.0032003881127881926,-0.0032003881127881926,-0.0032202293826294626
2021-06-16,0.004156946042396231,0.004156946042396231,0.004137104772554962,0.0007615267118757853,0.0007615267118757853,0.0007416854420345155,0.0020097874449418267,0.0020097874449418267,0.0019899461751005567,0.0017818576171790396,0.0017818576171790396,0.0017620163473377698,-0.0013527425888910883,-0.0013527425888910883,-0.0013725838587323581
2021-06-17,-0.020818905852187326,-0.020818905852187326,-0.020838747122028597,0.02951139601306824,0.02951139601306824,0.02949155474322697,0.004416270314718014,0.004416270314718014,0.004396429044876744,0.028898824144632164,0.028898824144632164,0.028878982874790893,0.0004611049314760967,0.0004611049314760967,0.0004412636616348269
2021-06-18,-0.0017163588556371326,-0.0017163588556371326,-0.0017362001254784024,0.0033279139766293105,0.0033279139766293105,0.0033080727067880404,0.0033930743290218964,0.0033930743290218964,0.0033732330591806263,0.009002412622339539,0.009002412622339539,0.008982571352498268,0.0030554509952304973,0.0030554509952304973,0.0030356097253892273
2021-06-21,0.014579410881993542,0.014579410881993542,0.014559569612152271,-0.0146844855191697,-0.0146844855191697,-0.01470432678901097,-0.001688628675684257,-0.001688628675684257,-0.0017084699455255268,-0.01183657274983917,-0.01183657274983917,-0.01185641401968044,-0.0018916524412877157,-0.0018916524412877157,-0.0019114937111289856
2021-06-22,0.007333429986946247,0.007333429986946247,0.007313588717104977,-0.0050599482533627005,-0.0050599482533627005,-0.00507978952320397,0.0001686224546734315,0.0001686224546734315,0.00014878118483216166,0.0020306174211468667,0.0020306174211468667,0.0020107761513055967,0.0003126983910411946,0.0003126983910411946,0.00029285712119992476
2021-06-23,0.019204648556508275,0.019204648556508275,0.019184807286667004,-0.010983760285113804,-0.010983760285113804,-0.011003601554955075,0.0035742307483809265,0.0035742307483809265,0.0035543894785396565,-0.004930386208634053,-0.004930386208634053,-0.0049502274784753225,-0.003714000876630691,-0.003714000876630691,-0.003733842146471961
2021-06-24,0.008970754126813451,0.008970754126813451,0.00895091285697218,-0.00616079520542776,-0.00616079520542776,-0.00618063647526903,0.007239134659175632,0.007239134659175632,0.007219293389334362,-0.001101837368279619,-0.001101837368279619,-0.001121678638120889,-0.00043153176806701794,-0.00043153176806701794,-0.00045137303790828776
2021-06-25,-0.005107968259084628,-0.005107968259084628,-0.0051278095289258975,0.005345134857317565,0.005345134857317565,0.005325293587476295,-0.00328526447159109,-0.00328526447159109,-0.00330510574143236,0.0006669588799878101,0.0006669588799878101,0.0006471176101465403,-0.0010016626873908367,-0.0010016626873908367,-0.0010215039572321065
2021-06-28,-0.004367420551815278,-0.004367420551815278,-0.004387261821656547,0.006013981301778664,0.006013981301778664,0.005994140031937395,-0.003563990101930121,-0.003563990101930121,-0.003583831371771391,0.005762086260325094,0.005762086260325094,0.005742244990483825,-0.0031174724181381158,-0.0031174724181381158,-0.0031373136879793858
2021-06-29,0.005551776142447142,0.005551776142447142,0.005531934872605873,-0.0016272414727279334,-0.0016272414727279334,-0.0016470827425692032,0.0008115945988105229,0.0008115945988105229,0.0007917533289692531,0.0008082047134203984,0.0008082047134203984,0.0007883634435791285,-0.0006798199877963465,-0.0006798199877963465,-0.0006996612576376163
2021-06-30,0.0077207266124871615,0.0077207266124871615,0.007700885342645892,-0.008752861051033373,-0.008752861051033373,-0.008772702320874643,0.0047588773883976854,0.0047588773883976854,0.004739036118556416,-0.0021976955399663953,-0.0021976955399663953,-0.0022175368098076654,-0.0009189867040507655,-0.0009189867040507655,-0.0009388279738920353
2021-07-01,-5.6525270734429536e-05,0.00085651820752644,0.00019225663536417685,-0.00025315259529653947,0.002181630013399113,0.0004467419506855696,-0.0019532479828891047,0.0006554476692848085,-0.0013109640261249995,-0.004201100633012084,-0.0015054484590990404,-0.0034618719649187903,-0.004317434737766197,-0.001186999955157502,-0.0035260428576096925
2021-07-02,-0.008322171203202148,-0.008322171203202148,-0.008342012473043418,-0.005992794697163061,-0.005992794697163061,-0.0060126359670043305,-0.009102663222191902,-0.009102663222191902,-0.009122504492033173,-0.006721869652686754,-0.006721869652686754,-0.006741710922528023,2.2771509421597885e-05,2.2771509421597885e-05,2.9302395803280435e-06
2021-07-06,-0.01901746400054749,-0.01901746400054749,-0.01903730527038876,-0.002773734010850257,-0.002773734010850257,-0.002793575280691527,-0.017585205459257347,-0.017585205459257347,-0.017605046729098617,-0.012165448292638756,-0.012165448292638756,-0.012185289562480026,-0.000565296750783535,-0.000565296750783535,-0.0005851380206248048
2021-07-07,-0.010998418720775692,-0.010998418720775692,-0.011018259990616962,-0.003912984386035687,-0.003912984386035687,-0.003932825655876957,-0.013399139633441675,-0.013399139633441675,-0.013418980903282945,-0.011015133251675316,-0.011015133251675316,-0.011034974521516586,0.000180362411042175,0.000180362411042175,0.00016052114120090517
2021-07-08,-0.009553422588633315,-0.009553422588633315,-0.009573263858474585,0.0043272315797004655,0.0043272315797004655,0.004307390309859196,0.00044572837304472385,0.00044572837304472385,0.00042588710320345404,0.003326812146508767,0.003326812146508767,0.003306970876667497,0.0005057784603047197,0.0005057784603047197,0.0004859371904634499
2021-07-09,0.027652943229366556,0.027652943229366556,0.027633101959525286,-0.006361183795824671,-0.006361183795824671,-0.006381025065665941,0.012469235215963851,0.012469235215963851,0.012449393946122581,-0.0006774604385539325,-0.0006774604385539325,-0.0006973017083952023,0.002325842936346042,0.002325842936346042,0.002306001666504772
2021-07-12,0.01420978618107734,0.01420978618107734,0.014189944911236069,-0.00436675409372469,-0.00436675409372469,-0.0043865953635659595,0.002663162500886952,0.002663162500886952,0.002643321231045682,-0.002340519235579681,-0.002340519235579681,-0.002360360505420951,0.001244230756529415,0.001244230756529415,0.0012243894866881453
2021-07-13,-0.011192579227126593,-0.011192579227126593,-0.011212420496967863,-0.00474738808061477,-0.00474738808061477,-0.00476722935045604,-0.0083694005502487,-0.0083694005502487,-0.00838924182008997,-0.002579972507731167,-0.002579972507731167,-0.002599813777572437,-0.0007078843156000692,-0.0007078843156000692,-0.000727725585441339
2021-07-14,-0.016289553654381093,-0.016289553654381093,-0.016309394924222363,0.006630251413686664,0.006630251413686664,0.0066104101438453945,-0.012110699804738178,-0.012110699804738178,-0.012130541074579448,-0.00323786775128768,-0.00323786775128768,-0.00325770902112895,-0.00043284372223663706,-0.00043284372223663706,-0.0004526849920779069
2021-07-15,-0.009667994248370945,-0.009667994248370945,-0.009687835518212215,0.005047389750473252,0.005047389750473252,0.005027548480631983,-0.01234219889734928,-0.01234219889734928,-0.01236204016719055,-0.005735802351549548,-0.005735802351549548,-0.005755643621390818,-0.0015321093041646507,-0.0015321093041646507,-0.0015519505740059206
2021-07-16,-0.02872493315970658,-0.02872493315970658,-0.02874477442954785,0.009444519419399297,0.009444519419399297,0.009424678149558026,-0.01905171093277981,-0.01905171093277981,-0.01907155220262108,-0.004303809240774235,-0.004303809240774235,-0.004323650510615505,-0.004561545974929269,-0.004561545974929269,-0.004581387244770538
2021-07-19,-0.01665053836212059,-0.01665053836212059,-0.01667037963196186,0.003747727617848823,0.003747727617848823,0.003727886348007553,-0.008272655088951211,-0.008272655088951211,-0.008292496358792482,-0.0018642251605576823,-0.0018642251605576823,-0.0018840664303989522,-7.082734594996256e-05,-7.082734594996256e-05,-9.06686157912324e-05
2021-07-20,0.03333583536561735,0.03333583536561735,0.03331599409577608,-0.01400756012399865,-0.01400756012399865,-0.01402740139383992,0.003349764570897828,0.003349764570897828,0.003329923301056558,-0.005578223255377271,-0.005578223255377271,-0.00559806452521854,-0.0009887910409933326,-0.0009887910409933326,-0.0010086323108346024
2021-07-21,0.029164821358043554,0.029164821358043554,0.029144980088202283,-0.012616467398594369,-0.012616467398594369,-0.012636308668435639,0.01811808023313321,0.01811808023313321,0.01809823896329194,0.005000746208429019,0.005000746208429019,0.00498090493858775,0.0037160394532530987,0.0037160394532530987,0.0036961981834118286
2021-07-22,-0.012581148181965122,-0.012581148181965122,-0.012600989451806393,-0.004532646619369078,-0.004532646619369078,-0.004552487889210348,-0.00853004934710073,-0.00853004934710073,-0.008549890616942,-0.009089183037728096,-0.009089183037728096,-0.009109024307569366,-0.0029953930978685495,-0.0029953930978685495,-0.0030152343677098195
2021-07-23,-0.004254774205653887,-0.004254774205653887,-0.004274615475495157,-0.0009664806725576975,-0.0009664806725576975,-0.0009863219423989673,-0.01183749514227693,-0.01183749514227693,-0.0118573364121182,-0.006728711305469827,-0.006728711305469827,-0.006748552575311096,-0.0041554534529485735,-0.0041554534529485735,-0.004175294722789843
2021-07-26,0.014339689076170375,0.014339689076170375,0.014319847806329104,-0.0008602742067888596,-0.0008602742067888596,-0.0008801154766301295,0.015352272602287487,0.015352272602287487,0.015332431332446217,0.006020847043652938,0.006020847043652938,0.006001005773811669,0.002627103102967314,0.002627103102967314,0.002607261833126044
2021-07-27,-0.01613791087126622,-0.01613791087126622,-0.01615775214110749,0.00930445155975719,0.00930445155975719,0.00928461028991592,-0.008429799639187127,-0.008429799639187127,-0.008449640909028397,-0.0024555444838082066,-0.0024555444838082066,-0.0024753857536494767,-0.0019389300916613605,-0.0019389300916613605,-0.0019587713615026306
2021-07-28,0.006173460249588241,0.006173460249588241,0.0061536189797469715,-0.001219003251091224,-0.001219003251091224,-0.0012388445209324938,0.004175040110875019,0.004175040110875019,0.004155198841033749,0.003509404141048833,0.003509404141048833,0.003489562871207563,-0.001985197521577396,-0.001985197521577396,-0.002005038791418666
2021-07-29,0.014368481813516125,0.014368481813516125,0.014348640543674854,-0.0067821863762536246,-0.0067821863762536246,-0.006802027646094894,-0.0013436120808446362,-0.0013436120808446362,-0.001363453350685906,-0.009017417293367913,-0.009017417293367913,-0.009037258563209184,0.0005233308927414294,0.0005233308927414294,0.0005034896229001596
2021-07-30,-0.002699167977094516,-0.002699167977094516,-0.002719009246935786,-0.006088031713862036,-0.006088031713862036,-0.006107872983703306,-0.011899881230060977,-0.011899881230060977,-0.011919722499902247,-0.006665284898526481,-0.006665284898526481,-0.006685126168367751,-0.0014438569460754154,-0.0014438569460754154,-0.0014636982159166852
2021-08-02,-0.005619795343658718,-0.004358925778441327,-0.00526873879503828,0.0014748374568291393,0.003219518307892969,0.001969403408928998,-0.005148949147543755,-0.0030638427645650326,-0.004556241977624528,-0.00204371728855158,-0.00017137686301966527,-0.0015121390461708272,-0.006320781140878497,-0.0034697173110912636,-0.005506007899350362
2021-08-03,0.01665357549182888,0.01665357549182888,0.01663373422198761,-0.02436244081197619,-0.02436244081197619,-0.02438228208181746,-0.00235243228589351,-0.00235243228589351,-0.00237227355573478,-0.01765532053562594,-0.01765532053562594,-0.017675161805467212,0.0018175918094450383,0.0018175918094450383,0.0017977505396037684
2021-08-04,-0.0011661631477706252,-0.0011661631477706252,-0.001186004417611895,-0.007335058619489167,-0.007335058619489167,-0.007354899889330436,-0.010013302516511322,-0.010013302516511322,-0.010033143786352592,-0.011191479597122776,-0.011191479597122776,-0.011211320866964046,-0.0005614193651232572,-0.0005614193651232572,-0.000581260634964527
2021-08-05,0.017837472309310678,0.017837472309310678,0.017817631039469407,-0.0013009779369116906,-0.0013009779369116906,-0.0013208192067529604,0.02228806881301594,0.02228806881301594,0.02226822754317467,0.00580929244402755,0.00580929244402755,0.00578945117418628,0.01193697759769052,0.01193697759769052,0.01191713632784925
2021-08-06,0.007297229606453103,0.007297229606453103,0.007277388336611833,-0.0009015304536615214,-0.0009015304536615214,-0.0009213717235027912,0.007623956517578114,0.007623956517578114,0.007604115247736845,0.004074796199102505,0.004074796199102505,0.004054954929261235,0.0021639896211112005,0.0021639896211112005,0.0021441483512699305
2021-08-09,0.0015162324225552921,0.0015162324225552921,0.0014963911527140223,0.0005981441858335056,0.0005981441858335056,0.0005783029159922358,-0.002228361393786075,-0.002228361393786075,-0.002248202663627345,-0.002315040236045317,-0.002315040236045317,-0.002334881505886587,-0.0010384280678687357,-0.0010384280678687357,-0.0010582693377100055
2021-08-10,0.014826511719525788,0.014826511719525788,0.014806670449684518,-0.00635532500274528,-0.00635532500274528,-0.0063751662725865495,0.012191896938103165,0.012191896938103165,0.012172055668261895,0.001871842720369084,0.001871842720369084,0.001852001450527814,0.00510175581437473,0.00510175581437473,0.005081914544533461
2021-08-11,0.006386916639323566,0.006386916639323566,0.006367075369482296,0.002918394987635563,0.002918394987635563,0.002898553717794293,-0.0003676255544971937,-0.0003676255544971937,-0.00038746682433846353,0.0013289371868928767,0.0013289371868928767,0.0013090959170516069,-0.007220270929529779,-0.007220270929529779,-0.007240112199371048
2021-08-12,0.0037408457455186516,0.0037408457455186516,0.0037210044756773816,-0.004586855141381592,-0.004586855141381592,-0.004606696411222862,-0.005261499786796462,-0.005261499786796462,-0.005281341056637732,-0.004903186296911337,-0.004903186296911337,-0.004923027566752607,0.0019413374297895536,0.0019413374297895536,0.0019214961599482838
2021-08-13,-0.01742550681509054,-0.01742550681509054,-0.01744534808493181,0.004022356483343433,0.004022356483343433,0.004002515213502164,-0.015380750482973472,-0.015380750482973472,-0.015400591752814743,-0.002090966079826029,-0.002090966079826029,-0.002110807349667299,-0.005548041113717438,-0.005548041113717438,-0.005567882383558708
2021-08-16,-0.018198978791436723,-0.018198978791436723,-0.018218820061277993,-0.00030586070265595515,-0.00030586070265595515,-0.00032570197249722497,-0.022775193844068682,-0.022775193844068682,-0.022795035113909953,-0.008307627556317292,-0.008307627556317292,-0.008327468826158563,-0.006754978637978585,-0.006754978637978585,-0.0067748199078198545
2021-08-17,-0.031804259876661134,-0.031804259876661134,-0.0318241011465024,0.013709484720812999,0.013709484720812999,0.013689643450971728,-0.005754933100405707,-0.005754933100405707,-0.005774774370246976,0.00685754891833025,0.00685754891833025,0.0068377076484889806,-0.006149365569705666,-0.006149365569705666,-0.0061692068395469354
2021-08-18,0.00798548775337697,0.00798548775337697,0.0079656464835357,-0.002303409014826621,-0.002303409014826621,-0.002323250284667891,0.0010248082206815974,0.0010248082206815974,0.0010049669508403276,-0.00017548940457898102,-0.00017548940457898102,-0.00019533067442025086,0.0023700608583068408,0.0023700608583068408,0.0023502195884655707
2021-08-19,-0.016904176462632297,-0.016904176462632297,-0.016924017732473567,-0.00020636088055454296,-0.00020636088055454296,-0.0002262021503958128,-0.020221821636143614,-0.020221821636143614,-0.020241662905984885,-0.007244753827564681,-0.007244753827564681,-0.007264595097405951,-0.007513432605738692,-0.007513432605738692,-0.007533273875579962
2021-08-20,0.00654567339475242,0.00654567339475242,0.0065258321249111505,-0.0015531308710238175,-0.0015531308710238175,-0.0015729721408650873,0.004450776043303589,0.004450776043303589,0.0044309347734623195,0.001681636447729673,0.001681636447729673,0.0016617951778884032,0.001284584962070607,0.001284584962070607,0.0012647436922293372
2021-08-23,0.025598766569255433,0.025598766569255433,0.025578925299414162,-0.007881522411941582,-0.007881522411941582,-0.007901363681782852,0.026071834919379748,0.026071834919379748,0.026051993649538478,0.0030486466357736134,0.0030486466357736134,0.0030288053659323433,0.011357005272043922,0.011357005272043922,0.011337164002202652
2021-08-24,0.01847806345703279,0.01847806345703279,0.01845822218719152,-0.004238548053313582,-0.004238548053313582,-0.004258389323154851,0.016114691882450183,0.016114691882450183,0.016094850612608912,0.006272984480798214,0.006272984480798214,0.006253143210956945,0.00630315926263529,0.00630315926263529,0.006283317992794021
2021-08-25,0.015706658310010148,0.015706658310010148,0.015686817040168877,-0.011647826433004833,-0.011647826433004833,-0.011667667702846104,0.0036312025361027343,0.0036312025361027343,0.0036113612662614643,-0.006580483909914895,-0.006580483909914895,-0.006600325179756165,0.0004962928515625765,0.0004962928515625765,0.0004764515817213067
2021-08-26,-0.00703818990056765,-0.00703818990056765,-0.00705803117040892,-0.0005707703266009728,-0.0005707703266009728,-0.0005906115964422426,-0.011116798333062634,-0.011116798333062634,-0.011136639602903904,-0.005547347103373176,-0.005547347103373176,-0.005567188373214445,-0.00894140357919243,-0.00894140357919243,-0.008961244849033701
2021-08-27,0.01603061278668049,0.01603061278668049,0.01601077151683922,-0.003966508847831304,-0.003966508847831304,-0.0039863501176725736,0.016736380735846598,0.016736380735846598,0.016716539466005327,0.004011311786804957,0.004011311786804957,0.003991470516963688,0.005499225320654329,0.005499225320654329,0.00547938405081306
2021-08-30,-0.012690111490082394,-0.012690111490082394,-0.012709952759923664,-0.0019812126848875672,-0.0019812126848875672,-0.0020010539547288373,-0.017690013026783215,-0.017690013026783215,-0.017709854296624486,-0.00842637024980812,-0.00842637024980812,-0.00844621151964939,-0.008503217331937617,-0.008503217331937617,-0.008523058601778887
2021-08-31,-0.006556365252357708,-0.006556365252357708,-0.006576206522198978,0.00890935754553865,0.00890935754553865,0.00888951627569738,0.0049545851515100095,0.0049545851515100095,0.00493474388166874,0.008370174797089031,0.008370174797089031,0.00835033352724776,0.004025576552135185,0.004025576552135185,0.0040057352822939155
2021-09-01,-0.009102473442008673,-0.007825877697327822,-0.008746185932404992,-0.00577957877203715,-0.003694472389058427,-0.005185393810686559,-0.008573066203091504,-0.006828385352027675,-0.008142345862329616,-0.010424135935203619,-0.00846668912669298,-0.009889485649313474,-0.009679690391877086,-0.006913732945068575,-0.008914864887837121
2021-09-02,0.0036186877182625326,0.0036186877182625326,0.0035988464484212625,0.0025230734366728123,0.0025230734366728123,0.0025032321668315423,0.0051038186519118955,0.0051038186519118955,0.005083977382070626,0.0026359991474151534,0.0026359991474151534,0.0026161578775738834,0.0012890127992038897,0.0012890127992038897,0.0012691715293626199
2021-09-03,-0.00045917000440098344,-0.00045917000440098344,-0.00047901127424225325,-0.008554795012956232,-0.008554795012956232,-0.008574636282797502,-0.007960691609074116,-0.007960691609074116,-0.007980532878915387,-0.009772775036987699,-0.009772775036987699,-0.009792616306828969,-0.003592812843137526,-0.003592812843137526,-0.003612654112978796
2021-09-07,0.003124417686074275,0.003124417686074275,0.003104576416233005,0.0016696833458341013,0.0016696833458341013,0.0016498420759928315,0.008758690708718084,0.008758690708718084,0.008738849438876813,0.005730054345330398,0.005730054345330398,0.005710213075489128,0.0035764142929835263,0.0035764142929835263,0.0035565730231422563
2021-09-08,-0.018976639159012217,-0.018976639159012217,-0.018996480428853487,-0.0028110581988724723,-0.0028110581988724723,-0.0028308994687137423,-0.0183195629768192,-0.0183195629768192,-0.01833940424666047,-0.010939882306224263,-0.010939882306224263,-0.010959723576065533,-0.005622414427590994,-0.005622414427590994,-0.0056422556974322635
2021-09-09,0.01955071282769804,0.01955071282769804,0.01953087155785677,0.0016875933777478864,0.0016875933777478864,0.0016677521079066166,0.013230440663483358,0.013230440663483358,0.013210599393642088,0.005814359647048822,0.005814359647048822,0.005794518377207553,0.008525525526856807,0.008525525526856807,0.008505684257015537
2021-09-10,0.0022886717765784968,0.0022886717765784968,0.0022688305067372267,-0.011618195232342494,-0.011618195232342494,-0.011638036502183764,-0.004378609006741281,-0.004378609006741281,-0.00439845027658255,-0.010150838056884964,-0.010150838056884964,-0.010170679326726235,-0.0022172913807510415,-0.0022172913807510415,-0.0022371326505923115
2021-09-13,0.0019644474884962775,0.0019644474884962775,0.0019446062186550077,0.02555430658135063,0.02555430658135063,0.02553446531150936,0.022209170391955024,0.022209170391955024,0.022189329122113754,0.02637397733036267,0.02637397733036267,0.0263541360605214,0.006358350034640052,0.006358350034640052,0.006338508764798782
2021-09-14,-0.004532279737142304,-0.004532279737142304,-0.0045521210069835736,-0.01147528666230576,-0.01147528666230576,-0.01149512793214703,-0.011226439350966717,-0.011226439350966717,-0.011246280620807987,-0.012738983012442862,-0.012738983012442862,-0.012758824282284132,0.00029022518448336177,0.00029022518448336177,0.0002703839146420919
2021-09-15,0.01698811922247558,0.01698811922247558,0.01696827795263431,-0.0013502225102692367,-0.0013502225102692367,-0.0013700637801105065,0.010882247314245187,0.010882247314245187,0.010862406044403916,0.004811311098602793,0.004811311098602793,0.004791469828761523,0.00037498019521630104,0.00037498019521630104,0.00035513892537503123
2021-09-16,0.002346350636203709,0.002346350636203709,0.002326509366362439,0.0004326393287444792,0.0004326393287444792,0.0004127980589032094,0.006185836757720021,0.006185836757720021,0.006165995487878752,0.0045844079988355425,0.0045844079988355425,0.004564566728994273,0.0083852516046371,0.0083852516046371,0.00836541033479583
2021-09-17,-0.0044655092824571075,-0.0044655092824571075,-0.004485350552298377,0.005896438043029674,0.005896438043029674,0.005876596773188404,0.006409698896007768,0.006409698896007768,0.0063898576261664985,0.005927310478249265,0.005927310478249265,0.005907469208407995,0.000389055433864901,0.000389055433864901,0.00036921416402363114
2021-09-20,-0.018690474814651917,-0.018690474814651917,-0.018710316084493188,0.002157052179601219,0.002157052179601219,0.002137210909759949,-0.014884783064202028,-0.014884783064202028,-0.014904624334043298,-0.0030053579451450535,-0.0030053579451450535,-0.0030251992149863236,-0.0047867878568379,-0.0047867878568379,-0.0048066291266791695
2021-09-21,0.0024334317041774718,0.0024334317041774718,0.0024135904343362017,-0.011605084859381488,-0.011605084859381488,-0.011624926129222758,-0.002765891871131154,-0.002765891871131154,-0.002785733140972424,-0.009003072575973964,-0.009003072575973964,-0.009022913845815234,0.002392341756955796,0.002392341756955796,0.002372500487114526
2021-09-22,0.021430650749178905,0.021430650749178905,0.021410809479337635,-0.001116098502431863,-0.001116098502431863,-0.001135939772273133,0.012582832652829945,0.012582832652829945,0.012562991382988675,0.005197400037998613,0.005197400037998613,0.005177558768157344,0.0007186408988877418,0.0007186408988877418,0.000698799629046472
2021-09-23,0.02004796094171979,0.02004796094171979,0.02002811967187852,-1.4000298351841078e-05,-1.4000298351841078e-05,-3.384156819311092e-05,0.014628177621165195,0.014628177621165195,0.014608336351323924,0.007447513853916362,0.007447513853916362,0.007427672584075093,0.0038971056869364215,0.0038971056869364215,0.0038772644170951514
2021-09-24,-0.0008934640131617494,-0.0008934640131617494,-0.0009133052830030192,0.005537504689652774,0.005537504689652774,0.005517663419811504,0.004823885271271259,0.004823885271271259,0.004804044001429989,0.0064313166460213,0.0064313166460213,0.0064114753761800305,0.000661563966135498,0.000661563966135498,0.0006417226962942282
2021-09-27,0.008605840074761503,0.008605840074761503,0.008585998804920232,0.02945919437140549,0.02945919437140549,0.02943935310156422,0.03449206842544905,0.03449206842544905,0.034472227155607785,0.03450182760974184,0.03450182760974184,0.03448198633990057,0.008093657376657565,0.008093657376657565,0.008073816106816295
2021-09-28,-0.01322079128429846,-0.01322079128429846,-0.013240632554139731,0.016584555834496795,0.016584555834496795,0.016564714564655525,0.007268805928813326,0.007268805928813326,0.007248964658972057,0.012839988146275544,0.012839988146275544,0.012820146876434273,-0.002748164557056347,-0.002748164557056347,-0.002768005826897617
2021-09-29,-0.012445593112695448,-0.012445593112695448,-0.012465434382536719,0.004368098157691673,0.004368098157691673,0.0043482568878504034,-0.011451913532086024,-0.011451913532086024,-0.011471754801927294,-0.003055764948648787,-0.003055764948648787,-0.003075606218490057,-0.009139542893067969,-0.009139542893067969,-0.00915938416290924
2021-09-30,-0.009734676106292113,-0.009734676106292113,-0.009754517376133384,0.001390848955944553,0.001390848955944553,0.0013710076861032832,0.004245215554596582,0.004245215554596582,0.004225374284755313,0.002046751897005539,0.002046751897005539,0.002026910627164269,0.004457949111370862,0.004457949111370862,0.004438107841529593
2021-10-01,0.007207303897200263,0.008058367726987497,0.007438386489055275,0.003482220081215358,0.005694986038662166,0.004114990652197615,0.007663551518894823,0.009365679178469291,0.008144330603594062,0.002469771484881844,0.004469771484881844,0.003038452034674929,-0.01020549767530837,-0.007652306185946669,-0.009506109571157039
2021-10-04,-0.005120402395658508,-0.005120402395658508,-0.005140243665499778,-0.0015375548417911678,-0.0015375548417911678,-0.0015573961116324376,0.004807602607165267,0.004807602607165267,0.0047877613373239975,0.0022433238995558137,0.0022433238995558137,0.0022234826297145437,0.00013284188538691165,0.00013284188538691165,0.00011300061554564181
2021-10-05,0.010380067254911637,0.010380067254911637,0.010360225985070366,-0.007520316533647092,-0.007520316533647092,-0.007540157803488361,-0.0034401047800195934,-0.0034401047800195934,-0.0034599460498608635,-0.0038061118474474317,-0.0038061118474474317,-0.0038259531172887017,0.0029904811272835844,0.0029904811272835844,0.0029706398574423144
2021-10-06,-0.012440923232076566,-0.012440923232076566,-0.012460764501917836,-0.004649170370287082,-0.004649170370287082,-0.004669011640128351,-0.005908344184774799,-0.005908344184774799,-0.005928185454616069,-0.004527165137759915,-0.004527165137759915,-0.004547006407601185,-0.001392297859197881,-0.001392297859197881,-0.0014121391290391509
2021-10-07,0.010970341536383365,0.010970341536383365,0.010950500266542094,-0.0005114417067422854,-0.0005114417067422854,-0.0005312829765835552,0.0005326617196105914,0.0005326617196105914,0.0005128204497693216,-0.0016908026370418441,-0.0016908026370418441,-0.001710643906883114,0.0033452240715312258,0.0033452240715312258,0.0033253828016899557
2021-10-08,-0.0006101522390125264,-0.0006101522390125264,-0.0006299935088537963,-0.0008442203276783507,-0.0008442203276783507,-0.0008640615975196205,0.0016757216085338572,0.0016757216085338572,0.0016558803386925874,-0.00012340827946433512,-0.00012340827946433512,-0.00014324954930560496,0.0007040513535495601,0.0007040513535495601,0.0006842100837082903
2021-10-11,0.0029272829739287274,0.0029272829739287274,0.0029074417040874574,-0.0030315308421933825,-0.0030315308421933825,-0.0030513721120346525,0.0024047910774966626,0.0024047910774966626,0.0023849498076553926,-0.004725682748524284,-0.004725682748524284,-0.004745524018365554,0.002901074641258361,0.002901074641258361,0.002881233371417091
2021-10-12,0.003420279143523692,0.003420279143523692,0.003400437873682422,0.001480040395185791,0.001480040395185791,0.0014601991253445211,0.008123453157840795,0.008123453157840795,0.008103611887999525,0.0025923829424691516,0.0025923829424691516,0.0025725416726278816,-0.0010852059470648802,-0.0010852059470648802,-0.00110504721690615
2021-10-13,-0.005152386769233392,-0.005152386769233392,-0.005172228039074662,-0.005480294109086856,-0.005480294109086856,-0.005500135378928126,-0.004873600290498297,-0.004873600290498297,-0.0048934415603395665,-0.004921316215986668,-0.004921316215986668,-0.004941157485827938,0.0022760583848763223,0.0022760583848763223,0.0022562171150350523
2021-10-14,0.0029103439095684463,0.0029103439095684463,0.0028905026397271763,-0.0015980803090222969,-0.0015980803090222969,-0.0016179215788635667,-0.0031790500774640023,-0.0031790500774640023,-0.0031988913473052724,-0.002418329529233397,-0.002418329529233397,-0.002438170799074667,0.0031338296931240897,0.0031338296931240897,0.0031139884232828196
2021-10-15,0.003517498413295189,0.003517498413295189,0.003497657143453919,-0.00022414488030332358,-0.00022414488030332358,-0.00024398615014459342,-0.0003504222931880129,-0.0003504222931880129,-0.0003702635630292827,-0.0017862027188517327,-0.0017862027188517327,-0.0018060439886930025,0.00589893701757329,0.00589893701757329,0.00587909574773202
2021-10-18,0.016409900451108093,0.016409900451108093,0.016390059181266823,-0.012410870916022106,-0.012410870916022106,-0.012430712185863377,-0.00839160720155157,-0.00839160720155157,-0.00841144847139284,-0.011018177818109015,-0.011018177818109015,-0.011038019087950286,-0.0003978902555083595,-0.0003978902555083595,-0.0004177315253496293
2021-10-19,-0.0026812993606463572,-0.0026812993606463572,-0.0027011406304876273,-0.0009380470334003177,-0.0009380470334003177,-0.0009578883032415875,-0.004014171969791206,-0.004014171969791206,-0.004034013239632476,-0.0023902331601437436,-0.0023902331601437436,-0.0024100744299850136,-0.0009233802318526325,-0.0009233802318526325,-0.0009432215016939023
2021-10-20,-0.0007401638281234523,-0.0007401638281234523,-0.0007600050979647221,0.0016849053429609567,0.0016849053429609567,0.001665064073119687,0.0006345724233729126,0.0006345724233729126,0.0006147311535316428,0.0018841053811230063,0.0018841053811230063,0.0018642641112817365,0.000617236251040809,0.000617236251040809,0.0005973949811995392
2021-10-21,-0.0019493171241584653,-0.0019493171241584653,-0.001969158393999735,-0.0026194447531616427,-0.0026194447531616427,-0.0026392860230029127,-0.00538533523791109,-0.00538533523791109,-0.0054051765077523595,0.0014436837680030434,0.0014436837680030434,0.0014238424981617736,-0.008216582554990215,-0.008216582554990215,-0.008236423824831486
2021-10-22,7.096362429947827e-05,7.096362429947827e-05,5.1122354458208434e-05,-0.012201384116449516,-0.012201384116449516,-0.012221225386290786,-0.007969676756884373,-0.007969676756884373,-0.007989518026725644,-0.010291123369794625,-0.010291123369794625,-0.010310964639635895,0.0012939999246797409,0.0012939999246797409,0.001274158654838471
2021-10-25,0.010628805002693288,0.010628805002693288,0.010608963732852018,-0.0010270925449181048,-0.0010270925449181048,-0.0010469338147593747,0.004478266489975964,0.004478266489975964,0.0044584252201346946,-0.0005012959581416746,-0.0005012959581416746,-0.0005211372279829444,0.0046990258433187515,0.0046990258433187515,0.004679184573477482
2021-10-26,-3.304276873422997e-05,-3.304276873422997e-05,-5.288403857549981e-05,-0.0015452573713250406,-0.0015452573713250406,-0.0015650986411663104,0.0013090997587252545,0.0013090997587252545,0.0012892584888839847,-0.001608059542579302,-0.001608059542579302,-0.0016279008124205718,-0.0028152133765701084,-0.0028152133765701084,-0.0028350546464113785
2021-10-27,0.003871561047006397,0.003871561047006397,0.003851719777165127,-0.010678867296560972,-0.010678867296560972,-0.010698708566402242,-0.0030867262086029424,-0.0030867262086029424,-0.0031065674784442124,-0.010599724238824194,-0.010599724238824194,-0.010619565508665465,0.0019946076193873854,0.0019946076193873854,0.0019747663495461153
2021-10-28,0.01302930145396134,0.01302930145396134,0.01300946018412007,-0.005026290897812806,-0.005026290897812806,-0.0050461321676540756,-0.006207716245032468,-0.006207716245032468,-0.006227557514873737,-0.006096118669680134,-0.006096118669680134,-0.006115959939521403,0.002786190151578087,0.002786190151578087,0.002766348881736817
2021-10-29,0.0003368522139758738,0.0003368522139758738,0.000317010944134604,-0.00869168951581387,-0.00869168951581387,-0.00871153078565514,-0.0051473372438097294,-0.0051473372438097294,-0.005167178513650999,-0.007011677599077515,-0.007011677599077515,-0.007031518868918785,0.0030389487453221036,0.0030389487453221036,0.0030191074754808336
2021-11-01,0.004113285164795498,0.005374154730012889,0.004464284548464159,0.009405170509087875,0.011788149232492131,0.010086703640786895,0.022939645387807288,0.025152411345254096,0.023570223925165983,0.01969812656178442,0.02169812656178442,0.02026644259555685,0.006884626813755027,0.009778243835031623,0.00771157809642956
2021-11-02,0.0005101083761107298,0.0005101083761107298,0.00049026710626946,-0.008060143706985561,-0.008060143706985561,-0.008079984976826831,-0.011744764716101955,-0.011744764716101955,-0.011764605985943226,-0.014445778972435961,-0.014445778972435961,-0.014465620242277231,-0.00382022365427676,-0.00382022365427676,-0.00384006492411803
2021-11-03,-0.004423460350343935,-0.004423460350343935,-0.004443301620185205,0.014905934457479408,0.014905934457479408,0.014886093187638137,0.008543452339700821,0.008543452339700821,0.00852361106985955,0.016176405499648126,0.016176405499648126,0.016156564229806856,0.001417855714914401,0.001417855714914401,0.0013980144450731313
2021-11-04,-0.0031561947063150275,-0.0031561947063150275,-0.0031760359761562975,-0.0044256729933557105,-0.0044256729933557105,-0.00444551426319698,-0.012491399461302916,-0.012491399461302916,-0.012511240731144187,-0.005831629280013307,-0.005831629280013307,-0.005851470549854577,-0.016884850288868075,-0.016884850288868075,-0.016904691558709346
2021-11-05,0.003805712112280358,0.003805712112280358,0.003785870842439088,0.010887848996859474,0.010887848996859474,0.010868007727018203,0.010987351806257439,0.010987351806257439,0.010967510536416168,0.014189501013228861,0.014189501013228861,0.01416965974338759,0.007599871889262089,0.007599871889262089,0.007580030619420819
2021-11-08,0.009374425607474337,0.009374425607474337,0.009354584337633066,-0.0044380111208695006,-0.0044380111208695006,-0.00445785239071077,-0.00022449862475340358,-0.00022449862475340358,-0.0002443398945946734,-0.006196737369333348,-0.006196737369333348,-0.006216578639174617,-0.0016182563844017212,-0.0016182563844017212,-0.001638097654242991
2021-11-09,-0.006899397925432573,-0.006899397925432573,-0.006919239195273843,-0.004323200845245102,-0.004323200845245102,-0.004343042115086372,-0.006400069190954276,-0.006400069190954276,-0.006419910460795546,-0.003098551998675809,-0.003098551998675809,-0.003118393268517079,-0.00450711676511536,-0.00450711676511536,-0.00452695803495663
2021-11-10,-0.02158383883047782,-0.02158383883047782,-0.02160368010031909,0.011772131342045685,0.011772131342045685,0.011752290072204415,-0.008183841572686246,-0.008183841572686246,-0.008203682842527517,0.0033590408601257564,0.0033590408601257564,0.0033391995902844864,-0.0009354515583604819,-0.0009354515583604819,-0.0009552928282017517
2021-11-11,0.01315090101796779,0.01315090101796779,0.01313105974812652,-0.007495394781577718,-0.007495394781577718,-0.007515236051418988,0.0002399073578324732,0.0002399073578324732,0.00022006608799120337,-0.0005704026221901052,-0.0005704026221901052,-0.000590243892031375,-0.0054945659605684614,-0.0054945659605684614,-0.005514407230409731
2021-11-12,-0.0016975251423002099,-0.0016975251423002099,-0.0017173664121414797,0.0032119271796344304,0.0032119271796344304,0.0031920859097931604,-0.0026085286974913916,-0.0026085286974913916,-0.0026283699673326616,0.004770170161101832,0.004770170161101832,0.004750328891260563,0.002933953578544266,0.002933953578544266,0.002914112308702996
2021-11-15,-0.004376811092384998,-0.004376811092384998,-0.004396652362226267,-0.0014614653086713761,-0.0014614653086713761,-0.001481306578512646,0.001490507453597418,0.001490507453597418,0.0014706661837561481,-0.0037432014684799743,-0.0037432014684799743,-0.0037630427383212443,0.001251194834995713,0.001251194834995713,0.0012313535651544431
2021-11-16,-0.0021590310277308103,-0.0021590310277308103,-0.0021788722975720804,-0.002778731767956969,-0.002778731767956969,-0.002798573037798239,-0.0034804078858690973,-0.0034804078858690973,-0.0035002491557103673,-0.0022601689301578547,-0.0022601689301578547,-0.0022800101999991247,-0.0023013348993034945,-0.0023013348993034945,-0.0023211761691447645
2021-11-17,-0.007162965285544095,-0.007162965285544095,-0.007182806555385364,-0.004692041822657417,-0.004692041822657417,-0.004711883092498687,-0.008663690344895343,-0.008663690344895343,-0.008683531614736614,-0.005772736283717356,-0.005772736283717356,-0.005792577553558625,0.00438323626501798,0.00438323626501798,0.004363394995176711
2021-11-18,0.010009754403775252,0.010009754403775252,0.009989913133933982,-0.012991191591770397,-0.012991191591770397,-0.013011032861611668,-0.008197493772543517,-0.008197493772543517,-0.008217335042384788,-0.012119040280900828,-0.012119040280900828,-0.012138881550742098,-0.008222915168252371,-0.008222915168252371,-0.008242756438093642
2021-11-19,-0.01867109332998928,-0.01867109332998928,-0.01869093459983055,-0.00012132028799497754,-0.00012132028799497754,-0.00014116155783624738,-0.004777212835013004,-0.004777212835013004,-0.004797054104854274,-0.004843160335668688,-0.004843160335668688,-0.004863001605509958,0.0040070072216511245,0.0040070072216511245,0.003987165951809855
2021-11-22,0.004650428406789799,0.004650428406789799,0.004630587136948529,-0.0031155890285872556,-0.0031155890285872556,-0.0031354302984285256,0.005594164752971929,0.005594164752971929,0.0055743234831306596,0.004225299648356273,0.004225299648356273,0.004205458378515004,0.003846602061004809,0.003846602061004809,0.003826760791163539
2021-11-23,0.014861650310301339,0.014861650310301339,0.014841809040460069,-0.008407745405339017,-0.008407745405339017,-0.008427586675180287,-0.003525945436624384,-0.003525945436624384,-0.003545786706465654,-0.007818241905300788,-0.007818241905300788,-0.007838083175142058,-0.0058633323483251055,-0.0058633323483251055,-0.005883173618166375
2021-11-24,0.005277007475062434,0.005277007475062434,0.0052571662052211645,-0.006805706023973383,-0.006805706023973383,-0.006825547293814653,-4.867574685439493e-05,-4.867574685439493e-05,-6.851701669566477e-05,-0.005804219278307819,-0.005804219278307819,-0.0058240605481490884,-0.0027503977110196606,-0.0027503977110196606,-0.0027702389808609306
2021-11-26,-0.026017731343987292,-0.026017731343987292,-0.026037572613828563,0.007661753144490616,0.007661753144490616,0.007641911874649346,-0.003868442193406982,-0.003868442193406982,-0.003888283463248252,0.0056487676990634225,0.0056487676990634225,0.005628926429222153,0.005484994484913044,0.005484994484913044,0.005465153215071774
2021-11-29,0.009134332792795635,0.009134332792795635,0.009114491522954364,-0.01474773451773973,-0.01474773451773973,-0.014767575787581,-0.009563308671423423,-0.009563308671423423,-0.009583149941264694,-0.014463937185095229,-0.014463937185095229,-0.0144837784549365,-0.0016541797059235982,-0.0016541797059235982,-0.001674020975764868
2021-11-30,-0.0051546345669565,-0.0051546345669565,-0.0051744758367977695,0.001566036892461454,0.001566036892461454,0.0015461956226201841,-0.0039731788797605794,-0.0039731788797605794,-0.003993020149601849,0.0019440687361369996,0.0019440687361369996,0.0019242274662957298,0.003713880240888314,0.003713880240888314,0.003694038971047044
2021-12-01,-0.007293359700602567,-0.005684664048428654,-0.006840618097110581,-0.015541921315552617,-0.013456814932573894,-0.01494809694597052,-0.019910716721762,-0.01769795076431519,-0.01930151801044818,-0.01949104052564472,-0.017278274568197912,-0.018859642317881103,-0.005544410643169545,-0.0027359000048716737,-0.0047441282387593745
2021-12-02,-0.003591483326370583,-0.003591483326370583,-0.003611324596211853,0.01828491618693855,0.01828491618693855,0.01826507491709728,0.009502382448852088,0.009502382448852088,0.009482541179010817,0.01630910794071238,0.01630910794071238,0.01628926667087111,0.0017757490575648427,0.0017757490575648427,0.001755907787723573
2021-12-03,-0.022979924680238524,-0.022979924680238524,-0.022999765950079794,0.006895306498911033,0.006895306498911033,0.006875465229069763,0.001148173656909451,0.001148173656909451,0.0011283323870681812,0.006724128921841434,0.006724128921841434,0.0067042876520001645,0.004799576912680793,0.004799576912680793,0.004779735642839523
2021-12-06,-0.020583521288419372,-0.020583521288419372,-0.020603362558260643,0.02949797637584588,0.02949797637584588,0.02947813510600461,0.02061447914040387,0.02061447914040387,0.0205946378705626,0.03035775642334742,0.03035775642334742,0.03033791515350615,-8.626813678842262e-05,-8.626813678842262e-05,-0.00010610940662969247
2021-12-07,0.02672835356622039,0.02672835356622039,0.02670851229637912,-0.020857031658569513,-0.020857031658569513,-0.020876872928410783,-0.00801581188151107,-0.00801581188151107,-0.00803565315135234,-0.0166628811906849,-0.0166628811906849,-0.01668272246052617,-0.007339524445825587,-0.007339524445825587,-0.007359365715666857
2021-12-08,-0.006203465506432492,-0.006203465506432492,-0.006223306776273762,0.010282751596327022,0.010282751596327022,0.010262910326485752,0.009911981616440482,0.009911981616440482,0.009892140346599212,0.010801008999216995,0.010801008999216995,0.010781167729375724,-0.001543373087961283,-0.001543373087961283,-0.0015632143578025528
2021-12-09,-0.01149496539880305,-0.01149496539880305,-0.011514806668644321,0.0017980852340117462,0.0017980852340117462,0.0017782439641704764,-0.0053023349387565765,-0.0053023349387565765,-0.005322176208597846,-0.0004629882539058821,-0.0004629882539058821,-0.0004828295237471519,0.0029521523834144157,0.0029521523834144157,0.0029323111135731456
2021-12-10,0.010399954839032229,0.010399954839032229,0.010380113569190958,-0.020341294706342397,-0.020341294706342397,-0.020361135976183668,-0.01896480841688891,-0.01896480841688891,-0.01898464968673018,-0.020294882688545353,-0.020294882688545353,-0.020314723958386623,-0.006339334083798953,-0.006339334083798953,-0.006359175353640223
2021-12-13,-0.020239345347600968,-0.020239345347600968,-0.020259186617442238,-0.002482770755240849,-0.002482770755240849,-0.002502612025082119,-0.008346674447613384,-0.008346674447613384,-0.008366515717454654,-0.004433016315030472,-0.004433016315030472,-0.0044528575848717415,0.0005636937840947987,0.0005636937840947987,0.0005438525142535289
2021-12-14,-0.004839670540075945,-0.004839670540075945,-0.004859511809917214,0.014450346955137122,0.014450346955137122,0.014430505685295851,0.011232639782396848,0.011232639782396848,0.011212798512555577,0.012718184844554517,0.012718184844554517,0.012698343574713247,0.01092969418376011,0.01092969418376011,0.01090985291391884
2021-12-15,0.008304196949385015,0.008304196949385015,0.008284355679543744,-0.015299343037595083,-0.015299343037595083,-0.015319184307436354,-0.016812616526518984,-0.016812616526518984,-0.016832457796360254,-0.015018964808020428,-0.015018964808020428,-0.015038806077861698,-0.0008186704186250524,-0.0008186704186250524,-0.0008385116884663223
2021-12-16,-0.011665775104729246,-0.011665775104729246,-0.011685616374570516,0.003368095421682804,0.003368095421682804,0.003348254151841534,0.00041421764021347765,0.00041421764021347765,0.00039437637037220783,0.0005704688073552783,0.0005704688073552783,0.0005506275375140085,0.009988348348420995,0.009988348348420995,0.009968507078579724
2021-12-17,-0.00851560997113932,-0.00851560997113932,-0.00853545124098059,0.011864357366502855,0.011864357366502855,0.011844516096661584,0.014070561441188715,0.014070561441188715,0.014050720171347444,0.01399533538395119,0.01399533538395119,0.01397549411410992,-0.0028434296308930615,-0.0028434296308930615,-0.0028632709007343315
2021-12-20,-0.011470626129976704,-0.011470626129976704,-0.011490467399817975,-0.004000821906961317,-0.004000821906961317,-0.004020663176802586,-0.011186718018449504,-0.011186718018449504,-0.011206559288290775,-0.004169270950797265,-0.004169270950797265,-0.004189112220638534,-0.004223836127329199,-0.004223836127329199,-0.004243677397170469
2021-12-21,0.0083116532106602,0.0083116532106602,0.00829181194081893,0.021059181843513346,0.021059181843513346,0.021039340573672075,0.02048938421045287,0.02048938421045287,0.0204695429406116,0.02267563083343626,0.02267563083343626,0.02265578956359499,0.0020892430133090684,0.0020892430133090684,0.0020694017434677984
2021-12-22,0.006163930621527808,0.006163930621527808,0.0061440893516865385,-0.006986446932096652,-0.006986446932096652,-0.0070062882019379215,-0.0069955453405659215,-0.0069955453405659215,-0.007015386610407191,-0.0052817664870858875,-0.0052817664870858875,-0.005301607756927157,-0.0072341515454304745,-0.0072341515454304745,-0.007253992815271744
2021-12-23,-0.0010143366911805718,-0.0010143366911805718,-0.0010341779610218416,0.006947543194031508,0.006947543194031508,0.006927701924190239,0.0059827845819934375,0.0059827845819934375,0.005962943312152168,0.006343309807261358,0.006343309807261358,0.006323468537420088,0.00046102120059237587,0.00046102120059237587,0.00044117993075110606
2021-12-27,0.018363776276993954,0.018363776276993954,0.018343935007152683,-0.018145403059162585,-0.018145403059162585,-0.018165244329003856,-0.015482053068042824,-0.015482053068042824,-0.015501894337884094,-0.017233726304697862,-0.017233726304697862,-0.017253567574539132,-0.007204078299418963,-0.007204078299418963,-0.007223919569260232
2021-12-28,-0.010820802114492371,-0.010820802114492371,-0.010840643384333642,0.005733622038022949,0.005733622038022949,0.00571378076818168,-0.00035801738313364663,-0.00035801738313364663,-0.00037785865297491645,0.005179274288901176,0.005179274288901176,0.005159433019059906,0.0001305682853157049,0.0001305682853157049,0.00011072701547443505
2021-12-29,0.0005126281095133697,0.0005126281095133697,0.0004927868396720999,-0.0032667214089621434,-0.0032667214089621434,-0.0032865626788034135,-0.004695263779090249,-0.004695263779090249,-0.004715105048931518,-0.005972676574992749,-0.005972676574992749,-0.005992517844834019,-0.003990696425433699,-0.003990696425433699,-0.0040105376952749685
2021-12-30,-0.007223662930882956,-0.007223662930882956,-0.007243504200724226,0.007076229598052332,0.007076229598052332,0.007056388328211063,0.009088108339984587,0.009088108339984587,0.009068267070143316,0.008170857996356182,0.008170857996356182,0.008151016726514911,0.005078332489017976,0.005078332489017976,0.005058491219176706
