,research,engine
2003-06-02,0.0,0.0
2003-06-03,0.0,0.0
2003-06-04,0.0,0.0
2003-06-05,0.0,0.0
2003-06-06,0.0,0.0
2003-06-09,0.0,0.0
2003-06-10,0.0,0.0
2003-06-11,0.0,0.0
2003-06-12,0.0,0.0
2003-06-13,0.0,0.0
2003-06-16,0.0,0.0
2003-06-17,0.0,0.0
2003-06-18,0.0,0.0
2003-06-19,0.0,0.0
2003-06-20,0.0,0.0
2003-06-23,0.0,0.0
2003-06-24,0.0,0.0
2003-06-25,0.0,0.0
2003-06-26,0.0,0.0
2003-06-27,0.0,0.0
2003-06-30,0.0,0.0
2003-07-01,0.0,0.0
2003-07-02,0.0,0.0
2003-07-03,0.0,0.0
2003-07-07,0.0,0.0
2003-07-08,0.0,0.0
2003-07-09,0.0,0.0
2003-07-10,0.0,0.0
2003-07-11,0.0,0.0
2003-07-14,0.0,0.0
2003-07-15,0.0,0.0
2003-07-16,0.0,0.0
2003-07-17,0.0,0.0
2003-07-18,0.0,0.0
2003-07-21,0.0,0.0
2003-07-22,0.0,0.0
2003-07-23,0.0,0.0
2003-07-24,0.0,0.0
2003-07-25,0.0,0.0
2003-07-28,0.0,0.0
2003-07-29,0.0,0.0
2003-07-30,0.0,0.0
2003-07-31,0.0,0.0
2003-08-01,0.0,0.0
2003-08-04,0.0,0.0
2003-08-05,0.0,0.0
2003-08-06,0.0,0.0
2003-08-07,0.0,0.0
2003-08-08,0.0,0.0
2003-08-11,0.0,0.0
2003-08-12,0.0,0.0
2003-08-13,0.0,0.0
2003-08-14,0.0,0.0
2003-08-15,0.0,0.0
2003-08-18,0.0,0.0
2003-08-19,0.0,0.0
2003-08-20,0.0,0.0
2003-08-21,0.0,0.0
2003-08-22,0.0,0.0
2003-08-25,0.0,0.0
2003-08-26,0.0,0.0
2003-08-27,0.0,0.0
2003-08-28,0.0,0.0
2003-08-29,0.0,0.0
2003-09-02,0.0,0.0
2003-09-03,0.0,0.0
2003-09-04,0.0,0.0
2003-09-05,0.0,0.0
2003-09-08,0.0,0.0
2003-09-09,0.0,0.0
2003-09-10,0.0,0.0
2003-09-11,0.0,0.0
2003-09-12,0.0,0.0
2003-09-15,0.0,0.0
2003-09-16,0.0,0.0
2003-09-17,0.0,0.0
2003-09-18,0.0,0.0
2003-09-19,0.0,0.0
2003-09-22,0.0,0.0
2003-09-23,0.0,0.0
2003-09-24,0.0,0.0
2003-09-25,0.0,0.0
2003-09-26,0.0,0.0
2003-09-29,0.0,0.0
2003-09-30,0.0,0.0
2003-10-01,0.0,0.0
2003-10-02,0.0,0.0
2003-10-03,0.0,0.0
2003-10-06,0.0,0.0
2003-10-07,0.0,0.0
2003-10-08,0.0,0.0
2003-10-09,0.0,0.0
2003-10-10,0.0,0.0
2003-10-13,0.0,0.0
2003-10-14,0.0,0.0
2003-10-15,0.0,0.0
2003-10-16,0.0,0.0
2003-10-17,0.0,0.0
2003-10-20,0.0,0.0
2003-10-21,0.0,0.0
2003-10-22,0.0,0.0
2003-10-23,0.0,0.0
2003-10-24,0.0,0.0
2003-10-27,0.0,0.0
2003-10-28,0.0,0.0
2003-10-29,0.0,0.0
2003-10-30,0.0,0.0
2003-10-31,0.0,0.0
2003-11-03,0.0,0.0
2003-11-04,0.0,0.0
2003-11-05,0.0,0.0
2003-11-06,0.0,0.0
2003-11-07,0.0,0.0
2003-11-10,0.0,0.0
2003-11-11,0.0,0.0
2003-11-12,0.0,0.0
2003-11-13,0.0,0.0
2003-11-14,0.0,0.0
2003-11-17,0.0,0.0
2003-11-18,0.0,0.0
2003-11-19,0.0,0.0
2003-11-20,0.0,0.0
2003-11-21,0.0,0.0
2003-11-24,0.0,0.0
2003-11-25,0.0,0.0
2003-11-26,0.0,0.0
2003-11-28,0.0,0.0
2003-12-01,0.0,0.0
2003-12-02,0.0,0.0
2003-12-03,0.0,0.0
2003-12-04,0.0,0.0
2003-12-05,0.0,0.0
2003-12-08,0.0,0.0
2003-12-09,0.0,0.0
2003-12-10,0.0,0.0
2003-12-11,0.0,0.0
2003-12-12,0.0,0.0
2003-12-15,0.0,0.0
2003-12-16,0.0,0.0
2003-12-17,0.0,0.0
2003-12-18,0.0,0.0
2003-12-19,0.0,0.0
2003-12-22,0.0,0.0
2003-12-23,0.0,0.0
2003-12-24,0.0,0.0
2003-12-26,0.0,0.0
2003-12-29,0.0,0.0
2003-12-30,0.0,0.0
2003-12-31,0.0,0.0
2004-01-02,0.0,0.0
2004-01-05,0.0,0.0
2004-01-06,0.0,0.0
2004-01-07,0.0,0.0
2004-01-08,0.0,0.0
2004-01-09,0.0,0.0
2004-01-12,0.0,0.0
2004-01-13,0.0,0.0
2004-01-14,0.0,0.0
2004-01-15,0.0,0.0
2004-01-16,0.0,0.0
2004-01-20,0.0,0.0
2004-01-21,0.0,0.0
2004-01-22,0.0,0.0
2004-01-23,0.0,0.0
2004-01-26,0.0,0.0
2004-01-27,0.0,0.0
2004-01-28,0.0,0.0
2004-01-29,0.0,0.0
2004-01-30,0.0,0.0
2004-02-02,0.0,0.0
2004-02-03,0.0,0.0
2004-02-04,0.0,0.0
2004-02-05,0.0,0.0
2004-02-06,0.0,0.0
2004-02-09,0.0,0.0
2004-02-10,0.0,0.0
2004-02-11,0.0,0.0
2004-02-12,0.0,0.0
2004-02-13,0.0,0.0
2004-02-17,0.0,0.0
2004-02-18,0.0,0.0
2004-02-19,0.0,0.0
2004-02-20,0.0,0.0
2004-02-23,0.0,0.0
2004-02-24,0.0,0.0
2004-02-25,0.0,0.0
2004-02-26,0.0,0.0
2004-02-27,0.0,0.0
2004-03-01,0.0,0.0
2004-03-02,0.0,0.0
2004-03-03,0.0,0.0
2004-03-04,0.0,0.0
2004-03-05,0.0,0.0
2004-03-08,0.0,0.0
2004-03-09,0.0,0.0
2004-03-10,0.0,0.0
2004-03-11,0.0,0.0
2004-03-12,0.0,0.0
2004-03-15,0.0,0.0
2004-03-16,0.0,0.0
2004-03-17,0.0,0.0
2004-03-18,0.0,0.0
2004-03-19,0.0,0.0
2004-03-22,0.0,0.0
2004-03-23,0.0,0.0
2004-03-24,0.0,0.0
2004-03-25,0.0,0.0
2004-03-26,0.0,0.0
2004-03-29,0.0,0.0
2004-03-30,0.0,0.0
2004-03-31,0.0,0.0
2004-04-01,0.0,0.0
2004-04-02,0.0,0.0
2004-04-05,0.0,0.0
2004-04-06,0.0,0.0
2004-04-07,0.0,0.0
2004-04-08,0.0,0.0
2004-04-12,0.0,0.0
2004-04-13,0.0,0.0
2004-04-14,0.0,0.0
2004-04-15,0.0,0.0
2004-04-16,0.0,0.0
2004-04-19,0.0,0.0
2004-04-20,0.0,0.0
2004-04-21,0.0,0.0
2004-04-22,0.0,0.0
2004-04-23,0.0,0.0
2004-04-26,0.0,0.0
2004-04-27,0.0,0.0
2004-04-28,0.0,0.0
2004-04-29,0.0,0.0
2004-04-30,0.0,0.0
2004-05-03,0.0,0.0
2004-05-04,0.0,0.0
2004-05-05,0.0,0.0
2004-05-06,0.0,0.0
2004-05-07,0.0,0.0
2004-05-10,0.0,0.0
2004-05-11,0.0,0.0
2004-05-12,0.0,0.0
2004-05-13,0.0,0.0
2004-05-14,0.0,0.0
2004-05-17,0.0,0.0
2004-05-18,0.0,0.0
2004-05-19,0.0,0.0
2004-05-20,0.0,0.0
2004-05-21,0.0,0.0
2004-05-24,0.0,0.0
2004-05-25,0.0,0.0
2004-05-26,0.0,0.0
2004-05-27,0.0,0.0
2004-05-28,0.0,0.0
2004-06-01,0.0,0.0
2004-06-02,0.0,0.0
2004-06-03,0.0,0.0
2004-06-04,0.0,0.0
2004-06-07,0.0,0.0
2004-06-08,0.0,0.0
2004-06-09,0.0,0.0
2004-06-10,0.0,0.0
2004-06-14,0.0,0.0
2004-06-15,0.0,0.0
2004-06-16,0.0,0.0
2004-06-17,0.0,0.0
2004-06-18,0.0,0.0
2004-06-21,0.0,0.0
2004-06-22,0.0,0.0
2004-06-23,0.0,0.0
2004-06-24,0.0,0.0
2004-06-25,0.0,0.0
2004-06-28,0.0,0.0
2004-06-29,0.0,0.0
2004-06-30,0.0,0.0
2004-07-01,-0.016464299412100203,-0.005206533728276841
2004-07-02,-0.0067846434312489046,-0.0032857497274932923
2004-07-06,-0.011810713661839611,-0.005654258957786262
2004-07-07,0.01201323468733706,0.005693855453453356
2004-07-08,-0.010668477175017177,-0.005121293296739715
2004-07-09,0.005529108605993649,0.0026046745599692667
2004-07-12,-0.0011532862568083835,-0.0005708094151246623
2004-07-13,0.0023659724035353102,0.0011373908986902492
2004-07-14,-0.007555325029537818,-0.0036170057248576803
2004-07-15,-0.009128768680552013,-0.004361196282396285
2004-07-16,-0.001955001439775894,-0.0011410806985165944
2004-07-19,-0.00059782089044641,-0.0003025059772638894
2004-07-20,0.01013310128863415,0.00499280324240714
2004-07-21,-0.014190475380233991,-0.006741038410109201
2004-07-22,0.0013929211970463706,0.0006102571166968218
2004-07-23,-0.02067741209356022,-0.009859309352981849
2004-07-26,-0.0005570541282211017,-0.0001592998152819547
2004-07-27,0.02290697276451903,0.011026501306368397
2004-07-28,-0.0003430754557788296,-0.00019022973102766905
2004-07-29,0.002123517301135136,0.0009625836709450386
2004-07-30,-0.009849498909792531,-0.004830495764007292
2004-08-02,-0.0012793547367234148,-0.0006532098777234374
2004-08-03,-0.005901579604380314,-0.002874727392918275
2004-08-04,0.00047193980256299284,0.00021520484926207395
2004-08-05,-0.013556911992413823,-0.006483518006802358
2004-08-06,-0.019631195928282608,-0.009774535154469133
2004-08-09,0.0070006756229292755,0.0034636902127864744
2004-08-10,0.01359035434042033,0.006582439288477238
2004-08-11,-0.01017499469051325,-0.00498724395443928
2004-08-12,-0.012842743730234807,-0.0061635600007099445
2004-08-13,0.0012785208491714606,0.00046797527190345356
2004-08-16,0.01410883874250829,0.00677558767272779
2004-08-17,-0.001475372326531943,-0.0008950189901999472
2004-08-18,0.0137699863270897,0.006738255144898675
2004-08-19,-0.003083007907041191,-0.0015529192320516971
2004-08-20,0.006299023733529752,0.0030589509923251157
2004-08-23,0.0032418955881099998,0.0017394479777208538
2004-08-24,-0.0023091231354485653,-0.001151648067357125
2004-08-25,0.009450958218801042,0.004465984416330393
2004-08-26,-0.003969601374503862,-0.0020459588017941455
2004-08-27,0.0012775594897929676,0.0006081428919624265
2004-08-30,-0.008631263286196345,-0.004300799519084908
2004-08-31,0.0015833153407336376,0.0005678277901515205
2004-09-01,-0.0006315440192453661,-0.0039040871674370647
2004-09-02,0.008914516749836343,0.00927146022723635
2004-09-03,-0.002811510926351568,-0.002856717409838505
2004-09-07,0.00709021763490747,0.00734561772658493
2004-09-08,-0.002882781860475969,-0.002932381102340842
2004-09-09,-0.0024189201284666173,-0.002598045486921441
2004-09-10,9.237672229966964e-05,1.7478949393412435e-05
2004-09-13,-0.002376816638335888,-0.0025916986729966895
2004-09-14,-0.00015614386113649292,-0.00020047896177732838
2004-09-15,-0.0029048759361294807,-0.003013753015664422
2004-09-16,0.002904513926391128,0.0032050393546652067
2004-09-17,0.005916244864216769,0.006280112584314379
2004-09-20,-0.005921733400589102,-0.006214989481237443
2004-09-21,0.009606009904197466,0.010263247163875722
2004-09-22,-0.012149827798969393,-0.012903819635798564
2004-09-23,0.003293088261561994,0.0035784387439286025
2004-09-24,0.0003366941279042135,0.00030659109124053785
2004-09-27,-0.0033531057077470505,-0.0036113192528031135
2004-09-28,0.01207972017285408,0.012938085269960986
2004-09-29,0.002046124545036998,0.0022173863257313187
2004-09-30,0.005459848518285015,0.005791065176509402
2004-10-01,0.004687976107655535,0.006235454213540104
2004-10-04,0.006213951205823243,0.008365848193471859
2004-10-05,-0.004102099230254508,-0.005630556575069723
2004-10-06,0.0053046578394925215,0.00711165827648319
2004-10-07,-0.0012121833503335733,-0.0016500685705169715
2004-10-08,0.004698642730163849,0.006421910584618606
2004-10-11,0.0006086162948950591,0.0008479492609940742
2004-10-12,-0.01274057350523844,-0.01716934876119236
2004-10-13,-0.010958651597201163,-0.014803514520447147
2004-10-14,-0.008948373606466054,-0.012138218126722777
2004-10-15,0.011506338775547575,0.015608654169089187
2004-10-18,-0.0006114845794903401,-0.0009483100555410795
2004-10-19,0.0003853374848460378,0.0005682012883263532
2004-10-20,-0.0058564527580370895,-0.008009662793844075
2004-10-21,0.0031821980608569,0.004130501999953351
2004-10-22,0.0028881783089624857,0.0042559425226527114
2004-10-25,0.0026302844249944113,0.0035485076600019205
2004-10-26,0.0027935176496748926,0.0037906035270895977
2004-10-27,0.0041398741837844755,0.005604154595823196
2004-10-28,-0.004993113360544643,-0.006895970967920495
2004-10-29,0.0013143840716120514,0.0018175732590932636
2004-11-01,0.005142278848821014,0.007036542509893051
2004-11-02,0.0021912572764767324,0.0032212925099024403
2004-11-03,0.010018008329029882,0.014180808921355315
2004-11-04,0.012040253770177478,0.016902178876957885
2004-11-05,0.003444828355094409,0.005080369973069487
2004-11-08,-0.008945892367693664,-0.012288745557146097
2004-11-09,0.0029005613427245946,0.0038241506758791566
2004-11-10,0.002320697490882262,0.0028696040599762718
2004-11-11,0.004639775331564788,0.007186051973883334
2004-11-12,0.007638909671863314,0.011288160699671757
2004-11-15,-0.0014716555094318462,-0.0017339093855648358
2004-11-16,-0.0063117011708936355,-0.009227361909098453
2004-11-17,0.008293217343171011,0.0125664528521372
2004-11-18,-0.0029287665592739875,-0.00372174878424103
2004-11-19,0.00011665307457553453,-0.001206496984836769
2004-11-22,-0.0017158001924769684,-0.0017254284993726277
2004-11-23,0.003077671087099776,0.004100053417509519
2004-11-24,0.0025297359912840323,0.004146061561237646
2004-11-26,0.014548827957296229,0.019855952954537015
2004-11-29,0.0016666424356373555,0.0017427136706664736
2004-11-30,-0.0009417288674533619,-0.0014716008298474303
2004-12-01,0.0024565864790704883,0.003651232691548545
2004-12-02,-0.002280496161982948,-0.0025564129797484014
2004-12-03,-0.0004993227763515629,-0.000525957876838401
2004-12-06,-0.006453863406919391,-0.007181169141894483
2004-12-07,-0.001771581319430282,-0.0017882733473542078
2004-12-08,-0.009593002855369237,-0.010627352989103223
2004-12-09,-0.012062159327647481,-0.013355226655839436
2004-12-10,-0.0046661925904319945,-0.005246853880062741
2004-12-13,0.01040576599764087,0.011322009402682465
2004-12-14,0.0014005835226204022,0.001365808431891491
2004-12-15,0.010001048837311566,0.011165193481159408
2004-12-16,0.002862004804459972,0.003333206911266595
2004-12-17,-0.0006634597254836505,-0.000726867891052807
2004-12-20,0.013931437289227133,0.015422620120778108
2004-12-21,0.0014904678763986157,0.001626600817588919
2004-12-22,0.0005265269014072538,0.0005560070605785672
2004-12-23,0.006948758374242581,0.007669995828607279
2004-12-27,0.007799226631232725,0.008568772712608475
2004-12-28,0.0011858070174778912,0.001342990284714185
2004-12-29,0.0007245819756664384,0.0007258168530919207
2004-12-30,-0.0027190558334670434,-0.0029682358008888965
2004-12-31,0.007224612211100601,0.007991075521641466
2005-01-03,-0.011863310217007927,-0.012897431200362797
2005-01-04,-0.016625050914551853,-0.011983795446447343
2005-01-05,-0.009945755148348279,-0.007175947662198645
2005-01-06,-0.0011521468930803525,-0.0008599027651122748
2005-01-07,-0.001995148156999027,-0.0014987818782166151
2005-01-10,0.0021495241346964344,0.001512944223219348
2005-01-11,-0.005835768771504546,-0.004325360942949108
2005-01-12,0.008717449686589385,0.006189486535879807
2005-01-13,-0.013180717904848649,-0.009751157582274073
2005-01-14,0.011701971478204287,0.00844056362243717
2005-01-18,-0.0019950135052806406,-0.0015193230829636528
2005-01-19,-0.013796924945452593,-0.010111115086936517
2005-01-20,-0.011405526716696313,-0.008365349801957467
2005-01-21,0.007249107919660269,0.005143803663696822
2005-01-24,-0.0019842304541362044,-0.001569008096512281
2005-01-25,0.01126282921012045,0.0085163801683672
2005-01-26,0.012297740889379183,0.008870082367039123
2005-01-27,0.0029135412361072643,0.0021594129131454753
2005-01-28,-0.008269102570673426,-0.006258303678179256
2005-01-31,0.0073853635429228515,0.00534158420091102
2005-02-01,0.008539803071744956,0.00630820321178116
2005-02-02,0.0010659438513248576,0.0007384209710168399
2005-02-03,-0.0021381342091599254,-0.0015619858300420786
2005-02-04,0.0008513514732675365,0.00039904545173019557
2005-02-07,-0.0062967457927290416,-0.00478086602837291
2005-02-08,-0.0023376557482026605,-0.0018718973975627717
2005-02-09,-0.006663773331120837,-0.005089485053113019
2005-02-10,0.017488096247408214,0.013447539728931979
2005-02-11,0.00930038841301456,0.006951978139317028
2005-02-14,0.005258779572131278,0.0038648194748993614
2005-02-15,0.007821990546224844,0.005869238643988028
2005-02-16,-0.00225143789014548,-0.001650741930773969
2005-02-17,0.004453622775455468,0.0033219424100456862
2005-02-18,0.015634525509227448,0.011679773273898686
2005-02-22,-0.0008633618423633527,-0.0006613973892042324
2005-02-23,0.00048492610614658815,0.0003860495781908835
2005-02-24,0.01046111512921144,0.007838368939882878
2005-02-25,0.011887297841874589,0.008911915099660384
2005-02-28,0.006626232714516789,0.0047264969855429495
2005-03-01,-0.0023471209993168865,-0.0004782884123784026
2005-03-02,-0.011665581601793318,-0.01295722964489121
2005-03-03,0.006046348904836296,0.00676405086034948
2005-03-04,0.009503655356446261,0.010445231905036101
2005-03-07,-0.006136396031806379,-0.006851935950481058
2005-03-08,0.004917302008114133,0.005538738028335599
2005-03-09,0.00014287302338056307,0.00012547109344884788
2005-03-10,-0.003392494098748422,-0.003703669422091771
2005-03-11,0.0038260151653481955,0.00427539681217981
2005-03-14,-0.008920094259184164,-0.009758450838636024
2005-03-15,-0.010576880915198317,-0.01142512274743257
2005-03-16,0.0008651403556665382,0.0011677300371446542
2005-03-17,0.005385756245709472,0.005445986355369303
2005-03-18,0.000715656666311737,0.0008336635439247786
2005-03-21,-0.010982852373272511,-0.011882099403004442
2005-03-22,-0.005166752315369949,-0.0053338708999166595
2005-03-23,-0.01261809545958592,-0.013641677080023618
2005-03-24,-0.0012035919269788864,-0.0013393451621398489
2005-03-28,0.0041115769828983795,0.004368708268017274
2005-03-29,-0.016178884415872563,-0.01727738940107404
2005-03-30,0.004908735586639179,0.004480059413495274
2005-03-31,0.004854065723086387,0.005059218475307992
2005-04-01,0.005840284639724025,0.005616292078080898
2005-04-04,-0.002091461347208834,-0.0019376466406799686
2005-04-05,0.001126957973587972,0.001070798703181719
2005-04-06,0.00758524220559742,0.008023758964038397
2005-04-07,0.002958475927908044,0.00341234284562697
2005-04-08,0.0011568669174788493,0.0008730445679139276
2005-04-11,-0.0022441517580651382,-0.002699199810427322
2005-04-12,0.0024510656824063837,0.0029773063207361172
2005-04-13,-0.007273833663701101,-0.008229754970875969
2005-04-14,-0.013601515723481006,-0.01460034582659131
2005-04-15,-0.008506601636730893,-0.009437942806051258
2005-04-18,0.004998841898862072,0.005301075092348562
2005-04-19,0.00867277794793131,0.009013117409634397
2005-04-20,-0.013749624959617901,-0.014515650480503961
2005-04-21,0.013767452454418294,0.014987674900275527
2005-04-22,-0.0019808885913321084,-0.0026104737127641275
2005-04-25,0.00797123674768263,0.008608934936732426
2005-04-26,-0.006467051710110638,-0.006899202838668295
2005-04-27,-0.008106159322098128,-0.008334550809104058
2005-04-28,-0.012766463401969907,-0.013383531531042991
2005-04-29,0.01663683119389664,0.017205809043674414
2005-05-02,0.0006496272903298572,0.00047157193915681184
2005-05-03,-0.002590808101669173,-0.002196420590262149
2005-05-04,0.013594644042447701,0.011438762934208313
2005-05-05,0.0013589803324258742,0.0011787094400463882
2005-05-06,0.0013330257293531211,0.0010911542835165822
2005-05-09,-0.000716581940877925,-0.0006297269260475691
2005-05-10,-0.016335643452919102,-0.01395648638267799
2005-05-11,0.0014095553780331116,0.0011600049783504485
2005-05-12,-0.01382985956909455,-0.011805333915172245
2005-05-13,-0.01476723488774262,-0.012700363759321043
2005-05-16,0.004585843186743599,0.003781282376411399
2005-05-17,-0.003597219996857748,-0.00321729666055226
2005-05-18,0.00717574511861041,0.005879734402868708
2005-05-19,-0.00048476112073786437,-0.000597962200958535
2005-05-20,-0.005309004629363123,-0.004728066679874909
2005-05-23,0.0009975032247964144,0.0006989490159592382
2005-05-24,-0.005673989781863509,-0.005072602256366743
2005-05-25,-0.0010633329337219055,-0.0008490543403016915
2005-05-26,0.0006236464902364958,0.0002676813654576282
2005-05-27,0.0046762833658013925,0.00409915160269958
2005-05-31,-0.011750953328637681,-0.010230632415639485
2005-06-01,0.0016882072049692071,-0.0008410521129597059
2005-06-02,0.0004090920788439867,0.0004641467073682737
2005-06-03,0.003067620407498972,0.003500403832957799
2005-06-06,0.007985748049659347,0.009066917462700497
2005-06-07,0.0053118026524545114,0.005860237778990474
2005-06-08,-0.002308654328012083,-0.0026676562601462006
2005-06-09,-0.0033540820088381884,-0.0036804680072232143
2005-06-10,0.002228172452173882,0.00244936657124617
2005-06-13,-0.004994984478967401,-0.005489029419671665
2005-06-14,-0.00041149377509958063,-0.0004073394601183944
2005-06-15,0.002088175074414056,0.0024555517186681808
2005-06-16,0.003038885446053463,0.0035536468941776977
2005-06-17,0.004050624921368484,0.004803821008519948
2005-06-20,-0.005526924914740716,-0.006463508242281701
2005-06-21,0.0012244026465704771,0.001143009226093561
2005-06-22,0.010893986889894014,0.012337771796421704
2005-06-23,0.003273337763004036,0.003129576581053062
2005-06-24,0.010040805171743439,0.010861549552562355
2005-06-27,0.006092134100194102,0.006668767769740125
2005-06-28,-0.008600940932349421,-0.009010679992472403
2005-06-29,-0.0012805036055011376,-0.0015981896184663613
2005-06-30,0.009579081030163195,0.01028532384534353
2005-07-01,-0.005032911390932371,-0.005297452970162486
2005-07-05,-0.011690193072653121,-0.013150742091188827
2005-07-06,0.006949641316436939,0.007795419892113742
2005-07-07,-0.001210203537924004,-0.0014707256947552594
2005-07-08,-0.012136576829784862,-0.0141390099159443
2005-07-11,0.00043597225179592414,0.0002651339314068135
2005-07-12,-0.0005191895490114229,-0.0004802931013316858
2005-07-13,-0.0029487488872501633,-0.003520991091821468
2005-07-14,-0.005308707916338196,-0.006484719830791241
2005-07-15,-0.0026571988885535913,-0.0035627429563304114
2005-07-18,-0.001211567125184887,-0.0010579470171478977
2005-07-19,-0.001075032040529389,-0.0018151933826093813
2005-07-20,-0.0024892682032672253,-0.0036013503921787926
2005-07-21,0.001427978618662562,0.002347774564836591
2005-07-22,-1.0593116482437992e-05,-0.00026706413260702
2005-07-25,-0.002839396329581745,-0.0032854812516091014
2005-07-26,0.0011391634039680243,0.001169549413565063
2005-07-27,-0.003728146584497105,-0.004733821967749963
2005-07-28,0.005143811124624698,0.005859583042114647
2005-07-29,0.0021971131616049244,0.0035193615285278312
2005-08-01,0.005427276175522134,0.007055716609269069
2005-08-02,0.0022979363985151657,0.0035046513784142697
2005-08-03,0.00019253479860753542,0.00020023520825440677
2005-08-04,-0.00020361735429014205,-0.0004116553232444975
2005-08-05,-0.008032200542508305,-0.012147338367560323
2005-08-08,0.007479631124408359,0.011170475126727863
2005-08-09,0.007181028205439088,0.010731436307253706
2005-08-10,0.009348738555351233,0.01387370032018631
2005-08-11,-0.005547171101571546,-0.008156754442640413
2005-08-12,0.0005435121064756299,0.0005184358184169291
2005-08-15,-0.00021883005111239529,-0.00022605624257698853
2005-08-16,0.0005704520556338855,0.0004660358833905587
2005-08-17,-0.004009548518981831,-0.005840916943935293
2005-08-18,-0.0055904612664911535,-0.008373845626035825
2005-08-19,-0.0014541510580391992,-0.0021577765419603656
2005-08-22,0.005003954545623801,0.007257567835927681
2005-08-23,-0.001939287884756502,-0.0028785277931985265
2005-08-24,-0.0033021311610113013,-0.004886722000984056
2005-08-25,0.00574080978499214,0.008382654335842954
2005-08-26,0.0016939109333493074,0.002422942931119998
2005-08-29,0.001872506065903834,0.0027856245517230427
2005-08-30,-0.0026048433372062862,-0.003798815819285317
2005-08-31,0.00666123814358921,0.009832633157985216
2005-09-01,0.013413998375076676,0.0034534883340902045
2005-09-02,0.005645250190263407,0.0038506444979637955
2005-09-06,0.017498689110144183,0.011924117399823464
2005-09-07,0.005570355394719839,0.0036744521982614575
2005-09-08,-0.005166826056047236,-0.003507397580820415
2005-09-09,0.011926522339225198,0.008164125058584437
2005-09-12,0.000407921598586547,0.000141284632989791
2005-09-13,-0.013165255223406835,-0.008889687350920439
2005-09-14,0.0015313159707666113,0.000951484477863529
2005-09-15,0.008903672680512675,0.005932057974758376
2005-09-16,0.01853972493106304,0.01243583400869297
2005-09-19,-0.006112357906889854,-0.004057278637133566
2005-09-20,-0.0013862737401252878,-0.0008753123197843271
2005-09-21,-0.0016929889510155505,-0.000857668594903993
2005-09-22,-0.0053755540947462155,-0.003769498884293121
2005-09-23,0.003976076791070204,0.002527355803260134
2005-09-26,0.013449441847769306,0.008984763198677026
2005-09-27,-0.006223352082768585,-0.004218016824244719
2005-09-28,0.006485595747836248,0.004568665931728999
2005-09-29,0.018145953395184156,0.012277384715054351
2005-09-30,-0.000925877067676717,-0.0007757514923540931
2005-10-03,0.004166894625792839,0.0035988612970858647
2005-10-04,-0.0025750119587391596,-0.00231537977780516
2005-10-05,-0.014165929345705874,-0.012524951872713963
2005-10-06,-0.017405662683087353,-0.015061361561733877
2005-10-07,0.011764387336543503,0.00991614830977161
2005-10-10,-1.866199164846094e-05,-2.86494019016148e-05
2005-10-11,0.0044491460100109514,0.0038610678740991222
2005-10-12,-0.01284481223371009,-0.010984821363835606
2005-10-13,-0.0031014186870899074,-0.002610408601597558
2005-10-14,-0.0024848065605702074,-0.002046304453348635
2005-10-17,-0.0007581626206231151,-0.0009962236819316406
2005-10-18,-0.013777391094842384,-0.01172453616485225
2005-10-19,0.004898947224737715,0.0037901586161819267
2005-10-20,-0.02303445926726172,-0.019588630444892674
2005-10-21,0.01133350775734221,0.009128430722514569
2005-10-24,0.015700722975254544,0.013318247187626975
2005-10-25,-0.005976783837468802,-0.00492456900025684
2005-10-26,0.004291413038296055,0.0037723203693063034
2005-10-27,-0.008678457963857689,-0.007162165790691066
2005-10-28,0.010795353370061045,0.00878170405608758
2005-10-31,0.008114882772131793,0.006758163303368425
2005-11-01,0.012771270278702007,0.007167834706519383
2005-11-02,0.009061744212621459,0.0063671156698470455
2005-11-03,-0.005454187144584344,-0.0038536125231964924
2005-11-04,-0.007153311127814366,-0.005081240602975989
2005-11-07,0.0017269956053577173,0.001197216698706427
2005-11-08,-0.008521563435619162,-0.006051785606250526
2005-11-09,0.009554649299691576,0.006783202761309504
2005-11-10,-0.008155787915041957,-0.005796070945294107
2005-11-11,0.0017600445039255286,0.0012136686044392775
2005-11-14,-0.0020626063616732138,-0.0015159905045689648
2005-11-15,-0.004923349809486388,-0.003461229642857888
2005-11-16,-0.0022435918996392967,-0.0015914857728852594
2005-11-17,0.008347718756069211,0.005817110288462102
2005-11-18,0.0043456056127277876,0.0030448224582733108
2005-11-21,-0.0011801421745385454,-0.00087543236530363
2005-11-22,-0.0021431260815181763,-0.0015910282097059136
2005-11-23,0.0077951004680604785,0.005645460863733964
2005-11-25,-0.007712368324419183,-0.005566023544574916
2005-11-28,0.0016461357575470181,0.0012319178274649012
2005-11-29,-5.491462367418487e-05,-0.00011875347358503152
2005-11-30,-0.0012379440739761494,-0.0008403900891322813
2005-12-01,0.014252857742872715,0.010149114678613458
2005-12-02,-0.00031522987468102226,-0.00029100087383049367
2005-12-05,0.011456382327359627,0.008427919260865835
2005-12-06,0.0020927039906063483,0.0016633538763377587
2005-12-07,-0.0067656542709821355,-0.00502707484193432
2005-12-08,-0.002410477096228991,-0.0017218505940267415
2005-12-09,0.010405869473530671,0.007508676754991228
2005-12-12,0.00852131418204477,0.00612790768228666
2005-12-13,0.005734425925043918,0.0043247030573976275
2005-12-14,-0.005037878393849005,-0.0036127205508041937
2005-12-15,-0.00684796537443999,-0.005071594819219261
2005-12-16,0.004765661286588396,0.0034651704085124635
2005-12-19,0.00558362254815048,0.004074230376506449
2005-12-20,0.004848717569480743,0.003551980575230207
2005-12-21,0.008986128903329116,0.006661710337349858
2005-12-22,-0.0022609723508564272,-0.001541348712712165
2005-12-23,0.001537673886217228,0.0012450433242476855
2005-12-27,-0.008193482683281794,-0.0060556130427823485
2005-12-28,0.007136543735649925,0.005122904941405215
2005-12-29,0.0029202709216733513,0.0020873789333544224
2005-12-30,0.0010837554523860926,0.000712262097113836
2006-01-03,0.021549049399222975,0.017490067381526808
2006-01-04,0.00012819699004074092,-0.00010850907410420163
2006-01-05,-0.008736492270907392,-0.007242418872756673
2006-01-06,0.015219484031652464,0.011782700303045957
2006-01-09,0.010866151754103437,0.008694114228619432
2006-01-10,-0.009278184356417085,-0.0075238208366751325
2006-01-11,0.007622457820801676,0.005943511822177561
2006-01-12,-0.007234386797229431,-0.005647390321327883
2006-01-13,0.007831208698726111,0.006506762769901808
2006-01-17,-0.007695286931334588,-0.005947288808795914
2006-01-18,-0.005477044507770645,-0.004612597308122357
2006-01-19,0.02780251120985,0.02205978366250294
2006-01-20,-0.00428886632576464,-0.003039509619080394
2006-01-23,0.019691908206243003,0.015311960582689244
2006-01-24,0.006136946119933595,0.0046839295090352895
2006-01-25,0.009202306333940424,0.007272697464582034
2006-01-26,0.007085981837475497,0.005370633433632754
2006-01-27,-0.0036041649997399783,-0.0027897666617163752
2006-01-30,0.007229811175023304,0.005808024020589109
2006-01-31,0.005003374855190534,0.003963643802174177
2006-02-01,0.0020026430303103923,0.0031405731393094882
2006-02-02,-0.01133131916705099,-0.006163831063381364
2006-02-03,-0.016094929296721627,-0.008724320810091113
2006-02-06,0.01355889528267451,0.007198991690640755
2006-02-07,-0.02884239143584838,-0.01566803558128127
2006-02-08,0.0051219213041659994,0.0027611740291477727
2006-02-09,0.010850374241339167,0.005747067015240637
2006-02-10,-0.008941922964577853,-0.004849299587573519
2006-02-13,-0.02215244205971273,-0.011840769800525619
2006-02-14,0.02230921715783246,0.011848708970064514
2006-02-15,-0.011410249269366401,-0.006131496423052218
2006-02-16,0.020166730598718763,0.010715354063947524
2006-02-17,-0.00230693179136221,-0.0013648743156363663
2006-02-21,-0.0015209082962136522,-0.0008233017478633808
2006-02-22,-0.0005836498764595355,-0.0004222165198796146
2006-02-23,-0.004015298371150444,-0.002133001154970726
2006-02-24,0.011486682428653194,0.006163889815484547
2006-02-27,0.002580382450981411,0.0014003268522462253
2006-02-28,-0.00979206527269294,-0.005429065839867797
2006-03-01,0.01810284700282594,0.008836679277985482
2006-03-02,0.011586076546925228,0.005428036886628407
2006-03-03,-0.00827135747758112,-0.003980692274794473
2006-03-06,-0.011030746934282964,-0.005240273860656508
2006-03-07,-0.020734853407976372,-0.00963623820401005
2006-03-08,-0.006038317827042949,-0.0028696766549470842
2006-03-09,-0.0032289896026148623,-0.0014841304648378628
2006-03-10,0.009577346451282165,0.004331439970612472
2006-03-13,0.004754270890822643,0.0021701058126393225
2006-03-14,0.014535064746114879,0.006622523346129672
2006-03-15,0.011687976876977924,0.0054383374233797355
2006-03-16,-0.010164434917761478,-0.004737614118469735
2006-03-17,0.004086312769790268,0.0019113884032386785
2006-03-20,0.0015389662877249854,0.0007280391017356891
2006-03-21,-0.008538411634853693,-0.004078836214662318
2006-03-22,0.0031051777887350918,0.0014537315579459253
2006-03-23,-0.0022419255394081627,-0.0010841673384656136
2006-03-24,0.007686847548347253,0.00355044294005058
2006-03-27,0.01210709090553419,0.005649474550506239
2006-03-28,-0.004945620915120297,-0.0024144370098971857
2006-03-29,0.02144044565655423,0.009951656088887262
2006-03-30,0.020892235739284337,0.009742910945703454
2006-03-31,-0.005218201887238705,-0.002501956133254324
2006-04-03,0.01771694710197108,0.008279047776604598
2006-04-04,0.0022078725875325222,0.0010198082138244136
2006-04-05,0.006093082437264918,0.002953747203221724
2006-04-06,0.007945980823075738,0.0035727260190570043
2006-04-07,-0.006281721276740537,-0.0033124161723940837
2006-04-10,0.005334251045656935,0.0026001937365849326
2006-04-11,-0.011893787373894626,-0.0055564506763419175
2006-04-12,0.010665106575828254,0.004890786818100068
2006-04-13,0.009157817540487168,0.00407925057245806
2006-04-17,0.015527634332079931,0.007553328668577386
2006-04-18,0.020327615827033796,0.00974849136549083
2006-04-19,0.02291318519154978,0.010901890673056247
2006-04-20,-0.02281915395357159,-0.011452247573150887
2006-04-21,0.018326330291008275,0.009104418570403006
2006-04-24,-0.021433710290684527,-0.010352899421061434
2006-04-25,0.01137225310821699,0.005050203013348353
2006-04-26,0.01786061538233208,0.008522306584906936
2006-04-27,-0.015312456230844818,-0.007315473314293164
2006-04-28,0.020574814039497125,0.0101884153530305
2006-05-01,0.006860484546765744,0.0030550240091344882
2006-05-02,0.01735368187893982,0.008593790356646425
2006-05-03,0.0016483196039395742,0.0007018812767165539
2006-05-04,0.013715219493976472,0.006774413505499677
2006-05-05,0.007652255579901124,0.003906806709585098
2006-05-08,-8.070555566042081e-05,-0.00014479444069948055
2006-05-09,0.01662580693016752,0.00852919160121779
2006-05-10,-0.001523901467505362,-0.0004725307751357599
2006-05-11,-0.0048014742541343525,-0.0021342343855980106
2006-05-12,-0.006426932310034494,-0.0030828807802935065
2006-05-15,-0.04112906706495928,-0.020953487830007278
2006-05-16,0.00579629894634992,0.0032584753702993297
2006-05-17,-0.015964575855098917,-0.007521503550837472
2006-05-18,-0.02503754670467173,-0.011671175882155826
2006-05-19,-0.004145905177256826,-0.003208409458268058
2006-05-22,-0.027421110721104647,-0.012518329286377416
2006-05-23,0.0032917179545506325,0.002189966392983189
2006-05-24,-0.021939208047824954,-0.011249294869372317
2006-05-25,0.02901338312596269,0.013058495015331406
2006-05-26,0.0015121678531627714,0.0009100476966885651
2006-05-30,-0.020799031095183995,-0.009161873482524396
2006-05-31,0.006171070978986226,0.002165820000472829
2006-06-01,-0.00582232267582955,-0.003938966684537193
2006-06-02,0.0023244587731049426,0.0010107085594790455
2006-06-05,-0.021237174378109624,-0.009488821530513114
2006-06-06,-0.01231742837686095,-0.005423944835217798
2006-06-07,-0.012595064670990697,-0.005442983093824516
2006-06-08,-0.021587733010028975,-0.009389346315409441
2006-06-09,-0.014172009953214437,-0.006158935116486353
2006-06-12,-0.022244789049236602,-0.009356415952526231
2006-06-13,-0.04635862186927553,-0.019896633883135006
2006-06-14,0.019994441642807892,0.008648739623771773
2006-06-15,0.04840484294574349,0.020111559316885907
2006-06-16,0.0017166643445435392,0.0007145803707184761
2006-06-19,-0.028771914820639344,-0.012084713068282404
2006-06-20,0.015692582792220633,0.006512502318097635
2006-06-21,0.02512534960127827,0.010439617475016982
2006-06-22,-0.00962997009930816,-0.003951015711266215
2006-06-23,0.002851004710908489,0.0012209360759398713
2006-06-26,0.003773136391716725,0.0016022602842089562
2006-06-27,-0.018354777140881073,-0.007793874157860148
2006-06-28,0.018707912072131294,0.007894921817002354
2006-06-29,0.043158021385947154,0.0179557993153574
2006-06-30,0.008299191113259385,0.003331265535223782
2006-07-03,0.01956433062536428,0.007896941900465748
2006-07-05,-0.0071451184183770056,-0.00236384786104904
2006-07-06,0.009742906981911714,0.0031225156692451517
2006-07-07,-0.017365448306516484,-0.005681036962200792
2006-07-10,-0.0016906523203470414,-0.0006158950365598992
2006-07-11,0.014666691772950546,0.004809917662075502
2006-07-12,-0.0029895617444179456,-0.0008524425982381345
2006-07-13,-0.01801118766005161,-0.00561486179077797
2006-07-14,0.0041626953671168865,0.001346301583562859
2006-07-17,-0.022622137501469464,-0.00758046525449807
2006-07-18,0.004963241392767048,0.0013856851384654867
2006-07-19,0.03191758574416437,0.009879967799704792
2006-07-20,-0.028523273436557084,-0.009443052034696087
2006-07-21,-0.015107846929498903,-0.004891239246255563
2006-07-24,0.018166426631674337,0.005596722798736797
2006-07-25,0.006644930428801377,0.002180663573909669
2006-07-26,-0.0015305889014742835,-0.000521427386545037
2006-07-27,0.014964796464194186,0.00490135357977417
2006-07-28,0.008174845663754704,0.0026482847576820845
2006-07-31,-0.005838083825665807,-0.0019516463127676742
2006-08-01,0.012096471880690742,0.00533123095910315
2006-08-02,0.0013502681700783281,0.000701401800317969
2006-08-03,-0.00892949705992968,-0.004425934997626446
2006-08-04,0.0008853943382036156,0.0004378302890581942
2006-08-07,0.0015687407856608826,0.0007652370703361555
2006-08-08,-0.0016261272800277005,-0.0008511896250342765
2006-08-09,0.008542027089531112,0.004209393968139796
2006-08-10,-0.012338572749446552,-0.006127827466348101
2006-08-11,-0.0029000058999084644,-0.0014460672823954912
2006-08-14,-0.004391720080586192,-0.0021438793271186807
2006-08-15,-0.007973534616244615,-0.0039009705623824775
2006-08-16,-0.006756030307049965,-0.0034720537100996207
2006-08-17,-0.015170923731103292,-0.007540197880002597
2006-08-18,-5.980416763240459e-05,-4.220395231147034e-05
2006-08-21,0.012899512532464408,0.0063320075669781595
2006-08-22,-0.004833872104923365,-0.0024155061938819777
2006-08-23,-1.354424179705882e-05,5.358979293323962e-05
2006-08-24,-0.004424377235210497,-0.002251623774133571
2006-08-25,-0.001871537426150982,-0.0009726933253834114
2006-08-28,-0.008377635118401894,-0.004186583225471718
2006-08-29,0.0012950775517892033,0.0006445338869645045
2006-08-30,0.0003017829837028696,-1.1763168896727905e-06
2006-08-31,0.00640173866576399,0.0030990789568119403
2006-09-01,0.000505957915598044,0.0005519508140607865
2006-09-05,0.010823985961257387,0.005431030880951315
2006-09-06,-0.007605005441730983,-0.0037237805298634408
2006-09-07,-0.01716041327148815,-0.008427523716656227
2006-09-08,-0.004276228128153148,-0.0021470370474251377
2006-09-11,-0.031058246730201744,-0.014819010399867105
2006-09-12,-0.004737693846321334,-0.0025327163974524503
2006-09-13,0.006419117812134778,0.00295827722143871
2006-09-14,-0.015679446385550244,-0.0074243411183704255
2006-09-15,0.0034079633032266243,0.0015854833993849127
2006-09-18,0.013534519024053504,0.006439870410874127
2006-09-19,-0.021206536082097383,-0.010305544195379879
2006-09-20,0.005243860513921117,0.0023042714618752846
2006-09-21,-0.007660773555441813,-0.00406231137751889
2006-09-22,-0.00021816188113493729,-0.00020271888087231016
2006-09-25,-0.00648670318451805,-0.0035539893136312672
2006-09-26,0.007584582675112472,0.003712375386683675
2006-09-27,0.010032726466089659,0.004922033070322351
2006-09-28,0.003348412413518964,0.0016166500628720382
2006-09-29,-0.0038551713358958573,-0.0017992384891429847
2006-10-02,0.002615077282381862,-0.0014464595139878078
2006-10-03,-0.018249342160133408,-0.013230530814182906
2006-10-04,-0.017622797955982428,-0.01282381344069472
2006-10-05,0.006545881793798836,0.004692189621110954
2006-10-06,0.0024752398605722425,0.0018051311521360969
2006-10-09,-0.0008409889821282546,-0.0007235580243150075
2006-10-10,0.0019509222717842278,0.0014673626777872428
2006-10-11,0.0010227873792555964,0.0007869143436014525
2006-10-12,0.0024838122304972066,0.0015184156292336048
2006-10-13,0.010049702052139564,0.007099113278276503
2006-10-16,0.004296339069767452,0.003126422101445314
2006-10-17,-0.0023624296997943883,-0.0015722489044923682
2006-10-18,0.002076361157999751,0.001610563542974841
2006-10-19,0.010478106820660638,0.007613002220107745
2006-10-20,-0.004401028300793641,-0.003218683627587593
2006-10-23,-0.011367050132365053,-0.008399441555131837
2006-10-24,0.007038352596395736,0.0052226876122445365
2006-10-25,0.0011809592954526993,0.0007880744118324845
2006-10-26,0.0005092502467636262,0.0002776783835738428
2006-10-27,0.002277224682304957,0.001847635478709142
2006-10-30,-0.0014609850949663938,-0.001226099994883656
2006-10-31,-0.0019257686880878033,-0.0014615867352222311
2006-11-01,-0.0022250414622760877,0.001036422429602002
2006-11-02,0.009560746697513556,0.005781066073114349
2006-11-03,0.014333957323265312,0.008625314943886853
2006-11-06,0.006625893871778088,0.003864151759091383
2006-11-07,-0.0049249526533667876,-0.0029288508160807414
2006-11-08,-0.009092590069983586,-0.005485599102285965
2006-11-09,0.017101071249882915,0.010259083286931148
2006-11-10,-0.006209616549937291,-0.0037509885559874334
2006-11-13,-0.0003504251954887794,-0.00023394277943311614
2006-11-14,0.0003312608402287198,0.00024088035781111294
2006-11-15,0.005896412849092314,0.0035383663949739574
2006-11-16,-0.0057763284444599106,-0.003591898990419229
2006-11-17,-0.0013894038182591384,-0.0008321583588440928
2006-11-20,-0.0031223110211416327,-0.0019091410542239062
2006-11-21,0.010080262674580731,0.0061520416865223915
2006-11-22,0.0037457703451821978,0.0023150657904393857
2006-11-24,0.00648408736270456,0.003930604087573508
2006-11-27,-0.010174115699410735,-0.006259955045100685
2006-11-28,-6.376693934373456e-05,-3.815732453227305e-05
2006-11-29,0.006612209798333768,0.0040155370265382295
2006-11-30,0.006048097668346353,0.0037922415060784864
2006-12-01,-0.0016278490304498777,-0.0034596492554679337
2006-12-04,0.005926281265864586,0.0057737684084100405
2006-12-05,0.012088994976843515,0.011929170205871031
2006-12-06,-0.0017377646596394847,-0.001795320456427274
2006-12-07,0.00664853647063357,0.006431787320130722
2006-12-08,-0.0021092381850436603,-0.002104042053243549
2006-12-11,-0.0017090932895942323,-0.0016206399128428917
2006-12-12,-0.0020849802290623387,-0.0020877915567570904
2006-12-13,0.008156951170877391,0.00790239228610945
2006-12-14,0.006818751708389581,0.00663379077519366
2006-12-15,-0.0013724866511422573,-0.0013279182914202048
2006-12-18,0.000564437674355045,0.0004601493250051547
2006-12-19,0.0013451137082833298,0.0012283110083248783
2006-12-20,0.006536936504204061,0.006283030675275025
2006-12-21,-0.00011190869127514214,-0.00013029310491441404
2006-12-22,0.009637434301768666,0.009031693084879056
2006-12-26,0.0008313604916557749,0.0009645082898666058
2006-12-27,0.014468902462636657,0.013924180965182664
2006-12-28,0.00293237180722411,0.0026019910653070077
2006-12-29,-0.0015321976624732558,-0.0014954292240956235
2007-01-03,-0.010126613445354092,-0.006335959176061223
2007-01-04,-0.0168077931387991,-0.01400391204704321
2007-01-05,-0.02281961878507094,-0.018315409880801825
2007-01-08,0.004945539588515735,0.0038384627285792394
2007-01-09,-0.007988849601398895,-0.006513138726896961
2007-01-10,-0.00020424621321796232,0.000159744572295617
2007-01-11,0.010909172769202724,0.009181698095749091
2007-01-12,0.026216513516319817,0.02137575450814322
2007-01-16,-0.0018734251963861137,-0.0016698883260206632
2007-01-17,0.005814636034238374,0.00486558550752525
2007-01-18,-0.010513224733191773,-0.008614640445517963
2007-01-19,0.017085123790073264,0.013864145419836493
2007-01-22,-0.00490463104770833,-0.004100432820701605
2007-01-23,0.02815915681330633,0.023037995668976352
2007-01-24,0.005119307010168772,0.004092024646121795
2007-01-25,-0.011932952995567236,-0.009378806590937039
2007-01-26,0.004389093948009237,0.0034956771717560287
2007-01-29,-0.008282760681851353,-0.0065313877022397104
2007-01-30,0.010206529968097011,0.008022032295009307
2007-01-31,0.00259113467957528,0.0017921336927044784
2007-02-01,0.009695961632066931,0.010197990235981003
2007-02-02,-0.004963935692595234,-0.0039936272883440704
2007-02-05,-0.0013646704843769397,-0.0011545787087527959
2007-02-06,0.006761682132540414,0.005154301192367594
2007-02-07,-0.006550153105832901,-0.005321989596549281
2007-02-08,-0.004947251885505433,-0.004017192389689006
2007-02-09,0.0011419729500734,0.0011472136995225313
2007-02-12,-0.002281361381265279,-0.0017318732688526017
2007-02-13,0.013698114859642452,0.01091388107484259
2007-02-14,0.004346636110980739,0.003157290963222259
2007-02-15,-0.0035035478485992977,-0.0029072876389256708
2007-02-16,0.000867845653534427,0.0005544696505432878
2007-02-20,-0.002896820830890934,-0.0024035621406865992
2007-02-21,-0.0017797186872391402,-0.0013937552818825694
2007-02-22,0.0011306638637896271,0.0010834244027930762
2007-02-23,-0.0038305468946738808,-0.0033624053999509185
2007-02-26,-0.0008420467853069713,-0.0009409498751848933
2007-02-27,-0.04657434201738103,-0.038455014740412796
2007-02-28,0.01668593993265033,0.013380631373654195
2007-03-01,-0.011227315204043,-0.008872808404500554
2007-03-02,-0.01795914402070001,-0.011693083661260761
2007-03-05,-0.015317404053666439,-0.01003728814241267
2007-03-06,0.02973696028368507,0.019222305774775128
2007-03-07,-0.0076523318695738505,-0.004994966427869674
2007-03-08,0.013264629254850464,0.008776426721690989
2007-03-09,0.009717824137041288,0.006335301479268418
2007-03-12,0.005291990968238476,0.003441295108669973
2007-03-13,-0.021916402537931035,-0.014520739700858099
2007-03-14,0.005294070914161934,0.0034685968901440045
2007-03-15,0.00688688713327575,0.004472652302191182
2007-03-16,0.00018597626573598402,-1.7833890023744026e-05
2007-03-19,0.01256747965908263,0.008304200800143269
2007-03-20,0.0066644437530173715,0.004345310078938569
2007-03-21,0.018732256263585434,0.012456101286425714
2007-03-22,-0.004694568097504384,-0.003014565092824273
2007-03-23,0.0005618877254036277,0.0004573669647280898
2007-03-26,0.0012924415874138542,0.0007763065647103939
2007-03-27,-0.003965242410765679,-0.00265138063960213
2007-03-28,-0.009595961775590928,-0.0065172528620606185
2007-03-29,0.0019861932550611448,0.001574437907158499
2007-03-30,0.006883288315956526,0.004455364958456665
2007-04-02,0.0016704176761550564,0.004634083739500694
2007-04-03,0.004482358948236898,0.002485381591751823
2007-04-04,0.00621943750083087,0.003444822569324435
2007-04-05,0.002198987802391102,0.0011992795195450157
2007-04-09,0.004570208273640297,0.0025090866501780162
2007-04-10,0.003811154453585634,0.002140717194200503
2007-04-11,-0.0009528091166851973,-0.0005809718879586923
2007-04-12,0.004312518156749305,0.002437106592697358
2007-04-13,0.007893362833745901,0.004379028147694752
2007-04-16,0.0049693967300810105,0.0028780806438963857
2007-04-17,-0.007723842964931522,-0.004295971483039618
2007-04-18,-0.0020670518338483657,-0.0011588092962787622
2007-04-19,-0.00852278359808245,-0.004856001502514418
2007-04-20,0.012961576294481358,0.007297809795708821
2007-04-23,-0.009115756034316727,-0.0051479665936430274
2007-04-24,-0.0064247343697627635,-0.003617346563543733
2007-04-25,0.004945784684587321,0.002780312506412752
2007-04-26,-0.00579054350775902,-0.003383461549616773
2007-04-27,0.0009916551468315271,0.000487649310539906
2007-04-30,-0.010546520036037583,-0.0058762379416870125
2007-05-01,0.004485438783949877,0.0020263949903192024
2007-05-02,0.012140109262915755,0.007206599801971469
2007-05-03,-0.0021283002873971517,-0.0013158572756353237
2007-05-04,0.009580850979667396,0.005507119229504864
2007-05-07,0.004398149191602677,0.002548190840334197
2007-05-08,-0.004032766505450406,-0.0022072648102348102
2007-05-09,0.009571178389283267,0.005548309892696279
2007-05-10,-0.001757054979591147,-0.0008796339364521844
2007-05-11,-0.0028101471203678292,-0.0016874204842167728
2007-05-14,-0.0007411483363063409,-0.0004374305573241477
2007-05-15,-0.006999117022882769,-0.004083922052717903
2007-05-16,0.013658300957265574,0.008079308598497592
2007-05-17,-0.01495389086927812,-0.008533595848960851
2007-05-18,0.0018147186399536754,0.0010824328448866272
2007-05-21,-0.009543275497976178,-0.005622913882417535
2007-05-22,0.011400468159431743,0.006820953065278301
2007-05-23,-0.004197331622930345,-0.0024979482453473256
2007-05-24,0.008191805948301786,0.0047807832062460864
2007-05-25,-0.006193448720571371,-0.0036024683843084437
2007-05-29,0.015617707187254932,0.009224276869783443
2007-05-30,0.0047276931916782425,0.0027593560638816683
2007-05-31,-0.011751725391583645,-0.006727155979248223
2007-06-01,0.0010243519383061899,-0.0006884284135539875
2007-06-04,-0.010026176446062185,-0.005922209546699642
2007-06-05,0.00013251253744572832,3.4943418291577544e-05
2007-06-06,-0.018772621839837595,-0.011337635969786652
2007-06-07,-0.01500699005457984,-0.009048574577123714
2007-06-08,0.03555056738319832,0.0214721584120523
2007-06-11,-0.009640806513329919,-0.00562064075117763
2007-06-12,-0.009485895461838829,-0.0057043973254180536
2007-06-13,0.005941135970281599,0.003489851338261074
2007-06-14,-0.00042773717314418527,-0.0002530624026961803
2007-06-15,0.006086862586582567,0.0037217307125188004
2007-06-18,-0.0026932543804764064,-0.001686700678466213
2007-06-19,0.0021940022946809927,0.0014649887007744944
2007-06-20,-0.00421994984837463,-0.0026822701381102876
2007-06-21,0.01099928945049,0.006690668702119318
2007-06-22,-0.014393355167347703,-0.00871933862853358
2007-06-25,-0.0015922669688175721,-0.0010727500012783775
2007-06-26,0.005398225511311305,0.0032300239343705517
2007-06-27,0.00717324480280094,0.004329013491003675
2007-06-28,-0.005564633700822644,-0.003301619705807113
2007-06-29,0.0005729787386414833,0.00024146494784571537
2007-07-02,0.008017429328281702,0.003872413030239441
2007-07-03,0.005455597532208478,0.0040622804976993
2007-07-05,-0.0006317363993782188,-0.0007135639635490465
2007-07-06,0.008478712332304822,0.006146688385708421
2007-07-09,0.003455602994255097,0.0027273842443786833
2007-07-10,-0.015784914226630975,-0.011994960346470296
2007-07-11,0.008791587779218818,0.006580003176993809
2007-07-12,0.016439096103365886,0.01239935152904148
2007-07-13,-0.0014055549222677932,-0.0009922514873175192
2007-07-16,-0.004578296534157006,-0.003140572380204709
2007-07-17,0.0024602694245148826,0.0018853043012456716
2007-07-18,-0.007326766279537822,-0.005814782276064356
2007-07-19,0.002711295529185531,0.0020082935479524
2007-07-20,-0.007478628340786081,-0.005662342411582144
2007-07-23,0.012864768658553738,0.010027397730987486
2007-07-24,-0.010506589212889356,-0.008090293197151044
2007-07-25,-0.015600626784091548,-0.012019115057040453
2007-07-26,-0.02548906317811009,-0.01942196885251568
2007-07-27,-0.023770208489247213,-0.018636702400676275
2007-07-30,0.024138212200557146,0.01885870280923796
2007-07-31,-0.01979311878329068,-0.015588170763698783
2007-08-01,0.005275107508806083,0.0031351206478356097
2007-08-02,0.007215177958805191,0.00412782761779984
2007-08-03,-0.022956871407575047,-0.013312217095161838
2007-08-06,0.030134512468479674,0.01696468086098557
2007-08-07,0.005404260854869808,0.0031041403970999415
2007-08-08,0.0214274493927627,0.012082749278591987
2007-08-09,-0.021901201485396926,-0.01274312706859837
2007-08-10,-0.015946050326698658,-0.008968650285845925
2007-08-13,0.006771341833717859,0.0038238421511305187
2007-08-14,-0.0202804858254452,-0.011305001327469144
2007-08-15,-0.02839176508037991,-0.015640640168999353
2007-08-16,0.008323509574445637,0.004828744520535055
2007-08-17,0.017360326428482897,0.009453797043180279
2007-08-20,0.0033868747883921135,0.0017899230934559363
2007-08-21,0.006610913187265477,0.0035230855094181557
2007-08-22,0.021957530702487904,0.01190059692515133
2007-08-23,-0.0012586626816251945,-0.0006581425312008893
2007-08-24,0.00497323687415574,0.00300730876138533
2007-08-27,-0.009817983731470054,-0.005412974896622846
2007-08-28,-0.021583384661470723,-0.012345612199375022
2007-08-29,0.017159215312154835,0.009754641806961839
2007-08-30,-0.0032938301846245632,-0.0018645573753371947
2007-08-31,0.011796397537883974,0.006694070463321156
2007-09-04,0.004242210016119159,0.000611758151363162
2007-09-05,-0.01713918971791284,-0.007863463085748812
2007-09-06,-0.001581912616587855,-0.0007582719783054692
2007-09-07,-0.02513768932386698,-0.011584476416792944
2007-09-10,-0.009259670852604734,-0.004374907908043624
2007-09-11,0.012920468911108873,0.005836418027191481
2007-09-12,0.00032818076142182573,8.596826225049092e-05
2007-09-13,0.0118570078186927,0.0055350344060352
2007-09-14,-0.00011076385105626696,-8.792050787076455e-06
2007-09-17,-0.018094465168172563,-0.008547201240480695
2007-09-18,0.027189097927281025,0.01238847618343919
2007-09-19,0.00965165593814235,0.0045471741780882535
2007-09-20,-0.008040125648955648,-0.004178263204894339
2007-09-21,0.0036517028826505427,0.0018628382814414035
2007-09-24,0.004440064771182528,0.0022233153751527457
2007-09-25,0.006249638176416161,0.0030229180983203374
2007-09-26,0.004908797287581229,0.002364464934795585
2007-09-27,-0.00160082727754568,-0.0008289148888307452
2007-09-28,-0.00427163290374874,-0.002079991010457305
2007-10-01,0.017040161727278597,0.008662250650851577
2007-10-02,0.001995054597493523,0.0010099506669924985
2007-10-03,-0.009443395919435937,-0.004867597293839898
2007-10-04,-0.0007557967142956534,-0.0003623030106635339
2007-10-05,0.023800086116489705,0.012000683308091231
2007-10-08,0.0010347639124916597,0.00038276519149338384
2007-10-09,0.00422512689692664,0.002205296079147656
2007-10-10,-0.004761020595962229,-0.002322995608786016
2007-10-11,-0.010535035401351367,-0.005295131952932297
2007-10-12,0.010704751855142636,0.00541607105601849
2007-10-15,-0.011929529091438601,-0.00606917986698019
2007-10-16,-0.01115874070252218,-0.0057535412378496575
2007-10-17,0.006189160966198176,0.003084902907013687
2007-10-18,-0.003437105102393201,-0.0018554877341812048
2007-10-19,-0.02101310368289558,-0.010731315164158484
2007-10-22,0.005520825308636068,0.0027687907655060684
2007-10-23,0.018726798740466094,0.009580610956237745
2007-10-24,-0.014650736554831956,-0.007669589974026447
2007-10-25,-0.009455885350340032,-0.00500374473983356
2007-10-26,0.011923286631554897,0.006022289059486541
2007-10-29,-0.00039373034814349506,-0.000367794269321875
2007-10-30,0.006209017214886037,0.0037421194151592285
2007-10-31,0.002820563615686278,0.0010126286411817897
2007-11-01,-0.021956646309392203,-0.011389286627783046
2007-11-02,-0.001391728840821893,-0.0005327074365862883
2007-11-05,-0.014579022525213509,-0.008184504096254597
2007-11-06,0.009261733219920548,0.00506274110201721
2007-11-07,-0.01567254554819153,-0.008768640537368255
2007-11-08,-0.009754808722389263,-0.005610225143972358
2007-11-09,-0.01995258165580374,-0.010974862370779825
2007-11-12,-0.017377945365906727,-0.009159075634471714
2007-11-13,0.03520952828845356,0.018674319907264758
2007-11-14,-0.005053643151569476,-0.0026930285371131735
2007-11-15,-0.012633177510599447,-0.006980703244148234
2007-11-16,0.004309323235369922,0.002257789255389442
2007-11-19,-0.021136661028824166,-0.011628754124312413
2007-11-20,0.008946331981723427,0.004778629904521603
2007-11-21,-0.0197219238757588,-0.01066953288145922
2007-11-23,0.01786799118616969,0.009749695073022258
2007-11-26,-0.027288596636113743,-0.014994127955549219
2007-11-27,0.02380472990938312,0.012846311523101228
2007-11-28,0.028796491161102805,0.015500793003977442
2007-11-29,-0.005738233390351177,-0.0032554219424103525
2007-11-30,0.0033178471742190963,0.0017872232276663347
2007-12-03,-0.004847862978994505,-0.0009369016879894332
2007-12-04,-0.005484774337389392,-0.002914124847768096
2007-12-05,0.01964108752831817,0.010825633714897975
2007-12-06,0.017372909935609943,0.009530629560300374
2007-12-07,-0.005439500249810825,-0.003054374286605599
2007-12-10,0.00035991465048343385,0.00023380025340458133
2007-12-11,-0.019868149253554623,-0.011079332087131744
2007-12-12,0.027466328489624214,0.015093459374137197
2007-12-13,-0.002377903162369549,-0.0014260259749864224
2007-12-14,-0.0019291069468808653,-0.0010162540522019592
2007-12-17,-0.022905985827670894,-0.012230560239697152
2007-12-18,0.003832716434762823,0.0018690825973366465
2007-12-19,0.0003011108258846873,0.0001354099985002577
2007-12-20,0.005226982900191107,0.002730660645666516
2007-12-21,0.026195249233659096,0.01434208049809338
2007-12-24,0.004918485205370443,0.0026361740083866714
2007-12-26,0.013415602393394732,0.007499836948555494
2007-12-27,-0.011993963350187653,-0.00640071120044039
2007-12-28,-0.004017409150692597,-0.002103114163785391
2007-12-31,-0.010718337467526845,-0.005905296462279885
2008-01-02,0.015570520026811557,0.005363558029049198
2008-01-03,0.006784031599512491,0.003068955670565199
2008-01-04,-0.008160305754154856,-0.0037330884419110033
2008-01-07,-0.010618362262869385,-0.004913384420439093
2008-01-08,0.011601257029076995,0.005263335122033919
2008-01-09,0.001285402552868714,0.00047390650813694535
2008-01-10,0.004451623475775934,0.0021900223944149033
2008-01-11,-0.007753493524767702,-0.0034855678963786607
2008-01-14,0.010369959213336666,0.004659843094259486
2008-01-15,-0.023805489981901795,-0.010876855319693846
2008-01-16,-0.014955870377870467,-0.006593078790378626
2008-01-17,-0.013663443281188514,-0.006106428336171921
2008-01-18,0.017620544154769907,0.007706730551813923
2008-01-22,-0.01227080530134858,-0.005350240014633023
2008-01-23,-0.011873302889204823,-0.0050752365899611185
2008-01-24,0.025325547872152382,0.011467626309427104
2008-01-25,0.0025078539981840398,0.000985941284391556
2008-01-28,0.01021188639510856,0.004640283717981308
2008-01-29,0.002151414038679883,0.0009736932475956639
2008-01-30,0.0005087157151668353,0.0004052163004999443
2008-01-31,-0.005235689240175978,-0.0025286477497679094
2008-02-01,-0.014912100270656342,-0.010323365602212808
2008-02-04,0.01383644280916757,0.011711165890539332
2008-02-05,0.0009762783107584438,0.0005872494900107661
2008-02-06,-0.006181409650872355,-0.00505474467000766
2008-02-07,0.009816656631484788,0.008043219325212458
2008-02-08,0.01966829347489396,0.016108890231321116
2008-02-11,0.002775177438169907,0.002372479529749283
2008-02-12,-0.013761169543838242,-0.0112506381489611
2008-02-13,0.003579939042156699,0.0030684037172701295
2008-02-14,0.011615182032727434,0.009777342707272707
2008-02-15,0.0016607146070749534,0.0013941274772499845
2008-02-19,0.019831054141766724,0.016919666732074345
2008-02-20,0.006261783644178204,0.0051772299389987175
2008-02-21,-0.011387538340451447,-0.009852673415881252
2008-02-22,0.0028974707747167483,0.002824022862242037
2008-02-25,-0.002429253174537377,-0.001660691932430458
2008-02-26,-0.000861701428929329,-0.0002172031818082898
2008-02-27,-0.006483532162029293,-0.006042405096351899
2008-02-28,0.00772367384424405,0.006412704372239952
2008-02-29,-0.004273424864770697,-0.004691933898713141
2008-03-03,0.01598488688091207,0.0029948718455765633
2008-03-04,-0.015577376925308223,-0.007291241882495414
2008-03-05,0.019479529248702332,0.00895415268684796
2008-03-06,0.010799590095531691,0.005122129090538774
2008-03-07,-0.00881358853338865,-0.004051919683966343
2008-03-10,0.024142528594455093,0.011157239721187873
2008-03-11,-0.008978725955661765,-0.0038780468349007835
2008-03-12,0.0063468693130757925,0.0030124987162762906
2008-03-13,0.004147173054149189,0.0019180854880112008
2008-03-14,0.006531574256264966,0.002965598316089446
2008-03-17,-0.01903341513283216,-0.009152391689575823
2008-03-18,-0.02370538868820582,-0.010532492309384911
2008-03-19,-0.011114443138080021,-0.0053538511827856405
2008-03-20,-0.04807700094480866,-0.021718986136019858
2008-03-24,-0.004590938040070158,-0.0031982660832873266
2008-03-25,0.012236685144336512,0.005239264822690437
2008-03-26,0.025164490943096723,0.011952418627626082
2008-03-27,0.007848617907362826,0.004083935293472507
2008-03-28,-0.013907015522338723,-0.006422461885045139
2008-03-31,-0.028522286060133156,-0.013238836829028378
2008-04-01,-0.033758613482491484,-0.014782598872600028
2008-04-02,0.0323524329301374,0.0117593534401923
2008-04-03,-0.00034305107530230305,-9.858824348318862e-05
2008-04-04,0.010305638913964021,0.003836742959596018
2008-04-07,0.01282466589047443,0.004802401788037702
2008-04-08,0.00011719928039899408,-0.00012323122719970492
2008-04-09,0.02850245961599568,0.010616420106783098
2008-04-10,-0.007438981245595916,-0.0027703143525453777
2008-04-11,0.007909055039572926,0.002641772857982394
2008-04-14,0.007611876143640589,0.0028521521468320987
2008-04-15,0.01174255792299958,0.004488382789356704
2008-04-16,-0.01075074943678922,-0.0033380121756145797
2008-04-17,-0.0028691399802014406,-0.0010678057002880825
2008-04-18,-0.016906882944836527,-0.006012045960913204
2008-04-21,-0.015365203902542368,-0.005737951749231418
2008-04-22,0.01884435310838703,0.007062846048506488
2008-04-23,-0.015037149119336957,-0.00561437715719415
2008-04-24,-0.023492492673510834,-0.008966855008750052
2008-04-25,0.00870021014620409,0.0035579825894791473
2008-04-28,0.0003913486884515871,0.00013839362023460033
2008-04-29,-0.02038426266170809,-0.00798101004340257
2008-04-30,0.005634716427005804,0.0019652041364099926
2008-05-01,-0.037092275001346264,-0.014122728009314023
2008-05-02,0.01778675291574458,0.006894047127218084
2008-05-05,0.0197435282128193,0.007872275068109502
2008-05-06,0.005972908929456566,0.002457118927411406
2008-05-07,0.01930378808731284,0.007419549541404891
2008-05-08,0.008096394865262119,0.0032427835763557677
2008-05-09,0.013253592824301136,0.0052458543439479755
2008-05-12,-0.0222461140457324,-0.008712120423502667
2008-05-13,-0.0010207195121557655,-0.000163758842885664
2008-05-14,-0.00813774515866253,-0.0034117673627164224
2008-05-15,-0.006845779019899911,-0.002480936517904486
2008-05-16,0.014951009309233543,0.006051018273152797
2008-05-19,8.705488502722125e-05,0.00023322450060669908
2008-05-20,0.0164259653566399,0.0066909374771984
2008-05-21,0.035187453846626277,0.014221276013685946
2008-05-22,-0.022253667705235874,-0.008918369479348431
2008-05-23,0.01126239589200867,0.00444735984727318
2008-05-27,-0.023293810113744956,-0.009445140973954769
2008-05-28,0.0036747613523263334,0.0017047732821597883
2008-05-29,-0.028786670897822636,-0.01181831169419123
2008-05-30,0.0015560062766449279,0.0008005912482615951
2008-06-02,0.022498511711399355,0.007769079816893898
2008-06-03,-0.015206612485694687,-0.005528464186116189
2008-06-04,-0.0075853273486641,-0.0026665006824548865
2008-06-05,0.014907331180014166,0.00500239000908187
2008-06-06,0.05877615457233226,0.021475799963092346
2008-06-09,-0.005622255099305445,-0.0022697154503857897
2008-06-10,-0.0009866930824142528,-0.0006703541151600323
2008-06-11,0.04855851729767863,0.01750345599628189
2008-06-12,-0.004783436450084,-0.0018601460246275847
2008-06-13,-0.011806039974087301,-0.0039653778448227595
2008-06-16,-0.0030431143663329496,-0.0009470751890717777
2008-06-17,0.008604624111822973,0.003162123648607462
2008-06-18,0.019279514227559774,0.006939505260036283
2008-06-19,-0.024490915926928147,-0.008979909189345214
2008-06-20,0.021298015415441296,0.007290255608294327
2008-06-23,0.005247807396664583,0.001738212817283813
2008-06-24,0.0029223463942688876,0.0009611164903515768
2008-06-25,-0.01000254178537538,-0.0032796255428840793
2008-06-26,0.058196614164015614,0.02073563257847133
2008-06-27,0.00020911189028588462,1.9229149543775748e-06
2008-06-30,-0.01050598756897339,-0.004073169068404381
2008-07-01,0.011748090221049667,0.004437504340771836
2008-07-02,0.03013929140524879,0.009652475241060499
2008-07-03,-0.003474631403213857,-0.0011088229006592787
2008-07-07,-0.01852079720660646,-0.006181523422831181
2008-07-08,-0.031062243850680765,-0.009884286262988318
2008-07-09,0.011716766221876118,0.003628236205500901
2008-07-10,0.01748605125104477,0.005611932558903465
2008-07-11,0.028510771527228,0.009024291025844011
2008-07-14,-0.0013558758079128264,-0.0005114545876429011
2008-07-15,-0.013995936597652525,-0.004765703706436919
2008-07-16,-0.028010200966479465,-0.008659277719361702
2008-07-17,-0.0345584638067023,-0.010816751644248557
2008-07-18,-0.007627254322097599,-0.002355718854131217
2008-07-21,0.0032475112895551106,0.0010365254264794732
2008-07-22,-0.025745633495927178,-0.008062428530739796
2008-07-23,-0.029972952656857677,-0.00937738251149356
2008-07-24,0.02174269652238714,0.006936685949848309
2008-07-25,-0.008319513065862288,-0.0025379442490037762
2008-07-28,0.017813965823742034,0.005495344999304264
2008-07-29,-0.023084907094950313,-0.007021359287557205
2008-07-30,0.008455754045130437,0.002093864115066957
2008-07-31,-0.0015290957612641431,-0.000273049953759541
2008-08-01,0.003637681469241427,0.001185145993418013
2008-08-04,-0.025249800676207246,-0.007426249542042407
2008-08-05,-0.03149403047903282,-0.009801646816692933
2008-08-06,-0.010481715728846708,-0.0031387472727950616
2008-08-07,0.01878613010150776,0.005740372273279171
2008-08-08,-0.03894795888304864,-0.011686290021254653
2008-08-11,-0.011604679639293236,-0.0038406317972412563
2008-08-12,0.0018647295692525157,0.0007407623798783014
2008-08-13,0.04132968876950702,0.012006946904769888
2008-08-14,-0.015861065808231323,-0.004840675997594079
2008-08-15,-0.01918691056988145,-0.005627156938237121
2008-08-18,0.02420947433384002,0.007370723843054261
2008-08-19,0.01924714109546083,0.005753139446552202
2008-08-20,0.00573897645159438,0.0015404659754063577
2008-08-21,0.03583154495201202,0.010368657466304665
2008-08-22,-0.03636588093329057,-0.010957893370545868
2008-08-25,0.012228861441660743,0.00399244947932309
2008-08-26,0.003506907428247469,0.0009498295434615667
2008-08-27,-0.0030319167278433368,-0.0011963440972247996
2008-08-28,-0.01924856511097678,-0.005781370993792279
2008-08-29,0.004714485711475203,0.0017062027987260198
2008-09-02,-0.014474423180994567,-0.004116648507029641
2008-09-03,-0.0037244550098103624,-0.0009865989494516336
2008-09-04,0.02711442632137953,0.00612367950011472
2008-09-05,-0.026355902923835828,-0.006178542041411883
2008-09-08,-0.015630857001461773,-0.003505044962590187
2008-09-09,-0.004271242767941025,-0.0011587828266214073
2008-09-10,-0.02209774688029248,-0.004735051581274741
2008-09-11,-0.01884682141834393,-0.00411319120440623
2008-09-12,0.006464234732813323,0.001262250896656436
2008-09-15,0.027019721233962513,0.005978332318012258
2008-09-16,-0.03749063229505495,-0.008082380566130198
2008-09-17,0.11131369861262697,0.02335083708599317
2008-09-18,-0.05201601646685611,-0.010441361668256821
2008-09-19,-0.027680181716100816,-0.005457644629227598
2008-09-22,0.0898774253758842,0.020583242130588708
2008-09-23,0.009145248954668866,0.0017277252486160855
2008-09-24,-0.015521341253028509,-0.0034477447231179292
2008-09-25,-0.01825889705197245,-0.003735711269582054
2008-09-26,0.008719646642385642,0.0018792378055809689
2008-09-29,0.03238788486627486,0.005965272331707627
2008-09-30,-0.05135196702588504,-0.010523381203899729
2008-10-01,-0.011449163269358853,-0.0018057577658660007
2008-10-02,0.004505548462613612,0.0005183128635799505
2008-10-03,0.004552377910813615,0.0007613374666608497
2008-10-06,0.01565578853076735,0.0027253933183191137
2008-10-07,0.07865859947725382,0.014320665992816117
2008-10-08,0.028205830626453016,0.0052064282540527085
2008-10-09,0.034956054474125225,0.005186225560531277
2008-10-10,-0.04077890366050238,-0.008280497498185713
2008-10-13,-0.13634891257751955,-0.020143570567643154
2008-10-14,0.019538335487462005,0.003444959371208478
2008-10-15,0.07448076657822753,0.0127959414049994
2008-10-16,-0.07328478211965048,-0.011926176683990763
2008-10-17,0.01821132034839254,0.0027703535548011526
2008-10-20,-0.03024309147723747,-0.0044925683307099895
2008-10-21,0.01827759776790558,0.002618727618488581
2008-10-22,0.015324580561479895,0.0016522390375988127
2008-10-23,-0.007557805457273498,-0.001095979415975612
2008-10-24,0.035864978875557646,0.005035165799929242
2008-10-27,0.025482328930003156,0.003675981466143119
2008-10-28,-0.11574840615699677,-0.01474097330896218
2008-10-29,0.052262561586433,0.00823980207832875
2008-10-30,-0.08484128280214143,-0.0129060975064198
2008-10-31,0.0017801927658671057,4.993905148520383e-06
2008-11-03,-0.002461927888619069,-0.0011745868168480111
2008-11-04,-0.02111252315915363,-0.0027931888783282455
2008-11-05,0.05789050040416227,0.008128960851816247
2008-11-06,0.03827217376818562,0.004889909858053709
2008-11-07,-0.04908446516227019,-0.0059336316379619
2008-11-10,0.014889122764655316,0.0019381020790021353
2008-11-11,0.02868015485554773,0.0036076629509416147
2008-11-12,0.04323208617342311,0.005181138792874407
2008-11-13,-0.08216813048395091,-0.009347902683658926
2008-11-14,0.07282770300970576,0.009221673405998665
2008-11-17,0.01155485992549779,0.001310088210993321
2008-11-18,-0.0003112214492909382,2.0452768387579923e-05
2008-11-19,0.07278624195660757,0.00846536037102985
2008-11-20,0.07167567949098042,0.008111711635636842
2008-11-21,-0.061338411647114816,-0.00549196595978374
2008-11-24,-0.045295367964752475,-0.004733594983510558
2008-11-25,0.0026342034501997402,0.0005164019163952371
2008-11-26,-0.033616650845015084,-0.0037320197547956457
2008-11-28,-0.003741270268282776,-0.00036549713110145543
2008-12-01,0.09276631403294841,0.008454225272107818
2008-12-02,-0.039683824334702994,-0.004261347866915677
2008-12-03,-0.01487853115801957,-0.0016809446846353104
2008-12-04,0.03636128060103,0.00423117939298745
2008-12-05,-0.0402233730513849,-0.004502302721047569
2008-12-08,-0.04709677669561291,-0.005491548805164892
2008-12-09,0.020971488109976816,0.0025645868833441554
2008-12-10,-0.022534111826953307,-0.0027928348577548334
2008-12-11,0.01968237725458527,0.0023934870507347217
2008-12-12,-0.0064624379424663425,-0.0007566135002465835
2008-12-15,0.006669190123369306,0.0007388868484992095
2008-12-16,-0.03611674498848322,-0.004522537492729017
2008-12-17,0.018002689572183234,0.0022324213786977243
2008-12-18,0.02433297298377124,0.003299192619929947
2008-12-19,0.000563401752617404,0.00013583648868786824
2008-12-22,0.01255237940320314,0.0015383199173872875
2008-12-23,0.013532789308825066,0.0018269538880577585
2008-12-24,-0.006690769956290227,-0.0008391404741490138
2008-12-26,-4.7968268567399885e-05,-4.3958369505325834e-05
2008-12-29,0.0019876289891081478,0.00020182986480010712
2008-12-30,-0.01809541912715351,-0.0022135024736434916
2008-12-31,-0.024704592802404307,-0.003247182003197957
2009-01-02,-0.06152221521133719,-0.006510714161023778
2009-01-05,-0.02554104233387275,-0.0032661612926276895
2009-01-06,-0.012589514300617693,-0.0016426521534823602
2009-01-07,0.05026327273680686,0.006762636005677614
2009-01-08,0.004798768325573022,0.0005663391885066815
2009-01-09,0.028462889651542284,0.0035107077406590914
2009-01-12,0.03232970990280781,0.003931640748322751
2009-01-13,-0.005231341284215041,-0.0005501345813962999
2009-01-14,0.03719691006118253,0.00440582484705665
2009-01-15,-0.0009998911307598224,-0.0001587265154489037
2009-01-16,-0.005456598501264981,-0.0007568359106180367
2009-01-20,0.06692611915021551,0.0075804304618620755
2009-01-21,-0.06745623857787136,-0.007221428948841924
2009-01-22,0.02241054843810017,0.002462736361529494
2009-01-23,-0.012501216140447802,-0.0012578908463516392
2009-01-26,-0.01030679650942723,-0.0011249535043738046
2009-01-27,0.015328266011870123,0.0017914092884545596
2009-01-28,-0.04520790094436766,-0.005230853831872051
2009-01-29,0.033057733896701746,0.003855697353544185
2009-01-30,0.01300798017826646,0.0015273234650989842
2009-02-02,0.02377868329355115,0.0021582316503998555
2009-02-03,-0.019124655302594135,-0.00291763715826987
2009-02-04,-0.0029570789093303906,-0.0004466830090283924
2009-02-05,-0.024652907459253165,-0.0037719441905400553
2009-02-06,-0.016777040281430677,-0.0027044823322769362
2009-02-09,0.006027029110192511,0.0009371325292975019
2009-02-10,0.05213249988545951,0.008281744106059863
2009-02-11,0.00391021198573685,0.00046338262000200636
2009-02-12,-0.002939219261890863,-0.00042292687236122894
2009-02-13,-0.00013859570664426224,-9.876818874154925e-05
2009-02-17,0.06988554712454062,0.010365224711937016
2009-02-18,0.0006585979474678649,-7.406430446821322e-05
2009-02-19,-0.023812014990522684,-0.003026062568938448
2009-02-20,0.022206081458102434,0.0032470783146125726
2009-02-23,0.024829257114549474,0.0033623794951547215
2009-02-24,-0.045406063790054796,-0.006076486376280554
2009-02-25,-0.017203548471653535,-0.002253205107685452
2009-02-26,-0.017701062773400222,-0.0024657053509709037
2009-02-27,0.007687390590386534,0.001087644720095371
2009-03-02,0.06784752980677583,0.011119281756365229
2009-03-03,-0.020197113269758232,-0.003972490363913339
2009-03-04,-0.06651567731280361,-0.013274803819077752
2009-03-05,0.053321093945757486,0.011159200180292483
2009-03-06,-0.026336065682367016,-0.005497590531352348
2009-03-09,-0.0002749846951968782,-0.00017996939496633946
2009-03-10,-0.04229740516184874,-0.008265622502044101
2009-03-11,0.03163895347196313,0.006758495622070759
2009-03-12,-0.03907716272577294,-0.008321531622502931
2009-03-13,0.0025394980253395094,0.0005979330856824561
2009-03-16,-0.02113121495839801,-0.00451949222526582
2009-03-17,-0.03286409058380105,-0.007312151490110663
2009-03-18,0.015805090403450517,0.002802502636672033
2009-03-19,-0.0024387749564765138,-0.0007425609212474704
2009-03-20,-0.0068063138306788395,-0.0014594203114245419
2009-03-23,-0.06463989650014357,-0.015138190813065555
2009-03-24,0.01796829850076581,0.004735382688233036
2009-03-25,-0.0018447616715573378,-0.0004617622128461063
2009-03-26,-0.020814745302211224,-0.005260616435873611
2009-03-27,0.03032852861177121,0.007829478002653989
2009-03-30,0.04979011947080281,0.012342259240230247
2009-03-31,-0.01745559415605849,-0.004047360713591686
2009-04-01,-0.0043187069096516095,-0.0002629551425068488
2009-04-02,-0.06849623208463748,-0.013316260048947703
2009-04-03,-0.020977339071703655,-0.004171292500767088
2009-04-06,0.0068258618290582,0.0015358919815864347
2009-04-07,0.03336319695558265,0.006784984054059917
2009-04-08,-0.007898135579802068,-0.0016067352530773071
2009-04-09,-0.038951607386253806,-0.007821303203917385
2009-04-13,0.012452446649193483,0.002462834794856761
2009-04-14,0.019071460367229537,0.003922243641268253
2009-04-15,-0.007119814174428779,-0.001507189187074598
2009-04-16,-0.010279487411230165,-0.0020724657175593686
2009-04-17,-0.0033622078484083773,-0.0005703783809404284
2009-04-20,0.06504034756169133,0.013240765760493156
2009-04-21,-0.01888833230226175,-0.003744469359686864
2009-04-22,0.004694446883875852,0.0010117702779079973
2009-04-23,-0.014106632712618916,-0.0027690084549077953
2009-04-24,-0.020246553664500955,-0.00392843060430903
2009-04-27,0.025457377661224606,0.005174712395838332
2009-04-28,-0.000797374300890108,-7.403705520081516e-05
2009-04-29,-0.03618972319653205,-0.007210470803821312
2009-04-30,-0.012816181468231908,-0.0026370432803927146
2009-05-01,-0.027663536386201004,-0.005437901657838751
2009-05-04,-0.033744747315245904,-0.006781353675152424
2009-05-05,0.010208872805338415,0.002154818811477721
2009-05-06,-0.02278612712301739,-0.004714306708389904
2009-05-07,-0.0009173778192312909,7.394056493215118e-05
2009-05-08,-0.029545553703754224,-0.006295817322144792
2009-05-11,0.02367098911586843,0.004962924394001922
2009-05-12,-0.003457546366205766,-0.0008053083609310674
2009-05-13,0.031639955086454535,0.006716461880624358
2009-05-14,-0.009545973040351374,-0.0020482585258784214
2009-05-15,0.021712046200768303,0.0047240792891580785
2009-05-18,-0.0531884414522833,-0.011010880338439555
2009-05-19,-0.004720027568478891,-0.0009922233963578497
2009-05-20,-0.004316251020956896,-0.0011705056128692437
2009-05-21,0.00873298336053338,0.002304849447981372
2009-05-22,-0.013343014245038615,-0.002789739275855796
2009-05-26,-0.018608395569364555,-0.00391483439165885
2009-05-27,-0.0056156940438567005,-0.0009698027682620847
2009-05-28,-0.01756115809517486,-0.004275007116531393
2009-05-29,-0.002528558177152418,-0.0012694648271049935
2009-06-01,-0.046724872625124286,-0.010718320476057475
2009-06-02,0.005841868822404034,0.0013212827950050965
2009-06-03,0.03127929095103704,0.007850022912348376
2009-06-04,-0.030533315885254847,-0.007406898713088639
2009-06-05,-0.010379556313571237,-0.002274132147474184
2009-06-08,0.0028221127746611563,0.0006373310434790724
2009-06-09,-0.005824788643683687,-0.0015654960006962204
2009-06-10,-0.015387705597837337,-0.003770331782123826
2009-06-11,-0.010709142557342205,-0.002803408410083863
2009-06-12,0.007907649812755269,0.0020884741371935966
2009-06-15,0.030468566300045186,0.007568568401252529
2009-06-16,0.019175576050876247,0.004374334072730024
2009-06-17,0.0012970078976856647,0.0001874431153505718
2009-06-18,-0.011471474224279576,-0.00270040534593885
2009-06-19,0.008978163145898527,0.0023681983337648926
2009-06-22,0.03779789777090237,0.00915420911724385
2009-06-23,-0.010842835468847456,-0.0026144192367560937
2009-06-24,-0.0062206159821191764,-0.0013369043073458986
2009-06-25,-0.012154111335750867,-0.002875743693864341
2009-06-26,0.007335978164039858,0.0018212266403263566
2009-06-29,-0.016080526413411678,-0.003932667724593664
2009-06-30,0.010442417058927733,0.0026423932478352175
2009-07-01,-0.0013688107660098088,-0.0006631824029694755
2009-07-02,0.028815399544160514,0.008958214657080799
2009-07-06,0.0228271295175492,0.006798662322940352
2009-07-07,0.02857428417371133,0.008407099277865093
2009-07-08,0.017670649180625497,0.0051741511710712285
2009-07-09,-0.01182771956693085,-0.00348831573006092
2009-07-10,0.015598808646537371,0.004548326539066672
2009-07-13,-0.0144881525590414,-0.004242275683894903
2009-07-14,-0.0025096875264874197,-0.0009520384305324869
2009-07-15,-0.033890524466956395,-0.009666272596558945
2009-07-16,0.0045653776747093255,0.0013973430842912915
2009-07-17,-0.017256507599654414,-0.005030828468629012
2009-07-20,-0.011323214791910508,-0.0032723172536915923
2009-07-21,0.011657252264339557,0.0035768225631953587
2009-07-22,-0.0014174538258813485,-0.0004979405191122277
2009-07-23,-0.03369274598634173,-0.01020069394429246
2009-07-24,0.0010171016270844602,0.00032159581420887484
2009-07-27,-0.007774953698814285,-0.0024003543079043066
2009-07-28,0.0064387514834647885,0.0019424646365142628
2009-07-29,0.02573270627923871,0.007651805707097781
2009-07-30,-0.03028303799358384,-0.00871317093957702
2009-07-31,-0.007562941090328679,-0.002189589532550218
2009-08-03,-0.036983328308642954,-0.011740903489447563
2009-08-04,0.00023078805860760054,9.10271181575606e-05
2009-08-05,-0.004809709065399154,-0.001532166774014021
2009-08-06,0.010683779572062652,0.0035456394791535395
2009-08-07,-0.0066884100201495544,-0.0020418182643592298
2009-08-10,0.0031949502508192007,0.0010015064834154597
2009-08-11,0.01592845835308543,0.005210186859541555
2009-08-12,-0.0145560888346348,-0.004755786668356077
2009-08-13,0.0017771459349245067,0.00040341384112130285
2009-08-14,0.027588473075802977,0.009179179214376276
2009-08-17,0.022847141931843035,0.007476024721930763
2009-08-18,-0.023690831041956906,-0.0074845024483513045
2009-08-19,-0.006192067775292798,-0.0020972459992331105
2009-08-20,0.008678488190345779,0.0027599159878266555
2009-08-21,-0.0170353785990153,-0.005674019358969384
2009-08-24,-0.001092857129226632,-0.0003581714202758324
2009-08-25,0.011190847423732275,0.0036568577976325845
2009-08-26,0.0028849099079122087,0.000981968434436542
2009-08-27,-0.008294351436105435,-0.0027640672301347813
2009-08-28,0.0019997775324966383,0.0006406604071322874
2009-08-31,0.019371265861455517,0.006404619613095797
2009-09-01,0.021122287005492457,0.008783322923152204
2009-09-02,0.016209729858982752,0.006307577262354425
2009-09-03,0.0013163696604595043,0.0005146419958022008
2009-09-04,0.0005946267522990156,9.606134639184027e-05
2009-09-08,-0.019479460797815484,-0.007359258638789168
2009-09-09,-0.004126643858380047,-0.0016186996898784889
2009-09-10,-0.0033563877224055405,-0.0012100485125848826
2009-09-11,0.02358732403848604,0.00937131336940955
2009-09-14,-0.007662404030437858,-0.0030300809209469204
2009-09-15,-0.020229954001263095,-0.007640087642025728
2009-09-16,-0.009837635227832736,-0.0038718996411063467
2009-09-17,0.006469398865934756,0.0024563669157626755
2009-09-18,0.0029312594913936396,0.0010764385765189566
2009-09-21,0.013542240558735319,0.005361043139926691
2009-09-22,-0.009899204686951157,-0.0036957555603827075
2009-09-23,0.02034390536287123,0.00802266219086234
2009-09-24,0.01307240316256697,0.00491485436383865
2009-09-25,0.008002364011243213,0.003127506647152778
2009-09-28,-0.010829321286336124,-0.004008439203468939
2009-09-29,0.0015164584073359133,0.0005455298051482149
2009-09-30,-0.017433035241892214,-0.006248661888593077
2009-10-01,-0.015215771518885144,-0.005162345757257603
2009-10-02,0.006414613787864815,0.004472108683409637
2009-10-05,0.004097093990139522,0.002718483503831859
2009-10-06,0.019752095359611338,0.013767246070687467
2009-10-07,0.0054145283058427696,0.003820598222681104
2009-10-08,-0.002687425963075779,-0.001647276474551873
2009-10-09,-0.0009273573683368785,-0.0007870104239998676
2009-10-12,-0.015974934223779463,-0.010860238440683845
2009-10-13,-0.009716677722010014,-0.00694681314069634
2009-10-14,0.00851320778537526,0.006085473578139711
2009-10-15,-0.032012612237472315,-0.023273261911555543
2009-10-16,-0.005901355149569326,-0.004539763702758659
2009-10-19,0.0023899460078602996,0.0016013394243905577
2009-10-20,-0.000857470269660765,-0.0005850864834641145
2009-10-21,-0.020646115113787528,-0.015732262701238953
2009-10-22,-0.0006556485961761449,-0.0006136503515969949
2009-10-23,0.007004827864601104,0.005682484727634218
2009-10-26,-0.00018551118585397042,0.0002603881139127129
2009-10-27,-0.01268560047125758,-0.00954834663829418
2009-10-28,-0.00466582658849618,-0.0026150199060500645
2009-10-29,-0.0032518079717799575,-0.003792548621417091
2009-10-30,0.002926284078518193,0.0033769217163859278
2009-11-02,-0.004014262871440855,-0.003222783842228849
2009-11-03,0.009815741447403159,0.005533907436648278
2009-11-04,0.005379864370545606,0.0031156435691983564
2009-11-05,0.015409907403733214,0.008892155800859891
2009-11-06,0.016897712601800757,0.00975313428492175
2009-11-09,0.006118077055348281,0.0038038337022245905
2009-11-10,0.0005120944855967202,0.00013875624945147713
2009-11-11,0.008255847208619299,0.004919086837427589
2009-11-12,-0.0024108416419571232,-0.00177861295504822
2009-11-13,0.012395636274695476,0.007233556497123539
2009-11-16,0.003926559563283749,0.0030581573944490348
2009-11-17,-0.0015467694547211808,-0.0007829407688847434
2009-11-18,-0.0018082140663494561,-0.0010679174459963248
2009-11-19,0.004310074997474961,0.0022169115692354247
2009-11-20,0.0034203437551229843,0.0018470578260794124
2009-11-23,0.009622495688077715,0.005741114768998079
2009-11-24,0.008721307511959875,0.0047390275326884
2009-11-25,-0.006356856724242299,-0.0028171777285647126
2009-11-27,-0.01223143180055955,-0.00802307051453488
2009-11-30,-0.0005844923223888576,-1.9905392626307084e-05
2009-12-01,0.023115185960992907,0.009559952619576428
2009-12-02,0.010156880669058926,0.00564106459185032
2009-12-03,-0.001468644410988429,-0.0010265751209963536
2009-12-04,0.0041767283234305785,0.002385661152681795
2009-12-07,-0.0025338754119031415,-0.0015042190092755536
2009-12-08,-0.012326980005642252,-0.00683175205839559
2009-12-09,0.012987097632742584,0.007051044235192094
2009-12-10,0.00867243694470693,0.00470623064546416
2009-12-11,-0.0016197508628506274,-0.0008425619833715148
2009-12-14,0.007242509278098663,0.003917653960496148
2009-12-15,-0.005999375095584986,-0.003304541775849601
2009-12-16,-0.0009823594389681,-0.0004164308133837169
2009-12-17,-0.024228724341483127,-0.013093339175763608
2009-12-18,0.0069253469012057756,0.0038500401442072008
2009-12-21,0.01222573609853489,0.006682860582899686
2009-12-22,0.0028060183641789305,0.0017362594547387644
2009-12-23,-0.0032946043028692362,-0.0014700937725949936
2009-12-24,0.010159174497739537,0.005378963439486517
2009-12-28,-0.0034029831329562277,-0.001787424336221033
2009-12-29,-0.009148214912623964,-0.00471792389925163
2009-12-30,-0.007061207076425963,-0.0034154176047060947
2009-12-31,-0.000815664569830149,-0.0006090080321730085
2010-01-04,0.02158158800382584,0.00797654801337333
2010-01-05,-0.0011274937233130833,-0.0005421043603088815
2010-01-06,0.013036715874228721,0.006531888258414664
2010-01-07,0.0012736416568334685,0.000588234659881337
2010-01-08,0.006444920298634249,0.0032209507206650834
2010-01-11,0.0035031773389754273,0.0017344190868111564
2010-01-12,-0.021107563126136625,-0.010506836087167626
2010-01-13,0.013550995120679088,0.0068504263060718
2010-01-14,-0.0020115021112944997,-0.0010630739454585703
2010-01-15,-0.012890121037471974,-0.006493805666758834
2010-01-19,0.016367957412566664,0.0081427300717416
2010-01-20,-0.0291058898789745,-0.014749052726202527
2010-01-21,-0.025240791007981433,-0.012478238252475848
2010-01-22,-0.018370002419564713,-0.008926220938336615
2010-01-25,0.008560743643579866,0.004210226670520845
2010-01-26,-0.010968138831127933,-0.005403076542738083
2010-01-27,0.0015997498334680005,0.0007860086227993168
2010-01-28,-0.015812375899152548,-0.007555305762021125
2010-01-29,-0.008032171322751358,-0.0039193043566991825
2010-02-01,0.0254828425381326,0.011148345634520718
2010-02-02,0.0025109942181162914,0.0011288757792680126
2010-02-03,0.0018390006033694728,0.000719193807491525
2010-02-04,-0.05494548189136181,-0.025529431058533447
2010-02-05,-0.0005636200364609878,-0.00017159298494762165
2010-02-08,-0.015439765159607932,-0.007089675819417662
2010-02-09,0.029088030230650874,0.013190744061844839
2010-02-10,-0.00351501089548234,-0.0016355566442958214
2010-02-11,0.020135116391613167,0.009183027944064115
2010-02-12,-0.006600615210193256,-0.0030048322319744525
2010-02-16,0.01924577624024712,0.008748989276233576
2010-02-17,0.01228919231119635,0.005703204775945769
2010-02-18,0.007230174532899619,0.0033201300193936856
2010-02-19,-0.004438964207767848,-0.0020391806999955353
2010-02-22,0.0013425322707745768,0.0006144545545012647
2010-02-23,-0.02230853341369768,-0.010224720833479806
2010-02-24,0.003865184853980713,0.0017764840325871223
2010-02-25,-0.004479635931517595,-0.0019963690896888098
2010-02-26,0.005277550818450216,0.002463440926612215
2010-03-01,0.015505140266913076,0.008016947050730971
2010-03-02,0.005278806613682185,0.0024385868571712432
2010-03-03,0.003656196776555709,0.0016612088728336083
2010-03-04,0.00146055194073072,0.0006935056521355509
2010-03-05,0.02637216213279156,0.012223062171831334
2010-03-08,0.0032509544118597966,0.0014673315242461626
2010-03-09,0.0039767901722833066,0.0018742051198039622
2010-03-10,0.00944156097158838,0.004366248840383946
2010-03-11,0.0031737901721840545,0.0014879926063209314
2010-03-12,-0.0026794487708650117,-0.0011729909898970936
2010-03-15,-0.002410806303336732,-0.0012011871871815405
2010-03-16,0.0056657577320042285,0.0027803826381600505
2010-03-17,0.0027842198602334722,0.0014214717745315575
2010-03-18,-0.0028467239804802202,-0.0013363516901181427
2010-03-19,-0.006746876384192191,-0.003274841453205113
2010-03-22,0.003963027603851782,0.001945592935013396
2010-03-23,0.012702259686328293,0.005856694682679686
2010-03-24,0.0015544406942145927,0.0003377489497333741
2010-03-25,0.005321978128572241,0.0022359824435522757
2010-03-26,0.002486399470104539,0.0011740686272074807
2010-03-29,0.0063651726606189785,0.0030908621559635474
2010-03-30,0.00020993542784064623,0.00017805264662729137
2010-03-31,0.0022043721151198126,0.0008823654472540632
2010-04-01,0.009639890610062068,0.004984965245929285
2010-04-05,0.015296899676970482,0.008647770305378666
2010-04-06,0.0017254410782646112,0.0009715384104396207
2010-04-07,-0.00926025156801677,-0.005208823845963884
2010-04-08,0.001932734824416027,0.0010860038152553653
2010-04-09,0.0025812231321562518,0.0014778667088952702
2010-04-12,-0.004112756001661638,-0.0023357178986851412
2010-04-13,-0.000534737796691942,-0.00030981775929694866
2010-04-14,0.012254815662044088,0.006992405618016173
2010-04-15,-6.978376491634242e-06,-1.2248648031953913e-05
2010-04-16,-0.020030429800647648,-0.01148240641392817
2010-04-19,0.0016179011413073596,0.0009222287521009065
2010-04-20,0.007183133568674754,0.004055574269547835
2010-04-21,-0.004087753104198205,-0.00232256399731956
2010-04-22,0.004242610394602941,0.002423206444651438
2010-04-23,0.006523782613857415,0.0037176801578973073
2010-04-26,-0.0028086709630594786,-0.0016256816161923648
2010-04-27,-0.02908197777990712,-0.01661238109365959
2010-04-28,0.008066340561659446,0.004614913364216822
2010-04-29,0.010931004130752764,0.006131609244232061
2010-04-30,-0.020551332214575446,-0.011760782964213345
2010-05-03,0.009916536965177719,0.006822816554501676
2010-05-04,-0.040949540585641736,-0.02192012983477909
2010-05-05,-0.01754820503481605,-0.009136514306188781
2010-05-06,-0.04011286755302235,-0.021104528059143868
2010-05-07,-0.007219513739139094,-0.0034303560221400353
2010-05-10,0.057045499964320706,0.02973942672117902
2010-05-11,-0.008238659093870782,-0.00433876653512022
2010-05-12,0.012961135534481777,0.0069214591967534655
2010-05-13,-0.012380104621076388,-0.0063612032872898405
2010-05-14,-0.025036382056678602,-0.012837942608783015
2010-05-17,-0.002445333543306283,-0.000859099624763382
2010-05-18,-0.021318068787381794,-0.011084968328959888
2010-05-19,-0.009107129479596493,-0.0049294378001637496
2010-05-20,-0.047977256307262406,-0.024860818476348245
2010-05-21,0.012705822734980221,0.006392373807939222
2010-05-24,-0.004577059139793949,-0.0021181899032203244
2010-05-25,-0.006052251741675424,-0.0030789422821586587
2010-05-26,0.0025201360378759863,0.0010506591501779905
2010-05-27,0.05389268671791922,0.027212542357034186
2010-05-28,-0.008670198388815414,-0.00451613901034742
2010-06-01,-0.014196837069855249,-0.008642915342849222
2010-06-02,0.023202644082274487,0.012388801345537326
2010-06-03,0.0027787943559752226,0.0014983652422964067
2010-06-04,-0.0189812484355531,-0.010525086795071581
2010-06-07,-0.005514903706255236,-0.002913565125687856
2010-06-08,0.005465960433586103,0.0029868474339564965
2010-06-09,-0.007717396176205954,-0.004071093608653431
2010-06-10,0.015730787017193132,0.008283878844956405
2010-06-11,0.005427016107646593,0.0028229400168813257
2010-06-14,-0.009001345909632169,-0.004760301047012194
2010-06-15,0.017336572115501298,0.009334770070613674
2010-06-16,-0.0003474290990262696,-0.0002692427434473066
2010-06-17,-0.00047541917625279484,-0.0004016197172697078
2010-06-18,0.00301288974887598,0.0016942886245618904
2010-06-21,-0.0012048647079095365,-0.0005610683672804262
2010-06-22,-0.011467089879872466,-0.00649556684791841
2010-06-23,-0.0062546008992244995,-0.003501983332957148
2010-06-24,-0.012271182138238496,-0.006585513240357277
2010-06-25,0.0033307619497783547,0.0017721691129382044
2010-06-28,-0.006341814688559738,-0.0036645802615374867
2010-06-29,-0.022659489287223444,-0.012413202896674136
2010-06-30,-0.011184189090920282,-0.005909255004222791
2010-07-01,-0.02692898662879112,-0.018524293298867067
2010-07-02,0.0033281823125373144,0.002034027058661625
2010-07-06,-0.0009582991076853009,-0.000344061266911333
2010-07-07,0.007227796981770673,0.0025006503942026637
2010-07-08,-0.0045615109443452595,-0.0015772581081254788
2010-07-09,0.010919043272281631,0.0038011785641813844
2010-07-12,0.0033863580527796755,0.0012248964149290664
2010-07-13,-0.0018373109682060518,-0.0005869929392977591
2010-07-14,-0.0013068702629056572,-0.00043159004839066206
2010-07-15,-0.010203661520400087,-0.0035591249934892044
2010-07-16,-0.016878640777978737,-0.00609961152132521
2010-07-19,3.8926850558201886e-05,8.766756439726464e-05
2010-07-20,0.007913522189709754,0.002791535726543337
2010-07-21,-0.0007362540957050745,-0.00027905273181394463
2010-07-22,0.00564169555007582,0.0019336893282824175
2010-07-23,-0.002090104354806527,-0.0006565174160697573
2010-07-26,0.0037789846758390644,0.0014407038341286427
2010-07-27,-0.008023133949191436,-0.002661513679049876
2010-07-28,-0.006087855517972807,-0.0022133191364384075
2010-07-29,-0.01007895754944338,-0.003737190667868817
2010-07-30,0.001272068316170244,0.00025361399950929453
2010-08-02,-0.005064296083163832,8.034371767462467e-05
2010-08-03,0.0013606083494218102,0.00044622936769744825
2010-08-04,-0.004710587092017354,-0.0016558739632562824
2010-08-05,0.004242871754645133,0.001490730325186318
2010-08-06,0.009255840363051326,0.0032454504196910428
2010-08-09,-0.002084089965894209,-0.0006735295204947089
2010-08-10,0.0049202036116448855,0.0016602072644453791
2010-08-11,0.005742948188152214,0.0018187552446955468
2010-08-12,0.0028641800884983137,0.000836737840240076
2010-08-13,0.003188917404828573,0.0010553809371212086
2010-08-16,0.01130553293662992,0.003912089388698137
2010-08-17,-0.0014746611271602983,-0.0004138711486754154
2010-08-18,0.0022767840416913487,0.0007755349747748941
2010-08-19,0.0016358200031182657,0.00043522642149307345
2010-08-20,-0.0011682071613106915,-0.0004694877667346109
2010-08-23,-0.001170188214502238,-0.0005334145004699531
2010-08-24,0.014991942081960002,0.005244352988140744
2010-08-25,0.012414884215949246,0.004403925647259221
2010-08-26,-0.00900974247917441,-0.0030335731580383163
2010-08-27,-0.008750347703559258,-0.003061308834724108
2010-08-30,0.003108888023865719,0.0010573458170697325
2010-08-31,0.015472289460889355,0.005436950851404276
2010-09-01,-0.0007658728483780899,-0.0022644687382472606
2010-09-02,0.0038774910198332846,0.0016012675783898533
2010-09-03,0.003488160391334233,0.0015297089732713154
2010-09-07,0.004229621881380929,0.001697832815945377
2010-09-08,0.0031048302886774737,0.0013561677141920025
2010-09-09,-0.0016053307633866754,-0.0006727268404745912
2010-09-10,-0.0011350979004631778,-0.00046062932558321723
2010-09-13,0.0021783341979086934,0.0010349724310154684
2010-09-14,0.005448777660165605,0.0023187231862620283
2010-09-15,0.006654712477649705,0.0029142593988726873
2010-09-16,0.00467832679766314,0.0020090176221219114
2010-09-17,0.0005469298863612915,0.0001877766639621914
2010-09-20,0.007103365675175027,0.00320392479310172
2010-09-21,0.006064444560806015,0.0026124802940601377
2010-09-22,-0.0023630646428756397,-0.0009914302449329782
2010-09-23,-0.00018037184450642174,-0.00010023310045315093
2010-09-24,-0.0015136897300931929,-0.00029164125302816313
2010-09-27,-0.0017120138772118987,-0.000810847201209941
2010-09-28,0.007943259300794231,0.003493389197185559
2010-09-29,-0.002032850594552077,-0.0007671969474202234
2010-09-30,-0.005218286386739185,-0.002286162001829295
2010-10-01,-0.009420845466253184,0.0009247285022684348
2010-10-04,0.0045576065503943886,0.0012776013273561038
2010-10-05,-0.0011414298601860329,-0.00030023077317997693
2010-10-06,0.005068545215263759,0.0014579375583056997
2010-10-07,-0.004574540606375743,-0.0013854070545756825
2010-10-08,0.0013424408465107784,0.00042289208709411774
2010-10-11,0.008406542896133767,0.0024129883879804304
2010-10-12,-0.0025936877342208897,-0.000730711087971736
2010-10-13,0.002110769823895714,0.000718938434580707
2010-10-14,-0.0027114514345784047,-0.0006165279772960552
2010-10-15,-0.002504295156582459,-0.0007727736433065235
2010-10-18,0.0008580072606533817,0.00028331342615062205
2010-10-19,0.008168496637123435,0.001975635382160279
2010-10-20,-0.009829196199911683,-0.0026395531784204618
2010-10-21,-0.0065859061990778955,-0.002031297444404001
2010-10-22,-0.000886047512412419,-0.00023150492928936117
2010-10-25,0.003517034582075751,0.0010388428344954015
2010-10-26,-0.0023466220461048626,-0.0005730274928221757
2010-10-27,-0.0015223284589778174,-0.0004488405426540387
2010-10-28,0.001889423454370709,0.0005955477979056045
2010-10-29,0.01441054584446766,0.0042390194746051435
2010-11-01,-0.00664516408809143,-0.0008651733595452793
2010-11-02,0.0016041162833091704,0.0008804995003570681
2010-11-03,-0.006919764998564448,-0.0037917666873131806
2010-11-04,0.01597645768004563,0.00871200884200296
2010-11-05,0.008166762987779325,0.004604370564582183
2010-11-08,0.014065733703191585,0.0080332109511847
2010-11-09,-0.007826017205056074,-0.0048380197407543735
2010-11-10,4.513264040972853e-05,0.00017111112311196663
2010-11-11,0.005900342050106838,0.0033889194184315574
2010-11-12,-0.013441928646866136,-0.008007542680345092
2010-11-15,-0.0061940598054625595,-0.003552781161666796
2010-11-16,0.0051904724966463645,0.002805380589873785
2010-11-17,0.00793643037389083,0.004208274227109676
2010-11-18,0.010008847962443446,0.005804390773937573
2010-11-19,0.009591727233695446,0.005263241384937611
2010-11-22,0.009780785231970207,0.005423288843669383
2010-11-23,-0.004159161549288609,-0.0024812046940484445
2010-11-24,-0.0007416617669527281,-0.0002857841429597663
2010-11-26,-0.013678744356671907,-0.007770040261145472
2010-11-29,0.0033399805623789136,0.0018519814594739614
2010-11-30,0.017315592803025748,0.009674570726473375
2010-12-01,-0.003837738222002701,-0.0015190552646791033
2010-12-02,0.0009450547316463276,0.0003373314855497078
2010-12-03,-5.660028544041129e-05,-0.0002459389337816642
2010-12-06,0.012732606900633797,0.006096940830640607
2010-12-07,-0.013357002325241646,-0.006440187122531471
2010-12-08,-0.010543251320786429,-0.004942882298164086
2010-12-09,0.0052770603324460985,0.0024656255461228405
2010-12-10,0.004186960617887536,0.0019913649224732044
2010-12-13,0.0019328307619437823,0.0007135542003264828
2010-12-14,0.002624247527378276,0.001234818090821932
2010-12-15,-0.007306152628040269,-0.003375539156231011
2010-12-16,0.0032401856069934065,0.0015520464123155442
2010-12-17,0.004026637461492705,0.0018841767993578173
2010-12-20,2.4461045437851325e-05,2.432243413341695e-07
2010-12-21,0.0030889202473009802,0.0013980622388924946
2010-12-22,-0.002720500523242436,-0.0013482146106236215
2010-12-23,-0.005667996533812392,-0.002720710856149111
2010-12-27,0.0017713856005346917,0.0008277244395824557
2010-12-28,0.009239289547829987,0.004276021096156102
2010-12-29,0.004170944851000807,0.001982709917244474
2010-12-30,0.006066643808377459,0.002909586841193912
2010-12-31,-0.008388951898635727,-0.0039817303110762925
2011-01-03,-1.2428390860823833e-05,0.001320018159765679
2011-01-04,-0.006752384502720643,-0.0026479488563021514
2011-01-05,-0.003262717997428305,-0.0011937019016070582
2011-01-06,0.011016951805858155,0.004343450007418648
2011-01-07,9.346013721453494e-05,7.65652173690956e-05
2011-01-10,0.00016964714453521212,6.71407431611648e-05
2011-01-11,-0.0012333906571662667,-0.000578698438287506
2011-01-12,-0.008497464881004946,-0.0033152308603430214
2011-01-13,-0.013057121601905614,-0.004996994529440357
2011-01-14,-0.008144182524418814,-0.0031266580556248424
2011-01-18,0.0034657712996796763,0.0012106675956831126
2011-01-19,-0.001654527400525685,-0.0007055350168194696
2011-01-20,-0.009612436146840597,-0.003506010430663342
2011-01-21,-0.006889975797533393,-0.002806499704334664
2011-01-24,-0.0014073198476576565,-0.0004130647598471482
2011-01-25,0.007015079026126275,0.002817242328781333
2011-01-26,0.0011975313090758777,0.00019491253092773775
2011-01-27,-0.005076310227895731,-0.0018128630888581965
2011-01-28,0.0065688006902744345,0.0023762094980599446
2011-01-31,-0.012779776864732362,-0.005053512741547195
2011-02-01,0.008787217356706152,0.00037483194503873385
2011-02-02,0.0004772592024533395,0.00013074559051662327
2011-02-03,0.01282251052854036,0.0036325057178003828
2011-02-04,0.006594101893912491,0.0018615553051763989
2011-02-07,0.002869129674700266,0.0008363926754448858
2011-02-08,0.016532197501855667,0.004764317710219901
2011-02-09,-0.004955930747978565,-0.0013964971365055812
2011-02-10,0.007458546490724166,0.002079677378081124
2011-02-11,-0.004842035452951365,-0.0013732101908653371
2011-02-14,0.008694717259442541,0.0025531739219359917
2011-02-15,-0.004056702502541365,-0.0011400806588612866
2011-02-16,0.003089677007645758,0.0008842389452405897
2011-02-17,0.011862103777633609,0.003569767696046222
2011-02-18,0.0022801948513442305,0.0008232556048402007
2011-02-22,-0.011111266784182672,-0.0030366048291997627
2011-02-23,0.0012108894219891309,0.0005188658174168914
2011-02-24,-0.0162143319792655,-0.005173052358424912
2011-02-25,0.02013787724637317,0.006082057907949245
2011-02-28,0.003854167740653891,0.0012986924465308025
2011-03-01,-0.012787907481532468,-0.003996182623034583
2011-03-02,0.002361937221331517,0.0008120245266685089
2011-03-03,0.01315577170318849,0.004939812220896123
2011-03-04,-0.001987022852261461,-0.0008774313095926134
2011-03-07,-0.0005559560940119057,-0.00020218135785143865
2011-03-08,0.007919579486799638,0.0029714487777046106
2011-03-09,-0.0038713475828899835,-0.0013842647439038513
2011-03-10,-0.019921136977711945,-0.007548398992527905
2011-03-11,0.010755478265407376,0.0041760707433060595
2011-03-14,-0.006352176852172625,-0.0023865155980292707
2011-03-15,-0.02193819617271564,-0.008160620618240078
2011-03-16,-0.014391486213443466,-0.00539202254604898
2011-03-17,0.0073107792817193595,0.0024304523352416396
2011-03-18,0.000985283629956507,0.0003100654104095657
2011-03-21,0.01720198719535554,0.006449912149179005
2011-03-22,-0.004067737406453303,-0.0015923336816610068
2011-03-23,0.011874179133702922,0.004661034948489906
2011-03-24,0.010468581056240767,0.0038063395789362797
2011-03-25,0.006814767928539106,0.002584398957759415
2011-03-28,-0.0024975886991451812,-0.0008637290746552617
2011-03-29,0.004007363467409486,0.0014630320723771906
2011-03-30,0.0035469375815657123,0.0014686664948648787
2011-03-31,0.0029085456528703812,0.000997233976115952
2011-04-01,-0.005534138003959548,0.00022380275792932558
2011-04-04,0.00879926654831023,0.0034494855483313547
2011-04-05,0.008769418999151235,0.003553201882670942
2011-04-06,0.0010397628760790145,0.0004309285808450358
2011-04-07,-0.001165106803289656,-0.0005186765467415366
2011-04-08,0.007519229307616254,0.002949605027107838
2011-04-11,-0.0027363538355237305,-0.000946651203384663
2011-04-12,-0.005851799882245851,-0.0019701231696712673
2011-04-13,0.0030235660283533528,0.0012359254381344442
2011-04-14,0.009021230570211508,0.003894816756852215
2011-04-15,0.003519691966991728,0.0016571004477408113
2011-04-18,0.012228785448090168,0.005073801453560733
2011-04-19,0.0019371199559278796,0.0009754893622300198
2011-04-20,0.0011542275734212626,0.0008609279773548195
2011-04-21,0.0064659866326448046,0.00321623184887887
2011-04-25,-0.0006943993228384349,-0.0040686988954717895
2011-04-26,-0.014488262590579504,-0.011301365850452716
2011-04-27,0.017330278887252443,0.013036560837040412
2011-04-28,-0.0036456567725415556,-0.002856708721877488
2011-04-29,0.004188338537543662,0.0032624278222426195
2011-05-02,-0.027363575838800475,-0.021698790927216383
2011-05-03,-0.012508490134474498,-0.008714595136584014
2011-05-04,-0.023424387136490005,-0.016128372186617557
2011-05-05,-0.038606936925693724,-0.02560208343503434
2011-05-06,0.01185464888652979,0.007605238329907893
2011-05-09,0.02194100194423096,0.013850937679438013
2011-05-10,0.010242334789688307,0.0070818675398822695
2011-05-11,-0.027928255855834083,-0.018444585068477348
2011-05-12,-0.003685505205389933,-0.0015486456112396851
2011-05-13,0.0017156005143939834,-6.049075732583731e-05
2011-05-16,-0.011947519057109612,-0.00743177252816174
2011-05-17,0.0003308914628273041,-0.0002807060209721879
2011-05-18,0.019840128938712676,0.01351182835962339
2011-05-19,-0.003162419861274468,-0.0024592331720194593
2011-05-20,6.963066621476499e-05,0.00018522699812195675
2011-05-23,0.0012179486512282067,0.0004468470234351152
2011-05-24,0.007812755542337041,0.004329434522334141
2011-05-25,0.011907035693719342,0.007736371728845004
2011-05-26,-0.00409892371616824,-0.0029825506756387954
2011-05-27,0.0057903191843206026,0.003790423429209655
2011-05-31,-0.0011053650702972373,-0.0009120739799635125
2011-06-01,-0.03134447269343735,-0.01297140344715575
2011-06-02,0.009783476971198551,0.00372077981331409
2011-06-03,-0.0026423230645412077,-0.0010015697554007774
2011-06-06,-0.0057071422494518464,-0.0022156890828393117
2011-06-07,0.005733507808239224,0.0020882599610687613
2011-06-08,-0.0010452850545736303,-0.0003764982740972478
2011-06-09,0.014179637981732746,0.005286878222407143
2011-06-10,-0.020609542378513923,-0.007691160826299948
2011-06-13,-0.012126827100016085,-0.004411430554561946
2011-06-14,0.018217495316148025,0.006650899218175743
2011-06-15,-0.019364227014999458,-0.007254985005679004
2011-06-16,-0.007196319824909675,-0.002679020266620924
2011-06-17,0.003135637901834354,0.001092301014706587
2011-06-20,0.000886824953127141,0.000334104842398375
2011-06-21,0.012306777989426032,0.004506404736857927
2011-06-22,-0.0023837153253288557,-0.0009175685748723517
2011-06-23,-0.017272692706875897,-0.006337526121344861
2011-06-24,-0.014585786680112345,-0.005267795345813897
2011-06-27,0.0008950492149689127,0.000521446763283473
2011-06-28,0.019776061487710772,0.007238265416469103
2011-06-29,0.0189790322856164,0.006750609995014978
2011-06-30,-0.00596154560796891,-0.0022243053038008
2011-07-01,0.0022986169581674936,0.0009190220877146604
2011-07-05,0.018697632830462052,0.007267656899878627
2011-07-06,0.0014272666863004435,0.0006845301563980222
2011-07-07,0.017505252114094372,0.0067077552603733714
2011-07-08,-0.00897056549325842,-0.003238854243961198
2011-07-11,-0.017698257869272593,-0.007075188715409575
2011-07-12,9.320081143932013e-06,1.3759908907617913e-05
2011-07-13,0.017659306475949432,0.007325173089475445
2011-07-14,-0.0008899983870412076,-0.00032268379027333705
2011-07-15,0.008577547357452059,0.003644356409073346
2011-07-18,0.007575417904500892,0.003407088531561353
2011-07-19,-0.007025895017444356,-0.0033276535901014537
2011-07-20,0.008475751365170148,0.003690413056713915
2011-07-21,-0.005542311568456748,-0.0024872913320094225
2011-07-22,0.00839997763773237,0.0036140881386508283
2011-07-25,0.0009031730319219722,0.00042622002095438205
2011-07-26,0.002382416311192459,0.0012401328386544286
2011-07-27,-0.011326256343978935,-0.004886068471616101
2011-07-28,-0.006930423106462191,-0.0028300409224496503
2011-07-29,-0.015860679146302514,-0.005948756471671923
2011-08-01,-0.003423725891682521,0.002237783876312349
2011-08-02,0.01349913053961857,0.0074843833674986815
2011-08-03,0.0007500246202025163,0.0004185897487938295
2011-08-04,-0.028683070105578523,-0.017389515136117417
2011-08-05,0.008870197355942189,0.005545585234359773
2011-08-08,0.0036537690321745975,0.0010512897115273478
2011-08-09,-0.006009989890976619,-0.0034563886644317643
2011-08-10,0.012593095903851631,0.0067585824805962424
2011-08-11,0.005393773770887539,0.004435214861602477
2011-08-12,-0.0055864491913746595,-0.0034655989231230366
2011-08-15,0.006055001300718427,0.004115828455683479
2011-08-16,0.003706853172978808,0.001878307991566519
2011-08-17,-0.001594972811140516,-0.001078953012892292
2011-08-18,0.008160132102111167,0.003585153434526589
2011-08-19,0.018286782858003114,0.010710935565574564
2011-08-22,0.010668012665218829,0.007186734158525221
2011-08-23,-0.016077803749765834,-0.009780508921917175
2011-08-24,-0.011270151516185545,-0.00688507466797883
2011-08-25,0.008012913310705166,0.0043253912756842094
2011-08-26,0.011423240237304677,0.006747533868925792
2011-08-29,-0.008628236659163596,-0.004524335931848422
2011-08-30,0.006804593358958111,0.004186958967071108
2011-08-31,0.004129636291491767,0.0024362762981848807
2011-09-01,-0.010110979501902734,-0.007034542125336718
2011-09-02,-0.00031543995138874625,-0.00024698867842931627
2011-09-06,-0.003922757978014502,-0.00206222525103561
2011-09-07,0.0018557465758314573,0.0008809865345573709
2011-09-08,0.005470942668955425,0.00267692019126331
2011-09-09,-0.017802133146693988,-0.00921215728318614
2011-09-12,-0.01135671999403115,-0.005953152030181319
2011-09-13,0.01400845759802527,0.007220665585861763
2011-09-14,-0.004084246191387975,-0.002182842671926588
2011-09-15,0.0011107788072996783,0.0007471244770342889
2011-09-16,0.005669928903291821,0.0027576282206147607
2011-09-19,-0.018895599254596218,-0.009726753267317756
2011-09-20,0.0008930716222590451,0.00030998633115508767
2011-09-21,-0.01790937834315129,-0.009478944322887872
2011-09-22,-0.05752278884900108,-0.029827075156425242
2011-09-23,-0.04526682800161769,-0.020098116005881628
2011-09-26,0.002032517512559423,0.000497079768568387
2011-09-27,0.028816901069870088,0.006327363106044093
2011-09-28,-0.03556070140023623,-0.007995952474353252
2011-09-29,0.010040724131913509,0.0020531606534617275
2011-09-30,-0.029504632151635735,-0.006569072573110568
2011-10-03,0.025675558418072175,0.0022527412734514307
2011-10-04,-0.016999682908887398,-0.0024784160026004587
2011-10-05,-0.004183596641222087,-0.00063593697457065
2011-10-06,-0.003453800600847351,-0.0005915918545948973
2011-10-07,-0.010066970393734803,-0.0015220866912268871
2011-10-10,-0.009772798188928067,-0.001625706786331671
2011-10-11,0.007435423726610324,0.0011640361580596004
2011-10-12,-0.007265201475069344,-0.0011765314669220928
2011-10-13,-0.0006580620985758567,-7.511353417499755e-05
2011-10-14,-0.004187499380943538,-0.0007650545651856078
2011-10-17,0.009210488327772437,0.0015904256128145278
2011-10-18,-0.0130729005145106,-0.0021384849397159122
2011-10-19,-0.004124841476889268,-0.0004876190542406622
2011-10-20,-0.002949243252477307,-0.00037998387562332425
2011-10-21,-0.009306104974937668,-0.0016137789851645712
2011-10-24,-0.013041872971547519,-0.0023137172520122373
2011-10-25,0.02437480718032109,0.0037938551213465566
2011-10-26,-0.002551704680473693,-0.0003860506952786391
2011-10-27,-0.01276658620362825,-0.0024075871643168822
2011-10-28,0.004010013858032763,0.0007401576361889539
2011-10-31,0.006894184856912539,0.0014493488737108429
2011-11-01,0.0219598583736568,0.0005607418435176204
2011-11-02,-0.007161481721022794,-0.0007885473796475084
2011-11-03,-0.012842645925186746,-0.0014216014700454416
2011-11-04,0.0007504344310183819,7.188177585204514e-05
2011-11-07,0.006411102562183912,0.0007210526576801879
2011-11-08,-0.016006194398875823,-0.0018249045187047619
2011-11-09,0.03180531689910465,0.003624264702526636
2011-11-10,-0.015468420421389906,-0.0017385543843685403
2011-11-11,-0.01192637267719246,-0.0013111601084710989
2011-11-14,0.014346590876684412,0.0015926353543327387
2011-11-15,-0.0012210193059519203,-0.00016266961374522548
2011-11-16,0.0011182972825275472,1.3531769046615238e-05
2011-11-17,-0.004765299598869871,-0.000517957851515205
2011-11-18,0.006378668102331286,0.0007126000071215888
2011-11-21,0.008986176240172339,0.0009603697551938684
2011-11-22,0.014057516433664985,0.0014997389960949015
2011-11-23,0.016307195911346162,0.0017496629738373848
2011-11-25,-0.009957977240366789,-0.0011120072676112924
2011-11-28,-0.014575691023311577,-0.0014845626873424278
2011-11-29,-0.010977890940675972,-0.0012461536234619208
2011-11-30,-0.023847427698906742,-0.0025352297750579345
2011-12-01,0.0022671207071720827,0.00040558605855611773
2011-12-02,0.000846672713671448,0.00016741920720897419
2011-12-05,-0.013759433516404934,-0.0026737374633968303
2011-12-06,0.010869309693191026,0.002075208819595664
2011-12-07,-0.003346406373177929,-0.0006529901219538559
2011-12-08,0.011806258832001731,0.0023538493772887747
2011-12-09,-0.011894010544733241,-0.0023199216067467665
2011-12-12,0.008691325856100968,0.0017216739425154337
2011-12-13,-0.008709215934917053,-0.001622896922090833
2011-12-14,-0.0032699652424925674,-0.00036225319602511963
2011-12-15,-0.0011565601588159058,-0.0002474967386567606
2011-12-16,0.01248098427397304,0.0022581186660706187
2011-12-19,0.002109926181570493,0.0005072433825867861
2011-12-20,-0.01951420231505782,-0.003783472705030988
2011-12-21,-0.01167887840433926,-0.002271491891388311
2011-12-22,-0.007406797779111657,-0.0013449774635130307
2011-12-23,-0.0035582849196808264,-0.0006991176126484033
2011-12-27,-0.005192308157081188,-0.0009151654834033129
2011-12-28,-0.002039882619040062,5.377461074496104e-05
2011-12-29,0.001326113316540256,7.398475881603694e-05
2011-12-30,0.0002931775022434746,4.7972392144046694e-05
2012-01-03,-0.020358240872061423,-0.0013889240456746998
2012-01-04,0.0006014013989462941,0.00011563752862042698
2012-01-05,0.00909083175609851,0.0015525017990274392
2012-01-06,0.010538760420146592,0.0017455485526109982
2012-01-09,-0.009118299339080566,-0.0015237205118315833
2012-01-10,-0.012719354600633864,-0.0020771257204669213
2012-01-11,0.0064976505578583366,0.0011145600244428788
2012-01-12,0.001644032815354468,0.0002915894945252351
2012-01-13,0.009254100401789228,0.001535293622029421
2012-01-17,-0.005508222614161951,-0.000896706004854364
2012-01-18,-0.0148138714013544,-0.0025183816715695917
2012-01-19,-0.015189713956044043,-0.002615394985445607
2012-01-20,-0.0033131176038912746,-0.0005470446228343917
2012-01-23,-0.0044888520021475475,-0.0007510731731946718
2012-01-24,-0.004789551267794623,-0.0008463419584265885
2012-01-25,-0.0009772424926367818,-9.460286907858606e-05
2012-01-26,0.009268418106615328,0.0016108286073934774
2012-01-27,0.005836458894512342,0.0010278138770254408
2012-01-30,0.014232222089036267,0.0024475420771361556
2012-01-31,0.0011998936445118125,0.00022417595506185606
2012-02-01,-0.015465028071306425,-0.0031317639201144942
2012-02-02,0.001756269774956798,0.0004333277520405243
2012-02-03,-0.022781736653656126,-0.0057326601708782565
2012-02-06,0.005537049148917644,0.0013949752959718786
2012-02-07,-0.00522304485170122,-0.0013238959884196433
2012-02-08,-0.004777832078039529,-0.0012234034672330418
2012-02-09,-0.004316821351913941,-0.0010759255309998883
2012-02-10,0.018425474673513298,0.004691025782570746
2012-02-13,-0.008059191418954031,-0.002039537235511202
2012-02-14,0.004356281356060726,0.001118098745289009
2012-02-15,0.0012392329580480643,0.0002986332170944461
2012-02-16,-0.014066070570088712,-0.0035365042608981323
2012-02-17,-0.005602168540362773,-0.0014094176638836942
2012-02-21,-0.0010629750972687424,-0.0002567201758191251
2012-02-22,0.004618455205259581,0.0011580699071360723
2012-02-23,-3.141031134015759e-05,-4.0679995948922354e-05
2012-02-24,-0.008936488934926934,-0.0022755407454180254
2012-02-27,0.007822065852638893,0.0019824481318044818
2012-02-28,-0.006448586513752297,-0.0016771640025315948
2012-02-29,-0.011557786698821015,-0.002907883336151329
2012-03-01,-0.010774030464952428,-0.0028954154070101046
2012-03-02,0.007552620907383789,0.0022655946896119605
2012-03-05,0.00596145093303696,0.0017679176131863983
2012-03-06,0.026318645643961414,0.007761220904906496
2012-03-07,-0.006471234659307268,-0.001858577776473802
2012-03-08,-0.015590770920925395,-0.004514979280624165
2012-03-09,0.00033053733035254274,8.746525500824553e-05
2012-03-12,0.0012395444462007799,0.0003512238962835035
2012-03-13,-0.025451988682857335,-0.007463505184850061
2012-03-14,-0.006477198170700443,-0.00186283679361543
2012-03-15,-0.003064922305513723,-0.0009347926877782964
2012-03-16,-0.002937189568747778,-0.0008972523690896628
2012-03-19,-0.003512224722395485,-0.001027783836832774
2012-03-20,0.009144080390082326,0.002746104898955437
2012-03-21,0.00745545223033009,0.0021677901561854007
2012-03-22,0.010765921423533636,0.003147409254635525
2012-03-23,0.0005730312431448392,0.0001415030025861963
2012-03-26,-0.007642227519925854,-0.002245127169814287
2012-03-27,0.004326883547899313,0.0012710943463039026
2012-03-28,0.00929173385577109,0.0027145682569780227
2012-03-29,0.013104472614950347,0.003799640191564979
2012-03-30,-0.016784970639928898,-0.004830068234207063
2012-04-02,-0.008360251222545523,-0.0012256113253332757
2012-04-03,-0.0004088535565664464,-0.00023345982109312935
2012-04-04,0.01976232180325571,0.006301870135135612
2012-04-05,0.00226632259895998,0.0006972731704986135
2012-04-09,0.014648665521859783,0.00469322686550977
2012-04-10,0.014604449915732093,0.004503793207430995
2012-04-11,-0.009605702367753655,-0.002952752875058473
2012-04-12,-0.015949889696711156,-0.004875481270453674
2012-04-13,0.018523700544815336,0.005849949562792611
2012-04-16,-0.002217308269993251,-0.0006511466875585015
2012-04-17,-0.005934337647365617,-0.0017584154052895373
2012-04-18,0.005644803962674333,0.0017576499655242994
2012-04-19,-0.001982594142616201,-0.000671488885325755
2012-04-20,-0.004171641587659147,-0.001246943727305161
2012-04-23,0.015881924859626,0.004927752815197861
2012-04-24,-0.006238179812352612,-0.0019412505518777712
2012-04-25,0.0012723897650678828,0.00044345262537293095
2012-04-26,0.001299907386694804,0.0005172915942763812
2012-04-27,-0.00163726381283541,-0.0004626455213211367
2012-04-30,0.0026378413658559308,0.0007803157284815843
2012-05-01,-0.005478375033556443,-0.001833277057729954
2012-05-02,0.010938968822351264,0.003510131810920969
2012-05-03,0.0019156763314500114,0.0005815646736735403
2012-05-04,0.006006339483890094,0.0020044175476781056
2012-05-07,-0.0021760222545927077,-0.0007285730853597849
2012-05-08,0.010136992202061601,0.003171366266768061
2012-05-09,0.006951719147709562,0.0021337380713304377
2012-05-10,-0.0021885532703592447,-0.000735348984161055
2012-05-11,0.009978475128200381,0.0031048234267136987
2012-05-14,0.015934242899738243,0.004893797897031149
2012-05-15,0.005195417291565807,0.0014965012624452712
2012-05-16,0.006598857077884435,0.0018427744456865902
2012-05-17,0.002856012046072276,0.0012745502742255166
2012-05-18,-0.0029123013897765226,-0.0007800701663174259
2012-05-21,-0.003957575807475522,-0.0011800752580581886
2012-05-22,0.003095343828667496,0.0006748178523285908
2012-05-23,0.01228184196760218,0.0036703348141962078
2012-05-24,-0.004356329385012403,-0.0012860761840688406
2012-05-25,0.002833929027762333,0.0009105597023721934
2012-05-29,-0.005192082273133253,-0.0015343507226784903
2012-05-30,0.01964658007290193,0.006151216432097817
2012-05-31,0.001949757997388668,0.0007617146355292093
2012-06-01,0.02072624975735754,0.006748816010976766
2012-06-04,-0.004794479284844416,-0.0016934086101740853
2012-06-05,-0.007420207836269899,-0.0026641610684149386
2012-06-06,-0.02598157353006386,-0.009424694006414436
2012-06-07,-0.0032198986201407154,-0.001203981128900078
2012-06-08,0.0063386861252582305,0.00238737688604318
2012-06-11,0.006369550204009228,0.0023291480445020163
2012-06-12,-0.011170304373749884,-0.004084419211421553
2012-06-13,0.00882122153859316,0.0031987244647062596
2012-06-14,-0.0005192293600439213,-0.00018530007359207623
2012-06-15,-0.0010665271859008896,-0.0005467074851609466
2012-06-18,0.0006250427131795633,0.00023467130555365756
2012-06-19,-0.014666803314234172,-0.005488834978913948
2012-06-20,0.002769024731940267,0.0010195979365315022
2012-06-21,0.017982990629346163,0.006887274411833566
2012-06-22,-0.003705114003603016,-0.0013020727417218936
2012-06-25,0.002068323039924297,0.0007771931361755247
2012-06-26,-0.005391168339054064,-0.0020656396945180067
2012-06-27,-0.002662213532595048,-0.0011305552968808863
2012-06-28,0.0007366319015581491,0.00011467167861267669
2012-06-29,-0.023863334414597898,-0.008868603076944814
2012-07-02,-0.0002979562965464144,-0.00028192768274259983
2012-07-03,-0.014780826156482657,-0.004916974620916559
2012-07-05,0.008133023130117129,0.002767873529927467
2012-07-06,0.011784723651011186,0.003971722545023093
2012-07-09,-0.003376864109135541,-0.0010596636520395775
2012-07-10,0.005925924903887769,0.00195874964776932
2012-07-11,-0.002541046839236921,-0.0007848405439185857
2012-07-12,0.00556800991764575,0.0018732337241067487
2012-07-13,-0.005633814664745024,-0.0018457345795985791
2012-07-16,-0.001100955137760068,-0.0003400270150490936
2012-07-17,-0.0055836894951704075,-0.001892441430206615
2012-07-18,-0.0005522845824876277,-0.00022188742169604314
2012-07-19,-0.0035883795160555065,-0.0012233939747288147
2012-07-20,0.008379115943512233,0.002829080533838235
2012-07-23,0.014935484356179446,0.004942614820408586
2012-07-24,0.00912059585021674,0.0030833873542677193
2012-07-25,-0.005401772497046986,-0.0016998867932214168
2012-07-26,-0.01143883197298598,-0.003661962772742444
2012-07-27,-0.017555492928683192,-0.00596800451200985
2012-07-30,-0.002901206362071418,-0.0009473797265192596
2012-07-31,0.006384866394361449,0.002176751628779172
2012-08-01,-0.003828257033670983,-0.0014737258167627498
2012-08-02,0.010902874538498614,0.0029001123742480317
2012-08-03,-0.02509166321289355,-0.0066035328398333926
2012-08-06,-0.004328406423107001,-0.0011935736763394322
2012-08-07,-0.0088118094378484,-0.0024022745600222883
2012-08-08,-0.0018655276144659283,-0.0004942176055534597
2012-08-09,-0.0036749405343221297,-0.0010147764079271315
2012-08-10,0.003542847604978555,0.0009510035182285215
2012-08-13,0.008546093116278408,0.0023690316175171144
2012-08-14,-0.006921440640372423,-0.0018588014282951981
2012-08-15,-0.00766082445718641,-0.0020522588350955218
2012-08-16,-0.007528950902970816,-0.002048007250639472
2012-08-17,0.0023725001678970015,0.0005883555200882906
2012-08-20,-0.005764410007203402,-0.0016011318903357274
2012-08-21,-0.007146949009603665,-0.0020675592610467364
2012-08-22,-0.0007467557333884489,-0.0004097500331272652
2012-08-23,-0.0018030050986931612,-0.0005762953761541123
2012-08-24,0.0031506644916097226,0.0008589798572071761
2012-08-27,0.006756481134893799,0.001843078196012593
2012-08-28,-0.002090077810092933,-0.0006556215234229112
2012-08-29,0.004067885143940714,0.0012116952784924084
2012-08-30,0.0035464199453758005,0.0009945012287511101
2012-08-31,-0.012937169112699654,-0.003935504825448244
2012-09-04,-0.0071010674826922065,-0.002904807778449925
2012-09-05,3.540048000685858e-05,5.794238245870886e-06
2012-09-06,-0.0003681483574707878,-0.00019662944824982986
2012-09-07,-0.016876483475275567,-0.008473522720710336
2012-09-10,0.0010322712452288663,0.000546667515688215
2012-09-11,-0.004742670250436759,-0.002409847989610747
2012-09-12,-0.0038417431762163,-0.0018528611751461588
2012-09-13,-0.011750331757910987,-0.006117353315955643
2012-09-14,-0.010676591198324398,-0.005277873378690012
2012-09-17,0.01667068817752404,0.008626533748014253
2012-09-18,-0.0022123893127439787,-0.0013561145451811418
2012-09-19,0.001248508409545518,0.0006510170943920812
2012-09-20,0.0056971939496545665,0.002861171944725127
2012-09-21,-0.0015131614123265191,-0.00074732644920672
2012-09-24,0.009570796756510264,0.004919683022733823
2012-09-25,4.3368089703538226e-05,-6.892969384153513e-05
2012-09-26,0.005189585129011048,0.0024645271510812528
2012-09-27,-0.006245750489746543,-0.003320737351468428
2012-09-28,-0.004308554228871164,-0.0020604325459819828
2012-10-01,0.0005572614224308176,-0.003330417449868839
2012-10-02,-0.0010870279181522946,-0.00044701402440139315
2012-10-03,-0.005109827912886972,-0.002030010949418126
2012-10-04,0.012569151567204756,0.004882645864299873
2012-10-05,-0.002390485205294113,-0.0009551667262360786
2012-10-08,-0.0037295551018170503,-0.0015091914402667328
2012-10-09,-0.0013565438689492892,-0.0006588330867859371
2012-10-10,-0.005975562158296255,-0.0024097650942420668
2012-10-11,0.0026633543293350936,0.0010596677516196973
2012-10-12,-0.0018883362028670192,-0.0007741496249220603
2012-10-15,0.009789937179156522,0.003910772367011983
2012-10-16,0.007321203419214273,0.0029347889620987555
2012-10-17,-3.0698067629009174e-06,1.853203746393639e-05
2012-10-18,-0.0028099478909218434,-0.0011316008706081515
2012-10-19,-0.017560359858730695,-0.007069546937097715
2012-10-22,0.0005504814718554629,0.00022729603468696347
2012-10-23,-0.014383666073645524,-0.005715613104987249
2012-10-24,-0.004391929004821327,-0.0016991761103936076
2012-10-25,0.004473385089288934,0.0017626360461404644
2012-10-26,8.292043572102892e-05,2.5707346368530892e-05
2012-10-31,-0.003310123598236958,-0.0013237577269901157
2012-11-01,0.0008857295573930792,0.0021179128544974724
2012-11-02,0.0048012380031463575,0.0025562084707226873
2012-11-05,0.003196580322141568,0.0017038080133735534
2012-11-06,-0.010553947904174188,-0.005601886391235156
2012-11-07,0.005556600531111067,0.0030240267727843495
2012-11-08,-0.003102372203966336,-0.0015869875392479083
2012-11-09,-0.00016911111807202395,-9.586946371376026e-05
2012-11-12,0.003777573259735989,0.002004171224137652
2012-11-13,0.0006856226377038865,0.0003906832779310143
2012-11-14,-0.00714918724501587,-0.003679211519065473
2012-11-15,0.002911864849993534,0.0015689848635476178
2012-11-16,0.0003369379088547231,0.00011527710188796725
2012-11-19,-0.0008758426474007874,-0.0007082163076636006
2012-11-20,0.0023276984310353355,0.0012708494067377174
2012-11-21,0.0018516731164117672,0.0009362145270037647
2012-11-23,0.0013717256424695679,0.0006708125528074316
2012-11-26,0.0026354371360086393,0.0014258896478083205
2012-11-27,0.0006342608790413928,0.00035679999453464006
2012-11-28,0.004044757514907904,0.0021431891052743346
2012-11-29,-0.0012339175393697166,-0.0006648149073477105
2012-11-30,-0.0016448632102488148,-0.0009248381060702471
2012-12-03,-0.00606512851813165,-0.005569619222411726
2012-12-04,0.005077479678126412,0.002117601231606425
2012-12-05,0.004864715099612615,0.0020288857152401807
2012-12-06,0.010188860117463172,0.004214202130150779
2012-12-07,0.0013870168080343248,0.0005690921048633335
2012-12-10,0.002278134160699913,0.0009313642848467474
2012-12-11,0.008232053656203636,0.003418279304371552
2012-12-12,-0.004204693724809999,-0.001664499448012946
2012-12-13,0.0037213120395876986,0.0014809703969944632
2012-12-14,-0.002031720554830002,-0.0008234583460715594
2012-12-17,0.007013171520444866,0.0029034634679570015
2012-12-18,0.013860438902331323,0.005700912405900871
2012-12-19,-0.0012529881719468006,-0.0006029670492929684
2012-12-20,0.013397503242445097,0.0052894873900377615
2012-12-21,-0.005904487653489804,-0.0025218033925520356
2012-12-24,0.0005474994595899285,0.0001545681809524968
2012-12-26,-0.00848491702637652,-0.0034107376752338103
2012-12-27,0.0006420615349526093,0.00036041850069290504
2012-12-28,-0.004034350421760841,-0.001713254922167451
2012-12-31,0.014611620322533186,0.006109032641908874
2013-01-02,0.020142194277098763,0.004165561338659529
2013-01-03,-0.006591751436999915,-0.0029564803635921955
2013-01-04,0.005041921668292648,0.002272566215667071
2013-01-07,-0.006000641641970728,-0.0027203009073684115
2013-01-08,-0.000916707703151276,-0.0004251885383927956
2013-01-09,0.0053795953437685284,0.002447306904280744
2013-01-10,0.005773348476105,0.0025252490272884565
2013-01-11,-0.0005337724609693895,-0.00025600657028168605
2013-01-14,0.0011548719328843549,0.0004401831771301268
2013-01-15,0.002914793727816972,0.0013703559957245481
2013-01-16,-0.0025702691417321677,-0.00114715966951362
2013-01-17,0.006714576400678907,0.003001881806987905
2013-01-18,0.0013547764105277804,0.0006229428814295002
2013-01-22,0.0010294421602982384,0.0005182538445154261
2013-01-23,0.0044373036866617865,0.002101695373169399
2013-01-24,-0.0035605225281834796,-0.0018034474833126257
2013-01-25,0.00235716798233207,0.0009657414020616262
2013-01-28,-0.007273806802139793,-0.0033080193591056295
2013-01-29,0.0036550151182777324,0.0015839218115507592
2013-01-30,0.00070043946796286,0.0002390335415138889
2013-01-31,-0.003951477146508731,-0.0018434146047060507
2013-02-01,0.0028740416770682577,0.005589721131555647
2013-02-04,-0.00616739121028495,-0.0029726413998336643
2013-02-05,0.006274182041253379,0.0029424370918937903
2013-02-06,6.330238583057701e-05,3.321157712687928e-05
2013-02-07,0.0038790628176722797,0.0018487371144353393
2013-02-08,0.004688305356305822,0.0021988758351376703
2013-02-11,0.0059802191639510005,0.002938158711059513
2013-02-12,-0.0029975397987708763,-0.0014176445687146266
2013-02-13,0.0040559368968843545,0.0018967282624458015
2013-02-14,0.0022215825016135005,0.001025093234181984
2013-02-15,0.013040069361548973,0.0061248678155187974
2013-02-19,0.007694462108892908,0.003551330681115905
2013-02-20,0.010687661992954067,0.00471376925006628
2013-02-21,-0.005370609668283621,-0.0024996411265097995
2013-02-22,0.0068178934154448645,0.003210823806153451
2013-02-25,-0.016201266903736078,-0.007513165056199589
2013-02-26,-0.0018910626961178012,-0.000781120859344675
2013-02-27,0.014265310885102911,0.006540260476678217
2013-02-28,0.00983604063471366,0.004389156227626589
2013-03-01,0.0064486480879617225,0.003428335771021196
2013-03-04,0.005705734792966044,0.002533001898433085
2013-03-05,0.003909418487807542,0.0019244349141351869
2013-03-06,-0.0016487210214036485,-0.000637179628783735
2013-03-07,0.002454278900033774,0.0012019793355702024
2013-03-08,0.0018721853992740012,0.0009444519363661641
2013-03-11,0.002692616735902237,0.0012538252876741485
2013-03-12,-0.008033153868768045,-0.0036067661376268934
2013-03-13,0.003222221864850605,0.0013926898524356801
2013-03-14,0.004349388556095596,0.002049924833230854
2013-03-15,-0.0033549337749403108,-0.0015072370531885593
2013-03-18,-0.008088735074519293,-0.003737061407697917
2013-03-19,0.001711421672359048,0.0006647874203280502
2013-03-20,0.006125932904345266,0.0029023706893662737
2013-03-21,-0.011455770077491545,-0.005282961405815745
2013-03-22,0.006282329267263603,0.0029397656038390174
2013-03-25,-0.007802267612658814,-0.003606959296609924
2013-03-26,0.00346080124525594,0.0016837219099703482
2013-03-27,-0.0017693567530553123,-0.0008425046383362389
2013-03-28,0.004251076018208816,0.0018900378968158549
2013-04-01,-0.0010543738300727848,-0.000821975121745977
2013-04-02,0.010427081176210579,0.007439310680975142
2013-04-03,0.005725491216118733,0.004047407988217566
2013-04-04,0.02027278211796832,0.014348579786451987
2013-04-05,0.00551222046444233,0.003933510831796605
2013-04-08,0.0026376451832270664,0.0016551254453349706
2013-04-09,-0.008556958147275529,-0.005779884041348771
2013-04-10,0.00727990337713072,0.004955767095610186
2013-04-11,0.0060636078712163755,0.004215538665814478
2013-04-12,0.019421851505846383,0.013355556870678242
2013-04-15,0.03145897664798561,0.0198136209607922
2013-04-16,-0.00527916697384509,-0.0026885883326589477
2013-04-17,0.0025435470671663907,0.0010182774341875866
2013-04-18,-0.006983401430007419,-0.004384172028745192
2013-04-19,0.0083593688464631,0.005370442041697787
2013-04-22,-0.00219226645515877,-0.0009663243010893385
2013-04-23,0.01214600075316688,0.007587084611619721
2013-04-24,-0.0062959966769552955,-0.003513294652559562
2013-04-25,-0.01783200782316799,-0.010364274674010576
2013-04-26,0.006065243541329479,0.0038880240788310427
2013-04-29,-0.008601464590168084,-0.005118199542343604
2013-04-30,0.0027037323165786664,0.0017366381205783377
2013-05-01,0.0025075804624872257,0.0067263413252691695
2013-05-02,-0.0001162941872009382,-7.742862545712104e-05
2013-05-03,0.006038089386003448,0.002134747564956019
2013-05-06,0.003024225545106396,0.001094215518710362
2013-05-07,0.005408677355938418,0.002008688306295081
2013-05-08,0.0027372307508674587,0.0009759577743715386
2013-05-09,0.00449009342168924,0.0016097757812436608
2013-05-10,0.00367194259895684,0.0013046016062585597
2013-05-13,0.0034630400231892844,0.0012785506513557365
2013-05-14,0.012815376687522834,0.004691877721095805
2013-05-15,0.011667422633440644,0.004203527547590902
2013-05-16,-0.00882974006954848,-0.0031974419306883828
2013-05-17,0.015424158425329126,0.0054500207334535755
2013-05-20,-0.014339104385742069,-0.004896140429100693
2013-05-21,0.01271619613729194,0.00456579158713466
2013-05-22,-0.00029133565415487284,-0.00017925544742591892
2013-05-23,-0.01560972727962226,-0.005488728506602758
2013-05-24,-0.0023450460118901173,-0.0008376339228712837
2013-05-28,0.006949877143420297,0.0024250561141441196
2013-05-29,-0.009229805186878104,-0.0031650265909489717
2013-05-30,-0.003706391660691699,-0.0012473457739058391
2013-05-31,-0.004600309869020991,-0.0017064555040902096
2013-06-03,-0.01180608544691164,-0.0035072611228157413
2013-06-04,0.0011689909335782511,0.0003409400069012136
2013-06-05,-0.020160360681139633,-0.005796316730474427
2013-06-06,-0.004715662921123187,-0.0014304457777083446
2013-06-07,0.02375140430681466,0.006884909045960841
2013-06-10,-0.003332504343902004,-0.0008630164221272718
2013-06-11,-0.01454058388676227,-0.004190301637324256
2013-06-12,-0.011590051029796627,-0.0033049307223663726
2013-06-13,0.012420225940873386,0.003415167462221369
2013-06-14,-0.01977433095407563,-0.0057100487404714295
2013-06-17,0.014352980196049137,0.004098618388191255
2013-06-18,0.013279822662810609,0.0038111310309882906
2013-06-19,-0.007881589863054483,-0.0022104107822904506
2013-06-20,0.011108653373457705,0.003194270805421562
2013-06-21,-0.0007336138103244128,-3.953590900751536e-05
2013-06-24,-0.010303927150093178,-0.0029603420679827908
2013-06-25,0.01412710784310836,0.003745498942465897
2013-06-26,0.033302520807159314,0.008651080035411152
2013-06-27,0.01238334075407313,0.003171471119986169
2013-06-28,-0.01829006886884521,-0.004176984483940105
2013-07-01,0.002415874911468358,-0.00036149386592077004
2013-07-02,0.002360456691326951,0.0006482086388366337
2013-07-03,-0.007754114138501078,-0.001887701942164366
2013-07-05,0.031649268644081935,0.007725702071687213
2013-07-08,-0.005090189263785239,-0.0012309906675626037
2013-07-09,0.003298151395186133,0.000695599764820809
2013-07-10,0.00027005709448563175,7.308088568858118e-05
2013-07-11,0.000381048794175054,-0.00017153345461140557
2013-07-12,0.002085432182653002,0.0005532694304526409
2013-07-15,0.00423899261641264,0.001001589073898801
2013-07-16,-0.005158496140438923,-0.0012665055332884423
2013-07-17,0.017215016587183996,0.0043079119919140485
2013-07-18,0.0026626217780970074,0.0005635552450695691
2013-07-19,-0.011791852782364026,-0.0028378680117281396
2013-07-22,-0.016625154009526577,-0.004218919998419057
2013-07-23,0.00013521215243675333,-4.001846433587808e-05
2013-07-24,0.010377923026310187,0.0026534588437481244
2013-07-25,-0.00137164804667253,-0.0003751823751865224
2013-07-26,-0.0024915737139096783,-0.0005468980004984525
2013-07-29,-0.002801904313591591,-0.0006634432119129174
2013-07-30,0.003276713501627476,0.0008235227483752716
2013-07-31,-0.002560115086392284,-0.0006014636769857695
2013-08-01,0.01702302752288129,0.005428663558259661
2013-08-02,0.0027721571320406257,0.0007868858361215203
2013-08-05,-0.0009321598450743318,-0.000302742723051419
2013-08-06,0.0018891930058897166,0.00044275996563847286
2013-08-07,-0.006881410116689551,-0.0019825241723993026
2013-08-08,-0.011570266746179975,-0.003141333184011552
2013-08-09,-0.005376721222354552,-0.0015836630568009102
2013-08-12,-0.01837983406734614,-0.005333789608536144
2013-08-13,0.009821367564094158,0.002815344371939421
2013-08-14,-0.011435773139854805,-0.003395863393280907
2013-08-15,-0.0293552257331747,-0.008858972189176972
2013-08-16,-0.002471219879861125,-0.0007873742558132113
2013-08-19,-0.004849265993397411,-0.001449150808790045
2013-08-20,0.0062209656536437175,0.0019260879957121446
2013-08-21,-0.0026787169160166213,-0.0007476766254563838
2013-08-22,0.009279298248194096,0.002651122757987512
2013-08-23,-0.010764337331277851,-0.0036156152155123467
2013-08-26,-0.012690771524946826,-0.003966236579158733
2013-08-27,-0.018200882340827867,-0.005420372251405237
2013-08-28,0.00335462085317359,0.0010942958511750422
2013-08-29,0.008584811451078728,0.002850707671517627
2013-08-30,0.0010944737529630932,0.0006059776224891511
2013-09-03,-0.002523811941149534,-0.0014505313847598122
2013-09-04,0.01899873415996639,0.005414561796657669
2013-09-05,0.007128553496303924,0.001956015258208099
2013-09-06,-0.011289825912554174,-0.00306725275271591
2013-09-09,0.013652657360850556,0.00396357120451829
2013-09-10,0.018513835632543107,0.005176157432505768
2013-09-11,-0.0012676536870018518,-0.00031046496293418713
2013-09-12,0.01597962201663103,0.004068336997350874
2013-09-13,-0.0016422363749894198,-0.00024359461903145085
2013-09-16,0.012735858517750914,0.0034271347331487068
2013-09-17,0.005186470288373463,0.0015469233435645435
2013-09-18,-0.01659426142987719,-0.003681954491039585
2013-09-19,0.0042546343487851745,0.0011736502485966138
2013-09-20,0.01847371426853578,0.004774093924110545
2013-09-23,-0.0009626893550257476,-0.0004418136591113342
2013-09-24,-0.004230819017638637,-0.0011753609543669885
2013-09-25,-0.005244558726781118,-0.0014327160879322731
2013-09-26,0.006159850086683433,0.0017296170721790016
2013-09-27,-0.005609448707427911,-0.0015668076073951376
2013-09-30,0.0001989956709769758,-2.4866036616333353e-05
2013-10-01,0.01634438864521512,0.004864202440454601
2013-10-02,-0.00841171752111533,-0.002547129435371165
2013-10-03,-0.009490001485100513,-0.0028599953318728666
2013-10-04,0.005937246208157776,0.0017704683928723153
2013-10-07,-0.020706462539113624,-0.0063379004088209845
2013-10-08,-0.007326723517712852,-0.0021464502585658574
2013-10-09,0.005005796766339332,0.001601255234101151
2013-10-10,0.027383549531849488,0.008197766233452253
2013-10-11,0.010313953458394476,0.0031012393846170383
2013-10-14,0.0038193651171874454,0.0011393232401186726
2013-10-15,-0.010376759184074491,-0.0031161710799633147
2013-10-16,0.013278436360335683,0.003953225409889072
2013-10-17,-0.014295913446535163,-0.004314006545923177
2013-10-18,0.008521429523335261,0.0025869722244571403
2013-10-21,-0.005710316425287354,-0.0017869789778391931
2013-10-22,-0.010108061077351349,-0.003157931414538795
2013-10-23,-0.006215991454901149,-0.001830700574648625
2013-10-24,0.000826524907500209,0.00020872981732833473
2013-10-25,0.005457916903793547,0.001660782147604678
2013-10-28,0.0040429997130863315,0.0011956384479214766
2013-10-29,0.004731266561599362,0.0014463495578713736
2013-10-30,-0.005886132946292616,-0.0018332058088585956
2013-10-31,0.00945657868371405,0.0031407390507451893
2013-11-01,-0.00040599241906341677,-8.90085612437197e-05
2013-11-04,0.0046289889086807146,0.0014615469817049753
2013-11-05,-0.006412205930329512,-0.001896212044313228
2013-11-06,0.0064280926002141525,0.001822563359061391
2013-11-07,-0.010686281848243384,-0.0032302441559312056
2013-11-08,0.015991176466444545,0.0048480164470738885
2013-11-11,0.004463822887780827,0.0013040797909911195
2013-11-12,0.005937221342527277,0.0018918963472924766
2013-11-13,0.009444663880076726,0.00282893294103137
2013-11-14,-0.0007774741894422121,-0.00022497106595331662
2013-11-15,0.004124122664780239,0.0012542667007049424
2013-11-18,0.0016063787737766178,0.0004725930226907593
2013-11-19,3.5685306634725134e-05,-4.4332803899815865e-05
2013-11-20,0.006881839445345261,0.001991301404220547
2013-11-21,0.011030064181309807,0.003212484991802933
2013-11-22,0.005642415567763681,0.0032283576266067815
2013-11-25,-0.00489486641473269,-0.0032864610722932452
2013-11-26,0.0033428301969625207,0.002251914443515579
2013-11-27,0.004270530233510594,0.0028863409785124805
2013-11-29,-0.002657391207129378,-0.0017679198299880294
2013-12-02,0.0166180290852542,0.011100318772121698
2013-12-03,0.0013204269086286302,0.0008230609190633675
2013-12-04,-0.010098856103193637,-0.006394910877946747
2013-12-05,0.00545734482487506,0.0036135240651711253
2013-12-06,0.008970014778497543,0.005949832345521822
2013-12-09,-0.005671314198837901,-0.003667807975689441
2013-12-10,-0.011623120028629447,-0.007620470830481341
2013-12-11,-0.008145714170673557,-0.005520920730992085
2013-12-12,0.013742671665816525,0.009344409239716356
2013-12-13,-0.006885431606329789,-0.004583249232327002
2013-12-16,0.0024416085482533434,0.0016543705401748099
2013-12-17,0.0005566129369093675,0.00035933243139618654
2013-12-18,0.018615246514667894,0.012315230590641324
2013-12-19,0.015120768147556363,0.009846737866259447
2013-12-20,0.00012735126696655774,0.0002781686590966892
2013-12-23,0.0052511110317489396,0.003468565625964981
2013-12-24,0.0010884993637391704,0.000762546125537833
2013-12-26,0.0021043492041933898,0.0014892585351795606
2013-12-27,-0.0017176694054377994,-0.0010784381403956544
2013-12-30,0.009384374654912875,0.0059515451697826904
2013-12-31,0.004369130777463814,0.002842623400850064
2014-01-02,-0.024522501146797382,-0.017850840566231763
2014-01-03,-0.008257492386337661,-0.006157819727057423
2014-01-06,-0.0039394268508736174,-0.002967267675258567
2014-01-07,0.01034855084818781,0.0077534005283783625
2014-01-08,0.006458767600180493,0.004850154610821722
2014-01-09,-0.002690936852347031,-0.002003873670416989
2014-01-10,-0.010826870775740405,-0.008217032153099768
2014-01-13,-0.018453594038985083,-0.013971147003906892
2014-01-14,0.019484130850698028,0.01485752303507648
2014-01-15,0.004976272583007979,0.003666938544327758
2014-01-16,-0.002128136943811587,-0.0016809421766086352
2014-01-17,-0.010582353157915142,-0.008072894320186985
2014-01-21,0.011486136300202648,0.0087784057786513
2014-01-22,0.004399451289307493,0.0033228158169771316
2014-01-23,-0.01709203089898917,-0.013125484583392688
2014-01-24,-0.021024001977545392,-0.016044883747189154
2014-01-27,0.0040657708847386675,0.003565068189436804
2014-01-28,0.003870580724925493,0.0029169621398070777
2014-01-29,-0.017140280991059575,-0.013172829110257411
2014-01-30,0.021154010016034674,0.016270996327157672
2014-01-31,-0.010747231406244173,-0.008324712614947605
2014-02-03,-0.030266812423298456,-0.016930196680055243
2014-02-04,0.005392690196513283,0.003371471647189317
2014-02-05,-0.008429149219681825,-0.0054331943689313045
2014-02-06,0.014437049704617483,0.009203593797689535
2014-02-07,0.008100321315690717,0.005115690155498287
2014-02-10,-0.0012993245077347892,-0.0008554596285176297
2014-02-11,0.006031032018232407,0.0038339179190953754
2014-02-12,0.0006939272003819719,0.00044108173293566644
2014-02-13,-0.0018409009423031586,-0.0012412580657766847
2014-02-14,-0.012214231717720236,-0.008189783894837266
2014-02-18,-0.008090229572370239,-0.00560389015335272
2014-02-19,-0.0016222195240451487,-0.0007517681193677239
2014-02-20,-0.004168881628696053,-0.003015139248365717
2014-02-21,0.0006296546060698127,0.00041286329008616285
2014-02-24,-0.0034806798124625282,-0.0025545547884114894
2014-02-25,-0.0010877495653286995,-0.0006525040251739167
2014-02-26,0.008445168855927887,0.006074392957654551
2014-02-27,0.0024353832152855803,0.0016110461805594056
2014-02-28,0.0012389404106220303,0.0008327637092702123
2014-03-03,-0.01581628444322536,-0.014673347953238935
2014-03-04,0.015888266541438628,0.010818329626688827
2014-03-05,0.0009736186283512971,0.0006189858470633247
2014-03-06,-0.004623854023079826,-0.003407482842134324
2014-03-07,0.010303044623953539,0.007522158612258911
2014-03-10,-0.00047459381276007684,-0.00020471801563326508
2014-03-11,-0.004009988875115084,-0.002593845871976974
2014-03-12,-0.0101464693956064,-0.007061586801054287
2014-03-13,-0.008794630936220404,-0.0058335609618753725
2014-03-14,-0.0096305750010236,-0.006811350298538743
2014-03-17,0.011835214434886582,0.008169107809231413
2014-03-18,0.007266184015755822,0.004844793688727922
2014-03-19,0.008995830751534761,0.0067560079522528405
2014-03-20,0.0033661889254369137,0.0022463765559066484
2014-03-21,-0.008101136318796998,-0.005582071461021854
2014-03-24,0.003640008628834679,0.002355015814077044
2014-03-25,0.001905929911753368,0.0010367973140221753
2014-03-26,-0.0007554887814913147,-0.0006202251554525695
2014-03-27,-0.0013055227070323527,-0.0011175921240882403
2014-03-28,0.0030085451297044707,0.0019048588647287978
2014-03-31,0.006999446440592916,0.004519570968283482
2014-04-01,0.010056768809543842,0.003466287762346587
2014-04-02,-2.8948613487678188e-05,-2.452867549129767e-05
2014-04-03,-0.0019163828366958735,-0.0011037420918998953
2014-04-04,-0.018542413029622645,-0.010600430286468954
2014-04-07,-0.006038785038783551,-0.0034369017041746552
2014-04-08,-0.0024213550651144833,-0.0014868333355417818
2014-04-09,0.013771554013897541,0.007886798401455675
2014-04-10,-0.02461425454238303,-0.014163246637108218
2014-04-11,-0.007621996820895149,-0.004350969896659396
2014-04-14,0.00429648082421677,0.002377135761702398
2014-04-15,0.008875830951550007,0.005229289203678045
2014-04-16,0.010887462736513032,0.006185149441771953
2014-04-17,0.006041216053941284,0.0035223454880350946
2014-04-21,0.007721370867897509,0.004398063981285505
2014-04-22,0.004190396753807529,0.0023704282572072355
2014-04-23,-0.005623821729584422,-0.0032389702186671476
2014-04-24,-0.002327595309595032,-0.00134295822426167
2014-04-25,-0.010094820084731532,-0.0058029952067848445
2014-04-28,0.00701027604200638,0.004050144447066861
2014-04-29,0.006674544855688025,0.0037990566878050025
2014-04-30,0.006573556907950695,0.0037147921864031375
2014-05-01,-0.00031512695281760107,-0.0007356824296635978
2014-05-02,-0.011825779450090307,-0.008501837529131917
2014-05-05,0.00021734765472081197,8.500034476544016e-05
2014-05-06,-0.007207634475981051,-0.0052025528347710015
2014-05-07,0.0085597102921956,0.006321920446902496
2014-05-08,0.00018038734567144,0.00015417843490617145
2014-05-09,-0.0006351697212589602,-0.000442462126716725
2014-05-12,0.0037072669461311325,0.002570747931340156
2014-05-13,0.0004733211024594286,0.00032845746697818257
2014-05-14,-0.012320334315191805,-0.008971072273488367
2014-05-15,-0.0021721742216311013,-0.0014935881541099372
2014-05-16,0.003678845969375094,0.0027317658317536075
2014-05-19,0.0031388371573649043,0.0022821719183139244
2014-05-20,-0.005991739741453284,-0.004347884690306114
2014-05-21,0.0090692778919568,0.006579425683841178
2014-05-22,0.0008598345681604946,0.0006156167457040951
2014-05-23,0.0031470913757755403,0.002313370845656637
2014-05-27,0.011208480762519651,0.008287545137574348
2014-05-28,-0.002877269233774571,-0.0021425677142266064
2014-05-29,0.007906577917457303,0.005639692043511779
2014-05-30,0.0022649580011449844,0.0016732472210168048
2014-06-02,0.003331480288321254,0.0032258682086174773
2014-06-03,-0.0014884396441144088,-0.0012022390252239834
2014-06-04,0.002378580613038722,0.0018344267092487154
2014-06-05,-0.0008210690103527263,-0.0008071246584557823
2014-06-06,0.007218090123480209,0.005687380171762069
2014-06-09,-0.0017012643818308248,-0.001374442763499295
2014-06-10,-0.003931705622660958,-0.003219091193690682
2014-06-11,-0.0034726837133053634,-0.0028116645747726654
2014-06-12,-0.012224189850848666,-0.009839053421701327
2014-06-13,0.002432390491761832,0.0018346511587792325
2014-06-16,0.0009790744974080556,0.0008176799981352012
2014-06-17,-4.6024392244131684e-05,-0.00010062710500946537
2014-06-18,0.001576264799874716,0.0011361638953231168
2014-06-19,-0.015219468373526723,-0.01299994832143303
2014-06-20,0.00047755183342609864,0.0002919715029030545
2014-06-23,-0.0020804832927400485,-0.0017907127006602241
2014-06-24,-0.005118181929912341,-0.00428830687713011
2014-06-25,0.0024268653638303828,0.0017934009862063949
2014-06-26,-0.00014642798057493134,-0.00017135229514697592
2014-06-27,0.00015770094890846242,0.00012725044427019938
2014-06-30,-0.007088348491114338,-0.006129784454102727
2014-07-01,0.010692982424993253,0.006205540570504153
2014-07-02,0.003539767913700531,0.0029878503862081907
2014-07-03,0.006997608481706746,0.006068793830638297
2014-07-07,-0.001808803620116567,-0.001331851278351115
2014-07-08,-0.01015650268546403,-0.008739935775028185
2014-07-09,0.006324343119715803,0.005516987836239773
2014-07-10,-0.01056697918471003,-0.009232100835664392
2014-07-11,0.003115418138706,0.0027344153446782204
2014-07-14,0.012360441468802996,0.011101427570773925
2014-07-15,0.0034382703335893716,0.003064314797088352
2014-07-16,0.003011890315737592,0.0025456917462596262
2014-07-17,-0.022083149942165647,-0.01918049683385481
2014-07-18,0.01829520030751519,0.01619169541667076
2014-07-21,-0.0030714097151374464,-0.0026226065058770898
2014-07-22,0.007092880626773601,0.006203925264395949
2014-07-23,0.0026422428902968254,0.0023145807472291224
2014-07-24,0.009587908513532833,0.008416273925497597
2014-07-25,-0.009769070066501379,-0.008393234932748017
2014-07-28,0.0036590872191682167,0.0032157586150893813
2014-07-29,-0.0022077221869026553,-0.0019606691902670503
2014-07-30,0.004248105731201796,0.00344994413047095
2014-07-31,-0.014655694803201835,-0.012599684008371526
2014-08-01,-0.004387911813701072,-0.0029056366639376163
2014-08-04,0.005822565726037593,0.005484185959658383
2014-08-05,-0.009037627152524208,-0.00843646628101824
2014-08-06,-0.008984830843368818,-0.008264500961155163
2014-08-07,-0.006482083757582829,-0.006053350719615325
2014-08-08,0.008973256359144421,0.008230422943585447
2014-08-11,0.0070833986750618305,0.006544876578167269
2014-08-12,0.0016235031966521651,0.0013697746210923345
2014-08-13,0.0074276113260127175,0.006822092490065268
2014-08-14,0.00688330291229286,0.006112920151418733
2014-08-15,0.00012401158923577849,0.00021429069837264336
2014-08-18,0.012332432598788329,0.011197874267009356
2014-08-19,0.006228147183970939,0.005770708749016418
2014-08-20,0.0028265388104536937,0.002658329783559621
2014-08-21,0.0031541023925370226,0.002963372317050572
2014-08-22,-0.0011360541895727438,-0.0011029259032410144
2014-08-25,0.007232637371372058,0.006598093110697922
2014-08-26,0.0011812348547110274,0.0010520708429921921
2014-08-27,0.00046246548713418933,0.0004393785826679597
2014-08-28,-0.005847879313255283,-0.005276472694910828
2014-08-29,0.0027327448769659812,0.0025253859385185873
2014-09-02,0.018547013322378098,0.011817361243989355
2014-09-03,-0.004348490771585306,-0.0030416278941459707
2014-09-04,0.003196405279486947,0.0022583375238438563
2014-09-05,0.005243335010306049,0.0037223646299686663
2014-09-08,0.0017818007193834973,0.001186251276165562
2014-09-09,-0.005820621915841401,-0.004151282840728854
2014-09-10,0.009947425970723456,0.0069430926847897645
2014-09-11,0.0005978049706011346,0.0004175326369604271
2014-09-12,0.001736498673657355,0.0011244510981593958
2014-09-15,-0.006979048742361632,-0.004829118872855198
2014-09-16,0.000284747718042655,0.00021692551677321426
2014-09-17,0.00457714302427642,0.0031442100680338925
2014-09-18,0.010172763091976594,0.0070511882263859516
2014-09-19,0.007589282760004562,0.005064090693184031
2014-09-22,-0.0021799893888834743,-0.001631924743171198
2014-09-23,-0.008894140267217049,-0.006050521549996635
2014-09-24,0.006700692695011445,0.004508781806122464
2014-09-25,-0.015029800066950011,-0.010422843385790581
2014-09-26,0.004537213535376283,0.0030982806333792468
2014-09-29,-0.010378629150009366,-0.007090103727922181
2014-09-30,0.019810294967713776,0.013453430765202556
2014-10-01,-0.011475185922733055,-0.011390479338025172
2014-10-02,-0.0025603241103039076,-0.002376186741306796
2014-10-03,0.02488726295372093,0.022611873445524067
2014-10-06,-0.012232025041767652,-0.010705490641049531
2014-10-07,-0.00263993692174308,-0.0024328589459280403
2014-10-08,0.01118930679827046,0.009856071029719526
2014-10-09,-0.007254058891356691,-0.006867952895070806
2014-10-10,-0.013151175251228553,-0.011668695089121495
2014-10-13,-0.007431782893579847,-0.006689429400862368
2014-10-14,0.012941260798144366,0.011273362934187903
2014-10-15,-0.006603452879097971,-0.00598947118507287
2014-10-16,-0.008252092221318064,-0.0071034760671115915
2014-10-17,0.009555388847395263,0.008476693990341344
2014-10-20,0.004506181046256136,0.0036983370969609908
2014-10-21,0.007736767042106352,0.006624123017919148
2014-10-22,0.008771255733694638,0.00760050849814653
2014-10-23,0.0037470316918107316,0.0036742431372966955
2014-10-24,0.00772311315732882,0.006703332832553643
2014-10-27,0.0013053283969039209,0.0009806219195556132
2014-10-28,0.008271438580103901,0.007366541158704054
2014-10-29,0.0032947433080247612,0.003259692593686525
2014-10-30,0.02053478459398858,0.01766559590534378
2014-10-31,0.025183636735071763,0.02145022844265365
2014-11-03,0.006679778633711859,0.0053608234430471136
2014-11-04,0.004157187463890155,0.003936008701811433
2014-11-05,0.01974359984398541,0.01831392509551355
2014-11-06,-0.0028376194821229106,-0.002503973150240424
2014-11-07,-0.009650982224760657,-0.008807977590227889
2014-11-10,0.009865897358944414,0.009134834386951507
2014-11-11,-0.005414260044445868,-0.004921085882459875
2014-11-12,0.0034895842091208773,0.0031715582491436134
2014-11-13,0.007909702209444341,0.007026778742059259
2014-11-14,-0.016293349441640737,-0.014681203444661284
2014-11-17,0.0028000463559947064,0.002676343888946553
2014-11-18,0.003616249477257999,0.0029741246375649677
2014-11-19,0.0038465893361010473,0.0037197713844019376
2014-11-20,-0.003270927263808565,-0.0031855489244713153
2014-11-21,-0.0037105856283913274,-0.0036234424685662736
2014-11-24,0.0073032669081782575,0.006527300005095382
2014-11-25,-0.00039533892931048475,-0.0006301363070938537
2014-11-26,0.005633412285599881,0.005090069279645171
2014-11-28,0.040143907390371436,0.036778067620832466
2014-12-01,-0.03635128627671308,-0.029353296550769237
2014-12-02,0.013836245866174907,0.009068956487244817
2014-12-03,0.005379234552038703,0.003369978522234751
2014-12-04,0.005022960208177357,0.0031196522382261893
2014-12-05,0.008021371252914383,0.005049260659581112
2014-12-08,0.011975613139846963,0.007310005864557878
2014-12-09,-0.01387713001987917,-0.008626672580847816
2014-12-10,0.004294659595133282,0.00237301540403001
2014-12-11,0.01470552063867031,0.008781873417130326
2014-12-12,0.008510366762909949,0.004769494579293765
2014-12-15,0.018955665970868146,0.011294383146893683
2014-12-16,0.0008875031245689502,0.0009972229884036565
2014-12-17,0.007709342432452221,0.004477841349423306
2014-12-18,0.01182855926716439,0.006151589227717524
2014-12-19,-0.012571125334807809,-0.0058029413755597
2014-12-22,0.025953269511597737,0.014598214658038122
2014-12-23,-0.017064846594007255,-0.009351662865658694
2014-12-24,0.009491354385518458,0.00506088174758057
2014-12-26,0.0029123012816828775,0.0014261695429120813
2014-12-29,0.015708390608271977,0.008665752816112926
2014-12-30,-0.011974291971054013,-0.0070504079192835745
2014-12-31,0.005694194249008244,0.00349344459451717
2015-01-02,0.012599534007931207,0.006759984701214972
2015-01-05,0.006382104596963811,0.002687138543094214
2015-01-06,0.0049051523428546295,0.0018284961835020042
2015-01-07,0.003965079826544204,0.0022873890343346748
2015-01-08,0.005805187634251058,0.003052421577330655
2015-01-09,-2.9803270654160663e-07,-0.0002928599312091995
2015-01-12,0.013100484194563028,0.005657076481707213
2015-01-13,-0.010202707078215828,-0.005031634617392089
2015-01-14,-0.010598079779520708,-0.004249823358229543
2015-01-15,0.012862073483212805,0.005726996291717024
2015-01-16,-0.02581905530196285,-0.012388838049982809
2015-01-20,0.02041982546012247,0.009315834309645998
2015-01-21,-0.012022465066061222,-0.0060222022907095996
2015-01-22,0.0103865047551491,0.004424576088970955
2015-01-23,0.011508149084952346,0.005425667918654842
2015-01-26,0.008592849633362876,0.004540855591504966
2015-01-27,-0.019738886546270762,-0.009524876046796638
2015-01-28,0.015320673390133543,0.007013128043170447
2015-01-29,0.01771825933468496,0.010062142246887396
2015-01-30,-0.028050719024617254,-0.011810969211384359
2015-02-02,-0.005240061902736154,-0.004017873526364957
2015-02-03,-0.015987434957701496,-0.006922064429300101
2015-02-04,0.018859134759540597,0.008634559716555135
2015-02-05,-0.008915221645031973,-0.0036850091705614707
2015-02-06,-0.0062655766452686945,-0.002763634644774915
2015-02-09,-0.014088246381989189,-0.006309657615245268
2015-02-10,0.02120001327778684,0.009775622484189395
2015-02-11,0.010945111302673616,0.004819931219973483
2015-02-12,-0.007070950421050326,-0.0028900431596310394
2015-02-13,-0.011341550266584288,-0.0048865898051677625
2015-02-17,0.005715794222533127,0.002662133047652615
2015-02-18,0.011503513160228379,0.0052003664904465285
2015-02-19,0.002757861650071358,0.0012753382174897077
2015-02-20,0.015198354787602536,0.006723885738616708
2015-02-23,0.007503006016245095,0.0031277883389548844
2015-02-24,0.009937398871473047,0.004249311356237628
2015-02-25,-0.01687814414584804,-0.007123068972857305
2015-02-26,0.0090942332355409,0.004004824213541536
2015-02-27,-0.003985692199461682,-0.00186144974487501
2015-03-02,0.0004402299763920656,0.0004701120612107257
2015-03-03,-0.006079193492760926,-0.0028947464758555252
2015-03-04,-0.0029351548243018166,-0.0015819217288962628
2015-03-05,0.005893785297648058,0.002867591035639272
2015-03-06,0.004473533162492549,0.0018693050073721462
2015-03-09,0.0058415899153605455,0.0025364398422831336
2015-03-10,0.0098133315591383,0.004391860408544446
2015-03-11,0.007664871804989676,0.0033310607949328386
2015-03-12,0.007441937857397912,0.003422108818495584
2015-03-13,0.014084774186433474,0.006101771240581089
2015-03-16,0.013068403669345252,0.0058125195772495974
2015-03-17,0.011044401486129785,0.004604906057113389
2015-03-18,-0.01981233870759802,-0.007388026674598258
2015-03-19,0.014390897830735688,0.006082405373261546
2015-03-20,-0.015624473589296806,-0.006120292880247291
2015-03-23,-0.01744426515734629,-0.007412148875376334
2015-03-24,0.003968221560581575,0.001776847214673305
2015-03-25,-0.022196797221370995,-0.009929048846870625
2015-03-26,-0.021072395764015567,-0.00948657974621303
2015-03-27,0.02635336846214778,0.012207288784442438
2015-03-30,0.007690233546360503,0.0033925358908224457
2015-03-31,0.0071229867687716,0.003044808347423933
2015-04-01,-0.01700031282018899,-0.007627670515417351
2015-04-02,-0.007209939143727723,-0.003396785426628024
2015-04-06,-0.013763919776809685,-0.00633159528665983
2015-04-07,-0.005047860446719787,-0.0024717708074015743
2015-04-08,0.022544843373010548,0.011001307865804222
2015-04-09,0.0027235195117682187,0.0011533232247926684
2015-04-10,-0.002802243402458382,-0.0013562959507388284
2015-04-13,0.0018703768325849801,0.0008869613615323235
2015-04-14,-0.006424230131809733,-0.0030143615210852515
2015-04-15,-0.014525629121389577,-0.007081339607033055
2015-04-16,-0.010817809188330169,-0.00526260280787727
2015-04-17,-0.001251447311796633,-0.0004346024165552409
2015-04-20,0.007780157282467809,0.003562743154609027
2015-04-21,0.006144400682932788,0.003177948212164994
2015-04-22,-0.0013584589077112463,-0.0006663917288846077
2015-04-23,-0.010003849206881132,-0.004924287154058016
2015-04-24,0.006009094316239139,0.0028993220444675227
2015-04-27,0.0007582729284811573,0.0004444935291880725
2015-04-28,-0.007955663757195142,-0.00380315842015011
2015-04-29,-0.019608240284467116,-0.009565566200834041
2015-04-30,-0.014401661871684346,-0.007189198562250754
2015-05-01,0.006417276811622907,0.0031855226144301696
2015-05-04,0.0016286531162859885,0.0009006515618914523
2015-05-05,-0.018204189905155183,-0.00913726061652198
2015-05-06,-0.013333865729401734,-0.006392124982344982
2015-05-07,0.020995883460550313,0.010803123395494163
2015-05-08,0.002499334387640495,0.0009111045238030524
2015-05-11,-0.008021393680751082,-0.003657649012544506
2015-05-12,-0.009980922905468065,-0.005204586218702012
2015-05-13,-0.00305073340763537,-0.001321217704612132
2015-05-14,0.0021863698697879297,0.0009455449574848895
2015-05-15,0.006749452755009738,0.003096181435819245
2015-05-18,0.00013624285352506482,0.000278808098907124
2015-05-19,0.017301753551232396,0.009332925726410313
2015-05-20,0.0008981785495777439,0.00032583487471993244
2015-05-21,-0.004462829742440555,-0.0027451623422695137
2015-05-22,0.009192864704159032,0.004711367603754013
2015-05-26,0.01790996749425211,0.008934023448058603
2015-05-27,0.01352048340113382,0.006574667689753788
2015-05-28,-0.005803326187926422,-0.002775148986824183
2015-05-29,-0.014283113588761498,-0.007173538251215361
2015-06-01,-0.0031624282316609076,-0.0018668073980222522
2015-06-02,-0.02172284116238632,-0.011595401580128284
2015-06-03,0.0025697372357038617,0.0013340325656481244
2015-06-04,0.008443105571902199,0.004361329094634714
2015-06-05,-0.005986066419575942,-0.003026721024770973
2015-06-08,-0.007935158699898526,-0.0044015324588262406
2015-06-09,-0.013542340392333846,-0.007052166670238447
2015-06-10,-0.002773982741928166,-0.001454943077235038
2015-06-11,0.017111661751544077,0.009248050239843986
2015-06-12,0.002262539107970668,0.00114174024605318
2015-06-15,0.003401280774462251,0.0017868064922823557
2015-06-16,0.002539568798663655,0.0013786692136128487
2015-06-17,-0.0038082355650009003,-0.0020741693604396927
2015-06-18,0.0023212304112109894,0.0012495800468388385
2015-06-19,0.010587463716734746,0.005584044133997157
2015-06-22,-0.009553380560333974,-0.005050430019066021
2015-06-23,-0.0058103869790377405,-0.0028897947852423167
2015-06-24,0.003124827432545968,0.0015313093565287872
2015-06-25,-0.0018578744122132451,-0.001029963253692756
2015-06-26,-0.009444095038969147,-0.005075817714815689
2015-06-29,0.0026509968893216884,0.0010685175664562063
2015-06-30,-0.014885514403711442,-0.00790754199628374
2015-07-01,0.014690585781173077,0.008094706275694863
2015-07-02,0.003356911055337697,0.00197794885612379
2015-07-06,0.029210752998469036,0.017214194300172903
2015-07-07,0.01752392898586591,0.010351624540107185
2015-07-08,0.0015837268029379736,0.0006312996335775534
2015-07-09,-0.019016704564886577,-0.010781216183370579
2015-07-10,-0.003106192951441572,-0.0019140187538188025
2015-07-13,0.007806984281794022,0.004496372476339383
2015-07-14,0.0036957043188466654,0.002355226654857878
2015-07-15,0.01943392159653748,0.010918916534063516
2015-07-16,0.013966773363828261,0.007911174220563755
2015-07-17,0.011580312299063589,0.006562626368416202
2015-07-20,0.014861993113443883,0.007862548439022676
2015-07-21,-0.0037101065439088254,-0.001802821446182712
2015-07-22,0.012074362804021799,0.005959074199936909
2015-07-23,0.010817865292550743,0.005631393538484408
2015-07-24,0.003012646621106535,0.0012023810532777457
2015-07-27,0.015415264085786529,0.007523451741460185
2015-07-28,-0.007277686068279859,-0.0033856192487468073
2015-07-29,-0.007523256856100002,-0.0034747517036385345
2015-07-30,0.007029287666043327,0.003755768043375518
2015-07-31,0.015810552626093405,0.007817329734989498
2015-08-03,0.017683317654809738,0.010288494772810353
2015-08-04,-0.00715560662710818,-0.004136485514945276
2015-08-05,0.003106406587933097,0.0017853578051258978
2015-08-06,-0.0013688208329924456,-0.0007547894653321396
2015-08-07,0.006879624644355903,0.003951081297841164
2015-08-10,-0.018104846021574778,-0.010658876647902327
2015-08-11,0.007910451824871184,0.004643329642734173
2015-08-12,-0.0046550255678210195,-0.0029175354211847804
2015-08-13,0.007296612215752923,0.004211367236044428
2015-08-14,0.008833773660403443,0.005163669889792333
2015-08-17,0.007018927911105949,0.0038790568111262136
2015-08-18,0.002147218107925619,0.0016090905498078456
2015-08-19,0.00585772772732962,0.002859247360251338
2015-08-20,-0.014062165981457514,-0.007985139974760802
2015-08-21,-0.010346212339081423,-0.005496092327887725
2015-08-24,0.0035459895416168064,0.0021898948000638185
2015-08-25,-0.010411761864682845,-0.005192999203492588
2015-08-26,0.027689077292108732,0.01447477247981599
2015-08-27,-0.021982304099164296,-0.01094503198957164
2015-08-28,-0.023329321291941152,-0.012723341815542577
2015-08-31,-0.03243371290100194,-0.018767103522473128
2015-09-01,0.015953940080955742,0.007654864567484987
2015-09-02,0.0011457662938634539,0.00102009091848565
2015-09-03,-0.005720843019993399,-0.0028413842427879032
2015-09-04,0.005281653586052454,0.002332548076391605
2015-09-08,0.0012385157111343137,0.0010392093188489326
2015-09-09,0.009900173677780927,0.004492935968408496
2015-09-10,-0.008156239225321799,-0.003617506486231492
2015-09-11,0.009525974299471773,0.004733799269342587
2015-09-14,0.007101739948628838,0.003261562872911572
2015-09-15,-0.0029876041738168824,-0.0010824889946141614
2015-09-16,-0.021763787769279147,-0.010028897361613609
2015-09-17,0.005845731027692119,0.002795516535060827
2015-09-18,0.011853032342286407,0.005317885897416774
2015-09-21,-0.0157600860475621,-0.007470443919128211
2015-09-22,0.009570978236348976,0.004453751311950471
2015-09-23,0.01011767324437518,0.0048279633899930285
2015-09-24,-0.010172096898662802,-0.005006943043138978
2015-09-25,-0.012656891484502525,-0.006295545966721328
2015-09-28,0.011551552586959724,0.005207946230171068
2015-09-29,-0.0049605574982346246,-0.0023176383273361134
2015-09-30,0.008482059225001615,0.004479347155126101
2015-10-01,0.006934126994349615,0.003432715161476807
2015-10-02,-0.007460350649347913,-0.0032374781526075536
2015-10-05,-0.010857142327234837,-0.00509997298431264
2015-10-06,-0.023905039406532325,-0.011895205316426738
2015-10-07,0.0019735014305730936,0.0010313210958132757
2015-10-08,-0.003137242283271585,-0.001234149362439041
2015-10-09,-0.0007809863283174956,-0.0004007504887122426
2015-10-12,0.01696009657372957,0.00878416705175944
2015-10-13,0.0010276043634001586,0.0002556974404466228
2015-10-14,-0.0017689121065108948,-0.0011108618227594347
2015-10-15,0.007189714336549385,0.004048942861311522
2015-10-16,0.003248530907265651,0.0018589185008734965
2015-10-19,0.014835628141503604,0.007524456067889984
2015-10-20,-0.006732064534263865,-0.0035656985970056176
2015-10-21,0.011726876053866575,0.005623658227843498
2015-10-22,0.006948405571365862,0.003983125532317944
2015-10-23,0.013303589661753962,0.007049016486483151
2015-10-26,0.0058191532012573655,0.0026227896383796967
2015-10-27,0.006804722659105755,0.003141324459158268
2015-10-28,-0.020648876843523928,-0.00883614993853199
2015-10-29,0.0032719205745600777,0.0017300339518986352
2015-10-30,-0.0058166791755363545,-0.002882720809227912
2015-11-02,0.0019706478844128687,0.0033729345880288975
2015-11-03,-0.01833317361971265,-0.00873274004462088
2015-11-04,0.014803557566130499,0.007269955809882767
2015-11-05,0.007826310863081165,0.0036396130344289457
2015-11-06,0.005426451241233143,0.002571058282369032
2015-11-09,0.008677104230776278,0.004074780686281532
2015-11-10,0.003553003942499633,0.0016891244914061243
2015-11-11,0.0033630311726397244,0.0013104671136288104
2015-11-12,0.007529926526940234,0.0030352949154233144
2015-11-13,0.008122356359837546,0.0033687487370597236
2015-11-16,-0.004274821932807676,-0.0014973906299182715
2015-11-17,0.011732531917085148,0.005019518571076409
2015-11-18,0.0052393930182673965,0.0026543624235162433
2015-11-19,-0.0015519497551465256,-0.0008659659658549757
2015-11-20,-0.0011702376309756235,-0.0006017051296247633
2015-11-23,-0.0019645954806294663,-0.0007124357588388364
2015-11-24,-0.009300604315547495,-0.003869488944190147
2015-11-25,0.0006526227895332914,0.00041516656295281784
2015-11-27,0.01832721517538563,0.008268304411848781
2015-11-30,0.003390132512326449,0.0013586319345866293
2015-12-01,0.0009371761043205362,0.0006204634492981143
2015-12-02,0.014982920453134624,0.00989871944240961
2015-12-03,-0.027328516643199158,-0.017758161755473956
2015-12-04,0.01723361861387601,0.011242527246130063
2015-12-07,0.03036852749926494,0.019570744170949395
2015-12-08,0.005442987611220834,0.003384858942321989
2015-12-09,-0.002659170215315282,-0.0019083944792174234
2015-12-10,0.008023091820935385,0.004783914022239433
2015-12-11,0.013204960775958674,0.007747511407825591
2015-12-14,-0.005476484406018639,-0.0032871318062606125
2015-12-15,-0.006112017622155852,-0.003398685066342888
2015-12-16,0.013336558052021524,0.007846634376768247
2015-12-17,0.008583113145120391,0.004744832153553036
2015-12-18,-0.00825108478080333,-0.005233294710667469
2015-12-21,0.004932159116875251,0.003002813514671132
2015-12-22,-0.0021716630634434353,-0.0012010965788203931
2015-12-23,-0.018672237670117192,-0.01042298622297122
2015-12-24,0.001451523709562752,0.0009855526086612887
2015-12-28,0.014777869862862392,0.008632392611114703
2015-12-29,-0.0121670326866066,-0.006867246094928392
2015-12-30,0.008358034308687395,0.004574609874118618
2015-12-31,-0.006711850617465848,-0.004060223892883963
2016-01-04,-0.007783822809262929,0.007369153373353088
2016-01-05,0.00858417695048963,0.005284751993198666
2016-01-06,0.009524226030561994,0.005570721068958173
2016-01-07,-0.016000855319972473,-0.010019573317315289
2016-01-08,0.0015175561526529213,0.0011007756726391094
2016-01-11,0.027366314670556863,0.01573386249330655
2016-01-12,0.010419511680443333,0.005896991048143674
2016-01-13,-0.020863444483873228,-0.012525958179654406
2016-01-14,0.013349362348420907,0.008235958522708309
2016-01-15,-0.004519151986235287,-0.0036555341545393416
2016-01-19,0.009940091801800804,0.004773489554556809
2016-01-20,0.0020671835033615193,0.00040613937070221873
2016-01-21,-0.012602132959452783,-0.006093973810576747
2016-01-22,-0.009042603191311172,-0.0031410628046649736
2016-01-25,0.01176170764270068,0.005396306538614448
2016-01-26,-0.012015298592263524,-0.005827801740329375
2016-01-27,-0.018695076971100205,-0.01023043312457328
2016-01-28,-0.005850848032749073,-0.002231086254112391
2016-01-29,0.01610285138262668,0.009479726780710962
2016-02-01,0.01620854074674352,0.00942606049839112
2016-02-02,0.003715091598533088,0.0012624828805058996
2016-02-03,-0.03538923749846826,-0.017837358972233486
2016-02-04,0.0006040003463394505,0.00016447723127233083
2016-02-05,-0.016581133010100696,-0.00968928827192772
2016-02-08,-0.008911859581784837,-0.005473073171240572
2016-02-09,0.01804024355421363,0.009493676643626658
2016-02-10,0.004889489940797104,0.0020607971333894692
2016-02-11,-0.02705210032723307,-0.015405963924101762
2016-02-12,-0.0020573243955540887,-0.00030513539462195816
2016-02-16,0.03316729957859765,0.019378943509343438
2016-02-17,-0.008016605222751022,-0.0033742088823353056
2016-02-18,-0.009070785785410845,-0.0056519139712192246
2016-02-19,0.009244890587233934,0.005157982171433373
2016-02-22,0.003943201087353909,0.003341007079616709
2016-02-23,-0.0010750652071028488,-0.001482132962497551
2016-02-24,-0.004295396555646369,-0.0021259754091268457
2016-02-25,0.004550957807695433,0.003024376044495014
2016-02-26,0.006694812314536974,0.003932346306850576
2016-02-29,-0.021201074292073463,-0.011729100483501287
2016-03-01,-0.031412126572128024,-0.002442457186547342
2016-03-02,-0.008836267293371863,-0.002796226642638122
2016-03-03,-0.002519875712766906,-0.0008210874149908731
2016-03-04,-0.02470224094973486,-0.00786934892719271
2016-03-07,-0.014725425606024745,-0.0049313259931796916
2016-03-08,0.02717615897950057,0.009134037440132303
2016-03-09,-0.02358217128158191,-0.007730141186853556
2016-03-10,0.005639310403747599,0.0019039282338235708
2016-03-11,-0.021657467703527777,-0.007079868630243791
2016-03-14,0.011659780299803385,0.004064538805343076
2016-03-15,0.014497123151237662,0.004838136952842964
2016-03-16,-0.01803532340936509,-0.006116344465902035
2016-03-17,-0.01332782664764115,-0.004775355001730763
2016-03-18,0.00019968063531403124,9.87721517018425e-05
2016-03-21,-0.00713669620761076,-0.0024283039694549258
2016-03-22,-0.0018791789535533565,-0.0005569993804054318
2016-03-23,0.025076361447973622,0.008790681706487335
2016-03-24,0.004053152340885685,0.0013804974779354495
2016-03-28,-0.002137645534186078,-0.0006798678677428782
2016-03-29,0.00796219845020596,0.0025758980754044813
2016-03-30,-0.0035193070821507577,-0.001146160711199995
2016-03-31,0.007341980161868711,0.002385738609760102
2016-04-01,0.01772043767503853,0.0071588471977015455
2016-04-04,0.013321949245991949,0.0038936815394510216
2016-04-05,0.01797877675608861,0.005359625874392204
2016-04-06,-0.02514487441147817,-0.007120492796079514
2016-04-07,0.022856939696946382,0.0068346474627052345
2016-04-08,-0.03064783625881612,-0.008855995957926077
2016-04-11,-0.007732894443100546,-0.0023412834236163915
2016-04-12,-0.02567424340818375,-0.007882890126331143
2016-04-13,-0.010176752649405318,-0.0030234772327100146
2016-04-14,-0.0025012057896780515,-0.0007576092808838641
2016-04-15,0.014686082240119802,0.004658140904455488
2016-04-18,-0.0045040026642822195,-0.0013692378880640899
2016-04-19,-0.018012100720549734,-0.0056561736831844955
2016-04-20,-0.018435224091054137,-0.005927130257258217
2016-04-21,0.005769336720903379,0.0018353141392570826
2016-04-22,-0.007326637414658693,-0.0023693896800213166
2016-04-25,0.008130890191378526,0.002664863294424613
2016-04-26,-0.014244302468586573,-0.004594961257662344
2016-04-27,-0.00729874959689833,-0.002545940310850092
2016-04-28,0.017780089025621698,0.005538919928078201
2016-04-29,0.007096705858065766,0.002157000006298704
2016-05-02,0.0031344183393322567,0.0011042473946953901
2016-05-03,0.026139322805698167,0.009175393920661135
2016-05-04,0.00490794461290478,0.0017472642606710664
2016-05-05,0.0017020861198281112,0.0005812642199776175
2016-05-06,-0.0031936100249393418,-0.001066459456905311
2016-05-09,0.008817337252477159,0.0028528139528702923
2016-05-10,-0.023272221852844027,-0.007628449272472193
2016-05-11,-0.005045184266759095,-0.0015594116939984248
2016-05-12,-0.007100333038959433,-0.002508638957411491
2016-05-13,0.014807196077123358,0.0051873483070099535
2016-05-16,-0.02116841155178628,-0.007367912217243533
2016-05-17,-0.0016216504059667625,-0.0006016919487044081
2016-05-18,-0.003540566075649426,-0.0012428593440488855
2016-05-19,0.0042178715692303415,0.001399388927183276
2016-05-20,-0.005333666436729778,-0.0017735155926855706
2016-05-23,0.006859204547019715,0.0023622699430618788
2016-05-24,-0.017123686193197596,-0.005997707528900054
2016-05-25,-0.015041937252996573,-0.005328985654588392
2016-05-26,0.0014031860162095067,0.0005534781272986677
2016-05-27,-0.0055497048586483355,-0.0019254058898104942
2016-05-31,0.005724577002380715,0.0020945670819831896
2016-06-01,-0.0008312321087844683,-0.002064595534204572
2016-06-02,0.0027502348240712182,0.001316695014292879
2016-06-03,0.015733941803893647,0.007516200189812139
2016-06-06,-0.014573210501875905,-0.0070876290275676546
2016-06-07,-0.01061872067539274,-0.0052789049354580175
2016-06-08,0.004519937223211312,0.0020978494699994688
2016-06-09,0.017105533985118188,0.008635245656235746
2016-06-10,0.027557000702079504,0.013648305868309452
2016-06-13,0.015102106286929345,0.00724228698385021
2016-06-14,0.006789009876918467,0.0031276113349034684
2016-06-15,0.00782797736751309,0.003885877649145719
2016-06-16,0.008541561278178705,0.003732739905848881
2016-06-17,-0.014036767588985477,-0.006074731738321293
2016-06-20,-0.020943366505379757,-0.009779888006262838
2016-06-21,-0.013884364501423385,-0.0068812675975941096
2016-06-22,0.00607598555253655,0.0029632649765116703
2016-06-23,-0.026870978635270076,-0.012942277579810924
2016-06-24,0.08782089613988583,0.043593311607549534
2016-06-27,0.020784708282845843,0.009495207244519355
2016-06-28,-0.02710160917342061,-0.012062169151234148
2016-06-29,-0.016057671900357923,-0.007015072052812377
2016-06-30,0.007951585231469327,0.004254747771258005
2016-07-01,-0.003363335845371822,0.002985317109547081
2016-07-05,0.03191315648642851,0.015234006027654567
2016-07-06,0.0025932292351037167,0.0012832040109158616
2016-07-07,0.025562706837694044,0.011562605848201235
2016-07-08,-0.004157913454665818,-0.0017468843989826288
2016-07-11,-0.0062054875238662655,-0.003257434566625639
2016-07-12,-0.03044916207009929,-0.013597440282515527
2016-07-13,0.015818885911192515,0.0071890083081340705
2016-07-14,-0.013588052472880363,-0.006324590723004064
2016-07-15,-0.0003985949622233309,-0.00016700892621801522
2016-07-18,0.0004944308401287345,6.992940149253002e-05
2016-07-19,0.013365538740451599,0.006086999546072169
2016-07-20,0.001706630623893396,0.0007150137927209865
2016-07-21,0.012275757436554208,0.005372125598090083
2016-07-22,0.0005390652805286056,0.0001152309011716035
2016-07-25,0.011882908730120156,0.00512860581225949
2016-07-26,0.004983762756897964,0.0021026982297713825
2016-07-27,0.011276455114760414,0.004794738102113172
2016-07-28,0.008949019670717567,0.003528143674841333
2016-07-29,0.004434875178127684,0.002356761150204223
2016-08-01,0.008228939109904467,0.0023564880722830583
2016-08-02,0.007282105197675026,0.0022602956049870837
2016-08-03,-0.013683857094396373,-0.004202468926009062
2016-08-04,-0.0012806981028673503,-0.00040220054339035194
2016-08-05,-0.02026138395530927,-0.006369261789136438
2016-08-08,-0.008716776501802498,-0.002823073069440185
2016-08-09,0.004199986551772589,0.0012924945465466742
2016-08-10,0.014055197298936423,0.004511082033285874
2016-08-11,-0.0233769294837137,-0.0074510545829471475
2016-08-12,-0.0045799674389983,-0.0015634061283572587
2016-08-15,-0.009257331806906743,-0.0031856583725689003
2016-08-16,-0.0024773669959752276,-0.0008843683427527393
2016-08-17,5.224365102862727e-05,-2.4461848130430397e-05
2016-08-18,-0.009752858385535468,-0.0034695476672458314
2016-08-19,-0.005550470195603147,-0.0017449853664871506
2016-08-22,0.006257764149393913,0.0025932274062168137
2016-08-23,-0.004068073938830602,-0.0014120978121546779
2016-08-24,-0.0029179542343959752,-0.0005342495651160517
2016-08-25,-0.0026471272868486273,-0.0009738352708587028
2016-08-26,0.001063316519343438,0.00030357987620521776
2016-08-29,0.0063151170067663465,0.0020223339553109287
2016-08-30,-0.00510974257203789,-0.0014337814764537882
2016-08-31,0.010297669118722763,0.0036189351688922233
2016-09-01,0.01162287691434219,0.003766075148019299
2016-09-02,-0.003267438403907391,-0.0010191291489589638
2016-09-06,0.011732363853255379,0.004614045970747105
2016-09-07,-0.010455813236813993,-0.0038968452381709096
2016-09-08,-0.02239174147260964,-0.008200176068681841
2016-09-09,0.0014769654260690657,0.00039927692026320294
2016-09-12,0.0001877065094260666,0.00010136247358394357
2016-09-13,0.005614937879290849,0.0019753952046106527
2016-09-14,0.011448603979288624,0.004091515961425651
2016-09-15,-0.0052304175040219225,-0.0018938824632896978
2016-09-16,0.0035220520084714713,0.0011397156237575867
2016-09-19,0.004410094790661151,0.0016467023747412934
2016-09-20,-0.002152877766637862,-0.000728480064717707
2016-09-21,0.004199374933345323,0.0019654795248655876
2016-09-22,-0.0017143216800507288,-0.0005672817817312659
2016-09-23,0.010501480921763034,0.003658762654514147
2016-09-26,-0.007175077616640019,-0.0025282893822857755
2016-09-27,0.005477293985928722,0.001808297885856236
2016-09-28,-0.019609111002845542,-0.006877274003487699
2016-09-29,-0.005400326678471706,-0.001976864707696202
2016-09-30,-0.002748113282548148,-0.001043805362565986
2016-10-03,-0.01082225530089223,-0.005380692274220555
2016-10-04,-0.024482535411525258,-0.014345230797028652
2016-10-05,-0.010455850744594847,-0.006217628890103466
2016-10-06,-0.009390712261870215,-0.005411226441540795
2016-10-07,0.012409647846695626,0.007382831115620103
2016-10-10,-0.005661369534271321,-0.0036863466410245183
2016-10-11,0.0014271256111798025,0.0009622944701657143
2016-10-12,0.004463031717049704,0.0027876065881742296
2016-10-13,-0.004549424761190246,-0.0027695581124799196
2016-10-14,-0.002527733933146925,-0.0014616033623929825
2016-10-17,0.0004018593471861176,0.000230069162923785
2016-10-18,0.0012231213082864734,0.0005816524185169314
2016-10-19,-0.0014441820650046566,-0.0011149246608237462
2016-10-20,0.003549876321995049,0.0024552493942513465
2016-10-21,-0.0016460967023139705,-0.0010750153426850595
2016-10-24,-0.0007543648176004392,-0.0004798253884218395
2016-10-25,0.007879129385437028,0.004644169859847613
2016-10-26,-0.0012703700057493106,-0.0005714121118600701
2016-10-27,-0.005642485369967171,-0.003457883217553359
2016-10-28,0.010375027805911013,0.006185486174614896
2016-10-31,0.016358393276456717,0.009776307176441179
2016-11-01,0.01160764986552626,0.007654395991912644
2016-11-02,0.01268661495331519,0.00941627561971714
2016-11-03,0.0004260072935329262,0.00014716568420136689
2016-11-04,0.006734149995881622,0.004823901741139558
2016-11-07,-0.01798918318984921,-0.013037922910091981
2016-11-08,-0.0010266007841136793,-0.0008223024341681429
2016-11-09,-0.016478848778372773,-0.012113634112594918
2016-11-10,-0.002501798928906507,-0.0019215684325497584
2016-11-11,-0.014663080738298917,-0.011383130833195754
2016-11-14,-0.012064624418565928,-0.008574845330693748
2016-11-15,-0.00769692247427034,-0.005540493099977839
2016-11-16,0.005780123892532102,0.004372637418464054
2016-11-17,-0.010809586275386973,-0.00788865412602846
2016-11-18,-0.007493634617605299,-0.005365654301226375
2016-11-21,-0.017308639189852232,-0.013266995598471887
2016-11-22,0.005645580212343626,0.004435885514056714
2016-11-23,-0.013802685851285107,-0.010176787007694643
2016-11-25,0.005822581375270697,0.004644557672989658
2016-11-28,0.009504035309239628,0.006964322621713981
2016-11-29,0.008141657066868951,0.006286704792268116
2016-11-30,-0.03472775850721849,-0.0255143316073978
2016-12-01,-0.009919706393666489,-0.010200821622301182
2016-12-02,-0.0007284726703639388,-0.0003509762384096282
2016-12-05,0.0002459791491262464,0.00013997944931953832
2016-12-06,-0.0010126134396036268,-0.0007700780664282592
2016-12-07,0.012756442098788484,0.00920982646612134
2016-12-08,-0.0035240649561391613,-0.0024981684295375395
2016-12-09,-0.012882802306884239,-0.009409539971075964
2016-12-12,-0.005407691929876862,-0.00362869192072246
2016-12-13,-0.005499986362256071,-0.004143575752452167
2016-12-14,-0.001956462972381473,-0.0015441068499721933
2016-12-15,-0.013929689701283665,-0.010537411845774614
2016-12-16,-0.004618141176809726,-0.003306300253847483
2016-12-19,0.0017758150288205987,0.0013038695730847039
2016-12-20,-0.0017200077469492203,-0.0013545494826054938
2016-12-21,0.001457666905716054,0.0011126463130997077
2016-12-22,-0.0018331207935332328,-0.001334389656339141
2016-12-23,0.00014483834808542984,4.406975046999939e-05
2016-12-27,-6.768517247845995e-06,-8.147212913933721e-05
2016-12-28,0.00628762003213626,0.004517530187257979
2016-12-29,0.009517961374491374,0.00693376017621361
2016-12-30,-0.009838955120649112,-0.0071405134806288295
2017-01-03,0.017704458553116448,0.00909615732014668
2017-01-04,-0.004831776259190179,-0.004453571053497862
2017-01-05,0.002350183820727103,0.0023617657387253743
2017-01-06,0.0006428815279731215,0.0005374608104968814
2017-01-09,0.00798232895992615,0.007444737411320235
2017-01-10,0.00772055703645963,0.007106446586801596
2017-01-11,-0.0005522940073107718,-3.425375823851162e-05
2017-01-12,-0.00010222857188918466,2.3842954537833805e-05
2017-01-13,0.0015256064662458324,0.001312736366634093
2017-01-17,0.0004236111080291871,0.0006878301021822075
2017-01-18,0.0033195312264227006,0.0026742207419445663
2017-01-19,-0.003512707216362154,-0.0033126444927727983
2017-01-20,-0.0022664147701537685,-0.0018314122216428474
2017-01-23,0.004009490852543818,0.003862756864567274
2017-01-24,0.00021970804084819884,0.0002294823964912318
2017-01-25,-0.005337659483624274,-0.005222122500126769
2017-01-26,-0.004163410901493025,-0.003773056752942705
2017-01-27,0.006766861363076859,0.006497032450054396
2017-01-30,0.005267431105530185,0.0048796156629176135
2017-01-31,0.005551102267623231,0.005582674365480544
2017-02-01,0.006769422187609205,-0.004225527040559562
2017-02-02,0.003164946370830979,0.0020085156020936967
2017-02-03,0.003454588114084667,0.0021804390598616497
2017-02-06,-0.006716114730993927,-0.004305782616325526
2017-02-07,-0.006108310520476945,-0.0038926520205038173
2017-02-08,-0.0021360283081845455,-0.0014204040429618425
2017-02-09,0.011834611501115838,0.007603494202646166
2017-02-10,0.008951160283017595,0.005682558849035679
2017-02-13,-0.0025218960258387435,-0.001615485623109203
2017-02-14,0.007731891009039121,0.004904719451841899
2017-02-15,0.003945217466194084,0.002526321803769216
2017-02-16,-0.005409380610707032,-0.0034049616231726088
2017-02-17,0.001419709598737745,0.0008875539816517453
2017-02-21,0.0066086681696340965,0.004205160762707827
2017-02-22,-0.006381883719069975,-0.004040420575787684
2017-02-23,0.0002133330226010699,9.769792499580987e-05
2017-02-24,-0.002815550661058097,-0.0018176527565061384
2017-02-27,0.0022263405543935244,0.0014488619716155338
2017-02-28,-0.0011668992644486287,-0.0008062108994075778
2017-03-01,0.01444179298763587,0.00775832934063625
2017-03-02,-0.009523028114530818,-0.008717099050821409
2017-03-03,0.004913159901672237,0.0044212493623958515
2017-03-06,0.003271779535991476,0.0029971182417256603
2017-03-07,0.0022561545537142513,0.0020457510783562505
2017-03-08,-0.01633518774581183,-0.0146954726038665
2017-03-09,-0.003319818180111317,-0.002844934033911173
2017-03-10,-0.006153796603520806,-0.005215707261418956
2017-03-13,0.004369000220526692,0.004080491987934698
2017-03-14,-0.0038787511549048526,-0.0033937262882016705
2017-03-15,0.0020549246121021048,0.0015370916644574795
2017-03-16,0.000318832091481952,0.0003825021257539696
2017-03-17,-0.003939204185075623,-0.003672010215005961
2017-03-20,-0.0005583142567177346,-0.00028778415710961625
2017-03-21,-0.0194102141257248,-0.01794179998373957
2017-03-22,0.0008087814725329656,0.0007496815466523366
2017-03-23,-0.0035376575391056764,-0.0030604909317691886
2017-03-24,0.003268396283500591,0.0028404031617361714
2017-03-27,-0.00660786561977697,-0.006250053272468303
2017-03-28,0.012178521826784,0.011398622826578775
2017-03-29,0.006828517042461485,0.005757301989053332
2017-03-30,0.008845856237135435,0.00785945097846108
2017-03-31,-0.002688854178669986,-0.0027750222110155542
2017-04-03,-0.006055741329247964,-0.006394261350399111
2017-04-04,0.0068864806373514775,0.008360363216870281
2017-04-05,-0.004187635795192546,-0.005080018087284199
2017-04-06,0.0029208466978524195,0.0035214378435322047
2017-04-07,0.0017300957816454576,0.0020670906973243586
2017-04-10,-0.0005781965510458231,-0.0006873097386816962
2017-04-11,-0.0018241466531115358,-0.0022853076852605847
2017-04-12,-0.004188304876516891,-0.0050899572851402786
2017-04-13,-0.0008217425883943197,-0.000985933639881198
2017-04-17,0.0009388186506402163,0.00099907481878736
2017-04-18,-0.015900109514879385,-0.019541458622643115
2017-04-19,-0.003186732042622875,-0.003960031543943088
2017-04-20,0.002399023508764364,0.0029576471072454424
2017-04-21,-0.0034218512107274113,-0.004233447890587216
2017-04-24,0.0024133275470518967,0.003034200627422212
2017-04-25,0.0019068487209868423,0.0024604505293683854
2017-04-26,-0.005134426634228362,-0.00632299859453922
2017-04-27,-0.003034304361654555,-0.0036170647443484194
2017-04-28,-0.003915355261259856,-0.0048952002727811195
2017-05-01,0.0031764850127412054,0.0025145056645297093
2017-05-02,0.007207099688020163,0.008047502666958195
2017-05-03,-0.004004930414977681,-0.004525002561475477
2017-05-04,0.011550263242361691,0.012640161302727604
2017-05-05,0.00035523385091146276,0.000814457053005091
2017-05-08,-0.0005954246465257607,-0.0007032017485304465
2017-05-09,0.008800281286180878,0.009567848044893967
2017-05-10,-0.006500459103914308,-0.0066082111309409
2017-05-11,-0.0005735414294566754,-0.0005714359488605547
2017-05-12,-0.001274376921342829,-0.0013793543024070987
2017-05-15,0.001008418096051511,0.0013816854118546829
2017-05-16,0.001572739197604589,0.0017678851064208967
2017-05-17,-0.02415341457063297,-0.0270680115188896
2017-05-18,0.0009160824694215974,0.0009725507042550596
2017-05-19,-0.0012572795441289641,-0.0014866823258088413
2017-05-22,0.001808936384686155,0.0019878547203837638
2017-05-23,0.003997796587044855,0.004543727545565535
2017-05-24,0.005355974587099882,0.006104849750771857
2017-05-25,0.01762644862851609,0.02037122709196537
2017-05-26,-0.0011629581028231584,-0.00114524808371963
2017-05-30,-0.0025429732914399594,-0.0028586115498926423
2017-05-31,0.0021200060814375588,0.0022565358602755214
2017-06-01,0.007771081515745154,0.006809761801289227
2017-06-02,0.006808144287987233,0.0055815552472469054
2017-06-05,0.00018718906094861154,0.000117353754623295
2017-06-06,-0.007038707915288017,-0.005722032609677519
2017-06-07,0.011860615717214418,0.00971235491333422
2017-06-08,0.0026853375280378178,0.0021509492271734043
2017-06-09,-0.007396709240150345,-0.006031060706624514
2017-06-12,6.532085850852187e-05,9.240643305008511e-05
2017-06-13,0.003262599045593062,0.0027324723391786154
2017-06-14,0.0060108333158646055,0.004540762465148784
2017-06-15,-0.005453979692557592,-0.004527247460775818
2017-06-16,-0.00165825708003714,-0.0012548869364223947
2017-06-19,0.016650187093853325,0.013286807082905527
2017-06-20,-0.0034110866680678587,-0.003195309171271976
2017-06-21,0.011465616505557913,0.008593404548213002
2017-06-22,0.0020735359424257915,0.0017424737139666302
2017-06-23,-0.0008290119212590041,-0.0003970456878721329
2017-06-26,-0.001641615350109843,-0.0011317833679503897
2017-06-27,-0.013195407794802994,-0.010132410624709598
2017-06-28,0.005300951423254402,0.004468973071117155
2017-06-29,-0.015028389261904168,-0.012003535315581626
2017-06-30,-0.012079678490917845,-0.00921045765753803
2017-07-03,-0.005496928028487502,-0.0037823997758444916
2017-07-05,0.011297884867864316,0.008014738164878299
2017-07-06,-0.006910612346049616,-0.0048233066788107015
2017-07-07,0.013011989991358691,0.009020433147690632
2017-07-10,0.003864228254955915,0.0026948167143066026
2017-07-11,-0.001717827787842796,-0.0010902628709537066
2017-07-12,0.007102826807456442,0.005038790079434197
2017-07-13,0.0028238005115233944,0.0020399489307185714
2017-07-14,0.001581035415578358,0.0012235678142813455
2017-07-17,0.00196799386677296,0.0013295721041637343
2017-07-18,-0.0021673812175452833,-0.001428355723408159
2017-07-19,-0.0021759291151461357,-0.0013918006151927287
2017-07-20,0.0027812430764283247,0.0019570285978591784
2017-07-21,0.004143153125542504,0.0028554934173117275
2017-07-24,0.001284634297993581,0.001001436021857094
2017-07-25,0.000566287705699442,0.00037440087446283243
2017-07-26,-0.003515936831822275,-0.002365158869238493
2017-07-27,-0.007853133901784548,-0.005616503408115481
2017-07-28,-0.00608216537116707,-0.004355322677862983
2017-07-31,-0.00404937119979884,-0.0029879609096896687
2017-08-01,0.005950882524833751,0.004842362643250331
2017-08-02,0.0003638038861573101,0.00033355927773603966
2017-08-03,-0.004099793959302989,-0.003739873906107305
2017-08-04,0.012522104586429189,0.011332781866859154
2017-08-07,0.0041826952460498334,0.003707142896510085
2017-08-08,-0.005019802092655873,-0.004386871586413266
2017-08-09,-0.012616647547262994,-0.011258423099721804
2017-08-10,-0.020097149575251688,-0.018379696779249333
2017-08-11,-0.00019545288975780784,-0.00020708882433784215
2017-08-14,0.015057397491913954,0.013774053961566057
2017-08-15,0.011363236274409078,0.010413893779637196
2017-08-16,-0.0022647945444787543,-0.0021898173080838745
2017-08-17,-0.01608934125537831,-0.014661328625780512
2017-08-18,0.002873523302442338,0.0026036974100744903
2017-08-21,0.0008362358674304238,0.0006561204284927236
2017-08-22,0.012514001909600198,0.011336035765001862
2017-08-23,-0.0031050236763492944,-0.0029582469524235266
2017-08-24,2.3574095208561685e-05,0.00025865277864234315
2017-08-25,1.9675388594708743e-05,-6.515174632060194e-05
2017-08-28,-0.011714869938904277,-0.010733941519788237
2017-08-29,0.004753008005078524,0.0041714310069354
2017-08-30,0.003629720846051454,0.0032744540484705986
2017-08-31,-0.0020991536277928935,-0.0020303762825938376
2017-09-01,0.0015473273427968068,0.0007609038016131997
2017-09-05,-0.02551380181075308,-0.019807810634769885
2017-09-06,0.005211103353418345,0.004019681702480016
2017-09-07,-0.0032042306761587147,-0.002587926385711703
2017-09-08,0.003470195386435171,0.0030066113753783874
2017-09-11,0.019089740675194283,0.01508862680808587
2017-09-12,0.001871957555124537,0.0014220327938723187
2017-09-13,-0.0034234210290538525,-0.0027928419012436256
2017-09-14,-0.0033699591733799272,-0.0026767616894020074
2017-09-15,0.004062910849400109,0.0030856567698300807
2017-09-18,0.01023507884099123,0.007947094551123746
2017-09-19,0.0032223542916038628,0.0025778465179677745
2017-09-20,-0.0013710801975942433,-0.0012829492401472686
2017-09-21,0.00023708333451058494,7.635079069157058e-05
2017-09-22,-0.00280121931818203,-0.002122916111700679
2017-09-25,-0.02128283206504289,-0.016736150535754724
2017-09-26,0.007383360901110109,0.005745032880794643
2017-09-27,0.007959476621616973,0.00603988703780689
2017-09-28,0.0014318147550595461,0.0013258765286898733
2017-09-29,0.00952441928834663,0.007230611372201601
2017-10-02,0.008449757859611384,0.004376502680853767
2017-10-03,0.0060669451344018965,0.004691637216429623
2017-10-04,0.0025473744909766394,0.002024146520391179
2017-10-05,-7.774764426371483e-05,-0.00022095217283857327
2017-10-06,0.001990965219324542,0.001939204383160309
2017-10-09,-0.002728093244089791,-0.0019730862897889834
2017-10-10,-0.005334228886892778,-0.004169279472545084
2017-10-11,-0.000862308771333864,-0.0006951789330910119
2017-10-12,0.001901099040807902,0.0016217117830523708
2017-10-13,-0.0025943060814231367,-0.002029542944179674
2017-10-16,0.0029364702859688285,0.002089818176269187
2017-10-17,0.002070332233721689,0.0014524051058504295
2017-10-18,0.003112424386560786,0.00236041778477869
2017-10-19,-0.006717879475448135,-0.004900450624991892
2017-10-20,0.007475105248355457,0.005566811360627533
2017-10-23,-0.007040292465745807,-0.005428655325154463
2017-10-24,-0.0001847680257069939,-0.00042573207162976967
2017-10-25,-0.0022002721263425784,-0.0016638801024804195
2017-10-26,-0.002130422998513737,-0.001927974187890702
2017-10-27,0.004926600291051353,0.0034337648744025007
2017-10-30,-0.004175857232687985,-0.003300350690572662
2017-10-31,0.005110898500184036,0.0037212360893328356
2017-11-01,-0.0026861006233372398,-0.0021298844168359254
2017-11-02,-0.00100626419306174,-0.0009674504415601026
2017-11-03,0.0011499773835116078,0.0007464761500277639
2017-11-06,-0.009477231335895342,-0.008489804408141954
2017-11-07,0.002098482529169665,0.0019421897727327497
2017-11-08,0.005160549708073475,0.004298498178975985
2017-11-09,-0.006970666464625325,-0.005769777757776429
2017-11-10,0.0008819642197081257,0.0008966845573721294
2017-11-13,-0.0013120150832661437,-0.001022330607313715
2017-11-14,0.0040166389870581465,0.003819697294244806
2017-11-15,-0.004060280769841412,-0.003184574134989848
2017-11-16,0.012496937587156837,0.009884390641882845
2017-11-17,-0.013099011006116018,-0.011201150037372543
2017-11-20,0.010989631994888116,0.009303590108981075
2017-11-21,0.00587856127422326,0.004381785170883612
2017-11-22,-0.010432702755637957,-0.008968836405254699
2017-11-24,0.0016264433539077139,0.0008842254334757715
2017-11-27,-0.0025284413285877605,-0.0015718052012009265
2017-11-28,0.010661369168741192,0.00876839071495783
2017-11-29,-0.0038512847069200606,-0.0027108554107297955
2017-11-30,0.009022817123331472,0.007406286338016654
2017-12-01,-0.007772213440969455,-0.010690013280424293
2017-12-04,0.00010882783429622123,0.00010235279329573466
2017-12-05,0.0034568637603064056,0.0035837472463635667
2017-12-06,0.0007712650083492867,0.0007185718554789666
2017-12-07,0.0116109456708553,0.011892358742156661
2017-12-08,0.00686372104667568,0.0070083797598807784
2017-12-11,0.00847362352353867,0.008508763319157397
2017-12-12,0.0002943372661041166,0.0002168960680095644
2017-12-13,-0.00464150316270881,-0.00447375453355825
2017-12-14,-0.002477620852688489,-0.002618609943192407
2017-12-15,0.002684870046701482,0.002865386601282216
2017-12-18,0.008629275450944635,0.008856756245554154
2017-12-19,-0.0032026613215072053,-0.003326005537001131
2017-12-20,-8.469416308501398e-05,-7.320741643745965e-05
2017-12-21,0.0028594144171141256,0.0029072982472972964
2017-12-22,0.00013763233057670354,0.00017165658319373556
2017-12-26,-0.007524199247884278,-0.00755185824163962
2017-12-27,-0.003104111334427645,-0.003127021913636896
2017-12-28,-0.0009531094152903652,-0.0009539354672868372
2017-12-29,-0.004220368784219081,-0.004357475912361908
2018-01-02,0.007319396580350802,0.006652312301650198
2018-01-03,0.0003861236017666525,0.00023887470935268773
2018-01-04,0.00567301920349747,0.00592714849490239
2018-01-05,0.011458730298999992,0.012077534854801009
2018-01-08,0.0019336299039097726,0.001848727407023354
2018-01-09,-0.004378269080239222,-0.004792777516958835
2018-01-10,-0.005105032867126241,-0.00562851065725023
2018-01-11,0.007327526986897842,0.007665826469127168
2018-01-12,0.004098264792576911,0.00409042108409885
2018-01-16,0.0006987566007826129,0.0008292641811136203
2018-01-17,0.007508314673672106,0.008092811425861601
2018-01-18,0.0009357033627919731,0.0009246893242482734
2018-01-19,0.007905663166193316,0.00829443457409762
2018-01-22,0.004946227007882914,0.005244347263769322
2018-01-23,-0.0006905007656858031,-0.0008319057170282917
2018-01-24,-0.008571448340492088,-0.009027508568040021
2018-01-25,0.0036244427310431204,0.004034414340717163
2018-01-26,0.005792812927349039,0.006209363636779486
2018-01-29,-0.005415137676587911,-0.00586275497750155
2018-01-30,-0.004180978322674084,-0.004392842538410546
2018-01-31,0.0025338303233622406,0.002567937544153631
2018-02-01,-0.005231971698766518,-0.011359800835408662
2018-02-02,-0.009650690327778877,-0.010888278140018248
2018-02-05,-0.0430951288795762,-0.045626940948575334
2018-02-06,0.025930474095497286,0.027856892437743808
2018-02-07,-0.010143240108279467,-0.011229825097370028
2018-02-08,-0.03679552680380538,-0.03919608442919398
2018-02-09,0.015229935496366864,0.01624334182664544
2018-02-12,0.011166263844641866,0.011895865386112536
2018-02-13,-0.0001049569284678753,-0.00012247558336953013
2018-02-14,0.012756127091079678,0.013617962570726005
2018-02-15,0.01096583004372459,0.011914180419720921
2018-02-16,0.004002788937383733,0.004095543612439911
2018-02-20,-0.0013845555000906729,-0.0016047497578731695
2018-02-21,-0.000987118222257416,-0.0011185523316599166
2018-02-22,-0.004409390848639144,-0.004622125962757351
2018-02-23,0.015427022465917234,0.016721981064357516
2018-02-26,0.00886916401562965,0.009637935160601963
2018-02-27,-0.011735712424901845,-0.013027528537155164
2018-02-28,-0.013120239391030408,-0.013956654216410125
2018-03-01,-0.019563321967556835,-0.01153656103344547
2018-03-02,0.006135506801413004,0.0035651797111877492
2018-03-05,0.006890293801889019,0.004017806170114158
2018-03-06,0.0014031890330086505,0.0007870970475298833
2018-03-07,0.006470429400345118,0.0038677988029265364
2018-03-08,0.0020598187399672174,0.0012008144894073425
2018-03-09,0.018423179242726878,0.010825826059235988
2018-03-12,4.590352466346537e-05,5.202799435477523e-05
2018-03-13,-0.008979310327382889,-0.0053457016600717555
2018-03-14,-0.0016580079047397167,-0.0009815079780318703
2018-03-15,0.002692483850640137,0.0015646961331887699
2018-03-16,0.0007802585311909305,0.00042757396831549777
2018-03-19,-0.008406208175169738,-0.005023938975920128
2018-03-20,0.007760842844584004,0.004516033633641836
2018-03-21,-0.008120386812959873,-0.0046841952050841185
2018-03-22,-0.02433820410158008,-0.014265339678826927
2018-03-23,-0.02410613149347582,-0.014031291395042667
2018-03-26,0.029619045721219622,0.01702694652176384
2018-03-27,-0.016189336185501807,-0.009399000166451454
2018-03-28,0.003655333593340082,0.002315370653562354
2018-03-29,0.010908005555573752,0.006167294983193239
2018-04-02,-0.028111223352151493,-0.015160831368016936
2018-04-03,0.01710308682715153,0.008981908851068976
2018-04-04,0.009545078383403488,0.005075296617185199
2018-04-05,0.0019388175411087782,0.001099588304258825
2018-04-06,-0.025136222317667933,-0.013282061191373762
2018-04-09,0.002275770484166384,0.0011690160780073455
2018-04-10,0.025010889603928665,0.013149062482050944
2018-04-11,-0.0012589923049185214,-0.0007003061813443123
2018-04-12,0.010777463391350717,0.005735029239959388
2018-04-13,-0.006556968276941633,-0.003429419693141811
2018-04-16,0.0013345154634435696,0.0007154787585310629
2018-04-17,0.0071730386839688465,0.004018392870470011
2018-04-18,0.005781605360392267,0.0031002431216786697
2018-04-19,-0.004978845177782354,-0.00284087664383037
2018-04-20,-0.002965403149172069,-0.0017948920850071604
2018-04-23,0.008519745662658618,0.00455135588057809
2018-04-24,-0.01601059704763999,-0.008662160401209595
2018-04-25,0.0025996415928959127,0.0013707731297460946
2018-04-26,0.011527698752147125,0.006161607053094986
2018-04-27,-0.004275241843591265,-0.002200534167758006
2018-04-30,-0.0022721990262017655,-0.0012392380479447906
2018-05-01,-0.003152291584820027,-0.0012236145772961393
2018-05-02,-0.0030275326827321203,-0.0015305143240166297
2018-05-03,-0.0015091504356494756,-0.000682204722570301
2018-05-04,0.013588951758699591,0.007488572457539977
2018-05-07,0.0037031970928696756,0.0020651878703761284
2018-05-08,0.0014389995187205351,0.0006582938636217062
2018-05-09,0.014672109027110913,0.007943789175580251
2018-05-10,0.0037147918269437863,0.002101949360715949
2018-05-11,-0.0036699902420969654,-0.0020740059140177403
2018-05-14,0.010255365225046748,0.005373436972715417
2018-05-15,0.0019453006517269056,0.0007509781926204884
2018-05-16,0.007757307109698519,0.004054388434797884
2018-05-17,-0.002078414869727846,-0.001076314728638117
2018-05-18,-0.01038595627768607,-0.00526032565879897
2018-05-21,0.006148541618087255,0.0034817174949601792
2018-05-22,-0.0026733723846471547,-0.0015101672172065372
2018-05-23,-0.0016488576253467224,-0.0006421240946984375
2018-05-24,-0.01175983717335663,-0.00616388216904884
2018-05-25,-0.014766649941719973,-0.008182951496643609
2018-05-29,-0.017302795573789997,-0.008946958764502022
2018-05-30,0.01375159544779192,0.007406930681413959
2018-05-31,-0.003783296227981292,-0.002151958702288348
2018-06-01,0.0037068991953842223,0.0019032668268237352
2018-06-04,0.007946905152193401,0.004980984846965519
2018-06-05,-0.0006427078587865065,-0.00047404216937696475
2018-06-06,0.003864140427444901,0.002311234783638705
2018-06-07,-0.003055827875464434,-0.00204201772995638
2018-06-08,-0.004524847897105139,-0.0026856575216048784
2018-06-11,0.0031970547346194533,0.0018450711605386694
2018-06-12,-0.000639728136469564,-0.0002969090759540327
2018-06-13,-0.0006942868915754963,-0.0005740467769942414
2018-06-14,-0.0019378478465867655,-0.001068693356842898
2018-06-15,-0.009766747706315693,-0.005296443481209057
2018-06-18,0.007570442681946926,0.0043179761682714535
2018-06-19,-0.006110915259714744,-0.003531004411444494
2018-06-20,0.007449922362485206,0.004545727466450655
2018-06-21,-0.008624925885997975,-0.005051542657269481
2018-06-22,0.016932538586609314,0.009754038823644118
2018-06-25,-0.011142063106656191,-0.0067204250134238475
2018-06-26,0.012179652648257627,0.007319208401274091
2018-06-27,0.0016750821612945554,0.0012216228756374292
2018-06-28,0.008585483973148206,0.005232080153506846
2018-06-29,0.006714603539982572,0.004054790975087652
2018-07-02,0.004274763657664077,0.0020902297291833793
2018-07-03,-0.008862084744888393,-0.006415535423334506
2018-07-05,0.002478240984026242,0.0019366871071464509
2018-07-06,0.005953453984471557,0.0041948438167918045
2018-07-09,0.010360740119022993,0.007506913275447946
2018-07-10,0.00362950319563049,0.002580315106720299
2018-07-11,-0.016763327754793528,-0.011422044331477865
2018-07-12,0.005329274627273839,0.003905402061093799
2018-07-13,0.003763385370039146,0.0025780486208240028
2018-07-16,-0.012874530971100667,-0.008457372654854356
2018-07-17,0.0066585911659587105,0.004865552856483157
2018-07-18,0.0075920316803283205,0.005082978691524742
2018-07-19,-0.0012174282193866959,-0.001055490804555692
2018-07-20,0.0010611854944489185,0.0007789449351032207
2018-07-23,0.006876737449589054,0.00501237410536981
2018-07-24,0.004022048622986718,0.0027127820811412295
2018-07-25,0.007593693261867901,0.005349302889244845
2018-07-26,0.002174339444591611,0.001168523503296992
2018-07-27,-0.009723768490666668,-0.006871537422214358
2018-07-30,-0.00011695044216436523,-0.000592293881972461
2018-07-31,-0.004278605130984547,-0.0026092027912877347
2018-08-01,-0.002217117894032144,0.0004204651361958689
2018-08-02,0.014016687354885898,0.012561090605449632
2018-08-03,-0.0021706597327112997,-0.0019361070898750166
2018-08-06,0.0036544101801128104,0.003263853842988773
2018-08-07,0.0048684072074731966,0.004371705587581154
2018-08-08,-0.012493786831868248,-0.011198929384950818
2018-08-09,-0.00039941213037067436,-0.0003913561391485354
2018-08-10,0.007638372333489046,0.006633503892620851
2018-08-13,0.0037010946530874334,0.0031779247528431753
2018-08-14,0.0012997278730012274,0.0012191708909810028
2018-08-15,-0.006775569977646945,-0.006290024244561043
2018-08-16,-0.00040805298908985765,-0.00018357949476999202
2018-08-17,-0.00344484135271389,-0.002927862702844952
2018-08-20,0.003750854605531484,0.0032545318471064455
2018-08-21,0.001625544322636563,0.0014573366122729858
2018-08-22,0.012809497014328375,0.011165863825983058
2018-08-23,0.006686453901786071,0.005615957816961004
2018-08-24,0.0009032945388413038,0.0011756548903603115
2018-08-27,0.0026650121862174803,0.002554867640161662
2018-08-28,0.005403321937808847,0.004500271022568336
2018-08-29,0.008930163495522447,0.008020682760570885
2018-08-30,0.0048898388295964546,0.003992964952763467
2018-08-31,-0.0008144212838379628,-0.000665038078288549
2018-09-04,0.002946592199192217,0.00021736809837480386
2018-09-05,-0.0074054423187439045,-0.0066456547869675475
2018-09-06,-0.007786793658759311,-0.006896421902608307
2018-09-07,8.08654761231542e-05,0.00011399563247249667
2018-09-10,-0.001387740534812415,-0.0014048603543286298
2018-09-11,0.01686073778954658,0.015174519786031349
2018-09-12,-0.002239608173086355,-0.0023560400849590435
2018-09-13,-0.0010392622065934776,-0.0008356088209013901
2018-09-14,0.0034041924979107685,0.0033225607701812265
2018-09-17,-0.00634974734834573,-0.005653188236984352
2018-09-18,0.012690834339301155,0.011293929126576785
2018-09-19,0.003562849412935859,0.002958932836061301
2018-09-20,-0.0021197640683396912,-0.002151494451137048
2018-09-21,0.003679424300308487,0.0033517294794727093
2018-09-24,0.010401827536861336,0.009270929044731036
2018-09-25,-0.0017620755284876999,-0.0017064124384102985
2018-09-26,-0.002618484004181576,-0.002228560575613381
2018-09-27,0.010981783572476006,0.00990866938893098
2018-09-28,-0.0004256176125116973,-0.0006154666110079754
2018-10-01,0.012732871000710078,0.012852202920434319
2018-10-02,-0.010610675719381762,-0.009677883776437413
2018-10-03,0.009888935395307247,0.009101764713668414
2018-10-04,-0.014036000475224325,-0.012593550613632987
2018-10-05,-0.011886684468018494,-0.01077281071961489
2018-10-08,0.004039033742064074,0.003975899182625309
2018-10-09,0.0029533775243978377,0.0026168312543044525
2018-10-10,-0.02855633366952709,-0.02509405680318133
2018-10-11,-0.03123483911142297,-0.028567174747291535
2018-10-12,0.013254066823740585,0.01142243063625803
2018-10-15,-0.009361704243040697,-0.008767859403558287
2018-10-16,0.014835912908463311,0.012928834976121184
2018-10-17,-0.00602866326424939,-0.005532385031585818
2018-10-18,-0.011345728705840913,-0.009638272035863316
2018-10-19,0.002203975526268387,0.0018794609204437762
2018-10-22,0.0032377035174897817,0.0031390454215500796
2018-10-23,-0.02466792623746067,-0.022972111456974975
2018-10-24,-0.01794934544377047,-0.015561109816486507
2018-10-25,0.020629815154412895,0.018586458897460023
2018-10-26,-0.011468533710756318,-0.010516108863258933
2018-10-29,-0.004473099683625359,-0.002798007446598638
2018-10-30,0.008541827470286284,0.007641940304260464
2018-10-31,0.005175740994721206,0.004724477237831426
2018-11-01,-0.025289772916600145,-0.0200657599087678
2018-11-02,-0.013070483086277895,-0.009457096341297877
2018-11-05,0.003559621847035177,0.002604140808426303
2018-11-06,0.0045864524513470895,0.003414601509267534
2018-11-07,0.005121609387951032,0.0037474894709599305
2018-11-08,0.0025566136505075776,0.002193952549025324
2018-11-09,0.002475048340018049,0.0018429766077778797
2018-11-12,-0.008908552647242635,-0.0063399708083864414
2018-11-13,-0.024522800788506383,-0.01640403791146894
2018-11-14,-0.0026318028075209277,-0.002547262583515786
2018-11-15,-0.0007695906962688903,-0.0006838162427669214
2018-11-16,-0.0037896257339702366,-0.002982499836466035
2018-11-19,-0.0071528980060187874,-0.005307956954702542
2018-11-20,-0.025795985399872656,-0.01702287118214385
2018-11-21,0.002701123276470624,0.0010724350767616908
2018-11-23,-0.018163538211172697,-0.011321848623484954
2018-11-26,0.012420095691100974,0.005117062743740686
2018-11-27,0.002410355259518382,0.0007408290403509987
2018-11-28,-0.00553089603653853,-0.0016612735791587951
2018-11-29,0.0060119911097305245,0.0018124876702561021
2018-11-30,0.0017011293572656017,0.0005652264338444901
2018-12-03,0.0127795304778332,0.00456574449391467
2018-12-04,-0.008989274701494077,-0.003245402107512785
2018-12-06,-0.0004556781244117736,-0.0002264683972960091
2018-12-07,-0.004786306651240191,-0.0016960991370700285
2018-12-10,-0.001960462194660534,-0.0008373412301301286
2018-12-11,0.00541793622876055,0.001920304457661226
2018-12-12,-0.012167465639520314,-0.004315564633657343
2018-12-13,0.010862302883394293,0.003807673782303622
2018-12-14,-0.012438597049922284,-0.004407986647215645
2018-12-17,-0.017414433039850852,-0.006051324756244814
2018-12-18,-0.021267289767569447,-0.007354529808457633
2018-12-19,0.005071503793646875,0.001748726018043767
2018-12-20,-0.02063336285082107,-0.006976211077950434
2018-12-21,-0.008793606320396385,-0.0026286787413341006
2018-12-24,-0.02193694935801807,-0.007195195899453388
2018-12-26,0.034962965538181456,0.010503664187571315
2018-12-27,-0.009454344439262158,-0.003323923551103336
2018-12-28,-0.011691698789709104,-0.0041197635481941
2018-12-31,0.007871897179990928,0.002495294304372564
2019-01-02,0.0019669966867820196,-0.002104988045295686
2019-01-03,-0.0061667882711426425,-0.0034671924108745644
2019-01-04,-5.313163475101357e-05,-0.0001343492513283806
2019-01-07,-6.98506074433003e-05,1.0608116886023922e-05
2019-01-08,-0.0008092923556951848,-0.000414880258845729
2019-01-09,-0.004132424065654283,-0.0023268821749713453
2019-01-10,0.002673119647838701,0.0014663150445755058
2019-01-11,0.0010165787146164118,0.0005899317137154636
2019-01-14,0.0009413983062509512,0.00048788508711861134
2019-01-15,0.005540387887625037,0.003144938766185046
2019-01-16,-0.004844196433927389,-0.0027274508424320887
2019-01-17,0.0004408059825894983,0.00030040924456842255
2019-01-18,0.0023726948258674108,0.0013870552326571417
2019-01-22,0.003166022600630758,0.0016439102743899259
2019-01-23,-0.004613482538116803,-0.002588420979110495
2019-01-24,0.0007038266467402909,0.00033510709619388734
2019-01-25,-0.006379764264836468,-0.0034452419739888773
2019-01-28,-0.0016785801813649082,-0.000988089650094448
2019-01-29,-0.003191449607946123,-0.001914484749041101
2019-01-30,0.0009755522877831491,0.00051899727113347
2019-01-31,0.0060095373707611255,0.003440547562455709
2019-02-01,-0.012974208168093969,-0.0034840438419316833
2019-02-04,-0.002476858178003666,-0.0005218180648117743
2019-02-05,0.00239567440347907,0.000515684613774825
2019-02-06,0.002301033533379959,0.0005069076456942767
2019-02-07,0.01701131438663528,0.00364579510076557
2019-02-08,0.004136185695036182,0.0008776294973436016
2019-02-11,0.00016119259594088442,1.8220617943542905e-05
2019-02-12,-0.010473070005119434,-0.0022021937106673217
2019-02-13,-0.00755737796753872,-0.0016031835632154268
2019-02-14,0.0009382847668076844,0.0001918795001216722
2019-02-15,-0.011280065866216382,-0.002440921517643302
2019-02-19,-0.0005303876214634573,-0.00012555154679327885
2019-02-20,-0.007776170459728671,-0.0017061497934651726
2019-02-21,-0.004152041147069296,-0.0009027868961970498
2019-02-22,-0.002400701056777199,-0.0005427636697211691
2019-02-25,0.005782696411680777,0.0013499996786692225
2019-02-26,0.0007601926116368729,0.00014264703935285006
2019-02-27,-0.01017890080522027,-0.0022176579442695354
2019-02-28,-0.0010668272763464937,-0.00023051909071036825
2019-03-01,-0.004678666050478036,-0.0007816259146391502
2019-03-04,0.0020011059953139176,0.0005496813087659813
2019-03-05,-0.004004125060143249,-0.0010711871390424177
2019-03-06,0.006515983180767987,0.0017409046281204876
2019-03-07,0.011042354020790318,0.002952874694569063
2019-03-08,0.007285157401270198,0.001925294024012647
2019-03-11,-0.011085281262604912,-0.0029077787172675507
2019-03-12,0.0008885868957021481,0.0002463139472117515
2019-03-13,-0.007859727791020565,-0.002094257610674388
2019-03-14,-0.007320936848267762,-0.0019837034080485427
2019-03-15,-0.004941298448850273,-0.0013144848354901262
2019-03-18,-0.0061135765109900375,-0.0016703956056443037
2019-03-19,0.0004498426513460385,0.00011621710698084264
2019-03-20,0.002279041948619054,0.0005894282200780143
2019-03-21,-0.0020060180188453403,-0.0005378584405084652
2019-03-22,0.025587120105486194,0.007038640334284141
2019-03-25,0.0003284045903678423,8.684867506292271e-05
2019-03-26,-0.009157134700218617,-0.0024916274521044057
2019-03-27,0.008654961165083908,0.0023821706565843037
2019-03-28,-0.0032781227668172708,-0.0008621042725114325
2019-03-29,-0.00475447370277246,-0.001300048293570999
2019-04-01,-0.012920622637535488,-0.007975960625466127
2019-04-02,-0.0015337211277400287,-0.0010310227179732845
2019-04-03,-0.0050992484116682,-0.003253297425111379
2019-04-04,-0.0014595176687414724,-0.0009671541712806819
2019-04-05,-0.0020949932527622173,-0.0014038403872969063
2019-04-08,-0.0053324886993775245,-0.0035344199911956364
2019-04-09,0.0016577292563241253,0.0010920820870026215
2019-04-10,-0.00022506773927327695,-0.0002212847718310318
2019-04-11,0.004222794821439196,0.0028684132217016156
2019-04-12,-0.005129617731284952,-0.003312049929461436
2019-04-15,0.0035699721141006224,0.0023360977403610317
2019-04-16,-0.0027325401312617015,-0.0017913257404679195
2019-04-17,0.0019586522551488794,0.0013128643759781067
2019-04-18,0.0019855490361014305,0.0012259894869859345
2019-04-22,-0.0032174077073718887,-0.0022275336690792402
2019-04-23,0.005478481610306424,0.0034796443230125096
2019-04-24,0.011623759301143455,0.007527590564612607
2019-04-25,0.00479623721185915,0.0032054244578862967
2019-04-26,0.0096451278737546,0.006494896897295321
2019-04-29,-0.003680842232785031,-0.0023767434008317156
2019-04-30,-0.001021241855044458,-0.0007756135846093137
2019-05-01,0.004021851637774826,0.00092158040143131
2019-05-02,0.004636534551284627,0.003138247343240863
2019-05-03,0.002727243804637347,0.001713914607090139
2019-05-06,-0.002979843768796425,-0.0020690172823965014
2019-05-07,0.0014982322765779987,0.0008252744308256954
2019-05-08,-0.002147748044320885,-0.0013995643200629404
2019-05-09,0.0024262426886445254,0.001515309792413655
2019-05-10,0.0007016299621520616,0.00040706496823927907
2019-05-13,-0.008012389155359206,-0.005194925408878559
2019-05-14,-0.003668444246241631,-0.0022504340070943485
2019-05-15,0.005092342864051053,0.00319768902601969
2019-05-16,0.0008161026104012425,0.0006346170020723463
2019-05-17,0.0027341626164432697,0.0017003949479894587
2019-05-20,-0.01209536099472358,-0.0076292924128887885
2019-05-21,0.003813341574284118,0.0024206434114248943
2019-05-22,0.008480913972399001,0.005541951618686536
2019-05-23,0.007879767529652137,0.005021583390566908
2019-05-24,-0.004924069791002822,-0.0029736034446892212
2019-05-28,0.00012066887815598282,0.00020579550238286615
2019-05-29,-0.0036828923857720186,-0.0022761434936018343
2019-05-30,0.009761597402298011,0.005962210649781863
2019-05-31,0.011592570561535093,0.006874102917180158
2019-06-03,-0.008113898461048069,-0.006537928017200545
2019-06-04,0.005732921223885662,0.004125626627219381
2019-06-05,0.012029108550993567,0.008890167391529591
2019-06-06,-0.005123567327161932,-0.003598717676030816
2019-06-07,0.008586326664219657,0.006395330519117337
2019-06-10,0.004413440769438365,0.0034298662962035653
2019-06-11,-0.002979779083281814,-0.0021576358332285883
2019-06-12,0.0013602152921859123,0.000900649232062678
2019-06-13,-0.0013103987093847635,-0.0008539148227698634
2019-06-14,0.0007700532450870823,0.000507870619367079
2019-06-17,0.0013430471787829745,0.0010176905411074522
2019-06-18,0.00414841155305834,0.0032599880258341596
2019-06-19,0.0011426175585077802,0.0008714045011559701
2019-06-20,-0.005883918191748383,-0.004157565009162423
2019-06-21,-0.0025417246181855258,-0.001886916738041422
2019-06-24,-0.0013599247442890317,-0.0011039580503049429
2019-06-25,-0.005620923567134034,-0.004469689766473661
2019-06-26,-0.0020100401923987266,-0.0014569166247306864
2019-06-27,0.004109286590831929,0.0031160724239784887
2019-06-28,0.005898059222502139,0.004444458026862774
2019-07-01,0.002338546925184121,0.00691522473009365
2019-07-02,0.019670916323012932,0.00832318689948508
2019-07-03,-0.0016461182386263151,-0.0006269776177467712
2019-07-05,-0.003963037483558585,-0.0016095834154543631
2019-07-08,-0.002122352636376501,-0.0009276853471634761
2019-07-09,-0.004150945621030078,-0.001721746266341917
2019-07-10,-0.015574841867492223,-0.006472081254553119
2019-07-11,-0.00479436496824745,-0.0020592216911772265
2019-07-12,-0.0002783694265702241,-0.0001240480455463322
2019-07-15,0.009749762505223553,0.004221812768675948
2019-07-16,0.00382653794248064,0.0015910296491987719
2019-07-17,0.0036687318345829667,0.001367511965155721
2019-07-18,0.0036022206945050816,0.0012948057781974054
2019-07-19,-0.009028830625404133,-0.003707159530604187
2019-07-22,0.0021702416070956687,0.0008379484338696397
2019-07-23,-0.003339480580027643,-0.001326370262171861
2019-07-24,0.0072252363451953405,0.002894940542622626
2019-07-25,0.00024779561962884333,0.00015974321449374607
2019-07-26,0.005273069310740647,0.002323225427628639
2019-07-29,-0.006635238073932459,-0.0027912704147244893
2019-07-30,-0.0073943051351922084,-0.0031285881925211534
2019-07-31,0.007267361274053891,0.0031735634722231953
2019-08-01,0.03591331295434122,0.014440507177004402
2019-08-02,-0.0038413785931654953,-0.0011981507902244504
2019-08-05,0.00715967156667377,0.0024179226797287345
2019-08-06,0.016242487986816906,0.0052229457516608235
2019-08-07,0.014693015183328773,0.004669079778282681
2019-08-08,0.0009159030323863948,0.00038644538871190903
2019-08-09,-0.011787444848277484,-0.0036310908031481626
2019-08-12,0.013597109908301624,0.0045622929888415875
2019-08-13,-0.015323708016600601,-0.004854405853557009
2019-08-14,0.014051567243948737,0.004770880818344425
2019-08-15,0.01074090496252858,0.003541542823397803
2019-08-16,-0.0013817772459586708,-0.0006236211618368959
2019-08-19,-0.010368014992745533,-0.0035061211822602356
2019-08-20,0.002680338423998202,0.0009988401856362294
2019-08-21,-0.0010573710063626618,-0.0004235298776437135
2019-08-22,-0.003499325406799092,-0.0012142073176595325
2019-08-23,0.01588854238636231,0.005266428561141234
2019-08-26,6.137486149468407e-05,7.506156198600067e-06
2019-08-27,-0.0002893245485118823,0.00019234277997903781
2019-08-28,-0.004602607899844874,-0.0014173568384856505
2019-08-29,-0.002111610667325514,-0.0008049811659909256
2019-08-30,0.010783106790602376,0.003410184790533455
2019-09-03,0.022946369063355815,0.004649462493070189
2019-09-04,-0.012594424559806916,-0.0033842323442293543
2019-09-05,-0.02696207774797013,-0.007401055501711329
2019-09-06,-0.008970706214582236,-0.00242652692734846
2019-09-09,-0.01813067048835945,-0.005023281780939692
2019-09-10,-0.006108342943474676,-0.0015721052479387154
2019-09-11,0.011329175337480069,0.003216702696935636
2019-09-12,0.0020982268000023785,0.0006593636532197245
2019-09-13,-0.021356599975142554,-0.0056212067499911145
2019-09-16,-0.02564602153868456,-0.007557140623402181
2019-09-17,0.016539727759640604,0.005023165971639543
2019-09-18,0.0016448851744834958,0.0006350304947038143
2019-09-19,-0.0012307838947814842,-0.00045028460786478153
2019-09-20,0.011515782617286752,0.0030335447951426175
2019-09-23,0.012669959954007853,0.0033058928062943416
2019-09-24,0.012170628902877345,0.0034743051818892923
2019-09-25,-0.0123800494679982,-0.0032099924947078806
2019-09-26,0.0027439792520602413,0.0007342392328519853
2019-09-27,-0.0010402515941993484,-0.0001554205714199286
2019-09-30,0.0004339209330281868,0.0003817578401967836
2019-10-01,0.008894154605282839,0.0016911559003407461
2019-10-02,0.01642251841146264,0.0036391640814184
2019-10-03,0.004617774361014515,0.0010214449069316789
2019-10-04,-0.0006911140095640922,-0.00011745275569385871
2019-10-07,-0.003263144781288474,-0.0007666502388709029
2019-10-08,0.01177639210228451,0.0026156431938439972
2019-10-09,-0.0052223458026981195,-0.0011415229364828416
2019-10-10,-0.02113837485197595,-0.004695753078203357
2019-10-11,-0.021791196807010665,-0.0048380040550153325
2019-10-14,0.013933005781334412,0.003131717322432559
2019-10-15,-0.012053484358524741,-0.002750607822781137
2019-10-16,-0.00030401818844524864,-6.644101572006456e-05
2019-10-17,-0.00239746475475322,-0.0005212236744450705
2019-10-18,-0.0002509926337938284,-7.964327152809592e-05
2019-10-21,-0.003325822380056992,-0.0007487067243472367
2019-10-22,0.0009801601812173544,0.00023246325590386974
2019-10-23,-0.009487367222383303,-0.002121049275150444
2019-10-24,0.004093749208064684,0.0009422066436024501
2019-10-25,-0.0014424295902087103,-0.0003045656413463993
2019-10-28,-0.005748435692122272,-0.0012976381171527773
2019-10-29,0.0021332132720424946,0.00047737002534486983
2019-10-30,0.009783650509577219,0.0021815005342524785
2019-10-31,0.014933789162012712,0.0033573761635268262
2019-11-01,-0.01488185054338817,-0.004396362368855544
2019-11-04,-0.006745733735034454,-0.0020705690396706222
2019-11-05,-0.016605195649747523,-0.005068964225559913
2019-11-06,0.009259788744758385,0.0028554978716381907
2019-11-07,-0.015288064175158794,-0.0045790205412771234
2019-11-08,-0.009315420970783639,-0.0027841655005965693
2019-11-11,0.004226137023626841,0.0013153064893849375
2019-11-12,-0.0001268262052055713,-5.8730669555306925e-05
2019-11-13,0.003049533072205346,0.0008468727472652482
2019-11-14,0.006256716106984611,0.001871493138265512
2019-11-15,-0.004525727020415926,-0.0013967144268915987
2019-11-18,0.009576150686071871,0.002971469406992888
2019-11-19,0.014310021109260135,0.004405755133271683
2019-11-20,-0.008697020612635109,-0.0026869508038305234
2019-11-21,-0.013391511663985278,-0.004144101107350084
2019-11-22,0.0015754822325386442,0.0005378303762268999
2019-11-25,-0.0014681648472619768,-0.00039934028074462
2019-11-26,0.0038617759755349146,0.0010693806894988
2019-11-27,0.0009747826493669842,0.00038674235947877555
2019-11-29,0.015362418406872663,0.004842600387933826
2019-12-02,-0.00880026413309351,-0.003944178318160074
2019-12-03,0.0071031245699363366,0.0031590483575951733
2019-12-04,-0.0114078186076714,-0.00511453666404782
2019-12-05,-0.0019425446540150548,-0.0008915919154741658
2019-12-06,-0.008509337478964346,-0.0038394374714807444
2019-12-09,-0.0012206227656635371,-0.0005586841424642941
2019-12-10,-0.0029168721048117296,-0.0013470272699085406
2019-12-11,0.008182698512865794,0.003646595910478778
2019-12-12,-0.005622837968031175,-0.002577079889704126
2019-12-13,0.0014007218735574423,0.0005864340852779204
2019-12-16,-0.005331991683891979,-0.002461719990887179
2019-12-17,0.003943484846886197,0.0018308420878851983
2019-12-18,0.00015293370624505642,7.748100720150752e-05
2019-12-19,0.00535034481564603,0.002416601104252347
2019-12-20,0.0037612530093377172,0.0016851464774130243
2019-12-23,0.007156847217196088,0.003240875925569986
2019-12-24,0.00505689945743748,0.002278801414302478
2019-12-26,0.003675922866561987,0.0016744965717925275
2019-12-27,-0.007988061436524085,-0.0036545028015980696
2019-12-30,-0.00036960986808184937,-0.00013706540164759584
2019-12-31,-0.004400926166238606,-0.001945777305317864
2020-01-02,0.010772817307876438,0.006672050717456246
2020-01-03,0.0031008287288709635,0.0014083480766404755
2020-01-06,0.0008219845404158765,0.00044086838480961177
2020-01-07,-0.00021809545870146718,-9.120963159270357e-05
2020-01-08,-0.0014782228714907142,-0.0009500031931536368
2020-01-09,0.0019766644572882797,0.0010658334712603246
2020-01-10,-0.006089051329401046,-0.0029772889991072082
2020-01-13,0.004844626292692861,0.0024789214867009246
2020-01-14,-0.0009508975665232788,-0.00047555388340159155
2020-01-15,-0.00274762367009726,-0.0013318047288672918
2020-01-16,0.010345413948401438,0.005134834295822843
2020-01-17,0.0035238061651652886,0.0019232449267045926
2020-01-21,-0.005359805268432827,-0.002713882451413241
2020-01-22,-0.006879073209698078,-0.0033687648689000316
2020-01-23,-0.003714072688589032,-0.0017366181776082845
2020-01-24,-0.006510582428861544,-0.0033505540927789568
2020-01-27,-0.017812923763107585,-0.009121372506015746
2020-01-28,0.012782259234857485,0.006413522684705963
2020-01-29,0.0008560816099807134,0.00041223031594728177
2020-01-30,-0.0008833353810371314,-0.0004439993533437159
2020-01-31,-0.021461884244285773,-0.010846400124369993
2020-02-03,0.008888810228050215,0.005868800915393546
2020-02-04,0.003787780749570896,0.002850919053706935
2020-02-05,0.0035543677839809107,0.0026951624742224123
2020-02-06,0.005984399206050928,0.004451544668907292
2020-02-07,0.0012330289236565095,0.0007716801914665616
2020-02-10,0.006725111202480261,0.0050738143032571514
2020-02-11,-0.0026299276793167736,-0.0019222624287869028
2020-02-12,0.004058584516466374,0.0030989626731501296
2020-02-13,-0.001028895963003984,-0.0008213354784297744
2020-02-14,0.0028161389097969836,0.0020796661882054313
2020-02-18,0.004710481672134559,0.00337059048705024
2020-02-19,0.009486898106613767,0.007053856136989722
2020-02-20,0.004297555256857072,0.0029482215919056642
2020-02-21,-0.005421545625978574,-0.004099001133100688
2020-02-24,-0.00824861808152283,-0.0062477439681379865
2020-02-25,-0.020845536414682092,-0.015331141954757821
2020-02-26,0.0036882239916462556,0.002699903737183318
2020-02-27,-0.02099073246202715,-0.014949201267476897
2020-02-28,-0.006989651162119859,-0.005225421576308675
2020-03-02,0.003169894223587961,0.005644476897739947
2020-03-03,-0.005153945396072557,-0.0028002065936681975
2020-03-04,0.01903939579814745,0.009277903130505472
2020-03-05,0.0009999038531555426,0.0002442047984532181
2020-03-06,0.032747720086596155,0.015737345798626068
2020-03-09,0.048500143190397804,0.020038064044546555
2020-03-10,-0.02003943262312141,-0.006346796921189113
2020-03-11,-0.015666232018191895,-0.008584695038115542
2020-03-12,-0.024890118475147993,-0.012560961644874413
2020-03-13,0.016927070665953503,0.007455587276828934
2020-03-16,0.004542849909017543,-0.0006957772321648514
2020-03-17,0.04448442721622839,0.014707269478527962
2020-03-18,0.02541731922756804,0.004056694938921357
2020-03-19,-0.03017703472232841,-0.005490101083069687
2020-03-20,0.02391068887583353,0.007924250314306436
2020-03-23,0.016336375942793774,0.0075290441574740186
2020-03-24,0.0317821307925418,0.012073056726291442
2020-03-25,-0.016833884136911087,-0.006327472546169055
2020-03-26,0.034282635131373834,0.011372383026871047
2020-03-27,0.0021923001679176324,-0.00235331942811956
2020-03-30,0.033041255652612955,0.01058132882251095
2020-03-31,-0.011430482042458362,-0.005530100243844038
2020-04-01,0.010290768688916459,-0.0022048092823762078
2020-04-02,-0.04353764505095159,-0.00592320416090264
2020-04-03,-0.03897218186697038,-0.006238200557004747
2020-04-06,0.022499737395053843,0.003959864137736968
2020-04-07,0.005006001843836733,0.0013451546295368821
2020-04-08,-0.015615142146652355,-0.002432791246704369
2020-04-09,0.028999044799748352,0.004557386438549971
2020-04-13,0.0056258900278806645,0.0008481239990643097
2020-04-14,0.022839191439379875,0.0034547901280421733
2020-04-15,0.02990578636704186,0.004124293099367238
2020-04-16,0.011449251253460468,0.001593362387302344
2020-04-17,-0.007499190465191791,-0.001013984110095123
2020-04-20,0.03832612066037802,0.0050178923612589355
2020-04-21,0.07667295081256092,0.008977204732165678
2020-04-22,0.024815904969719138,0.0021676933315391
2020-04-23,-0.010323011992583175,-0.0006152780640938937
2020-04-24,0.018152531026816188,0.0020615540006176936
2020-04-27,0.03263513833810533,0.0022662282491754393
2020-04-28,0.002007062704409396,-0.0002766079418893286
2020-04-29,-0.017436296768332,-0.0012280062884395537
2020-04-30,-0.029080892016327325,-0.0027301581070627856
2020-05-01,0.025214377278412498,0.0012901823403559387
2020-05-04,-0.01630547148024844,-0.0012013720004324657
2020-05-05,-0.031912620247022544,-0.0024218262971356097
2020-05-06,0.007767153803541316,0.0006482074802363069
2020-05-07,0.006256972019900747,0.0004889586956748904
2020-05-08,-0.03352838205643935,-0.0026257414900558995
2020-05-11,0.002410822035157134,0.00021814720741542004
2020-05-12,0.013701256746487367,0.0010771575377588327
2020-05-13,0.014399275201786327,0.0011339074090459533
2020-05-14,-0.00893889170872314,-0.0007103749371555335
2020-05-15,-0.009381764205895149,-0.0007747216760310982
2020-05-18,-0.057586641040791836,-0.0046729261278546375
2020-05-19,0.007845008168646667,0.0006130170503804155
2020-05-20,-0.020209415943656772,-0.0017639679149217269
2020-05-21,-0.00851802784183403,-0.0008959632111432692
2020-05-22,0.02080270673987128,0.0018927591216550965
2020-05-26,-0.02340137727892891,-0.001888414776490377
2020-05-27,0.0053523934604584045,0.0005576805281091168
2020-05-28,-0.002247233790781733,-0.00019233357025527642
2020-05-29,-0.012299794018267696,-0.0011515783935676094
2020-06-01,-0.011408956229679357,-0.0013223024600179656
2020-06-02,-0.01316612120052843,-0.0013703770294166695
2020-06-03,-0.01619688522341442,-0.0017480132997699238
2020-06-04,-0.010811486123333602,-0.0011587907120174101
2020-06-05,-0.025406547068409335,-0.0027421800319479273
2020-06-08,0.008759961665419397,0.0009428935747692879
2020-06-09,0.00976812412181055,0.0010610577779091024
2020-06-10,0.012073109774812796,0.0012935713905106727
2020-06-11,0.03454816069512334,0.0038147802480195114
2020-06-12,-0.006831570245502516,-0.0007343345421987335
2020-06-15,-0.004519549436570319,-0.0004635504375360977
2020-06-16,-0.011446657946221184,-0.0012150040952437768
2020-06-17,0.006242503109738645,0.0006705806511519974
2020-06-18,-0.0015635367728274174,-0.0001606382541008422
2020-06-19,-0.0008691787895921954,-0.00010414933979929764
2020-06-22,-0.0076640715801784,-0.0008446010184629538
2020-06-23,0.004141469890029836,0.00047270765440732276
2020-06-24,0.024427883925053767,0.002695568907618684
2020-06-25,-0.009539539904996314,-0.001013920109916966
2020-06-26,0.015298170385734278,0.0016285819935124568
2020-06-29,-0.015778197145676964,-0.001674241693286782
2020-06-30,0.002433407796978204,0.0002881983091109763
2020-07-01,-0.013053821823529238,-0.0015219351041707574
2020-07-02,-0.0084464594189331,-0.0013417662213506265
2020-07-06,-0.001601352087934188,-0.0003093648495321455
2020-07-07,0.00730183838732143,0.0011994305862077503
2020-07-08,-0.0030682092319985754,-0.0005442226219728452
2020-07-09,0.012465587160471081,0.002034287603327023
2020-07-10,-0.002180338414008609,-0.0003194078529400457
2020-07-13,0.011317479838699934,0.0018036209905474276
2020-07-14,0.002729613245844642,0.00045614215252154366
2020-07-15,-0.008672655631916742,-0.0013688683173616045
2020-07-16,-0.002928051904879908,-0.0004865773006170748
2020-07-17,0.00285226938652397,0.00046225354091555815
2020-07-20,0.01476476606921473,0.002430567828600294
2020-07-21,0.005655520589493979,0.0010229655486029277
2020-07-22,0.022962784865814906,0.004212108399757053
2020-07-23,0.0005322426872849673,-9.882373272573908e-05
2020-07-24,0.0011199010583820834,0.0002548635939103594
2020-07-27,0.016798268379623116,0.0033666544542263477
2020-07-28,0.00792945720489402,0.0012866921000498355
2020-07-29,-0.0072909144609846765,-0.0012928613756957308
2020-07-30,0.0026972556201181608,5.646898468802952e-05
2020-07-31,0.012008889035052872,0.0023883786755782843
2020-08-03,-0.008076973038562696,-0.0013165779469560546
2020-08-04,0.0037214264171744615,0.000896326134686376
2020-08-05,-0.007836563954242398,-0.0019274945669952581
2020-08-06,0.007269422546585053,0.0017953408537676463
2020-08-07,0.0007210290810176212,0.00015059140441575636
2020-08-10,-0.007709420967519198,-0.0019108599390672554
2020-08-11,-0.015389241522044711,-0.0038122009100730603
2020-08-12,-0.01447552036497285,-0.0035964706556784742
2020-08-13,0.0002832972936664402,6.754389023133633e-05
2020-08-14,0.0007608523806268974,0.00021267057609808404
2020-08-17,-0.002062195351668128,-0.000595399825795262
2020-08-18,0.008029547080934868,0.001984159390184148
2020-08-19,-0.011149677525070817,-0.0027605245797529543
2020-08-20,0.011713805392540771,0.002897520386658803
2020-08-21,0.008240955916954784,0.002087408943773461
2020-08-24,-0.006630373197694994,-0.0016377249456102083
2020-08-25,-0.01081793001981346,-0.0026837211290242635
2020-08-26,0.006515232883345212,0.001657318900686544
2020-08-27,-0.006349928286409651,-0.0014788668933829463
2020-08-28,0.0011387234717649408,0.0002379425122800427
2020-08-31,0.006229945376849788,0.0015712396308065202
2020-09-01,0.003770376086387945,-0.00012721650386116057
2020-09-02,0.006275147880979298,0.0016998832705341638
2020-09-03,-0.015972308522744977,-0.004311018739138195
2020-09-04,0.006499544352496056,0.0014418924406387479
2020-09-08,0.008514671780114086,0.0018733782129509713
2020-09-09,0.006010494923394449,0.001599095447286647
2020-09-10,-0.0014362252761495053,-0.00048826958188430414
2020-09-11,-0.007336531274906882,-0.0017603118765577852
2020-09-14,0.012584634821050766,0.0030831614994419887
2020-09-15,-0.00626012174634108,-0.0014441380812109106
2020-09-16,-0.019805867389029397,-0.004770981277864572
2020-09-17,-0.015770721302047902,-0.003921739669741187
2020-09-18,-0.00792977816451143,-0.00203335962594986
2020-09-21,-0.004741314239615574,-0.0010786064894133807
2020-09-22,0.004127944848152321,0.0010717545755947189
2020-09-23,-0.024419503951343652,-0.005661263306511843
2020-09-24,0.0024126726401798027,0.0004866551199500524
2020-09-25,0.0037033729927069547,0.0010042415701558838
2020-09-28,0.01164276928860028,0.0025907551557460273
2020-09-29,0.018518665076428603,0.004386197858282204
2020-09-30,-0.02374424555059032,-0.0056443878093779265
2020-10-01,0.024067789942468304,0.005020080317381659
2020-10-02,0.004328589210545214,0.0010823953150400634
2020-10-05,-0.005306948930702882,-0.0012953809539280048
2020-10-06,-0.026341515624207834,-0.0060719210210538055
2020-10-07,0.009355821253775376,0.0020414107047603824
2020-10-08,-0.0035910748180176255,-0.000959866373213325
2020-10-09,0.025718202792234662,0.005901644776921344
2020-10-12,0.020476115115504873,0.004836806905827551
2020-10-13,-0.018591081298703044,-0.004377528563044297
2020-10-14,-0.010924637860260766,-0.0026154014553269045
2020-10-15,0.00024304671885183593,3.211550015991271e-05
2020-10-16,0.0002119475876459498,0.00010487884844501139
2020-10-19,-0.006096538424769121,-0.0014301477269249574
2020-10-20,0.0010768110051030677,0.00012362541569355123
2020-10-21,0.01205583450261738,0.002976034826536411
2020-10-22,-0.008926097671494132,-0.002137458549409388
2020-10-23,0.007419220085754102,0.0018086896534350583
2020-10-26,-0.0002971370261279638,3.299475302398491e-05
2020-10-27,-0.0032034954473065813,-0.0007728782350634456
2020-10-28,-0.010618859413063009,-0.0022399953555921615
2020-10-29,0.016350710766078635,0.0036822709595263348
2020-10-30,-0.0011149005064207962,-0.00027658212856340736
2020-11-02,-0.009344819880394872,-0.001472908237870607
2020-11-03,-0.008886788292159692,-0.002259186711601524
2020-11-04,0.001009528378798974,-5.398795355615604e-05
2020-11-05,0.021284694544551064,0.004811109924792056
2020-11-06,0.0050166537080235385,0.0013076274390235731
2020-11-09,-0.061612208531038326,-0.015020022211837625
2020-11-10,-0.0233302209943424,-0.005896947047419943
2020-11-11,0.0038636954571112936,0.00076868233123073
2020-11-12,0.015201950859509372,0.0039057362437777687
2020-11-13,0.009179754062974471,0.002224196727427019
2020-11-16,-0.011734805820665578,-0.003104454430637227
2020-11-17,-0.006266330650541274,-0.0015111656108705018
2020-11-18,-0.006445298104663988,-0.0015375490863720476
2020-11-19,-0.00023259574123726812,-0.00012855005794809582
2020-11-20,-0.0013819383147229691,-0.00045214647264302243
2020-11-23,-0.016785410889040148,-0.004064074863574074
2020-11-24,-0.027086139392018427,-0.0072083365609849626
2020-11-25,-0.0033304102844045613,-0.0011414915811379656
2020-11-27,-0.008416393779673154,-0.001850034193316974
2020-11-30,0.00899265838157673,0.0026034363101417046
2020-12-01,0.020022102292392846,0.004093375314074166
2020-12-02,-0.003904892325382936,-0.0008228901152463886
2020-12-03,0.0030700380324300003,0.0007013316017638882
2020-12-04,-0.007172010205137996,-0.0015926438146373068
2020-12-07,0.014644867382088811,0.0033256130887369117
2020-12-08,0.002412556200105803,0.0005358621743747349
2020-12-09,-0.017682638562903835,-0.004082624037948457
2020-12-10,-0.007611860357105565,-0.0017040459850180545
2020-12-11,0.0006257640991467472,0.00015914123586768802
2020-12-14,-0.004035333550290843,-0.0009429995298116944
2020-12-15,0.004716510003056451,0.00110865168126284
2020-12-16,0.007024107853406292,0.001673958124570385
2020-12-17,-0.000139010020592939,8.089846142644852e-05
2020-12-18,-0.005861990005116197,-0.001400483603782532
2020-12-21,0.015016025169685643,0.0035606377318397886
2020-12-22,-0.0011997448891740425,-0.0005275448278777572
2020-12-23,-0.010898293447427126,-0.0023617600706827835
2020-12-24,0.0018890650058512315,0.00045079510984269433
2020-12-28,0.009584081533691086,0.0022731086961127467
2020-12-29,-0.004142904921182744,-0.0009426758106115818
2020-12-30,0.0008485942887087594,0.0003010189598389168
2020-12-31,-0.0023928649748065633,-0.0005883957078149926
2021-01-04,0.017753217146240424,0.0032347627791451394
2021-01-05,-0.01745772319485875,-0.004008888720526516
2021-01-06,-0.016031944032613044,-0.003981498233296521
2021-01-07,-0.0008160432322532885,-0.00032630860441618115
2021-01-08,-0.03231342874227733,-0.00826250744041046
2021-01-11,-0.0019658250419724577,-0.00041650378055324566
2021-01-12,-0.009414057717232832,-0.002414243039150943
2021-01-13,0.0015617256132383628,0.0003707687126863757
2021-01-14,-0.010248120621194595,-0.00261172742826421
2021-01-15,-0.0010299854548326548,-0.00010525996531385307
2021-01-19,0.00722865367441658,0.0016531902259802056
2021-01-20,0.01714301373020191,0.0041222459185712435
2021-01-21,-3.436116044733262e-05,-4.933513604299389e-05
2021-01-22,0.00604578516993487,0.0015711989734079612
2021-01-25,-0.0028006992675920217,-0.0007163161865522127
2021-01-26,-0.0028883767174954778,-0.000748070794097
2021-01-27,-0.008101108759127867,-0.0019424177512150642
2021-01-28,0.018203935073844518,0.004454542273248485
2021-01-29,-0.004725843862346979,-0.0010968719259841775
2021-02-01,0.020846519080825937,0.003910585349437001
2021-02-02,-0.023719103960083865,-0.006580139131290408
2021-02-03,-0.0019175539167993194,-0.0005148086028563537
2021-02-04,-0.012204022626077976,-0.0031298081525187316
2021-02-05,0.0036166310768269705,0.0007906889435991271
2021-02-08,-0.0009830428315767692,-0.00040425861189119505
2021-02-09,-0.0014203685483022421,-0.0004478179125263493
2021-02-10,0.0005488757694832036,0.00010488511976247672
2021-02-11,0.004207096158163337,0.0011497894024738997
2021-02-12,-0.007346350618751274,-0.0020415614754460965
2021-02-16,-0.015862458580879507,-0.004165852164925932
2021-02-17,-0.004153279951166933,-0.0010793075671117203
2021-02-18,-0.006189687900578306,-0.0015001862749666195
2021-02-19,0.0054551677328343595,0.001509109505153594
2021-02-22,-0.020301433033010186,-0.005611204978946738
2021-02-23,-0.01086837740549293,-0.003041710919141738
2021-02-24,-0.010440175480234348,-0.0030887293301036234
2021-02-25,-0.01898708902779689,-0.0046649756211206705
2021-02-26,0.0014064677391667502,0.0010046167488053648
2021-03-01,0.02764171321302114,0.005476969770799478
2021-03-02,-0.004747012387274457,-0.001394407399452957
2021-03-03,-0.017489535094810382,-0.005154099007592228
2021-03-04,-0.028572976242173864,-0.008446714324179427
2021-03-05,-0.0002929760453626862,-0.00033549495647688943
2021-03-08,-0.006834408143484211,-0.0017587775184073617
2021-03-09,0.02317185041172365,0.0065933189131313075
2021-03-10,-0.0012806345064430569,-0.0005010181152743653
2021-03-11,0.010684580725624226,0.0029467140343271137
2021-03-12,0.00024374718186900846,0.00011136901383923536
2021-03-15,0.007048100804448704,0.0020652417429676273
2021-03-16,0.0019305225107645596,0.0006647976599567507
2021-03-17,0.008587818984242768,0.0024705503128310546
2021-03-18,0.009382228665534453,0.003179821874215838
2021-03-19,-0.0034442306230222652,-0.0010901512666486868
2021-03-22,-0.0012686667071726276,-0.00031651610561955756
2021-03-23,-0.004228042927115733,-0.0009364735092881604
2021-03-24,-0.025429651533958403,-0.007369797331257089
2021-03-25,0.015122549652496126,0.004528150298801048
2021-03-26,0.003429532063737195,0.0009294257213066093
2021-03-29,-0.003415112507254875,-0.001005655181808729
2021-03-30,-0.0017081867146939989,-0.00033579411609097054
2021-03-31,0.011874365310603485,0.00346188054897123
2021-04-01,0.004764329721853645,8.921053451982353e-05
2021-04-05,0.009768719070538667,0.0029367549090342226
2021-04-06,-0.0019087753595614376,-0.0005992322698591401
2021-04-07,-0.0004376139277591784,-0.00012338435705572248
2021-04-08,0.002239120145384965,0.0006619628965378599
2021-04-09,0.0032692484546702483,0.001040471823058775
2021-04-12,-0.004308627110353874,-0.001191651922527015
2021-04-13,0.004183489445667876,0.0011864272285275757
2021-04-14,0.0001849129770609137,-6.0475292623318744e-05
2021-04-15,0.0030707197686131726,0.0009649379579332873
2021-04-16,0.0037922373082947547,0.001116034128509913
2021-04-19,-0.005320330977852866,-0.0016222295225996053
2021-04-20,-0.008965406878505416,-0.0026882430688106584
2021-04-21,0.010623827444337486,0.003087166087826665
2021-04-22,-0.010888129185658402,-0.0032685837585525457
2021-04-23,0.010370949450965672,0.003129365077236601
2021-04-26,0.0046576636859880505,0.001380426548160063
2021-04-27,0.004822777482592716,0.001367725400851727
2021-04-28,-0.0005133184473033736,-0.00017537006861589877
2021-04-29,0.0032103650336190726,0.0009945158633020146
2021-04-30,-0.009142058602865655,-0.002722903931165477
2021-05-03,0.010199048922016313,0.0020602993827683047
2021-05-04,0.0008475085642010716,0.00011863268639644708
2021-05-05,-0.0030742450818219413,-0.0009140342497883092
2021-05-06,0.0048049976216371915,0.0013592530356831833
2021-05-07,0.003349079047138298,0.0009741258411712916
2021-05-10,-0.006207772619663543,-0.0019254540982748258
2021-05-11,0.009188978611099269,0.002666304747294568
2021-05-12,-0.0019857233727919865,-0.0006620033121357283
2021-05-13,-0.014745170340023928,-0.004322327123458702
2021-05-14,0.010233732349738012,0.002940890205463509
2021-05-17,0.010175994081905504,0.0029273508604383824
2021-05-18,-0.0067033344114934,-0.0019857683298362128
2021-05-19,-0.014896077422503956,-0.004390567114766153
2021-05-20,-0.007823724698452716,-0.0021916318154990844
2021-05-21,0.0048967238656019985,0.0012516643141782247
2021-05-24,0.015544485192174828,0.0044945329495713615
2021-05-25,-0.0043990967565297745,-0.001291079685110219
2021-05-26,0.001832349064459421,0.0005076046375440679
2021-05-27,0.009607758412773032,0.0027716254926968276
2021-05-28,-0.0007399532156825706,-0.00023103666984636284
2021-06-01,0.013530364494620362,0.0026276365184727535
2021-06-02,0.005886076327272199,0.001736804577088913
2021-06-03,-0.002904409486260584,-0.0008267830845730684
2021-06-04,0.0004646414402320609,0.00013973444276627056
2021-06-07,-0.00020115449281010722,-6.481115807466242e-05
2021-06-08,0.00043280977763796025,0.00017971698947638615
2021-06-09,-0.003955723160358304,-0.001166944308625295
2021-06-10,0.001997146474582545,0.0005793927918971153
2021-06-11,0.002967052058158004,0.0009266338241482597
2021-06-14,0.005318804757044937,0.0015743920767079533
2021-06-15,4.757417589135171e-05,8.173734080374473e-05
2021-06-16,-0.0023323539724356412,-0.0006617247032001394
2021-06-17,-0.018603441276460464,-0.005474149376349713
2021-06-18,-0.004110347239014017,-0.0011670102422575157
2021-06-21,0.01362863216938806,0.004083287904871558
2021-06-22,-0.0021782190433798365,-0.0005952795540667966
2021-06-23,0.007685245996951889,0.0022436364151974253
2021-06-24,0.004463368392666228,0.0012723830310739093
2021-06-25,0.006547473984930108,0.0019326749001824517
2021-06-28,-0.006820225141648734,-0.0021055245360631636
2021-06-29,0.001339845852122934,0.0004747435078082951
2021-06-30,0.0028036692167937582,0.000766968674612345
2021-07-01,0.0047345001591843905,0.0004509356485040694
2021-07-02,0.005119404334449129,0.002145795460358313
2021-07-06,-0.022055949889602855,-0.009421726639604722
2021-07-07,-0.012212499841938201,-0.005179897497093577
2021-07-08,-0.0012245105302503556,-0.0007011284095236325
2021-07-09,0.016679328246807734,0.007160282051989819
2021-07-12,0.0030114469217822626,0.001297090833771275
2021-07-13,0.006298854768728601,0.00265761615878235
2021-07-14,-0.014683189338262709,-0.00632540220515887
2021-07-15,-0.009054095337769713,-0.0038931604966299105
2021-07-16,-0.0042995452174478255,-0.001857722409870921
2021-07-19,-0.044718873594783715,-0.0190307946753151
2021-07-20,0.013130848100119608,0.005598818044983522
2021-07-21,0.02611996201422709,0.010997277639084091
2021-07-22,0.004971335202590466,0.0019477821746423096
2021-07-23,0.00701505506302319,0.003082181045229282
2021-07-26,0.004652617788662022,0.0019896852221841232
2021-07-27,-0.013616607588350343,-0.005852340216577656
2021-07-28,0.0034794564972712994,0.0014102180372308482
2021-07-29,0.014594931120524873,0.006125404175878257
2021-07-30,-0.0029079527666741323,-0.0012633671175303895
2021-08-02,-0.014949539428629616,-0.0060142300595233955
2021-08-03,0.000134298144312206,4.4413159917988665e-05
2021-08-04,-0.012931652097277424,-0.0039505260453637225
2021-08-05,0.015482270359333694,0.004726271069408483
2021-08-06,0.00744355116161452,0.002363149460687719
2021-08-09,-0.0022913443061576555,-0.0006486752422770747
2021-08-10,0.011581677917681693,0.0034060483212896564
2021-08-11,0.0017459382601976159,0.0005186387048088381
2021-08-12,0.0002530997727904216,8.785482001294476e-05
2021-08-13,-0.014428703168287954,-0.0043553738681872955
2021-08-16,-0.00526601694195461,-0.0015944668855127908
2021-08-17,-0.007688883434642468,-0.0023507155304680616
2021-08-18,-0.014811350661406986,-0.004466185743834283
2021-08-19,-0.006887012181059166,-0.0020211254660962297
2021-08-20,-0.008981751854111764,-0.002471968004856717
2021-08-23,0.025858824556851456,0.0073484380974464525
2021-08-24,0.01744768709159203,0.0051629600034883705
2021-08-25,0.010927563415302571,0.003339427907669945
2021-08-26,-0.007785779294555817,-0.0024049878221523713
2021-08-27,0.004618433655157406,0.0013845165056842745
2021-08-30,0.006409218273934536,0.0019998100191664925
2021-08-31,-0.001611630224964966,-0.00048573387471961826
2021-09-01,-0.0066166296676465055,-0.0009185955912628385
2021-09-02,0.011345475314543385,0.003375127181734383
2021-09-03,-0.010841984000217297,-0.0031559854781774144
2021-09-07,0.004007618578012101,0.0012585963154161384
2021-09-08,0.005330778979203948,0.0015690034417776832
2021-09-09,-0.01582364483602991,-0.0047731920411299145
2021-09-10,0.012862302514914187,0.003841058327448188
2021-09-13,0.003385065161105094,0.0010344008939375815
2021-09-14,-0.008817651024600387,-0.0027143618789362556
2021-09-15,0.01781550226893272,0.0054160752466652085
2021-09-16,0.01474986087543631,0.004310527202951331
2021-09-17,-7.32901114596507e-05,-0.00020951947029290707
2021-09-20,-0.017710591576725526,-0.005452996531544851
2021-09-21,-0.0050984505790659385,-0.001430325599804605
2021-09-22,0.010997870308822572,0.003355949922624113
2021-09-23,0.025146149111078014,0.0076525756753551555
2021-09-24,0.009957728438476476,0.002965226731247883
2021-09-27,0.00800505461175366,0.002577412201214324
2021-09-28,0.0006600391927665261,-2.0501540401007823e-05
2021-09-29,0.012034566174245892,0.0032435216693078583
2021-09-30,-0.011920075882226155,-0.0031879147046403045
2021-10-01,0.006064224687106491,0.0009803629715259277
2021-10-04,0.0008106145484937377,0.00021766229695496797
2021-10-05,0.019960861717359196,0.005135483114770745
2021-10-06,-0.010475389844189137,-0.0027950936989616926
2021-10-07,0.0185412329787642,0.0047732556699617845
2021-10-08,0.0032431766581679233,0.0008150659370249613
2021-10-11,0.0053045777602606925,0.0013742174774251659
2021-10-12,-0.007738090854653462,-0.0019400293299715043
2021-10-13,-0.0036040313892430342,-0.0008911618407975164
2021-10-14,0.012912936325406799,0.003355250055869785
2021-10-15,0.014914672496213893,0.0038616102025998966
2021-10-18,0.001145869003479072,0.00026031737859577575
2021-10-19,0.010021484876506115,0.002603993160080309
2021-10-20,0.005813344072072929,0.001570266616560012
2021-10-21,-0.0038977504536746588,-0.0011082496823551224
2021-10-22,-0.004813661297207228,-0.00114550113705858
2021-10-25,0.0032606227226605333,0.000845294256844431
2021-10-26,0.00445141280974895,0.001209301291351661
2021-10-27,-0.01905824965632502,-0.00505020013636126
2021-10-28,0.009656568382017727,0.0025687192620349464
2021-10-29,0.0014967646075630114,0.0003613023524475789
2021-11-01,0.0034735065155823146,0.001478372666276817
2021-11-02,0.006834748304252902,0.002049750408255724
2021-11-03,-0.006981639345912477,-0.001837353374272932
2021-11-04,-0.007460146371672249,-0.0021274001104227835
2021-11-05,0.00019751902512799013,-0.0002644022444685534
2021-11-08,-0.0001992924406068186,-0.00015743074845664395
2021-11-09,-0.0007050442680653635,-0.0003806512763278036
2021-11-10,-0.015457938464192661,-0.004502768440921456
2021-11-11,-0.0038447340357409265,-0.0012204293670269317
2021-11-12,0.0027916340299116993,0.0008783086099146686
2021-11-15,0.006359300798496226,0.001954332916447754
2021-11-16,0.009973544612545349,0.0030725518311571776
2021-11-17,-0.016122959049713448,-0.0047282775394520415
2021-11-18,0.009108781843243208,0.0027175613413725763
2021-11-19,-0.010110326123150964,-0.002699385854944447
2021-11-22,0.01623046120282265,0.004814569208979602
2021-11-23,0.022901019359311853,0.006542345445325948
2021-11-24,-0.00256539416948659,-0.0007128583181007508
2021-11-26,-0.0594698314746204,-0.01693256802535814
2021-11-29,0.0174378420729413,0.005148519784362371
2021-11-30,-0.029114471593426478,-0.008096945780689091
2021-12-01,-0.016582518826075116,-0.003488093136149395
2021-12-02,0.015697114921530225,0.0035445282103798714
2021-12-03,-0.01330727417480021,-0.0030368826600057908
2021-12-06,0.029553324772661455,0.006798475084284217
2021-12-07,0.02510511646336175,0.0057435457285865965
2021-12-08,0.012790161003144535,0.0029968632886558932
2021-12-09,-0.01727710211875344,-0.00410097911356444
2021-12-10,0.012955244981389114,0.003029951310178136
2021-12-13,-0.013523550918209865,-0.0031330402575733274
2021-12-14,-0.007200393496327784,-0.0016947076460351873
2021-12-15,0.016940065447801772,0.0038771844095228936
2021-12-16,-0.008602868991837126,-0.001918442491788963
2021-12-17,-0.013230022035633116,-0.003130876056793852
2021-12-20,-0.009983841915146258,-0.00233053866313615
2021-12-21,0.02644419109697385,0.006068273067005636
2021-12-22,0.01030007583954945,0.002430910131192343
2021-12-23,0.011350939277357974,0.0026478543958043943
2021-12-27,0.017950985072709008,0.00427065057826348
2021-12-28,3.6502712024572004e-05,1.4287837624138433e-05
2021-12-29,0.0069712146629906935,0.0016345487775653034
2021-12-30,-0.0046162611573185575,-0.0010469779908217625
2021-12-31,-0.008144785471897092,-0.0019760209163520726
2022-01-03,0.016062524541725576,0.00279354434267165
2022-01-04,0.0013480680105576182,0.00038805076899506297
2022-01-05,-0.010357775804244518,-0.002316464752720959
2022-01-06,0.01725209834869665,0.004299775749375012
2022-01-07,-0.009062223266094738,-0.0020706818054365694
2022-01-10,-0.0058564683919063165,-0.0014642124128624312
2022-01-11,0.012442578677658245,0.0031188849449013123
2022-01-12,-0.0018373595493258454,-0.0002939551590525058
2022-01-13,-0.013674603317579193,-0.0032052561900467458
2022-01-14,0.01537824970373361,0.003919484685390717
2022-01-18,-0.00686671943393985,-0.0012850798102428396
2022-01-19,-0.016850048630092263,-0.00392053121815783
2022-01-20,-0.009826433565267079,-0.0023464223661493477
2022-01-21,-0.009832422472603797,-0.001894687052396482
2022-01-24,0.001766785375156732,0.00022617740115227214
2022-01-25,-0.0025773318234329767,-0.00011839334388252798
2022-01-26,0.013096729263799595,0.0033517247622494306
2022-01-27,0.013284810645333517,0.003396994753956495
2022-01-28,0.018719870539324945,0.003959461883829896
2022-01-31,0.010736699922955506,0.0022902718703496916
2022-02-01,-0.0007467038911521669,-0.0001953762425517258
2022-02-02,0.004443783075231134,0.0011292628355741297
2022-02-03,-0.007753454185677633,-0.0020685448368721326
2022-02-04,0.010121351267436324,0.0026064508061900415
2022-02-07,-0.00824900883002283,-0.0019933334002533165
2022-02-08,-0.004669504037891348,-0.0012355628927824824
2022-02-09,0.00872391978970588,0.0022308413092788637
2022-02-10,-0.008184525559137762,-0.0021386212898059087
2022-02-11,-0.0027361472238410234,-0.000521210524979554
2022-02-14,0.004178833564884493,0.001124849123363969
2022-02-15,-0.0037300483475822266,-0.0012367302987189577
2022-02-16,-0.008015149300867552,-0.0020554854720366
2022-02-17,-0.007830970382339958,-0.0019013379302013078
2022-02-18,0.0015222818869622123,0.00047015681481865634
2022-02-22,0.0027389417445116138,0.0008245915480020738
2022-02-23,-0.007200575629795786,-0.0016193157345384401
2022-02-24,0.02673983022616408,0.00658033638385791
2022-02-25,-0.0035255109070982393,-0.0010621725383528346
2022-02-28,0.011516128856527474,0.003048028638706901
2022-03-01,0.022338886183501327,0.004669452415414277
2022-03-02,0.028409766504535555,0.010765026068851213
2022-03-03,0.00980336991735406,0.003595139453017371
2022-03-04,0.0270546349366802,0.01048023472525439
2022-03-07,0.022921834951992404,0.01075332480035418
2022-03-08,0.0026209859374128897,0.0019587811196011273
2022-03-09,-0.050054755128915246,-0.034691260538692426
2022-03-10,-0.004525314062176683,-0.0027720471547499903
2022-03-11,0.02041012866188366,0.013405010088796576
2022-03-14,-0.006542700595715212,-0.003896717344819667
2022-03-15,-0.014708773701165023,-0.008950002086781317
2022-03-16,-0.02477815529870553,-0.016011694943225963
2022-03-17,0.0359528952784377,0.02213902885073482
2022-03-18,0.008879446746205083,0.005781924743410771
2022-03-21,0.03375240949967473,0.02178901676947209
2022-03-22,0.001785174448706961,0.0010960181403920632
2022-03-23,0.013936504016194062,0.008999143477762317
2022-03-24,-0.009759281286875587,-0.006527668162730316
2022-03-25,0.011528173260053648,0.007680104600003679
2022-03-28,-0.02363959845936134,-0.015721184473090677
2022-03-29,-0.0008272255443280696,-0.000708336441834545
2022-03-30,0.00865718951086114,0.005440495812984336
2022-03-31,-0.015765424047440024,-0.010221060459903453
2022-04-01,-0.004240694961203716,-0.00016238064517271056
2022-04-04,0.01456540380079585,0.004908632732880225
2022-04-05,-0.000506983748389922,-0.0002796046630407778
2022-04-06,-0.0038994563725367193,-0.0013581598986123211
2022-04-07,0.005570391762561244,0.0018393942738481606
2022-04-08,0.013259082781169412,0.004424288632431939
2022-04-11,0.0003460474233767108,5.841252060601043e-05
2022-04-12,0.026452540436089855,0.008750254098706778
2022-04-13,0.008364977600902351,0.002974730613449772
2022-04-14,0.00943494660204161,0.003148480583435198
2022-04-18,0.014421784664487292,0.004849756108662673
2022-04-19,-0.01866712960800776,-0.006725327331709496
2022-04-20,-0.00042028010321840115,-8.31135200869415e-05
2022-04-21,0.008259632827438634,0.002626897924506766
2022-04-22,-0.00863464629740393,-0.003157443741138799
2022-04-25,-0.009378132497943531,-0.0032497667244671957
2022-04-26,0.019287794763235555,0.0062199834141094534
2022-04-27,0.0012263336554133863,0.0004702841252113288
2022-04-28,0.014410938469479634,0.004807059954247128
2022-04-29,-0.013850355719784269,-0.004501602507459679
2022-05-02,0.01202519910322819,0.0025940635371775045
2022-05-03,-0.0116991619888481,-0.00414669017271907
2022-05-04,0.020011410433326993,0.00689508804267569
2022-05-05,0.008650829896637513,0.0031759175893486535
2022-05-06,0.0056630918475521486,0.0019703930205290376
2022-05-09,-0.03556920596108856,-0.012861528244300091
2022-05-10,-0.005570368180543822,-0.0018191815909928133
2022-05-11,0.02170436725564609,0.007347927022176792
2022-05-12,0.008481727943614625,0.002988214838386183
2022-05-13,0.011362942842540469,0.0040698925889042226
2022-05-16,0.014486861687806302,0.005225583737229922
2022-05-17,-0.013557007747894284,-0.004829980271305767
2022-05-18,-0.018993975467770596,-0.006969877984753903
2022-05-19,-0.005648902966680663,-0.0021799253894209114
2022-05-20,0.0024119102834512796,0.0008332522207767923
2022-05-23,0.002926891356085759,0.0009600279458072958
2022-05-24,-0.002442325009848312,-0.0009613724261415824
2022-05-25,0.00396561936239212,0.001412785402463257
2022-05-26,0.010878517341150029,0.003919417935380087
2022-05-27,0.009279391663856829,0.003380606315774637
2022-05-31,-0.007235542644753651,-0.0026665841274841062
2022-06-01,0.0013440577517811474,0.002239381562229692
2022-06-02,0.0038570504358093616,0.0016747535894905408
2022-06-03,0.013362652198440406,0.005633686440700947
2022-06-06,0.0015258752893052008,0.0005555266800267855
2022-06-07,0.006764456434000254,0.0028568185924444656
2022-06-08,0.009419136061061484,0.004014275780782173
2022-06-09,0.005110641395961901,0.001993141743111604
2022-06-10,-0.01215811333573985,-0.0051498463114521
2022-06-13,0.005395364247546358,0.0021924972441689228
2022-06-14,-0.009855865284510101,-0.004125830882282022
2022-06-15,-0.015016788539328113,-0.00613613857819828
2022-06-16,-0.004069312743472414,-0.0013629677854930522
2022-06-17,-0.012840722652838088,-0.005637669672991952
2022-06-21,0.0032572858309467545,0.0011456883015401598
2022-06-22,-0.011888626121136031,-0.004858646853225901
2022-06-23,-0.013790118324776446,-0.005591941922459154
2022-06-24,0.010638285706818684,0.004092492927202596
2022-06-27,0.0003159661053823981,0.00012665119034882544
2022-06-28,0.012406986689251692,0.0050089501151691085
2022-06-29,-0.0037558548120715796,-0.0016596267485945448
2022-06-30,-0.01618544957957005,-0.006439086653772352
2022-07-01,0.0017967385369969677,0.0011268511845758944
2022-07-05,-0.03978088106070482,-0.021868410127640847
2022-07-06,-0.0037643485527318887,-0.0017877130859915713
2022-07-07,0.021713444606598853,0.011168435160729073
2022-07-08,0.01793527440321857,0.00963481682353362
2022-07-11,0.003274827273728992,0.0019482260560543807
2022-07-12,-0.036135663588412636,-0.01940399586481678
2022-07-13,-8.535765597372791e-05,-0.00017565902925809063
2022-07-14,0.00682439917607669,0.003977432350828591
2022-07-15,0.0012791706300092076,0.0004695704352353225
2022-07-18,0.02028132051491016,0.010591430913696298
2022-07-19,0.0005575151921214105,0.0001825624534450565
2022-07-20,-0.0018464594431500114,-0.0009748711924589815
2022-07-21,-0.02361152318789947,-0.012803015631141501
2022-07-22,-0.010180230018585201,-0.00551852381481055
2022-07-25,0.018071533546554802,0.009659634674353379
2022-07-26,-0.0006206592593258342,-0.00021163482413100176
2022-07-27,0.008651884598058213,0.004387422981722455
2022-07-28,-0.01560943638745374,-0.008613955234531123
2022-07-29,0.0019176894520940846,0.0009034713235935854
2022-08-01,-0.023344066658850637,-0.013293531646125789
2022-08-02,0.0064478161554558655,0.0026295848184292314
2022-08-03,-0.01961744858079384,-0.007952970645257906
2022-08-04,-0.006395924826852417,-0.0025689581669346984
2022-08-05,0.0069914094480526545,0.002859330343719435
2022-08-08,0.010068285607106514,0.003955376247387621
2022-08-09,0.00849361873429022,0.003449672744655352
2022-08-10,-0.003680458952557225,-0.001504833279891482
2022-08-11,0.019765279235999356,0.007971878048714132
2022-08-12,-0.012219451042338209,-0.004991760475072438
2022-08-15,-0.015911304669331244,-0.006513199565106431
2022-08-16,-0.011264753218288709,-0.004548331750438117
2022-08-17,0.010143256328086686,0.00410832674264916
2022-08-18,0.008934831614212768,0.0034784766935773703
2022-08-19,0.014068912226356534,0.00573081822963184
2022-08-22,0.015461065544232988,0.006269026106297648
2022-08-23,0.015596827104713218,0.006254445091735672
2022-08-24,0.009994137889017152,0.0040016832488314336
2022-08-25,-0.023687606523485005,-0.009458112546389952
2022-08-26,0.012889718309915366,0.005307184694910649
2022-08-29,0.021837315719746203,0.008685079312555022
2022-08-30,-0.01518155399840651,-0.0063637126283202505
2022-08-31,-0.012467866124333177,-0.005091986206593124
2022-09-01,-0.0099961179605145,-0.004104588220967709
2022-09-02,0.010861049594145578,0.004216595712876803
2022-09-06,0.012981306816313154,0.0048440056243512775
2022-09-07,-0.02777258342575295,-0.010533570185804919
2022-09-08,0.004103551284208862,0.0014924478429212407
2022-09-09,0.012180933197077581,0.004612626139300691
2022-09-12,0.006465865128040843,0.0024491773448322984
2022-09-13,0.016376977514423463,0.006380126191741331
2022-09-14,-0.005320220835006301,-0.0019707574162792785
2022-09-15,-0.014808463756844359,-0.005828102410993075
2022-09-16,0.005692260812056538,0.002091775179468014
2022-09-19,-0.001180251540435967,-0.00042322068653610767
2022-09-20,0.005236749906815219,0.0020203271045586835
2022-09-21,0.0008728432950255716,0.0002883598082312755
2022-09-22,0.009683934261153854,0.0035144453550237653
2022-09-23,-0.01983510214854861,-0.00764634725809521
2022-09-26,-0.009793591889984521,-0.0037251686508213977
2022-09-27,0.01550165793276706,0.005434050819274949
2022-09-28,0.008076402236924574,0.003111343522706589
2022-09-29,0.011936661607420518,0.004196140525106085
2022-09-30,-0.0015690695004151323,-0.0007613954192756678
2022-10-03,0.008744838983223008,0.0030494400806284627
2022-10-04,0.0011746609889616288,0.0004714895926167806
2022-10-05,0.016320911672069865,0.008168505488824529
2022-10-06,0.012290781160575137,0.006190309554599871
2022-10-07,0.01965472058474818,0.009861571152454118
2022-10-10,0.0012179287270740746,0.0002469262824784657
2022-10-11,-0.005962400754370989,-0.003188587316605984
2022-10-12,-0.002673751492628801,-0.001357347933545583
2022-10-13,0.004543957412814603,0.002324609029383584
2022-10-14,-0.005681198347393168,-0.003150728691807103
2022-10-17,-0.011194303696118707,-0.0053354856520813065
2022-10-18,-0.009865878702593783,-0.004877240485794854
2022-10-19,0.014098142303675065,0.00676999690012936
2022-10-20,0.004401534215559277,0.0019863935297463886
2022-10-21,-0.0015993931599347089,-0.0009210123494229894
2022-10-24,0.012394923178053907,0.005865589878816468
2022-10-25,-0.014774503851170462,-0.006695804131937377
2022-10-26,0.0010366361784754363,0.0008343097452081505
2022-10-27,0.0019903881648845323,0.0011837790308613094
2022-10-28,-0.006484799788752937,-0.003413059496617965
2022-10-31,0.0013304252254154048,0.00043944657762939876
2022-11-01,0.007793730539618043,0.0045777463279643715
2022-11-02,0.01779721260602235,0.008730037135959323
2022-11-03,0.0018411641665520284,0.0006799019377705662
2022-11-04,0.010907089701010758,0.005563008845625106
2022-11-07,-0.004303436472905819,-0.0022633583764062326
2022-11-08,-0.014506822588983309,-0.007355822919549282
2022-11-09,-0.004785035208531185,-0.0026990244028628485
2022-11-10,-0.03854782683186936,-0.018073336798659412
2022-11-11,-0.0010176178304273642,-0.0007392399895064239
2022-11-14,-0.00466548612130005,-0.0024582814901951133
2022-11-15,-0.0057019319470128504,-0.002867519362522497
2022-11-16,-0.005839802549624851,-0.0026991911153925185
2022-11-17,-0.01197840899210001,-0.006279578900770355
2022-11-18,-0.004681234081254149,-0.002457304984278652
2022-11-21,0.004764684391818819,0.0026353128224176903
2022-11-22,-0.004524490388033653,-0.002438978578893636
2022-11-23,-0.023753934925905468,-0.012225679734739647
2022-11-25,-0.001386303228508745,-0.0007439750976158122
2022-11-28,0.002143038709724654,0.0014125082363922736
2022-11-29,0.009418516337919847,0.004451483800232969
2022-11-30,-0.006268607388292158,-0.0037961292523399637
2022-12-01,-0.010816986638142734,-0.0055327969146136136
2022-12-02,-0.01124650448195319,-0.0061413127375825605
2022-12-05,-0.004374297802009042,-0.0017300124657819715
2022-12-06,-0.011877775762509174,-0.006065970678378441
2022-12-07,-0.009102507677870492,-0.004833124852847148
2022-12-08,-0.008488679033663071,-0.00432522022903592
2022-12-09,0.010165765780824787,0.005941339841290416
2022-12-12,0.007839274274474978,0.003681794909790037
2022-12-13,0.004642065523869698,0.00180710934907502
2022-12-14,0.006768276669931295,0.003226719557343216
2022-12-15,0.005939512450054196,0.0035175401933342787
2022-12-16,-0.003757615800497466,-0.001651888297054982
2022-12-19,0.011329732177481733,0.005910128464449604
2022-12-20,0.0023406562906105877,0.001084941420270269
2022-12-21,0.007365621902904629,0.003553633840337689
2022-12-22,0.0015637686605865508,0.0007281879966634097
2022-12-23,0.01716602275909973,0.008903492928525658
2022-12-27,0.00994373560845585,0.005110532429236869
2022-12-28,0.004438347594469538,0.0023738192402606995
2022-12-29,-0.016160332205285483,-0.0082223121441789
2022-12-30,0.012178296579205605,0.006203229399171395
2023-01-03,-0.021217790472813858,-0.01134748896031268
2023-01-04,-0.026416470279277876,-0.015583929156170018
2023-01-05,0.0018652502607487687,0.0011279866951394713
2023-01-06,-0.013918284890678007,-0.00843813194251919
2023-01-09,0.002972671650663339,0.0016264976897075734
2023-01-10,-0.0006777132272381137,-0.000344100730832686
2023-01-11,0.003145234720832668,0.0015975739676452605
2023-01-12,-0.005277755077068902,-0.003313914939698126
2023-01-13,0.007492943536285102,0.004612880159504229
2023-01-17,0.0070852149755702976,0.0044337140352568305
2023-01-18,-0.009778447838509341,-0.006149566707482235
2023-01-19,0.010262886055995152,0.006401509006717543
2023-01-20,0.00036528488852100027,0.00032055225433080814
2023-01-23,-0.003475953565084622,-0.002333428002304294
2023-01-24,-0.007634526951595194,-0.004910415950071023
2023-01-25,0.0008587238955852228,0.0005118077752448436
2023-01-26,-0.0009181065095354435,-0.0007804810195048972
2023-01-27,-0.009058358045291925,-0.0058235449189600885
2023-01-30,0.004618219247959798,0.0031572671425506016
2023-01-31,0.006802962104221211,0.003922540622812054
2023-02-01,-0.025140825308563985,-0.014162030653137037
2023-02-02,-0.017323951207235844,-0.009874718276319472
2023-02-03,-0.010282192417372799,-0.00501721747242001
2023-02-06,0.013778387316543517,0.008072296156698355
2023-02-07,0.00566162228351455,0.0026926315532833645
2023-02-08,0.010154653516355305,0.0058709770088340996
2023-02-09,-0.006359857825298604,-0.003479837493648441
2023-02-10,0.02043420388119649,0.01152405377764798
2023-02-13,-0.007489375043165963,-0.00424311013857015
2023-02-14,0.0021297582143824934,0.0012341139371301324
2023-02-15,-0.0045629194193437805,-0.0024391127713936367
2023-02-16,0.005500598479106417,0.003192906192374556
2023-02-17,-0.0005902911359733642,-0.00019586223620138288
2023-02-21,0.017534735833246606,0.00993610674239176
2023-02-22,-0.01623280523327922,-0.008622087955413305
2023-02-23,-0.0005822025798905284,-0.0004506470879452884
2023-02-24,0.007611831629390137,0.004657986274723136
2023-02-27,-0.00930639044629189,-0.005018462960913905
2023-02-28,0.008148486589331483,0.004251341461491531
2023-03-01,0.01566668651921349,0.004176558183256018
2023-03-02,0.0023227964502505194,0.0015333057651993887
2023-03-03,0.0011718198142272596,0.0009134371671302155
2023-03-06,0.0015612722243774635,0.0010616723248175752
2023-03-07,-0.019417785532744897,-0.013274605594354671
2023-03-08,-0.004110094912463003,-0.0028110754865678933
2023-03-09,-0.005594900406939607,-0.0037372090763282406
2023-03-10,-0.003261842553995087,-0.0023808786587388164
2023-03-13,-0.012907792958146425,-0.008738262457537282
2023-03-14,-0.0077818398733135175,-0.0049785872133715214
2023-03-15,-0.03493498708932369,-0.02353550832625584
2023-03-16,0.003434013870811492,0.002322617789983328
2023-03-17,-0.010681164514505292,-0.006964321227791781
2023-03-20,0.011280683205528885,0.007482504421338465
2023-03-21,0.008611764550629508,0.005300607920047051
2023-03-22,-0.00011594353270771851,-0.00011085409947320102
2023-03-23,-0.005490404381462505,-0.0036952606915988673
2023-03-24,-0.004160331845107085,-0.00319673662931641
2023-03-27,0.03008966408940808,0.020518403150947995
2023-03-28,0.004395816551180515,0.0030518663038874294
2023-03-29,-0.0011970510371002996,-0.0008803449731293878
2023-03-30,0.0072998705814434905,0.0048070228671619475
2023-03-31,-0.002329616535440532,-0.0021194390484660097
2023-04-03,0.002564368680223918,0.010780883589551316
2023-04-04,-0.004660631224266409,-0.00444708640445346
2023-04-05,-0.001105412415131235,-0.0011159507360203325
2023-04-06,-0.0003921686560879878,-0.00041168107856004443
2023-04-10,0.001243359857905857,0.0012357295975677918
2023-04-11,0.004501447132036457,0.004207866152560191
2023-04-12,0.002916229251469643,0.0025490664974354704
2023-04-13,-0.00036878038802662383,-0.0003462065697595884
2023-04-14,0.0018728642464913847,0.001940706087938171
2023-04-17,0.005334307666832738,0.00518243680234165
2023-04-18,0.002002348726044434,0.001884523900518964
2023-04-19,-0.004918050808262797,-0.004784008949051066
2023-04-20,0.002482135851637479,0.0024002722153400047
2023-04-21,0.0006982147335844457,0.0006926426177993328
2023-04-24,0.0009217539560891219,0.0008834348802573277
2023-04-25,0.0012201362278379813,0.001044135165785276
2023-04-26,0.004229287844426971,0.004079500139865244
2023-04-27,-0.007433004574604746,-0.006755698944351574
2023-04-28,-0.009557830297080377,-0.009034438840491599
2023-05-01,0.009673976802534097,-0.008469538352473216
2023-05-02,0.022978455510031998,0.016190123180608973
2023-05-03,0.016675733535381793,0.011173946615000263
2023-05-04,0.004567573053617574,0.0032702854881010435
2023-05-05,-0.022461944240497744,-0.014838738823221509
2023-05-08,-0.0019550726268750818,-0.0011972048811953462
2023-05-09,-0.003114280502823058,-0.002130931929841151
2023-05-10,-0.002867877161715632,-0.00200824122272536
2023-05-11,-0.007086391186363672,-0.004939814487483263
2023-05-12,0.0037126532551005065,0.002517311421557311
2023-05-15,-0.0032968560221144916,-0.0021637694823058995
2023-05-16,-0.0019384048733304404,-0.0013376880438170646
2023-05-17,-0.00865676775398766,-0.005735333530067166
2023-05-18,-0.0008265626485423339,-0.0005008733259935783
2023-05-19,0.009953882059178965,0.0067106840254063105
2023-05-22,-0.0016937453004657044,-0.0011055548203543486
2023-05-23,-0.011460472283197548,-0.007837296092597978
2023-05-24,-0.01075342180332814,-0.007320592211067178
2023-05-25,0.006300261382462091,0.004665734099468244
2023-05-26,-0.0009192841192565138,-0.0009948548901069776
2023-05-30,0.012638536167532272,0.008867399953732757
2023-05-31,0.007503781897305023,0.004772712649680599
2023-06-01,-0.002254927143959139,-0.0021354188819774356
2023-06-02,-0.006407537417823794,-0.00419674756601085
2023-06-05,0.0005394882244141863,0.00037734151211088474
2023-06-06,0.0019316436696511508,0.0013178318576438919
2023-06-07,-0.010969990373901839,-0.007512816299605096
2023-06-08,0.017172474784415304,0.011514076933267559
2023-06-09,0.004577845026256883,0.0030843609180752907
2023-06-12,0.01655081823089538,0.011158980357758974
2023-06-13,-0.009048846700367985,-0.005589599796801958
2023-06-14,0.0035472393139553138,0.0023392141721694237
2023-06-15,-0.006434718138608492,-0.00405822540286449
2023-06-16,-0.0028039665028381233,-0.002118308581860684
2023-06-20,-0.014975683731461353,-0.010019067953609406
2023-06-21,-0.01647308158171573,-0.011218390528245248
2023-06-22,0.014851724686277129,0.010751400467779337
2023-06-23,-0.0033435299050582346,-0.002509430996109896
2023-06-26,-0.001203922497641008,-0.001144206578293172
2023-06-27,0.017712768424773817,0.012118074392719391
2023-06-28,-0.006191447787519844,-0.003988965510321907
2023-06-29,0.0007054154884117148,0.0006143223668995113
2023-06-30,0.002270016568169997,0.0015875910922609204
2023-07-03,0.00030282039011431203,0.003273307586369567
2023-07-05,-0.0033515491200220293,-0.0021389472057053993
2023-07-06,-0.00275857447280492,-0.0021358456677217363
2023-07-07,-0.004251400855434712,-0.0029093457869636685
2023-07-10,0.0022426652383683854,0.0016046001396960996
2023-07-11,-0.007829732098084047,-0.005452415960267243
2023-07-12,0.007818580210223858,0.00587832265701449
2023-07-13,0.0034485071817084156,0.0028970150921405757
2023-07-14,0.009665007690170396,0.007054184494191151
2023-07-17,0.007011287499309821,0.004953266047367899
2023-07-18,-7.138113428775683e-05,0.00037512209345025305
2023-07-19,-0.001148875345184569,-0.0006079666319536159
2023-07-20,-0.01043030780208079,-0.008030154244014098
2023-07-21,-0.005966475564569279,-0.004376907254007079
2023-07-24,-0.014874114327391136,-0.011035767682121778
2023-07-25,0.0017036265508630355,0.001295745285353922
2023-07-26,0.004361317286560029,0.003403132905104078
2023-07-27,-0.0057295143512169355,-0.005023381747882305
2023-07-28,-6.0138481323690485e-06,-1.3693972589767789e-05
2023-07-31,-0.0006649233762467954,-0.0004221110610594936
2023-08-01,-0.0014707450124011585,-0.0008429354681249723
2023-08-02,-0.008048814957199474,-0.0062147685982441025
2023-08-03,-0.007032557315411636,-0.005860910050601853
2023-08-04,-0.009584860594347322,-0.006894508798726995
2023-08-07,0.0046580100383733225,0.0031071985574422367
2023-08-08,-0.01025411860158687,-0.007494923956088639
2023-08-09,-0.011611300746739384,-0.008890035279164876
2023-08-10,0.012234885675861534,0.007790213797575829
2023-08-11,-0.002893245311652304,-0.0010144187759284495
2023-08-14,0.006310276081177624,0.0021838638727980086
2023-08-15,-0.0007693970188633326,-0.0002902220307864356
2023-08-16,0.001125176518263854,0.0003596922645994205
2023-08-17,-0.006255909407507587,-0.0021183554797898907
2023-08-18,-0.005683123539587331,-0.0019303524269863592
2023-08-21,0.018770837087451003,0.006445185091704442
2023-08-22,-0.0018672190468775884,-0.0006099975821814985
2023-08-23,0.013657260643401253,0.004821159908330763
2023-08-24,-0.01127602274407033,-0.003914294271903818
2023-08-25,0.0005119040077729009,0.0002091129558383642
2023-08-28,0.006819318595672252,0.0023079707218922607
2023-08-29,0.009842568233845272,0.0035276612169439225
2023-08-30,0.000203953076590907,2.783522173754882e-05
2023-08-31,-0.010890434734285775,-0.0037921702131181734
2023-09-01,-0.006615127312027819,-0.00261512101363226
2023-09-05,-0.008385246694547821,-0.0031080829715357527
2023-09-06,-0.011480451364238003,-0.004111507017938831
2023-09-07,-0.004843298674332891,-0.0016734110482027331
2023-09-08,-0.002736920188178865,-0.000978396165633999
2023-09-11,0.009476774296497237,0.00327116648797654
2023-09-12,-0.012441691145836847,-0.00444773845907942
2023-09-13,-0.002867764869860151,-0.0010261967395285287
2023-09-14,0.000882268832442662,0.00011899808033244419
2023-09-15,-0.0009068976884766267,-0.0003896622042797171
2023-09-18,-0.0002793966119943314,-8.457434964903587e-05
2023-09-19,0.0012153023799183205,0.0003892026112919389
2023-09-20,-4.0412660283983826e-05,0.00017338908266073538
2023-09-21,-0.003470319298723379,-0.0012298718513267248
2023-09-22,-0.0025513567127292136,-0.0008622340904449466
2023-09-25,0.00665032576429847,0.002190307406559011
2023-09-26,-0.013765211158018792,-0.004805951976469713
2023-09-27,-0.008114261519228061,-0.0031266688722733083
2023-09-28,0.008925530956499589,0.003253694997916723
2023-09-29,-0.0012013993701781578,-0.00030252421305132504
2023-10-02,-0.004725237608822763,-0.0020214914429782516
2023-10-03,-0.003781310982357955,-0.0018708944148903006
2023-10-04,0.006481007007741402,0.0031178472795718726
2023-10-05,0.0017812619051419398,0.0007942358612857969
2023-10-06,0.02106345521347222,0.01001587533438375
2023-10-09,-0.008958994189793373,-0.004038859524401972
2023-10-10,0.006976172549623155,0.003329835706477491
2023-10-11,0.0019983559116069916,0.0010162487289664401
2023-10-12,0.0030920717577034296,0.0014127212701022795
2023-10-13,-0.009276280234769091,-0.004275130671463456
2023-10-16,0.012146868361556928,0.005788292946197204
2023-10-17,0.007241184087268676,0.003458751576626229
2023-10-18,-0.009367034698893939,-0.004548728673263169
2023-10-19,-0.001286277510348044,-0.0006807189620938736
2023-10-20,-0.006484628009322729,-0.0028926680422810547
2023-10-23,-0.006528004655931674,-0.0032042007441573928
2023-10-24,0.004833818342634494,0.0023151957718248184
2023-10-25,-0.0062303105446455675,-0.00306093545838515
2023-10-26,-0.013662064960219544,-0.006367242263762618
2023-10-27,-0.0008619768076548184,-0.00029783501221114506
2023-10-30,0.015916064223155613,0.007538771455661619
2023-10-31,0.006323494501857985,0.0027711218436918816
2023-11-01,-0.0006512186333803294,-0.0008283438265088705
2023-11-02,0.0026177252076453605,0.0008726194600132686
2023-11-03,0.008129604567751691,0.0033659471305882427
2023-11-06,0.002472674806112185,0.001179109234141107
2023-11-07,-0.001591439376343734,-0.000860909215022243
2023-11-08,-0.002338454866415235,-0.0012715538931289405
2023-11-09,0.005870880395032585,0.002773907432590317
2023-11-10,0.00397953095235834,0.0017726576867855837
2023-11-13,-0.002194961192244549,-0.000868505766186356
2023-11-14,0.014290956676481864,0.005810722013159353
2023-11-15,0.012918116086521325,0.00561639265761249
2023-11-16,0.003699764527529348,0.001289860366811002
2023-11-17,-0.0030397330539790046,-0.0011817044257714793
2023-11-20,-0.004544044797416713,-0.001800497864710482
2023-11-21,-0.0011694738103604219,-0.0005422889398560837
2023-11-22,0.004819277244504677,0.001977595217146577
2023-11-24,0.01432321125168845,0.006246060932632025
2023-11-27,-0.0042112156420096025,-0.002029913032306596
2023-11-28,-0.001672885136157709,-0.000541592343523134
2023-11-29,-0.006551762960032043,-0.0029557958857023836
2023-11-30,0.012676705143348482,0.005545970125339972
2023-12-01,-0.013590839090745847,-0.006779221664953927
2023-12-04,-0.005343961739105757,-0.002090785651203797
2023-12-05,-0.008950249751331213,-0.0036337032758442245
2023-12-06,-0.01998652573736298,-0.007922125616338205
2023-12-07,0.0008812066311036371,0.0001868957829844753
2023-12-08,0.01206513206806456,0.004864878833357844
2023-12-11,0.00015005457556874213,0.00012642625950531894
2023-12-12,-0.00871398979813559,-0.003348133735698422
2023-12-13,-0.005194773147483817,-0.0026195419349586135
2023-12-14,-0.0038006753222568634,-0.002113108375697448
2023-12-15,0.0019415323507176452,0.0008488619722790691
2023-12-18,0.01033907112358437,0.004279277902287992
2023-12-19,0.006027617704345539,0.0023566529958491955
2023-12-20,-0.008747803782406777,-0.0036755941869642816
2023-12-21,-0.0002904715431414906,-0.00011099350369936367
2023-12-22,0.004561581632223616,0.001936844370969748
2023-12-26,0.007209891857195894,0.0028238127812370006
2023-12-27,-0.011844140720314922,-0.005042908548747116
2023-12-28,-0.007266238455858082,-0.002832351760426177
2023-12-29,-0.0047749688850150795,-0.0018399232300029267
2024-01-02,-0.00418908948782498,0.0035268204357714605
2024-01-03,-0.011197087047299381,-0.005580675142021763
2024-01-04,0.007982357964450182,0.0037569915269033416
2024-01-05,0.0028653972839340347,0.001349963169568369
2024-01-08,0.008778146367076994,0.004369223192892457
2024-01-09,-0.0014368354194666533,-0.0007640593529982809
2024-01-10,0.009598710137530247,0.004547723029326045
2024-01-11,-0.004371379135289677,-0.00201825421808588
2024-01-12,0.0016705102790628978,0.0008814607287477294
2024-01-16,0.005175254916676225,0.0021432757986676876
2024-01-17,-0.00482498988756172,-0.00248855755192412
2024-01-18,0.011285734023288418,0.005417284110076359
2024-01-19,0.008946527246283836,0.004415944745820077
2024-01-22,-0.0027883594122893873,-0.001257909777206745
2024-01-23,0.0036419441832085397,0.0016921754630720987
2024-01-24,0.00016316526228404848,0.0001400368317916456
2024-01-25,-0.0009777731397800637,-0.0004029161526531988
2024-01-26,-0.0005440842214692321,-0.0003861255522423779
2024-01-29,0.004653754702656859,0.0025333330350114647
2024-01-30,-0.0059638807112062375,-0.002913667512094875
2024-01-31,-0.013064802180674712,-0.006343432353451139
2024-02-01,0.011508798277556104,0.005648669647728477
2024-02-02,0.02254217729064148,0.008719435433301559
2024-02-05,-0.00015658541484606103,-1.5072863228327016e-05
2024-02-06,-0.004537201040097749,-0.0016970201574565413
2024-02-07,0.0037386161071576995,0.001497029326242405
2024-02-08,-0.002845259332772687,-0.00092646273735153
2024-02-09,0.004782006533297745,0.0018535796719769682
2024-02-12,-0.0035321238533913557,-0.0013694385457012626
2024-02-13,-0.005579134959808496,-0.0022324564641953426
2024-02-14,0.011293352318691663,0.004350273678142891
2024-02-15,-0.003277676983249128,-0.0012324215874965905
2024-02-16,-0.004890231407981949,-0.0019338272709361615
2024-02-20,0.005481354661648008,0.002070688012445032
2024-02-21,-0.0004915388912339891,-0.0002148745169591182
2024-02-22,0.011886961760285253,0.00464873952806899
2024-02-23,0.006497550770901694,0.0025557362521151372
2024-02-26,-0.0032960009432785042,-0.0012381197701939461
2024-02-27,-0.0016433155952030043,-0.0006382203454937674
2024-02-28,-0.005668478083757339,-0.0021979313497061392
2024-02-29,0.002123729654983253,0.0008552783661217589
2024-03-01,0.011019398289443596,0.002759469457288777
2024-03-04,0.012368962804943928,0.00596082638703388
2024-03-05,-0.011851880668664494,-0.005673278882425303
2024-03-06,0.0048029622183928256,0.002379924215346829
2024-03-07,0.0062820148566856415,0.0030321908595438707
2024-03-08,-0.0037803760971626132,-0.0017831026969754582
2024-03-11,-0.0012699708885890448,-0.0005571498333083458
2024-03-12,0.005763841673939313,0.0025824476045055444
2024-03-13,0.005771170522623714,0.002972732116607757
2024-03-14,0.0029677027212900164,0.0013497435747793496
2024-03-15,-0.0013214499233133725,-0.0005172797186387967
2024-03-18,0.0018287709487314896,0.0007464718063905362
2024-03-19,0.0021591818021192144,0.0009604887468466217
2024-03-20,0.014335078487360653,0.007065657297852912
2024-03-21,-0.004663933425913952,-0.002554064780511789
2024-03-22,-0.0055007139079693845,-0.00264948378627905
2024-03-25,-0.0007169487445170541,-0.00035593332882311035
2024-03-26,-0.002016929720007443,-0.0010168762472159143
2024-03-27,0.003002356661327227,0.001540464254812024
2024-03-28,0.0029386511426357786,0.0015307495943372995
2024-04-01,0.010953517206023585,0.009749397036495244
2024-04-02,-0.012251949050071487,-0.004661445753951332
2024-04-03,-0.007756354720753533,-0.0030923610412951774
2024-04-04,-0.0036423647248897684,-0.001292169840499957
2024-04-05,0.009048600867375522,0.00333039021850845
2024-04-08,-0.005122978781958443,-0.002122218510492324
2024-04-09,-0.007006075801359285,-0.00286495038433654
2024-04-10,0.013808848174522992,0.005480450980088536
2024-04-11,1.6538742145244534e-07,-0.00029831622741705033
2024-04-12,-0.003808884414119973,-0.0012531807305093956
2024-04-15,-0.005177858212429692,-0.0023066277067168572
2024-04-16,0.002003395294049609,0.0009512002224811855
2024-04-17,-0.013925546827268792,-0.005351794517465369
2024-04-18,0.005255165616033619,0.0020841896264152115
2024-04-19,-0.006138829327894252,-0.0022841070829453525
2024-04-22,0.014464134344658153,0.006031219583706449
2024-04-23,0.0071597720552439015,0.0025584619051426394
2024-04-24,0.00953310872976737,0.003739993737015501
2024-04-25,-0.0014422214929074584,-0.000713678588087685
2024-04-26,0.008142830115995564,0.003046730801554931
2024-04-29,-0.015423410972558393,-0.0060202408281520015
2024-04-30,-0.002839383349853536,-0.0009092386611579961
2024-05-01,-0.02392594530870157,-0.009141907732262755
2024-05-02,-0.00867001105182913,-0.003310800508664058
2024-05-03,0.008139523381302194,0.003060879636789915
2024-05-06,-0.0032914696101491725,-0.001492906255275983
2024-05-07,0.007719032143131549,0.0029547318950400303
2024-05-08,0.004725772490224628,0.001761640534387654
2024-05-09,-0.008321134517826456,-0.0035194938991433
2024-05-10,0.0034072151558309227,0.0013672829781905538
2024-05-13,-0.00947368746840524,-0.0037380626329788225
2024-05-14,-0.0026896477864354895,-0.0012003209970657958
2024-05-15,-0.0064282782021179985,-0.002994472102518797
2024-05-16,-0.0014600186296716833,-0.0005230123497309558
2024-05-17,-0.010736406216522332,-0.005317811505721748
2024-05-20,0.004385809735838103,0.0015144738356975829
2024-05-21,-0.0025170492915571052,-0.0012524599560495009
2024-05-22,0.005955198105212028,0.0033066664671055346
2024-05-23,0.009807687165632795,0.004296267494583672
2024-05-24,0.004658120147495337,0.0016485205597427388
2024-05-28,0.00610211993735324,0.0011667733130733549
2024-05-29,0.0012334953713933616,0.0004875574569684904
2024-05-30,-0.007710308941393462,-0.0023030295355699337
2024-05-31,0.00116615569950132,0.001002409775042512
2024-06-03,-0.016402032862833343,-0.005989035368307416
2024-06-04,-0.008418878450692918,-0.00318118532109668
2024-06-05,0.010794186780134107,0.004177277448265571
2024-06-06,0.007179040244910312,0.0026729365244457792
2024-06-07,0.008118607563389224,0.003176579319067896
2024-06-10,0.008862004778959293,0.0031708969451076374
2024-06-11,0.002854856002785233,0.0011654685262334485
2024-06-12,0.006465069856232519,0.0026190880692191776
2024-06-13,-0.0014708885036833763,-0.0005158586521474273
2024-06-14,-0.0011472615067446845,-0.0004941284325550299
2024-06-17,0.010752477414446515,0.004180235040542435
2024-06-18,0.0006049313862547534,0.00021030395258403445
2024-06-20,-0.00013875955376424498,-0.0001947133202365725
2024-06-21,-0.004544331035641419,-0.0018171176456017735
2024-06-24,-0.005833091899761,-0.0023713591758769414
2024-06-25,-0.0019614194474636137,-0.0006671720378704782
2024-06-26,0.007580533179549348,0.002963453056212595
2024-06-27,-0.00019674360758922815,-2.357159777455209e-05
2024-06-28,0.004241949802749417,0.0015618922128157742
2024-07-01,0.01436599824593085,0.004353646160910607
2024-07-02,0.0029990066623726552,0.0008790623147940657
2024-07-03,0.005107623923670812,0.0015225916782244386
2024-07-05,0.004488289365035314,0.0013909833450342912
2024-07-08,-0.007319472555472717,-0.002224867177798462
2024-07-09,0.004158250939235997,0.0012426368417000067
2024-07-10,0.0014743443372090825,0.00041674731879126625
2024-07-11,-0.004267913652917149,-0.0012474046670440941
2024-07-12,-0.010910313381416181,-0.0033339485807264424
2024-07-15,0.0018479729661981525,0.000553747567871854
2024-07-16,-0.005420567348143918,-0.0015794301630126517
2024-07-17,-0.015365963339153965,-0.004808756675568793
2024-07-18,-0.0015284374739351347,-0.00045017990719664613
2024-07-19,-0.013244481175439332,-0.003927800438556339
2024-07-22,0.008588107148729734,0.002548912876384035
2024-07-23,-0.00508053773830433,-0.0014930412962420592
2024-07-24,-0.011570215870745831,-0.003465081621098487
2024-07-25,-0.014946232159882916,-0.004437563756129026
2024-07-26,-0.0049244301955115866,-0.0015004462815964015
2024-07-29,-0.006321741142802206,-0.0018679495999269768
2024-07-30,-0.002199028348457005,-0.0006655188065615159
2024-07-31,0.012515470144428886,0.0032138488720929725
2024-08-01,-0.013987548395161057,-0.005815863159193357
2024-08-02,-0.0226261954707159,-0.007462570062184093
2024-08-05,-0.03604363087928408,-0.012299486085798561
2024-08-06,0.010445634126033554,0.0035083484316096314
2024-08-07,-0.004448756782381075,-0.0014849322622662031
2024-08-08,0.024397963065708406,0.008066059204071552
2024-08-09,-0.002020640732623702,-0.0006487642631883839
2024-08-12,0.005943190597937992,0.0019979452558871458
2024-08-13,0.00774955717103229,0.0026432859702851808
2024-08-14,-0.0035499345194963117,-0.0012117837587152236
2024-08-15,0.022368444569485002,0.007587207074139624
2024-08-16,0.009270393247919811,0.0032542387408853735
2024-08-19,0.006007412619345426,0.0021412095635422457
2024-08-20,-0.003823771371849083,-0.0012562915263572005
2024-08-21,0.002287728934088573,0.0007960487275389116
2024-08-22,-0.008072825917911808,-0.0029894305203237437
2024-08-23,0.004157444960236734,0.0015898058408749804
2024-08-26,-0.00168268178936129,-0.0005969191509689331
2024-08-27,0.002102901406923152,0.0007372033774017961
2024-08-28,-0.005823053870849998,-0.0021524239066766926
2024-08-29,0.001387319322470243,0.0004928087036821793
2024-08-30,0.00699046710795842,0.0023067069811810725
2024-09-03,-0.02085635737807426,-0.006717274650044014
2024-09-04,-0.005535500247607045,-0.0017564986541004357
2024-09-05,0.004063410564879022,0.001167767794537422
2024-09-06,-0.017944057475894726,-0.005390301363847549
2024-09-09,0.010833034658782353,0.0031564400659065406
2024-09-10,0.006363967403165555,0.001794140962504187
2024-09-11,0.007570829500267717,0.002241803966405609
2024-09-12,0.014316506350821573,0.004406828678204855
2024-09-13,0.008752806320242668,0.002711725154206146
2024-09-16,-0.006273622606445678,-0.001953555842580168
2024-09-17,0.0006633049009295289,0.00022796268190461433
2024-09-18,-0.004864930657641348,-0.0015172365936567678
2024-09-19,0.01758895414992384,0.005433915675074452
2024-09-20,0.00839002465654834,0.0026433602634858833
2024-09-23,-0.0013050831281060382,-0.0004761040072152056
2024-09-24,0.011977199252194676,0.0039022745769250466
2024-09-25,0.004333346102993713,0.0012580507715549416
2024-09-26,0.006190785973428037,0.0019372125937633378
2024-09-27,-0.013743316926681598,-0.004308257113078362
2024-09-30,0.0009808361868132442,0.0001854246972909923
2024-10-01,-0.013033829636128369,-0.005095949801843247
2024-10-02,0.005025552197504862,0.001434619923362801
2024-10-03,-0.011268479721955299,-0.0034290776921015453
2024-10-04,0.0074269355330653375,0.002191145745549239
2024-10-07,-0.023240352828091893,-0.007113151532298634
2024-10-08,0.01305262124456208,0.004500631357708285
2024-10-09,0.007686885575999114,0.0024261375481549052
2024-10-10,-0.008621666537302064,-0.002870671832362448
2024-10-11,0.009796503016362756,0.0028286034731430654
2024-10-14,0.012046047864328474,0.0038368326417514975
2024-10-15,0.011944696366589264,0.0036260997194976774
2024-10-16,0.0073377766983810655,0.00212941637269215
2024-10-17,0.0020144110024488404,0.0005626916917333968
2024-10-18,0.023770456859673217,0.006820170510227319
2024-10-21,0.001189060730406949,0.0003420811094982934
2024-10-22,0.0006541585019324003,0.00017693191841461342
2024-10-23,-0.011676285468066094,-0.0036089775142231773
2024-10-24,0.003911636807872709,0.0011799692910403614
2024-10-25,-0.002908428621485576,-0.000880584058588596
2024-10-28,0.022155447871180872,0.006655282606916391
2024-10-29,0.014406429658880032,0.004212701639611183
2024-10-30,-0.016365407362012585,-0.004781132067761651
2024-10-31,-0.03356053414767629,-0.009929332226260468
2024-11-01,0.008587252032959514,0.0024544181631749318
2024-11-04,-0.014637338209211398,-0.004179875391770005
2024-11-05,0.0023364691541756244,0.0007588740938841987
2024-11-06,0.007156684456683299,0.0022468554594961
2024-11-07,0.008497500645421596,0.0025505707857003124
2024-11-08,0.004817596997411688,0.0014848625376469027
2024-11-11,0.004631995492058477,0.001387170609708166
2024-11-12,0.0019784973996159194,0.0004944367311421338
2024-11-13,-0.003237867712385739,-0.0008786475956521489
2024-11-14,-0.001631761457159403,-0.000615734281127267
2024-11-15,-0.008698689496344142,-0.0026859080122256795
2024-11-18,-0.00041142886408807033,-0.00011134663925738142
2024-11-19,0.004548951491393782,0.0013291382876872149
2024-11-20,0.001354096888131956,0.00038899110240042667
2024-11-21,-0.0020158956656178006,-0.0005156698999793097
2024-11-22,0.00638384836028294,0.0017377184243783095
2024-11-25,-0.00591976163170016,-0.001495058653461001
2024-11-26,0.0050358838074437695,0.0014959294923071464
2024-11-27,-0.009708724035457361,-0.0027999449744713356
2024-11-29,0.007920161012199584,0.0022754753863885036
2024-12-02,0.00492733432522105,0.0015001117111959061
2024-12-03,-0.004253998645368767,-0.0012106995058571712
2024-12-04,0.01461011449464078,0.0043015369396042225
2024-12-05,-0.003309133425303201,-0.0009666110891847213
2024-12-06,0.006498457502388533,0.0019407987302160201
2024-12-09,0.0022831629319681745,0.0004723104597603722
2024-12-10,0.0020866387819128696,0.000509517474984289
2024-12-11,0.0012214792443882017,0.0005926318841509293
2024-12-12,-0.011597756390409303,-0.0033857311306577653
2024-12-13,-0.007491580624103378,-0.002030874431863783
2024-12-16,0.00911279397545886,0.0027705099792125765
2024-12-17,-0.0005462444925650733,-0.00024809276300097327
2024-12-18,-0.02151272380872163,-0.00666014340954757
2024-12-19,0.0013919282360249363,0.00039470064098434676
2024-12-20,0.0050916631985139515,0.0015066680856758996
2024-12-23,0.00517602842080539,0.0015822307165573868
2024-12-24,0.00422244343961356,0.001399767193057011
2024-12-26,0.005465589230329637,0.0014956444396858615
2024-12-27,-0.015212623107895618,-0.004458530242690606
2024-12-30,-0.016443029298977535,-0.00480621998016606
2024-12-31,-0.004355870936739392,-0.0013825746092495095
2025-01-02,0.0071603835597819085,0.00171794499231126
2025-01-03,0.0007957410397848863,0.00031930122311818465
2025-01-06,0.002145613691295817,0.0009089257301644338
2025-01-07,0.003053455914939579,0.0012577538401830068
2025-01-08,0.0025539658165293355,0.0010777440459743826
2025-01-10,-0.002663856495522199,-0.001119545158503099
2025-01-13,-0.006542199738167137,-0.0028947416126163805
2025-01-14,0.0018955069820534853,0.0008044330072667361
2025-01-15,0.0036188465788361823,0.0015544751916005684
2025-01-16,-0.003545340056934715,-0.0014498492791434892
2025-01-17,0.0023546584548872485,0.0009093657912371267
2025-01-21,0.007502605602086737,0.0032808559737722565
2025-01-22,0.008971226875319177,0.003813134448458211
2025-01-23,0.0006484587148789245,0.00023399671352697382
2025-01-24,-0.00012989067746238536,-2.2074155348494884e-05
2025-01-27,-0.011609713272597078,-0.004978648353769821
2025-01-28,0.010722021347736865,0.0045993121067589016
2025-01-29,0.004843747343420468,0.0020788635872317496
2025-01-30,0.007080113131961552,0.003107013230083444
2025-01-31,0.000519034158777909,0.0001497407184156696
2025-02-03,-0.0021835816453739383,-0.0004961107544738663
2025-02-04,0.006800973873257954,0.003155539917987893
2025-02-05,-0.0005830757127267272,-0.00025988861377679306
2025-02-06,-0.002399066741170075,-0.000986498522375423
2025-02-07,-0.004128828837180021,-0.0019554403785440044
2025-02-10,0.010297238156284638,0.004693402302404781
2025-02-11,-0.0038950092204939613,-0.0017019460601823688
2025-02-12,0.012529770668671114,0.005565658168404042
2025-02-13,-0.0006662529472775125,-9.368483166005692e-05
2025-02-14,-0.007092232359057815,-0.0031637486282429794
2025-02-18,0.011343927818074168,0.005210120351497816
2025-02-19,-0.004646042305844367,-0.0020563724216154933
2025-02-20,-0.00842307368218434,-0.003660030064263853
2025-02-21,-0.011270571225127618,-0.005303687357782527
2025-02-24,-0.006619869484554702,-0.0029931198695725136
2025-02-25,-0.015406564275392914,-0.007189860779640789
2025-02-26,0.004000514747430822,0.0017040060013948644
2025-02-27,-0.013634031708501998,-0.0062574513778075325
2025-02-28,-0.0006508016448762977,-0.0003683505454078473
2025-03-03,-0.010192622787017491,-0.0030358836969409664
2025-03-04,0.00028005199309952267,0.00022473143435775
2025-03-05,0.006971672930516565,0.00314019862088033
2025-03-06,-0.007857280097618213,-0.0034771016244035113
2025-03-07,0.001464536523515969,0.0005381586197132915
2025-03-10,-0.01429677451785849,-0.006425421434790302
2025-03-11,0.007325007153556912,0.0034873510423469867
2025-03-12,0.006927406747889858,0.003143050747888454
2025-03-13,0.0037964535085914797,0.0020385430596221443
2025-03-14,0.005853866204981656,0.002448241681547225
2025-03-17,0.005371424865571239,0.002304403043705605
2025-03-18,-0.0004211858923935108,-2.6040717899800114e-05
2025-03-19,0.0022821247851637916,0.0009494730605044133
2025-03-20,-0.001276528733988841,-0.0006556645133717343
2025-03-21,-0.003385078616323922,-0.0017059386640809748
2025-03-24,0.00729263377484432,0.003061115484990218
2025-03-25,0.006248831696950452,0.002917622046177293
2025-03-26,-0.0006602782252320971,-0.00025196556656337243
2025-03-27,0.007299862899837667,0.003604428257953707
2025-03-28,-0.011623664675795842,-0.005009283646058571
2025-03-31,0.0023927590163613788,0.001212413711954019
2025-04-01,0.0011600377073993366,0.0008226175456671481
2025-04-02,0.0026368507892363946,0.0011090758777576593
2025-04-03,-0.02422215400342706,-0.010722944018989655
2025-04-04,-0.02947669373080028,-0.01303634213969429
2025-04-07,0.005810883801069727,0.002406546950348698
2025-04-08,0.006112734255511593,0.0025757369048717838
2025-04-09,0.036375837351932755,0.01535758930761566
2025-04-10,-0.002082405094467804,-0.0006406052841844145
2025-04-11,0.011966236026500654,0.005362556370156257
2025-04-14,-0.001469035145871933,-0.0007782554067993219
2025-04-15,0.001282001333732602,0.0007407632714140355
2025-04-16,-0.0012656641195208929,0.0003628952242900052
2025-04-17,-0.004630986700680129,-0.0019900895462818813
2025-04-21,0.00512284357708595,0.0029540784757708938
2025-04-22,0.003174635858951197,0.0007267284346197389
2025-04-23,0.014575902823345754,0.005872935074677121
2025-04-24,0.004698176269714305,0.00211261168049659
2025-04-25,-0.004625079278557487,-0.0023611962043836865
2025-04-28,0.0019206192945755152,0.0009609660431557643
2025-04-29,-0.0002665718557893215,-0.000681180037648943
2025-04-30,0.007380823051160307,0.0026172615845745373
2025-05-01,-0.0021991321768197727,-0.003216778124661923
2025-05-02,0.005047468014655637,0.0013479037872397015
2025-05-05,0.013000951189243215,0.0034736772442964803
2025-05-06,-0.0076150832927966705,-0.0019384905180950263
2025-05-07,0.003480864289220148,0.0008624507714849461
2025-05-08,-0.006804337956014567,-0.0018753696462192604
2025-05-09,-0.0034041047319470774,-0.0009407854656026116
2025-05-12,0.013712142945724981,0.0035675657690557028
2025-05-13,-0.005991672932703862,-0.0016626626710622983
2025-05-14,-0.005450136441339848,-0.0013667077196258814
2025-05-15,0.012784183843022767,0.0035410705945686516
2025-05-16,-0.00245153955229363,-0.0006469591993688573
2025-05-19,-0.0006164467784605665,-0.00018197206961356738
2025-05-20,0.00399328558067763,0.0009967593875506164
2025-05-21,-0.0009939881098603165,-0.0002876501873173565
2025-05-22,-0.0008723302330327642,-0.00024178785942252645
2025-05-23,-0.00434311586000985,-0.0012335581868090362
2025-05-27,0.0137072908740202,0.003803457634744989
2025-05-28,-0.00481309520494938,-0.00137483992291898
2025-05-29,0.006702826230720049,0.0018807484987002354
2025-05-30,-0.0030615174624768204,-0.0008487441361444414
2025-06-02,-0.006612930052243391,-0.0021205256095000458
2025-06-03,-0.007401691188674703,-0.002054208228596033
2025-06-04,0.001598172229661049,0.0004963096442609505
2025-06-05,-0.0035730309627059753,-0.0010424840325413687
2025-06-06,-0.008583942298452468,-0.002480301736276558
2025-06-09,-0.0036028657287464627,-0.001062690520951759
2025-06-10,-0.005301131754598315,-0.0013861474394336604
2025-06-11,-0.014744039581147367,-0.0044027719548727084
2025-06-12,0.0016142604086309131,0.00040520961755130536
2025-06-13,-0.016830133293744,-0.005416344665132189
2025-06-16,0.00186556422011111,0.0008020404993547281
2025-06-17,-0.022588458622727625,-0.006985898479068053
2025-06-18,-0.003656935993398003,-0.0010354402374561644
2025-06-20,-0.006524152295348362,-0.0020171862463899126
2025-06-23,0.029695886816706846,0.010129777431504117
2025-06-24,0.007485915996284204,0.0026596775191063404
2025-06-25,-0.002674946022835245,-0.000747351200285129
2025-06-26,-0.0017844513851355825,-0.0005872482166757731
2025-06-27,0.00097147459489072,0.0003014600232895681
2025-06-30,0.0002862720084789716,8.218134516835285e-05
2025-07-01,-0.009414256835653915,-0.00232484672135691
2025-07-02,0.0005457360631160868,5.1733269367471024e-05
2025-07-03,0.004617960076976763,0.0012958462759080636
2025-07-07,-0.005744034072121679,-0.0016205970675881032
2025-07-08,-0.0031964055018184334,-0.0009454187496927835
2025-07-09,-0.0007056424636054937,-0.0002228820603763504
2025-07-10,0.010277731048910999,0.0029862189794294114
2025-07-11,0.00453395137539489,0.0012230843393856716
2025-07-14,0.005441121332856763,0.0015468722046856342
2025-07-15,-0.004464068853476888,-0.0012428309990767383
2025-07-16,0.004752027374774231,0.0012779840741081738
2025-07-17,-0.004218838129352309,-0.0011916112423825398
2025-07-18,0.0013187004672354508,0.00031652483303901136
2025-07-21,0.007840286973117644,0.0023254306231415
2025-07-22,0.006057088510476982,0.0017587442283713006
2025-07-23,0.008299841528059515,0.0022422848080263513
2025-07-24,-0.0068953449790825905,-0.0019969590825982264
2025-07-25,-0.005119589363650173,-0.0014562978344102584
2025-07-28,-0.01251528636795432,-0.0036167436341925097
2025-07-29,-0.019386874720796088,-0.005520461903682605
2025-07-30,-0.016067683578902592,-0.004717837621089571
2025-07-31,0.0031978588719925594,0.0010627900260000711
2025-08-01,0.003589787901934317,0.0016614944872350712
2025-08-04,0.01580431520487874,0.004964845048004207
2025-08-05,0.007099022658963672,0.0021001613263247343
2025-08-06,0.010090901153404247,0.003090052476517613
2025-08-07,0.009088046640253838,0.0029376146368618183
2025-08-08,0.00500461379927486,0.0016072126396455833
2025-08-11,-0.012472222670454114,-0.004004525374260215
2025-08-12,0.01285951423928916,0.0040300159763984045
2025-08-13,0.007242236550694892,0.002292685899431657
2025-08-14,-0.011206836937747516,-0.0034343242822034714
2025-08-15,0.005614898224516329,0.0016191380618653106
2025-08-18,0.0007835938275054799,0.0003270998170112893
2025-08-19,-0.008879967211631867,-0.0031490895368500027
2025-08-20,-0.0030803688472611224,-0.0006987410391422477
2025-08-21,-0.0028609119342795364,-0.0007867216584274139
2025-08-22,0.010806351251922253,0.003684347068111604
2025-08-25,-0.008769961635488821,-0.0026972762588577393
2025-08-26,0.009189635077898717,0.002693222128652417
2025-08-27,-0.0033543860236597833,-0.0010042575655052621
2025-08-28,0.002478181842694771,0.000997914512267828
2025-08-29,0.0060125747793541295,0.0019359755955508096
2025-09-02,0.016317024950620956,0.0036543067540069085
2025-09-03,0.0012732252767173602,0.0006936356145244016
2025-09-04,-0.004573805052036334,-0.0024506190782299653
2025-09-05,0.0005197360258608619,0.0002751377772347574
2025-09-08,0.003269902850489448,0.00174511371374364
2025-09-09,0.0018477840892456854,0.0009971851408119292
2025-09-10,0.0019032485629789098,0.0010150978321943338
2025-09-11,0.0037956111507719548,0.002052976076725388
2025-09-12,0.00798092329164704,0.004297638834511286
2025-09-15,0.007134650966808098,0.00391113022300571
2025-09-16,-0.0019140401202177582,-0.000992649172899207
2025-09-17,-0.004784774831034927,-0.0026436452389976273
2025-09-18,0.00904477927678421,0.004836195384153585
2025-09-19,0.01261234761607416,0.00677150789115144
2025-09-22,0.013498310199113323,0.010489927787207476
2025-09-23,-0.003738358171552131,-0.0037345206777726903
2025-09-24,0.0001648886731944188,0.00011573859459312885
2025-09-25,0.010116075274443331,0.010091110593215102
2025-09-26,0.0056729605365921365,0.005786098433513631
2025-09-29,0.006661717304058734,0.006777899484684546
2025-09-30,0.00240631922569845,0.002341780351095446
2025-10-01,0.0017782246735054135,0.004103204480616185
2025-10-02,-0.0018804638825188347,-0.00204391013366767
2025-10-03,0.007202581322825141,0.007454246967106171
2025-10-06,0.018085033672351147,0.01794192544715223
2025-10-07,-0.0030633065010922667,-0.0033422845763512177
2025-10-08,0.01668091607963587,0.016720855991299688
2025-10-09,-0.001812812331305369,-0.00204025681052844
2025-10-10,-0.017951390903652997,-0.016445576678494445
2025-10-13,0.026605413437108122,0.02704402970381925
2025-10-14,-0.004881639619203543,-0.0048157209917061294
2025-10-15,0.014383240486161658,0.01525896351086442
2025-10-16,0.002260188494647597,0.003578713637315767
2025-10-17,-0.012035418154265176,-0.014095254119442013
2025-10-20,0.01845451070191781,0.018908501717753712
2025-10-21,-0.0359301485767225,-0.039172864518635886
2025-10-22,-0.0029011811623382844,-0.002810808514314478
2025-10-23,0.010352388080472119,0.010174984572778989
2025-10-24,0.0030881363937729223,0.0027722185461585003
2025-10-27,-0.00984408341272272,-0.010621032617734727
2025-10-28,0.0016847532509746688,0.0017026008208953503
2025-10-29,0.010083833091751176,0.009811568263694115
2025-10-30,0.009616908985414285,0.009390793438703415
2025-10-31,-0.0003256329521067747,-0.0005352991468134949
2025-11-03,0.0010145274713442573,0.002847454209711442
2025-11-04,-0.01882768867827092,-0.011375401583364031
2025-11-05,0.019961014573572522,0.012036855852532113
2025-11-06,-0.012311339114101177,-0.007402577726804749
2025-11-07,0.001926251938521223,0.0011853446954719349
2025-11-10,0.027204631443922656,0.016363428707886207
2025-11-11,-0.0011470639223345458,-0.0005767297930828752
2025-11-12,0.02464783846898569,0.01518292608204308
2025-11-13,-0.012523256711197556,-0.007646675697509542
2025-11-14,-0.015645082775500585,-0.009657552047843354
2025-11-17,-0.010029176264701067,-0.006070581396213193
2025-11-18,-0.0031646079510521397,-0.0017110883434628965
2025-11-19,0.011473781179873493,0.006947300309380955
2025-11-20,-0.010843214981319432,-0.006433644214058676
2025-11-21,-0.0016586730837522823,-0.0011995865810755513
2025-11-24,0.01499041892259076,0.008987836838909358
2025-11-25,0.0043689267378887175,0.0024916831398187345
2025-11-26,0.011588040158833385,0.007264208697419727
2025-11-28,0.017450552981983725,0.011319246084927403
2025-12-01,0.004108758290933741,0.0042347959184818595
2025-12-02,0.005956320869869747,0.003366073914140344
2025-12-03,-0.002681484253198002,-0.0015384956942515737
2025-12-04,-0.0094069138913139,-0.005242710094626846
2025-12-05,0.003467332557219982,0.0018562751349189277
2025-12-08,0.007182785670597269,0.004119479683547533
2025-12-09,0.01654468010424806,0.009107139330139624
2025-12-10,0.00420403417021098,0.002351655778937367
2025-12-11,0.01293580988510487,0.0072566524881081396
2025-12-12,-0.004148456842436615,-0.002646790696705592
2025-12-15,0.015070578284694408,0.008372011461857953
2025-12-16,0.004590246355358929,0.0022480002248173037
2025-12-17,0.0015286574035770217,0.001523172999415623
2025-12-18,0.0052438525252965495,0.0024848852784420394
2025-12-19,0.009216223028515325,0.005541733230534529
2025-12-22,0.0019476998452876426,0.0016159379205884505
2025-12-23,0.009389672744822386,0.0059261314175116375
2025-12-24,-0.0005897795959869112,-0.0001508481487408897
2025-12-26,0.03396734071917268,0.020864047950474918
2025-12-29,-0.030885165174000473,-0.019394475417395585
2025-12-30,0.010599722798992184,0.007037442500607893
2025-12-31,-0.014193195261821306,-0.01005353926445307
2026-01-02,0.016569891772773293,0.010893344079608624
2026-01-05,0.01569874445765801,0.007051731898680247
2026-01-06,0.028649686782818484,0.013618864314268286
2026-01-07,-0.013832425864216125,-0.006851961651581084
2026-01-08,-0.012421941674981785,-0.005848779245646307
2026-01-09,0.01573252033562683,0.007608384386863065
2026-01-12,0.02608700264995653,0.012743290116161266
2026-01-13,-0.003931295636749488,-0.001671920650394454
2026-01-14,0.0248617052747393,0.012989370779854736
2026-01-15,0.0006278002652357617,-6.55885008683521e-05
2026-01-16,-0.009803167949085895,-0.00522593666056359
2026-01-20,0.020519189082273404,0.010686777300847217
2026-01-21,-0.001164817568717863,-0.000966182842217278
2026-01-22,0.020789615049445487,0.010760002347219633
2026-01-23,0.009161111914499198,0.006253920190921303
2026-01-26,0.017304225837113663,0.010354343445880154
2026-01-27,0.013926292329548229,0.008044322873173249
2026-01-28,0.017323959933535887,0.010296531310454826
2026-01-29,-0.007502807672345069,-0.0036099931235081817
2026-01-30,-0.10014711019952213,-0.06327380248904779
2026-02-02,-0.002139764159027946,-0.0005622570437019414
2026-02-03,0.024369986971700897,0.007924268091025866
2026-02-04,0.006181627121460198,0.0021007717808125825
2026-02-05,-0.04985519931428001,-0.01742810235065917
2026-02-06,0.03187038626352784,0.010272105081701621
2026-02-09,0.02732120402279467,0.008836892558462095
2026-02-10,-0.015461743519034288,-0.005227206592994027
2026-02-11,0.015045133748547379,0.005039829528594053
2026-02-12,-0.039118896783890245,-0.013412741514931548
2026-02-13,0.01504854432552008,0.004899279579595461
2026-02-17,-0.018038471735697975,-0.005943547036003416
2026-02-18,0.01130406695724398,0.003380740014803818
2026-02-19,-0.003206306269642051,-0.0012319105338072234
2026-02-20,0.032255100615109555,0.010696588788790429
2026-02-23,0.014801001584115014,0.00512520165224184
2026-02-24,-0.0022885776631842714,-0.0009402523320243272
2026-02-25,0.010587386753002054,0.003673433805231774
2026-02-26,-3.9539869463506294e-05,6.3244881649549e-06
2026-02-27,0.008482739368902703,0.003125100437167294
2026-03-02,-0.027438330910295683,-0.010388098207881113
2026-03-03,-0.06041929660670117,-0.017964059394120935
2026-03-04,0.005190662915090433,0.0013876100527956403
2026-03-05,-0.03196491992517331,-0.009623613467661829
2026-03-06,-0.02776634528088398,-0.009595617982842919
2026-03-09,0.023381180672532614,0.007691704567750257
2026-03-10,0.008832667934791316,0.002347743865649843
2026-03-11,-0.008740755141381867,-0.0029819516484906883
2026-03-12,-0.044660520097693945,-0.01510550465496141
2026-03-13,-0.020798217642258254,-0.006470941006256226
2026-03-16,0.023361046495481513,0.008192504549354274
2026-03-17,-0.014258949393034792,-0.0050685976133239
2026-03-18,-0.033633010206559844,-0.010502521012147548
2026-03-19,-0.018178397816672714,-0.0037716248214832993
2026-03-20,-0.03989310894610734,-0.011977007537841255
2026-03-23,0.031266231276510986,0.012352425862310668
2026-03-24,-0.010545725716196941,-0.004137783746570367
2026-03-25,0.02430841978812273,0.006721192908516693
2026-03-26,-0.04712400995326049,-0.013896802781677153
2026-03-27,0.0025891306573010975,-0.0021021419910703942
2026-03-30,-0.015929674298717306,-0.006518934167156987
2026-03-31,0.04687924226475085,0.013544666365393088
2026-04-01,0.010943920915165328,0.005803952090556175
2026-04-02,-0.01730320537250754,-0.004627539935555425
2026-04-06,0.002768628178371174,0.0006746995639954623
2026-04-07,0.003798294194205437,0.0010195809929238742
2026-04-08,0.02734944894043989,0.0070283230911651895
2026-04-09,0.005174254498952785,0.0013652465350746379
2026-04-10,0.0037847425467999185,0.0009890598670503348
2026-04-13,-0.0018816580277850325,-0.0005029972380758974
2026-04-14,0.02106852417026328,0.005714676221115544
2026-04-15,-0.0034592155576914085,-0.000985649784062348
2026-04-16,0.0010553393294270574,0.00022402476584937325
2026-04-17,0.018456109319440306,0.005067618109055871
2026-04-20,-0.010354350543317986,-0.0028877742046700128
2026-04-21,-0.0271593709173297,-0.007521843136117257
2026-04-22,0.014783977700692508,0.003993897526534562
2026-04-23,-0.016308994165412843,-0.0044333901534526765
2026-04-24,0.007569142581749233,0.002090378661899983
2026-04-27,-0.005349844096119022,-0.0014459215577509177
2026-04-28,-0.019223172835567903,-0.005150075419336431
2026-04-29,-0.009152571387025299,-0.002446799685377976
2026-04-30,0.014612941318773748,0.003919565008928316
2026-05-01,-0.00469339741440916,0.0007339173191116544
2026-05-04,0.0020114236356631177,0.0006679220031675648
2026-05-05,-0.005175251166180561,-0.0016499598100806478
2026-05-06,-0.008183000872381108,-0.0027921946112737794
2026-05-07,0.010473635277517712,0.0031157469435900698
2026-05-08,0.00035979110397593717,0.00020841096746226917
2026-05-11,0.03579510487499535,0.010754080553715628
2026-05-12,0.02051558841342846,0.006002582001260581
2026-05-13,-0.0033287916351034397,-0.0008568413053057222
2026-05-14,-0.010563438730369162,-0.003677810995782127
2026-05-15,-0.010789262532061583,-0.0037969132366854064
2026-05-18,0.005032711252600464,0.0015070623471915567
2026-05-19,-0.003544375126559307,-0.0009788556311559615
2026-05-20,-0.013767856842376552,-0.004460029282840172
2026-05-21,-0.0027177231413593184,-0.0007867043174902832
2026-05-22,-0.010863331863487508,-0.0031740577831635974
2026-05-26,-0.007760441134227025,-0.0022309826104277564
2026-05-27,-0.02643340744377065,-0.007632812104035658
2026-05-28,0.004835043595235566,0.0013398495375387398
2026-05-29,-0.003620669877359539,-0.0010578408303489883
2026-06-01,0.020381676185530134,0.0037266822853656567
2026-06-02,0.008309042413901485,0.0037378871032460737
2026-06-03,0.0009174574290070903,0.00039033651021425086
2026-06-04,-0.011647865635494303,-0.005397926194449565
2026-06-05,-0.04363119000616045,-0.019568172203522693
2026-06-08,0.010541865517519428,0.004628434800138637
2026-06-09,-0.02223665590664109,-0.009717264980444118
2026-06-10,-0.002962064861117608,-0.0010385277215931854
2026-06-11,0.007235661721597397,0.0021594794351234015
2026-06-12,-0.0043445838353605715,-0.0019173946149914078
2026-06-15,0.00537883430456737,0.0023751105081064594
2026-06-16,-0.020136623372101592,-0.008641448363548854
2026-06-17,-0.008809126503060621,-0.003550821132882742
2026-06-18,0.006626670979173632,0.003181224069649602
2026-06-22,-0.006657179819409664,-0.0025344616301680167
2026-06-23,-0.031988293695710934,-0.013988906147921143
2026-06-24,-0.03465698088442137,-0.012829584131766936
2026-06-25,0.01576984859194433,0.003602874167745629
2026-06-26,-0.01160016104549444,-0.002748001007056411
2026-06-29,-0.00012050083209705353,-4.547644980679166e-05
2026-06-30,0.008975403312237423,0.002052638100215942
2026-07-01,-0.013987710604207143,-0.003484738951745281
2026-07-02,0.0018907247632767576,0.00044522925279122383
2026-07-06,0.01887373226628697,0.004338572692353493
2026-07-07,0.002401159453770896,0.0004006771405589138
2026-07-08,0.006284128675120265,0.0014391322799833794
2026-07-09,-0.0014101203249117789,-0.0004487883891243216
2026-07-10,-0.0023348149588493516,-0.0005508352961957064
2026-07-13,0.015315557516545092,0.0036470210703778427
2026-07-14,0.014614820040382115,0.003431359396799172
2026-07-15,-0.0050727603132635635,-0.0010701766628381515
2026-07-16,-0.018982597305086835,-0.004447645521636012
2026-07-17,0.011732883043766323,0.0030480992099142235
2026-07-20,0.009615915898295274,0.00230333146788797
2026-07-21,0.03068911310096384,0.007147767116899573
2026-07-22,0.011129396071888453,0.0028402621581666843
2026-07-23,0.011864572174029642,0.003540714994728633
2026-07-24,-0.009226023929636756,-0.0024406577399705975
2026-07-27,-0.029030340423820522,-0.00820937429714741
2026-07-28,-0.024591055163051018,-0.005915767656217041
2026-07-29,0.02160312523592725,0.005664441086190131
2026-07-30,0.003915572417667129,0.0004290740100134638
2026-07-31,0.002154086998488458,0.0006039802562236574
2026-08-03,-0.011739986409643827,-0.0039021040508960825
2026-08-04,0.008145586133165128,0.0018626005887723007
2026-08-05,0.004081886221610875,0.0010597169079691326
2026-08-06,0.007167893501364375,0.0013173038707556817
2026-08-07,0.0070009674944410405,0.001740173918322263
2026-08-10,0.02654018184437343,0.005689005295770766
2026-08-11,-0.0004687841752194777,-0.00023593752099337895
2026-08-12,0.008144095206327251,0.0018215863159900536
2026-08-13,-0.0054356165984764115,-0.001296701160291902
2026-08-14,0.0025673476475901458,0.0005952610186190643
2026-08-17,0.014580093818543804,0.003298892569612022
2026-08-18,-0.01964034792581254,-0.004625293997539415
2026-08-19,0.007008095064869352,0.0019100124140583041
2026-08-20,0.016057545050004368,0.0037591995098276154
2026-08-21,0.007209543781456607,0.0017513265335165062
2026-08-24,-0.012497812304396838,-0.0028718496963574536
2026-08-25,-0.00731039684536916,-0.0016255650106370423
2026-08-26,0.0018796493620047428,0.00023158884022378423
2026-08-27,0.01576547631158795,0.0036066709688422627
2026-08-28,-0.010583285299369805,-0.002885862453631094
2026-08-31,0.006602501395427507,0.0014822926733575326
