Date,spy,vix,ret
2010-01-05,84.80237579345703,19.350000381469727,0.002643926375367478
2010-01-06,84.86206817626953,19.15999984741211,0.0007036522665426759
2010-01-07,85.22028350830078,19.059999465942383,0.004212263743290201
2010-01-08,85.50389862060547,18.1299991607666,0.0033224979574670854
2010-01-11,85.62332153320312,17.549999237060547,0.0013957210533428466
2010-01-12,84.82475280761719,18.25,-0.009370297337667033
2010-01-13,85.54121398925781,17.850000381469727,0.00841089824260699
2010-01-14,85.77255249023438,17.6299991607666,0.002700759505179562
2010-01-15,84.80982208251953,17.90999984741211,-0.011287691733143923
2010-01-19,85.86957550048828,17.579999923706055,0.012418218623288624
2010-01-20,84.99642944335938,18.68000030517578,-0.010220332099283524
2010-01-21,83.36202239990234,22.270000457763672,-0.01941641031324437
2010-01-22,81.50369262695312,27.309999465942383,-0.02254451121945955
2010-01-25,81.92164611816406,25.40999984741211,0.0051149277785818015
2010-01-26,81.57832336425781,24.549999237060547,-0.00419967367087537
2010-01-27,81.96640014648438,23.139999389648438,0.004745827346543052
2010-01-28,81.02607727050781,23.729999542236328,-0.011538364509283916
2010-01-29,80.14546966552734,24.6200008392334,-0.010927690213407892
2010-02-01,81.39176940917969,22.59000015258789,0.015430800728741367
2010-02-02,82.37686157226562,21.479999542236328,0.012030436333269279
2010-02-03,81.96640014648438,21.600000381469727,-0.004995182339318838
2010-02-04,79.43645477294922,26.079999923706055,-0.0313520179720399
2010-02-05,79.60066223144531,26.110000610351562,0.0020650212974402393
2010-02-08,79.02599334716797,26.510000228881836,-0.0072455842466458975
2010-02-09,80.01856994628906,26.0,0.012481904006206967
2010-02-10,79.86188507080078,25.399999618530273,-0.0019600260160990146
2010-02-11,80.69771575927734,23.959999084472656,0.010411563488256448
2010-02-12,80.63054656982422,22.729999542236328,-0.0008327021237892751
2010-02-16,81.89923858642578,22.25,0.015612126532590587
2010-02-17,82.28733825683594,21.719999313354492,0.004727553259219697
2010-02-18,82.7724380493164,20.6299991607666,0.005877884969916813
2010-02-19,82.94406127929688,20.020000457763672,0.0020712879168272025
2010-02-22,82.9590072631836,19.940000534057617,0.00018017730544084287
2010-02-23,81.95147705078125,21.3700008392334,-0.012219268566232344
2010-02-24,82.70525360107422,20.270000457763672,0.00915579719058357
2010-02-25,82.59331512451172,20.100000381469727,-0.001354379466642186
2010-02-26,82.64556121826172,19.5,0.0006323705007851288
2010-03-01,83.50382232666016,19.260000228881836,0.010331290119623304
2010-03-02,83.73514556884766,19.059999465942383,0.0027663814554967914
2010-03-03,83.80982208251953,18.829999923706055,0.0008914206098067368
2010-03-04,84.06354522705078,18.719999313354492,0.0030227944050045252
2010-03-05,85.26507568359375,17.420000076293945,0.014191937745794192
2010-03-08,85.28001403808594,17.790000915527344,0.0001751836368288906
2010-03-09,85.42181396484375,17.920000076293945,0.0016613759914907433
2010-03-10,85.80240631103516,18.56999969482422,0.004445550663093378
2010-03-11,86.16063690185547,18.059999465942383,0.004166373219821828
2010-03-12,86.1681137084961,17.579999923706055,8.677375793375575e-05
2010-03-15,86.19048309326172,18.0,0.000259567962449303
2010-03-16,86.8770980834961,17.690000534057617,0.007934687570717358
2010-03-17,87.39205932617188,16.90999984741211,0.005909969947624383
2010-03-18,87.34725952148438,16.6200008392334,-0.0005127615921196593
2010-03-19,86.90512084960938,16.969999313354492,-0.005074703941322589
2010-03-22,87.36973571777344,16.8700008392334,0.00533199083413205
2010-03-23,87.9842300415039,16.350000381469727,0.007008644902374961
2010-03-24,87.55709075927734,17.549999237060547,-0.004866547924818221
2010-03-25,87.41472625732422,18.399999618530273,-0.0016272853056715775
2010-03-26,87.36225891113281,17.770000457763672,-0.0006003919534016688
2010-03-29,87.91678619384766,17.59000015258789,0.0063273865105895055
2010-03-30,87.97674560546875,17.1299991607666,0.000681769401412069
2010-03-31,87.67700958251953,17.59000015258789,-0.0034128084942297576
2010-04-01,88.27649688720703,17.469999313354492,0.006814182182369954
2010-04-05,88.99589538574219,17.020000457763672,0.008116350645622106
2010-04-06,89.20571899414062,16.229999542236328,0.0023549024075277813
2010-04-07,88.69613647460938,16.6200008392334,-0.005728820667664003
2010-04-08,89.00338745117188,16.479999542236328,0.003458099109796997
2010-04-09,89.58789825439453,16.139999389648438,0.006545816476892341
2010-04-12,89.73026275634766,15.579999923706055,0.0015878428717090998
2010-04-13,89.79771423339844,16.200000762939453,0.0007514314075791617
2010-04-14,90.81689453125,15.59000015258789,0.011285810406013397
2010-04-15,90.89179992675781,15.890000343322754,0.0008244558684902259
2010-04-16,89.44552612304688,18.360000610351562,-0.016039993977269518
2010-04-19,89.78270721435547,17.34000015258789,0.003762593457763863
2010-04-20,90.58458709716797,15.729999542236328,0.008891691468387641
2010-04-21,90.41972351074219,16.31999969482422,-0.0018216542077107434
2010-04-22,90.68949890136719,16.469999313354492,0.002979148014226496
2010-04-23,91.2815170288086,16.6200008392334,0.00650675288198066
2010-04-26,90.93672943115234,17.469999313354492,-0.003784341204425168
2010-04-27,88.78604125976562,22.809999465942383,-0.023934539099239593
2010-04-28,89.46050262451172,21.079999923706055,0.007567771794930067
2010-04-29,90.56959533691406,18.440000534057617,0.012321348001162136
2010-04-30,89.03335571289062,22.049999237060547,-0.01710748160811093
2010-05-03,90.18739318847656,20.190000534057617,0.012878569396701955
2010-05-04,88.06665802001953,23.84000015258789,-0.023795646968895134
2010-05-05,87.5421371459961,24.90999984741211,-0.0059737604071150585
2010-05-06,84.63452911376953,32.79999923706055,-0.033777915933753455
2010-05-07,83.37555694580078,40.95000076293945,-0.014987144673187736
2010-05-10,87.04752349853516,28.84000015258789,0.04309903240245827
2010-05-11,86.80021667480469,28.31999969482422,-0.002845098708839977
2010-05-12,88.01422119140625,25.520000457763672,0.013889287952713048
2010-05-13,86.92013549804688,26.68000030517578,-0.012508691600128685
2010-05-14,85.34645080566406,31.239999771118164,-0.018270849892721763
2010-05-17,85.39141082763672,30.84000015258789,0.0005266555710807808
2010-05-18,84.2298355102539,33.54999923706055,-0.013696320486412006
2010-05-19,83.75027465820312,35.31999969482422,-0.005709749260499386
2010-05-20,80.58788299560547,45.790000915527344,-0.03849114703170997
2010-05-21,81.76439666748047,40.099998474121094,0.014493597127721358
2010-05-24,80.71530151367188,38.31999969482422,-0.01291373315966915
2010-05-25,80.79772186279297,34.61000061035156,0.0010206032250819064
2010-05-26,80.31060791015625,35.02000045776367,-0.006047054645467398
2010-05-27,83.00088500976562,29.68000030517578,0.03294955479132344
2010-05-28,81.95926666259766,32.06999969482422,-0.0126288946810309
2010-06-01,80.58039855957031,35.540000915527344,-0.016966949940862897
2010-06-02,82.67868041992188,30.170000076293945,0.02570634871205879
2010-06-03,82.96341705322266,29.459999084472656,0.0034379776409814156
2010-06-04,80.0483169555664,35.47999954223633,-0.035769337932308964
2010-06-07,79.05166625976562,36.56999969482422,-0.012528772318607828
2010-06-08,79.89848327636719,33.70000076293945,0.010655227829935221
2010-06-09,79.47134399414062,33.72999954223633,-0.005360366040545017
2010-06-10,81.79441833496094,30.56999969482422,0.02881250198899643
2010-06-11,82.1915512084961,28.790000915527344,0.004843507661306923
2010-06-14,82.06417083740234,28.579999923706055,-0.001551001025020149
2010-06-15,83.93010711669922,25.8700008392334,0.022482881953359346
2010-06-16,83.900146484375,25.920000076293945,-0.0003570349445300991
2010-06-17,84.03501892089844,25.049999237060547,0.0016062444717368507
2010-06-18,84.12614440917969,23.950000762939453,0.0010837876641236477
2010-06-21,83.88518524169922,24.8799991607666,-0.0028683700461122896
2010-06-22,82.49978637695312,27.049999237060547,-0.016653317534474077
2010-06-23,82.2437744140625,26.90999984741211,-0.0031080082006837983
2010-06-24,80.8809814453125,29.739999771118164,-0.0167089865417811
2010-06-25,81.21975708007812,28.530000686645508,0.004179822141144207
2010-06-28,80.96379089355469,29.0,-0.0031565026446678246
2010-06-29,78.46400451660156,34.130001068115234,-0.03136205028461614
2010-06-30,77.71858978271484,34.540000915527344,-0.00954549893591583
2010-07-01,77.37223052978516,32.86000061035156,-0.004466541966233528
2010-07-02,76.9505844116211,30.1200008392334,-0.005464482585283648
2010-07-06,77.4551010131836,29.649999618530273,0.0065349717616633995
2010-07-07,79.89459991455078,26.84000015258789,0.031009838227526565
2010-07-08,80.68521118164062,25.709999084472656,0.009847036811088117
2010-07-09,81.28752136230469,24.979999542236328,0.007437214245358703
2010-07-12,81.34022521972656,24.43000030517578,0.0006481533486706326
2010-07-13,82.56753540039062,24.559999465942383,0.014975900032004219
2010-07-14,82.56000518798828,24.889999389648438,-9.120480303614897e-05
2010-07-15,82.58262634277344,25.139999389648438,0.0002739589979521284
2010-07-16,80.30872344970703,26.25,-0.02792107278060385
2010-07-19,80.7830810546875,25.969999313354492,0.005889299924163538
2010-07-20,81.6790771484375,23.93000030517578,0.011030324700234573
2010-07-21,80.61740112304688,25.639999389648438,-0.013083354376469458
2010-07-22,82.41692352294922,24.6299991607666,0.02207627734984552
2010-07-23,83.13224792480469,23.469999313354492,0.008641889867901043
2010-07-26,83.99813842773438,22.729999542236328,0.010361948767871887
2010-07-27,83.99060821533203,23.190000534057617,-8.965139103445097e-05
2010-07-28,83.4484634399414,24.25,-0.006475748636376899
2010-07-29,83.04190826416016,24.1299991607666,-0.004883837782466927
2010-07-30,83.0268325805664,23.5,-0.00018155955851106853
2010-08-02,84.90164184570312,22.010000228881836,0.022329592058627057
2010-08-03,84.49506378173828,22.6299991607666,-0.004800315840750358
2010-08-04,85.05976867675781,22.209999084472656,0.006661054418911405
2010-08-05,84.96942901611328,22.100000381469727,-0.001062637127873245
2010-08-06,84.62307739257812,21.739999771118164,-0.004084521331677138
2010-08-09,85.0748062133789,22.139999389648438,0.005323930719626446
2010-08-10,84.61553192138672,22.3700008392334,-0.005413100339100474
2010-08-11,82.29649353027344,25.389999389648438,-0.027789341387665978
2010-08-12,81.79200744628906,25.729999542236328,-0.006148970470516879
2010-08-13,81.55109405517578,26.239999771118164,-0.00294978561795034
2010-08-16,81.513427734375,26.100000381469727,-0.00046198058360413796
2010-08-17,82.51482391357422,24.329999923706055,0.012210196847545873
2010-08-18,82.66546630859375,24.59000015258789,0.0018239759305558323
2010-08-19,81.22731018066406,26.440000534057617,-0.0175504140360907
2010-08-20,80.96379089355469,25.489999771118164,-0.0032494941737697403
2010-08-23,80.65509033203125,25.65999984741211,-0.003820109811355721
2010-08-24,79.45792388916016,27.459999084472656,-0.014954296612351925
2010-08-25,79.76659393310547,26.700000762939453,0.003877172119463701
2010-08-26,79.23200988769531,27.3700008392334,-0.006724412000501445
2010-08-27,80.45931243896484,24.450000762939453,0.015371238691824551
2010-08-30,79.29222106933594,27.209999084472656,-0.014611592243169547
2010-08-31,79.29222106933594,26.049999237060547,0.0
2010-09-01,81.66401672363281,23.889999389648438,0.029473444203174104
2010-09-02,82.42449188232422,23.190000534057617,0.009269151264361675
2010-09-03,83.49363708496094,21.309999465942383,0.012887802045453256
2010-09-07,82.55245971679688,23.799999237060547,-0.011336459765250773
2010-09-08,83.13224792480469,23.25,0.006998721642601957
2010-09-09,83.51622009277344,22.809999465942383,0.004608177345001074
2010-09-10,83.93787384033203,21.989999771118164,0.005036062467235425
2010-09-13,84.8715591430664,21.209999084472656,0.01106211670168733
2010-09-14,84.81884765625,21.559999465942383,-0.0006212665701745834
2010-09-15,85.1426010131836,22.100000381469727,0.0038097315720619918
2010-09-16,85.11998748779297,21.719999313354492,-0.00026563117268096903
2010-09-17,85.15178680419922,22.010000228881836,0.00037351248506301005
2010-09-20,86.45381164550781,21.5,0.015174910825828114
2010-09-21,86.27969360351562,22.350000381469727,-0.002016031582462219
2010-09-22,85.85579681396484,22.510000228881836,-0.004925162677404948
2010-09-23,85.15939331054688,23.8700008392334,-0.008144391762414216
2010-09-24,86.9155502319336,21.709999084472656,0.02041224435658684
2010-09-27,86.49920654296875,22.540000915527344,-0.004801719261499748
2010-09-28,86.802001953125,22.600000381469727,0.003494444394323004
2010-09-29,86.65062713623047,23.25,-0.0017454316618890076
2010-09-30,86.39321899414062,23.700000762939453,-0.0029750648486635
2010-10-01,86.75658416748047,22.5,0.004197125265182677
2010-10-04,86.1055679321289,23.530000686645508,-0.0075322365870071906
2010-10-05,87.83907318115234,21.760000228881836,0.01993234894511442
2010-10-06,87.83150482177734,21.489999771118164,-8.616536093608573e-05
2010-10-07,87.72550964355469,21.559999465942383,-0.001207530116925426
2010-10-08,88.2175521850586,20.709999084472656,0.0055932165684415835
2010-10-11,88.30081176757812,18.959999084472656,0.0009433532787150867
2010-10-12,88.57332611083984,18.93000030517578,0.003081451727937612
2010-10-13,89.26213836669922,19.06999969482422,0.007746662934303039
2010-10-14,88.91395568847656,19.8799991607666,-0.003908303448580952
2010-10-15,89.09564208984375,19.030000686645508,0.0020413108812622482
2010-10-18,89.53467559814453,19.09000015258789,0.004915564143925799
2010-10-19,88.36135864257812,20.6299991607666,-0.013191232446108536
2010-10-20,89.22431182861328,19.790000915527344,0.009718801931068555
2010-10-21,89.42113494873047,19.270000457763672,0.0022035064795247195
2010-10-22,89.58766174316406,18.780000686645508,0.0018605436777274775
2010-10-25,89.85259246826172,19.850000381469727,0.002952859365525029
2010-10-26,89.86775207519531,20.219999313354492,0.00016870218013576022
2010-10-27,89.61036682128906,20.709999084472656,-0.0028681538666992523
2010-10-28,89.6255111694336,20.8799991607666,0.0001689879096788971
2010-10-29,89.693603515625,21.200000762939453,0.0007594544461566599
2010-11-01,89.72394561767578,21.829999923706055,0.0003382289245017489
2010-11-02,90.43547058105469,21.56999969482422,0.007898878425119271
2010-11-03,90.79882049560547,19.559999465942383,0.004009731262430982
2010-11-04,92.54737854003906,18.520000457763672,0.0190744184349958
2010-11-05,92.89564514160156,18.260000228881836,0.003756054060076508
2010-11-08,92.7215347290039,18.290000915527344,-0.0018760166896534258
2010-11-09,92.05540466308594,19.079999923706055,-0.007210130808451787
2010-11-10,92.42630004882812,18.469999313354492,0.004020950327212169
2010-11-11,92.078125,18.639999389648438,-0.0037741692323089993
2010-11-12,90.98806762695312,20.610000610351562,-0.01190902853756004
2010-11-15,90.85939025878906,20.200000762939453,-0.0014152234090811788
2010-11-16,89.44384765625,22.579999923706055,-0.01570212163766449
2010-11-17,89.48925018310547,21.760000228881836,0.0005074804871556537
2010-11-18,90.80638885498047,18.75,0.014611136589870455
2010-11-19,91.05619049072266,18.040000915527344,0.0027471489048673803
2010-11-22,90.98049926757812,18.3700008392334,-0.0008316040860458784
2010-11-23,89.66337585449219,20.6299991607666,-0.014582800037056032
2010-11-24,90.98806762695312,19.559999465942383,0.01466598318795409
2010-11-26,89.9283218383789,22.219999313354492,-0.011715443942525106
2010-11-29,90.20081329345703,21.530000686645508,0.003025514586946443
2010-11-30,89.693603515625,23.540000915527344,-0.005638986810783564
2010-12-01,91.60118103027344,21.360000610351562,0.02104470816624371
2010-12-02,92.77452087402344,19.389999389648438,0.01272787760605798
2010-12-03,93.02433013916016,18.010000228881836,0.002689030791127145
2010-12-06,92.92591094970703,18.020000457763672,-0.0010585541386447517
2010-12-07,92.97891235351562,17.989999771118164,0.0005701993558080432
2010-12-08,93.3195571899414,17.739999771118164,0.003656983515708312
2010-12-09,93.6828842163086,17.25,0.0038858047072061197
2010-12-10,94.2279052734375,17.610000610351562,0.005800865261006649
2010-12-13,94.28846740722656,17.549999237060547,0.0006425132736351813
2010-12-14,94.37173461914062,17.610000610351562,0.0008827215960396373
2010-12-15,93.94025421142578,17.940000534057617,-0.004582620209149013
2010-12-16,94.48523712158203,17.389999389648438,0.005784614660937493
2010-12-17,94.58647155761719,16.110000610351562,0.0010708576805749104
2010-12-20,94.81475830078125,16.40999984741211,0.0024106163817831927
2010-12-21,95.41592407226562,16.489999771118164,0.006320408098656749
2010-12-22,95.7126693725586,15.449999809265137,0.0031051925134253366
2010-12-23,95.57572937011719,16.469999313354492,-0.0014317650911905844
2010-12-27,95.61376953125,17.670000076293945,0.0003979314957502922
2010-12-28,95.7507553100586,17.520000457763672,0.0014316739460502603
2010-12-29,95.81922149658203,17.280000686645508,0.0007147903923137022
2010-12-30,95.66706848144531,17.520000457763672,-0.0015891795404883169
2010-12-31,95.68988800048828,17.75,0.00023850211218512385
2011-01-03,96.67909240722656,17.610000610351562,0.01028453884594338
2011-01-04,96.62583923339844,17.3799991607666,-0.0005509758568837952
2011-01-05,97.1280746459961,17.020000457763672,0.005184272435168502
2011-01-06,96.93781280517578,17.399999618530273,-0.0019607969672348347
2011-01-07,96.74758911132812,17.139999389648438,-0.0019642549528979814
2011-01-10,96.62583923339844,17.540000915527344,-0.001259220515035686
2011-01-11,96.9682846069336,16.889999389648438,0.0035377698858543027
2011-01-12,97.84336853027344,16.239999771118164,0.008983957530436015
2011-01-13,97.68355560302734,16.389999389648438,-0.0016346900923469576
2011-01-14,98.3912582397461,15.460000038146973,0.007218731422457658
2011-01-18,98.55866241455078,15.869999885559082,0.0016999673273643268
2011-01-19,97.59223175048828,17.309999465942383,-0.009854030881210285
2011-01-20,97.46290588378906,17.989999771118164,-0.0013260443915319442
2011-01-21,97.68355560302734,18.469999313354492,0.0022613765229202443
2011-01-24,98.2390365600586,17.649999618530273,0.005670427685723567
2011-01-25,98.29232788085938,17.59000015258789,0.000542318751599602
2011-01-26,98.67280578613281,16.639999389648438,0.003863408426034276
2011-01-27,98.91632080078125,16.149999618530273,0.0024648637518218663
2011-01-28,97.18897247314453,20.040000915527344,-0.01761699516968296
2011-01-31,97.91943359375,19.530000686645508,0.007487781261877657
2011-02-01,99.48701477050781,17.6299991607666,0.015882096459302275
2011-02-02,99.2967758178711,17.299999237060547,-0.0019140294100656874
2011-02-03,99.51747131347656,16.690000534057617,0.0022201184214827308
2011-02-04,99.79901885986328,15.930000305175781,0.0028251323651460325
2011-02-07,100.42298889160156,16.280000686645508,0.006232801865627913
2011-02-08,100.87957000732422,15.8100004196167,0.004536275158869785
2011-02-09,100.65126037597656,15.869999885559082,-0.0022657548583024933
2011-02-10,100.68929290771484,16.09000015258789,0.0003777930632482551
2011-02-11,101.2904281616211,15.6899995803833,0.00595244934152106
2011-02-14,101.5339584350586,15.949999809265137,0.002401391613246595
2011-02-15,101.21438598632812,16.3700008392334,-0.003152407624268605
2011-02-16,101.85358428955078,16.719999313354492,0.006295433134405393
2011-02-17,102.15796661376953,16.59000015258789,0.0029839736889911705
2011-02-18,102.37106323242188,16.43000030517578,0.0020837794607500015
2011-02-22,100.31648254394531,20.799999237060547,-0.02027407314076779
2011-02-23,99.70008850097656,22.1299991607666,-0.006163449268736798
2011-02-24,99.63160705566406,21.31999969482422,-0.0006871104749857082
2011-02-25,100.6969223022461,19.219999313354492,0.010635782055975262
2011-02-28,101.32090759277344,18.350000381469727,0.006177546558457259
2011-03-01,99.63160705566406,21.010000228881836,-0.01681332861443252
2011-03-02,99.84467315673828,20.700000762939453,0.002136255818247612
2011-03-03,101.56443786621094,18.600000381469727,0.017077742887426695
2011-03-04,100.80349731445312,19.059999465942383,-0.007520402255589254
2011-03-07,100.0120849609375,20.65999984741211,-0.007882022319542159
2011-03-08,100.88716888427734,19.81999969482422,0.008711724320147773
2011-03-09,100.74262237548828,20.219999313354492,-0.0014337815126266307
2011-03-10,98.8782730102539,21.8799991607666,-0.018679443057591172
2011-03-11,99.56312561035156,20.079999923706055,0.006902343199095995
2011-03-14,98.96199798583984,21.1299991607666,-0.006055953531687308
2011-03-15,97.82813262939453,24.31999969482422,-0.01152372733970175
2011-03-16,96.01705169677734,29.399999618530273,-0.018686392837001797
2011-03-17,97.28788757324219,26.3700008392334,0.013148698533997916
2011-03-18,97.64173126220703,24.440000534057617,0.003630480372643241
2011-03-21,99.15495300292969,20.610000610351562,0.015378831918865465
2011-03-22,98.81102752685547,20.209999084472656,-0.0034745951922250384
2011-03-23,99.09382629394531,19.170000076293945,0.002857928485491712
2011-03-24,100.04151153564453,18.0,0.009518073552845507
2011-03-25,100.34717559814453,17.90999984741211,0.0030507141289888295
2011-03-28,100.10262298583984,19.440000534057617,-0.0024400397043740085
2011-03-29,100.77519226074219,18.15999984741211,0.006696327190603313
2011-03-30,101.47064971923828,17.709999084472656,0.0068773745145733756
2011-03-31,101.33308410644531,17.739999771118164,-0.0013566380785663412
2011-04-01,101.76103973388672,17.399999618530273,0.004214363791073872
2011-04-04,101.84512329101562,17.5,0.0008259431901240788
2011-04-05,101.82984924316406,17.25,-0.00014998453359371666
2011-04-06,102.15083312988281,16.899999618530273,0.0031472014695372863
2011-04-07,101.89100646972656,17.110000610351562,-0.002546799235945585
2011-04-08,101.53947448730469,17.8700008392334,-0.003456043859961788
2011-04-11,101.23374938964844,16.59000015258789,-0.0030154408306088953
2011-04-12,100.47713470458984,17.09000015258789,-0.0075020070134792505
2011-04-13,100.469482421875,16.920000076293945,-7.616234428819979e-05
2011-04-14,100.54589080810547,16.270000457763672,0.0007602243418771693
2011-04-15,100.91276550292969,15.319999694824219,0.0036421875049468255
2011-04-18,99.78166198730469,16.959999084472656,-0.011272016927343032
2011-04-19,100.35484313964844,15.829999923706055,0.005727917744005495
2011-04-20,101.7228775024414,15.069999694824219,0.013539892061097625
2011-04-21,102.2425537109375,14.6899995803833,0.005095739311519409
2011-04-25,102.13555145263672,15.770000457763672,-0.0010471010873871478
2011-04-26,103.01443481445312,15.619999885559082,0.008568255399254987
2011-04-27,103.68700408935547,15.350000381469727,0.0065076629563733945
2011-04-28,104.02330017089844,14.619999885559082,0.0032381289565073246
2011-04-29,104.267822265625,14.75,0.002347888898913908
2011-05-02,104.10734558105469,15.989999771118164,-0.0015402671820750058
2011-05-03,103.73284149169922,16.700000762939453,-0.003603773648809927
2011-05-04,103.04502868652344,17.079999923706055,-0.006652697809214736
2011-05-05,102.11260223388672,18.200000762939453,-0.009089916555502064
2011-05-06,102.56353759765625,18.399999618530273,0.004406337678116934
2011-05-09,102.96098327636719,17.15999984741211,0.0038676277891775968
2011-05-10,103.83983612060547,15.90999984741211,0.008499561439602843
2011-05-11,102.7469711303711,16.950000762939453,-0.01058029987119724
2011-05-12,103.236083984375,16.030000686645508,0.00474906805323716
2011-05-13,102.44124603271484,17.06999969482422,-0.007729018150979705
2011-05-16,101.79166412353516,18.239999771118164,-0.006361208868095325
2011-05-17,101.77635955810547,17.549999237060547,-0.00015036315804106692
2011-05-18,102.68584442138672,16.229999542236328,0.008896420405351435
2011-05-19,102.93038177490234,15.520000457763672,0.0023785814313548315
2011-05-20,102.11260223388672,17.43000030517578,-0.007976706748527462
2011-05-23,100.92803192138672,18.270000457763672,-0.011668440236918265
2011-05-24,100.84397888183594,17.81999969482422,-0.0008331487016279837
2011-05-25,101.18024444580078,17.06999969482422,0.0033289658929769317
2011-05-26,101.64644622802734,16.09000015258789,0.004597053787091632
2011-05-27,102.03617858886719,15.979999542236328,0.0038268638458704984
2011-05-31,103.0985107421875,15.449999809265137,0.010357503685306746
2011-06-01,100.78282928466797,18.299999237060547,-0.022716949400062525
2011-06-02,100.67583465576172,18.09000015258789,-0.0010621994296338144
2011-06-03,99.67465209960938,17.950000762939453,-0.00999439438545302
2011-06-06,98.61996459960938,18.489999771118164,-0.010637681075396088
2011-06-07,98.55882263183594,18.06999969482422,-0.0006201678242527819
2011-06-08,98.14613342285156,18.790000915527344,-0.004196028638707716
2011-06-09,98.89506530761719,17.770000457763672,0.007601816231016301
2011-06-10,97.51942443847656,18.860000610351562,-0.014007758435300666
2011-06-13,97.5958480834961,19.610000610351562,0.0007833692149255
2011-06-14,98.83397674560547,18.260000228881836,0.012606487435983915
2011-06-15,97.076171875,21.31999969482422,-0.01794549242553245
2011-06-16,97.2901382446289,22.729999542236328,0.0022016825439452603
2011-06-17,97.58050537109375,21.850000381469727,0.0029801034776042457
2011-06-20,98.0796890258789,19.989999771118164,0.005102568147739461
2011-06-21,99.4238052368164,18.860000610351562,0.01361127272771423
2011-06-22,98.8247299194336,18.520000457763672,-0.006043698031960254
2011-06-23,98.5405502319336,19.290000915527344,-0.002879735317892873
2011-06-24,97.39615631103516,21.100000381469727,-0.011681393999587009
2011-06-27,98.2640609741211,20.559999465942383,0.008871607805832404
2011-06-28,99.54671478271484,19.170000076293945,0.012968674539854952
2011-06-29,100.39921569824219,17.270000457763672,0.008527366166842576
2011-06-30,101.35929870605469,16.520000457763672,0.009517221689142374
2011-07-01,102.85700988769531,15.869999885559082,0.014668153049671062
2011-07-05,102.77250671386719,16.059999465942383,-0.000821897361639401
2011-07-06,102.89540100097656,16.34000015258789,0.001195075139348134
2011-07-07,103.9629898071289,15.949999809265137,0.010322020593312331
2011-07-08,103.22563934326172,15.949999809265137,-0.007117703127246244
2011-07-11,101.35929870605469,18.389999389648438,-0.018245648293445882
2011-07-12,100.92150115966797,19.8700008392334,-0.004328618734544598
2011-07-13,101.25944519042969,19.90999984741211,0.0033429890559819597
2011-07-14,100.56051635742188,20.799999237060547,-0.006926288379160539
2011-07-15,101.14423370361328,19.530000686645508,0.005787855521723451
2011-07-18,100.31472778320312,20.950000762939453,-0.008235033101346545
2011-07-19,101.9429931640625,19.209999084472656,0.01610124498990917
2011-07-20,101.88154602050781,19.09000015258789,-0.0006029415855621778
2011-07-21,103.2947769165039,17.559999465942383,0.013775987654784494
2011-07-22,103.36388397216797,17.520000457763672,0.0006688038908491123
2011-07-25,102.7878646850586,19.350000381469727,-0.005588318216237731
2011-07-26,102.40380096435547,20.229999542236328,-0.003743467533103839
2011-07-27,100.30704498291016,22.979999542236328,-0.02068789909605062
2011-07-28,100.01519012451172,23.739999771118164,-0.002913855915622321
2011-07-29,99.33163452148438,25.25,-0.006857980139038489
2011-08-01,98.90921783447266,23.65999984741211,-0.004261657688709342
2011-08-02,96.38228607177734,24.790000915527344,-0.02588000758019504
2011-08-03,96.90463256835938,23.3799991607666,0.005404895187535175
2011-08-04,92.36544036865234,31.65999984741211,-0.047974438777286466
2011-08-05,92.2271957397461,32.0,-0.0014978349913281619
2011-08-08,86.22105407714844,48.0,-0.0673406570274464
2011-08-09,90.23026275634766,35.060001373291016,0.04545048339426483
2011-08-10,86.24408721923828,42.9900016784668,-0.04518337849348697
2011-08-11,90.11503601074219,39.0,0.04390553247174367
2011-08-12,90.7218246459961,36.36000061035156,0.006710920664618314
2011-08-15,92.64191436767578,31.8700008392334,0.020943725483749454
2011-08-16,91.850830078125,32.849998474121094,-0.00857582925842415
2011-08-17,91.91230773925781,31.579999923706055,0.000669096796633184
2011-08-18,87.94915771484375,42.66999816894531,-0.0440760514659333
2011-08-19,86.512939453125,43.04999923706055,-0.016464902470104015
2011-08-22,86.58204650878906,42.439998626708984,0.0007984871306563335
2011-08-23,89.43148803710938,36.27000045776367,0.03238035641182613
2011-08-24,90.69110870361328,35.900001525878906,0.01398648724077578
2011-08-25,89.30860137939453,39.7599983215332,-0.015361519305244542
2011-08-26,90.60662841796875,35.59000015258789,0.01442956843701726
2011-08-29,93.21028137207031,32.279998779296875,0.028330659039239592
2011-08-30,93.45606231689453,32.88999938964844,0.0026333733441266105
2011-08-31,93.87080383300781,31.6200008392334,0.004428005467643992
2011-09-01,92.88773345947266,31.81999969482422,-0.010527812732325614
2011-09-02,90.51443481445312,33.91999816894531,-0.025882258138507197
2011-09-06,89.85395050048828,37.0,-0.007323758706748507
2011-09-07,92.38844299316406,33.380001068115234,0.02781631500101156
2011-09-08,91.42840576171875,34.31999969482422,-0.010445679677885344
2011-09-09,89.03208923339844,38.52000045776367,-0.026559357382849313
2011-09-12,89.6081314086914,38.59000015258789,0.006449210259575011
2011-09-13,90.4299545288086,36.90999984741211,0.009129499726940438
2011-09-14,91.68185424804688,34.599998474121094,0.01374891006133705
2011-09-15,93.26403045654297,31.969999313354492,0.017110029885269107
2011-09-16,93.8160400390625,30.979999542236328,0.0059013360757171895
2011-09-19,92.88188934326172,32.72999954223633,-0.01000716499242138
2011-09-20,92.77381896972656,32.86000061035156,-0.0011642021322524343
2011-09-21,90.04087829589844,37.31999969482422,-0.029900706317940617
2011-09-22,87.13037872314453,41.349998474121094,-0.03285816762058147
2011-09-23,87.65531158447266,41.25,0.006006606589725294
2011-09-26,89.73977661132812,39.02000045776367,0.023501901789029667
2011-09-27,90.74339294433594,37.709999084472656,0.011121554216344975
2011-09-28,88.89055633544922,41.08000183105469,-0.020629756543886657
2011-09-29,89.59310150146484,38.84000015258789,0.007872415916116537
2011-09-30,87.35423278808594,42.959999084472656,-0.025306831648177486
2011-10-03,84.86827850341797,45.45000076293945,-0.028871103345078808
2011-10-04,86.7288818359375,40.81999969482422,0.02168656228922039
2011-10-05,88.33470153808594,37.810001373291016,0.01834607416691547
2011-10-06,89.93277740478516,36.27000045776367,0.017929447215071725
2011-10-07,89.33062744140625,36.20000076293945,-0.006718071974639805
2011-10-10,92.31832122802734,33.02000045776367,0.03289821677365712
2011-10-11,92.41094970703125,32.86000061035156,0.0010028566268704964
2011-10-12,93.22159576416016,31.260000228881836,0.008733934108158259
2011-10-13,93.03630828857422,30.700000762939453,-0.001989580390146628
2011-10-14,94.6266860961914,28.239999771118164,0.016949701649332738
2011-10-17,92.82015991210938,33.38999938964844,-0.019275673685785755
2011-10-18,94.63439178466797,31.559999465942383,0.019357102879438592
2011-10-19,93.51495361328125,34.439998626708984,-0.011899604310741552
2011-10-20,93.92414093017578,34.779998779296875,0.004366089880131874
2011-10-21,95.70748901367188,31.31999969482422,0.018809105423515327
2011-10-24,96.88098907470703,29.260000228881836,0.01218675796579305
2011-10-25,94.99723815917969,32.220001220703125,-0.019635489299912656
2011-10-26,95.96227264404297,29.860000610351562,0.01010730176520891
2011-10-27,99.30509948730469,25.459999084472656,0.03424180315154324
2011-10-28,99.28196716308594,24.530000686645508,-0.00023296909223358142
2011-10-31,96.88871002197266,29.959999084472656,-0.024400954526262453
2011-11-01,94.18660736083984,34.77000045776367,-0.028285001382933217
2011-11-02,95.72293090820312,32.7400016784668,0.01617988308772489
2011-11-03,97.46773529052734,30.5,0.018063520968153668
2011-11-04,96.87326049804688,30.15999984741211,-0.006117871777404638
2011-11-07,97.47541809082031,29.850000381469727,0.006196692707133522
2011-11-08,98.72611236572266,27.479999542236328,0.012749250354499253
2011-11-09,95.08216094970703,36.15999984741211,-0.03760810449110785
2011-11-10,95.97770690917969,32.810001373291016,0.009374574870994579
2011-11-11,97.78422546386719,30.040000915527344,0.018647325401412118
2011-11-14,96.85779571533203,31.1299991607666,-0.009519390919887627
2011-11-15,97.33647155761719,31.219999313354492,0.004929875824575269
2011-11-16,95.79241180419922,33.5099983215332,-0.015990281995518885
2011-11-17,94.27152252197266,34.5099983215332,-0.016004317185474015
2011-11-18,94.1711654663086,32.0,-0.0010651202890725742
2011-11-21,92.38007354736328,32.90999984741211,-0.019202734499055296
2011-11-22,92.01725006103516,31.969999313354492,-0.0039352410051884945
2011-11-23,89.98683166503906,33.97999954223633,-0.022312715344106948
2011-11-25,89.81696319580078,34.470001220703125,-0.0018894875929396093
2011-11-28,92.41871643066406,32.130001068115234,0.028555659709433634
2011-11-29,92.6811752319336,30.639999389648438,0.0028358631094356213
2011-11-30,96.4949722290039,27.799999237060547,0.0403255257155406
2011-12-01,96.4795150756836,27.40999984741211,-0.00016019893167484867
2011-12-02,96.39459991455078,27.520000457763672,-0.0008805242385534484
2011-12-05,97.44454193115234,27.84000015258789,0.010833232905633317
2011-12-06,97.47541809082031,28.1299991607666,0.00031680860105520736
2011-12-07,97.83829498291016,28.670000076293945,0.003715840571697271
2011-12-08,95.69205474853516,30.59000015258789,-0.02218079211092938
2011-12-09,97.31330108642578,26.3799991607666,0.016800409131327854
2011-12-12,95.89277648925781,25.670000076293945,-0.014705025975290553
2011-12-13,94.99723815917969,25.40999984741211,-0.009382836517735527
2011-12-14,93.98588562011719,26.040000915527344,-0.010703201150866981
2011-12-15,94.32556915283203,25.110000610351562,0.003607681769012494
2011-12-16,94.46541595458984,24.290000915527344,0.0014814989948455093
2011-12-19,93.45545196533203,24.920000076293945,-0.010748925594458392
2011-12-20,96.28339385986328,23.219999313354492,0.0298109890004854
2011-12-21,96.46986389160156,21.43000030517578,0.001934806104799236
2011-12-22,97.32449340820312,21.15999984741211,0.00882002003395943
2011-12-23,98.19462585449219,20.729999542236328,0.008900799003119353
2011-12-27,98.2723617553711,21.90999984741211,0.0007913380856621188
2011-12-28,96.98263549804688,23.520000457763672,-0.013210878421719308
2011-12-29,97.98485565185547,22.649999618530273,0.010280985570052081
2011-12-30,97.503173828125,23.399999618530273,-0.004928003006870796
2012-01-03,99.0570068359375,22.969999313354492,0.0158105814783589
2012-01-04,99.21238708496094,22.219999313354492,0.0015673652676300165
2012-01-05,99.4765625,21.479999542236328,0.0026591873505026342
2012-01-06,99.22016143798828,20.6299991607666,-0.002580829711202881
2012-01-09,99.46099853515625,21.06999969482422,0.00242435885879555
2012-01-10,100.3233642578125,20.690000534057617,0.008633018786181168
2012-01-11,100.37774658203125,21.049999237060547,0.0005419235132491096
2012-01-12,100.61859893798828,20.469999313354492,0.0023965855758651955
2012-01-13,100.09806060791016,20.90999984741211,-0.005186809089572364
2012-01-17,100.4865493774414,22.200000762939453,0.0038735699146359437
2012-01-18,101.5975341796875,20.889999389648438,0.01099538346312734
2012-01-19,102.13362884521484,19.8700008392334,0.005262777622339065
2012-01-20,102.51432800292969,18.280000686645508,0.003720531616594691
2012-01-23,102.2501220703125,18.670000076293945,-0.0025805854399454375
2012-01-24,102.13362884521484,18.90999984741211,-0.0011399461766492536
2012-01-25,102.98824310302734,18.309999465942383,0.00833279449660207
2012-01-26,102.45990753173828,18.56999969482422,-0.005143261054760373
2012-01-27,102.41329193115234,18.530000686645508,-0.0004550678323234081
2012-01-30,102.0636978149414,19.399999618530273,-0.003419401442432246
2012-01-31,102.02485656738281,19.440000534057617,-0.0003806313209979706
2012-02-01,102.91830444335938,18.549999237060547,0.008719037333818846
2012-02-02,103.0814437866211,17.979999542236328,0.0015838793859579425
2012-02-03,104.52650451660156,17.100000381469727,0.01392127883048655
2012-02-06,104.45657348632812,17.760000228881836,-0.0006692506738046333
2012-02-07,104.72071838378906,17.649999618530273,0.0025255613121535347
2012-02-08,105.03150177001953,18.15999984741211,0.002963340396857639
2012-02-09,105.16360473632812,18.6299991607666,0.001256955843522256
2012-02-10,104.38668823242188,20.790000915527344,-0.0074151178958130615
2012-02-13,105.16360473632812,19.040000915527344,0.0074151178958130615
2012-02-14,105.03150177001953,19.540000915527344,-0.001256955843522256
2012-02-15,104.54206085205078,21.139999389648438,-0.004670835401919149
2012-02-16,105.6996841430664,19.219999313354492,0.011012418015177161
2012-02-17,105.97936248779297,17.780000686645508,0.0026424770133850473
2012-02-21,106.0259780883789,18.190000534057617,0.0004397587457987129
2012-02-22,105.68414306640625,18.190000534057617,-0.0032292770621378253
2012-02-23,106.15032196044922,16.799999237060547,0.004401357886214541
2012-02-24,106.38333129882812,17.309999465942383,0.002192682694357906
2012-02-27,106.56204986572266,18.190000534057617,0.0016785394252627484
2012-02-28,106.87281799316406,17.959999084472656,0.0029120672753411014
2012-02-29,106.45327758789062,18.43000030517578,-0.003933329816269371
2012-03-01,107.00485229492188,17.260000228881836,0.005168001190358318
2012-03-02,106.6785659790039,17.290000915527344,-0.0030539250274532748
2012-03-05,106.24349212646484,18.049999237060547,-0.004086701602726173
2012-03-06,104.68965148925781,20.8700008392334,-0.014733282006799797
2012-03-07,105.41998291015625,19.06999969482422,0.006951935967694389
2012-03-08,106.46879577636719,17.950000762939453,0.009899735497271855
2012-03-09,106.88060760498047,17.110000610351562,0.003860449886664341
2012-03-12,106.8883285522461,15.640000343322754,7.223638202713545e-05
2012-03-13,108.8150634765625,14.800000190734863,0.017865144828681068
2012-03-14,108.69856262207031,15.3100004196167,-0.0010712052180084086
2012-03-15,109.3278579711914,15.420000076293945,0.005772668238511969
2012-03-16,109.47925567626953,14.470000267028809,0.001383846500374375
2012-03-19,109.90845489501953,15.039999961853027,0.003912705640553682
2012-03-20,109.58851623535156,15.579999923706055,-0.002915200921458805
2012-03-21,109.40900421142578,15.130000114440918,-0.0016393981426334747
2012-03-22,108.6208724975586,15.569999694824219,-0.007229606864417981
2012-03-23,108.97201538085938,14.819999694824219,0.003227524498096379
2012-03-26,110.50145721435547,14.260000228881836,0.013937598690342945
2012-03-27,110.15814208984375,15.59000015258789,-0.003111719613515085
2012-03-28,109.61190795898438,15.470000267028809,-0.004970970844750511
2012-03-29,109.42459869384766,15.479999542236328,-0.0017103022108759802
2012-03-30,109.8772201538086,15.5,0.004127846317264705
2012-04-02,110.6809310913086,15.640000343322754,0.007288005366263839
2012-04-03,110.22834777832031,15.65999984741211,-0.004097464339332113
2012-04-04,109.13591003417969,16.440000534057617,-0.009960116440071332
2012-04-05,109.08126831054688,16.700000762939453,-0.0005008013135290312
2012-04-09,107.85614776611328,18.809999465942383,-0.011294811110932557
2012-04-10,106.04582977294922,20.389999389648438,-0.01692701712003597
2012-04-11,106.90415954589844,20.020000457763672,0.008061370878234442
2012-04-12,108.30093383789062,17.200000762939453,0.01298104876516959
2012-04-13,107.01338958740234,19.549999237060547,-0.011959813701102107
2012-04-16,106.94322204589844,19.549999237060547,-0.000655904423648046
2012-04-17,108.52726745605469,18.459999084472656,0.01470339582550828
2012-04-18,108.16051483154297,18.639999389648438,-0.0033850821753897975
2012-04-19,107.46601867675781,18.360000610351562,-0.006441679926932231
2012-04-20,107.6454849243164,17.440000534057617,0.0016685884873028911
2012-04-23,106.74031066894531,18.969999313354492,-0.008444399328769947
2012-04-24,107.14608001708984,18.100000381469727,0.003794255760205978
2012-04-25,108.61308288574219,16.81999969482422,0.013598731623093663
2012-04-26,109.36998748779297,16.239999771118164,0.0069446461393338765
2012-04-27,109.5494613647461,16.31999969482422,0.001639634286510372
2012-04-30,109.1436767578125,17.149999618530273,-0.0037109995869668566
2012-05-01,109.82259368896484,16.600000381469727,0.006201129565347685
2012-05-02,109.49483489990234,16.8799991607666,-0.0029889009293508906
2012-05-03,108.65992736816406,17.559999465942383,-0.007654305589099408
2012-05-04,106.90415954589844,19.15999984741211,-0.01629034479121305
2012-05-07,106.98221588134766,18.940000534057617,0.0007298860318574185
2012-05-08,106.55304718017578,19.049999237060547,-0.004019657202107396
2012-05-09,105.92095947265625,20.079999923706055,-0.005949806116474221
2012-05-10,106.13951110839844,18.829999923706055,0.0020612206746699613
2012-05-11,105.8195571899414,19.889999389648438,-0.003019018379758265
2012-05-14,104.64903259277344,21.8700008392334,-0.011123148274922556
2012-05-15,104.0482177734375,21.969999313354492,-0.005757780499107135
2012-05-16,103.6502456665039,22.270000457763672,-0.003832215100579184
2012-05-17,102.11302185058594,24.489999771118164,-0.014941951832870615
2012-05-18,101.23905181884766,25.100000381469727,-0.008595687244574712
2012-05-21,102.97914123535156,22.010000228881836,0.017041885487177666
2012-05-22,103.15864562988281,22.479999542236328,0.001741596653705102
2012-05-23,103.21322631835938,22.329999923706055,0.0005289547382005821
2012-05-24,103.41615295410156,21.540000915527344,0.0019641611633005596
2012-05-25,103.08063507080078,21.760000228881836,-0.0032496212824106863
2012-05-29,104.32911682128906,21.030000686645508,0.012038940486011285
2012-05-30,102.81526947021484,24.139999389648438,-0.014616609508713907
2012-05-31,102.58897399902344,24.059999465942383,-0.0022034166278697143
2012-06-01,100.00611114501953,26.65999984741211,-0.02549916549428044
2012-06-04,99.95933532714844,26.1200008392334,-0.00046783901468483435
2012-06-05,100.71621704101562,24.68000030517578,0.007543373310491042
2012-06-06,102.97914123535156,22.15999984741211,0.022219625576251012
2012-06-07,103.04159545898438,21.719999313354492,0.0006062906729491502
2012-06-08,103.86090850830078,21.229999542236328,0.007919839693977693
2012-06-11,102.54218292236328,23.559999465942383,-0.012778331185246294
2012-06-12,103.720458984375,22.09000015258789,0.011425131261242782
2012-06-13,103.05719757080078,24.270000457763672,-0.006415235566030297
2012-06-14,104.14965057373047,21.68000030517578,0.010544662352351963
2012-06-15,105.21485137939453,21.110000610351562,0.010175650475238385
2012-06-18,105.41874694824219,18.31999969482422,0.0019360219276789437
2012-06-19,106.43843078613281,18.3799991607666,0.009626218217276161
2012-06-20,106.2658462524414,17.239999771118164,-0.0016227654090217314
2012-06-21,103.88143157958984,20.079999923706055,-0.02269377009432194
2012-06-22,104.68143463134766,18.110000610351562,0.007671614701900253
2012-06-25,103.00289154052734,20.3799991607666,-0.016164721446516594
2012-06-26,103.52058410644531,19.719999313354492,0.005013412142283791
2012-06-27,104.4539794921875,19.450000762939453,0.008976113584305168
2012-06-28,104.15594482421875,19.709999084472656,-0.002857341247960221
2012-06-29,106.7521743774414,17.079999923706055,0.02462077525339801
2012-07-02,107.0737533569336,16.799999237060547,0.0030078599480347634
2012-07-03,107.77970123291016,16.65999984741211,0.006571459768226262
2012-07-05,107.29337310791016,17.5,-0.004522453174383934
2012-07-06,106.27371215820312,17.100000381469727,-0.009548931159740981
2012-07-09,106.14037322998047,17.979999542236328,-0.001255462371931415
2012-07-10,105.21485137939453,18.719999313354492,-0.008758030639226533
2012-07-11,105.23050689697266,17.950000762939453,0.0001487846321275299
2012-07-12,104.72064971923828,18.329999923706055,-0.004856921850133311
2012-07-13,106.47764587402344,16.739999771118164,0.01663873929174642
2012-07-16,106.22663879394531,17.110000610351562,-0.002360151766436225
2012-07-17,106.95612335205078,16.479999542236328,0.0068437747781695535
2012-07-18,107.74832153320312,16.15999984741211,0.0073794632113868275
2012-07-19,108.03068542480469,15.449999809265137,0.002617159627841481
2012-07-20,107.04236602783203,16.270000457763672,-0.009190610790263065
2012-07-23,105.9599609375,18.6200008392334,-0.010163404531501996
2012-07-24,105.0500717163086,20.469999313354492,-0.008624185772386106
2012-07-25,105.07365417480469,19.34000015258789,0.00022446259693076343
2012-07-26,106.80708312988281,17.530000686645508,0.016362673192694466
2012-07-27,108.77582550048828,16.700000762939453,0.018264871874647426
2012-07-30,108.77582550048828,18.030000686645508,0.0
2012-07-31,108.01499938964844,18.93000030517578,-0.007019016924100896
2012-08-01,107.92086791992188,18.959999084472656,-0.0008718465983630352
2012-08-02,107.17572784423828,17.56999969482422,-0.006928450483440152
2012-08-03,109.30134582519531,15.640000343322754,0.019638904600958185
2012-08-06,109.51313781738281,15.949999809265137,0.0019358138894691734
2012-08-07,110.06217956542969,15.989999771118164,0.005000952737890252
2012-08-08,110.19551849365234,15.319999694824219,0.00121075400030346
2012-08-09,110.28968811035156,15.279999732971191,0.000854203543863008
2012-08-10,110.47006225585938,14.739999771118164,0.0016341220294657788
2012-08-13,110.41520690917969,13.699999809265137,-0.0004966863387023679
2012-08-14,110.43081665039062,14.850000381469727,0.00014136311793500056
2012-08-15,110.55634307861328,14.630000114440918,0.0011360519034422367
2012-08-16,111.3720932006836,14.289999961853027,0.007351503121012293
2012-08-17,111.52108001708984,13.449999809265137,0.001336845237958073
2012-08-20,111.5289535522461,14.020000457763672,7.059882514681703e-05
2012-08-21,111.19168853759766,15.020000457763672,-0.0030285946491304117
2012-08-22,111.23876953125,15.109999656677246,0.00042333226091617604
2012-08-23,110.32887268066406,15.960000038146973,-0.008213310901518334
2012-08-24,110.99560546875,15.180000305175781,0.006024953141465339
2012-08-27,111.01909637451172,16.350000381469727,0.00021161576827388728
2012-08-28,110.9092788696289,16.489999771118164,-0.0009896662716091242
2012-08-29,110.99560546875,17.059999465942383,0.000778050503335237
2012-08-30,110.19551849365234,17.829999923706055,-0.007234381291853609
2012-08-31,110.72105407714844,17.469999313354492,0.0047577831643623725
2012-09-04,110.61911010742188,17.979999542236328,-0.0009211520856196032
2012-09-05,110.52495574951172,17.739999771118164,-0.0008515205979824358
2012-09-06,112.76821899414062,15.600000381469727,0.020093213514210007
2012-09-07,113.20751190185547,14.380000114440918,0.0038879702643015435
2012-09-10,112.56432342529297,16.280000686645508,-0.005697701094185881
2012-09-11,112.87810516357422,16.40999984741211,0.002783699083347635
2012-09-12,113.25453186035156,15.800000190734863,0.003329258875879759
2012-09-13,114.98017120361328,14.050000190734863,0.015121909190609628
2012-09-14,115.49000549316406,14.510000228881836,0.004424304510912691
2012-09-17,115.09779357910156,14.59000015258789,-0.0034018477463426677
2012-09-18,115.00369262695312,14.180000305175781,-0.0008179082972983309
2012-09-19,115.06647491455078,13.880000114440918,0.0005457664487913405
2012-09-20,115.07428741455078,14.069999694824219,6.78932312894176e-05
2012-09-21,115.02617645263672,13.979999542236328,-0.0004181735386925567
2012-09-24,114.85273742675781,14.149999618530273,-0.001508960137853066
2012-09-25,113.63044738769531,15.430000305175781,-0.01069927049649877
2012-09-26,112.99172973632812,16.809999465942383,-0.005636865294502691
2012-09-27,114.0562515258789,14.84000015258789,0.009377133273421379
2012-09-28,113.5279541015625,15.729999542236328,-0.004642662892917038
2012-10-01,113.82760620117188,16.31999969482422,0.0026359792803711812
2012-10-02,113.94586944580078,15.710000038146973,0.0010384286837634704
2012-10-03,114.41110229492188,15.430000305175781,0.004074616064868586
2012-10-04,115.231201171875,14.550000190734863,0.007142432826793943
2012-10-05,115.2391128540039,14.329999923706055,6.865684342383105e-05
2012-10-08,114.84481811523438,15.109999656677246,-0.003427402540395086
2012-10-09,113.70932006835938,16.3700008392334,-0.009936441304150279
2012-10-10,112.98384094238281,16.290000915527344,-0.006400560118141385
2012-10-11,113.04691314697266,15.59000015258789,0.0005580851727984282
2012-10-12,112.67628479003906,16.139999389648438,-0.0032839220195057806
2012-10-15,113.61470794677734,15.270000457763672,0.008293998138634961
2012-10-16,114.76597595214844,15.220000267028809,0.01008209396492532
2012-10-17,115.28639221191406,15.069999694824219,0.004524336364328363
2012-10-18,114.98677062988281,15.029999732971191,-0.0026023158532346713
2012-10-19,113.07059478759766,17.059999465942383,-0.016804727463099134
2012-10-22,113.08638000488281,16.6200008392334,0.00013959522871509478
2012-10-23,111.51713562011719,18.829999923706055,-0.013973689726636707
2012-10-24,111.20173645019531,18.329999923706055,-0.002832264529961215
2012-10-25,111.52499389648438,18.1200008392334,0.0029027290326757438
2012-10-26,111.4619369506836,17.809999465942383,-0.0005655663068857564
2012-10-31,111.4619369506836,18.600000381469727,0.0
2012-11-01,112.62897491455078,16.690000534057617,0.01041584868498635
2012-11-02,111.62750244140625,17.59000015258789,-0.008931551431196283
2012-11-05,111.856201171875,18.420000076293945,0.0020466710243605135
2012-11-06,112.73150634765625,17.579999923706055,0.00779481314753383
2012-11-07,110.17658233642578,19.079999923706055,-0.022924568752510588
2012-11-08,108.85183715820312,18.489999771118164,-0.012096707225841996
2012-11-09,108.94647216796875,18.610000610351562,0.0008690151545618363
2012-11-12,109.03321075439453,16.68000030517578,0.000795841060424074
2012-11-13,108.6546630859375,16.649999618530273,-0.0034778974441493915
2012-11-14,107.18798065185547,17.920000076293945,-0.01359050263206285
2012-11-15,107.00659942626953,17.989999771118164,-0.001693612124777033
2012-11-16,107.53494262695312,16.40999984741211,0.004925333002758769
2012-11-19,109.71131896972656,15.239999771118164,0.020036700642492633
2012-11-20,109.75865173339844,15.079999923706055,0.0004313370458302046
2012-11-21,109.96366119384766,15.3100004196167,0.0018660782986410496
2012-11-23,111.4619369506836,15.140000343322754,0.013533201548948881
2012-11-26,111.22537231445312,15.5,-0.0021246358941642285
2012-11-27,110.65762329101562,15.920000076293945,-0.005117564426012855
2012-11-28,111.54869842529297,15.510000228881836,0.00802029306755081
2012-11-29,112.06912231445312,15.0600004196167,0.004654591722877299
2012-11-30,112.09275817871094,15.869999885559082,0.00021088210264252893
2012-12-03,111.540771484375,16.639999389648438,-0.004936538954003922
2012-12-04,111.38310241699219,17.1200008392334,-0.0014145554795392812
2012-12-05,111.58021545410156,16.459999084472656,0.0017681212348605868
2012-12-06,111.95869445800781,16.579999923706055,0.003386250435895022
2012-12-07,112.29779815673828,15.899999618530273,0.0030242509657831818
2012-12-10,112.34513854980469,16.049999237060547,0.00042147235485145984
2012-12-11,113.11000061035156,15.569999694824219,0.006785074828976612
2012-12-12,113.16519165039062,15.949999809265137,0.00048782228915200676
2012-12-13,112.47126007080078,16.559999465942383,-0.006150901258388686
2012-12-14,112.05338287353516,17.0,-0.0037223324289579196
2012-12-17,113.3702392578125,16.34000015258789,0.011683525901660552
2012-12-18,114.63190460205078,15.569999694824219,0.01106724876065357
2012-12-19,113.7802505493164,17.360000610351562,-0.007457203832828441
2012-12-20,114.43476104736328,17.670000076293945,0.005735926729472318
2012-12-21,113.39601135253906,17.84000015258789,-0.009118670683117003
2012-12-24,113.04663848876953,17.84000015258789,-0.0030857538651671845
2012-12-26,112.57009887695312,19.479999542236328,-0.004224334825815745
2012-12-27,112.41925048828125,19.469999313354492,-0.0013409382417526317
2012-12-28,111.20417022705078,22.719999313354492,-0.01086730732916763
2012-12-31,113.09429168701172,18.020000457763672,0.016854027314023412
2013-01-02,115.99286651611328,14.680000305175781,0.02530678319554358
2013-01-03,115.73079681396484,14.5600004196167,-0.002261916716809864
2013-01-04,116.23908996582031,13.829999923706055,0.0043824133590382175
2013-01-07,115.92139434814453,13.789999961853027,-0.0027368638286633384
2013-01-08,115.58784484863281,13.619999885559082,-0.0028815241366819677
2013-01-09,115.88172149658203,13.8100004196167,0.0025392263051342567
2013-01-10,116.80294799804688,13.489999771118164,0.007918281138210581
2013-01-11,116.79495239257812,13.359999656677246,-6.845614158823565e-05
2013-01-14,116.7155990600586,13.520000457763672,-0.0006796552453884885
2013-01-15,116.79495239257812,13.550000190734863,0.0006796552453884885
2013-01-16,116.77906036376953,13.420000076293945,-0.0001360770288236779
2013-01-17,117.53350830078125,13.569999694824219,0.006439693342395358
2013-01-18,117.79560852050781,12.460000038146973,0.002227521452866199
2013-01-22,118.43094635009766,12.430000305175781,0.0053790680887866316
2013-01-23,118.62155151367188,12.460000038146973,0.0016081265236049802
2013-01-24,118.6533203125,12.6899995803833,0.0002677805599340388
2013-01-25,119.32037353515625,12.890000343322754,0.005606123592209578
2013-01-28,119.17740631103516,13.569999694824219,-0.0011988978793668892
2013-01-29,119.64598846435547,13.3100004196167,0.003924094245875587
2013-01-30,119.17740631103516,14.319999694824219,-0.003924094245875587
2013-01-31,118.88355255126953,14.279999732971191,-0.0024687282653470533
2013-02-01,120.10662078857422,12.899999618530273,0.0102353908356001
2013-02-04,118.75650024414062,14.670000076293945,-0.011304674550529192
2013-02-05,119.9556884765625,13.720000267028809,0.010047231577817506
2013-02-06,120.04307556152344,13.40999984741211,0.0007282294904573661
2013-02-07,119.88423156738281,13.5,-0.0013241011975599903
2013-02-08,120.55126953125,13.020000457763672,0.0055485955456244795
2013-02-11,120.52745819091797,12.9399995803833,-0.00019753995414184544
2013-02-12,120.72602844238281,12.640000343322754,0.0016461548313913
2013-02-13,120.8292007446289,12.979999542236328,0.0008542336994086241
2013-02-14,120.94041442871094,12.65999984741211,0.0009199972614135632
2013-02-15,120.79747009277344,12.460000038146973,-0.001182639228278326
2013-02-19,121.70280456542969,12.3100004196167,0.00746670229619717
2013-02-20,120.1860122680664,14.680000305175781,-0.012541399789427032
2013-02-21,119.45533752441406,15.220000267028809,-0.006098087901476035
2013-02-22,120.62274169921875,14.170000076293945,0.009725280873304598
2013-02-25,118.32772064208984,18.989999771118164,-0.019209769330585047
2013-02-26,119.1377182006836,16.8700008392334,0.0068220512762202645
2013-02-27,120.6386489868164,14.729999542236328,0.012519585715207171
2013-02-28,120.40039825439453,15.510000228881836,-0.0019768648502305197
2013-03-01,120.79747009277344,15.359999656677246,0.0032925017107894305
2013-03-04,121.44074249267578,14.010000228881836,0.0053110853579614314
2013-03-05,122.5286865234375,13.479999542236328,0.008918750572710188
2013-03-06,122.6955337524414,13.529999732971191,0.0013607730473133017
2013-03-07,122.91781616210938,13.0600004196167,0.0018100194507466583
2013-03-08,123.44196319580078,12.59000015258789,0.004255141207852198
2013-03-11,123.91050720214844,11.5600004196167,0.003788476953507036
2013-03-12,123.63258361816406,12.270000457763672,-0.00224545714315294
2013-03-13,123.80732727050781,11.829999923706055,0.0014124130643757837
2013-03-14,124.46636962890625,11.300000190734863,0.005309011100143479
2013-03-15,124.30207824707031,11.300000190734863,-0.001320837968995292
2013-03-18,123.6160659790039,13.359999656677246,-0.005534197757905979
2013-03-19,123.32891082763672,14.390000343322754,-0.0023256620524021443
2013-03-20,124.19048309326172,12.670000076293945,0.006961682732419483
2013-03-21,123.1295394897461,13.989999771118164,-0.008579573140501395
2013-03-22,124.11862182617188,13.569999694824219,0.008000768193986652
2013-03-25,123.60014343261719,13.739999771118164,-0.0041860304778644775
2013-03-26,124.58928680419922,12.770000457763672,0.007970916471154332
2013-03-27,124.58928680419922,13.149999618530273,0.0
2013-03-28,124.9721450805664,12.699999809265137,0.0030682511623147946
2013-04-01,124.47762298583984,13.579999923706055,-0.003964908417467328
2013-04-02,125.09180450439453,12.779999732971191,0.004921939074304049
2013-04-03,123.8235092163086,14.210000038146973,-0.010190664809734074
2013-04-04,124.3260726928711,13.890000343322754,0.0040504937369210126
2013-04-05,123.76760864257812,13.920000076293945,-0.004502049310995737
2013-04-08,124.605224609375,13.1899995803833,0.006744853141162466
2013-04-09,125.03594207763672,12.84000015258789,0.003450696064018821
2013-04-10,126.56755828857422,12.359999656677246,0.012174990634084004
2013-04-11,126.9823226928711,12.239999771118164,0.003271662149106902
2013-04-12,126.67118835449219,12.0600004196167,-0.00245322442521001
2013-04-15,123.73574829101562,17.270000457763672,-0.023446431459006156
2013-04-16,125.56242370605469,13.960000038146973,0.014654805466046028
2013-04-17,123.7277603149414,16.510000228881836,-0.014719364286229109
2013-04-18,122.95404052734375,17.559999465942383,-0.0062730393744185875
2013-04-19,124.02291870117188,14.970000267028809,0.008655745464623443
2013-04-22,124.57331848144531,14.390000343322754,0.004428069272929491
2013-04-23,125.85752868652344,13.479999542236328,0.010256096455271368
2013-04-24,125.9374008178711,13.609999656677246,0.0006344221004281891
2013-04-25,126.4478759765625,13.619999885559082,0.0040452110462334545
2013-04-26,126.22445678710938,13.609999656677246,-0.0017684504293482561
2013-04-29,127.0700454711914,13.710000038146973,0.006676748352845152
2013-04-30,127.37313079833984,13.520000457763672,0.0023823430829645886
2013-05-01,126.25636291503906,14.489999771118164,-0.008806350430475618
2013-05-02,127.42899322509766,13.59000015258789,0.00924482736913479
2013-05-03,128.72120666503906,12.850000381469727,0.010089583398501745
2013-05-06,129.04833984375,12.65999984741211,0.0025381846596541635
2013-05-07,129.7023162841797,12.829999923706055,0.005054888306323058
2013-05-08,130.29266357421875,12.65999984741211,0.004541228487636495
2013-05-09,129.9257049560547,13.130000114440918,-0.0028203916847813204
2013-05-10,130.34848022460938,12.59000015258789,0.0032486943727629836
2013-05-13,130.45217895507812,12.550000190734863,0.0007952336950358685
2013-05-14,131.80032348632812,12.770000457763672,0.010281361621366614
2013-05-15,132.51014709472656,12.8100004196167,0.0053711479028875075
2013-05-16,131.88804626464844,13.069999694824219,-0.0047057959828213924
2013-05-17,133.164306640625,12.449999809265137,0.009630325674720552
2013-05-20,133.1563262939453,13.020000457763672,-5.993036734786017e-05
2013-05-21,133.34779357910156,13.369999885559082,0.0014368807370770398
2013-05-22,132.35862731933594,13.819999694824219,-0.0074455922149319065
2013-05-23,131.9757843017578,14.069999694824219,-0.002896658690190179
2013-05-24,131.86410522460938,13.989999771118164,-0.0008465670905088984
2013-05-28,132.65377807617188,14.479999542236328,0.005970675310306817
2013-05-29,131.7922821044922,14.829999923706055,-0.006515498992534674
2013-05-30,132.27891540527344,14.529999732971191,0.0036856261207773855
2013-05-31,130.3804168701172,16.299999237060547,-0.014456228007177607
2013-06-03,131.09832763671875,16.280000686645508,0.005491173455679288
2013-06-04,130.46815490722656,16.270000457763672,-0.004818461009371333
2013-06-05,128.64146423339844,17.5,-0.014099985507462165
2013-06-06,129.80606079101562,16.6299991607666,0.009012308707851524
2013-06-07,131.457275390625,15.140000343322754,0.012640400368208127
2013-06-10,131.457275390625,15.4399995803833,0.0
2013-06-11,130.1012420654297,17.06999969482422,-0.010368964374809053
2013-06-12,129.02435302734375,18.59000015258789,-0.008311762776417986
2013-06-13,130.98670959472656,16.40999984741211,0.01509469487695192
2013-06-14,130.16502380371094,17.149999618530273,-0.006292805273339752
2013-06-17,131.17013549804688,16.799999237060547,0.007692165516537841
2013-06-18,132.20712280273438,16.610000610351562,0.007874580135876386
2013-06-19,130.3804168701172,16.639999389648438,-0.013913344119704796
2013-06-20,127.1498031616211,20.489999771118164,-0.025090517051522987
2013-06-21,127.5580062866211,18.899999618530273,0.003205268620271262
2013-06-24,125.9461441040039,20.110000610351562,-0.012716824574947161
2013-06-25,127.15703582763672,18.469999313354492,0.009568437366487714
2013-06-26,128.41603088378906,17.209999084472656,0.009852409383772631
2013-06-27,129.16983032226562,16.860000610351562,0.005852818060427367
2013-06-28,128.6405792236328,16.860000610351562,-0.004105744551093693
2013-07-01,129.3943328857422,16.3700008392334,0.005842277697123421
2013-07-02,129.2740478515625,16.440000534057617,-0.000930032828186711
2013-07-03,129.33018493652344,16.200000762939453,0.0004341544238268824
2013-07-05,130.7254638671875,14.890000343322754,0.010730721103210605
2013-07-08,131.4712371826172,14.779999732971191,0.005688670556152076
2013-07-09,132.41746520996094,14.350000381469727,0.007171448221243715
2013-07-10,132.46556091308594,14.210000038146973,0.000363146739581488
2013-07-11,134.26983642578125,14.010000228881836,0.013528785830683177
2013-07-12,134.3259735107422,13.84000015258789,0.0004180041810153412
2013-07-15,134.8392333984375,13.789999961853027,0.003813721065066389
2013-07-16,134.3340301513672,14.420000076293945,-0.0037537445853699225
2013-07-17,134.6788330078125,13.779999732971191,0.0025634688335349765
2013-07-18,135.41659545898438,13.770000457763672,0.005462989804676965
2013-07-19,135.65716552734375,12.539999961853027,0.0017749422197272935
2013-07-22,135.92173767089844,12.289999961853027,0.0019484004400771582
2013-07-23,135.63308715820312,12.65999984741211,-0.002125910460915925
2013-07-24,135.13592529296875,13.180000305175781,-0.0036722254103542795
2013-07-25,135.46469116210938,12.970000267028809,0.0024298986100728115
2013-07-26,135.60903930664062,12.720000267028809,0.001065010304949432
2013-07-29,135.19203186035156,13.390000343322754,-0.0030798089099821624
2013-07-30,135.19203186035156,13.390000343322754,0.0
2013-07-31,135.2882843017578,13.449999809265137,0.0007117149730895278
2013-08-01,136.85198974609375,12.9399995803833,0.011492034093372183
2013-08-02,137.0845184326172,11.979999542236328,0.001697683480872847
2013-08-05,136.88401794433594,11.84000015258789,-0.0014636755499575216
2013-08-06,136.10617065429688,12.720000267028809,-0.005698735175194258
2013-08-07,135.6652069091797,12.979999542236328,-0.003245110916709315
2013-08-08,136.16233825683594,12.729999542236328,0.003657700705814726
2013-08-09,135.76939392089844,13.40999984741211,-0.00289002395040594
2013-08-12,135.60903930664062,12.8100004196167,-0.0011817787509000865
2013-08-13,136.00999450683594,12.3100004196167,0.0029523372188089425
2013-08-14,135.31234741210938,13.039999961853027,-0.005142581530868107
2013-08-15,133.4198455810547,14.729999542236328,-0.014084900634936837
2013-08-16,132.97885131835938,14.369999885559082,-0.0033107869569253268
2013-08-19,132.12887573242188,15.100000381469727,-0.0064123253428070015
2013-08-20,132.77833557128906,14.90999984741211,0.004903310384701598
2013-08-21,131.9603729248047,15.9399995803833,-0.0061794155752039615
2013-08-22,133.16323852539062,14.760000228881836,0.009074060567559883
2013-08-23,133.61228942871094,13.979999542236328,0.00336651064563398
2013-08-26,133.1151580810547,14.989999771118164,-0.003727639790703563
2013-08-27,130.97410583496094,16.770000457763672,-0.016214965542371118
2013-08-28,131.43919372558594,16.489999771118164,0.0035447012661773414
2013-08-29,131.6476593017578,16.809999465942383,0.0015847665316828241
2013-08-30,131.2306671142578,17.010000228881836,-0.003172513633449725
2013-09-03,131.82403564453125,16.610000610351562,0.004511377522843141
2013-09-04,132.91465759277344,15.880000114440918,0.00823928005917729
2013-09-05,133.0830535888672,15.770000457763672,0.0012661463727816624
2013-09-06,133.14718627929688,15.850000381469727,0.00048178367492734964
2013-09-09,134.4222412109375,15.630000114440918,0.009530719523374032
2013-09-10,135.41659545898438,14.529999732971191,0.007370019536041106
2013-09-11,135.8415985107422,13.819999694824219,0.0031335709591386873
2013-09-12,135.48072814941406,14.289999961853027,-0.002660087568652436
2013-09-13,135.7854461669922,14.15999984741211,0.002246635773993866
2013-09-16,136.57130432128906,14.380000114440918,0.005770815915484562
2013-09-17,137.18077087402344,14.529999732971191,0.004452697275559636
2013-09-18,138.7685089111328,13.59000015258789,0.011507589797717266
2013-09-19,138.5359344482422,13.15999984741211,-0.0016773948127557503
2013-09-20,137.56741333007812,13.119999885559082,-0.00701567075137266
2013-09-23,136.9307861328125,14.3100004196167,-0.004638488266668794
2013-09-24,136.60845947265625,14.079999923706055,-0.002356713448038228
2013-09-25,136.21365356445312,14.010000228881836,-0.0028942388826402876
2013-09-26,136.7374267578125,14.0600004196167,0.0038378586788203606
2013-09-27,136.10887145996094,15.460000038146973,-0.004607402877588207
2013-09-30,135.3836669921875,16.600000381469727,-0.0053423655525683955
2013-10-01,136.45530700683594,15.539999961853027,0.00788441444086807
2013-10-02,136.3264617919922,16.600000381469727,-0.0009446762149325494
2013-10-03,135.06935119628906,17.670000076293945,-0.009264104502311632
2013-10-04,136.0927734375,16.739999771118164,0.0075484517025641296
2013-10-07,134.91629028320312,19.40999984741211,-0.008682296662949618
2013-10-08,133.34495544433594,20.34000015258789,-0.011715093664349752
2013-10-09,133.44168090820312,19.600000381469727,0.0007251147915630085
2013-10-10,136.3184356689453,16.479999542236328,0.02132905231672222
2013-10-11,137.1967315673828,15.720000267028809,0.006422305030901576
2013-10-14,137.7446746826172,16.06999969482422,0.003985895381530824
2013-10-15,136.74551391601562,18.65999984741211,-0.00728015223210754
2013-10-16,138.6551971435547,14.710000038146973,0.013868619502913404
2013-10-17,139.5819091796875,13.479999542236328,0.006661336262131279
2013-10-18,140.5247039794922,13.039999961853027,0.006731710825892634
2013-10-21,140.53274536132812,13.15999984741211,5.7222335554385495e-05
2013-10-22,141.3466339111328,13.329999923706055,0.005774745308996465
2013-10-23,140.6697235107422,13.420000076293945,-0.004800513746964441
2013-10-24,141.1371612548828,13.199999809265137,0.003317436145845676
2013-10-25,141.78175354003906,13.09000015258789,0.004556735988996863
2013-10-28,142.0073699951172,13.3100004196167,0.0015900292428483453
2013-10-29,142.7648162841797,13.40999984741211,0.005319677354756358
2013-10-30,142.05572509765625,13.649999618530273,-0.004979224097423796
2013-10-31,141.65284729003906,13.75,-0.0028400839285902535
2013-11-01,141.99130249023438,13.279999732971191,0.002386478699388128
2013-11-04,142.49087524414062,12.930000305175781,0.0035121586274033945
2013-11-05,142.0395965576172,13.270000457763672,-0.0031720965566206516
2013-11-06,142.7648162841797,12.670000076293945,0.005092767255843178
2013-11-07,140.95980834960938,13.90999984741211,-0.012723832404639701
2013-11-08,142.86151123046875,12.899999618530273,0.013400905493976545
2013-11-11,142.8856964111328,12.529999732971191,0.00016927675984224066
2013-11-12,142.59556579589844,12.819999694824219,-0.0020325727361392154
2013-11-13,143.73989868164062,12.520000457763672,0.007992995071352205
2013-11-14,144.45709228515625,12.369999885559082,0.004977117086597538
2013-11-15,145.08560180664062,12.1899995803833,0.004341401261199529
2013-11-18,144.5779266357422,13.100000381469727,-0.003505278648260557
2013-11-19,144.26364135742188,13.390000343322754,-0.002176178481064106
2013-11-20,143.8123779296875,13.399999618530273,-0.0031329494066243413
2013-11-21,144.9727783203125,12.65999984741211,0.008036470094542558
2013-11-22,145.69798278808594,12.260000228881836,0.004989879062756941
2013-11-25,145.5529327392578,12.789999961853027,-0.0009960487887745728
2013-11-26,145.5932159423828,12.8100004196167,0.0002767215267276413
2013-11-27,145.94776916503906,12.979999542236328,0.0024322713824860287
2013-11-29,145.8511199951172,13.699999809265137,-0.0006624368840766337
2013-12-02,145.47235107421875,14.229999542236328,-0.0026003338003359744
2013-12-03,144.84385681152344,14.550000190734863,-0.004329728947024769
2013-12-04,144.82765197753906,14.699999809265137,-0.00011188421028407447
2013-12-05,144.19113159179688,15.079999923706055,-0.004404706206277531
2013-12-06,145.80274963378906,13.789999961853027,0.01111495612981006
2013-12-09,146.17340087890625,13.489999771118164,0.002538915891388882
2013-12-10,145.64968872070312,13.90999984741211,-0.0035892480006101124
2013-12-11,144.01382446289062,15.420000076293945,-0.011295048047315959
2013-12-12,143.53843688964844,15.539999961853027,-0.003306445959474047
2013-12-13,143.5222625732422,15.760000228881836,-0.00011268917308093762
2013-12-16,144.41668701171875,16.030000686645508,0.006212617755098293
2013-12-17,143.9574432373047,16.209999084472656,-0.0031850579818257785
2013-12-18,146.4151153564453,13.800000190734863,0.01692812034464186
2013-12-19,146.24594116210938,14.149999618530273,-0.0011561101787265216
2013-12-20,147.0966339111328,13.789999961853027,0.005800011359376356
2013-12-23,147.8825225830078,13.039999961853027,0.005328447885271537
2013-12-24,148.20660400390625,12.479999542236328,0.002189081065236742
2013-12-26,148.9600830078125,12.329999923706055,0.005071097478588804
2013-12-27,148.95193481445312,12.460000038146973,-5.470201182866674e-05
2013-12-30,148.92764282226562,13.5600004196167,-0.0001630994137569175
2013-12-31,149.6324462890625,13.720000267028809,0.004721359630749156
2014-01-02,148.19850158691406,14.229999542236328,-0.009629326921469783
2014-01-03,148.17417907714844,13.760000228881836,-0.00016413462783226862
2014-01-06,147.74478149414062,13.550000190734863,-0.0029021316076365267
2014-01-07,148.65211486816406,12.920000076293945,0.006122440682649
2014-01-08,148.6846160888672,12.869999885559082,0.00021861557923230635
2014-01-09,148.78184509277344,12.890000343322754,0.0006537140824720566
2014-01-10,149.18690490722656,12.140000343322754,0.002718809029251368
2014-01-13,147.20191955566406,13.279999732971191,-0.013394668530017029
2014-01-14,148.80604553222656,12.279999732971191,0.01083850348104054
2014-01-15,149.60821533203125,12.279999732971191,0.005376229203186256
2014-01-16,149.41371154785156,12.529999732971191,-0.001300933437498486
2014-01-17,148.78184509277344,12.4399995803833,-0.004237939745962649
2014-01-21,149.21925354003906,12.869999885559082,0.0029356184483830816
2014-01-22,149.3165283203125,12.84000015258789,0.0006516792265900406
2014-01-23,148.09317016601562,13.770000457763672,-0.008226800002015366
2014-01-24,144.93345642089844,18.139999389648438,-0.021566887994334927
2014-01-27,144.220458984375,17.420000076293945,-0.004931621835967626
2014-01-28,145.0792694091797,15.800000190734863,0.005937184610156798
2014-01-29,143.6857452392578,17.350000381469727,-0.009651688515136314
2014-01-30,145.2089385986328,17.290000915527344,0.010545070984699478
2014-01-31,144.35821533203125,18.40999984741211,-0.005875844015402976
2014-02-03,141.10935974121094,21.440000534057617,-0.02276262632052184
2014-02-04,142.09780883789062,19.110000610351562,0.006980424367504234
2014-02-05,141.91957092285156,19.950000762939453,-0.0012551199408132874
2014-02-06,143.7910919189453,17.229999542236328,0.013101000472296676
2014-02-07,145.57342529296875,15.289999961853027,0.012319104856165275
2014-02-10,145.8408203125,15.260000228881836,0.0018351545856649665
2014-02-11,147.43685913085938,14.510000228881836,0.01088425534362969
2014-02-12,147.5098419189453,14.300000190734863,0.000494887986986825
2014-02-13,148.2713623046875,14.140000343322754,0.005149225559161863
2014-02-14,149.0897216796875,13.569999694824219,0.005504159657362173
2014-02-18,149.2679443359375,13.869999885559082,0.0011946914575915457
2014-02-19,148.27947998046875,15.5,-0.006644103836404014
2014-02-20,149.1544647216797,14.789999961853027,0.005883573686634946
2014-02-21,148.9843292236328,14.680000305175781,-0.0011413175337819936
2014-02-24,149.81072998046875,14.229999542236328,0.005531569807335934
2014-02-25,149.7539825439453,13.670000076293945,-0.000378865966715658
2014-02-26,149.76211547851562,14.350000381469727,5.430716162546645e-05
2014-02-27,150.5480194091797,14.039999961853027,0.005233960719090547
2014-02-28,150.9287872314453,14.0,0.002526018694270604
2014-03-03,149.86744689941406,16.0,-0.007056901757061418
2014-03-04,151.9739227294922,14.100000381469727,0.013957729060638968
2014-03-05,152.1116485595703,13.890000343322754,0.0009058360704967683
2014-03-06,152.46002197265625,14.210000038146973,0.0022876294725913127
2014-03-07,152.5248260498047,14.109999656677246,0.00042496588629870047
2014-03-10,152.4438934326172,14.199999809265137,-0.0005307601332020795
2014-03-11,151.69041442871094,14.800000190734863,-0.004954919757483189
2014-03-12,151.73085021972656,14.470000267028809,0.0002665323493511451
2014-03-13,150.0294647216797,16.219999313354492,-0.011276522741892059
2014-03-14,149.60821533203125,17.81999969482422,-0.0028117269303331582
2014-03-17,150.96121215820312,15.640000343322754,0.009002951339239118
2014-03-18,152.0387420654297,14.520000457763672,0.007112439685891481
2014-03-19,151.22854614257812,15.119999885559082,-0.005343127214031185
2014-03-20,152.1116485595703,14.520000457763672,0.005822538043569914
2014-03-21,151.5216522216797,15.0,-0.0038862475158554233
2014-03-24,150.8950653076172,15.09000015258789,-0.004143870192161003
2014-03-25,151.61123657226562,14.020000457763672,0.004734926831051922
2014-03-26,150.5207977294922,14.930000305175781,-0.007218324796271602
2014-03-27,150.20338439941406,14.619999885559082,-0.0021109938396373096
2014-03-28,150.94395446777344,14.40999984741211,0.004918333756564586
2014-03-31,152.18080139160156,13.880000114440918,0.008160691359524463
2014-04-01,153.1898651123047,13.100000381469727,0.006608803687220721
2014-04-02,153.7025146484375,13.09000015258789,0.0033409106695216906
2014-04-03,153.49913024902344,13.369999885559082,-0.0013241102872187938
2014-04-04,151.68443298339844,13.960000038146973,-0.011892636908757304
2014-04-07,150.0081024169922,15.569999694824219,-0.01111295522158251
2014-04-08,150.62652587890625,14.890000343322754,0.0041141257592789415
2014-04-09,152.245849609375,13.819999694824219,0.010693211343084208
2014-04-10,149.0478515625,15.890000343322754,-0.02122924003952953
2014-04-11,147.70513916015625,17.030000686645508,-0.009049422296863341
2014-04-14,148.86883544921875,16.110000610351562,0.00784763573953473
2014-04-15,149.8941650390625,15.609999656677246,0.0068638594046595
2014-04-16,151.46473693847656,14.180000305175781,0.010423359713844782
2014-04-17,151.67628479003906,13.359999656677246,0.0013957060954501443
2014-04-21,152.20521545410156,13.25,0.0034811674800367953
2014-04-22,152.89694213867188,13.1899995803833,0.004534401691761225
2014-04-23,152.53880310058594,13.270000457763672,-0.002345103399327364
2014-04-24,152.8480987548828,13.319999694824219,0.0020255993834208397
2014-04-25,151.59490966796875,14.0600004196167,-0.008232714369601268
2014-04-28,152.07504272460938,13.970000267028809,0.003162205894593484
2014-04-29,152.78298950195312,13.710000038146973,0.004644444135244008
2014-04-30,153.23875427246094,13.40999984741211,0.0029786452548172804
2014-05-01,153.2550048828125,13.25,0.00010604203107877908
2014-05-02,153.03526306152344,12.90999984741211,-0.0014348602093345875
2014-05-05,153.32823181152344,13.289999961853027,0.001912557104265744
2014-05-06,151.99365234375,13.800000190734863,-0.008742170389249182
2014-05-07,152.8887481689453,13.399999618530273,0.0058717616721537524
2014-05-08,152.72604370117188,13.430000305175781,-0.0010647683781908057
2014-05-09,152.95394897460938,12.920000076293945,0.0014911366208245624
2014-05-12,154.4430389404297,12.229999542236328,0.009688459368730307
2014-05-13,154.5813446044922,12.130000114440918,0.0008951117171429601
2014-05-14,153.84901428222656,12.170000076293945,-0.004748765336371363
2014-05-15,152.4981689453125,13.170000076293945,-0.008819105682774442
2014-05-16,153.027099609375,12.4399995803833,0.003462438278753588
2014-05-19,153.58863830566406,12.420000076293945,0.003662821275383976
2014-05-20,152.62025451660156,12.960000038146973,-0.006325009104367396
2014-05-21,153.90602111816406,11.90999984741211,0.008389324145172239
2014-05-22,154.2803192138672,12.029999732971191,0.002429038738944733
2014-05-23,154.89874267578125,11.359999656677246,0.0040004279906620255
2014-05-27,155.85089111328125,11.510000228881836,0.006128093575522797
2014-05-28,155.73696899414062,11.680000305175781,-0.0007312359613598218
2014-05-29,156.54258728027344,11.569999694824219,0.005159608159930329
2014-05-30,156.79478454589844,11.399999618530273,0.0016097493804512197
2014-06-02,156.973876953125,11.579999923706055,0.001141557132058324
2014-06-03,156.89247131347656,11.869999885559082,-0.000518728063224394
2014-06-04,157.2098388671875,12.079999923706055,0.0020207916428791606
2014-06-05,158.23519897460938,11.680000305175781,0.006501061013579168
2014-06-06,158.99200439453125,10.729999542236328,0.0047713868651735325
2014-06-09,159.15469360351562,11.149999618530273,0.001022730860881893
2014-06-10,159.17098999023438,10.989999771118164,0.00010238813625740306
2014-06-11,158.61758422851562,11.600000381469727,-0.003482858516823839
2014-06-12,157.49461364746094,12.5600004196167,-0.007104915992128369
2014-06-13,157.97476196289062,12.180000305175781,0.0030440272388361223
2014-06-16,158.10496520996094,12.649999618530273,0.0008238633689012786
2014-06-17,158.5443878173828,12.0600004196167,0.0027754542069873267
2014-06-18,159.70803833007812,10.609999656677246,0.007312784461509736
2014-06-19,159.8871307373047,10.619999885559082,0.0011207455137398625
2014-06-20,160.21173095703125,10.850000381469727,0.0020281254939371607
2014-06-23,160.16265869140625,10.979999542236328,-0.0003063432508616515
2014-06-24,159.19781494140625,12.130000114440918,-0.006042367576528207
2014-06-25,159.91732788085938,11.59000015258789,0.004509432879699737
2014-06-26,159.80291748046875,11.630000114440918,-0.0007156907135792423
2014-06-27,160.11358642578125,11.260000228881836,0.0019421882846009098
2014-06-30,160.0318145751953,11.569999694824219,-0.0005108419618622406
2014-07-01,161.1029510498047,11.149999618530273,0.006670971576802742
2014-07-02,161.2664794921875,10.819999694824219,0.0010145407158139719
2014-07-03,162.0596160888672,10.319999694824219,0.004906119230208894
2014-07-07,161.49542236328125,11.329999923706055,-0.0034874703241607463
2014-07-08,160.45700073242188,11.979999542236328,-0.006450799294145604
2014-07-09,161.17654418945312,11.649999618530273,0.004474313508641359
2014-07-10,160.53875732421875,12.59000015258789,-0.003964919901326525
2014-07-11,160.759521484375,12.079999923706055,0.001374200918326629
2014-07-14,161.5690155029297,11.819999694824219,0.00502279896146085
2014-07-15,161.2664794921875,11.960000038146973,-0.0018742430990048575
2014-07-16,161.8633575439453,11.0,0.003694358503665285
2014-07-17,160.02366638183594,14.539999961853027,-0.011430788176835627
2014-07-18,161.6590118408203,12.0600004196167,0.010167532528154943
2014-07-21,161.3563995361328,12.8100004196167,-0.0018736715497738032
2014-07-22,162.0596160888672,12.239999771118164,0.004348687924998096
2014-07-23,162.41943359375,11.520000457763672,0.0022178174690870023
2014-07-24,162.4276123046875,11.84000015258789,5.035422696586522e-05
2014-07-25,161.66720581054688,12.6899995803833,-0.00469250260699372
2014-07-28,161.73257446289062,12.5600004196167,0.00040425910728014713
2014-07-29,161.03753662109375,13.279999732971191,-0.004306711756832726
2014-07-30,161.06207275390625,13.329999923706055,0.00015235121152468167
2014-07-31,157.88137817382812,16.950000762939453,-0.01994585573086205
2014-08-01,157.39895629882812,17.030000686645508,-0.0030602749283952235
2014-08-04,158.53553771972656,15.119999885559082,0.007195075851043065
2014-08-05,156.9983673095703,16.8700008392334,-0.009743374936034499
2014-08-06,157.04737854003906,16.3700008392334,0.00031212797189184016
2014-08-07,156.19700622558594,16.65999984741211,-0.005429463031579651
2014-08-08,158.0040283203125,15.770000457763672,0.011502457467690519
2014-08-11,158.4619598388672,14.229999542236328,0.0028940350957338268
2014-08-12,158.24111938476562,14.130000114440918,-0.0013946216780515996
2014-08-13,159.31228637695312,12.899999618530273,0.006746399411867721
2014-08-14,160.06455993652344,12.420000076293945,0.004710892223337204
2014-08-15,160.0318145751953,13.149999618530273,-0.00020459689049801
2014-08-18,161.37278747558594,12.319999694824219,0.008344502056911729
2014-08-19,162.21499633789062,12.210000038146973,0.00520545463205746
2014-08-20,162.64830017089844,11.779999732971191,0.0026676087734038845
2014-08-21,163.12255859375,11.760000228881836,0.0029116094649630497
2014-08-22,162.86904907226562,11.470000267028809,-0.0015553134904466859
2014-08-25,163.6949005126953,11.699999809265137,0.0050578344733693825
2014-08-26,163.80123901367188,11.630000114440918,0.000649403103605728
2014-08-27,163.73583984375,11.779999732971191,-0.0003993390367833527
2014-08-28,163.6459197998047,12.050000190734863,-0.0005493283822808337
2014-08-29,164.11192321777344,12.09000015258789,0.002843585542827931
2014-09-02,164.03018188476562,12.25,-0.0004982069257648547
2014-09-03,163.94024658203125,12.359999656677246,-0.0005484354513853873
2014-09-04,163.70309448242188,12.640000343322754,-0.0014476237499829736
2014-09-05,164.43898010253906,12.09000015258789,0.004485172190639375
2014-09-08,164.01380920410156,12.65999984741211,-0.0025889330202577554
2014-09-09,162.9753875732422,13.5,-0.0063514338209342824
2014-09-10,163.58863830566406,12.880000114440918,0.0037557808251644786
2014-09-11,163.77670288085938,12.800000190734863,0.001148958501241637
2014-09-12,162.82008361816406,13.3100004196167,-0.005858122541180677
2014-09-15,162.69735717773438,14.119999885559082,-0.0007540391442280026
2014-09-16,163.9239044189453,12.729999542236328,0.007510552135151727
2014-09-17,164.14466857910156,12.649999618530273,0.0013458417638796405
2014-09-18,165.01956176757812,12.029999732971191,0.005315858577995769
2014-09-19,164.8708038330078,12.109999656677246,-0.0009018629227455222
2014-09-22,163.59754943847656,13.6899995803833,-0.007752715043705116
2014-09-23,162.66104125976562,14.930000305175781,-0.005740910906465224
2014-09-24,163.93435668945312,13.270000457763672,0.007797549440867968
2014-09-25,161.28916931152344,15.640000343322754,-0.016267246971472638
2014-09-26,162.5706787109375,14.850000381469727,0.007914016484725117
2014-09-29,162.2749786376953,15.979999542236328,-0.0018205578447858528
2014-09-30,161.84779357910156,16.309999465942383,-0.002635947502361624
2014-10-01,159.6544647216797,16.709999084472656,-0.013644463319357314
2014-10-02,159.67901611328125,16.15999984741211,0.00015376647375475727
2014-10-03,161.43707275390625,14.550000190734863,0.010949773412768593
2014-10-06,161.2481231689453,15.460000038146973,-0.001171107995926235
2014-10-07,158.75906372070312,17.200000762939453,-0.015556585899165754
2014-10-08,161.53567504882812,15.109999656677246,0.0173382859568445
2014-10-09,158.33189392089844,18.760000228881836,-0.02003259210416619
2014-10-10,156.52459716796875,21.239999771118164,-0.011480256266712452
2014-10-13,153.95339965820312,24.639999389648438,-0.016563211033522762
2014-10-14,154.191650390625,22.790000915527344,0.0015463547433895997
2014-10-15,153.14834594726562,25.270000457763672,-0.006789278735737092
2014-10-16,153.0169219970703,25.200000762939453,-0.0008585164421157643
2014-10-17,154.8241729736328,21.989999771118164,0.011741588560336247
2014-10-20,156.32742309570312,18.56999969482422,0.00966256858061243
2014-10-21,159.42446899414062,16.079999923706055,0.019617587733707254
2014-10-22,158.29083251953125,17.8700008392334,-0.007136208297922053
2014-10-23,160.13088989257812,16.530000686645508,0.011557489490900963
2014-10-24,161.36312866210938,16.110000610351562,0.007665740154633838
2014-10-27,161.14137268066406,16.040000915527344,-0.0013752119146914765
2014-10-28,162.9896697998047,14.390000343322754,0.011404752464949652
2014-10-29,162.74319458007812,15.149999618530273,-0.0015133582989035332
2014-10-30,163.78651428222656,14.520000457763672,0.006390372602070649
2014-10-31,165.6595458984375,14.029999732971191,0.01137091636004417
2014-11-03,165.7498016357422,14.729999542236328,0.0005446782971434416
2014-11-04,165.17478942871094,14.890000343322754,-0.0034751892198796597
2014-11-05,166.218017578125,14.170000076293945,0.006296042481897857
2014-11-06,166.88345336914062,13.670000076293945,0.003995399205718897
2014-11-07,167.03956604003906,13.119999885559082,0.0009350219852963804
2014-11-10,167.5652618408203,12.670000076293945,0.0031421915615679197
2014-11-11,167.72959899902344,12.920000076293945,0.000980254638862199
2014-11-12,167.54885864257812,13.020000457763672,-0.0010781508315478305
2014-11-13,167.73785400390625,13.789999961853027,0.0011273657691548422
2014-11-14,167.77886962890625,13.3100004196167,0.0002444922849758058
2014-11-17,167.8856201171875,13.989999771118164,0.0006360547221486712
2014-11-18,168.8550262451172,13.859999656677246,0.005757599009092118
2014-11-19,168.58396911621094,13.960000038146973,-0.001606555205134974
2014-11-20,168.8795928955078,13.579999923706055,0.001752034223521548
2014-11-21,169.78329467773438,12.899999618530273,0.005336893768728146
2014-11-24,170.25978088378906,12.619999885559082,0.0028025068125838715
2014-11-25,170.1365203857422,12.25,-0.000724217642638969
2014-11-26,170.57191467285156,12.069999694824219,0.0025558188721781505
2014-11-28,170.21043395996094,13.329999923706055,-0.0021214763611787646
2014-12-01,169.02752685546875,14.15999984741211,-0.006973935911806173
2014-12-02,170.12013244628906,12.850000381469727,0.006443266470359532
2014-12-03,170.7772979736328,12.5,0.003855507743748987
2014-12-04,170.58837890625,12.380000114440918,-0.001106842892915516
2014-12-05,170.86766052246094,11.890000343322754,0.0016358280202419806
2014-12-08,169.72579956054688,14.210000038146973,-0.0067051507079103345
2014-12-09,169.6107635498047,15.350000381469727,-0.0006780054238451072
2014-12-10,166.89169311523438,18.530000686645508,-0.016161127869879444
2014-12-11,167.73785400390625,20.079999923706055,0.005057310087730471
2014-12-12,165.02688598632812,21.079999923706055,-0.01629396189044563
2014-12-15,163.89321899414062,20.420000076293945,-0.006893293928241562
2014-12-16,162.5789031982422,23.56999969482422,-0.008051670002258149
2014-12-17,165.7662811279297,19.440000534057617,0.019415409190569832
2014-12-18,169.86544799804688,16.809999465942383,0.024427790040111752
2014-12-19,170.58822631835938,16.489999771118164,0.004245978003540429
2014-12-22,171.3729248046875,15.25,0.004589409417248724
2014-12-23,171.6042022705078,14.800000190734863,0.001348646790807706
2014-12-24,171.62078857421875,14.369999885559082,9.664974384904212e-05
2014-12-26,172.1741485595703,14.5,0.0032191309611961927
2014-12-29,172.4053955078125,15.0600004196167,0.001342197973961845
2014-12-30,171.4803009033203,15.920000076293945,-0.005380257717714443
2014-12-31,169.77871704101562,19.200000762939453,-0.00997247178659233
2015-01-02,169.68788146972656,17.790000915527344,-0.0005351664868094019
2015-01-05,166.62338256835938,19.920000076293945,-0.018224686762619235
2015-01-06,165.05397033691406,21.1200008392334,-0.009463558066824085
2015-01-07,167.11068725585938,19.309999465942383,0.01238387743414826
2015-01-08,170.0760955810547,17.010000228881836,0.01758956716038007
2015-01-09,168.71311950683594,17.549999237060547,-0.00804620316659399
2015-01-12,167.3915557861328,19.600000381469727,-0.007864041345745143
2015-01-13,166.92074584960938,20.559999465942383,-0.00281658943132701
2015-01-14,165.91293334960938,21.479999542236328,-0.006055971153711148
2015-01-15,164.39312744140625,22.389999389648438,-0.009202475001606203
2015-01-16,166.54901123046875,20.950000762939453,0.013028949985255167
2015-01-20,166.9041748046875,19.889999389648438,0.0021302163146046382
2015-01-21,167.7467041015625,18.850000381469727,0.005035283814329716
2015-01-22,170.24127197265625,16.399999618530273,0.014761549791187711
2015-01-23,169.3079071044922,16.65999984741211,-0.005497685027993526
2015-01-26,169.70436096191406,15.520000457763672,0.002338877235395387
2015-01-27,167.4658660888672,17.219999313354492,-0.013278324022508947
2015-01-28,165.31825256347656,20.440000534057617,-0.012907126391426438
2015-01-29,166.8463134765625,18.760000228881836,0.009200690554257207
2015-01-30,164.74827575683594,20.969999313354492,-0.012654402605000392
2015-02-02,166.78855895996094,19.43000030517578,0.012308188693027411
2015-02-03,169.20050048828125,17.329999923706055,0.014357508931302831
2015-02-04,168.55616760253906,18.329999923706055,-0.003815372001488626
2015-02-05,170.2578125,16.850000381469727,0.010044799241368807
2015-02-06,169.7869415283203,17.290000915527344,-0.0027694664720705475
2015-02-09,169.0270233154297,18.549999237060547,-0.004485762489164102
2015-02-10,170.82774353027344,17.229999542236328,0.010597097595757887
2015-02-11,170.92686462402344,16.959999084472656,0.000580071748350619
2015-02-12,172.57066345214844,15.34000015258789,0.009571023032338033
2015-02-13,173.281005859375,14.6899995803833,0.004107792265381605
2015-02-17,173.5535125732422,15.800000190734863,0.0015713935923864497
2015-02-18,173.5701141357422,15.449999809265137,9.565216099005625e-05
2015-02-19,173.44613647460938,15.289999961853027,-0.0007145352195445653
2015-02-20,174.4869842529297,14.300000190734863,0.005983051461553757
2015-02-23,174.46218872070312,14.5600004196167,-0.00014211543794218073
2015-02-24,174.9578399658203,13.6899995803833,0.0028369958037011145
2015-02-25,174.80911254882812,13.84000015258789,-0.0008504372690829598
2015-02-26,174.60260009765625,13.90999984741211,-0.0011820581150736587
2015-02-27,174.00790405273438,13.34000015258789,-0.0034118112605296957
2015-03-02,175.10647583007812,13.039999961853027,0.006293498444495782
2015-03-03,174.38784790039062,13.859999656677246,-0.004112392640825746
2015-03-04,173.6527099609375,14.229999542236328,-0.004224444629319812
2015-03-05,173.8426971435547,14.039999961853027,0.001093465971998775
2015-03-06,171.39767456054688,15.199999809265137,-0.014164412172648966
2015-03-09,172.10806274414062,15.0600004196167,0.004136112554685489
2015-03-10,169.31610107421875,16.690000534057617,-0.01635516287943073
2015-03-11,168.91961669921875,16.8700008392334,-0.002344427485134304
2015-03-12,171.06732177734375,15.420000076293945,0.012634212692557156
2015-03-13,170.0182342529297,16.0,-0.006151482019985721
2015-03-16,172.289794921875,15.609999656677246,0.01327222162620334
2015-03-17,171.77761840820312,15.65999984741211,-0.0029771891910819193
2015-03-18,173.8426971435547,13.970000267028809,0.011950126874835654
2015-03-19,173.04969787597656,14.069999694824219,-0.004572026716815003
2015-03-20,174.57720947265625,13.020000457763672,0.00878828074398097
2015-03-23,174.23704528808594,13.40999984741211,-0.001950403618899088
2015-03-24,173.25794982910156,13.619999885559082,-0.005635177851138984
2015-03-25,170.7190399169922,15.4399995803833,-0.014762359668051062
2015-03-26,170.31251525878906,15.800000190734863,-0.002384089358222319
2015-03-27,170.70249938964844,15.069999694824219,0.00228719724420845
2015-03-30,172.7850341796875,14.510000228881836,0.012125973168191528
2015-03-31,171.27500915527344,15.289999961853027,-0.008777739520239969
2015-04-01,170.66929626464844,15.109999656677246,-0.0035427612892355853
2015-04-02,171.28329467773438,14.670000076293945,0.00359113566737701
2015-04-06,172.43661499023438,14.739999771118164,0.006710839892641651
2015-04-07,171.98025512695312,14.779999732971191,-0.002650045163006709
2015-04-08,172.5609893798828,13.979999542236328,0.0033710611553559033
2015-04-09,173.3243865966797,13.09000015258789,0.004414170181095578
2015-04-10,174.27015686035156,12.579999923706055,0.005441814984876281
2015-04-13,173.48196411132812,13.9399995803833,-0.004533080037141701
2015-04-14,173.81390380859375,13.670000076293945,0.0019115677956769161
2015-04-15,174.59378051757812,12.84000015258789,0.0044768129210863705
2015-04-16,174.54400634765625,12.600000381469727,-0.000285126228850352
2015-04-17,172.5361328125,13.890000343322754,-0.011570215106210924
2015-04-20,174.11253356933594,13.300000190734863,0.009095154700418995
2015-04-21,173.9051513671875,13.25,-0.0011917913121735069
2015-04-22,174.75979614257812,12.710000038146973,0.004902394078712291
2015-04-23,175.1995086669922,12.479999542236328,0.0025129365029821216
2015-04-24,175.60604858398438,12.289999961853027,0.0023177517606702835
2015-04-27,174.8759307861328,13.119999885559082,-0.0041663702956586945
2015-04-28,175.43179321289062,12.40999984741211,0.0031735691519712006
2015-04-29,174.70997619628906,13.390000343322754,-0.004123004463838065
2015-04-30,172.95928955078125,14.550000190734863,-0.010071073949511344
2015-05-01,174.83441162109375,12.699999809265137,0.010783060377548281
2015-05-04,175.33226013183594,12.850000381469727,0.002843496462384465
2015-05-05,173.3243865966797,14.3100004196167,-0.011517897342942618
2015-05-06,172.61080932617188,15.149999618530273,-0.004125502643238299
2015-05-07,173.29946899414062,15.130000114440918,0.003981729488677921
2015-05-08,175.5811004638672,12.859999656677246,0.013079914438508311
2015-05-11,174.7431182861328,13.850000381469727,-0.004784047069155584
2015-05-12,174.2204132080078,13.859999656677246,-0.0029957598538068453
2015-05-13,174.2535400390625,13.760000228881836,0.000190125149072351
2015-05-14,176.07066345214844,12.739999771118164,0.010374046050156238
2015-05-15,176.261474609375,12.380000114440918,0.0010831323928099934
2015-05-18,176.80906677246094,12.729999542236328,0.003101887798438341
2015-05-19,176.7509765625,12.850000381469727,-0.0003286016707981787
2015-05-20,176.62661743164062,12.880000114440918,-0.0007038314715286376
2015-05-21,177.14102172851562,12.109999656677246,0.0029081498841270204
2015-05-22,176.7178497314453,12.130000114440918,-0.002391756900450126
2015-05-26,174.81781005859375,14.0600004196167,-0.010810045141407265
2015-05-27,176.47720336914062,13.270000457763672,0.009447362411679094
2015-05-28,176.2781219482422,13.3100004196167,-0.0011287225322842431
2015-05-29,175.18289184570312,13.84000015258789,-0.0062324616658635534
2015-06-01,175.53964233398438,13.970000267028809,0.0020343751915188335
2015-06-02,175.3654327392578,14.239999771118164,-0.00099291587049688
2015-06-03,175.83006286621094,13.65999984741211,0.0026459929233197954
2015-06-04,174.34483337402344,14.710000038146973,-0.008482837658372766
2015-06-05,174.04617309570312,14.210000038146973,-0.0017145124066617612
2015-06-08,172.97586059570312,15.289999961853027,-0.006168575997977044
2015-06-09,172.9510040283203,14.470000267028809,-0.00014370995703227862
2015-06-10,175.0251922607422,13.220000267028809,0.011921578662474452
2015-06-11,175.58944702148438,12.850000381469727,0.0032186633680071353
2015-06-12,174.24533081054688,13.779999732971191,-0.007684329347192431
2015-06-15,173.4986114501953,15.390000343322754,-0.004294657173375072
2015-06-16,174.4444580078125,14.8100004196167,0.005436802571937349
2015-06-17,174.72657775878906,14.5,0.001615940518937542
2015-06-18,176.54359436035156,13.1899995803833,0.010345500141676567
2015-06-19,175.75985717773438,13.960000038146973,-0.004449223940746094
2015-06-22,176.6602783203125,12.739999771118164,0.005109941295400766
2015-06-23,176.78536987304688,12.109999656677246,0.0007078404195768329
2015-06-24,175.5014190673828,13.260000228881836,-0.007289268465505039
2015-06-25,174.96778869628906,14.010000228881836,-0.0030452363383490777
2015-06-26,174.9344940185547,14.020000457763672,-0.00019030843455247748
2015-06-29,171.26600646972656,18.850000381469727,-0.02119364274356972
2015-06-30,171.62457275390625,18.229999542236328,0.0020914334578208127
2015-07-01,173.00022888183594,16.09000015258789,0.007983542844684166
2015-07-02,172.84178161621094,16.790000915527344,-0.0009162986097779324
2015-07-06,172.3499298095703,17.010000228881836,-0.0028497331959043137
2015-07-07,173.43377685546875,16.09000015258789,0.006268951223445285
2015-07-08,170.52401733398438,19.65999984741211,-0.016919685998967537
2015-07-09,170.83250427246094,19.969999313354492,0.0018074183613316919
2015-07-10,172.98350524902344,16.829999923706055,0.012512675277327467
2015-07-13,174.8927764892578,13.899999618530273,0.010976835796202344
2015-07-14,175.65150451660156,13.369999885559082,0.00432886373149266
2015-07-15,175.59310913085938,13.229999542236328,-0.0003325055190099846
2015-07-16,177.00213623046875,12.109999656677246,0.00799236302025541
2015-07-17,177.1522216796875,11.949999809265137,0.0008475708676245475
2015-07-20,177.24392700195312,12.25,0.0005175300276469841
2015-07-21,176.5435791015625,12.220000267028809,-0.003959149507145376
2015-07-22,176.2267608642578,12.119999885559082,-0.0017961732412823395
2015-07-23,175.23460388183594,12.640000343322754,-0.005645910005850574
2015-07-24,173.41702270507812,13.739999771118164,-0.010426440056458652
2015-07-27,172.40817260742188,15.600000381469727,-0.005834467662770848
2015-07-28,174.52593994140625,13.4399995803833,0.012208621532617592
2015-07-29,175.7265625,12.5,0.006855781202608213
2015-07-30,175.7682647705078,12.130000114440918,0.00023728525979915815
2015-07-31,175.5014190673828,12.119999885559082,-0.0015193212892175012
2015-08-03,174.90945434570312,12.5600004196167,-0.0033786924420917686
2015-08-04,174.5676727294922,13.0,-0.0019559604832304345
2015-08-05,175.14288330078125,12.510000228881836,0.003289640990823628
2015-08-06,173.70892333984375,13.770000457763672,-0.008221072730241197
2015-08-07,173.37538146972656,13.390000343322754,-0.0019219651719728503
2015-08-10,175.55979919433594,12.229999542236328,0.012520642128053261
2015-08-11,173.97564697265625,13.710000038146973,-0.009064391526642623
2015-08-12,174.1841278076172,13.609999656677246,0.0011976160084028464
2015-08-13,173.96731567382812,13.489999771118164,-0.0012455048851673922
2015-08-14,174.6009979248047,12.829999923706055,0.003635918265407767
2015-08-17,175.5764923095703,13.020000457763672,0.005571442684504824
2015-08-18,175.06785583496094,13.789999961853027,-0.002901155167931435
2015-08-19,173.68385314941406,15.25,-0.007936935735749273
2015-08-20,170.0571746826172,19.139999389648438,-0.021102008492165147
2015-08-21,164.93800354003906,28.030000686645508,-0.0305650349961617
2015-08-24,157.99295043945312,40.7400016784668,-0.043019252613339276
2015-08-25,156.13380432128906,36.02000045776367,-0.011837054933566904
2015-08-26,162.1282958984375,30.31999969482422,0.037674612169618094
2015-08-27,166.1385498046875,26.100000381469727,0.024434105822275676
2015-08-28,166.1468963623047,26.049999237060547,5.023727470021555e-05
2015-08-31,164.8045654296875,28.43000030517578,-0.00811199495108994
2015-09-01,159.88555908203125,31.399999618530273,-0.030302016362599993
2015-09-02,162.92030334472656,26.09000015258789,0.01880284112379904
2015-09-03,163.03704833984375,25.610000610351562,0.0007163207057967469
2015-09-04,160.56919860839844,27.799999237060547,-0.01525247177692357
2015-09-08,164.60450744628906,24.899999618530273,0.02482067847859515
2015-09-09,162.40342712402344,26.229999542236328,-0.013462141625014468
2015-09-10,163.28721618652344,24.3700008392334,0.005427182204550185
2015-09-11,164.02923583984375,23.200000762939453,0.004533966562686231
2015-09-14,163.42059326171875,24.25,-0.00371747501428743
2015-09-15,165.4632110595703,22.540000915527344,0.012421676198535181
2015-09-16,166.89724731445312,21.350000381469727,0.008629457071892332
2015-09-17,166.52206420898438,21.139999389648438,-0.002250519096256731
2015-09-18,163.80084228515625,22.280000686645508,-0.01647650485070251
2015-09-21,164.64730834960938,20.139999389648438,0.005154347417348326
2015-09-22,162.5102996826172,22.440000534057617,-0.013064278555662057
2015-09-23,162.25039672851562,22.1299991607666,-0.0016005816741992973
2015-09-24,161.6637420654297,23.469999313354492,-0.0036222889604449193
2015-09-25,161.6219024658203,23.6200008392334,-0.0002588398250944479
2015-09-28,157.5656280517578,27.6299991607666,-0.025417614444643633
2015-09-29,157.6578369140625,26.829999923706055,0.0005850380773191333
2015-09-30,160.5994873046875,24.5,0.018486513536873694
2015-10-01,161.01849365234375,22.549999237060547,0.002605616660303234
2015-10-02,163.4237518310547,20.940000534057617,0.01482730611175942
2015-10-05,166.3318634033203,19.540000915527344,0.01763843788444408
2015-10-06,165.76194763183594,19.399999618530273,-0.003432261078247123
2015-10-07,167.11962890625,18.399999618530273,0.00815718801164067
2015-10-08,168.628173828125,17.420000076293945,0.008986239440078592
2015-10-09,168.72872924804688,17.079999923706055,0.0005961367441003063
2015-10-12,168.88795471191406,16.170000076293945,0.0009432322704236995
2015-10-13,167.82357788085938,17.670000076293945,-0.006322209210639862
2015-10-14,167.01905822753906,18.030000686645508,-0.0048053689387064225
2015-10-15,169.58358764648438,16.049999237060547,0.015238020694436472
2015-10-16,170.3545684814453,15.050000190734863,0.004536014230827057
2015-10-19,170.43838500976562,14.979999542236328,0.0004918912151889998
2015-10-20,170.22048950195312,15.75,-0.0012792594224384501
2015-10-21,169.1645050048828,16.700000762939453,-0.006222949876506512
2015-10-22,172.0222930908203,14.449999809265137,0.016752435537884303
2015-10-23,173.90797424316406,14.460000038146973,0.01090219623844213
2015-10-26,173.4805908203125,15.289999961853027,-0.0024605509879087606
2015-10-27,173.14535522460938,15.430000305175781,-0.0019342793235770372
2015-10-28,175.11477661132812,14.329999923706055,0.011310179952850774
2015-10-29,175.01422119140625,14.609999656677246,-0.0005743907149513561
2015-10-30,174.25997924804688,15.069999694824219,-0.004318916855690524
2015-11-02,176.32162475585938,14.149999618530273,0.011761423018290529
2015-11-03,176.8328094482422,14.539999961853027,0.0028949660538586386
2015-11-04,176.2964630126953,15.510000228881836,-0.0030376799081937023
2015-11-05,176.12051391601562,15.050000190734863,-0.0009985280098154803
2015-11-06,176.0282745361328,14.329999923706055,-0.0005238659624398068
2015-11-09,174.38563537597656,16.520000457763672,-0.009375490789500063
2015-11-10,174.78802490234375,15.289999961853027,0.00230481133185112
2015-11-11,174.10073852539062,16.059999465942383,-0.0039398647249972996
2015-11-12,171.67031860351562,18.3700008392334,-0.014058203538145797
2015-11-13,169.74282836914062,20.079999923706055,-0.011291367835138288
2015-11-16,172.32408142089844,18.15999984741211,0.015092380900759927
2015-11-17,172.1983184814453,18.84000015258789,-0.0007300712236695261
2015-11-18,174.93043518066406,16.850000381469727,0.015741554610987585
2015-11-19,174.7795867919922,16.989999771118164,-0.0008627056049279602
2015-11-20,175.41653442382812,15.470000267028809,0.0036376664138826342
2015-11-23,175.21542358398438,15.619999885559082,-0.001147133667108946
2015-11-24,175.45004272460938,15.930000305175781,0.0013381367609657246
2015-11-25,175.42498779296875,15.1899995803833,-0.00014281399076043755
2015-11-27,175.62603759765625,15.119999885559082,0.0011454165470379252
2015-11-30,174.8968963623047,16.1299991607666,-0.004160311445474463
2015-12-01,176.56468200683594,14.670000076293945,0.009490642878760447
2015-12-02,174.76283264160156,15.90999984741211,-0.010257466828744732
2015-12-03,172.31565856933594,18.110000610351562,-0.014101793617143699
2015-12-04,175.67636108398438,14.8100004196167,0.019315425699566013
2015-12-07,174.61195373535156,15.84000015258789,-0.006077340177640167
2015-12-08,173.43869018554688,17.600000381469727,-0.006741938360951494
2015-12-09,172.08937072753906,19.610000610351562,-0.007810227125611746
2015-12-10,172.5335235595703,19.34000015258789,0.00257761794303768
2015-12-11,169.1896209716797,24.389999389648438,-0.019571453550017992
2015-12-14,170.04446411132812,22.729999542236328,0.005039852931433941
2015-12-15,171.82955932617188,20.950000762939453,0.010443094916323226
2015-12-16,174.3437957763672,17.860000610351562,0.014526136246169052
2015-12-17,171.6870880126953,18.940000534057617,-0.015355623391838158
2015-12-18,168.6284637451172,20.700000762939453,-0.017975708788201317
2015-12-21,170.01951599121094,18.700000762939453,0.008215374979967827
2015-12-22,171.5623779296875,16.600000381469727,0.00903368977309782
2015-12-23,173.68678283691406,15.569999694824219,0.01230665826895283
2015-12-24,173.40016174316406,15.739999771118164,-0.0016515813307167448
2015-12-28,173.0039520263672,16.90999984741211,-0.002287558800981415
2015-12-29,174.8502655029297,16.079999923706055,0.010615543649464598
2015-12-30,173.6109161376953,17.290000915527344,-0.007113300742537021
2015-12-31,171.874267578125,18.209999084472656,-0.010053474178711497
2016-01-04,169.47157287597656,20.700000762939453,-0.014078005938941374
2016-01-05,169.75823974609375,19.34000015258789,0.0016901046293007482
2016-01-06,167.61683654785156,20.59000015258789,-0.012694666006511035
2016-01-07,163.595458984375,24.989999771118164,-0.02428397276777261
2016-01-08,161.79977416992188,27.010000228881836,-0.01103705807673716
2016-01-11,161.9599151611328,24.299999237060547,0.0009892584503141677
2016-01-12,163.26663208007812,22.469999313354492,0.008035776671072803
2016-01-13,159.19464111328125,25.219999313354492,-0.025257032513854583
2016-01-14,161.80813598632812,23.950000762939453,0.01628367608229997
2016-01-15,158.33477783203125,27.020000457763672,-0.021699649102703944
2016-01-19,158.54550170898438,26.049999237060547,0.0013299906723158728
2016-01-20,156.5137481689453,27.59000015258789,-0.012897775300189984
2016-01-21,157.39053344726562,26.690000534057617,0.005586337044972467
2016-01-22,160.6194305419922,22.34000015258789,0.02030759048812225
2016-01-25,158.1914520263672,24.149999618530273,-0.015231760209188039
2016-01-26,160.3496551513672,22.5,0.013550754366713491
2016-01-27,158.6045379638672,23.110000610351562,-0.01094285411119511
2016-01-28,159.43069458007812,22.420000076293945,0.005195389629685465
2016-01-29,163.3172607421875,20.200000762939453,0.02408538291952489
2016-02-01,163.2582244873047,19.979999542236328,-0.0003615473799838398
2016-02-02,160.31593322753906,21.979999542236328,-0.018186695615293402
2016-02-03,161.27703857421875,21.649999618530273,0.005977171719336205
2016-02-04,161.52999877929688,21.84000015258789,0.0015672536691297978
2016-02-05,158.45278930664062,23.3799991607666,-0.019234186684180088
2016-02-08,156.3199005126953,26.0,-0.013552137823714894
2016-02-09,156.32827758789062,26.540000915527344,5.3587871506444174e-05
2016-02-10,156.1934051513672,26.290000915527344,-0.0008631237596983254
2016-02-11,154.16162109375,28.139999389648438,-0.01309347626419477
2016-02-12,157.33993530273438,25.399999618530273,0.020407117998745505
2016-02-16,159.99557495117188,24.110000610351562,0.016737500589200316
2016-02-17,162.6090545654297,22.309999465942383,0.01620272340134754
2016-02-18,161.9430389404297,21.639999389648438,-0.004104219773803486
2016-02-19,161.86715698242188,20.530000686645508,-0.0004686817175763025
2016-02-22,164.2108917236328,19.3799991607666,0.01437554666851426
2016-02-23,162.13697814941406,20.979999542236328,-0.012710004781174788
2016-02-24,162.8788299560547,20.719999313354492,0.004565027770689234
2016-02-25,164.8515625,19.110000610351562,0.012038897922241887
2016-02-26,164.47225952148438,19.809999465942383,-0.002303526929269495
2016-02-29,163.18235778808594,20.549999237060547,-0.007873585959272233
2016-03-01,167.0182647705078,17.700000762939453,0.0232348414216883
2016-03-02,167.7686004638672,17.09000015258789,0.00448247543512359
2016-03-03,168.42616271972656,16.700000762939453,0.003911798554760537
2016-03-04,168.97413635253906,16.860000610351562,0.003248213567800917
2016-03-07,169.10903930664062,17.350000381469727,0.0007980459897085623
2016-03-08,167.26272583007812,18.670000076293945,-0.01097792508311457
2016-03-09,168.0889434814453,18.34000015258789,0.00492748000795995
2016-03-10,168.22377014160156,18.049999237060547,0.0008017934613704369
2016-03-11,170.93846130371094,16.5,0.016008558061871625
2016-03-14,170.71929931640625,16.920000076293945,-0.0012829330553891793
2016-03-15,170.4410400390625,16.84000015258789,-0.0016312525633734865
2016-03-16,171.4274139404297,14.989999771118164,0.005770503987518438
2016-03-17,172.5150146484375,14.4399995803833,0.0063243394399226105
2016-03-18,173.19293212890625,14.020000457763672,0.003921913602112248
2016-03-21,173.4386749267578,13.789999961853027,0.0014178905444275358
2016-03-22,173.34544372558594,14.170000076293945,-0.0005376901559408509
2016-03-23,172.20144653320312,14.9399995803833,-0.006621395847035139
2016-03-24,172.12515258789062,14.739999771118164,-0.0004431487242388954
2016-03-28,172.2268524169922,15.239999771118164,0.0005906736744973884
2016-03-29,173.81997680664062,13.819999694824219,0.009207630358534225
2016-03-30,174.58261108398438,13.5600004196167,0.004377897994467084
2016-03-31,174.1589813232422,13.949999809265137,-0.002429477747038611
2016-04-01,175.34536743164062,13.100000381469727,0.006788989432434889
2016-04-04,174.777587890625,14.119999885559082,-0.0032433179835598125
2016-04-05,173.03189086914062,15.420000076293945,-0.010038321479159507
2016-04-06,174.92161560058594,14.09000015258789,0.010862044934443205
2016-04-07,172.8285675048828,16.15999984741211,-0.012037798812966294
2016-04-08,173.2946014404297,15.359999656677246,0.002692880794957553
2016-04-11,172.8878631591797,16.260000228881836,-0.0023498502090850693
2016-04-12,174.4979248046875,14.850000381469727,0.009269654834425545
2016-04-13,176.2604522705078,13.84000015258789,0.01004989426142
2016-04-14,176.26901245117188,13.720000267028809,4.856434155087186e-05
2016-04-15,176.0740966796875,13.619999885559082,-0.0011063976352394533
2016-04-18,177.31130981445312,13.350000381469727,0.007002089882580442
2016-04-19,177.87057495117188,13.239999771118164,0.003149178620351023
2016-04-20,178.04005432128906,13.279999732971191,0.0009523704491405383
2016-04-21,177.08248901367188,13.949999809265137,-0.0053928856184679574
2016-04-22,177.08248901367188,13.220000267028809,0.0
2016-04-25,176.77748107910156,14.079999923706055,-0.0017238910070878077
2016-04-26,177.04014587402344,13.960000038146973,0.0014847470740049218
2016-04-27,177.40451049804688,13.770000457763672,0.002055975429853696
2016-04-28,175.79444885253906,15.220000267028809,-0.00911708687355084
2016-04-29,174.84530639648438,15.699999809265137,-0.005413788710805889
2016-05-02,176.23512268066406,14.680000305175781,0.007917408258382608
2016-05-03,174.70127868652344,15.600000381469727,-0.008741491366375698
2016-05-04,173.72679138183594,16.049999237060547,-0.005593635698581956
2016-05-05,173.69290161132812,15.90999984741211,-0.00019509412562879191
2016-05-06,174.32839965820312,14.720000267028809,0.0036520681400347144
2016-05-09,174.47247314453125,14.569999694824219,0.0008261074197664087
2016-05-10,176.641845703125,13.630000114440918,0.01235722981115206
2016-05-11,174.9894561767578,14.6899995803833,-0.009398490297662043
2016-05-12,175.04022216796875,14.40999984741211,0.00029006678409082554
2016-05-13,173.51487731933594,15.039999961853027,-0.008752444524957603
2016-05-16,175.22665405273438,14.680000305175781,0.009816957986135577
2016-05-17,173.59117126464844,15.569999694824219,-0.009377357772584638
2016-05-18,173.6420135498047,15.949999809265137,0.0002928423188972573
2016-05-19,173.0404052734375,16.329999923706055,-0.0034706627598737327
2016-05-20,174.13357543945312,15.199999809265137,0.006297555920659725
2016-05-23,173.89625549316406,15.819999694824219,-0.0013637910430626121
2016-05-24,176.15036010742188,14.420000076293945,0.01287906050857135
2016-05-25,177.34519958496094,13.899999618530273,0.006760164279882019
2016-05-26,177.39602661132812,13.430000305175781,0.0002865583301945307
2016-05-27,178.15869140625,13.119999885559082,0.0042900061563360126
2016-05-31,177.81971740722656,14.1899995803833,-0.0019044643893302293
2016-06-01,178.18417358398438,14.199999809265137,0.0020474849477940538
2016-06-02,178.72642517089844,13.630000114440918,0.0030385872878175846
2016-06-03,178.192626953125,13.470000267028809,-0.002991146662448152
2016-06-06,179.099365234375,13.649999618530273,0.005075625805727846
2016-06-07,179.37893676757812,14.050000190734863,0.001559768545667417
2016-06-08,179.96371459960938,14.079999923706055,0.003254711602010296
2016-06-09,179.71791076660156,14.640000343322754,-0.0013667858124426502
2016-06-10,178.01466369628906,17.030000686645508,-0.009522531983698457
2016-06-13,176.641845703125,20.969999313354492,-0.007741715227724377
2016-06-14,176.29440307617188,20.5,-0.0019688696776922754
2016-06-15,176.04867553710938,20.139999389648438,-0.001394819957120319
2016-06-16,176.57406616210938,19.3700008392334,0.0029799043093463595
2016-06-17,175.91644287109375,19.40999984741211,-0.0037313007706503143
2016-06-20,177.04940795898438,18.3700008392334,0.006419708741033148
2016-06-21,177.5519561767578,18.479999542236328,0.0028344423065433944
2016-06-22,177.26234436035156,21.170000076293945,-0.0016324701698033905
2016-06-23,179.57073974609375,17.25,0.012938416817792842
2016-06-24,173.1225128173828,25.760000228881836,-0.03656971314635271
2016-06-27,170.0218963623047,23.850000381469727,-0.018072279553432935
2016-06-28,173.0885009765625,18.75,0.017875799143656224
2016-06-29,176.0356903076172,16.639999389648438,0.0168837302877769
2016-06-30,178.43775939941406,15.630000114440918,0.013553093257669957
2016-07-01,178.8126678466797,14.770000457763672,0.002098855907798125
2016-07-05,177.52639770507812,15.579999923706055,-0.00721939216102907
2016-07-06,178.5911865234375,14.960000038146973,0.005980002328572986
2016-07-07,178.48043823242188,14.760000228881836,-0.0006203141716598637
2016-07-08,181.13807678222656,13.199999809265137,0.01478059011018562
2016-07-11,181.77694702148438,13.539999961853027,0.003520774050667086
2016-07-12,183.09722900390625,13.550000190734863,0.007236948139797583
2016-07-13,183.0717315673828,13.039999961853027,-0.00013926596358615484
2016-07-14,184.09385681152344,12.819999694824219,0.0055676671065505445
2016-07-15,183.84686279296875,12.670000076293945,-0.0013425752709350647
2016-07-18,184.3408966064453,12.4399995803833,0.0026835987745643664
2016-07-19,184.1534881591797,11.970000267028809,-0.0010171577704918278
2016-07-20,184.92013549804688,11.770000457763672,0.004154447201770495
2016-07-21,184.2216339111328,12.739999771118164,-0.0037844669905799933
2016-07-22,185.0479278564453,12.020000457763672,0.00447529615200537
2016-07-25,184.54531860351562,12.869999885559082,-0.002719798413921559
2016-07-26,184.63052368164062,13.050000190734863,0.0004615961819736114
2016-07-27,184.43460083007812,12.829999923706055,-0.0010617251913274117
2016-07-28,184.64755249023438,12.720000267028809,0.0011539527548061201
2016-07-29,184.94569396972656,11.869999885559082,0.0016133495241978935
2016-08-01,184.79238891601562,12.4399995803833,-0.0008292630356043773
2016-08-02,183.60833740234375,13.369999885559082,-0.006428084996538352
2016-08-03,184.1449737548828,12.859999656677246,0.0029184603763123818
2016-08-04,184.3408966064453,12.420000076293945,0.00106339420739765
2016-08-05,185.84861755371094,11.390000343322754,0.008145715782656993
2016-08-08,185.73789978027344,11.5,-0.0005959192357591903
2016-08-09,185.84861755371094,11.65999984741211,0.0005959192357591903
2016-08-10,185.38864135742188,12.050000190734863,-0.0024780725567525863
2016-08-11,186.2489471435547,11.680000305175781,0.004629818670061958
2016-08-12,186.08712768554688,11.550000190734863,-0.0008692118714010988
2016-08-15,186.62374877929688,11.8100004196167,0.0028795589205161676
2016-08-16,185.66123962402344,12.640000343322754,-0.005170830572515328
2016-08-17,186.0104522705078,12.1899995803833,0.001879146337272708
2016-08-18,186.4278564453125,11.430000305175781,0.0022414683978313477
2016-08-19,186.15525817871094,11.34000015258789,-0.0014632886169172465
2016-08-22,186.14678955078125,12.270000457763672,-4.549331910919108e-05
2016-08-23,186.52151489257812,12.380000114440918,0.0020110401857103
2016-08-24,185.5675048828125,13.449999809265137,-0.005127870211376617
2016-08-25,185.43971252441406,13.630000114440918,-0.0006888942179914537
2016-08-26,185.0904998779297,13.649999618530273,-0.0018849353612253594
2016-08-29,186.00192260742188,12.9399995803833,0.004912116264847555
2016-08-30,185.69525146484375,13.119999885559082,-0.001650113229561434
2016-08-31,185.16720581054688,13.420000076293945,-0.0028476649538040633
2016-09-01,185.17568969726562,13.479999542236328,4.5816387046926366e-05
2016-09-02,186.0104522705078,11.979999542236328,0.0044978186745492366
2016-09-06,186.5726776123047,12.020000457763672,0.003017988327676413
2016-09-07,186.55560302734375,11.9399995803833,-9.152125882128104e-05
2016-09-08,186.12969970703125,12.510000228881836,-0.002285593247682627
2016-09-09,181.6746826171875,17.5,-0.02422611143826714
2016-09-12,184.28123474121094,15.15999984741211,0.014245410879180298
2016-09-13,181.6321563720703,17.850000381469727,-0.01447951737400821
2016-09-14,181.56396484375,18.139999389648438,-0.0003755080252139109
2016-09-15,183.37832641601562,16.299999237060547,0.009943361263341721
2016-09-16,182.66946411132812,15.369999885559082,-0.003873063622543249
2016-09-19,182.70375061035156,15.529999732971191,0.00018767932482521843
2016-09-20,182.71229553222656,15.920000076293945,4.676818090931789e-05
2016-09-21,184.76698303222656,13.300000190734863,0.011182719853429113
2016-09-22,185.93125915527344,12.020000457763672,0.006281550969847949
2016-09-23,184.91253662109375,12.289999961853027,-0.005494092705862208
2016-09-26,183.414306640625,14.5,-0.008135373628855191
2016-09-27,184.55294799804688,13.100000381469727,0.0061888386936219675
2016-09-28,185.46897888183594,12.390000343322754,0.0049512349868914285
2016-09-29,183.79098510742188,14.020000457763672,-0.00908847689047132
2016-09-30,185.17782592773438,13.289999961853027,0.007517423206969909
2016-10-03,184.73272705078125,13.569999694824219,-0.0024065228103369307
2016-10-04,183.79098510742188,13.630000114440918,-0.005110900396632978
2016-10-05,184.6043243408203,12.989999771118164,0.004415585834228963
2016-10-06,184.73272705078125,12.84000015258789,0.0006953145624040147
2016-10-07,184.09918212890625,13.479999542236328,-0.003435416129693003
2016-10-10,185.05801391601562,13.380000114440918,0.005194718962883371
2016-10-11,182.72084045410156,15.359999656677246,-0.012709838514676441
2016-10-12,182.9605712890625,15.90999984741211,0.0013111460501189498
2016-10-13,182.3612823486328,16.690000534057617,-0.0032808849075660618
2016-10-14,182.4554443359375,16.1200008392334,0.0005162153076225806
2016-10-17,181.82188415527344,16.209999084472656,-0.003478453199976528
2016-10-18,182.9605712890625,15.279999732971191,0.006243122799920009
2016-10-19,183.4485626220703,14.40999984741211,0.0026636433230988743
2016-10-20,183.1060791015625,13.75,-0.0018686633924875906
2016-10-21,183.1916961669922,13.34000015258789,0.0004674724924340623
2016-10-24,183.97076416015625,13.020000457763672,0.0042437299372686255
2016-10-25,183.35433959960938,13.460000038146973,-0.003356291921734922
2016-10-26,182.9862518310547,14.239999771118164,-0.0020095392158774317
2016-10-27,182.498291015625,15.359999656677246,-0.0026702147322614778
2016-10-28,181.95892333984375,16.190000534057617,-0.00295984301204566
2016-10-31,181.96746826171875,17.059999465942383,4.695961641587587e-05
2016-11-01,180.64903259277344,18.559999465942383,-0.0072718228523784845
2016-11-02,179.56175231933594,19.31999969482422,-0.00603692960397062
2016-11-03,178.73989868164062,22.079999923706055,-0.004587503723399777
2016-11-04,178.54299926757812,22.510000228881836,-0.001102204640224258
2016-11-07,182.4811248779297,18.709999084472656,0.02181727788221277
2016-11-08,183.30300903320312,18.739999771118164,0.004493828256642907
2016-11-09,185.24636840820312,14.380000114440918,0.010546089645635526
2016-11-10,185.70864868164062,14.739999771118164,0.0024923804312964037
2016-11-11,185.28060913085938,14.170000076293945,-0.002307558678337429
2016-11-14,185.42617797851562,14.479999542236328,0.0007853584568735528
2016-11-15,186.87301635742188,13.369999885559082,0.007772488819353995
2016-11-16,186.52194213867188,13.720000267028809,-0.0018804448973606114
2016-11-17,187.4808807373047,13.350000381469727,0.00512798642872081
2016-11-18,187.06137084960938,12.850000381469727,-0.002240121435421294
2016-11-21,188.47393798828125,12.420000076293945,0.00752298794538131
2016-11-22,188.842041015625,12.40999984741211,0.0019511664737752454
2016-11-23,188.94480895996094,12.430000305175781,0.0005440525358544335
2016-11-25,189.64683532714844,12.34000015258789,0.0037086247539477313
2016-11-28,188.75648498535156,13.149999618530273,-0.004705836006515085
2016-11-29,189.12460327148438,12.899999618530273,0.0019483293238025112
2016-11-30,188.6708526611328,13.329999923706055,-0.0024020978622552036
2016-12-01,187.97738647460938,14.069999694824219,-0.0036823056531218867
2016-12-02,188.07156372070312,14.119999885559082,0.0005008776012473959
2016-12-05,189.20162963867188,12.140000343322754,0.005990721406016419
2016-12-06,189.80093383789062,11.789999961853027,0.0031625363861564892
2016-12-07,192.28367614746094,12.220000267028809,0.012995955283832572
2016-12-08,192.75450134277344,12.640000343322754,0.0024456038777644906
2016-12-09,193.91883850097656,11.75,0.006022347844058196
2016-12-12,193.69625854492188,12.640000343322754,-0.0011484587789043488
2016-12-13,194.98899841308594,12.720000267028809,0.0066518840719282935
2016-12-14,193.37948608398438,13.1899995803833,-0.008288631070679564
2016-12-15,194.1757354736328,12.789999961853027,0.004109094475952979
2016-12-16,193.7958984375,12.199999809265137,-0.0019580666434935168
2016-12-19,194.2178497314453,11.710000038146973,0.002174930461959157
2016-12-20,194.96710205078125,11.449999809265137,0.0038503710976787175
2016-12-21,194.424560546875,11.270000457763672,-0.002786612591373583
2016-12-22,194.08868408203125,11.430000305175781,-0.0017290352551118104
2016-12-23,194.37290954589844,11.4399995803833,0.001463339075205461
2016-12-27,194.85513305664062,11.989999771118164,0.002477846941574491
2016-12-28,193.2447509765625,12.949999809265137,-0.008298849799722063
2016-12-29,193.20172119140625,13.369999885559082,-0.00022269467278412947
2016-12-30,192.49554443359375,14.039999961853027,-0.0036618229364870913
2017-01-03,193.96810913085938,12.850000381469727,0.007620751966618933
2017-01-04,195.1220703125,11.850000381469727,0.005931604681965297
2017-01-05,194.96710205078125,11.670000076293945,-0.0007945274098855037
2017-01-06,195.6646270751953,11.319999694824219,0.0035712704000046003
2017-01-09,195.01881408691406,11.5600004196167,-0.0033060708925551907
2017-01-10,195.01881408691406,11.489999771118164,0.0
2017-01-11,195.56988525390625,11.260000228881836,0.00282174847132044
2017-01-12,195.07904052734375,11.539999961853027,-0.0025129724029788747
2017-01-13,195.52684020996094,11.229999542236328,0.0022928476035799505
2017-01-17,194.8379364013672,11.869999885559082,-0.003529542443618361
2017-01-18,195.26849365234375,12.479999542236328,0.0022073844091377026
2017-01-19,194.5450897216797,12.779999732971191,-0.0037115420906719265
2017-01-20,195.25990295410156,11.539999961853027,0.0036675468354312457
2017-01-23,194.75181579589844,11.770000457763672,-0.002605498354078861
2017-01-24,196.00045776367188,11.069999694824219,0.006390986322001524
2017-01-25,197.69696044921875,10.8100004196167,0.008618360740291209
2017-01-26,197.49032592773438,10.630000114440918,-0.00104575499991455
2017-01-27,197.1802978515625,10.579999923706055,-0.0015710727946895986
2017-01-30,195.9573974609375,11.880000114440918,-0.0062212519911595265
2017-01-31,195.94021606445312,11.989999771118164,-8.768308814577352e-05
2017-02-01,196.01768493652344,11.8100004196167,0.00039529180496788996
2017-02-02,196.1468963623047,11.930000305175781,0.000658965325369465
2017-02-03,197.4989013671875,10.970000267028809,0.006869171874472002
2017-02-06,197.14581298828125,11.369999885559082,-0.0017893992255642033
2017-02-07,197.15444946289062,11.289999961853027,4.3806588192474294e-05
2017-02-08,197.4127655029297,11.449999809265137,0.0013093641192005734
2017-02-09,198.5840301513672,10.880000114440918,0.005915543140035062
2017-02-10,199.36766052246094,10.850000381469727,0.00393832418520379
2017-02-13,200.45265197753906,11.069999694824219,0.005427408685936719
2017-02-14,201.25357055664062,10.739999771118164,0.003987588916714024
2017-02-15,202.30416870117188,11.970000267028809,0.005206692454505557
2017-02-16,202.13194274902344,11.760000228881836,-0.0008516843955472808
2017-02-17,202.45057678222656,11.489999771118164,0.0015751253882667626
2017-02-21,203.65625,11.569999694824219,0.005937732047790689
2017-02-22,203.47537231445312,11.739999771118164,-0.0008885465413817073
2017-02-23,203.6131591796875,11.710000038146973,0.0006769381097049276
2017-02-24,203.87155151367188,11.470000267028809,0.0012682309879945564
2017-02-27,204.19015502929688,12.09000015258789,0.001561546086081833
2017-02-28,203.6389617919922,12.920000076293945,-0.0027030614057697022
2017-03-01,206.48941040039062,12.539999961853027,0.013900498962829744
2017-03-02,205.18907165527344,11.8100004196167,-0.0063172748942834644
2017-03-03,205.31826782226562,10.960000038146973,0.0006294463403371253
2017-03-06,204.70684814453125,11.239999771118164,-0.0029823545295695197
2017-03-07,204.09539794921875,11.449999809265137,-0.0029914251065150665
2017-03-08,203.7165069580078,11.859999656677246,-0.0018581659616634383
2017-03-09,203.974853515625,12.300000190734863,0.001267363585516712
2017-03-10,204.68960571289062,11.65999984741211,0.0034979940630099904
2017-03-13,204.7928924560547,11.350000381469727,0.0005044745297606568
2017-03-14,204.00927734375,12.300000190734863,-0.003833717773300549
2017-03-15,205.77467346191406,11.630000114440918,0.008616282002471998
2017-03-16,205.3699188232422,11.210000038146973,-0.0019689169067227397
2017-03-17,205.00926208496094,11.279999732971191,-0.0017576760611248687
2017-03-20,204.78439331054688,11.34000015258789,-0.001097473296735707
2017-03-21,202.1550750732422,12.470000267028809,-0.012922584469375664
2017-03-22,202.63076782226562,12.8100004196167,0.002350343898406493
2017-03-23,202.4145050048828,13.119999885559082,-0.0010678452629440116
2017-03-24,202.2675018310547,12.960000038146973,-0.0007265120653299206
2017-03-27,202.05990600585938,12.5,-0.0010268700039288703
2017-03-28,203.53024291992188,11.529999732971191,0.007250389877691887
2017-03-29,203.72055053710938,11.420000076293945,0.0009345967354628115
2017-03-30,204.36920166015625,11.539999961853027,0.0031789657339693633
2017-03-31,203.89353942871094,12.369999885559082,-0.002330178087782464
2017-04-03,203.53887939453125,12.380000114440918,-0.0017409519094364612
2017-04-04,203.66859436035156,11.789999961853027,0.000637095233108731
2017-04-05,203.06320190429688,12.890000343322754,-0.0029768653873780693
2017-04-06,203.63406372070312,12.390000343322754,0.002807307742486387
2017-04-07,203.4264678955078,12.869999885559082,-0.0010199752963950814
2017-04-10,203.54757690429688,14.050000190734863,0.000595168236950272
2017-04-11,203.30548095703125,15.069999694824219,-0.0011900904818649138
2017-04-12,202.4145050048828,15.770000457763672,-0.004392080327553671
2017-04-13,201.09988403320312,15.960000038146973,-0.00651587977328294
2017-04-17,202.881591796875,14.65999984741211,0.008820797103930467
2017-04-18,202.276123046875,14.420000076293945,-0.0029888074620672
2017-04-19,201.9042205810547,14.930000305175781,-0.0018402803433739123
2017-04-20,203.54757690429688,14.149999618530273,0.00810634128421217
2017-04-21,202.8988800048828,14.630000114440918,-0.003192043818772028
2017-04-24,205.13031005859375,10.84000015258789,0.010937709135293794
2017-04-25,206.32394409179688,10.760000228881836,0.005802041756385989
2017-04-26,206.1941680908203,10.850000381469727,-0.0006291893685403949
2017-04-27,206.36717224121094,10.359999656677246,0.0008386833356333057
2017-04-28,205.9174346923828,10.819999694824219,-0.002181685756156959
2017-05-01,206.43637084960938,10.109999656677246,0.002516947457296581
2017-05-02,206.51416015625,10.59000015258789,0.00037674879541249595
2017-05-03,206.26336669921875,10.680000305175781,-0.001215150881889393
2017-05-04,206.50555419921875,10.460000038146973,0.0011734775344276471
2017-05-05,207.31851196289062,10.569999694824219,0.003929006918423461
2017-05-08,207.2839813232422,9.770000457763672,-0.00016657227241800854
2017-05-09,207.09371948242188,9.960000038146973,-0.0009183016065810179
2017-05-10,207.46559143066406,10.210000038146973,0.0017940595625116629
2017-05-11,207.04177856445312,10.600000381469727,-0.0020448997753694798
2017-05-12,206.69583129882812,10.399999618530273,-0.0016723031119276754
2017-05-15,207.83750915527344,10.420000076293945,0.005508269814119338
2017-05-16,207.647216796875,10.649999618530273,-0.0009160017676608234
2017-05-17,203.96270751953125,15.59000015258789,-0.01790339579268352
2017-05-18,204.78439331054688,14.65999984741211,0.004020514866989622
2017-05-19,206.11631774902344,12.039999961853027,0.006482972978976598
2017-05-22,207.16287231445312,10.930000305175781,0.005064647955469681
2017-05-23,207.62130737304688,10.720000267028809,0.002210476038919218
2017-05-24,208.10560607910156,10.020000457763672,0.002329889691832676
2017-05-25,209.1002655029297,9.989999771118164,0.0047682037867033955
2017-05-26,209.05703735351562,9.8100004196167,-0.00020675544477022356
2017-05-30,208.87539672851562,10.380000114440918,-0.0008692344581291422
2017-05-31,208.82354736328125,10.40999984741211,-0.00024826189404603127
2017-06-01,210.484130859375,9.890000343322754,0.007920638060930685
2017-06-02,211.18470764160156,9.75,0.003322879771419096
2017-06-05,211.02903747558594,10.069999694824219,-0.0007373998353665812
2017-06-06,210.35440063476562,10.449999809265137,-0.0032020120214495407
2017-06-07,210.7436065673828,10.390000343322754,0.001848529495694251
2017-06-08,210.84744262695312,10.15999984741211,0.0004925913957061212
2017-06-09,210.52737426757812,10.699999809265137,-0.001519162551240072
2017-06-12,210.484130859375,11.460000038146973,-0.00020542625476327459
2017-06-13,211.513427734375,10.420000076293945,0.004878222137659094
2017-06-14,211.24526977539062,10.640000343322754,-0.0012686101860364118
2017-06-15,210.83877563476562,10.899999618530273,-0.0019261295029693315
2017-06-16,210.88482666015625,10.380000114440918,0.00021839434797144008
2017-06-19,212.64039611816406,10.369999885559082,0.008290318585577161
2017-06-20,211.20639038085938,10.859999656677246,-0.006766648961895605
2017-06-21,211.1542510986328,10.75,-0.0002468946079297041
2017-06-22,211.05860900878906,10.479999542236328,-0.00045305153166275147
2017-06-23,211.31072998046875,10.020000457763672,0.0011938414006467113
2017-06-26,211.44973754882812,9.899999618530273,0.0006576185998721229
2017-06-27,209.74627685546875,11.0600004196167,-0.008088727921728989
2017-06-28,211.62356567382812,10.029999732971191,0.008910467953338497
2017-06-29,209.763671875,11.4399995803833,-0.00882753776494205
2017-06-30,210.15475463867188,11.180000305175781,0.0018626611839387408
2017-07-03,210.51107788085938,11.220000267028809,0.0016940920790853298
2017-07-05,210.99777221679688,11.069999694824219,0.0023092969559899146
2017-07-06,209.068359375,12.539999961853027,-0.009186298370464918
2017-07-07,210.42410278320312,11.1899995803833,0.006463754421164758
2017-07-10,210.65011596679688,11.109999656677246,0.0010735076869341498
2017-07-11,210.49371337890625,10.890000343322754,-0.0007427514506099797
2017-07-12,212.0754852294922,10.300000190734863,0.007486486206984111
2017-07-13,212.43185424804688,9.899999618530273,0.001678977342107757
2017-07-14,213.42263793945312,9.510000228881836,0.004653164389625708
2017-07-17,213.3966064453125,9.819999694824219,-0.00012197900875055012
2017-07-18,213.50958251953125,9.890000343322754,0.0005292782338441882
2017-07-19,214.6654510498047,9.789999961853027,0.005399059951810337
2017-07-20,214.7611083984375,9.579999923706055,0.0004455120351103403
2017-07-21,214.56991577148438,9.359999656677246,-0.0008906537325676922
2017-07-24,214.51779174804688,9.430000305175781,-0.0002429527706357959
2017-07-25,215.03921508789062,9.430000305175781,0.002427727112562117
2017-07-26,215.0478973388672,9.600000381469727,4.0374383360131105e-05
2017-07-27,214.8480224609375,10.109999656677246,-0.0009298757356193121
2017-07-28,214.5959930419922,10.289999961853027,-0.0011737476308057992
2017-07-31,214.4742889404297,10.260000228881836,-0.0005672921660480057
2017-08-01,214.9522705078125,10.09000015258789,0.0022261397403608996
2017-08-02,215.0565948486328,10.279999732971191,0.0004852194978850477
2017-08-03,214.63943481445312,10.4399995803833,-0.0019416524074706842
2017-08-04,215.03053283691406,10.029999732971191,0.0018204583048202494
2017-08-07,215.4303741455078,9.930000305175781,0.0018577362873228864
2017-08-08,214.90025329589844,10.960000038146973,-0.002463785210569114
2017-08-09,214.89149475097656,11.109999656677246,-4.075715721807427e-05
2017-08-10,211.85821533203125,16.040000915527344,-0.014215969834386222
2017-08-11,212.1710968017578,15.510000228881836,0.0014757542347068053
2017-08-14,214.27442932128906,12.329999923706055,0.009864563921368585
2017-08-15,214.2483367919922,12.039999961853027,-0.00012177896435172642
2017-08-16,214.6220245361328,11.739999771118164,0.0017426610575439483
2017-08-17,211.27593994140625,15.550000190734863,-0.015713404253181906
2017-08-18,210.94566345214844,14.260000228881836,-0.0015644701927506333
2017-08-21,211.11080932617188,13.1899995803833,0.0007825771815070937
2017-08-22,213.31838989257812,11.350000381469727,0.010402679543951798
2017-08-23,212.55355834960938,12.25,-0.0035918419534519685
2017-08-24,212.05813598632812,12.229999542236328,-0.002333532470740529
2017-08-25,212.55355834960938,11.279999732971191,0.002333532470740529
2017-08-28,212.5622100830078,11.319999694824219,4.070295219360531e-05
2017-08-29,212.8055877685547,11.699999809265137,0.0011443165812456968
2017-08-30,213.81373596191406,11.220000267028809,0.004726227875222477
2017-08-31,215.10003662109375,10.59000015258789,0.005997963216305635
2017-09-01,215.404296875,10.130000114440918,0.0014135063500742007
2017-09-05,213.85723876953125,12.229999542236328,-0.007208029022889306
2017-09-06,214.58729553222656,11.630000114440918,0.00340794390323218
2017-09-07,214.56118774414062,11.550000190734863,-0.00012167251725436756
2017-09-08,214.30918884277344,12.119999885559082,-0.0011751752703199614
2017-09-11,216.59498596191406,10.729999542236328,0.01060940549399536
2017-09-12,217.32504272460938,10.579999923706055,0.0033649400962829645
2017-09-13,217.42930603027344,10.5,0.0004796423909807501
2017-09-14,217.35984802246094,10.4399995803833,-0.0003195020287698469
2017-09-15,217.65240478515625,10.170000076293945,0.001345050880355636
2017-09-18,218.11529541015625,10.149999618530273,0.0021244842097969396
2017-09-19,218.33367919921875,10.180000305175781,0.0010007300738106295
2017-09-20,218.41229248046875,9.779999732971191,0.0003599954536346317
2017-09-21,217.8270721435547,9.670000076293945,-0.0026830255838259376
2017-09-22,217.87075805664062,9.59000015258789,0.00020053307684442245
2017-09-25,217.42532348632812,10.210000038146973,-0.002046582749878567
2017-09-26,217.5563201904297,10.170000076293945,0.0006023091317350904
2017-09-27,218.40354919433594,9.869999885559082,0.003886734215566179
2017-09-28,218.6656036376953,9.550000190734863,0.001199144222661097
2017-09-29,219.4342498779297,9.510000228881836,0.0035090038162222115
2017-10-02,220.38629150390625,9.449999809265137,0.004329234418823269
2017-10-03,220.85794067382812,9.510000228881836,0.002137815364628537
2017-10-04,221.11993408203125,9.630000114440918,0.0011855500189206225
2017-10-05,222.4301300048828,9.1899995803833,0.005907787371177697
2017-10-06,222.1768035888672,9.649999618530273,-0.0011395523744157643
2017-10-09,221.80995178222656,10.329999923706055,-0.0016525352870919718
2017-10-10,222.39515686035156,10.079999923706055,0.0026348432528111587
2017-10-11,222.74456787109375,9.850000381469727,0.0015698939595436556
2017-10-12,222.41265869140625,9.90999984741211,-0.0014912000587097296
2017-10-13,222.68341064453125,9.609999656677246,0.001216600213632013
2017-10-16,222.98040771484375,9.90999984741211,0.0013328302727027008
2017-10-17,223.13763427734375,10.3100004196167,0.0007048653235699476
2017-10-18,223.35597229003906,10.069999694824219,0.0009780118993303333
2017-10-19,223.4171142578125,10.050000190734863,0.0002737047955490013
2017-10-20,224.57003784179688,9.970000267028809,0.005147139260359701
2017-10-23,223.69667053222656,11.069999694824219,-0.0038966463417642316
2017-10-24,224.08969116210938,11.15999984741211,0.001755393930789495
2017-10-25,222.98040771484375,11.229999542236328,-0.004962468867834247
2017-10-26,223.26861572265625,11.300000190734863,0.001291691556721375
2017-10-27,225.09413146972656,9.800000190734863,0.008143075426926494
2017-10-30,224.25559997558594,10.5,-0.0037322041555158947
2017-10-31,224.60496520996094,10.180000305175781,0.0015566763134122752
2017-11-01,224.90191650390625,10.199999809265137,0.0013212315504986805
2017-11-02,224.98928833007812,9.930000305175781,0.0003884131378049105
2017-11-03,225.740478515625,9.140000343322754,0.0033332206403988707
2017-11-06,226.08981323242188,9.399999618530273,0.0015463097219647892
2017-11-07,225.93263244628906,9.890000343322754,-0.0006954556968157277
2017-11-08,226.31687927246094,9.779999732971191,0.0016992695787392265
2017-11-09,225.4959259033203,10.5,-0.003634046061621099
2017-11-10,225.42601013183594,11.289999961853027,-0.00031010144531595785
2017-11-13,225.63560485839844,11.5,0.0009293397384393387
2017-11-14,225.11160278320312,11.59000015258789,-0.002325038524325862
2017-11-15,223.98484802246094,13.130000114440918,-0.00501788479044496
2017-11-16,225.88894653320312,11.760000228881836,0.008465084670599587
2017-11-17,225.2251434326172,11.430000305175781,-0.0029429521021357985
2017-11-20,225.6094512939453,10.649999618530273,0.0017048734010609579
2017-11-21,227.08554077148438,9.729999542236328,0.00652136531083336
2017-11-22,226.88470458984375,9.880000114440918,-0.0008847989347104956
2017-11-24,227.4087371826172,9.670000076293945,0.0023070235095312697
2017-11-27,227.29519653320312,9.869999885559082,-0.0004994047482549391
2017-11-28,229.6010284423828,10.029999732971191,0.010093545796832082
2017-11-29,229.46128845214844,10.699999809265137,-0.0006088062095619406
2017-11-30,231.4702606201172,11.279999732971191,0.008717063925627322
2017-12-01,230.98985290527344,11.430000305175781,-0.002077618690131011
2017-12-04,230.7103729248047,11.680000305175781,-0.001210655741405553
2017-12-05,229.880615234375,11.329999923706055,-0.0036030170342096213
2017-12-06,229.9242401123047,11.020000457763672,0.00018975388168840368
2017-12-07,230.64920043945312,10.15999984741211,0.003148079598340736
2017-12-08,231.9069366455078,9.579999923706055,0.005438212597012715
2017-12-11,232.605712890625,9.34000015258789,0.0030086447502419844
2017-12-12,233.01620483398438,9.920000076293945,0.001763198999362281
2017-12-13,232.989990234375,10.180000305175781,-0.00011250751562741357
2017-12-14,232.0379180908203,10.489999771118164,-0.004094693917308767
2017-12-15,233.97023010253906,9.420000076293945,0.00829308712222332
2017-12-18,235.45388793945312,9.529999732971191,0.006321203875869763
2017-12-19,234.54974365234375,10.029999732971191,-0.003847397516245188
2017-12-20,234.42678833007812,9.720000267028809,-0.0005243559824332777
2017-12-21,234.9095916748047,9.619999885559082,0.002057387986945436
2017-12-22,234.84811401367188,9.899999618530273,-0.0002617420033326212
2017-12-26,234.56716918945312,10.25,-0.0011969991937483826
2017-12-27,234.68136596679688,10.470000267028809,0.0004867219438846604
2017-12-28,235.1642303466797,10.180000305175781,0.002055418008255039
2017-12-29,234.27749633789062,11.039999961853027,-0.0037778280583307122
2018-01-02,235.95433044433594,9.770000457763672,0.00713197669161314
2018-01-03,237.4467315673828,9.149999618530273,0.006305038948234198
2018-01-04,238.44752502441406,9.220000267028809,0.004205955077244639
2018-01-05,240.0365753173828,9.220000267028809,0.006642043628226624
2018-01-08,240.47547912597656,9.520000457763672,0.001826817565122596
2018-01-09,241.01988220214844,10.079999923706055,0.002261302400311749
2018-01-10,240.65113830566406,9.819999694824219,-0.0015311029844893298
2018-01-11,242.4069061279297,9.880000114440918,0.007269418548650819
2018-01-12,243.98712158203125,10.15999984741211,0.006497699082673947
2018-01-16,243.15304565429688,11.65999984741211,-0.003424380902622204
2018-01-17,245.47079467773438,11.90999984741211,0.009486914945674663
2018-01-18,245.0581512451172,12.220000267028809,-0.001682443139729095
2018-01-19,246.17308044433594,11.270000457763672,0.00453933317660038
2018-01-22,248.17474365234375,11.029999732971191,0.00809824196555109
2018-01-23,248.7015838623047,11.100000381469727,0.002120609810609686
2018-01-24,248.60487365722656,11.470000267028809,-0.00038893605677081666
2018-01-25,248.71026611328125,11.579999923706055,0.0004238457637990578
2018-01-26,251.58978271484375,11.079999923706055,0.011511285698359686
2018-01-29,249.9217071533203,13.84000015258789,-0.006652217333099841
2018-01-30,247.35821533203125,14.789999961853027,-0.01031014691490384
2018-01-31,247.481201171875,13.539999961853027,0.0004970737506928558
2018-02-01,247.2002716064453,13.470000267028809,-0.0011357999484102876
2018-02-02,241.81874084472656,17.309999465942383,-0.022010383575898018
2018-02-05,231.70529174804688,37.31999969482422,-0.04272217076933682
2018-02-06,236.2703399658203,29.979999542236328,0.01951038779202907
2018-02-07,234.9886016845703,27.729999542236328,-0.005439648263387831
2018-02-08,226.1744384765625,33.459999084472656,-0.03823045628372945
2018-02-09,229.57188415527344,29.059999465942383,0.01490964796319183
2018-02-12,232.94308471679688,25.610000610351562,0.014577950947427532
2018-02-13,233.52244567871094,24.969999313354492,0.002484047467921968
2018-02-14,236.6741485595703,19.260000228881836,0.013406094906812882
2018-02-15,239.69412231445312,19.1299991607666,0.012679325632450222
2018-02-16,239.76438903808594,19.459999084472656,0.00029310867352272396
2018-02-20,238.26318359375,20.600000381469727,-0.0062808526762134775
2018-02-21,237.07797241210938,20.020000457763672,-0.0049867915825343445
2018-02-22,237.38528442382812,18.719999313354492,0.0012954092872972112
2018-02-23,241.1690673828125,16.489999771118164,0.015813718113377284
2018-02-26,243.9695281982422,15.800000190734863,0.011545121113620382
2018-02-27,240.92318725585938,18.59000015258789,-0.012565175453458366
2018-02-28,238.4826202392578,19.850000381469727,-0.010181721048655668
2018-03-01,235.01498413085938,22.469999313354492,-0.014647162188535567
2018-03-02,236.2264404296875,19.59000015258789,0.005141563981827524
2018-03-05,238.95669555664062,18.729999542236328,0.01149150702277879
2018-03-06,239.5625,18.360000610351562,0.002531997765758298
2018-03-07,239.47474670410156,17.760000228881836,-0.0003663735857024619
2018-03-08,240.63356018066406,16.540000915527344,0.0048273096309960906
2018-03-09,244.82118225097656,14.640000343322754,0.017252796511711743
2018-03-12,244.51382446289062,15.779999732971191,-0.0012562266107636333
2018-03-13,242.9336395263672,16.350000381469727,-0.00648353141074498
2018-03-14,241.68698120117188,17.229999542236328,-0.005144894879780537
2018-03-15,241.4236297607422,16.59000015258789,-0.0010902325907951038
2018-03-16,241.68545532226562,15.800000190734863,0.0010839191198934728
2018-03-19,238.41534423828125,19.020000457763672,-0.013622812790019978
2018-03-20,238.82080078125,18.200000762939453,0.0016991866385405174
2018-03-21,238.36248779296875,17.860000610351562,-0.0019209102254107435
2018-03-22,232.404052734375,23.34000015258789,-0.02531510950692084
2018-03-23,227.450439453125,24.8700008392334,-0.02154509734090837
2018-03-26,233.67330932617188,21.030000686645508,0.02699165979095497
2018-03-27,229.69808959960938,22.5,-0.017158233168189874
2018-03-28,229.01943969726562,22.8700008392334,-0.002958903264594248
2018-03-29,231.9457244873047,19.969999313354492,0.012696508662184414
2018-04-02,226.9392547607422,23.6200008392334,-0.021821016624078204
2018-04-03,229.847900390625,21.100000381469727,0.012735406019547924
2018-04-04,232.3070831298828,20.059999465942383,0.010642343098663076
2018-04-05,234.1405029296875,18.940000534057617,0.007861244420911184
2018-04-06,228.92242431640625,21.489999771118164,-0.022538187317271863
2018-04-09,230.05068969726562,21.770000457763672,0.0049164869100053465
2018-04-10,233.70851135253906,20.469999313354492,0.01577498624636764
2018-04-11,232.48338317871094,20.239999771118164,-0.005255908601166759
2018-04-12,234.39608764648438,18.489999771118164,0.00819361436139232
2018-04-13,233.70851135253906,17.40999984741211,-0.002937705760225562
2018-04-16,235.63003540039062,16.559999465942383,0.008188267498097979
2018-04-17,238.1509246826172,15.25,0.010641681639818934
2018-04-18,238.3271942138672,15.600000381469727,0.0007398851376407833
2018-04-19,237.00509643554688,15.960000038146973,-0.005562850299546618
2018-04-20,234.9954071044922,16.8799991607666,-0.008515675134415979
2018-04-23,234.96018981933594,16.34000015258789,-0.00014987494755924757
2018-04-24,231.79591369628906,18.020000457763672,-0.013558792594250413
2018-04-25,232.36880493164062,17.84000015258789,0.0024684837225468215
2018-04-26,234.73104858398438,16.239999771118164,0.010114598725142976
2018-04-27,234.95135498046875,15.40999984741211,0.0009381080107289108
2018-04-30,233.1444854736328,15.930000305175781,-0.007720121927318857
2018-05-01,233.55873107910156,15.489999771118164,0.0017751997396295849
2018-05-02,231.9898223876953,15.970000267028809,-0.006740068760402451
2018-05-03,231.47860717773438,15.899999618530273,-0.0022060420286420523
2018-05-04,234.47543334960938,14.770000457763672,0.012863360906235854
2018-05-07,235.26870727539062,14.75,0.0033774755713658067
2018-05-08,235.26870727539062,14.710000038146973,0.0
2018-05-09,237.54275512695312,13.420000076293945,0.00961933272548432
2018-05-10,239.76394653320312,13.229999542236328,0.009307254361707429
2018-05-11,240.49557495117188,12.649999618530273,0.0030468067834856782
2018-05-14,240.61004638671875,12.930000305175781,0.00047586821949341385
2018-05-15,238.9530487060547,14.630000114440918,-0.006910474520361198
2018-05-16,239.95774841308594,13.420000076293945,0.004195775860615036
2018-05-17,239.7551727294922,13.430000305175781,-0.0008445705200212927
2018-05-18,239.15577697753906,13.420000076293945,-0.002503162917012247
2018-05-21,240.9537811279297,13.079999923706055,0.0074900094186141075
2018-05-22,240.283935546875,13.220000267028809,-0.0027838466954781538
2018-05-23,240.9449920654297,12.579999923706055,0.002747369895827134
2018-05-24,240.45140075683594,12.529999732971191,-0.0020506654762080245
2018-05-25,239.87852478027344,13.220000267028809,-0.00238534481296071
2018-05-29,237.1196746826172,17.020000457763672,-0.011567678303371132
2018-05-30,240.283935546875,14.9399995803833,0.013256318696712732
2018-05-31,238.81204223632812,15.430000305175781,-0.006144480478648795
2018-06-01,241.1565399169922,13.460000038146973,0.009769457480474308
2018-06-04,242.30242919921875,12.739999771118164,0.004740387504320154
2018-06-05,242.4786834716797,12.399999618530273,0.0007271499471421805
2018-06-06,244.5059356689453,11.640000343322754,0.008325782080597754
2018-06-07,244.47952270507812,12.130000114440918,-0.00010803169476947261
2018-06-08,245.20223999023438,12.180000305175781,0.0029517856900911355
2018-06-11,245.52838134765625,12.350000381469727,0.0013292074766049211
2018-06-12,245.8457794189453,12.34000015258789,0.001291879552385744
2018-06-13,245.06137084960938,12.9399995803833,-0.0031957539689262404
2018-06-14,245.67831420898438,12.119999885559082,0.0025143419339448414
2018-06-15,245.3647918701172,11.979999542236328,-0.00127696480243511
2018-06-18,244.8601531982422,12.3100004196167,-0.002058805269710362
2018-06-19,243.92169189453125,13.350000381469727,-0.0038400053779286125
2018-06-20,244.3377227783203,12.789999961853027,0.0017041391193668431
2018-06-21,242.8060760498047,14.640000343322754,-0.0062882942544293385
2018-06-22,243.24884033203125,13.770000457763672,0.001821869874258475
2018-06-25,239.93748474121094,17.329999923706055,-0.013706544497140705
2018-06-26,240.46865844726562,15.920000076293945,0.002211353580894304
2018-06-27,238.4766387939453,17.90999984741211,-0.008318407765628422
2018-06-28,239.84005737304688,16.850000381469727,0.005700918586665438
2018-06-29,240.18539428710938,16.09000015258789,0.0014388277640078329
2018-07-02,240.69888305664062,15.600000381469727,0.0021356030499797285
2018-07-03,239.84893798828125,16.139999389648438,-0.003537404260027799
2018-07-05,241.8056182861328,14.970000267028809,0.008124873049796477
2018-07-06,243.8508758544922,13.369999885559082,0.008422700753407675
2018-07-09,246.0465545654297,12.6899995803833,0.008963890303231636
2018-07-10,246.9319610595703,12.640000343322754,0.003592073155766151
2018-07-11,245.12579345703125,13.630000114440918,-0.007341315924364267
2018-07-12,247.34805297851562,12.579999923706055,0.00902494465874959
2018-07-13,247.5428009033203,12.180000305175781,0.0007870338816315936
2018-07-16,247.321533203125,12.829999923706055,-0.0008942560604632277
2018-07-17,248.32191467285156,12.0600004196167,0.004036703531322239
2018-07-18,248.84442138671875,12.100000381469727,0.002101940008185643
2018-07-19,247.90586853027344,12.869999885559082,-0.003778775744300411
2018-07-20,247.62254333496094,12.859999656677246,-0.0011435276743076983
2018-07-23,248.0830535888672,12.619999885559082,0.001857999543453559
2018-07-24,249.33126831054688,12.40999984741211,0.005018823490953395
2018-07-25,251.45626831054688,12.289999961853027,0.008486683868123457
2018-07-26,250.8630828857422,12.140000343322754,-0.002361787174339547
2018-07-27,249.1631622314453,13.029999732971191,-0.006799351914041019
2018-07-30,247.8616485595703,14.260000228881836,-0.0052372300879364175
2018-07-31,249.08346557617188,12.829999923706055,0.004917321626924931
2018-08-01,248.66729736328125,13.149999618530273,-0.0016721955679521727
2018-08-02,250.0218963623047,12.1899995803833,0.005432651630185248
2018-08-03,251.09327697753906,11.640000343322754,0.004275992046019361
2018-08-06,252.01402282714844,11.270000457763672,0.0036602405806087646
2018-08-07,252.8462371826172,10.930000305175781,0.003296813693474121
2018-08-08,252.74009704589844,10.850000381469727,-0.0004198694904999911
2018-08-09,252.39471435546875,11.270000457763672,-0.0013674873972524537
2018-08-10,250.70372009277344,13.15999984741211,-0.006722345031889176
2018-08-13,249.76510620117188,14.779999732971191,-0.003750942887065456
2018-08-14,251.35887145996094,13.3100004196167,0.0063607837717611915
2018-08-15,249.48182678222656,14.640000343322754,-0.007495610770712702
2018-08-16,251.5005340576172,13.449999809265137,0.008059039036543147
2018-08-17,252.38587951660156,12.640000343322754,0.003514071212105563
2018-08-20,252.92599487304688,12.489999771118164,0.0021377513156233263
2018-08-21,253.5192413330078,12.859999656677246,0.0023427872902859193
2018-08-22,253.36865234375,12.25,-0.000594170804103733
2018-08-23,253.0322265625,12.40999984741211,-0.001328693707923101
2018-08-24,254.5550537109375,11.989999771118164,0.006000275328078786
2018-08-27,256.5648193359375,12.15999984741211,0.007864205987379691
2018-08-28,256.68878173828125,12.5,0.00048304543599808625
2018-08-29,258.0699768066406,12.25,0.005366390994171688
2018-08-30,257.02532958984375,13.529999732971191,-0.004056137324712772
2018-08-31,257.0342102050781,12.859999656677246,3.455092084792e-05
2018-09-04,256.5914001464844,13.15999984741211,-0.0017242526827994098
2018-09-05,255.90086364746094,13.90999984741211,-0.0026948188907436332
2018-09-06,255.13050842285156,14.649999618530273,-0.003014906129972239
2018-09-07,254.63475036621094,14.880000114440918,-0.0019450451139579883
2018-09-10,255.07749938964844,14.15999984741211,0.0017372513020923464
2018-09-11,255.91851806640625,13.220000267028809,0.0032916868523891196
2018-09-12,255.98052978515625,13.140000343322754,0.0002422810486306659
2018-09-13,257.49444580078125,12.369999885559082,0.005896764104996954
2018-09-14,257.538818359375,12.069999694824219,0.00017230948675095448
2018-09-17,256.1753234863281,13.680000305175781,-0.0053083922119663285
2018-09-18,257.5653076171875,12.789999961853027,0.005411242321293308
2018-09-19,257.83984375,11.75,0.001065321749496917
2018-09-20,259.9293518066406,11.800000190734863,0.008071238760275712
2018-09-21,259.69183349609375,11.680000305175781,-0.0009141980111939674
2018-09-24,258.8291015625,12.199999809265137,-0.003327667877513818
2018-09-25,258.5890197753906,12.420000076293945,-0.0009279992116164593
2018-09-26,257.8153076171875,12.890000343322754,-0.0029965385497661146
2018-09-27,258.5356750488281,12.40999984741211,0.0027902257308820566
2018-09-28,258.5623779296875,12.119999885559082,0.00010327975798585243
2018-10-01,259.4606018066406,12.0,0.003467895488352468
2018-10-02,259.3094482421875,12.050000190734863,-0.000582738223674717
2018-10-03,259.4517517089844,11.609999656677246,0.000548628040722754
2018-10-04,257.4238586425781,14.220000267028809,-0.007846775629890779
2018-10-05,255.98301696777344,14.819999694824219,-0.005612879476260879
2018-10-08,255.98301696777344,15.6899995803833,0.0
2018-10-09,255.60952758789062,15.949999809265137,-0.001460105117681465
2018-10-10,247.5160369873047,22.959999084472656,-0.032175621373770724
2018-10-11,242.0641632080078,24.979999542236328,-0.022272547580684865
2018-10-12,245.42605590820312,21.309999465942383,0.013792875698245055
2018-10-15,244.04750061035156,21.299999237060547,-0.005632822956299854
2018-10-16,249.38380432128906,17.6200008392334,0.021630211590787596
2018-10-17,249.4282684326172,17.399999618530273,0.00017828001315400854
2018-10-18,245.82627868652344,20.059999465942383,-0.014546270317361554
2018-10-19,245.6929168701172,19.889999389648438,-0.0005426515215862793
2018-10-22,244.59010314941406,19.639999389648438,-0.004498689677538081
2018-10-23,243.34486389160156,20.709999084472656,-0.00510413085904915
2018-10-24,235.971923828125,25.229999542236328,-0.030766799089033015
2018-10-25,240.2053680419922,24.219999313354492,0.01778142649576786
2018-10-26,235.98081970214844,24.15999984741211,-0.01774372833998239
2018-10-29,234.67343139648438,24.700000762939453,-0.0055556352262033926
2018-10-30,238.15087890625,23.350000381469727,0.014709523749382392
2018-10-31,240.69459533691406,21.229999542236328,0.010624472800582652
2018-11-01,243.25596618652344,19.34000015258789,0.010585357141672525
2018-11-02,241.81515502929688,19.510000228881836,-0.00594063563683811
2018-11-05,243.1492156982422,19.959999084472656,0.005501699153548145
2018-11-06,244.68789672851562,19.90999984741211,0.006308196295496948
2018-11-07,249.92640686035156,16.360000610351562,0.021182994415602785
2018-11-08,249.47279357910156,16.719999313354492,-0.0018166364928129397
2018-11-09,247.0358428955078,17.360000610351562,-0.009816426437341264
2018-11-12,242.41998291015625,20.450000762939453,-0.018861750491867113
2018-11-13,241.96629333496094,20.020000457763672,-0.0018732558295493362
2018-11-14,240.31214904785156,21.25,-0.006859733416135327
2018-11-15,242.82020568847656,19.979999542236328,0.010382575897734725
2018-11-16,243.45164489746094,18.139999389648438,0.002597064021416351
2018-11-19,239.3337860107422,20.100000381469727,-0.017059167430878652
2018-11-20,234.90464782714844,22.479999542236328,-0.018679493911379907
2018-11-21,235.70510864257812,20.799999237060547,0.0034018061731835303
2018-11-23,234.13087463378906,21.520000457763672,-0.0067012317316326175
2018-11-26,237.9107666015625,18.899999618530273,0.016015420803737968
2018-11-27,238.71115112304688,19.020000457763672,0.003358575189611912
2018-11-28,244.20761108398438,18.489999771118164,0.022764480299360734
2018-11-29,243.67391967773438,18.790000915527344,-0.0021877918530339713
2018-11-30,245.1592559814453,18.06999969482422,0.006077087026467254
2018-12-03,248.40553283691406,16.440000534057617,0.013154599927457156
2018-12-04,240.3565673828125,20.739999771118164,-0.03293910549802348
2018-12-06,239.99200439453125,21.190000534057617,-0.0015179104496132467
2018-12-07,234.4154815673828,23.229999542236328,-0.023510504600021243
2018-12-10,234.86024475097656,22.639999389648438,0.0018955308865171716
2018-12-11,234.91351318359375,21.760000228881836,0.00022678334813619472
2018-12-12,236.09640502929688,21.459999084472656,0.005022800101851743
2018-12-13,236.01638793945312,20.649999618530273,-0.00033897446458386327
2018-12-14,231.6583709716797,21.6299991607666,-0.01863749553595362
2018-12-17,227.11366271972656,24.520000457763672,-0.01981313850864197
2018-12-18,226.86459350585938,25.579999923706055,-0.0010972738691412687
2018-12-19,223.46714782714844,25.579999923706055,-0.015088921460518101
2018-12-20,219.82952880859375,28.3799991607666,-0.01641203672757463
2018-12-21,215.32530212402344,30.110000610351562,-0.020702459153024932
2018-12-24,209.63580322265625,36.06999969482422,-0.026778163019965717
2018-12-26,220.22763061523438,30.40999984741211,0.049289941288558126
2018-12-27,221.9184112548828,29.959999084472656,0.007648101401620977
2018-12-28,221.6321258544922,28.34000015258789,-0.001290880818276996
2018-12-31,223.5733642578125,25.420000076293945,0.008720695270395318
2019-01-02,223.80593872070312,23.219999313354492,0.0010397194608398053
2019-01-03,218.46530151367188,25.450000762939453,-0.024152132580463004
2019-01-04,225.78302001953125,21.3799991607666,0.032947250899048264
2019-01-07,227.56321716308594,21.399999618530273,0.00785362774705245
2019-01-08,229.70126342773438,20.469999313354492,0.00935153258824073
2019-01-09,230.7747802734375,19.979999542236328,0.004662647732784464
2019-01-10,231.5888214111328,19.5,0.00352121999152466
2019-01-11,231.67828369140625,18.190000534057617,0.00038622332732085596
2019-01-14,230.26480102539062,19.06999969482422,-0.006119745588462067
2019-01-15,232.90383911132812,18.600000381469727,0.011395705220234476
2019-01-16,233.46742248535156,19.040000915527344,0.002416888409609186
2019-01-17,235.23867797851562,18.059999465942383,0.007558100580727256
2019-01-18,238.36968994140625,17.799999237060547,0.013222137908676324
2019-01-22,235.14920043945312,20.799999237060547,-0.013602579430437522
2019-01-23,235.64129638671875,19.520000457763672,0.0020905100242991637
2019-01-24,235.76651000976562,18.889999389648438,0.0005312327216167034
2019-01-25,237.76138305664062,17.420000076293945,0.008425627624505161
2019-01-28,235.9544219970703,18.8700008392334,-0.007628919297635761
2019-01-29,235.64129638671875,19.1299991607666,-0.0013279410484861032
2019-01-30,239.37164306640625,17.65999984741211,0.015706617898484154
2019-01-31,241.47393798828125,16.56999969482422,0.008744213943249868
2019-02-01,241.5902099609375,16.139999389648438,0.0004813935184193596
2019-02-04,243.2898406982422,15.729999542236328,0.007010549087679507
2019-02-05,244.30972290039062,15.569999694824219,0.004183283848482766
2019-02-06,243.98770141601562,15.380000114440918,-0.0013189565007820647
2019-02-07,241.6617889404297,16.3700008392334,-0.009578637702055914
2019-02-08,241.9569854736328,15.720000267028809,0.0012207820931768865
2019-02-11,242.0911865234375,15.970000267028809,0.000554494618540069
2019-02-12,245.20436096191406,15.430000305175781,0.01277753022999839
2019-02-13,246.00042724609375,15.649999618530273,0.0032412834737804985
2019-02-14,245.45477294921875,16.219999313354492,-0.002220566679822511
2019-02-15,248.1295928955078,14.90999984741211,0.010838455656475787
2019-02-19,248.55899047851562,14.880000114440918,0.001729041916235019
2019-02-20,249.05995178222656,14.020000457763672,0.002013434097476008
2019-02-21,248.1743621826172,14.460000038146973,-0.0035620652522299068
2019-02-22,249.7130126953125,13.510000228881836,0.006180736803378828
2019-02-25,250.05294799804688,14.850000381469727,0.0013603781845699103
2019-02-26,249.87403869628906,15.170000076293945,-0.000715741754925503
2019-02-27,249.76669311523438,14.699999809265137,-0.0004296910794971964
2019-02-28,249.30142211914062,14.779999732971191,-0.0018645596329918135
2019-03-01,250.85806274414062,13.569999694824219,0.006224597146267108
2019-03-04,249.94554138183594,14.630000114440918,-0.003644232448313467
2019-03-05,249.60560607910156,14.739999771118164,-0.0013609631643598519
2019-03-06,248.09378051757812,15.739999771118164,-0.0060752745622263404
2019-03-07,246.0184326171875,16.59000015258789,-0.008400359470168262
2019-03-08,245.52633666992188,16.049999237060547,-0.0020022433048350052
2019-03-11,249.08676147460938,14.329999923706055,0.014397056272147601
2019-03-12,250.0260772705078,13.770000457763672,0.0037639460736897945
2019-03-13,251.6810760498047,13.40999984741211,0.006597493264437482
2019-03-14,251.52003479003906,13.5,-0.0006400672088933135
2019-03-15,252.7626495361328,12.880000114440918,0.004928256708936374
2019-03-18,253.6791229248047,13.100000381469727,0.0036192685474318864
2019-03-19,253.74203491210938,13.5600004196167,0.0002479675380318014
2019-03-20,252.97833251953125,13.90999984741211,-0.0030142975096829616
2019-03-21,255.835693359375,13.630000114440918,0.011231572763461095
2019-03-22,250.9117431640625,16.479999542236328,-0.01943415916982083
2019-03-25,250.7230224609375,16.329999923706055,-0.0007524227783264337
2019-03-26,252.59197998046875,14.680000305175781,0.0074266258729345225
2019-03-27,251.27113342285156,15.149999618530273,-0.0052428905712211815
2019-03-28,252.22361755371094,14.430000305175781,0.003783496313451984
2019-03-29,253.81396484375,13.710000038146973,0.006285511516392006
2019-04-01,256.82403564453125,13.399999618530273,0.011789587390924616
2019-04-02,256.94976806640625,13.359999656677246,0.0004894466143543497
2019-04-03,257.3540344238281,13.739999771118164,0.0015720919764756758
2019-04-04,258.03692626953125,13.579999923706055,0.0026499969825533043
2019-04-05,259.2859802246094,12.819999694824219,0.004828923546858377
2019-04-08,259.48358154296875,13.180000305175781,0.0007618077176410054
2019-04-09,258.1537780761719,14.279999732971191,-0.005137984604581369
2019-04-10,259.03436279296875,13.300000190734863,0.003405281359509793
2019-04-11,258.9625244140625,13.020000457763672,-0.0002773699268896479
2019-04-12,260.7146301269531,12.010000228881836,0.006743080146852876
2019-04-15,260.5437927246094,12.319999694824219,-0.0006554806636058785
2019-04-16,260.7146301269531,12.180000305175781,0.0006554806636058785
2019-04-17,260.07666015625,12.600000381469727,-0.002450003683721391
2019-04-18,260.5888366699219,12.09000015258789,0.0019673924314087543
2019-04-22,260.8135070800781,12.420000076293945,0.0008617929196308438
2019-04-23,263.1585388183594,12.279999732971191,0.008951040093954532
2019-04-24,262.5745544433594,13.140000343322754,-0.0022216011229785337
2019-04-25,262.41278076171875,13.25,-0.0006162955786264135
2019-04-26,263.6347351074219,12.729999542236328,0.0046458029234086595
2019-04-29,264.0481262207031,13.109999656677246,0.0015668168445372999
2019-04-30,264.1828308105469,13.119999885559082,0.0005100215766251637
2019-05-01,262.1971740722656,14.800000190734863,-0.007544610884438363
2019-05-02,261.6311340332031,14.420000076293945,-0.0021611671252514952
2019-05-03,264.19189453125,12.869999885559082,0.009740085936504883
2019-05-06,263.104736328125,15.4399995803833,-0.004123522434819726
2019-05-07,258.7109069824219,19.31999969482422,-0.016840940852212327
2019-05-08,258.3514404296875,19.399999618530273,-0.0013904188245206228
2019-05-09,257.56982421875,19.100000381469727,-0.003029984854216572
2019-05-10,258.8636474609375,16.040000915527344,0.005010620031679736
2019-05-13,252.3583526611328,20.549999237060547,-0.0254513536446197
2019-05-14,254.64060974121094,18.059999465942383,0.009003065745837091
2019-05-15,256.13214111328125,16.440000534057617,0.005840310036719032
2019-05-16,258.5042724609375,15.289999961853027,0.009218734177013133
2019-05-17,256.8330383300781,15.960000038146973,-0.0064860042332846035
2019-05-20,255.13482666015625,16.309999465942383,-0.006634080044398694
2019-05-21,257.4350280761719,14.949999809265137,0.00897523268589584
2019-05-22,256.6444091796875,14.75,-0.0030758651777169632
2019-05-23,253.50845336914062,16.920000076293945,-0.01229433583862427
2019-05-24,254.08352661132812,15.850000381469727,0.0022658887883029166
2019-05-28,251.7203826904297,17.5,-0.009344178927765512
2019-05-29,250.03115844726562,17.899999618530273,-0.006733335074454061
2019-05-30,250.7140655517578,17.299999237060547,0.0027275648179667655
2019-05-31,247.3356170654297,18.709999084472656,-0.013566920828307794
2019-06-03,246.7066650390625,18.860000610351562,-0.00254614792674257
2019-06-04,252.06182861328125,16.969999313354492,0.02147436910955669
2019-06-05,254.24525451660156,16.09000015258789,0.008624961062044356
2019-06-06,255.89854431152344,15.930000305175781,0.006481684524698217
2019-06-07,258.4592590332031,16.299999237060547,0.009957021595671023
2019-06-10,259.6453857421875,15.9399995803833,0.0045787228243465705
2019-06-11,259.5824890136719,15.989999771118164,-0.00024227023194001163
2019-06-12,259.1241760253906,15.90999984741211,-0.0017671379160475453
2019-06-13,260.1934814453125,15.819999694824219,0.004118122754845466
2019-06-14,259.9059753417969,15.279999732971191,-0.0011055813615996612
2019-06-17,260.0047302246094,15.350000381469727,0.0003798917119537393
2019-06-18,262.727294921875,15.149999618530273,0.010416768764219597
2019-06-19,263.32037353515625,14.329999923706055,0.0022548483726021473
2019-06-20,265.8362121582031,14.75,0.00950893420906862
2019-06-21,265.44970703125,15.399999618530273,-0.001454980006727169
2019-06-24,265.124755859375,15.260000228881836,-0.001224903327362803
2019-06-25,262.52435302734375,16.280000686645508,-0.009856640867419664
2019-06-26,262.2625732421875,16.209999084472656,-0.0009976613126791989
2019-06-27,263.1925354003906,15.819999694824219,0.0035396482549074904
2019-06-28,264.5467834472656,15.079999923706055,0.0051322725865121654
2019-07-01,266.9485778808594,14.0600004196167,0.0090379369507394
2019-07-02,267.6437072753906,12.930000305175781,0.002600597897135515
2019-07-03,269.7836608886719,12.569999694824219,0.007963736310750313
2019-07-05,269.4766540527344,13.279999732971191,-0.0011386221481526348
2019-07-08,267.9958190917969,13.960000038146973,-0.005510379719776637
2019-07-09,268.3299560546875,14.09000015258789,0.00124602255422257
2019-07-10,269.612060546875,13.029999732971191,0.004766710464077839
2019-07-11,270.24407958984375,12.930000305175781,0.002341436115011142
2019-07-12,271.4539794921875,12.390000343322754,0.0044670712548917635
2019-07-15,271.54425048828125,12.680000305175781,0.00033249094358467346
2019-07-16,270.66839599609375,12.859999656677246,-0.0032306706959266407
2019-07-17,268.8265380859375,13.970000267028809,-0.006828108847301451
2019-07-18,269.8106384277344,13.529999732971191,0.0036540420144923758
2019-07-19,268.3119201660156,14.449999809265137,-0.005570188845807955
2019-07-22,268.97100830078125,13.529999732971191,0.0024534130174096447
2019-07-23,270.8941345214844,12.609999656677246,0.00712449907480206
2019-07-24,272.16717529296875,12.069999694824219,0.004688395510321186
2019-07-25,270.8670349121094,12.739999771118164,-0.004788438152454333
2019-07-26,272.6818542480469,12.15999984741211,0.006677692166902283
2019-07-29,272.18524169921875,12.829999923706055,-0.001822876404308893
2019-07-30,271.5171813964844,13.9399995803833,-0.002457449555347324
2019-07-31,268.546630859375,16.1200008392334,-0.011000850000749018
2019-08-01,266.2081298828125,17.8700008392334,-0.008746124598153493
2019-08-02,264.2037353515625,17.610000610351562,-0.007557915664733628
2019-08-05,256.2582702636719,24.59000015258789,-0.030534726204846763
2019-08-06,259.851806640625,20.170000076293945,0.01392568992768961
2019-08-07,260.0052795410156,19.489999771118164,0.0005904426771463633
2019-08-08,265.106689453125,16.90999984741211,0.01943040993745715
2019-08-09,263.30078125,17.969999313354492,-0.0068353130282030605
2019-08-12,260.09552001953125,21.09000015258789,-0.012248085408800513
2019-08-13,264.1405029296875,17.520000457763672,0.015432221404028112
2019-08-14,256.3304748535156,22.100000381469727,-0.03001364028218667
2019-08-15,257.00775146484375,21.18000030517578,0.0026387164235375238
2019-08-16,260.7998962402344,18.469999313354492,0.014647186418375924
2019-08-19,263.94189453125,16.8799991607666,0.011975550248438438
2019-08-20,261.9194641113281,17.5,-0.0076919148296061834
2019-08-21,264.0503234863281,15.800000190734863,0.008102636627778104
2019-08-22,263.968994140625,16.68000030517578,-0.0003080544352496162
2019-08-23,257.18829345703125,19.8700008392334,-0.0260231738146679
2019-08-26,260.0323181152344,19.31999969482422,0.010997447736827759
2019-08-27,259.0121154785156,20.309999465942383,-0.003931085219265107
2019-08-28,260.8359680175781,19.350000381469727,0.00701689620623025
2019-08-29,264.1675720214844,17.8799991607666,0.012691909567076998
2019-08-30,264.0503234863281,18.979999542236328,-0.00044394004095238415
2019-09-03,262.5063171386719,19.65999984741211,-0.005864557214874111
2019-09-04,265.4858093261719,17.329999923706055,0.011286243355616676
2019-09-05,268.89874267578125,16.270000457763672,0.012773497070032391
2019-09-06,269.1064758300781,15.0,0.0007722347571172961
2019-09-09,269.2419128417969,15.270000457763672,0.0005031574995895127
2019-09-10,269.1785583496094,15.199999809265137,-0.00023533463480607253
2019-09-11,271.0927734375,14.609999656677246,0.007086154623527463
2019-09-12,272.0318908691406,14.220000267028809,0.00345820556229981
2019-09-13,271.8512878417969,13.739999771118164,-0.0006641243599769808
2019-09-16,271.0115966796875,14.670000076293945,-0.0030935687655819777
2019-09-17,271.6977844238281,14.4399995803833,0.0025287497643837753
2019-09-18,271.8603210449219,13.949999809265137,0.0005980469219490914
2019-09-19,271.8421936035156,14.050000190734863,-6.668146982757861e-05
2019-09-20,270.5578918457031,15.319999694824219,-0.004735634054771509
2019-09-23,270.4942321777344,14.90999984741211,-0.00023531806063026295
2019-09-24,268.3717956542969,17.049999237060547,-0.007877458920547475
2019-09-25,269.95916748046875,15.960000038146973,0.005897399687244231
2019-09-26,269.3967590332031,16.06999969482422,-0.002085482418774376
2019-09-27,267.9454040527344,17.219999313354492,-0.005401990052388506
2019-09-30,269.1881103515625,16.239999771118164,0.004627186659501348
2019-10-01,265.98614501953125,18.559999465942383,-0.011966209163833064
2019-10-02,261.28759765625,20.559999465942383,-0.0178225136344059
2019-10-03,263.4283142089844,19.1200008392334,0.008159571232635443
2019-10-04,266.99310302734375,17.040000915527344,0.013441548077705257
2019-10-07,265.841064453125,17.860000610351562,-0.004324198558062875
2019-10-08,261.7138977050781,20.280000686645508,-0.01564671454055766
2019-10-09,264.1993408203125,18.639999389648438,0.00945198347277909
2019-10-10,265.98614501953125,17.56999969482422,0.006740323949906646
2019-10-11,268.7436828613281,15.579999923706055,0.010313852500926757
2019-10-14,268.4443054199219,14.569999694824219,-0.0011146097043548409
2019-10-15,271.1020812988281,13.539999961853027,0.009851969882709533
2019-10-16,270.6666259765625,13.680000305175781,-0.001607532551037849
2019-10-17,271.46484375,13.789999961853027,0.002944740878636054
2019-10-18,270.2767028808594,14.25,-0.004386382331388994
2019-10-21,272.10882568359375,14.0,0.006755820996635187
2019-10-22,271.2200012207031,14.460000038146973,-0.003271776543956939
2019-10-23,272.0090637207031,14.010000228881836,0.0029050840828146463
2019-10-24,272.4535827636719,13.710000038146973,0.0016328728687140526
2019-10-25,273.56927490234375,12.649999618530273,0.004086618996700153
2019-10-28,275.11126708984375,13.109999656677246,0.005620743325606803
2019-10-29,275.0295104980469,13.199999809265137,-0.000297220623264316
2019-10-30,275.8731994628906,12.329999923706055,0.003062935103359976
2019-10-31,275.1383972167969,13.220000267028809,-0.002667104235564821
2019-11-01,277.6872863769531,12.300000190734863,0.009221377723890534
2019-11-04,278.8029479980469,12.829999923706055,0.004009641308710066
2019-11-05,278.4945983886719,13.100000381469727,-0.0011065889051184996
2019-11-06,278.5580749511719,12.619999885559082,0.00022790147435891583
2019-11-07,279.5377502441406,12.729999542236328,0.0035107816794068825
2019-11-08,280.2270202636719,12.069999694824219,0.0024627143550759456
2019-11-11,279.6919250488281,12.6899995803833,-0.0019113315676273501
2019-11-12,280.28143310546875,12.680000305175781,0.0021054868623089362
2019-11-13,280.3721618652344,13.0,0.00032365354069430197
2019-11-14,280.78033447265625,13.050000190734863,0.001454765619227416
2019-11-15,282.81219482421875,12.050000190734863,0.007210419049198613
2019-11-18,283.0207214355469,12.460000038146973,0.0007370607639680671
2019-11-19,282.9390869140625,12.859999656677246,-0.00028848169373940635
2019-11-20,281.88690185546875,12.779999732971191,-0.003725700646271868
2019-11-21,281.43341064453125,13.130000114440918,-0.0016100655305351097
2019-11-22,282.059326171875,12.34000015258789,0.002221557595593282
2019-11-25,284.24530029296875,11.869999885559082,0.007720173475997072
2019-11-26,284.8893127441406,11.539999961853027,0.0022631297105899506
2019-11-27,286.15924072265625,11.75,0.004447713121056296
2019-11-29,285.09796142578125,12.619999885559082,-0.003715596105762664
2019-12-02,282.67620849609375,14.90999984741211,-0.008530742483887188
2019-12-03,280.78033447265625,15.960000038146973,-0.0067294672562070446
2019-12-04,282.5128173828125,14.800000190734863,0.00615128505396445
2019-12-05,283.0207214355469,14.520000457763672,0.0017961947592022298
2019-12-06,285.6059265136719,13.619999885559082,0.009092865765373048
2019-12-09,284.7078857421875,15.859999656677246,-0.00314928902094902
2019-12-10,284.3904724121094,15.680000305175781,-0.0011154956201995248
2019-12-11,285.1977844238281,14.989999771118164,0.0028347233027945506
2019-12-12,287.6558837890625,13.9399995803833,0.00858199777129709
2019-12-13,287.82818603515625,12.630000114440918,0.0005988080653382966
2019-12-16,289.80560302734375,12.140000343322754,0.006846637970798319
2019-12-17,289.86920166015625,12.289999961853027,0.0002194286608752094
2019-12-18,289.88720703125,12.579999923706055,6.211357331942224e-05
2019-12-19,291.07537841796875,12.5,0.004090359940862598
2019-12-20,292.3515930175781,12.510000228881836,0.0043748976225836955
2019-12-23,292.7982482910156,12.609999656677246,0.0015266358414693926
2019-12-24,292.807373046875,12.670000076293945,3.1163484528917706e-05
2019-12-26,294.3661193847656,12.649999618530273,0.005309333679426764
2019-12-27,294.2930908203125,13.430000305175781,-0.0002481183121298969
2019-12-30,292.6706237792969,14.819999694824219,-0.00552835254685391
2019-12-31,293.3816223144531,13.779999732971191,0.0024264010204699815
2020-01-02,296.1252746582031,12.470000267028809,0.009308363204119985
2020-01-03,293.8829650878906,14.020000457763672,-0.007600979833887855
2020-01-06,295.004150390625,13.850000381469727,0.0038078152093303785
2020-01-07,294.1746520996094,13.789999961853027,-0.0028157796430345883
2020-01-08,295.7424011230469,13.449999809265137,0.005315163227573194
2020-01-09,297.747802734375,12.539999961853027,0.006758019696537332
2020-01-10,296.8908996582031,12.5600004196167,-0.0028820985444735214
2020-01-13,298.9327697753906,12.319999694824219,0.006853967760333646
2020-01-14,298.4769592285156,12.390000343322754,-0.0015259565192646818
2020-01-15,299.1514587402344,12.420000076293945,0.002257254768451844
2020-01-16,301.63995361328125,12.319999694824219,0.008284103444975877
2020-01-17,302.578857421875,12.100000381469727,0.0031078296377220482
2020-01-21,301.9863586425781,12.850000381469727,-0.001960082893450732
2020-01-22,302.0228576660156,12.90999984741211,0.00012085584953513973
2020-01-23,302.369140625,12.979999542236328,0.001145888753836033
2020-01-24,299.68017578125,14.5600004196167,-0.008932765641580964
2020-01-27,294.8764953613281,18.229999542236328,-0.016159216373540453
2020-01-28,297.9665832519531,16.280000686645508,0.010424734593964757
2020-01-29,297.720458984375,16.389999389648438,-0.0008263543241087135
2020-01-30,298.6866760253906,15.489999771118164,0.003240128528352315
2020-01-31,293.2631530761719,18.84000015258789,-0.01832477838104296
2020-02-03,295.441650390625,17.969999313354492,0.007401017438819935
2020-02-04,299.94464111328125,16.049999237060547,0.01512657126490069
2020-02-05,303.4082336425781,15.149999618530273,0.011481276452340872
2020-02-06,304.42926025390625,14.960000038146973,0.0033595412652234202
2020-02-07,302.80670166015625,15.470000267028809,-0.005344092106242648
2020-02-10,305.06732177734375,15.039999961853027,0.007437825772151463
2020-02-11,305.5959777832031,15.180000305175781,0.0017314161119790228
2020-02-12,307.5648498535156,13.739999771118164,0.006422063342593987
2020-02-13,307.2366943359375,14.149999618530273,-0.0010675169958282993
2020-02-14,307.72900390625,13.680000305175781,0.0016010963762367325
2020-02-18,306.93597412109375,14.829999923706055,-0.0025803657391367807
2020-02-19,308.4034729003906,14.380000114440918,0.004769730166242603
2020-02-20,307.136474609375,15.5600004196167,-0.004116711142768459
2020-02-21,303.97344970703125,17.079999923706055,-0.01035183040677179
2020-02-24,293.89208984375,25.030000686645508,-0.03372770248740942
2020-02-25,284.98651123046875,27.850000381469727,-0.030770808482031953
2020-02-26,283.93829345703125,27.559999465942383,-0.003684912139212848
2020-02-27,271.18609619140625,39.15999984741211,-0.04595165097228282
2020-02-28,270.0467834472656,40.11000061035156,-0.004210071005781302
2020-03-02,281.74151611328125,33.41999816894531,0.04239482505192793
2020-03-03,273.674560546875,36.81999969482422,-0.02905037582616732
2020-03-04,285.1778564453125,31.989999771118164,0.041173378087286494
2020-03-05,275.6981506347656,39.619998931884766,-0.03380643321107524
2020-03-06,271.14056396484375,41.939998626708984,-0.016669237491755418
2020-03-09,249.96597290039062,54.459999084472656,-0.0813125724254169
2020-03-10,262.90032958984375,47.29999923706055,0.05045018520483158
2020-03-11,250.08444213867188,53.900001525878906,-0.049976356019074686
2020-03-12,226.1570587158203,75.47000122070312,-0.10056892140967211
2020-03-13,245.49034118652344,57.83000183105469,0.08202789504854646
2020-03-16,218.6278839111328,82.69000244140625,-0.11588647864154833
2020-03-17,230.43206787109375,75.91000366210938,0.05258497822160102
2020-03-18,218.76463317871094,76.44999694824219,-0.0519596850732702
2020-03-19,219.22952270507812,72.0,0.002122812346699199
2020-03-20,209.781982421875,66.04000091552734,-0.04405041738535598
2020-03-23,204.41824340820312,61.59000015258789,-0.02590070468149186
2020-03-24,222.93922424316406,61.66999816894531,0.08673108947749864
2020-03-25,226.27664184570312,63.95000076293945,0.014859132372748718
2020-03-26,239.48886108398438,61.0,0.05674857706375125
2020-03-27,232.35557556152344,65.54000091552734,-0.030238055091085236
2020-03-30,239.90147399902344,57.08000183105469,0.031959462415064976
2020-03-31,236.32566833496094,53.540000915527344,-0.01501750970875193
2020-04-01,225.68984985351562,57.060001373291016,-0.046049093378217165
2020-04-02,230.89768981933594,50.90999984741211,0.02281300023458943
2020-04-03,227.5602569580078,46.79999923706055,-0.014559642127334627
2020-04-06,242.8446044921875,45.2400016784668,0.0650066820248636
2020-04-07,243.09217834472656,46.70000076293945,0.001018955068659011
2020-04-08,251.25242614746094,43.349998474121094,0.03301740947169307
2020-04-09,255.07583618164062,41.66999816894531,0.015102782100548495
2020-04-13,252.7469482421875,41.16999816894531,-0.00917211412271346
2020-04-14,260.201171875,37.7599983215332,0.029066286202580116
2020-04-15,254.67236328125,40.84000015258789,-0.02147720066171832
2020-04-16,255.90101623535156,40.11000061035156,0.0048128452247953035
2020-04-17,262.8143005371094,38.150001525878906,0.026656986798338167
2020-04-20,258.18408203125,43.83000183105469,-0.01777487442745951
2020-04-21,250.34478759765625,45.40999984741211,-0.03083370865086099
2020-04-22,255.90101623535156,41.97999954223633,0.021951596279982333
2020-04-23,255.88270568847656,41.380001068115234,-7.155580022732977e-05
2020-04-24,259.4493408203125,35.93000030517578,0.01384230655128249
2020-04-27,263.1903076171875,33.290000915527344,0.01431590848092501
2020-04-28,261.9799499511719,33.56999969482422,-0.004609399681598347
2020-04-29,268.8382263183594,31.229999542236328,0.02584183561492992
2020-04-30,266.3350830078125,34.150001525878906,-0.009354582976022208
2020-05-01,259.2842712402344,37.189998626708984,-0.02683019440425749
2020-05-04,259.9995422363281,35.970001220703125,0.002754838220980993
2020-05-05,262.4017028808594,33.61000061035156,0.009196676301827189
2020-05-06,260.6229553222656,34.119998931884766,-0.006801799450276924
2020-05-07,263.76788330078125,31.440000534057617,0.011994739239673535
2020-05-08,268.1321716308594,27.979999542236328,0.016410550190083306
2020-05-11,268.1871643066406,27.56999969482422,0.00020507437375183457
2020-05-12,262.841796875,33.040000915527344,-0.020132792649879327
2020-05-13,258.1932373046875,35.279998779296875,-0.017844032013813127
2020-05-14,261.2830505371094,32.61000061035156,0.011896018134519792
2020-05-15,262.4842834472656,31.889999389648438,0.004586903147041355
2020-05-18,270.4794006347656,29.299999237060547,0.03000473480797261
2020-05-19,267.7012634277344,30.530000686645508,-0.010324272384514721
2020-05-20,272.2489929199219,27.989999771118164,0.01684539262499296
2020-05-21,270.36932373046875,29.530000686645508,-0.006928172715070957
2020-05-22,270.8828430175781,28.15999984741211,0.0018975238261900174
2020-05-26,274.22027587890625,28.010000228881836,0.012245296160579677
2020-05-27,278.3003845214844,27.6200008392334,0.014769340233128148
2020-05-28,277.78692626953125,28.59000015258789,-0.0018466826626220012
2020-05-29,279.0246887207031,27.510000228881836,0.004445900396661706
2020-06-01,280.15240478515625,28.229999542236328,0.004033489949622826
2020-06-02,282.47222900390625,26.84000015258789,0.008246483449010356
2020-06-03,286.2314147949219,25.65999984741211,0.013220384936663443
2020-06-04,285.47955322265625,25.809999465942383,-0.0026302171823768816
2020-06-05,292.7962951660156,24.520000457763672,0.025306719787938192
2020-06-08,296.33538818359375,25.809999465942383,0.012014752189026368
2020-06-09,294.1257019042969,27.56999969482422,-0.00748464761497214
2020-06-10,292.4844665527344,27.56999969482422,-0.005595674000497652
2020-06-11,275.62310791015625,40.790000915527344,-0.05937717800663922
2020-06-12,278.9238586425781,36.09000015258789,0.011904455031567451
2020-06-15,281.52777099609375,34.400001525878906,0.009292259857068608
2020-06-16,286.9465026855469,33.66999816894531,0.019064700251001376
2020-06-17,285.754638671875,33.470001220703125,-0.004162260726570111
2020-06-18,285.8645935058594,32.939998626708984,0.0003847135615844266
2020-06-19,284.2309265136719,35.119998931884766,-0.005731220143138316
2020-06-22,286.0543518066406,31.770000457763672,0.006394804762251738
2020-06-23,287.37127685546875,31.3700008392334,0.004593193252315331
2020-06-24,280.04083251953125,33.84000015258789,-0.025839604334647603
2020-06-25,283.0429382324219,32.220001220703125,0.010663188373113641
2020-06-26,276.32025146484375,34.72999954223633,-0.02403808688970699
2020-06-29,280.38153076171875,31.780000686645508,0.014590761074841474
2020-06-30,283.97308349609375,30.43000030517578,0.012728171725259863
2020-07-01,285.9622802734375,28.6200008392334,0.006980457718731792
2020-07-02,287.5369873046875,27.68000030517578,0.005491588490913024
2020-07-06,291.9757995605469,27.940000534057617,0.015319417159310511
2020-07-07,288.9643859863281,29.43000030517578,-0.010367471978844911
2020-07-08,291.17462158203125,28.079999923706055,0.007619712726498307
2020-07-09,289.5169677734375,29.260000228881836,-0.005709255452161166
2020-07-10,292.47308349609375,27.290000915527344,0.01015873429014924
2020-07-13,289.9406433105469,32.189998626708984,-0.008696416410452379
2020-07-14,293.697998046875,29.520000457763672,0.012875798069967637
2020-07-15,296.39617919921875,27.760000228881836,0.009144980786407686
2020-07-16,295.4200439453125,28.0,-0.003298781280135721
2020-07-17,296.2764587402344,25.68000030517578,0.002894779296750194
2020-07-20,298.6708984375,24.459999084472656,0.008049292417434906
2020-07-21,299.3062744140625,24.84000015258789,0.0021250851855940667
2020-07-22,301.00994873046875,24.31999969482422,0.005675938195760288
2020-07-23,297.41839599609375,26.079999923706055,-0.012003428277363781
2020-07-24,295.50299072265625,25.84000015258789,-0.006460930502201201
2020-07-27,297.6579284667969,24.739999771118164,0.007265978439055409
2020-07-28,295.77008056640625,25.440000534057617,-0.006362538472359347
2020-07-29,299.4076232910156,24.100000381469727,0.012223535904732685
2020-07-30,298.33935546875,24.760000228881836,-0.0035743182234355686
2020-07-31,300.6968994140625,24.459999084472656,0.007871163382610291
2020-08-03,302.78729248046875,24.280000686645508,0.006927775259121027
2020-08-04,303.9569091796875,23.760000228881836,0.0038553912663275014
2020-08-05,305.8447570800781,22.989999771118164,0.006191698173564575
2020-08-06,307.88922119140625,22.649999618530273,0.006662403406402007
2020-08-07,308.1102294921875,22.209999084472656,0.0007175600887920908
2020-08-10,309.0311279296875,22.1299991607666,0.0029844025519789597
2020-08-11,306.4802551269531,24.030000686645508,-0.00828867662611188
2020-08-12,310.7532653808594,22.280000686645508,0.013845905565051275
2020-08-13,310.1914978027344,22.1299991607666,-0.0018093967924297516
2020-08-14,310.2006530761719,22.049999237060547,2.9514472178249207e-05
2020-08-17,311.18609619140625,21.350000381469727,0.0031717571786948895
2020-08-18,311.85833740234375,21.510000228881836,0.0021579246537051233
2020-08-19,310.55987548828125,22.540000915527344,-0.004172319417499182
2020-08-20,311.52679443359375,22.719999313354492,0.003108633477369338
2020-08-21,312.6319274902344,22.540000915527344,0.0035411960858438007
2020-08-24,315.7998962402344,22.3700008392334,0.010082225202467043
2020-08-25,316.9049987792969,22.030000686645508,0.003493267308505743
2020-08-26,320.0822448730469,23.270000457763672,0.009975937430933612
2020-08-27,320.7820739746094,24.469999313354492,0.0021840173002569685
2020-08-28,322.8540344238281,22.959999084472656,0.006438319974326312
2020-08-31,321.68450927734375,26.40999984741211,-0.0036290348853667
2020-09-01,324.7143249511719,26.1200008392334,0.009374515243826487
2020-09-02,329.4109802246094,26.56999969482422,0.014360355570850025
2020-09-03,318.07452392578125,33.599998474121094,-0.03502044391127157
2020-09-04,315.4775085449219,30.75,-0.008198316140451745
2020-09-08,306.8577880859375,31.459999084472656,-0.027702981879313526
2020-09-09,312.9173583984375,28.809999465942383,0.019554715729854344
2020-09-10,307.4841003417969,29.709999084472656,-0.017515745297776775
2020-09-11,307.6405334472656,26.8700008392334,0.0005086224815205043
2020-09-14,311.69256591796875,25.850000381469727,0.013085334184325781
2020-09-15,313.26739501953125,25.59000015258789,0.005039786652939249
2020-09-16,312.024169921875,26.040000915527344,-0.003976470515675068
2020-09-17,309.2798767089844,26.459999084472656,-0.00883403568621599
2020-09-18,305.7191467285156,25.829999923706055,-0.011579757473108465
2020-09-21,302.31658935546875,27.780000686645508,-0.011192081941367782
2020-09-22,305.3955078125,26.860000610351562,0.010132906076848691
2020-09-23,298.3131408691406,28.579999923706055,-0.02346394040494193
2020-09-24,299.1083068847656,28.510000228881836,0.0026619951063837632
2020-09-25,303.9439697265625,26.3799991607666,0.01603763612410347
2020-09-28,308.9923095703125,26.190000534057617,0.01647301415703062
2020-09-29,307.30950927734375,26.270000457763672,-0.005460975202661089
2020-09-30,309.6394958496094,26.3700008392334,0.0075532908894082595
2020-10-01,311.62744140625,26.700000762939453,0.006399672096642384
2020-10-02,308.66864013671875,27.6299991607666,-0.009540036760337323
2020-10-05,314.1423034667969,27.959999084472656,0.01757773951108721
2020-10-06,309.676513671875,29.479999542236328,-0.014317830634936968
2020-10-07,315.06695556640625,28.059999465942383,0.01725692522692235
2020-10-08,317.8591613769531,26.360000610351562,0.008823222332076774
2020-10-09,320.6976318359375,25.0,0.008890326388169001
2020-10-12,325.8569030761719,25.06999969482422,0.015959615069460753
2020-10-13,323.73040771484375,26.06999969482422,-0.0065472429102664265
2020-10-14,321.6961975097656,26.399999618530273,-0.006303480284800322
2020-10-15,321.29864501953125,26.969999313354492,-0.001236565255573474
2020-10-16,321.1045227050781,27.40999984741211,-0.0006043628989234051
2020-10-19,316.22265625,29.18000030517578,-0.01532011217928897
2020-10-20,317.4894104003906,29.350000381469727,0.003997890853840502
2020-10-21,316.8883056640625,28.649999618530273,-0.0018951009816614572
2020-10-22,318.6265869140625,28.110000610351562,0.005470479465715883
2020-10-23,319.70831298828125,27.549999237060547,0.00338921500248901
2020-10-26,313.8001708984375,32.459999084472656,-0.018652673285219024
2020-10-27,312.7184143066406,33.349998474121094,-0.0034532340853781207
2020-10-28,302.03009033203125,40.279998779296875,-0.03477650155035228
2020-10-29,305.0997009277344,37.59000015258789,0.01011196220625088
2020-10-30,301.91900634765625,38.02000045776367,-0.010479820975271004
2020-11-02,305.3031311035156,37.130001068115234,0.011146365010252346
2020-11-03,310.693603515625,35.54999923706055,0.017502073340330604
2020-11-04,317.6371765136719,29.56999969482422,0.022102548182674653
2020-11-05,323.8320617675781,27.579999923706055,0.019315276499437317
2020-11-06,323.7581481933594,24.860000610351562,-0.0002282726743016994
2020-11-09,327.8263244628906,25.75,0.012487188699662255
2020-11-10,327.3455810546875,24.799999237060547,-0.0014675339111285268
2020-11-11,329.7772521972656,23.450000762939453,0.0074009975579514276
2020-11-12,326.578125,25.350000381469727,-0.00974823286977955
2020-11-13,331.0994567871094,23.100000381469727,0.013749603582398962
2020-11-16,335.232421875,22.450000762939453,0.012405283980274184
2020-11-17,333.4294128417969,22.709999084472656,-0.005392900594554995
2020-11-18,329.41668701171875,23.84000015258789,-0.012107712037146001
2020-11-19,330.8035888671875,23.110000610351562,0.004201336875532036
2020-11-20,328.5382995605469,23.700000762939453,-0.006871391790982173
2020-11-23,330.5076904296875,22.65999984741211,0.005976507743151949
2020-11-24,335.8333435058594,21.639999389648438,0.015985107345897198
2020-11-25,335.3156433105469,21.25,-0.0015427283901479072
2020-11-27,336.2494812011719,20.84000015258789,0.00278108096573515
2020-11-30,334.7608337402344,20.56999969482422,-0.004437040296041417
2020-12-01,338.4222717285156,20.770000457763672,0.01087809264427353
2020-12-02,339.1341552734375,21.170000076293945,0.0021013269994938355
2020-12-03,339.04180908203125,21.280000686645508,-0.00027233696512674044
2020-12-04,341.9635009765625,20.790000915527344,0.008580578675308814
2020-12-07,341.26080322265625,21.299999237060547,-0.0020570052832216135
2020-12-08,342.2593994140625,20.68000030517578,0.0029219235891639883
2020-12-09,339.189697265625,22.270000457763672,-0.00900939755339003
2020-12-10,339.0787353515625,22.520000457763672,-0.0003271917421381332
2020-12-11,338.6811828613281,23.309999465942383,-0.0011731367557903383
2020-12-14,337.1648254394531,24.719999313354492,-0.004487294287971011
2020-12-15,341.7230529785156,22.889999389648438,0.013428715352508114
2020-12-16,342.2593994140625,22.5,0.0015683049867813992
2020-12-17,344.17327880859375,21.93000030517578,0.005576320634618881
2020-12-18,342.799072265625,21.56999969482422,-0.004000767640206071
2020-12-21,341.57330322265625,25.15999984741211,-0.003582173675103384
2020-12-22,340.9977111816406,24.229999542236328,-0.0016865415181843701
2020-12-23,341.3042297363281,23.309999465942383,0.0008984836680818731
2020-12-24,342.6319580078125,21.530000686645508,0.003882613504594623
2020-12-28,345.57537841796875,21.700000762939453,0.008553929032067309
2020-12-29,344.9161376953125,23.079999923706055,-0.001909483049620242
2020-12-30,345.40826416015625,22.770000457763672,0.0014257834342510378
2020-12-31,347.1632385253906,22.75,0.005068005584281998
2021-01-04,342.43695068359375,26.969999313354492,-0.013707542196247147
2021-01-05,344.79541015625,25.34000015258789,0.006863671928033277
2021-01-06,346.8568115234375,25.06999969482422,0.005960820789042032
2021-01-07,352.0102233886719,22.3700008392334,0.014748171015979139
2021-01-08,354.0158996582031,21.559999465942383,0.005681607519712806
2021-01-11,351.6294860839844,24.079999923706055,-0.006763801536679992
2021-01-12,351.7037658691406,23.329999923706055,0.00021122216311031394
2021-01-13,352.65087890625,22.209999084472656,0.00268930890129937
2021-01-14,351.4159240722656,23.25,-0.0035080651303527333
2021-01-15,348.8531799316406,24.34000015258789,-0.007319344997742228
2021-01-19,351.5923767089844,23.239999771118164,0.007821338047406812
2021-01-20,356.4578857421875,21.579999923706055,0.013743616454757301
2021-01-21,356.7828674316406,21.31999969482422,0.0009112819493184432
2021-01-22,355.52001953125,21.90999984741211,-0.003545820876587058
2021-01-25,356.9221496582031,23.190000534057617,0.003936128426612839
2021-01-26,356.36505126953125,23.020000457763672,-0.0015620594375604924
2021-01-27,347.6553039550781,37.209999084472656,-0.02474414735430308
2021-01-28,350.64520263671875,30.209999084472656,0.00856341052215992
2021-01-29,343.6254577636719,33.09000015258789,-0.020222614900226255
2021-02-01,349.34539794921875,30.239999771118164,0.016508833085614683
2021-02-02,354.2851257324219,25.559999465942383,0.014040917132507325
2021-02-03,354.5636901855469,22.90999984741211,0.000785962990160094
2021-02-04,358.5935363769531,21.770000457763672,0.011301544551078457
2021-02-05,360.0048828125,20.8700008392334,0.003928058321788441
2021-02-08,362.6048278808594,21.239999771118164,0.0071960181249099975
2021-02-09,362.36346435546875,21.6299991607666,-0.0006658595607369477
2021-02-10,362.20550537109375,21.989999771118164,-0.0004360081468490762
2021-02-11,362.79052734375,21.25,0.0016138628991999582
2021-02-12,364.5826416015625,19.969999313354492,0.004927643637732793
2021-02-16,364.2669372558594,21.459999084472656,-0.0008663086996429925
2021-02-17,364.3505554199219,21.5,0.00022952554741006992
2021-02-18,362.7997741699219,22.489999771118164,-0.00426537275184824
2021-02-19,362.15911865234375,22.049999237060547,-0.0017674262380786843
2021-02-22,359.37347412109375,23.450000762939453,-0.00772150391963855
2021-02-23,359.8099670410156,23.110000610351562,0.001213857128891327
2021-02-24,363.7748107910156,21.34000015258789,0.010959001772218535
2021-02-25,355.0093994140625,28.889999389648438,-0.024390758172185834
2021-02-26,353.1800842285156,27.950000762939453,-0.005166185876577245
2021-03-01,361.7413330078125,23.350000381469727,0.023951326240245763
2021-03-02,358.9185485839844,24.100000381469727,-0.007833928132282786
2021-03-03,354.1644287109375,26.670000076293945,-0.013334185402323229
2021-03-04,349.78173828125,28.56999969482422,-0.01245193812634593
2021-03-05,356.2164611816406,24.65999984741211,0.018229228049166935
2021-03-08,354.4429626464844,25.469999313354492,-0.004991145286767029
2021-03-09,359.5035705566406,24.030000686645508,0.014176671306396216
2021-03-10,361.7413330078125,22.559999465942383,0.006205297592155823
2021-03-11,365.4090270996094,21.90999984741211,0.01008794163357063
2021-03-12,365.9011535644531,20.690000534057617,0.001345876352172759
2021-03-15,368.0832824707031,20.030000686645508,0.0059459989291150706
2021-03-16,367.6190185546875,19.790000915527344,-0.0012620973918266998
2021-03-17,368.87255859375,19.229999542236328,0.0034040884877430955
2021-03-18,363.5055847167969,21.579999923706055,-0.01465655413391076
2021-03-19,362.83294677734375,20.950000762939453,-0.0018521339639088197
2021-03-22,365.7301330566406,18.8799991607666,0.007953193431982086
2021-03-23,362.8515625,20.299999237060547,-0.007901888154213665
2021-03-24,361.00701904296875,21.200000762939453,-0.00509643042581942
2021-03-25,363.0378723144531,19.809999465942383,0.005609758791293551
2021-03-26,368.88824462890625,18.860000610351562,0.01598657781740709
2021-03-29,368.701904296875,20.739999771118164,-0.0005052679628843038
2021-03-30,367.72381591796875,19.610000610351562,-0.002656313942259736
2021-03-31,369.21429443359375,19.399999618530273,0.004045063016885564
2021-04-01,373.201416015625,17.329999923706055,0.010741044023450108
2021-04-05,378.5580749511719,17.90999984741211,0.014251232368859945
2021-04-06,378.33447265625,18.1200008392334,-0.0005908429198662191
2021-04-07,378.7723388671875,17.15999984741211,0.0011566829226516973
2021-04-08,380.5702819824219,16.950000762939453,0.004735534199753921
2021-04-09,383.337158203125,16.690000534057617,0.007244040769125881
2021-04-12,383.47686767578125,16.90999984741211,0.00036438945947026014
2021-04-13,384.6133117675781,16.649999618530273,0.0029591445158088092
2021-04-14,383.2998046875,16.989999771118164,-0.0034209817046804147
2021-04-15,387.41741943359375,16.56999969482422,0.010685252111682253
2021-04-16,388.7123718261719,16.25,0.003336951135737287
2021-04-19,386.8025207519531,17.290000915527344,-0.004925385581850961
2021-04-20,383.9705810546875,18.68000030517578,-0.007348342680630893
2021-04-21,387.6037902832031,17.5,0.009417721005092972
2021-04-22,384.06365966796875,18.709999084472656,-0.009175339588218812
2021-04-23,388.22784423828125,17.329999923706055,0.010784075457960007
2021-04-26,389.038330078125,17.639999389648438,0.002085478978433919
2021-04-27,388.9545593261719,17.559999465942383,-0.00021535094579316905
2021-04-28,388.84271240234375,17.280000686645508,-0.0002875991692548041
2021-04-29,391.3207702636719,17.610000610351562,0.006352684405802833
2021-04-30,388.7495422363281,18.610000610351562,-0.006592321994541628
2021-05-03,389.58795166015625,18.309999465942383,0.0021543604276459405
2021-05-04,387.18450927734375,19.479999542236328,-0.006188298822800142
2021-05-05,387.3056335449219,19.149999618530273,0.000312784532348509
2021-05-06,390.39849853515625,18.389999389648438,0.007953876463451692
2021-05-07,393.23974609375,16.690000534057617,0.007251458254673437
2021-05-10,389.3458557128906,19.65999984741211,-0.009951428971992193
2021-05-11,385.8710021972656,21.84000015258789,-0.008964915437233323
2021-05-12,377.6730651855469,27.59000015258789,-0.02147420795646493
2021-05-13,382.2098693847656,23.1299991607666,0.011940939583633181
2021-05-14,388.07879638671875,18.809999465942383,0.015238548436659727
2021-05-17,387.09136962890625,19.719999313354492,-0.0025476400800092946
2021-05-18,383.7562561035156,21.34000015258789,-0.008653161077132765
2021-05-19,382.7501220703125,22.18000030517578,-0.002625247851036683
2021-05-20,386.8677673339844,20.670000076293945,0.010700594698802135
2021-05-21,386.551025390625,20.149999618530273,-0.0008190697305181516
2021-05-24,390.4916076660156,18.399999618530273,0.010142599360952964
2021-05-25,389.62530517578125,18.84000015258789,-0.00222095645427256
2021-05-26,390.39849853515625,17.360000610351562,0.001982487223938456
2021-05-27,390.6034240722656,16.739999771118164,0.0005247760239255328
2021-05-28,391.3021545410156,16.760000228881836,0.0017872507214580224
2021-06-01,390.95733642578125,17.899999618530273,-0.0008815952802088134
2021-06-02,391.5723571777344,17.479999542236328,0.001571878699589746
2021-06-03,390.1190490722656,18.040000915527344,-0.0037183721564204575
2021-06-04,393.6870422363281,16.420000076293945,0.00910433804789168
2021-06-07,393.30499267578125,16.420000076293945,-0.0009709109460089849
2021-06-08,393.3888854980469,17.06999969482422,0.00021327945954929817
2021-06-09,392.8019104003906,17.889999389648438,-0.0014932131227753942
2021-06-10,394.6278381347656,16.100000381469727,0.004637698818160452
2021-06-11,395.2799377441406,15.649999618530273,0.0016510782079288688
2021-06-14,396.1650390625,16.389999389648438,0.0022366727019287325
2021-06-15,395.4383850097656,17.020000457763672,-0.0018359047844889176
2021-06-16,393.23046875,18.149999618530273,-0.005599110494665105
2021-06-17,393.1000671386719,17.75,-0.0003316712414740408
2021-06-18,387.7969970703125,20.700000762939453,-0.01358220394308507
2021-06-21,393.34869384765625,17.889999389648438,0.014214480906572291
2021-06-22,395.4515686035156,16.65999984741211,0.0053318434026117245
2021-06-23,394.9750061035156,16.31999969482422,-0.001205836374926328
2021-06-24,397.3115539550781,15.970000267028809,0.005898256371573041
2021-06-25,398.72283935546875,15.619999885559082,0.0035457937267127093
2021-06-28,399.5265808105469,15.760000228881836,0.0020137608782082594
2021-06-29,399.74151611328125,16.020000457763672,0.0005378303193692702
2021-06-30,400.0780944824219,15.829999923706055,0.0008416357502367688
2021-07-01,402.2930908203125,15.479999542236328,0.005521140352752418
2021-07-02,405.36810302734375,15.069999694824219,0.007614646063475838
2021-07-06,404.6296691894531,16.440000534057617,-0.0018232989467152905
2021-07-07,406.0596923828125,16.200000762939453,0.0035279226405195985
2021-07-08,402.75103759765625,19.0,-0.008181576031995874
2021-07-09,407.05035400390625,16.18000030517578,0.010618299365269479
2021-07-12,408.5084533691406,16.170000076293945,0.00357571006681745
2021-07-13,407.1158142089844,17.1200008392334,-0.0034149070077491572
2021-07-14,407.72332763671875,16.329999923706055,0.0014911250800322406
2021-07-15,406.3306884765625,17.010000228881836,-0.0034214941298289503
2021-07-16,403.1435852050781,18.450000762939453,-0.007874542388870864
2021-07-19,397.1900329589844,22.5,-0.014877950720785904
2021-07-20,402.8818664550781,19.729999542236328,0.014228545026067962
2021-07-21,406.14385986328125,17.90999984741211,0.008064047851745748
2021-07-22,406.9941711425781,17.690000534057617,0.0020914323443701477
2021-07-23,411.1814880371094,17.200000762939453,0.010235829939512442
2021-07-26,412.1907958984375,17.579999923706055,0.002451645231599464
2021-07-27,410.312255859375,19.360000610351562,-0.004567869508631972
2021-07-28,410.14398193359375,18.309999465942383,-0.00041019598703595506
2021-07-29,411.84503173828125,17.700000762939453,0.004138868536379903
2021-07-30,409.84490966796875,18.239999771118164,-0.004868323000823516
2021-08-02,408.9850158691406,19.459999084472656,-0.0021002996791192885
2021-08-03,412.3122863769531,18.040000915527344,0.00810251951848251
2021-08-04,410.2841491699219,17.969999313354492,-0.004931072465137909
2021-08-05,412.88250732421875,17.280000686645508,0.006313100181208675
2021-08-06,413.5647277832031,16.149999618530273,0.0016509719797337397
2021-08-09,413.22833251953125,16.719999313354492,-0.0008137351373296298
2021-08-10,413.7423095703125,16.790000915527344,0.0012430359454187467
2021-08-11,414.7704162597656,16.170000076293945,0.0024818139422855268
2021-08-12,416.01348876953125,15.59000015258789,0.00299253134276789
2021-08-13,416.7705383300781,15.449999809265137,0.0018181178899947525
2021-08-16,417.7519226074219,16.1200008392334,0.0023519672044267637
2021-08-17,415.0133972167969,17.90999984741211,-0.0065769675970219765
2021-08-18,410.47113037109375,21.56999969482422,-0.011005203703619237
2021-08-19,411.1066589355469,21.670000076293945,0.0015470931650929387
2021-08-20,414.3778381347656,18.559999465942383,0.007925518489457772
2021-08-23,418.0229797363281,17.149999618530273,0.008758196348747305
2021-08-24,418.6864929199219,17.219999313354492,0.0015860064798154383
2021-08-25,419.5650939941406,16.790000915527344,0.0020962713573702274
2021-08-26,417.0882873535156,18.84000015258789,-0.005920764635161113
2021-08-27,420.8175048828125,16.389999389648438,0.008901339952949172
2021-08-30,422.6680908203125,16.190000534057617,0.004387956157676953
2021-08-31,422.04193115234375,16.479999542236328,-0.001482543751984089
2021-09-01,422.26611328125,16.110000610351562,0.0005310434637042505
2021-09-02,423.56524658203125,16.40999984741211,0.003071851870265263
2021-09-03,423.4624938964844,16.40999984741211,-0.00024261941171577206
2021-09-07,421.9483947753906,18.139999389648438,-0.0035819286461356015
2021-09-08,421.4343566894531,17.959999084472656,-0.0012189913741948999
2021-09-09,419.6305236816406,18.799999237060547,-0.004289409332482563
2021-09-10,416.3219299316406,20.950000762939453,-0.007915787583300471
2021-09-13,417.3873291015625,19.3700008392334,0.002555806447687381
2021-09-14,415.1349792480469,19.459999084472656,-0.005410918905811357
2021-09-15,418.6025085449219,18.18000030517578,0.008318084147513893
2021-09-16,417.9388732910156,18.690000534057617,-0.0015866170103064903
2021-09-17,413.86767578125,20.809999465942383,-0.009788886667333685
2021-09-20,406.9667663574219,25.709999084472656,-0.01681477205081716
2021-09-21,406.5823669433594,24.360000610351562,-0.0009449937979990608
2021-09-22,410.5484313964844,20.8700008392334,0.009707370241480717
2021-09-23,415.5365905761719,18.6299991607666,0.012076770969361661
2021-09-24,416.2210693359375,17.75,0.0016458614023484586
2021-09-27,415.03033447265625,18.760000228881836,-0.002864923108139017
2021-09-28,406.66668701171875,23.25,-0.020357713586207637
2021-09-29,407.3511962890625,22.559999465942383,0.0016818044240274332
2021-09-30,402.3724365234375,23.139999389648438,-0.012297584777755333
2021-10-01,407.1542663574219,21.100000381469727,0.01181402771274076
2021-10-04,401.90362548828125,22.959999084472656,-0.01297982416098975
2021-10-05,406.08551025390625,21.299999237060547,0.010351431528115462
2021-10-06,407.7731018066406,21.0,0.004147142873312859
2021-10-07,411.2985534667969,19.540000915527344,0.00860846156436601
2021-10-08,410.5484313964844,18.770000457763672,-0.0018254548411809068
2021-10-11,407.57623291015625,20.0,-0.00726591359985207
2021-10-12,406.5729675292969,19.850000381469727,-0.0024645750143790224
2021-10-13,408.0356750488281,18.639999389648438,0.003591194630362615
2021-10-14,414.8990783691406,16.860000610351562,0.016680696577067167
2021-10-15,418.0588073730469,16.299999237060547,0.007586804120683688
2021-10-18,419.2965087890625,16.309999465942383,0.0029562177333923856
2021-10-19,422.53131103515625,15.699999809265137,0.0076852251523265025
2021-10-20,424.19091796875,15.489999771118164,0.003920079105076191
2021-10-21,425.29730224609375,15.010000228881836,0.0026048269454364004
2021-10-22,424.8565979003906,15.430000305175781,-0.0010367637791288686
2021-10-25,427.13507080078125,15.239999771118164,0.005348592987149736
2021-10-26,427.51947021484375,15.979999542236328,0.0008995434331309227
2021-10-27,425.6255187988281,16.979999542236328,-0.004439935888266078
2021-10-28,429.7322998046875,16.530000686645508,0.009602560410145067
2021-10-29,430.60430908203125,16.260000228881836,0.002027135813929881
2021-11-01,431.344970703125,16.40999984741211,0.0017185739828535773
2021-11-02,433.08892822265625,16.030000686645508,0.004034917852592912
2021-11-03,435.7331237792969,15.100000381469727,0.006086870641682118
2021-11-04,437.7864990234375,15.4399995803833,0.004701391869621041
2021-11-05,439.305419921875,16.479999542236328,0.0034635421534705557
2021-11-08,439.6805114746094,17.219999313354492,0.0008534643436366451
2021-11-09,438.2272033691406,17.780000686645508,-0.003310847845298781
2021-11-10,434.70172119140625,18.729999542236328,-0.008077407556831062
2021-11-11,434.84234619140625,17.65999984741211,0.00032344536982265026
2021-11-12,438.12396240234375,16.290000915527344,0.007518346668237363
2021-11-15,438.27398681640625,16.489999771118164,0.0003423659666514922
2021-11-16,440.0086669921875,16.3700008392334,0.0039501689436693965
2021-11-17,438.9397888183594,17.110000610351562,-0.002432176070558789
2021-11-18,440.4305419921875,17.59000015258789,0.003390504659249949
2021-11-19,439.6429443359375,17.90999984741211,-0.001789845686170466
2021-11-22,438.4053649902344,19.170000076293945,-0.0028189341112145883
2021-11-23,438.9866638183594,19.3799991607666,0.0013250608487229698
2021-11-24,440.1586608886719,18.579999923706055,0.002666220775245698
2021-11-26,430.34173583984375,28.6200008392334,-0.02255562727848126
2021-11-29,435.6205749511719,22.959999084472656,0.012191995967263836
2021-11-30,427.14447021484375,27.190000534057617,-0.019649329786884273
2021-12-01,422.40008544921875,31.1200008392334,-0.01116935905841654
2021-12-02,428.86968994140625,27.950000762939453,0.015200185048796833
2021-12-03,425.13787841796875,30.670000076293945,-0.008739583616704572
2021-12-06,430.1729736328125,27.18000030517578,0.011773855944710476
2021-12-07,439.07098388671875,21.889999389648438,0.02047370244341451
2021-12-08,440.2336730957031,19.899999618530273,0.002644566652478808
2021-12-09,437.2614440917969,21.579999923706055,-0.006774374723033105
2021-12-10,441.3775329589844,18.690000534057617,0.009369306587079684
2021-12-13,437.46771240234375,20.309999465942383,-0.00889769017224129
2021-12-14,434.4578857421875,21.889999389648438,-0.006903888637981304
2021-12-15,441.2463073730469,19.290000915527344,0.015504225439719299
2021-12-16,437.3551940917969,20.56999969482422,-0.0088575735757912
2021-12-17,432.700439453125,21.56999969482422,-0.010700003239763056
2021-12-20,428.0993957519531,22.8700008392334,-0.010690261152084268
2021-12-21,435.7020263671875,21.010000228881836,0.017603182258675076
2021-12-22,440.0584411621094,18.6299991607666,0.009948954971519264
2021-12-23,442.7965087890625,17.959999084472656,0.006202777491143507
2021-12-27,449.0630798339844,17.68000030517578,0.014053051075975098
2021-12-28,448.6960754394531,17.540000915527344,-0.0008176010521747656
2021-12-29,449.2700500488281,16.950000762939453,0.0012783882849305428
2021-12-30,448.0279541015625,17.329999923706055,-0.002768526698782914
2021-12-31,446.89886474609375,17.219999313354492,-0.002523312366498054
2022-01-03,449.4864501953125,16.600000381469727,0.005773393636752111
2022-01-04,449.3358154296875,16.90999984741211,-0.00033518254452769014
2022-01-05,440.70770263671875,19.729999542236328,-0.01938867686065926
2022-01-06,440.29364013671875,19.610000610351562,-0.0009399816104345149
2022-01-07,438.5530090332031,18.760000228881836,-0.003961176574247105
2022-01-10,438.0072326660156,19.399999618530273,-0.0012452685206376657
2022-01-11,441.9967041015625,18.40999984741211,0.009067002089883758
2022-01-12,443.1917724609375,17.6200008392334,0.0027001460527324994
2022-01-13,437.0851745605469,20.309999465942383,-0.013874487754029552
2022-01-14,437.2639465332031,19.190000534057617,0.00040892584171370316
2022-01-18,429.5201110839844,22.790000915527344,-0.01786844466869386
2022-01-19,425.0602111816406,23.850000381469727,-0.010437732479564588
2022-01-20,420.3555908203125,25.59000015258789,-0.01112983437212911
2022-01-21,412.10382080078125,28.850000381469727,-0.019825688046408274
2022-01-24,413.8538818359375,29.899999618530273,0.004237659261483451
2022-01-25,408.8011169433594,31.15999984741211,-0.012284197966521582
2022-01-26,407.77557373046875,31.959999084472656,-0.002511812457543172
2022-01-27,405.76190185546875,30.489999771118164,-0.004950419735517464
2022-01-28,415.8392028808594,27.65999984741211,0.024532115060674542
2022-01-31,423.32891845703125,24.829999923706055,0.01785080788619009
2022-02-01,426.1893310546875,21.959999084472656,0.006734224742591444
2022-02-02,430.329345703125,22.09000015258789,0.009667149129133357
2022-02-03,420.2145080566406,24.350000381469727,-0.023785521394553477
2022-02-04,422.1904602050781,23.219999313354492,0.004691225352916106
2022-02-07,420.83551025390625,22.860000610351562,-0.0032144943699803363
2022-02-08,424.298095703125,21.440000534057617,0.008194218758934113
2022-02-09,430.508056640625,19.959999084472656,0.014529774197509226
2022-02-10,422.7737121582031,23.90999984741211,-0.018128961837484248
2022-02-11,414.437255859375,27.360000610351562,-0.019915486427768414
2022-02-14,413.082275390625,28.329999923706055,-0.00327480289834714
2022-02-15,419.7440490722656,25.700000762939453,0.015998331401276822
2022-02-16,420.2145080566406,24.290000915527344,0.0011201958229438702
2022-02-17,411.23809814453125,28.110000610351562,-0.021592953386858404
2022-02-18,408.5752868652344,27.75,-0.006496162888356416
2022-02-22,404.1906433105469,28.809999465942383,-0.010789542051532486
2022-02-23,397.02081298828125,31.020000457763672,-0.017897951062721518
2022-02-24,402.99560546875,30.31999969482422,0.014936952366992884
2022-02-25,411.8872985839844,27.59000015258789,0.021824107459251785
2022-02-28,410.8335266113281,30.149999618530273,-0.0025616771002736627
2022-03-01,404.576416015625,33.31999969482422,-0.015347454297613083
2022-03-02,412.01910400390625,30.739999771118164,0.018229083811491797
2022-03-03,409.9678649902344,30.479999542236328,-0.004990938662007061
2022-03-04,406.6369934082031,31.979999542236328,-0.008157899186072015
2022-03-07,394.649658203125,36.45000076293945,-0.029922449289878195
2022-03-08,391.6575012207031,35.130001068115234,-0.007610693580374139
2022-03-09,402.15814208984375,32.45000076293945,0.02645766304762187
2022-03-10,400.34228515625,30.229999542236328,-0.004525505460269308
2022-03-11,395.2518310546875,30.75,-0.012796785356779417
2022-03-14,392.3633117675781,31.770000457763672,-0.007334882432713741
2022-03-15,400.9914855957031,29.829999923706055,0.02175196785715805
2022-03-16,409.88311767578125,26.670000076293945,0.021931846063372618
2022-03-17,415.01123046875,25.670000076293945,0.012433541018928906
2022-03-18,419.5567626953125,23.8700008392334,0.010893245876926194
2022-03-21,419.43408203125,23.530000686645508,-0.0002924481612831542
2022-03-22,424.3420104980469,22.940000534057617,0.011633379664459653
2022-03-23,418.8771667480469,23.56999969482422,-0.012962039791453606
2022-03-24,425.1914367675781,21.670000076293945,0.014961788136468535
2022-03-25,427.267822265625,20.809999465942383,0.004871528069884334
2022-03-28,430.30712890625,19.6299991607666,0.007088171970456081
2022-03-29,435.63037109375,18.899999618530273,0.01229490406526601
2022-03-30,432.94036865234375,19.329999923706055,-0.006194109285318383
2022-03-31,426.27685546875,20.559999465942383,-0.015510971135119789
2022-04-01,427.4850158691406,19.6299991607666,0.002830206518713574
2022-04-04,431.1470947265625,18.56999969482422,0.00853008178312642
2022-04-05,425.70111083984375,21.030000686645508,-0.012711836673548582
2022-04-06,421.4443664550781,22.100000381469727,-0.010049702973486063
2022-04-07,423.5680236816406,21.549999237060547,0.005026344518446635
2022-04-08,422.4354248046875,21.15999984741211,-0.00267752940163124
2022-04-11,415.2150573730469,24.3700008392334,-0.01723999787348518
2022-04-12,413.6765441894531,24.260000228881836,-0.0037122223159107293
2022-04-13,418.4146423339844,21.81999969482422,0.011388533928955447
2022-04-14,413.2047424316406,22.700000762939453,-0.012529693649574014
2022-04-18,413.3746032714844,22.170000076293945,0.00041099706426983573
2022-04-19,420.0474548339844,21.3700008392334,0.01601348102355793
2022-04-20,419.736083984375,20.31999969482422,-0.0007415502911998217
2022-04-21,413.4595031738281,22.68000030517578,-0.015066569337659708
2022-04-22,402.11456298828125,28.209999084472656,-0.027822542388769023
2022-04-25,404.44586181640625,27.020000457763672,0.005780857202421608
2022-04-26,392.73272705078125,33.52000045776367,-0.029388591112448736
2022-04-27,393.83697509765625,31.600000381469727,0.002807758217242551
2022-04-28,403.78509521484375,29.989999771118164,0.02494573900767527
2022-04-29,388.86297607421875,33.400001525878906,-0.03765575892280637
2022-05-02,391.2037353515625,32.34000015258789,0.006001451590562645
2022-05-03,392.9969787597656,29.25,0.004573437645761125
2022-05-04,404.9649353027344,25.420000076293945,0.02999855965336984
2022-05-05,390.5713195800781,31.200000762939453,-0.03618989468648248
2022-05-06,388.2399597167969,30.190000534057617,-0.005986987833966673
2022-05-09,375.8096618652344,34.75,-0.03254080456389197
2022-05-10,376.6780090332031,32.9900016784668,0.002307938287879452
2022-05-11,370.69403076171875,32.560001373291016,-0.01601372764743214
2022-05-12,370.30706787109375,31.770000457763672,-0.0010444327991283586
2022-05-13,379.1602478027344,28.8700008392334,0.023626358525916658
2022-05-16,377.621826171875,27.469999313354492,-0.004065698178981059
2022-05-17,385.38958740234375,26.100000381469727,0.020361503014547644
2022-05-18,369.8539733886719,30.959999084472656,-0.04114647675751826
2022-05-19,367.5887756347656,29.350000381469727,-0.006143405386298539
2022-05-20,367.749267578125,29.43000030517578,0.0004365120161784475
2022-05-23,374.6299133300781,28.479999542236328,0.0185372730299731
2022-05-24,371.77001953125,29.450000762939453,-0.007663204854231331
2022-05-25,375.0545654296875,28.3700008392334,0.008796087172214584
2022-05-26,382.54864501953125,27.5,0.019784298504316844
2022-05-27,391.9399108886719,25.719999313354492,0.02425271778927307
2022-05-31,389.74072265625,26.190000534057617,-0.005626835156118837
2022-06-01,386.58831787109375,25.690000534057617,-0.008121355629755023
2022-06-02,393.95037841796875,24.719999313354492,0.018864609559440915
2022-06-03,387.4849548339844,24.790000915527344,-0.016547936460067802
2022-06-06,388.66473388671875,25.06999969482422,0.003040083577991126
2022-06-07,392.3929748535156,24.020000457763672,0.009546719124529979
2022-06-08,388.1267395019531,23.959999084472656,-0.010931890021011803
2022-06-09,378.8960266113281,26.09000015258789,-0.024070103158752687
2022-06-10,367.9096984863281,27.75,-0.029424307818326945
2022-06-13,353.9407958984375,34.02000045776367,-0.03870786758688105
2022-06-14,352.8742980957031,32.689998626708984,-0.0030177584524366807
2022-06-15,357.90496826171875,29.6200008392334,0.014155601909354054
2022-06-16,346.0596923828125,32.95000076293945,-0.0336562178639932
2022-06-17,346.80572509765625,31.1299991607666,0.0021534716102973306
2022-06-21,355.5360107421875,30.190000534057617,0.02486178702757158
2022-06-22,354.8915710449219,28.950000762939453,-0.0018142310083328894
2022-06-23,358.370361328125,29.049999237060547,0.009754671349249122
2022-06-24,369.7643737792969,27.229999542236328,0.03129899465988473
2022-06-27,368.35198974609375,26.950000762939453,-0.003827000258505464
2022-06-28,360.8254699707031,28.360000610351562,-0.020644596153319483
2022-06-29,360.53167724609375,28.15999984741211,-0.0008145555692831152
2022-06-30,357.6025085449219,28.709999084472656,-0.008157764951396196
2022-07-01,361.38470458984375,26.700000762939453,0.010520996378792447
2022-07-05,362.0672302246094,27.540000915527344,0.0018868588344762571
2022-07-06,363.2900695800781,26.729999542236328,0.003371691480226424
2022-07-07,368.7310791015625,26.079999923706055,0.014865990511664151
2022-07-08,368.4278259277344,24.639999389648438,-0.0008227620635556931
2022-07-11,364.21905517578125,26.170000076293945,-0.011489346801764277
2022-07-12,360.99603271484375,27.290000915527344,-0.008888517998323131
2022-07-13,359.1002502441406,26.81999969482422,-0.005265370466350561
2022-07-14,358.2281799316406,26.399999618530273,-0.0024314406217502693
2022-07-15,365.0721740722656,24.229999542236328,0.018924913744541527
2022-07-18,362.0577697753906,25.299999237060547,-0.008291287111032553
2022-07-19,371.8403015136719,24.5,0.02666068098421892
2022-07-20,374.2101135253906,23.8799991607666,0.006352975440985453
2022-07-21,378.0207214355469,23.110000610351562,0.010131572196128147
2022-07-22,374.513427734375,23.030000686645508,-0.00932135531670042
2022-07-25,374.9683837890625,23.360000610351562,0.0012140551073382966
2022-07-26,370.53216552734375,24.690000534057617,-0.011901455014454498
2022-07-27,380.1535339355469,23.239999771118164,0.025634950286241853
2022-07-28,384.9215087890625,22.329999923706055,0.012464232435554834
2022-07-29,390.53326416015625,21.329999923706055,0.014473708932913887
2022-08-01,389.3768005371094,22.84000015258789,-0.002965635457176319
2022-08-02,386.8080139160156,23.93000030517578,-0.00661903183830681
2022-08-03,392.86517333984375,21.950000762939453,0.015538000760006554
2022-08-04,392.5997314453125,21.440000534057617,-0.0006758848244370341
2022-08-05,391.9361267089844,21.149999618530273,-0.0016917133555969244
2022-08-08,391.481201171875,21.290000915527344,-0.001161387607992559
2022-08-09,389.9266052246094,21.770000457763672,-0.003978967155416235
2022-08-10,398.11663818359375,19.739999771118164,0.02078649343168326
2022-08-11,398.11663818359375,20.200000762939453,0.0
2022-08-12,404.8563232421875,19.530000686645508,0.016787223625221337
2022-08-15,406.524658203125,19.950000762939453,0.004112340195880471
2022-08-16,407.32086181640625,19.690000534057617,0.0019566461882885022
2022-08-17,404.42974853515625,19.899999618530273,-0.007123186527760339
2022-08-18,405.6051940917969,19.559999465942383,0.002902211546274458
2022-08-19,400.1546630859375,20.600000381469727,-0.013529128051227524
2022-08-22,391.82244873046875,23.799999237060547,-0.021042329818509842
2022-08-23,390.87451171875,24.110000610351562,-0.0024222336947721246
2022-08-24,392.1258544921875,22.81999969482422,0.0031962790638875305
2022-08-25,397.66168212890625,21.780000686645508,0.014018753248551619
2022-08-26,384.201171875,25.559999465942383,-0.034435298390165237
2022-08-29,381.6607360839844,26.209999084472656,-0.006634211944064994
2022-08-30,377.4709777832031,26.209999084472656,-0.011038402865759522
2022-08-31,374.5987548828125,25.8700008392334,-0.007638219542647207
2022-09-01,375.774169921875,25.559999465942383,0.0031328848938860787
2022-09-02,371.81182861328125,25.469999313354492,-0.01060046180705232
2022-09-06,370.40887451171875,26.90999984741211,-0.003780427483444093
2022-09-07,377.0633239746094,24.639999389648438,0.017805679695455545
2022-09-08,379.5279235839844,23.610000610351562,0.006515032614901273
2022-09-09,385.424072265625,22.790000915527344,0.015416040440693557
2022-09-12,389.56640625,23.8700008392334,0.010690127292027007
2022-09-13,372.6271057128906,27.270000457763672,-0.04445613878651944
2022-09-14,374.0489807128906,26.15999984741211,0.003808550305940628
2022-09-15,369.8023376464844,26.270000457763672,-0.0114181129989257
2022-09-16,366.9810791015625,26.299999237060547,-0.007658349169515688
2022-09-19,369.8270568847656,25.760000228881836,0.007725191397456754
2022-09-20,365.58197021484375,27.15999984741211,-0.011544959782392006
2022-09-21,359.2048034667969,27.989999771118164,-0.017597813740003687
2022-09-22,356.18756103515625,27.350000381469727,-0.008435260067003014
2022-09-23,350.21966552734375,29.920000076293945,-0.01689687554457464
2022-09-26,346.75506591796875,32.2599983215332,-0.009941904606265872
2022-09-27,345.8699035644531,32.599998474121094,-0.0025559657084590626
2022-09-28,352.67535400390625,30.18000030517578,0.019485253635417976
2022-09-29,345.308349609375,31.84000015258789,-0.02111017188496689
2022-09-30,339.9686584472656,31.6200008392334,-0.015584352519351974
2022-10-03,348.9442443847656,30.100000381469727,0.02605871890606437
2022-10-04,359.7568664550781,29.06999969482422,0.030516281096453213
2022-10-05,358.9192199707031,28.549999237060547,-0.002331083166692949
2022-10-06,355.2167053222656,30.520000457763672,-0.010369308397918608
2022-10-07,345.308349609375,31.360000610351562,-0.028290255918554053
2022-10-10,342.6717834472656,32.45000076293945,-0.007664695368553964
2022-10-11,340.50164794921875,33.630001068115234,-0.006353124104637509
2022-10-12,339.3785095214844,33.56999969482422,-0.003303933603803877
2022-10-13,348.3351135253906,31.940000534057617,0.02604895455077383
2022-10-14,340.3969421386719,32.02000045776367,-0.023052572799467264
2022-10-17,349.14410400390625,31.3700008392334,0.025372328918263243
2022-10-18,353.2464599609375,30.5,0.011681257736674056
2022-10-19,350.74310302734375,30.760000228881836,-0.007111944883268606
2022-10-20,347.8020324707031,29.979999542236328,-0.008420609594487871
2022-10-21,356.2541809082031,29.690000534057617,0.024011021702007085
2022-10-24,360.6134338378906,29.850000381469727,0.012162096804781086
2022-10-25,366.37188720703125,28.459999084472656,0.015842338599806105
2022-10-26,363.6116638183594,27.280000686645508,-0.007562462304085749
2022-10-27,361.66998291015625,27.389999389648438,-0.005354293895922346
2022-10-28,370.2743835449219,25.75,0.023512161352988947
2022-10-31,367.5997619628906,25.8799991607666,-0.007249565016739901
2022-11-01,365.9912109375,25.809999465942383,-0.004385423656437126
2022-11-02,356.8061828613281,25.860000610351562,-0.02541659007812669
2022-11-03,353.1322326660156,25.299999237060547,-0.010350145625919183
2022-11-04,358.21484375,24.549999237060547,0.014290345029068341
2022-11-07,361.6413879394531,24.350000381469727,0.009520151159303047
2022-11-08,363.5926208496094,25.540000915527344,0.005380987638952561
2022-11-09,356.101806640625,26.09000015258789,-0.020817403725375883
2022-11-10,375.671142578125,23.530000686645508,0.05349747620413314
2022-11-11,379.3070983886719,22.520000457763672,0.009632023080808239
2022-11-14,376.08038330078125,23.729999542236328,-0.008543257048429176
2022-11-15,379.28802490234375,24.540000915527344,0.008492970707938419
2022-11-16,376.3945007324219,24.110000610351562,-0.00765807918783068
2022-11-17,375.2428283691406,23.93000030517578,-0.0030644387125287054
2022-11-18,376.9465637207031,23.1200008392334,0.004530077884888684
2022-11-21,375.57598876953125,22.360000610351562,-0.0036426189809510845
2022-11-22,380.63006591796875,21.290000915527344,0.013367130221094037
2022-11-23,383.0287170410156,20.350000381469727,0.006282017741119361
2022-11-25,382.94293212890625,20.5,-0.00022398978489857058
2022-11-28,376.83233642578125,22.209999084472656,-0.016085618244541244
2022-11-29,376.1851806640625,21.889999389648438,-0.0017188336429381224
2022-11-30,388.03521728515625,20.579999923706055,0.03101457778629868
2022-12-01,387.7497253417969,19.84000015258789,-0.0007360079851004286
2022-12-02,387.3023376464844,19.059999465942383,-0.001154471464220208
2022-12-05,380.3349609375,20.75,-0.0181532816540102
2022-12-06,374.8525390625,22.170000076293945,-0.014519621130915539
2022-12-07,374.2148132324219,22.68000030517578,-0.0017027200082919691
2022-12-08,377.1463623046875,22.290000915527344,0.0078033415709724
2022-12-09,374.32916259765625,22.829999923706055,-0.007497816792692902
2022-12-12,379.72589111328125,25.0,0.01431412901570539
2022-12-13,382.600341796875,22.549999237060547,0.007541297104224576
2022-12-14,380.1541442871094,21.139999389648438,-0.006414137028375677
2022-12-15,370.85498046875,22.829999923706055,-0.02476571536409722
2022-12-16,366.47662353515625,22.6200008392334,-0.011876361661135704
2022-12-19,363.3690185546875,22.420000076293945,-0.008515838367443962
2022-12-20,363.86627197265625,21.479999542236328,0.0013675175062015654
2022-12-21,369.30694580078125,20.06999969482422,0.014841714254981042
2022-12-22,364.038330078125,21.969999313354492,-0.014368965193666483
2022-12-23,366.1324157714844,20.8700008392334,0.005735895190626117
2022-12-27,364.68853759765625,21.649999618530273,-0.003951392049822644
2022-12-28,360.15625,22.139999389648438,-0.012505702580942746
2022-12-29,366.63916015625,21.440000534057617,0.017840184483575605
2022-12-30,365.6733703613281,21.670000076293945,-0.002637645307447478
2023-01-03,364.1339416503906,22.899999618530273,-0.004218732722436336
2023-01-04,366.9451599121094,22.010000228881836,0.007690637337876005
2023-01-05,362.757080078125,22.459999084472656,-0.011478999493407471
2023-01-06,371.0758972167969,21.1299991607666,0.02267320702994713
2023-01-09,370.8655090332031,21.969999313354492,-0.0005671288526567508
2023-01-10,373.4662780761719,20.579999923706055,0.006988226680937792
2023-01-11,378.1899108886719,21.09000015258789,0.012568764990941617
2023-01-12,379.5667724609375,18.829999923706055,0.003634050659776733
2023-01-13,381.0393371582031,18.350000381469727,0.0038720870592445777
2023-01-17,380.3412780761719,19.360000610351562,-0.001833667061273303
2023-01-18,374.3364562988281,20.34000015258789,-0.015913941095144324
2023-01-19,371.6113586425781,20.520000457763672,-0.0073064354495206985
2023-01-20,378.53411865234375,19.850000381469727,0.018457637239361446
2023-01-23,383.0760192871094,19.809999465942383,0.011927242698803298
2023-01-24,382.6648864746094,19.200000762939453,-0.0010738171329558455
2023-01-25,382.8082275390625,19.079999923706055,0.00037451626583528963
2023-01-26,387.0154113769531,18.729999542236328,0.010930362519765424
2023-01-27,387.90472412109375,18.510000228881836,0.0022952381640877206
2023-01-30,383.0377197265625,19.940000534057617,-0.01262628382335862
2023-01-31,388.6697082519531,19.399999618530273,0.014596434645764766
2023-02-01,392.8003234863281,17.8700008392334,0.010571496116664747
2023-02-02,398.5183410644531,18.729999542236328,0.014452122407478285
2023-02-03,394.2824401855469,18.329999923706055,-0.010686016682813104
2023-02-06,391.8728332519531,19.43000030517578,-0.0061301235538886445
2023-02-07,396.99798583984375,18.65999984741211,0.012993825032764583
2023-02-08,392.656982421875,19.6299991607666,-0.010994794746380876
2023-02-09,389.2528991699219,20.709999084472656,-0.00870715369800834
2023-02-10,390.16131591796875,20.530000686645508,0.0023310253823929372
2023-02-13,394.7413635253906,20.34000015258789,0.011670490395635724
2023-02-14,394.5597229003906,18.90999984741211,-0.0004602568812588359
2023-02-15,395.84100341796875,18.229999542236328,0.0032421064334489103
2023-02-16,390.3907775878906,20.170000076293945,-0.013864392830801542
2023-02-17,389.4153747558594,20.020000457763672,-0.0025016559251174186
2023-02-21,381.6034240722656,22.8700008392334,-0.02026466288337403
2023-02-22,381.07757568359375,22.290000915527344,-0.0013789473506360395
2023-02-23,383.10467529296875,21.139999389648438,0.005305290358059267
2023-02-24,379.0122375488281,21.670000076293945,-0.010739761868818753
2023-02-27,380.30303955078125,20.950000762939453,0.0033999138020588404
2023-02-28,378.89739990234375,20.700000762939453,-0.0037029516358284553
2023-03-01,377.44403076171875,20.579999923706055,-0.003843160960228964
2023-03-02,380.3795471191406,19.59000015258789,0.007747267637484789
2023-03-03,386.47998046875,18.489999771118164,0.01591050725822729
2023-03-06,386.74774169921875,18.610000610351562,0.0006925805516155847
2023-03-07,380.8193664550781,19.59000015258789,-0.01544749134999801
2023-03-08,381.44085693359375,19.110000610351562,0.0016306520979574302
2023-03-09,374.4033203125,22.610000610351562,-0.01862219808932508
2023-03-10,369.0009460449219,24.799999237060547,-0.014534405075532497
2023-03-13,368.47503662109375,26.520000457763672,-0.001426241736241174
2023-03-14,374.56597900390625,23.729999542236328,0.016395000246853364
2023-03-15,372.2233581542969,26.139999389648438,-0.00627386711918021
2023-03-16,378.7540588378906,22.989999771118164,0.017392973933781697
2023-03-17,374.3253173828125,25.510000228881836,-0.01176182126605596
2023-03-20,377.92474365234375,24.149999618530273,0.009569833027780028
2023-03-21,382.8871154785156,21.3799991607666,0.01304512315140638
2023-03-22,376.3601989746094,22.260000228881836,-0.017193547262929876
2023-03-23,377.37762451171875,22.610000610351562,0.002699681834577028
2023-03-24,379.8540344238281,21.739999771118164,0.006540716335567964
2023-03-27,380.5643005371094,20.600000381469727,0.0018680936194774844
2023-03-28,379.71002197265625,19.969999313354492,-0.0022472912702475867
2023-03-29,385.22906494140625,19.1200008392334,0.014430269895379766
2023-03-30,387.484619140625,19.020000457763672,0.005838024230523153
2023-03-31,392.9460754394531,18.700000762939453,0.013996234367182225
2023-04-03,394.4434814453125,18.549999237060547,0.003803473891520248
2023-04-04,392.25506591796875,19.0,-0.005563557170765954
2023-04-05,391.22802734375,19.079999923706055,-0.002621726419692827
2023-04-06,392.7541809082031,18.399999618530273,0.0038933421605484853
2023-04-10,393.1572570800781,18.969999313354492,0.0010257547803318445
2023-04-11,393.2628173828125,19.100000381469727,0.00026845780466722147
2023-04-12,391.6598815917969,19.09000015258789,-0.0040843207144183324
2023-04-13,396.8621826171875,17.799999237060547,0.013195259193038211
2023-04-14,395.8928527832031,17.06999969482422,-0.0024454724947187145
2023-04-17,397.31341552734375,16.950000762939453,0.0035818281313488853
2023-04-18,397.572509765625,16.829999923706055,0.0006519029692508838
2023-04-19,397.50531005859375,16.459999084472656,-0.0001690393204683005
2023-04-20,395.33612060546875,17.170000076293945,-0.00547195134300793
2023-04-21,395.64324951171875,16.770000457763672,0.0007765788420996955
2023-04-24,396.05596923828125,16.889999389648438,0.0010426175855053899
2023-04-25,389.76904296875,18.760000228881836,-0.016001171538270853
2023-04-26,388.1181335449219,18.84000015258789,-0.004244605007847291
2023-04-27,395.8448181152344,17.030000686645508,0.019712499824026786
2023-04-28,399.223388671875,15.779999732971191,0.0084988705728124
2023-05-01,398.8203125,16.079999923706055,-0.001010160735706478
2023-05-02,394.337890625,17.780000686645508,-0.011302838646585656
2023-05-03,391.6311340332031,18.34000015258789,-0.006887720018817767
2023-05-04,388.85723876953125,20.09000015258789,-0.007108131369283122
2023-05-05,396.05596923828125,17.190000534057617,0.01834325691967198
2023-05-08,396.16156005859375,16.979999542236328,0.0002665702715045626
2023-05-09,394.42431640625,17.709999084472656,-0.004394832997232534
2023-05-10,396.2671203613281,16.940000534057617,0.004661255215325788
2023-05-11,395.5760498046875,16.93000030517578,-0.001745473745645043
2023-05-12,395.0577392578125,17.030000686645508,-0.0013111269169003847
2023-05-15,396.42071533203125,17.1200008392334,0.0034441301936141144
2023-05-16,393.7715759277344,17.989999771118164,-0.006705075102855673
2023-05-17,398.5515441894531,16.8700008392334,0.012065850739648276
2023-05-18,402.390869140625,16.049999237060547,0.00958709214047282
2023-05-19,401.8053283691406,16.809999465942383,-0.0014562139855183176
2023-05-22,401.968505859375,17.209999084472656,0.0004060283764593109
2023-05-23,397.45733642578125,18.530000686645508,-0.01128614332892841
2023-05-24,394.57781982421875,20.030000686645508,-0.00727121584348378
2023-05-25,397.9948425292969,19.139999389648438,0.008622663987181589
2023-05-26,403.14910888671875,17.950000762939453,0.012867444020727703
2023-05-30,403.3026428222656,17.459999084472656,0.00038076409921927734
2023-05-31,401.0662841796875,17.940000534057617,-0.005560543998624823
2023-06-01,404.87689208984375,15.649999618530273,0.009456339897020882
2023-06-02,410.7318420410156,14.600000381469727,0.014357498351839304
2023-06-05,409.94476318359375,14.729999542236328,-0.001918122421741053
2023-06-06,410.8373718261719,13.960000038146973,0.0021750205234596365
2023-06-07,409.4168395996094,13.9399995803833,-0.0034636424340899197
2023-06-08,411.89324951171875,13.649999618530273,0.00603040788043252
2023-06-09,412.6322937011719,13.829999923706055,0.0017926537108596818
2023-06-12,416.3756408691406,15.010000228881836,0.009030969315535486
2023-06-13,419.1207580566406,14.609999656677246,0.006571248108709682
2023-06-14,419.619873046875,13.880000114440918,0.0011901535007137198
2023-06-15,424.8221435546875,14.5,0.012321358295705132
2023-06-16,423.3751525878906,13.539999961853027,-0.0034119240349061997
2023-06-20,421.1785888671875,13.880000114440918,-0.005201726227139325
2023-06-21,419.0205993652344,13.199999809265137,-0.00513686344257458
2023-06-22,420.5330810546875,12.90999984741211,0.003603065202357314
2023-06-23,417.3539123535156,13.4399995803833,-0.007588574551442129
2023-06-26,415.64874267578125,14.25,-0.004094037513937998
2023-06-27,420.20556640625,13.739999771118164,0.010903500349762396
2023-06-28,420.4175109863281,13.430000305175781,0.0005042559269874403
2023-06-29,422.07452392578125,13.539999961853027,0.003933604134878088
2023-06-30,427.05535888671875,13.59000015258789,0.011731755504897912
2023-07-03,427.5466613769531,13.569999694824219,0.0011497809102012368
2023-07-05,426.9107971191406,14.180000305175781,-0.0014883464796735524
2023-07-06,423.56787109375,15.4399995803833,-0.00786132178617116
2023-07-07,422.4984130859375,14.829999923706055,-0.0025280727938197245
2023-07-10,423.56787109375,15.069999694824219,0.0025280727938197245
2023-07-11,426.2653503417969,14.84000015258789,0.00634827690698625
2023-07-12,429.695068359375,13.539999961853027,0.008013773294870852
2023-07-13,433.1054992675781,13.609999656677246,0.007905531818312106
2023-07-14,432.8357238769531,13.34000015258789,-0.0006230801632778338
2023-07-17,434.338623046875,13.479999542236328,0.0034662018773383707
2023-07-18,437.56597900390625,13.300000190734863,0.007403036270289043
2023-07-19,438.5390930175781,13.760000228881836,0.002221455953014484
2023-07-20,435.62957763671875,13.989999771118164,-0.006656669867528109
2023-07-21,435.62957763671875,13.600000381469727,0.0
2023-07-24,437.5756530761719,13.90999984741211,0.004457322501081329
2023-07-25,438.77032470703125,13.859999656677246,0.0027264856602711163
2023-07-26,438.8376770019531,13.1899995803833,0.00015349061294500643
2023-07-27,435.9281921386719,14.40999984741211,-0.006652055583328043
2023-07-28,440.19610595703125,13.329999923706055,0.009742790121168632
2023-07-31,441.03424072265625,13.630000114440918,0.0019021928182665349
2023-08-01,439.77215576171875,13.930000305175781,-0.002865750815882251
2023-08-02,433.6546630859375,16.09000015258789,-0.014008254796749497
2023-08-03,432.4117736816406,15.920000076293945,-0.002870196106852241
2023-08-04,430.4560852050781,17.100000381469727,-0.004533004225922177
2023-08-07,434.2133483886719,15.770000457763672,0.008690689611148272
2023-08-08,432.3251647949219,15.989999771118164,-0.004357998065660951
2023-08-09,429.4349060058594,15.960000038146973,-0.006707829068078652
2023-08-10,429.5890197753906,15.850000381469727,0.00035881135917037454
2023-08-11,429.33856201171875,14.84000015258789,-0.0005831871652075549
2023-08-14,431.7085266113281,14.819999694824219,0.005504857087987425
2023-08-15,426.6796569824219,16.459999084472656,-0.011717139774108709
2023-08-16,423.5486145019531,16.780000686645508,-0.0073652141182414255
2023-08-17,420.32122802734375,17.889999389648438,-0.0076490521348198115
2023-08-18,420.5234375,17.299999237060547,0.0004809674957684251
2023-08-21,423.2595520019531,17.1299991607666,0.006485373907951342
2023-08-22,422.1130676269531,16.969999313354492,-0.0027123780715614387
2023-08-23,426.814453125,15.979999542236328,0.011076171869738971
2023-08-24,420.8992614746094,17.200000762939453,-0.01395586164234075
2023-08-25,423.8664855957031,15.680000305175781,0.007024992038823008
2023-08-28,426.55438232421875,15.079999923706055,0.006321354003628876
2023-08-29,432.7201232910156,14.449999809265137,0.01435128530055163
2023-08-30,434.5024108886719,13.880000114440918,0.004110340856489536
2023-08-31,433.8666076660156,13.569999694824219,-0.0014643620918910472
2023-09-01,434.67584228515625,13.09000015258789,0.0018634318986947562
2023-09-05,432.7972106933594,14.010000228881836,-0.004331280429452633
2023-09-06,429.88775634765625,14.449999809265137,-0.006745139854717586
2023-09-07,428.5679016113281,14.399999618530273,-0.0030749538757524064
2023-09-08,429.21337890625,13.84000015258789,0.0015049930125927702
2023-09-11,432.0361022949219,13.800000190734863,0.006554972879360577
2023-09-12,429.6661376953125,14.229999542236328,-0.005500671729432582
2023-09-13,430.1670837402344,13.479999542236328,0.001165216902795585
2023-09-14,433.87615966796875,12.819999694824219,0.008585446941390629
2023-09-15,428.6487731933594,13.789999961853027,-0.012121273897663265
2023-09-18,428.9001770019531,14.0,0.0005863311143663452
2023-09-19,428.0106506347656,14.109999656677246,-0.002076124278065805
2023-09-20,424.0757751464844,15.140000343322754,-0.009235925700382452
2023-09-21,417.06646728515625,17.540000915527344,-0.016666551166331978
2023-09-22,416.1287536621094,17.200000762939453,-0.0022508866958945717
2023-09-25,417.8786315917969,16.899999618530273,0.00419631894978334
2023-09-26,411.7394104003906,18.940000534057617,-0.014800385110567582
2023-09-27,411.9037780761719,18.219999313354492,0.00039912350460191703
2023-09-28,414.2917175292969,17.34000015258789,0.005780583688167695
2023-09-29,413.28631591796875,17.520000457763672,-0.002429745752843715
2023-10-02,413.1219787597656,17.610000610351562,-0.00039771420840750693
2023-10-03,407.5918884277344,19.780000686645508,-0.013476497105601837
2023-10-04,410.5599670410156,18.579999923706055,0.00725560081377985
2023-10-05,410.4052734375,18.489999771118164,-0.00037685786856478387
2023-10-06,415.2779846191406,17.450000762939453,0.011802995161549035
2023-10-09,417.93658447265625,17.700000762939453,0.006381570785321422
2023-10-10,420.1119079589844,17.030000686645508,0.005191414080512935
2023-10-11,421.8327941894531,16.09000015258789,0.00408788991137321
2023-10-12,419.2611389160156,16.690000534057617,-0.006115044196297603
2023-10-13,417.1728820800781,19.31999969482422,-0.004993247817063562
2023-10-16,421.5621032714844,17.209999084472656,0.010466384105028759
2023-10-17,421.5427551269531,17.8799991607666,-4.5897362212166115e-05
2023-10-18,415.9256896972656,19.219999313354492,-0.013414594179287143
2023-10-19,412.2712097167969,21.399999618530273,-0.008825204976957934
2023-10-20,407.20513916015625,21.709999084472656,-0.012364322908580583
2023-10-23,406.4994201660156,20.3700008392334,-0.0017345833029889235
2023-10-24,409.5641174316406,18.969999313354492,0.00751096338020929
2023-10-25,403.6859436035156,20.190000534057617,-0.014456257624725133
2023-10-26,398.85211181640625,20.68000030517578,-0.01204650722988454
2023-10-27,397.0440979003906,21.270000457763672,-0.004543348753339949
2023-10-30,401.79107666015625,19.75,0.011884891369224881
2023-10-31,404.3144226074219,18.139999389648438,0.006260605321435797
2023-11-01,408.6263122558594,16.8700008392334,0.010608227389281133
2023-11-02,416.4573669433594,15.65999984741211,0.018983019654492672
2023-11-03,420.2569274902344,14.90999984741211,0.009082160277522178
2023-11-06,421.2236633300781,14.890000343322754,0.0022977030622168826
2023-11-07,422.42254638671875,14.8100004196167,0.0028421484026388555
2023-11-08,422.73193359375,14.449999809265137,0.0007321435978395741
2023-11-09,419.43511962890625,15.289999961853027,-0.007829398676411081
2023-11-10,425.98028564453125,14.170000076293945,0.015484214617297098
2023-11-13,425.5743103027344,14.760000228881836,-0.0009534922939451462
2023-11-14,433.83074951171875,14.15999984741211,0.0192149048807444
2023-11-15,434.74920654296875,14.180000305175781,0.0021148481890937987
2023-11-16,435.28094482421875,14.319999694824219,0.0012223446431631757
2023-11-17,435.8223571777344,13.800000190734863,0.0012430498701725412
2023-11-20,439.1770935058594,13.40999984741211,0.007668011135886665
2023-11-21,438.2200012207031,13.350000381469727,-0.002181663628767261
2023-11-22,439.91192626953125,12.850000381469727,0.003853469141730237
2023-11-24,440.1826171875,12.460000038146973,0.0006151405630605566
2023-11-27,439.38983154296875,12.6899995803833,-0.0018026618736435296
2023-11-28,439.8248291015625,12.6899995803833,0.0009895139686779686
2023-11-29,439.5154724121094,12.979999542236328,-0.0007036108812101816
2023-11-30,441.2460632324219,12.920000076293945,0.003929765271094787
2023-12-01,443.8564453125,12.630000114440918,0.00589850242952128
2023-12-04,441.52642822265625,13.079999923706055,-0.005263310457920944
2023-12-05,441.4394836425781,12.850000381469727,-0.00019693756959515696
2023-12-06,439.66058349609375,12.970000267028809,-0.004037912672739452
2023-12-07,443.0152893066406,13.0600004196167,0.007601254473009078
2023-12-08,444.91986083984375,12.350000381469727,0.004289895390985343
2023-12-11,446.65045166015625,12.630000114440918,0.0038821234164245766
2023-12-12,448.6903991699219,12.069999694824219,0.004556814397013831
2023-12-13,454.8778991699219,12.1899995803833,0.013695913703478446
2023-12-14,456.3377685546875,12.479999542236328,0.0032042263659901593
2023-12-15,455.58642578125,12.279999732971191,-0.0016478188606345867
2023-12-18,458.1491394042969,12.5600004196167,0.005609326024369032
2023-12-19,460.93505859375,12.529999732971191,0.0060623993493029715
2023-12-20,454.54779052734375,13.670000076293945,-0.013954104579225302
2023-12-21,458.85772705078125,13.649999618530273,0.009437141394985638
2023-12-22,459.7799072265625,13.029999732971191,0.00200771327265592
2023-12-26,461.72137451171875,12.989999771118164,0.004213711247616381
2023-12-27,462.5561828613281,12.430000305175781,0.0018064023516632943
2023-12-28,462.73089599609375,12.470000267028809,0.0003776409307638673
2023-12-29,461.39129638671875,12.449999809265137,-0.0028991848885890903
2024-01-02,458.80926513671875,13.199999809265137,-0.005611902740300323
2024-01-03,455.0622253417969,14.039999961853027,-0.008200410740361264
2024-01-04,453.5964660644531,14.130000114440918,-0.003226207073256937
2024-01-05,454.2176818847656,13.350000381469727,0.0013685971268024844
2024-01-08,460.70208740234375,13.079999923706055,0.014175044221087951
2024-01-09,460.0032043457031,12.760000228881836,-0.0015181474400867145
2024-01-10,462.604736328125,12.6899995803833,0.005639532812858228
2024-01-11,462.40087890625,12.4399995803833,-0.00044077013548449173
2024-01-12,462.7211608886719,12.699999809265137,0.0006924102581944425
2024-01-16,461.0224609375,13.84000015258789,-0.003677864346448345
2024-01-17,458.45977783203125,14.789999961853027,-0.005574201725694117
2024-01-18,462.5367431640625,14.130000114440918,0.008853436184748098
2024-01-19,468.3028259277344,13.300000190734863,0.012389152134211656
2024-01-22,469.2929992675781,13.1899995803833,0.0021121546861637697
2024-01-23,470.6616516113281,12.550000190734863,0.0029121688152375924
2024-01-24,471.17620849609375,13.140000343322754,0.0010926656439611548
2024-01-25,473.7388610839844,13.449999809265137,0.005424104140892894
2024-01-26,473.1369934082031,13.260000228881836,-0.0012712706823894138
2024-01-29,476.88397216796875,13.600000381469727,0.007888243154561714
2024-01-30,476.5150451660156,13.3100004196167,-0.0007739194474920552
2024-01-31,468.7396545410156,14.350000381469727,-0.016451790192552274
2024-02-01,474.8745422363281,13.880000114440918,0.013003140812088532
2024-02-02,479.87371826171875,13.850000381469727,0.01047233479308396
2024-02-05,478.1264953613281,13.670000076293945,-0.003647650204725572
2024-02-06,479.5146179199219,13.0600004196167,0.0028990474856307458
2024-02-07,483.51397705078125,12.829999923706055,0.008305842928673535
2024-02-08,483.72747802734375,12.789999961853027,0.0004414636674416883
2024-02-09,486.523193359375,12.930000305175781,0.005762888193374671
2024-02-12,486.3096008300781,13.930000305175781,-0.0004391145816731168
2024-02-13,479.61163330078125,15.850000381469727,-0.013868780706439487
2024-02-14,483.97021484375,14.380000114440918,0.009046686127942571
2024-02-15,487.3094787597656,14.010000228881836,0.00687603600623099
2024-02-16,484.8826904296875,14.239999771118164,-0.004992414971991543
2024-02-20,482.2132568359375,15.420000076293945,-0.0055205285076791455
2024-02-21,482.6500244140625,15.34000015258789,0.0009053461074657321
2024-02-22,492.638671875,14.539999961853027,0.02048418436041466
2024-02-23,492.97845458984375,13.75,0.0006894821917775573
2024-02-26,491.1729431152344,13.739999771118164,-0.003669178348845392
2024-02-27,492.08538818359375,13.430000305175781,0.0018559625710397043
2024-02-28,491.4350280761719,13.84000015258789,-0.0013225148994626679
2024-02-29,493.2016296386719,13.399999618530273,0.0035883357464783217
2024-03-01,497.8320007324219,13.109999656677246,0.009344596683783735
2024-03-04,497.2981262207031,13.489999771118164,-0.0010729743748649767
2024-03-05,492.32806396484375,14.460000038146973,-0.010044406849622156
2024-03-06,494.82281494140625,14.5,0.0050544579174252036
2024-03-07,499.7345886230469,14.4399995803833,0.009877385855895149
2024-03-08,496.7350769042969,14.739999771118164,-0.006020295212239901
2024-03-11,496.3080139160156,15.220000267028809,-0.0008601097345257713
2024-03-12,501.6470031738281,13.84000015258789,0.010699961630185939
2024-03-13,500.86065673828125,13.75,-0.0015687592788715676
2024-03-14,499.8705139160156,14.399999618530273,-0.001978839421417966
2024-03-15,496.4381408691406,14.40999984741211,-0.00689020738642121
2024-03-18,499.3885803222656,14.329999923706055,0.0059256254598807345
2024-03-19,502.1636657714844,13.819999694824219,0.0055415832009702015
2024-03-20,506.8083801269531,13.039999961853027,0.009206889693541775
2024-03-21,508.4831237792969,12.920000076293945,0.003299043013456071
2024-03-22,507.5191650390625,13.0600004196167,-0.001897552869885466
2024-03-25,506.1170654296875,13.1899995803833,-0.002766476693441433
2024-03-26,505.18231201171875,13.239999771118164,-0.0018486191231232851
2024-03-27,509.42779541015625,12.779999732971191,0.008368748044966345
2024-03-28,509.3303527832031,13.010000228881836,-0.00019129687928920447
2024-04-01,508.4441833496094,13.649999618530273,-0.00174138696945203
2024-04-02,505.2115478515625,14.609999656677246,-0.00637819401111539
2024-04-03,505.76641845703125,14.329999923706055,0.0010976909085558262
2024-04-04,499.5930480957031,16.350000381469727,-0.012281075889720938
2024-04-05,504.81219482421875,16.030000686645508,0.010392605455336934
2024-04-08,505.0945739746094,15.1899995803833,0.0005592182693954229
2024-04-09,505.6788330078125,14.979999542236328,0.0011560634544558468
2024-04-10,500.6154479980469,15.800000190734863,-0.010063512906369532
2024-04-11,504.3935546875,14.90999984741211,0.007518588345199362
2024-04-12,497.43133544921875,17.309999465942383,-0.013899297956509571
2024-04-15,491.1994323730469,19.229999542236328,-0.012607306635637805
2024-04-16,490.3035888671875,18.399999618530273,-0.001825452872257216
2024-04-17,487.4018859863281,18.209999084472656,-0.005935757700412658
2024-04-18,486.3989562988281,18.0,-0.002059825784820113
2024-04-19,482.15350341796875,18.709999084472656,-0.008766649711717811
2024-04-22,486.5937194824219,16.940000534057617,0.009166988154221123
2024-04-23,492.3678894042969,15.6899995803833,0.011796656438735731
2024-04-24,492.13421630859375,15.970000267028809,-0.0004747030986225198
2024-04-25,490.2646484375,15.369999885559082,-0.0038061325092364484
2024-04-26,494.90936279296875,15.029999732971191,0.009429296178264046
2024-04-29,496.662109375,14.670000076293945,0.0035352941401765037
2024-04-30,488.79437255859375,15.649999618530273,-0.01596803945198566
2024-05-01,487.2071533203125,15.390000343322754,-0.0032524962214210973
2024-05-02,491.7641906738281,14.680000305175781,0.009309915548287861
2024-05-03,497.8597717285156,13.489999771118164,0.01231914014914004
2024-05-06,503.0010986328125,13.489999771118164,0.010273899759729588
2024-05-07,503.5561218261719,13.229999542236328,0.0011028150975027629
2024-05-08,503.604736328125,13.0,9.653771112549947e-05
2024-05-09,506.5064697265625,12.6899995803833,0.005745389939455059
2024-05-10,507.158935546875,12.550000190734863,0.001287339800738252
2024-05-13,507.2270812988281,13.600000381469727,0.00013435861875876753
2024-05-14,509.55426025390625,13.420000076293945,0.004577548630378736
2024-05-15,515.8641357421875,12.449999809265137,0.012307083930095608
2024-05-16,514.802734375,12.420000076293945,-0.002059640749455305
2024-05-17,515.5427856445312,11.989999771118164,0.0014365111167355948
2024-05-20,516.13671875,12.149999618530273,0.0011513908506541881
2024-05-21,517.4026489257812,11.859999656677246,0.002449700221292872
2024-05-22,515.912841796875,12.289999961853027,-0.0028835494572119202
2024-05-23,512.1444702148438,12.770000457763672,-0.007331086342222903
2024-05-24,515.5330810546875,11.930000305175781,0.00659472052617005
2024-05-28,515.8933715820312,12.920000076293945,0.0006986257548025065
2024-05-29,512.2808227539062,14.279999732971191,-0.007027143287345439
2024-05-30,508.8824157714844,14.470000267028809,-0.00665597702808185
2024-05-31,513.5173950195312,12.920000076293945,0.00906692460662395
2024-06-03,513.9360961914062,13.109999656677246,0.0008150270520932423
2024-06-04,514.5107421875,13.15999984741211,0.0011175026932876975
2024-06-05,520.6256103515625,12.630000114440918,0.011814751320945227
2024-06-06,520.6159057617188,12.579999923706055,-1.8640420486271125e-05
2024-06-07,519.9829711914062,12.220000267028809,-0.0012164815134498852
2024-06-10,521.5896606445312,12.739999771118164,0.0030851247016050465
2024-06-11,522.8457641601562,12.850000381469727,0.0024053265360448606
2024-06-12,527.1399536132812,12.039999961853027,0.008179565345333373
2024-06-13,528.2012939453125,11.9399995803833,0.00201136967270088
2024-06-14,528.5226440429688,12.65999984741211,0.0006082006776040316
2024-06-17,532.7291259765625,12.75,0.007927438298522382
2024-06-18,534.0826416015625,12.300000190734863,0.0025374979774266393
2024-06-20,532.6317749023438,13.279999732971191,-0.002720254965052682
2024-06-21,531.917724609375,13.199999809265137,-0.0013415071828646319
2024-06-24,530.1885986328125,13.329999923706055,-0.003256034666910601
2024-06-25,532.2302856445312,12.84000015258789,0.0038434737094741322
2024-06-26,532.89453125,12.550000190734863,0.0012472635714511071
2024-06-27,533.7347412109375,12.239999771118164,0.0015754492332380465
2024-06-28,531.6343994140625,12.4399995803833,-0.0039429422871659625
2024-07-01,532.728515625,12.220000267028809,0.002055908902609538
2024-07-02,536.3136596679688,12.029999732971191,0.006707233009539237
2024-07-03,538.7069702148438,12.09000015258789,0.004452592693405144
2024-07-05,541.8135375976562,12.479999542236328,0.005750147118956939
2024-07-08,542.4385986328125,12.369999885559082,0.0011529810890191783
2024-07-09,542.9661254882812,12.510000228881836,0.0009720372231329932
2024-07-10,548.3389282226562,12.850000381469727,0.009846643936390898
2024-07-11,543.6109008789062,12.920000076293945,-0.0086598427236666
2024-07-12,547.0397338867188,12.460000038146973,0.006287704229286817
2024-07-15,548.5441284179688,13.119999885559082,0.0027462899528494233
2024-07-16,551.7970581054688,13.1899995803833,0.0059126009348586805
2024-07-17,544.0602416992188,14.479999542236328,-0.014120351175631818
2024-07-18,539.8792114257812,15.930000305175781,-0.007714547149779705
2024-07-19,536.2941284179688,16.520000457763672,-0.006662674380151223
2024-07-22,541.8231201171875,14.90999984741211,0.010256843917088254
2024-07-23,540.9733276367188,14.720000267028809,-0.0015696258640360838
2024-07-24,528.7135009765625,18.040000915527344,-0.022923276573749263
2024-07-25,525.9586791992188,18.459999084472656,-0.005224046095453794
2024-07-26,531.8493041992188,16.389999389648438,0.011137533435244151
2024-07-29,532.1619262695312,16.600000381469727,0.0005876292850235387
2024-07-30,529.4656982421875,17.690000534057617,-0.005079434186008314
2024-07-31,538.072021484375,16.360000610351562,0.016124038601447843
2024-08-01,530.4523315429688,18.59000015258789,-0.014262321830853963
2024-08-02,520.5762329101562,23.389999389648438,-0.018793760048189334
2024-08-05,505.41510009765625,38.56999969482422,-0.029556266227273476
2024-08-06,510.0747985839844,27.709999084472656,0.009177306828553
2024-08-07,506.6654968261719,27.850000381469727,-0.006706362580606751
2024-08-08,518.3782348632812,23.790000915527344,0.022854142665392096
2024-08-09,520.6641235351562,20.3700008392334,0.004399998404867489
2024-08-12,520.937744140625,20.709999084472656,0.0005253842571795175
2024-08-13,529.5048217773438,18.1200008392334,0.016311729682661813
2024-08-14,531.1751708984375,16.190000534057617,0.0031495842543147745
2024-08-15,540.27978515625,15.229999542236328,0.016995270501629633
2024-08-16,541.4910278320312,14.800000190734863,0.0022393711633093005
2024-08-19,546.66845703125,14.649999618530273,0.009516009998748132
2024-08-20,545.779541015625,15.880000114440918,-0.0016273840281577634
2024-08-21,547.6550903320312,16.270000457763672,0.0034305684163449257
2024-08-22,543.3568115234375,17.549999237060547,-0.007879475998180396
2024-08-23,549.1301879882812,15.859999656677246,0.010569334395826857
2024-08-26,547.8211669921875,16.149999618530273,-0.0023866539049555158
2024-08-27,548.5734252929688,15.430000305175781,0.0013722402939952971
2024-08-28,545.3887329101562,17.110000610351562,-0.0058223245759290165
2024-08-29,545.4375610351562,15.649999618530273,8.952502392656214e-05
2024-08-30,550.644287109375,15.0,0.009500686919605705
2024-09-03,539.3126831054688,20.719999313354492,-0.020793503959487758
2024-09-04,538.2088012695312,21.31999969482422,-0.0020489284680245134
2024-09-05,536.8997802734375,19.899999618530273,-0.0024351431389026956
2024-09-06,527.863525390625,22.3799991607666,-0.01697367252103099
2024-09-09,533.7737426757812,19.450000762939453,0.011134270661468548
2024-09-10,536.0987548828125,19.079999923706055,0.004346341965843159
2024-09-11,541.5985107421875,17.690000534057617,0.010206583572538896
2024-09-12,546.1605224609375,17.06999969482422,0.00838795786058899
2024-09-13,549.0130615234375,16.559999465942383,0.005209302990782483
2024-09-16,549.8237915039062,17.139999389648438,0.001475615102178196
2024-09-17,550.0484619140625,17.610000610351562,0.0004085391054875487
2024-09-18,548.4171752929688,18.229999542236328,-0.0029701208031536197
2024-09-19,557.7755737304688,16.329999923706055,0.016920417749807903
2024-09-20,556.8113403320312,16.149999618530273,-0.0017302080740719816
2024-09-23,558.2026977539062,15.890000343322754,0.002495678254285316
2024-09-24,559.7998046875,15.390000343322754,0.0028570741416427126
2024-09-25,558.565185546875,15.40999984741211,-0.002207901093028042
2024-09-26,560.7798461914062,15.369999885559082,0.003957070378789673
2024-09-27,559.9664916992188,16.959999084472656,-0.0014514517825867657
2024-09-30,562.2105102539062,16.729999542236328,0.00399940747657368
2024-10-01,557.1738891601562,19.260000228881836,-0.008998973160204038
2024-10-02,557.4090576171875,18.899999618530273,0.0004219846736415178
2024-10-03,556.3900146484375,20.489999771118164,-0.0018298511436549703
2024-10-04,561.4461059570312,19.209999084472656,0.009046273770923818
2024-10-07,556.370361328125,22.639999389648438,-0.00908159731539726
2024-10-08,561.63232421875,21.420000076293945,0.009413218435386561
2024-10-09,565.5223388671875,20.860000610351562,0.006902389210896587
2024-10-10,564.53271484375,20.93000030517578,-0.0017514620604899278
2024-10-11,567.913330078125,20.459999084472656,0.005970483612594002
2024-10-14,572.5579223632812,19.700000762939453,0.008145085556476417
2024-10-15,568.1092529296875,20.639999389648438,-0.007800157812194897
2024-10-16,570.5784912109375,19.579999923706055,0.004336996098166956
2024-10-17,570.6275634765625,19.110000610351562,8.600071030784306e-05
2024-10-18,572.8224487304688,18.030000686645508,0.0038390623573079097
2024-10-21,571.8818359375,18.3700008392334,-0.0016434165876182405
2024-10-22,571.5779418945312,18.200000762939453,-0.0005315343066989442
2024-10-23,566.3552856445312,19.239999771118164,-0.009179260776987164
2024-10-24,567.5801391601562,19.079999923706055,0.0021603593383066055
2024-10-25,567.3842163085938,20.329999923706055,-0.0003452493508975252
2024-10-28,569.1381225585938,19.799999237060547,0.0030864464029436434
2024-10-29,570.0592041015625,19.34000015258789,0.001617071462733044
2024-10-30,568.3346557617188,20.350000381469727,-0.003029794379390438
2024-10-31,557.1934814453125,23.15999984741211,-0.019797884833123724
2024-11-01,559.545166015625,21.8799991607666,0.004211707102523832
2024-11-04,558.3399047851562,21.979999542236328,-0.0021563248834119975
2024-11-05,565.09130859375,20.489999771118164,0.012019400933532154
2024-11-06,579.1425170898438,16.270000457763672,0.024561264570642116
2024-11-07,583.62060546875,15.199999809265137,0.007702532755041069
2024-11-08,586.1487426757812,14.9399995803833,0.0043224609146754744
2024-11-11,586.7071533203125,14.970000267028809,0.0009522238642123426
2024-11-12,584.8847045898438,14.710000038146973,-0.0031110666877385285
2024-11-13,585.1687622070312,14.020000457763672,0.00048554639737208305
2024-11-14,581.4061279296875,14.3100004196167,-0.006450760010015877
2024-11-15,573.9590454101562,16.139999389648438,-0.012891483709559282
2024-11-18,576.3108520507812,15.579999923706055,0.004089144509270781
2024-11-19,578.41748046875,16.350000381469727,0.003648703674754117
2024-11-20,578.613525390625,17.15999984741211,0.0003388758343696452
2024-11-21,581.7196044921875,16.8700008392334,0.0053537840826844985
2024-11-22,583.5226440429688,15.239999771118164,0.0030947058297172703
2024-11-25,585.5020141601562,14.600000381469727,0.003386364855228585
2024-11-26,588.5591430664062,14.100000381469727,0.005207796539103526
2024-11-27,586.7757568359375,14.100000381469727,-0.0030346884096896787
2024-11-29,590.4208984375,13.510000228881836,0.006192938512434409
2024-12-02,591.479248046875,13.34000015258789,0.0017909294544118382
2024-12-03,591.7534790039062,13.300000190734863,0.0004635283586607031
2024-12-04,595.4279174804688,13.449999809265137,0.006190208540563624
2024-12-05,594.4481811523438,13.539999961853027,-0.0016467875111763064
2024-12-06,595.5750122070312,12.770000457763672,0.0018937973608483816
2024-12-09,592.5079956054688,14.1899995803833,-0.005162978334587898
2024-12-10,590.6658325195312,14.180000305175781,-0.0031139373280719695
2024-12-11,595.2320556640625,13.579999923706055,0.0077009087481823
2024-12-12,592.1650390625,13.920000076293945,-0.005165960799480729
2024-12-13,592.0475463867188,13.8100004196167,-0.00019843173026590222
2024-12-16,594.5755615234375,14.6899995803833,0.004260862517392994
2024-12-17,592.1257934570312,15.869999885559082,-0.004128707759649686
2024-12-18,574.4784545898438,27.6200008392334,-0.030256507563296786
2024-12-19,574.3020629882812,24.09000015258789,-0.0003070936532258983
2024-12-20,581.2000122070312,18.360000610351562,0.011939452656686278
2024-12-23,584.6803588867188,16.780000686645508,0.005970350138959191
2024-12-24,591.1790771484375,14.270000457763672,0.011053675689857378
2024-12-26,591.218505859375,14.729999542236328,6.669281385374148e-05
2024-12-27,584.9949340820312,15.949999809265137,-0.010582483836422796
2024-12-30,578.3192749023438,17.399999618530273,-0.011477092614340378
2024-12-31,576.21533203125,17.350000381469727,-0.0036446637241498436
2025-01-02,574.7994995117188,17.93000030517578,-0.0024601476798054023
2025-01-03,581.9864501953125,16.1299991607666,0.012425882521837295
2025-01-06,585.339111328125,16.040000915527344,0.005744190758671053
2025-01-07,578.7223510742188,17.81999969482422,-0.011368526030354431
2025-01-08,579.56787109375,17.700000762939453,0.00145994527715132
2025-01-10,570.7193603515625,19.540000915527344,-0.015385175179108757
2025-01-13,571.604248046875,19.190000534057617,0.0015492770451448479
2025-01-14,572.3907470703125,18.709999084472656,0.0013750045248617226
2025-01-15,582.8025512695312,16.1200008392334,0.018026569513328816
2025-01-16,581.6817016601562,16.600000381469727,-0.0019250581580587678
2025-01-17,587.521728515625,15.970000267028809,0.009989836281139475
2025-01-21,592.899658203125,15.0600004196167,0.009111944188136434
2025-01-22,596.232666015625,15.100000381469727,0.0056057958780746375
2025-01-23,599.4868774414062,15.020000457763672,0.005443114947977001
2025-01-24,597.73681640625,14.850000381469727,-0.002923534324684951
2025-01-27,589.281494140625,17.899999618530273,-0.014246562501854854
2025-01-28,594.3449096679688,16.40999984741211,0.00855581862436594
2025-01-29,591.6805419921875,16.559999465942383,-0.004492942633025798
2025-01-30,594.856201171875,15.84000015258789,0.0053528334130632516
2025-01-31,591.6903686523438,16.43000030517578,-0.005336225500753855
2025-02-03,587.70849609375,18.6200008392334,-0.006752402104226896
2025-02-04,591.651123046875,17.209999084472656,0.0066860719607158
2025-02-05,594.0498657226562,15.770000457763672,0.004046122877533698
2025-02-06,596.1145629882812,15.5,0.0034696035053274343
2025-02-07,590.6580200195312,16.540000915527344,-0.00919566477584155
2025-02-10,594.6693725585938,15.8100004196167,0.006768371131537165
2025-02-11,595.1216430664062,16.020000457763672,0.0007602520504130794
2025-02-12,593.2044677734375,15.890000343322754,-0.0032266848954485283
2025-02-13,599.4672241210938,15.100000381469727,0.010502159064984085
2025-02-14,599.437744140625,14.770000457763672,-4.917817717853268e-05
2025-02-18,601.1975708007812,15.350000381469727,0.002931494515503452
2025-02-19,602.6133422851562,15.270000457763672,0.0023521503613697092
2025-02-20,600.1062622070312,15.65999984741211,-0.0041690244343026706
2025-02-21,589.842041015625,18.209999084472656,-0.017251969251218746
2025-02-24,587.157958984375,18.979999542236328,-0.004560894960155437
2025-02-25,584.2379760742188,19.43000030517578,-0.004985485898991726
2025-02-26,584.5328369140625,19.100000381469727,0.0005045657246443014
2025-02-27,575.2025146484375,21.1299991607666,-0.01609078064951408
2025-02-28,584.178955078125,19.6299991607666,0.01548518763817075
2025-03-03,573.9441528320312,22.780000686645508,-0.017675268948049272
2025-03-04,567.150390625,23.510000228881836,-0.011907589112826855
2025-03-05,573.2461547851562,21.93000030517578,0.010690706214891321
2025-03-06,563.0703125,24.8700008392334,-0.017910704641201036
2025-03-07,566.226318359375,23.3700008392334,0.005589344711509625
2025-03-10,551.1444702148438,27.860000610351562,-0.02699688285816393
2025-03-11,546.5629272460938,26.920000076293945,-0.008347524273322193
2025-03-12,549.4631958007812,24.229999542236328,0.005292347076682802
2025-03-13,542.1386108398438,24.65999984741211,-0.013420085685215355
2025-03-14,553.3369750976562,21.770000457763672,0.020445465861842038
2025-03-17,557.6039428710938,20.510000228881836,0.007681756404855022
2025-03-18,551.5770874023438,21.700000762939453,-0.010867323940460416
2025-03-19,557.584228515625,19.899999618530273,0.010831967834690204
2025-03-20,555.9718627929688,19.799999237060547,-0.002895887979129874
2025-03-21,556.1552734375,19.280000686645508,0.00032983755223536804
2025-03-24,566.1151733398438,17.479999542236328,0.017750019933975736
2025-03-25,567.47607421875,17.149999618530273,0.0024010445310658213
2025-03-26,560.7013549804688,18.329999923706055,-0.012010168785888453
2025-03-27,559.2122192382812,18.690000534057617,-0.002659377748607916
2025-03-28,547.95068359375,21.649999618530273,-0.020343752509043966
2025-03-31,551.62890625,22.280000686645508,0.006690259458893344
2025-04-01,553.18701171875,21.770000457763672,0.002820572144886846
2025-04-02,556.687744140625,21.510000228881836,0.00630835869147095
2025-04-03,529.2537841796875,30.020000457763672,-0.050536419682427614
2025-04-04,498.2696838378906,45.310001373291016,-0.06032659580996569
2025-04-07,497.3821716308594,46.97999954223633,-0.0017827766547524604
2025-04-08,489.591796875,52.33000183105469,-0.015786711295426414
2025-04-09,541.0084228515625,33.619998931884766,0.09986287145801054
2025-04-10,517.3019409179688,40.720001220703125,-0.04480811874838242
2025-04-11,526.5321044921875,37.560001373291016,0.017685577889527515
2025-04-14,531.6401977539062,30.889999389648438,0.009654633614505137
2025-04-15,530.1511840820312,30.1200008392334,-0.0028047216684061738
2025-04-16,518.3668823242188,32.63999938964844,-0.022478960262307446
2025-04-17,519.1064453125,29.649999618530273,0.0014257004856927935
2025-04-21,506.7503356933594,33.81999969482422,-0.024090511302000905
2025-04-22,519.9348754882812,30.56999969482422,0.02568511651112715
2025-04-23,527.9915161132812,28.450000762939453,0.015376651323154356
2025-04-24,539.1051025390625,26.469999313354492,0.02083033172421178
2025-04-25,543.0004272460938,24.84000015258789,0.007199559424732271
2025-04-28,543.2074584960938,25.149999618530273,0.0003812000542895433
2025-04-29,546.6292724609375,24.170000076293945,0.006279518962466923
2025-04-30,546.84619140625,24.700000762939453,0.00039675137728512055
2025-05-01,550.7217407226562,24.600000381469727,0.007062096677786123
2025-05-02,558.8966674804688,22.68000030517578,0.014734929787140416
2025-05-05,555.6917724609375,23.639999389648438,-0.005750829162368021
2025-05-06,551.0471801757812,24.760000228881836,-0.008393342514941615
2025-05-07,553.3645629882812,23.549999237060547,0.004196598284796238
2025-05-08,557.2202758789062,22.479999542236328,0.006943599889265961
2025-05-09,556.5103759765625,21.899999618530273,-0.001274814511574185
2025-05-12,574.9014892578125,18.389999389648438,0.03251288748700176
2025-05-13,578.6981201171875,18.219999313354492,0.00658225702623394
2025-05-14,579.4376831054688,18.6200008392334,0.0012771612564792534
2025-05-15,582.2678833007812,17.829999923706055,0.004872501047651134
2025-05-16,585.9559936523438,17.239999771118164,0.006314068180388155
2025-05-19,586.596923828125,18.139999389648438,0.0010932218581514164
2025-05-20,584.6246337890625,18.09000015258789,-0.0033679228161851427
2025-05-21,574.7733154296875,20.8700008392334,-0.01699426061135423
2025-05-22,575.0001220703125,20.280000686645508,0.0003945240621661128
2025-05-23,571.0753173828125,22.290000915527344,-0.006849147787943544
2025-05-27,582.9483642578125,18.959999084472656,0.02057750809639458
2025-05-28,579.57568359375,19.309999465942383,-0.005802357607529451
2025-05-29,581.8635864257812,19.18000030517578,0.003939776879361645
2025-05-30,581.2127685546875,18.56999969482422,-0.0011191319232546348
2025-06-02,584.4866943359375,18.360000610351562,0.005617115721004318
2025-06-03,587.8197631835938,17.690000534057617,0.005686359240650418
2025-06-04,587.6619873046875,17.610000610351562,-0.0002684446267045004
2025-06-05,584.8218994140625,18.479999542236328,-0.004844575652615646
2025-06-06,590.827392578125,16.770000457763672,0.01021655937991195
2025-06-09,591.3599243164062,17.15999984741211,0.0009009262181907118
2025-06-10,594.7128295898438,16.950000762939453,0.005653808661982396
2025-06-11,593.0166625976562,17.260000228881836,-0.002856152274401502
2025-06-12,595.3734741210938,18.020000457763672,0.003966398812071503
2025-06-13,588.7171020507812,20.81999969482422,-0.01124313008198019
2025-06-16,594.3182983398438,19.110000610351562,0.009469265485519962
2025-06-17,589.2398071289062,21.600000381469727,-0.008581788009291103
2025-06-18,589.1510009765625,20.139999389648438,-0.00015072444880104285
2025-06-20,587.7673950195312,20.6200008392334,-0.0023512362440003542
2025-06-23,593.5730590820312,19.829999923706055,0.009829022247643593
2025-06-24,600.13037109375,17.479999542236328,0.010986611589663298
2025-06-25,600.4666748046875,16.760000228881836,0.0005602274649643135
2025-06-26,605.1646118164062,16.59000015258789,0.007793362434846962
2025-06-27,608.1713256835938,16.31999969482422,0.004956121266642022
2025-06-30,611.0791015625,16.729999542236328,0.0047697853152888214
2025-07-01,610.8812866210938,16.829999923706055,-0.00032376653948418266
2025-07-02,613.6505737304688,16.639999389648438,0.004523021278821204
2025-07-03,618.4869995117188,16.3799991607666,0.007850504238326117
2025-07-07,613.8780517578125,17.790000915527344,-0.007479876580079647
2025-07-08,613.5418090820312,16.809999465942383,-0.0005478853567879582
2025-07-09,617.2210083007812,15.9399995803833,0.005978747694234343
2025-07-10,618.9617309570312,15.779999732971191,0.0028162888082992055
2025-07-11,616.7857666015625,16.399999618530273,-0.0035217010088137712
2025-07-14,617.9627075195312,17.200000762939453,0.0019063660317470976
2025-07-15,615.322021484375,17.3799991607666,-0.0042823688781847835
2025-07-16,617.3792114257812,17.15999984741211,0.0033376974019008188
2025-07-17,621.1573486328125,16.520000457763672,0.0061009889381349325
2025-07-18,620.7024536132812,16.40999984741211,-0.0007326028897205461
2025-07-21,621.87939453125,16.649999618530273,0.0018943480812732005
2025-07-22,621.9684448242188,16.5,0.00014318518761413657
2025-07-23,627.2598266601562,15.369999885559082,0.008471491723121005
2025-07-24,627.4674682617188,15.390000343322754,0.0003309748728641537
2025-07-25,630.1181030273438,14.930000305175781,0.004215440684552263
2025-07-28,629.9598388671875,15.029999732971191,-0.00025119741521706374
2025-07-29,628.2982788085938,15.979999542236328,-0.002641049560585529
2025-07-30,627.5070190429688,15.479999542236328,-0.0012601632939270857
2025-07-31,625.1531372070312,16.719999313354492,-0.003758217413957432
2025-08-01,614.9066162109375,20.3799991607666,-0.01652622653760183
2025-08-04,624.2530517578125,17.520000457763672,0.015085405109180883
2025-08-05,621.088134765625,17.850000381469727,-0.005082822025413769
2025-08-06,625.845458984375,16.770000457763672,0.007630474189105563
2025-08-07,625.3212280273438,16.56999969482422,-0.0008379874450792357
2025-08-08,630.1972045898438,15.149999618530273,0.007767311017072842
2025-08-11,628.9510498046875,16.25,-0.001979362140500207
2025-08-12,635.6469116210938,14.729999542236328,0.010589807346852886
2025-08-13,637.8228149414062,14.489999771118164,0.003417286477118253
2025-08-14,637.882080078125,14.829999923706055,9.291355233198573e-05
2025-08-15,636.3886108398438,15.09000015258789,-0.0023440387238755633
2025-08-18,636.2501220703125,14.989999771118164,-0.00021764035070859222
2025-08-19,632.7984008789062,15.569999694824219,-0.00543987032959059
2025-08-20,631.1170043945312,15.6899995803833,-0.0026606171097007802
2025-08-21,628.5850830078125,16.600000381469727,-0.004019878702386848
2025-08-22,638.2381591796875,14.220000267028809,0.015240110357538583
2025-08-25,635.42919921875,14.789999961853027,-0.004410829085847112
2025-08-26,638.0897827148438,14.619999885559082,0.004178323848530674
2025-08-27,639.543701171875,14.850000381469727,0.0022759564506928953
2025-08-28,641.8085327148438,14.430000305175781,0.0035350684092172457
2025-08-29,637.98095703125,15.359999656677246,-0.005981588576275065
2025-09-02,633.2533569335938,17.170000076293945,-0.007437844999217624
2025-09-03,636.6853637695312,16.350000381469727,0.005405009131919769
2025-09-04,642.0062866210938,15.300000190734863,0.008322496768078835
2025-09-05,640.1469116210938,15.180000305175781,-0.0029003964674689797
2025-09-08,641.7195434570312,15.109999656677246,0.002453660626976273
2025-09-09,643.2031860351562,15.039999961853027,0.0023093112191370224
2025-09-10,645.0625,15.350000381469727,0.00288654006079625
2025-09-11,650.4231567382812,14.710000038146973,0.00827595011479243
2025-09-12,650.2055053710938,14.760000228881836,-0.0003346864105946423
2025-09-15,653.6671752929688,15.6899995803833,0.0053098406102334295
2025-09-16,652.76708984375,16.360000610351562,-0.0013779271038014684
2025-09-17,651.9561767578125,15.720000267028809,-0.0012430424306986154
2025-09-18,655.0023803710938,15.699999809265137,0.004661523676906754
2025-09-19,658.2465209960938,15.449999809265137,0.004940643347549845
2025-09-22,661.3607177734375,16.100000381469727,0.004719893112429041
2025-09-23,657.7606201171875,16.639999389648438,-0.005458340322640254
2025-09-24,655.6678466796875,16.18000030517578,-0.0031867364861728475
2025-09-25,652.6429443359375,16.739999771118164,-0.004624142450810886
2025-09-26,656.3819580078125,15.289999961853027,0.005712685577890397
2025-09-29,658.2266845703125,16.1200008392334,0.0028065048617200716
2025-09-30,660.7061157226562,16.280000686645508,0.0037597579990684693
2025-10-01,662.95751953125,16.290000915527344,0.0034017796058662952
2025-10-02,663.7210693359375,16.6299991607666,0.0011510698904784178
2025-10-03,663.7113037109375,16.649999618530273,-1.4713555581025162e-05
2025-10-06,666.0914916992188,16.3700008392334,0.0035797646662825144
2025-10-07,663.6219482421875,17.239999771118164,-0.0037144037537206742
2025-10-08,667.5791625976562,16.299999237060547,0.005945346619066427
2025-10-09,665.6452026367188,16.43000030517578,-0.0029011790781119373
2025-10-10,647.6542358398438,21.65999984741211,-0.027399832538963054
2025-10-13,657.5919189453125,19.030000686645508,0.015227587680656463
2025-10-14,656.78857421875,20.809999465942383,-0.0012223931057615545
2025-10-15,659.7044067382812,20.639999389648438,0.0044297042667862385
2025-10-16,655.2116088867188,25.309999465942383,-0.006833615656052672
2025-10-17,658.9308471679688,20.780000686645508,0.0056603425211827485
2025-10-20,665.7840576171875,18.229999542236328,0.010346787167761384
2025-10-21,665.7741088867188,17.8700008392334,-1.4942990429034353e-05
2025-10-22,662.3128051757812,18.600000381469727,-0.005212477453439668
2025-10-23,666.2402954101562,17.299999237060547,0.005912449677416554
2025-10-24,671.6851806640625,16.3700008392334,0.008139340211437585
2025-10-27,679.6095581054688,15.789999961853027,0.011728704412554691
2025-10-28,681.41455078125,16.420000076293945,0.0026524052325163083
2025-10-29,681.7418823242188,16.920000076293945,0.00048025529764750274
2025-10-30,674.2440185546875,16.90999984741211,-0.011059023816543778
2025-10-31,676.4556274414062,17.440000534057617,0.003274763371308609
2025-11-03,677.72509765625,17.170000076293945,0.0018748909406074432
2025-11-04,669.691650390625,19.0,-0.011924361882797996
2025-11-05,672.012451171875,18.010000228881836,0.0034594857288823277
2025-11-06,664.8021850585938,19.5,-0.010787338554331782
2025-11-07,665.4567260742188,19.079999923706055,0.0009840807123628892
2025-11-10,675.8406982421875,17.600000381469727,0.015483783745324331
2025-11-11,677.387939453125,17.280000686645508,0.002286741267620407
2025-11-12,677.7648315429688,17.510000228881836,0.0005562355885295744
2025-11-13,666.5180053710938,20.0,-0.016733217576366144
2025-11-14,666.4088134765625,19.829999923706055,-0.00016383779399031795
2025-11-17,660.2003173828125,22.3799991607666,-0.009360016113874714
2025-11-18,654.65625,24.690000534057617,-0.008433011441929317
2025-11-19,657.185302734375,23.65999984741211,0.0038557337390647817
2025-11-20,647.1683349609375,26.420000076293945,-0.015359584109870816
2025-11-21,653.6148681640625,23.43000030517578,0.009911853052476438
2025-11-24,663.2351684570312,20.520000457763672,0.014611339452438976
2025-11-25,669.4735717773438,18.559999465942383,0.009362058936483564
2025-11-26,674.09521484375,17.190000534057617,0.006879679464035782
2025-11-28,677.7747192382812,16.350000381469727,0.005443590966696554
2025-12-01,674.6803588867188,17.239999771118164,-0.004575923889866829
2025-12-02,675.9299926757812,16.59000015258789,0.0018504732237616395
2025-12-03,678.2706298828125,16.079999923706055,0.0034568578671407835
2025-12-04,678.7664794921875,15.779999732971191,0.0007307827148075319
2025-12-05,680.0557861328125,15.40999984741211,0.0018976831042039066
2025-12-08,678.0126953125,16.65999984741211,-0.0030088208209946288
2025-12-09,677.4276123046875,16.93000030517578,-0.0008633106760411735
2025-12-10,681.92041015625,15.770000457763672,0.006610248643996286
2025-12-11,683.5072021484375,14.850000381469727,0.002324242885118899
2025-12-12,676.1581420898438,15.739999771118164,-0.010810206581406412
2025-12-15,675.1365966796875,16.5,-0.0015119508356713496
2025-12-16,673.2918701171875,16.479999542236328,-0.002736115053598276
2025-12-17,665.8832397460938,17.6200008392334,-0.011064581322954403
2025-12-18,670.9115600585938,16.8700008392334,0.007522985619272227
2025-12-19,676.9923095703125,14.90999984741211,0.009022588183063895
2025-12-22,681.2098999023438,14.079999923706055,0.006210568439740882
2025-12-23,684.3233032226562,14.0,0.004559989765268391
2025-12-24,686.7305297851562,13.470000267028809,0.003511501850766763
2025-12-26,686.660888671875,13.600000381469727,-0.00010141480775960332
2025-12-29,684.2138671875,14.199999809265137,-0.0035700184467799545
2025-12-30,683.3783569335938,14.329999923706055,-0.0012218705884974312
2025-12-31,678.3152465820312,14.949999809265137,-0.007436524151640533
2026-01-02,679.55859375,14.510000228881836,0.001831315220198526
2026-01-05,684.0845336914062,14.899999618530273,0.006638036696537952
2026-01-06,688.1529541015625,14.75,0.005929632978253885
2026-01-07,685.9347534179688,15.380000114440918,-0.003228618665792382
2026-01-08,685.8651123046875,15.449999809265137,-0.00010153246851984932
2026-01-09,690.4010009765625,14.489999771118164,0.0065916105199921304
2026-01-12,691.4852294921875,15.119999885559082,0.001569201160272371
2026-01-13,690.1026000976562,15.979999542236328,-0.0020015084477309486
2026-01-14,686.7106323242188,16.75,-0.004927283608423316
2026-01-15,688.5806884765625,15.84000015258789,0.002719507171454083
2026-01-16,688.0037231445312,15.859999656677246,-0.0008382564279321159
2026-01-20,673.9981689453125,20.09000015258789,-0.020566855255717442
2026-01-21,681.77685546875,16.899999618530273,0.011475018699616868
2026-01-22,685.3379516601562,15.640000343322754,0.005209663778085627
2026-01-23,685.5865478515625,16.09000015258789,0.00036266941646978523
2026-01-26,689.0680541992188,16.149999618530273,0.005065292454212944
2026-01-27,691.8134765625,16.350000381469727,0.003976338186157058
2026-01-28,691.7438354492188,16.350000381469727,-0.00010066964734356532
2026-01-29,690.3711547851562,16.8799991607666,-0.0019863486397246888
2026-01-30,688.3120727539062,17.440000534057617,-0.0029870292480627114
2026-02-02,691.7339477539062,16.34000015258789,0.004959083917284168
2026-02-03,685.885009765625,18.0,-0.008491423699952705
2026-02-04,682.5626831054688,18.639999389648438,-0.0048556232072645145
2026-02-05,674.0379638671875,21.770000457763672,-0.012567930681256279
2026-02-06,686.96923828125,20.3700008392334,0.01900307879815699
2026-02-09,690.2816772460938,17.360000610351562,0.004810227845212012
2026-02-10,688.4613037109375,17.790000915527344,-0.0026406293530794045
2026-02-11,688.3021850585938,17.649999618530273,-0.0002311488565025499
2026-02-12,677.668701171875,20.81999969482422,-0.01556943679538314
2026-02-13,678.1461181640625,20.600000381469727,0.000704251060116512
2026-02-17,679.2402954101562,20.290000915527344,0.001612182753775393
2026-02-18,682.662109375,19.6200008392334,0.005025060758005573
2026-02-19,680.8616333007812,20.229999542236328,-0.002640917886957972
2026-02-20,685.7855834960938,19.09000015258789,0.007205914505516553
2026-02-23,678.7827758789062,21.010000228881836,-0.010263859697353439
2026-02-24,683.7164916992188,19.549999237060547,0.007242187209707929
2026-02-25,689.4859008789062,17.93000030517578,0.008402902818122726
2026-02-26,685.6561889648438,18.6299991607666,-0.005569928872744434
2026-02-27,682.3637084960938,19.860000610351562,-0.004813507218789148
2026-03-02,682.751708984375,21.440000534057617,0.000568450833916323
2026-03-03,676.7337036132812,23.56999969482422,-0.008853415600299286
2026-03-04,681.5082397460938,21.149999618530273,0.0070304938268055395
2026-03-05,677.70849609375,23.75,-0.005591092944311704
2026-03-06,668.82568359375,29.489999771118164,-0.013193785186652818
2026-03-09,674.6845703125,25.5,0.008721814875850775
2026-03-10,673.6002807617188,24.93000030517578,-0.0016083986757946533
2026-03-11,672.7548217773438,24.229999542236328,-0.0012559228897517372
2026-03-12,662.5390625,27.290000915527344,-0.015301438459733419
2026-03-13,658.7890014648438,27.190000534057617,-0.005676215023587616
2026-03-16,665.493408203125,23.510000228881836,0.010125429394262753
2026-03-17,667.2440185546875,22.3700008392334,0.002627091163271089
2026-03-18,657.9335327148438,25.09000015258789,-0.014051911808399709
2026-03-19,656.3121948242188,24.059999465942383,-0.002467329631242521
2026-03-20,646.9034423828125,26.780000686645508,-0.014439538092529958
2026-03-23,653.6959228515625,26.149999618530273,0.010445249178189897
2026-03-24,651.5015869140625,26.950000762939453,-0.0033624612191456293
2026-03-25,655.1322021484375,25.329999923706055,0.005557218263224861
2026-03-26,643.432373046875,27.440000534057617,-0.01802012148702481
2026-03-27,632.4606323242188,31.049999237060547,-0.017198951843375276
2026-03-30,630.3460693359375,30.610000610351562,-0.0033489923071652328
2026-03-31,648.6688842773438,25.25,0.028653407820693033
2026-04-01,653.5562744140625,24.540000915527344,0.007506248903133894
2026-04-02,654.144775390625,23.8700008392334,0.0009000543608630451
2026-04-06,657.23681640625,24.170000076293945,0.00471570863127635
2026-04-07,657.5260009765625,25.780000686645508,0.0004399037927642624
2026-04-08,674.27294921875,21.040000915527344,0.025150689620179634
2026-04-09,678.162841796875,19.489999771118164,0.005752440641581202
2026-04-10,677.7140502929688,19.229999542236328,-0.0006619944965713387
2026-04-13,684.3369750976562,19.1200008392334,0.009725005713406176
2026-04-14,692.675537109375,18.360000610351562,0.012111239170364385
2026-04-15,698.1414184570312,18.170000076293945,0.007859998349512232
2026-04-16,699.8569946289062,17.940000534057617,0.0024543333053879124
2026-04-17,708.3152465820312,17.479999542236328,0.012013237341879979
2026-04-20,706.8988037109375,18.8700008392334,-0.002001737254896163
2026-04-21,702.2708129882812,19.5,-0.0065684177504437
2026-04-22,709.3825073242188,18.920000076293945,0.010075780503951748
2026-04-23,706.6295776367188,19.309999465942383,-0.0038882904816341934
2026-04-24,712.10546875,18.709999084472656,0.007719437564376541
2026-04-27,713.332275390625,18.020000457763672,0.0017213055408076272
2026-04-28,709.8612060546875,17.829999923706055,-0.0048778697536606686
2026-04-29,709.7515258789062,18.809999465942383,-0.00015452126278159284
2026-04-30,716.8132934570312,16.889999389648438,0.009900461815237627
2026-05-01,718.7982177734375,16.989999771118164,0.002765268411019761
2026-05-04,716.1649780273438,18.290000915527344,-0.0036701188010397345
2026-05-05,721.9102172851562,17.3799991607666,0.007990221711526857
2026-05-06,731.9443359375,17.389999389648438,0.013803688898870625
2026-05-07,729.7001342773438,17.079999923706055,-0.0030707924798578645
2026-05-08,735.724609375,17.190000534057617,0.00822220187546474
2026-05-11,737.4002685546875,18.3799991607666,0.0022749733270961414
2026-05-12,736.2831420898438,17.989999771118164,-0.0015161013155964298
2026-05-13,740.4025268554688,17.8700008392334,0.005579244842588871
2026-05-14,746.2474975585938,17.260000228881836,0.007863317827569993
2026-05-15,737.2706298828125,18.43000030517578,-0.012102281834028616
2026-05-18,736.751953125,17.81999969482422,-0.0007037568965344576
2026-05-19,731.8446044921875,18.059999465942383,-0.0066830701355833355
2026-05-20,739.3452758789062,17.440000534057617,0.010196829759482995
2026-05-21,740.8114624023438,16.760000228881836,0.0019811239783802392
2026-05-22,743.7239990234375,16.700000762939453,0.003923840734942452
2026-05-26,748.6613159179688,17.010000228881836,0.006616702614766545
2026-05-27,748.5316162109375,16.290000915527344,-0.0001732571729027299
2026-05-28,752.6609497070312,15.739999771118164,0.005501418012009651
2026-05-29,754.5361328125,15.319999694824219,0.0024883063996865573
2026-06-01,756.5908203125,16.049999237060547,0.0027194125046703377
2026-06-02,757.6182250976562,15.770000457763672,0.0013570186308609067
2026-06-03,752.3018798828125,16.059999465942383,-0.007041918531283109
2026-06-04,755.1445922851562,15.399999618530273,0.003771564462891952
2026-06-05,735.65478515625,21.510000228881836,-0.026148277086186944
2026-06-08,737.3204345703125,18.920000076293945,0.002261613232488635
2026-06-09,735.1560668945312,19.8700008392334,-0.0029397674358477843
2026-06-10,723.56591796875,22.219999313354492,-0.01589116082307207
2026-06-11,735.8642578125,19.440000534057617,0.016854017638559426
2026-06-12,739.843994140625,17.68000030517578,0.005393675844766577
2026-06-15,752.890380859375,16.200000762939453,0.017480295410686075
2026-06-16,748.4019775390625,16.40999984741211,-0.005979403902404812
2026-06-17,739.0560302734375,18.440000534057617,-0.012566499634242057
2026-06-18,746.739990234375,16.399999618530273,0.010343315448327672
2026-06-22,744.3900146484375,17.280000686645508,-0.0031519418478263006
2026-06-23,733.5800170898438,19.489999771118164,-0.014628429664887754
2026-06-24,733.239990234375,18.6299991607666,-0.00046362452088377637
2026-06-25,734.2999877929688,18.889999389648438,0.001444591300819198
2026-06-26,728.989990234375,18.40999984741211,-0.0072576467361811225
2026-06-29,741.0,17.649999618530273,0.01634062419874116
2026-06-30,746.77001953125,16.450000762939453,0.007756640320928376
2026-07-01,745.760009765625,16.59000015258789,-0.0013534198977209755
2026-07-02,744.780029296875,16.149999618530273,-0.0013149336271025547
2026-07-06,751.280029296875,15.569999694824219,0.008689545400113019
2026-07-07,747.7100219726562,16.1299991607666,-0.004763225841267982
2026-07-08,745.4000244140625,16.899999618530273,-0.003094211852911144
2026-07-09,751.7100219726562,15.84000015258789,0.008429620706500884
2026-07-10,754.9500122070312,15.029999732971191,0.004300897555176597
2026-07-13,749.1699829101562,17.15999984741211,-0.007685633815530224
2026-07-14,751.8300170898438,16.5,0.0035443530504952747
2026-07-15,754.8099975585938,15.670000076293945,0.003955801420062244
2026-07-16,750.719970703125,16.729999542236328,-0.005433351714811074
2026-07-17,743.2899780273438,18.770000457763672,-0.009946458438716554
2026-07-20,742.0900268554688,18.649999618530273,-0.001615682759917192
2026-07-21,748.280029296875,17.049999237060547,0.008306712831607221
2026-07-22,747.4099731445312,16.639999389648438,-0.0011634178861417155
2026-07-23,738.1799926757812,18.700000762939453,-0.012426173368713656
2026-07-24,738.9299926757812,18.579999923706055,0.0010154965735651444
2026-07-27,739.0900268554688,18.670000076293945,0.0002165521145833793
2026-07-28,740.8599853515625,18.209999084472656,0.002391917734196447
2026-07-29,729.4600219726562,20.65999984741211,-0.015507089295929255
2026-07-30,741.6900024414062,17.09000015258789,0.01662680489863888
2026-07-31,747.030029296875,15.989999771118164,0.007174014783580596
2026-08-03,757.6699829101562,15.859999656677246,0.014142527904258628
2026-08-04,771.3300170898438,16.5,0.017868407620300175
2026-08-05,769.7899780273438,15.8100004196167,-0.001998597876877284
2026-08-06,768.5599975585938,15.149999618530273,-0.0015990909095684458
2026-08-07,773.260009765625,14.899999618530273,0.006096725613894627
2026-08-10,773.030029296875,15.460000038146973,-0.0002974609738615186
2026-08-11,770.5599975585938,15.279999732971191,-0.0032003754929252892
2026-08-12,772.489990234375,14.550000190734863,0.0025015309905516148
2026-08-13,777.8800048828125,14.630000114440918,0.006953225851213496
2026-08-14,776.3400268554688,14.25,-0.0019816737654361205
2026-08-17,772.6699829101562,15.1899995803833,-0.004738575980100634
2026-08-18,767.4500122070312,15.84000015258789,-0.006778680502841361
2026-08-19,769.0599975585938,14.890000343322754,0.002095640029085466
2026-08-20,762.5999755859375,16.010000228881836,-0.008435371285246518
2026-08-21,765.719970703125,15.130000114440918,0.004082913998477267
2026-08-24,763.469970703125,15.850000381469727,-0.0029427366251493225
2026-08-25,765.9099731445312,15.449999809265137,0.0031908415190819994
2026-08-26,766.0800170898438,15.210000038146973,0.00022199093609565068
2026-08-27,771.0999755859375,14.510000228881836,0.006531409939845467
2026-08-31,767.0499877929688,14.920000076293945,-0.005266062801045024
2026-09-01,761.780029296875,16.34000015258789,-0.006894133828079241
