Date,0
2010-01-05,
2010-01-06,
2010-01-07,
2010-01-08,
2010-01-11,
2010-01-12,
2010-01-13,
2010-01-14,
2010-01-15,
2010-01-19,
2010-01-20,
2010-01-21,
2010-01-22,
2010-01-25,
2010-01-26,
2010-01-27,
2010-01-28,
2010-01-29,
2010-02-01,
2010-02-02,
2010-02-03,
2010-02-04,
2010-02-05,
2010-02-08,
2010-02-09,
2010-02-10,
2010-02-11,
2010-02-12,
2010-02-16,
2010-02-17,
2010-02-18,
2010-02-19,
2010-02-22,
2010-02-23,
2010-02-24,
2010-02-25,
2010-02-26,
2010-03-01,
2010-03-02,
2010-03-03,
2010-03-04,
2010-03-05,
2010-03-08,
2010-03-09,
2010-03-10,
2010-03-11,
2010-03-12,
2010-03-15,
2010-03-16,
2010-03-17,
2010-03-18,
2010-03-19,
2010-03-22,
2010-03-23,
2010-03-24,
2010-03-25,
2010-03-26,
2010-03-29,
2010-03-30,
2010-03-31,
2010-04-01,
2010-04-05,
2010-04-06,
2010-04-07,
2010-04-08,
2010-04-09,
2010-04-12,
2010-04-13,
2010-04-14,
2010-04-15,
2010-04-16,
2010-04-19,
2010-04-20,
2010-04-21,
2010-04-22,
2010-04-23,
2010-04-26,
2010-04-27,
2010-04-28,
2010-04-29,
2010-04-30,
2010-05-03,
2010-05-04,
2010-05-05,
2010-05-06,
2010-05-07,
2010-05-10,
2010-05-11,
2010-05-12,
2010-05-13,
2010-05-14,
2010-05-17,
2010-05-18,
2010-05-19,
2010-05-20,
2010-05-21,
2010-05-24,
2010-05-25,
2010-05-26,
2010-05-27,
2010-05-28,
2010-06-01,
2010-06-02,
2010-06-03,
2010-06-04,
2010-06-07,
2010-06-08,
2010-06-09,
2010-06-10,
2010-06-11,
2010-06-14,
2010-06-15,
2010-06-16,
2010-06-17,
2010-06-18,
2010-06-21,
2010-06-22,
2010-06-23,
2010-06-24,
2010-06-25,
2010-06-28,
2010-06-29,
2010-06-30,
2010-07-01,
2010-07-02,
2010-07-06,
2010-07-07,
2010-07-08,
2010-07-09,
2010-07-12,
2010-07-13,
2010-07-14,
2010-07-15,
2010-07-16,
2010-07-19,
2010-07-20,
2010-07-21,
2010-07-22,
2010-07-23,
2010-07-26,
2010-07-27,
2010-07-28,
2010-07-29,
2010-07-30,
2010-08-02,
2010-08-03,
2010-08-04,
2010-08-05,
2010-08-06,
2010-08-09,
2010-08-10,
2010-08-11,
2010-08-12,
2010-08-13,
2010-08-16,
2010-08-17,
2010-08-18,
2010-08-19,
2010-08-20,
2010-08-23,
2010-08-24,
2010-08-25,
2010-08-26,
2010-08-27,
2010-08-30,
2010-08-31,
2010-09-01,
2010-09-02,
2010-09-03,
2010-09-07,
2010-09-08,
2010-09-09,
2010-09-10,
2010-09-13,
2010-09-14,
2010-09-15,
2010-09-16,
2010-09-17,
2010-09-20,
2010-09-21,
2010-09-22,
2010-09-23,
2010-09-24,
2010-09-27,
2010-09-28,
2010-09-29,
2010-09-30,
2010-10-01,
2010-10-04,
2010-10-05,
2010-10-06,
2010-10-07,
2010-10-08,
2010-10-11,
2010-10-12,
2010-10-13,
2010-10-14,
2010-10-15,
2010-10-18,
2010-10-19,
2010-10-20,
2010-10-21,
2010-10-22,
2010-10-25,
2010-10-26,
2010-10-27,
2010-10-28,
2010-10-29,
2010-11-01,
2010-11-02,
2010-11-03,
2010-11-04,
2010-11-05,
2010-11-08,
2010-11-09,
2010-11-10,
2010-11-11,
2010-11-12,
2010-11-15,
2010-11-16,
2010-11-17,
2010-11-18,
2010-11-19,
2010-11-22,
2010-11-23,
2010-11-24,
2010-11-26,
2010-11-29,
2010-11-30,
2010-12-01,
2010-12-02,
2010-12-03,
2010-12-06,
2010-12-07,
2010-12-08,
2010-12-09,
2010-12-10,
2010-12-13,
2010-12-14,
2010-12-15,
2010-12-16,
2010-12-17,
2010-12-20,
2010-12-21,
2010-12-22,
2010-12-23,
2010-12-27,
2010-12-28,
2010-12-29,
2010-12-30,
2010-12-31,
2011-01-03,
2011-01-04,
2011-01-05,
2011-01-06,
2011-01-07,
2011-01-10,
2011-01-11,
2011-01-12,
2011-01-13,
2011-01-14,
2011-01-18,
2011-01-19,
2011-01-20,
2011-01-21,
2011-01-24,
2011-01-25,
2011-01-26,
2011-01-27,
2011-01-28,
2011-01-31,
2011-02-01,
2011-02-02,
2011-02-03,
2011-02-04,
2011-02-07,
2011-02-08,
2011-02-09,
2011-02-10,
2011-02-11,
2011-02-14,
2011-02-15,
2011-02-16,
2011-02-17,
2011-02-18,
2011-02-22,
2011-02-23,
2011-02-24,
2011-02-25,
2011-02-28,
2011-03-01,
2011-03-02,
2011-03-03,
2011-03-04,
2011-03-07,
2011-03-08,
2011-03-09,
2011-03-10,
2011-03-11,
2011-03-14,
2011-03-15,
2011-03-16,
2011-03-17,
2011-03-18,
2011-03-21,
2011-03-22,
2011-03-23,
2011-03-24,
2011-03-25,
2011-03-28,
2011-03-29,
2011-03-30,
2011-03-31,
2011-04-01,
2011-04-04,
2011-04-05,
2011-04-06,
2011-04-07,
2011-04-08,
2011-04-11,
2011-04-12,
2011-04-13,
2011-04-14,
2011-04-15,
2011-04-18,
2011-04-19,
2011-04-20,
2011-04-21,
2011-04-25,
2011-04-26,
2011-04-27,
2011-04-28,
2011-04-29,
2011-05-02,
2011-05-03,
2011-05-04,
2011-05-05,
2011-05-06,
2011-05-09,
2011-05-10,
2011-05-11,
2011-05-12,
2011-05-13,
2011-05-16,
2011-05-17,
2011-05-18,
2011-05-19,
2011-05-20,
2011-05-23,
2011-05-24,
2011-05-25,
2011-05-26,
2011-05-27,
2011-05-31,
2011-06-01,
2011-06-02,
2011-06-03,
2011-06-06,
2011-06-07,
2011-06-08,
2011-06-09,
2011-06-10,
2011-06-13,
2011-06-14,
2011-06-15,
2011-06-16,
2011-06-17,
2011-06-20,
2011-06-21,
2011-06-22,
2011-06-23,
2011-06-24,
2011-06-27,
2011-06-28,
2011-06-29,
2011-06-30,
2011-07-01,
2011-07-05,
2011-07-06,
2011-07-07,
2011-07-08,
2011-07-11,
2011-07-12,
2011-07-13,
2011-07-14,
2011-07-15,
2011-07-18,
2011-07-19,
2011-07-20,
2011-07-21,
2011-07-22,
2011-07-25,
2011-07-26,
2011-07-27,
2011-07-28,
2011-07-29,
2011-08-01,
2011-08-02,
2011-08-03,
2011-08-04,
2011-08-05,
2011-08-08,
2011-08-09,
2011-08-10,
2011-08-11,
2011-08-12,
2011-08-15,
2011-08-16,
2011-08-17,
2011-08-18,
2011-08-19,
2011-08-22,
2011-08-23,
2011-08-24,
2011-08-25,
2011-08-26,
2011-08-29,
2011-08-30,
2011-08-31,
2011-09-01,
2011-09-02,
2011-09-06,
2011-09-07,
2011-09-08,
2011-09-09,
2011-09-12,
2011-09-13,
2011-09-14,
2011-09-15,
2011-09-16,
2011-09-19,
2011-09-20,
2011-09-21,
2011-09-22,
2011-09-23,
2011-09-26,
2011-09-27,
2011-09-28,
2011-09-29,
2011-09-30,
2011-10-03,
2011-10-04,
2011-10-05,
2011-10-06,
2011-10-07,
2011-10-10,
2011-10-11,
2011-10-12,
2011-10-13,
2011-10-14,
2011-10-17,
2011-10-18,
2011-10-19,
2011-10-20,
2011-10-21,
2011-10-24,
2011-10-25,
2011-10-26,
2011-10-27,
2011-10-28,
2011-10-31,
2011-11-01,
2011-11-02,
2011-11-03,
2011-11-04,
2011-11-07,
2011-11-08,
2011-11-09,
2011-11-10,
2011-11-11,
2011-11-14,
2011-11-15,
2011-11-16,
2011-11-17,
2011-11-18,
2011-11-21,
2011-11-22,
2011-11-23,
2011-11-25,
2011-11-28,
2011-11-29,
2011-11-30,
2011-12-01,
2011-12-02,
2011-12-05,
2011-12-06,
2011-12-07,
2011-12-08,
2011-12-09,
2011-12-12,
2011-12-13,
2011-12-14,
2011-12-15,
2011-12-16,
2011-12-19,
2011-12-20,
2011-12-21,
2011-12-22,
2011-12-23,
2011-12-27,
2011-12-28,0.22875258512982732
2011-12-29,0.2225725952441865
2011-12-30,0.2137788704567795
2012-01-03,0.2194586759541835
2012-01-04,0.20788166220242688
2012-01-05,0.19745345963864
2012-01-06,0.1891119934399098
2012-01-09,0.180306230187144
2012-01-10,0.17736915347488846
2012-01-11,0.16957536619611588
2012-01-12,0.16258907807273018
2012-01-13,0.16059046660956366
2012-01-17,0.15507314444812148
2012-01-18,0.15961975587566762
2012-01-19,0.15519166158262457
2012-01-20,0.15014788024045972
2012-01-23,0.14667196508419453
2012-01-24,0.1425278333649901
2012-01-25,0.14403137175311495
2012-01-26,0.14435751077185643
2012-01-27,0.14012358878434822
2012-01-30,0.1375129778062291
2012-01-31,0.13382214300981643
2012-02-01,0.1376667230375429
2012-02-02,0.13355424932462265
2012-02-03,0.1507429766073396
2012-02-06,0.14561076194435826
2012-02-07,0.14073541242625923
2012-02-08,0.13660322067499764
2012-02-09,0.13261218779118697
2012-02-10,0.1396489717565852
2012-02-13,0.14023031087552892
2012-02-14,0.13672004415444364
2012-02-15,0.1376549325382108
2012-02-16,0.14588770359524494
2012-02-17,0.14101790087964614
2012-02-21,0.13660808020215287
2012-02-22,0.13549600261404987
2012-02-23,0.13294252019242522
2012-02-24,0.12950014109297114
2012-02-27,0.12639980008743676
2012-02-28,0.12404245711585514
2012-02-29,0.12055572325126508
2012-03-01,0.11998432338802162
2012-03-02,0.12031918320172841
2012-03-05,0.12212659243446033
2012-03-06,0.1535466876474471
2012-03-07,0.1508147960814008
2012-03-08,0.15338402133080864
2012-03-09,0.14767558493576596
2012-03-12,0.14205132727307335
2012-03-13,0.16880847085898482
2012-03-14,0.16144809272236554
2012-03-15,0.15638245472702925
2012-03-16,0.14961416500191596
2012-03-19,0.14435607630818048
2012-03-20,0.1412566825287008
2012-03-21,0.13732309256314984
2012-03-22,0.14235650718857998
2012-03-23,0.1375330856629156
2012-03-26,0.15266861246888547
2012-03-27,0.1487666696393256
2012-03-28,0.14782250600685645
2012-03-29,0.14606469993990714
2012-03-30,0.14185508976959904
2012-04-02,0.14160944412864712
2012-04-03,0.14075641048306062
2012-04-04,0.1519767594208429
2012-04-05,0.1465999821918274
2012-04-09,0.1602344901415998
2012-04-10,0.188286706012903
2012-04-11,0.18321929421433197
2012-04-12,0.18746603878308438
2012-04-13,0.19498072745603956
2012-04-16,0.1852902367404584
2012-04-17,0.1931894065280217
2012-04-18,0.18544893516376462
2012-04-19,0.18230497326670667
2012-04-20,0.1734388341020404
2012-04-23,0.1754517931368407
2012-04-24,0.16786762859634108
2012-04-25,0.1761666752945118
2012-04-26,0.17113920115479467
2012-04-27,0.1633698331205301
2012-04-30,0.15786978273657157
2012-05-01,0.15416403883266155
2012-05-02,0.15033023168976253
2012-05-03,0.15403991369491143
2012-05-04,0.18049775134576587
2012-05-07,0.17181663723243737
2012-05-08,0.16694258703403597
2012-05-09,0.16520211809798852
2012-05-10,0.15810827779759962
2012-05-11,0.15382818011806637
2012-05-14,0.1648972736735639
2012-05-15,0.16314333590694477
2012-05-16,0.15910319297170827
2012-05-17,0.17991450382479374
2012-05-18,0.18085210883186434
2012-05-21,0.19518412781581976
2012-05-22,0.18504210976785082
2012-05-23,0.17593576910866382
2012-05-24,0.16772000005699428
2012-05-25,0.16253060641835984
2012-05-29,0.1678374527241747
2012-05-30,0.18190661113316467
2012-05-31,0.17432381229824645
2012-06-01,0.2245732880585161
2012-06-04,0.21217822617355733
2012-06-05,0.2039017521733292
2012-06-06,0.22687170412357782
2012-06-07,0.21409288910707985
2012-06-08,0.20599830049889598
2012-06-11,0.2104224702862961
2012-06-12,0.20736302156370578
2012-06-13,0.20095568624797921
2012-06-14,0.19773611078859812
2012-06-15,0.19436946487282142
2012-06-18,0.18459212982748918
2012-06-19,0.18207980479931027
2012-06-20,0.17415064320850684
2012-06-21,0.21412891596596761
2012-06-22,0.2057754328994578
2012-06-25,0.21813813581297214
2012-06-26,0.20725687820022998
2012-06-27,0.201122263699407
2012-06-28,0.19283503614603414
2012-06-29,0.22561279597044115
2012-07-02,0.2134803469110328
2012-07-03,0.20441571725512375
2012-07-05,0.19654093997803407
2012-07-06,0.19621704977463572
2012-07-09,0.18697158349710657
2012-07-10,0.1866041120619586
2012-07-11,0.17784897483734657
2012-07-12,0.17317746116894675
2012-07-13,0.18691392981922486
2012-07-16,0.17913976097426812
2012-07-17,0.17392085110140215
2012-07-18,0.16987774807628866
2012-07-19,0.16284094635955806
2012-07-20,0.1667779818015732
2012-07-23,0.17204226909903889
2012-07-24,0.17353381841310572
2012-07-25,0.16602590187954364
2012-07-26,0.18049430717224435
2012-07-27,0.1970590087445407
2012-07-30,0.18485316307933083
2012-07-31,0.18189519446979613
2012-08-01,0.173976324787538
2012-08-02,0.17222976587551522
2012-08-03,0.19323828249792802
2012-08-06,0.18396467342844872
2012-08-07,0.17672929418776484
2012-08-08,0.16893346225801303
2012-08-09,0.1618914436233588
2012-08-10,0.1555476565676204
2012-08-13,0.15009793877404293
2012-08-14,0.1450371726257445
2012-08-15,0.14039479509040848
2012-08-16,0.14035516516694296
2012-08-17,0.13621541093265274
2012-08-20,0.1326627576613054
2012-08-21,0.131392068089082
2012-08-22,0.12830584233805722
2012-08-23,0.13558201898172045
2012-08-24,0.13458786793592106
2012-08-27,0.13118356000318893
2012-08-28,0.1265922716799407
2012-08-29,0.12366338025967295
2012-08-30,0.12987714496728744
2012-08-31,0.1281248513801511
2012-09-04,0.12554292479193985
2012-09-05,0.12323960784980606
2012-09-06,0.16054098703827402
2012-09-07,0.15464087410215974
2012-09-10,0.1534864315171134
2012-09-11,0.1478387152440191
2012-09-12,0.1430211622123173
2012-09-13,0.1587271800977821
2012-09-14,0.15334697919941265
2012-09-17,0.14964171328455064
2012-09-18,0.14455119218464896
2012-09-19,0.1396198059629348
2012-09-20,0.13532433356218276
2012-09-21,0.13166826405023452
2012-09-24,0.12900245437200802
2012-09-25,0.14222824277066345
2012-09-26,0.1426832703063064
2012-09-27,0.14565255917635517
2012-09-28,0.144372681789726
2012-10-01,0.13994942940709115
2012-10-02,0.1357643176276152
2012-10-03,0.13299737827337788
2012-10-04,0.133647191626972
2012-10-05,0.13028550070432787
2012-10-08,0.1296047191815056
2012-10-09,0.14031852794923774
2012-10-10,0.14221083062013326
2012-10-11,0.13781967949688162
2012-10-12,0.1360399769610557
2012-10-15,0.13791918664569658
2012-10-16,0.14256797873717653
2012-10-17,0.1393259229940646
2012-10-18,0.13675338159483938
2012-10-19,0.1652091873638288
2012-10-22,0.15853379888914454
2012-10-23,0.17338770113398635
2012-10-24,0.16725045072696876
2012-10-25,0.16056596641005266
2012-10-26,0.15295080168231176
2012-10-31,0.1476277190723773
2012-11-01,0.15117227139560865
2012-11-02,0.15534912530519754
2012-11-05,0.14976676276750664
2012-11-06,0.1490267077289969
2012-11-07,0.19257529145714888
2012-11-08,0.19638462538359733
2012-11-09,0.1868950593270787
2012-11-12,0.1782537493496795
2012-11-13,0.1721093379482691
2012-11-14,0.1824021510398212
2012-11-15,0.17478388063669198
2012-11-16,0.16850190088255781
2012-11-19,0.19056539911020212
2012-11-20,0.1816208522059504
2012-11-21,0.17350364821392966
2012-11-23,0.1788710489484507
2012-11-26,0.17180018774440417
2012-11-27,0.16781286065064838
2012-11-28,0.16513628057902252
2012-11-29,0.15993038190298534
2012-11-30,0.15407761142206206
2012-12-03,0.15202773820867022
2012-12-04,0.14745965317452414
2012-12-05,0.1428208556945493
2012-12-06,0.13914154095306386
2012-12-07,0.13570273324222082
2012-12-10,0.1322852969016176
2012-12-11,0.1326242856336833
2012-12-12,0.1295317017326508
2012-12-13,0.13227689656510846
2012-12-14,0.1316070522137577
2012-12-17,0.14011688578126022
2012-12-18,0.14592926385488447
2012-12-19,0.14829938612177052
2012-12-20,0.14559933038873343
2012-12-21,0.1508772327528656
2012-12-24,0.14746595851374292
2012-12-26,0.14545283123082112
2012-12-27,0.1415368847164962
2012-12-28,0.15103893570854698
2012-12-31,0.1672906149132001
2013-01-02,0.20452305529306758
2013-01-03,0.19507077837804104
2013-01-04,0.18652885139651443
2013-01-07,0.17904257802910184
2013-01-08,0.17239142092492188
2013-01-09,0.16534633471230267
2013-01-10,0.16281757663457086
2013-01-11,0.15663573879713422
2013-01-14,0.15123898654312076
2013-01-15,0.14614671109890315
2013-01-16,0.1417135066505067
2013-01-17,0.14048618991293726
2013-01-18,0.13667493167277597
2013-01-22,0.13505994373056132
2013-01-23,0.13174495607103634
2013-01-24,0.12883635042032549
2013-01-25,0.12843558084816586
2013-01-28,0.12638836099074519
2013-01-29,0.1249537123653097
2013-01-30,0.12548015667657872
2013-01-31,0.12362813680994421
2013-02-01,0.1311839744650016
2013-02-04,0.1446986976838815
2013-02-05,0.14820810032578252
2013-02-06,0.143098800802563
2013-02-07,0.13916700774408425
2013-02-08,0.13722098595077595
2013-02-11,0.13352278370862702
2013-02-12,0.13010785924126958
2013-02-13,0.12707146931200966
2013-02-14,0.12440049188266243
2013-02-15,0.12268129110584067
2013-02-19,0.1254446313234604
2013-02-20,0.14361635361686695
2013-02-21,0.1444052727136889
2013-02-22,0.1473941970259121
2013-02-25,0.18019993803926815
2013-02-26,0.17456276778526505
2013-02-27,0.17790262534063822
2013-02-28,0.1705038675286437
2013-03-01,0.16346764446315443
2013-03-04,0.15874600411954223
2013-03-05,0.15836453208737233
2013-03-06,0.15245102937696448
2013-03-07,0.14722813627720957
2013-03-08,0.14352910631340454
2013-03-11,0.14000079666938162
2013-03-12,0.1373234796872929
2013-03-13,0.13380135101846025
2013-03-14,0.13259982481955
2013-03-15,0.13028457118873515
2013-03-18,0.13243851157259448
2013-03-19,0.13078659225091946
2013-03-20,0.13179923481227143
2013-03-21,0.13891157048972164
2013-03-22,0.1401018241531143
2013-03-25,0.139139634029673
2013-03-26,0.1402542541010394
2013-03-27,0.13650410353116282
2013-03-28,0.13347984043448397
2013-04-01,0.1331909131995642
2013-04-02,0.13173672177184997
2013-04-03,0.14034468131641006
2013-04-04,0.137138606865927
2013-04-05,0.13667549307878502
2013-04-08,0.13630501347004587
2013-04-09,0.13327055500480342
2013-04-10,0.14253214853843
2013-04-11,0.13866029508709632
2013-04-12,0.13607619821520603
2013-04-15,0.1853036617145974
2013-04-16,0.19031606639921061
2013-04-17,0.19924966069770067
2013-04-18,0.19294188581263527
2013-04-19,0.18754889400609692
2013-04-22,0.17926954548509447
2013-04-23,0.1776422968364896
2013-04-24,0.16951935181890362
2013-04-25,0.16295297887882407
2013-04-26,0.15707739069206286
2013-04-29,0.15392852786973116
2013-04-30,0.14844907916639302
2013-05-01,0.15267142530391067
2013-05-02,0.1540034664503344
2013-05-03,0.1558012448400909
2013-05-06,0.15028974795692776
2013-05-07,0.14667820352198135
2013-05-08,0.14315528949693776
2013-05-09,0.1404837495060073
2013-05-10,0.1370234148326396
2013-05-13,0.13354731611092485
2013-05-14,0.13907037061000505
2013-05-15,0.13714937511250605
2013-05-16,0.13714482854463633
2013-05-17,0.14090906593746985
2013-05-20,0.13709496967880036
2013-05-21,0.13360649285614104
2013-05-22,0.1381457086093592
2013-05-23,0.1361898008241209
2013-05-24,0.1332158266490743
2013-05-28,0.13265482741219306
2013-05-29,0.1358269949753923
2013-05-30,0.13315959228823082
2013-05-31,0.15388190596261508
2013-06-03,0.14884421445849752
2013-06-04,0.14719711129378774
2013-06-05,0.16297485246424734
2013-06-06,0.1616510226982138
2013-06-07,0.16628987217059202
2013-06-10,0.1595026619092884
2013-06-11,0.1646070389126637
2013-06-12,0.16536697073461037
2013-06-13,0.17427339947816656
2013-06-14,0.17095833888478876
2013-06-17,0.16703129800844455
2013-06-18,0.1637971783194043
2013-06-19,0.1755644241375053
2013-06-20,0.21605542144183523
2013-06-21,0.2044211500671801
2013-06-24,0.20659381663329415
2013-06-25,0.20039776287082361
2013-06-26,0.19527834967872226
2013-06-27,0.18697602958974066
2013-06-28,0.18000340645341822
2013-07-01,0.1733651588580473
2013-07-02,0.1654515254640555
2013-07-03,0.15860933215359027
2013-07-05,0.16051783534486094
2013-07-08,0.15601238547184018
2013-07-09,0.15347814882740368
2013-07-10,0.14803570973963295
2013-07-11,0.15712290732318446
2013-07-12,0.1512428040468171
2013-07-15,0.1466747787606458
2013-07-16,0.14428073724960147
2013-07-17,0.14009114235670736
2013-07-18,0.13808304117233455
2013-07-19,0.13451471471412943
2013-07-22,0.1314319209309284
2013-07-23,0.12981391204751047
2013-07-24,0.12974410552274163
2013-07-25,0.12739873659906448
2013-07-26,0.1251917457803389
2013-07-29,0.12524277123637007
2013-07-30,0.1234731345339651
2013-07-31,0.12182349699603537
2013-08-01,0.13177845487620815
2013-08-02,0.12882118732339726
2013-08-05,0.12705943145783627
2013-08-06,0.13014909924634355
2013-08-07,0.1296185343166692
2013-08-08,0.12762270879199783
2013-08-09,0.12713982907893723
2013-08-12,0.12546061260300498
2013-08-13,0.12372543728796734
2013-08-14,0.1265738400194282
2013-08-15,0.14910075993067035
2013-08-16,0.14586213220118066
2013-08-19,0.14683864533626345
2013-08-20,0.14324888413132286
2013-08-21,0.14430499706321137
2013-08-22,0.14594539239062657
2013-08-23,0.14155606658064637
2013-08-26,0.13979531881311272
2013-08-27,0.16497843117783817
2013-08-28,0.15825968923931658
2013-08-29,0.15185998408347653
2013-08-30,0.14667809821666578
2013-09-03,0.14290818823254162
2013-09-04,0.14350020680336656
2013-09-05,0.13899468346563837
2013-09-06,0.13510250885675404
2013-09-09,0.13898044383990402
2013-09-10,0.13904029367624735
2013-09-11,0.13553061844162775
2013-09-12,0.13352530707658172
2013-09-13,0.13045579014117448
2013-09-16,0.13001412777691623
2013-09-17,0.1285006706490462
2013-09-18,0.13739715031057995
2013-09-19,0.13446903834796398
2013-09-20,0.13791421458068762
2013-09-23,0.13748066920465005
2013-09-24,0.13497629305563535
2013-09-25,0.13323848513710113
2013-09-26,0.13086679781377428
2013-09-27,0.13148825101973088
2013-09-30,0.132945691832798
2013-10-01,0.13248969813996125
2013-10-02,0.12961597151374687
2013-10-03,0.13764245675111708
2013-10-04,0.13776367289817928
2013-10-07,0.14308974011498543
2013-10-08,0.15358115818510717
2013-10-09,0.1476487296746074
2013-10-10,0.1768472015537979
2013-10-11,0.1704836484715658
2013-10-14,0.16326890924663442
2013-10-15,0.16214459113312285
2013-10-16,0.16870616029879165
2013-10-17,0.16356059691187652
2013-10-18,0.15913924300672103
2013-10-21,0.15263712826104453
2013-10-22,0.14878043488841314
2013-10-23,0.1466550011202238
2013-10-24,0.14200575017216496
2013-10-25,0.1386264944551529
2013-10-28,0.13454159661640883
2013-10-29,0.13276353280441155
2013-10-30,0.1332486745650694
2013-10-31,0.13152818636480101
2013-11-01,0.12858933024465524
2013-11-04,0.12648952829530336
2013-11-05,0.1260653084982989
2013-11-06,0.12539927273495122
2013-11-07,0.14246328042221865
2013-11-08,0.1517864227826935
2013-11-11,0.1461467153037767
2013-11-12,0.14207344054358312
2013-11-13,0.14206696808363728
2013-11-14,0.1389945216323195
2013-11-15,0.13590983597487544
2013-11-18,0.13437574806404665
2013-11-19,0.132003182672633
2013-11-20,0.13071159350087203
2013-11-21,0.13260868718307195
2013-11-22,0.13088552600700865
2013-11-25,0.12834507698008993
2013-11-26,0.12575931610444824
2013-11-27,0.12363871726019073
2013-11-29,0.12055581811780394
2013-12-02,0.12033912302604467
2013-12-03,0.12194748478886805
2013-12-04,0.1201138805840948
2013-12-05,0.1218524792982545
2013-12-06,0.13064445437219654
2013-12-09,0.12762647603490934
2013-12-10,0.12723381935319855
2013-12-11,0.14036891667150705
2013-12-12,0.13782492679264058
2013-12-13,0.13380335803913054
2013-12-16,0.13280826519286473
2013-12-17,0.13124825683743543
2013-12-18,0.15212974264186008
2013-12-19,0.1466283001760747
2013-12-20,0.14338726423954648
2013-12-23,0.14019422712225252
2013-12-24,0.13581257678851283
2013-12-26,0.13347425527365245
2013-12-27,0.13001821572494454
2013-12-30,0.12706175397399108
2013-12-31,0.12516846735899773
2014-01-02,0.13451188068373227
2014-01-03,0.13093627455347231
2014-01-06,0.12932994804688622
2014-01-07,0.12883000265036962
2014-01-08,0.1259270266607009
2014-01-09,0.12335583669459094
2014-01-10,0.121386183118558
2014-01-13,0.14073663031264533
2014-01-14,0.14497973806621497
2014-01-15,0.1415767951069135
2014-01-16,0.13749245997579693
2014-01-17,0.1361748359425659
2014-01-21,0.13253363437707633
2014-01-22,0.12907217035813154
2014-01-23,0.13487298770942
2014-01-24,0.17526541576335686
2014-01-27,0.16951377344935722
2014-01-28,0.16339257733875756
2014-01-29,0.16560994968035675
2014-01-30,0.16525980931291906
2014-01-31,0.16169197627453447
2014-02-03,0.19610921462218794
2014-02-04,0.18789466834439406
2014-02-05,0.17856167132938058
2014-02-06,0.18034414265650928
2014-02-07,0.1805637585225216
2014-02-10,0.17166855805574405
2014-02-11,0.17101524695039325
2014-02-12,0.1631535708226791
2014-02-13,0.15749490383233267
2014-02-14,0.1527856746170854
2014-02-18,0.14699501757913738
2014-02-19,0.1471598884097394
2014-02-20,0.14409665280948483
2014-02-21,0.1398095595968285
2014-02-24,0.13745223584175828
2014-02-25,0.13375188061221288
2014-02-26,0.13042817807595244
2014-02-27,0.1291477862902259
2014-02-28,0.1265373440075981
2014-03-03,0.1306899418325836
2014-03-04,0.1435129301000347
2014-03-05,0.13886071858918494
2014-03-06,0.13493620270481163
2014-03-07,0.13145201470295248
2014-03-10,0.1286650440497918
2014-03-11,0.12969659265810493
2014-03-12,0.12695129541096467
2014-03-13,0.13945624050776304
2014-03-14,0.13678684772978036
2014-03-17,0.13885953515262747
2014-03-18,0.1381729697449798
2014-03-19,0.13815116065696476
2014-03-20,0.13628263735284774
2014-03-21,0.13497877647667253
2014-03-24,0.1341227872277594
2014-03-25,0.13197106056443725
2014-03-26,0.1355918121553945
2014-03-27,0.13298620201042308
2014-03-28,0.13113022576143338
2014-03-31,0.1329731386393605
2014-04-01,0.1326432435514427
2014-04-02,0.12820062310584587
2014-04-03,0.1259752281720213
2014-04-04,0.139485046752234
2014-04-07,0.14831721268264586
2014-04-08,0.14369541908464434
2014-04-09,0.14686110113796672
2014-04-10,0.18025490069505334
2014-04-11,0.17851530985502306
2014-04-14,0.1729074178433741
2014-04-15,0.16710817940087133
2014-04-16,0.166111189054006
2014-04-17,0.15860674654295429
2014-04-21,0.15242569421096522
2014-04-22,0.14751310757645797
2014-04-23,0.14325193846293968
2014-04-24,0.13855115013624536
2014-04-25,0.14223650330934542
2014-04-28,0.13796779868430803
2014-04-29,0.13501791180707848
2014-04-30,0.13162556632733888
2014-05-01,0.12844972559383655
2014-05-02,0.12691022923569473
2014-05-05,0.12449828659847881
2014-05-06,0.13200435950333864
2014-05-07,0.13102149164605484
2014-05-08,0.12842222514934307
2014-05-09,0.12574257060981478
2014-05-12,0.1307720671218314
2014-05-13,0.12774921099376976
2014-05-14,0.12856230009909225
2014-05-15,0.1353781303402006
2014-05-16,0.13224729739194874
2014-05-19,0.1296561012776257
2014-05-20,0.13217360660442334
2014-05-21,0.13406093046748763
2014-05-22,0.13074724494187193
2014-05-23,0.12855379294373281
2014-05-27,0.1283557344536575
2014-05-28,0.1260075840572562
2014-05-29,0.1253326028296708
2014-05-30,0.12310782025841145
2014-06-02,0.1211811800740589
2014-06-03,0.11792361546720377
2014-06-04,0.1165335467707278
2014-06-05,0.11841525901951465
2014-06-06,0.1183079128735784
2014-06-09,0.1167723591728957
2014-06-10,0.11557607601472818
2014-06-11,0.11676811581707168
2014-06-12,0.12266676019034586
2014-06-13,0.12088850661459836
2014-06-16,0.11898366605702819
2014-06-17,0.11764615946374929
2014-06-18,0.12033423993170991
2014-06-19,0.11850093084417682
2014-06-20,0.11702673881146736
2014-06-23,0.11590137261678687
2014-06-24,0.1202597270958547
2014-06-25,0.11966728161816358
2014-06-26,0.11829131596216634
2014-06-27,0.11683188190756547
2014-06-30,0.11580416899847579
2014-07-01,0.11801194491468352
2014-07-02,0.11284039534004844
2014-07-03,0.11314533250325179
2014-07-07,0.11423259199859605
2014-07-08,0.119243506077776
2014-07-09,0.11822255222742234
2014-07-10,0.11901883723225083
2014-07-11,0.11677419027748438
2014-07-14,0.11657293016075558
2014-07-15,0.11570563259477963
2014-07-16,0.11468007570246085
2014-07-17,0.1302749343936109
2014-07-18,0.1348174440383935
2014-07-21,0.13139704206290095
2014-07-22,0.12856886901281464
2014-07-23,0.1251594567540863
2014-07-24,0.12220238717938507
2014-07-25,0.12322983176121173
2014-07-28,0.12046238497515907
2014-07-29,0.12129777943259355
2014-07-30,0.1188411559844511
2014-07-31,0.1593885032833051
2014-08-01,0.15299791241764027
2014-08-04,0.14991153802531243
2014-08-05,0.15405445915122007
2014-08-06,0.14766913546901653
2014-08-07,0.14576129502600105
2014-08-08,0.14988889759051502
2014-08-11,0.14422500468451913
2014-08-12,0.13950645834497052
2014-08-13,0.13780745620987275
2014-08-14,0.13455931482168654
2014-08-15,0.13061933010421353
2014-08-18,0.13222964469269624
2014-08-19,0.13010386972188567
2014-08-20,0.12681763873014437
2014-08-21,0.12404820494965922
2014-08-22,0.12203382830712937
2014-08-25,0.12123369735158286
2014-08-26,0.11888042981714808
2014-08-27,0.11706857029198037
2014-08-28,0.11556157223930386
2014-08-29,0.11431430506943206
2014-09-02,0.11142766144707104
2014-09-03,0.11046922015941664
2014-09-04,0.11012070000321597
2014-09-05,0.11040271795980117
2014-09-08,0.11093844703467809
2014-09-09,0.11636864700614234
2014-09-10,0.1151779592739132
2014-09-11,0.1133404476196959
2014-09-12,0.11749241126878111
2014-09-15,0.11573952889875631
2014-09-16,0.11855772647431201
2014-09-17,0.11625220948612361
2014-09-18,0.11631965689309225
2014-09-19,0.11480239685884577
2014-09-22,0.12204828663817066
2014-09-23,0.12446628869693349
2014-09-24,0.12620379539411286
2014-09-25,0.15246005356080775
2014-09-26,0.15005635418159408
2014-09-29,0.14454179074538212
2014-09-30,0.14024090374871087
2014-10-01,0.15522792220379097
2014-10-02,0.14836311543701614
2014-10-03,0.1511781681259924
2014-10-06,0.1451879335887142
2014-10-07,0.1639311872511887
2014-10-08,0.1772900203818255
2014-10-09,0.20030368054607398
2014-10-10,0.19926899847176707
2014-10-13,0.20851768016297595
2014-10-14,0.1957320828604726
2014-10-15,0.18871502158956072
2014-10-16,0.17827988401663272
2014-10-17,0.17753067026015096
2014-10-20,0.173832050244814
2014-10-21,0.19072772695120477
2014-10-22,0.18475697424863535
2014-10-23,0.1827342929007336
2014-10-24,0.17601534960161075
2014-10-27,0.16716931950199548
2014-10-28,0.1676201775295803
2014-10-29,0.1597997488800834
2014-10-30,0.1546056917613022
2014-10-31,0.15720433285882576
2014-11-03,0.1499099570281364
2014-11-04,0.14548140564725767
2014-11-05,0.14228700891275914
2014-11-06,0.1376924798064737
2014-11-07,0.13284834754054858
2014-11-10,0.12910468623482954
2014-11-11,0.12542058723463168
2014-11-12,0.12277823392608869
2014-11-13,0.11998364287075053
2014-11-14,0.11767601464570106
2014-11-17,0.11564845643066837
2014-11-18,0.11651987077325707
2014-11-19,0.11551077061276187
2014-11-20,0.11383591749215921
2014-11-21,0.11456359583618939
2014-11-24,0.11333786332639365
2014-11-25,0.11234140907505646
2014-11-26,0.11136252419935412
2014-11-28,0.11154772662810877
2014-12-01,0.11935592803501394
2014-12-02,0.12062875184174134
2014-12-03,0.11902697819941563
2014-12-04,0.1173567191071246
2014-12-05,0.11534923754698853
2014-12-08,0.12154430847796956
2014-12-09,0.11924419686687253
2014-12-10,0.1508222072293604
2014-12-11,0.14548081831745252
2014-12-12,0.16914486309487262
2014-12-15,0.1657502888319106
2014-12-16,0.1647480565588547
2014-12-17,0.18575525372367366
2014-12-18,0.21660878121744495
2014-12-19,0.2022510682051046
2014-12-22,0.18978850064045216
2014-12-23,0.1778436569786067
2014-12-24,0.16745201843630897
2014-12-26,0.1587046246966514
2014-12-29,0.1506760980615817
2014-12-30,0.148117632559322
2014-12-31,0.1552915957549685
2015-01-02,0.14812753607139975
2015-01-05,0.17791201589605407
2015-01-06,0.17746632358980244
2015-01-07,0.17844375283671707
2015-01-08,0.19131893844455067
2015-01-09,0.18623656424867718
2015-01-12,0.18168569977320867
2015-01-13,0.17211031691156908
2015-01-14,0.16720901147649872
2015-01-15,0.16822352532822063
2015-01-16,0.17230191868023792
2015-01-20,0.16265318254329228
2015-01-21,0.15573604049662104
2015-01-22,0.16657162290429717
2015-01-23,0.16181446926684664
2015-01-26,0.15362239767460248
2015-01-27,0.1668695960033952
2015-01-28,0.1760605179264881
2015-01-29,0.17182909836918964
2015-01-30,0.1793212117570072
2015-02-02,0.1796865524216366
2015-02-03,0.18441965372151597
2015-02-04,0.17523738276830644
2015-02-05,0.17245156955838714
2015-02-06,0.16406180493821954
2015-02-09,0.15842931113292255
2015-02-10,0.15953118733350022
2015-02-11,0.15145987508244307
2015-02-12,0.15199896520821074
2015-02-13,0.14590430936748047
2015-02-17,0.13971840216231668
2015-02-18,0.13451201557862003
2015-02-19,0.13035021702601013
2015-02-20,0.12933970710968792
2015-02-23,0.12576391310994772
2015-02-24,0.12294500722011481
2015-02-25,0.12067008755139753
2015-02-26,0.11895134584534561
2015-02-27,0.11949677397199897
2015-03-02,0.12082667149038484
2015-03-03,0.12189992563565363
2015-03-04,0.12254095466918268
2015-03-05,0.1197636839438751
2015-03-06,0.14534205733335487
2015-03-09,0.1400371471173287
2015-03-10,0.16634533486050043
2015-03-11,0.1581951105937652
2015-03-12,0.16336304871593202
2015-03-13,0.15970351288498932
2015-03-16,0.16599483872669094
2015-03-17,0.1583680186979418
2015-03-18,0.1620185969574364
2015-03-19,0.15654643846557378
2015-03-20,0.1547168523933006
2015-03-23,0.14799846406839404
2015-03-24,0.1462208429275244
2015-03-25,0.16565989019100555
2015-03-26,0.15763542446308107
2015-03-27,0.14966207127429895
2015-03-30,0.15551951079988113
2015-03-31,0.15774221796167023
2015-04-01,0.15185143016203986
2015-04-02,0.14527644018709066
2015-04-06,0.14255391045721744
2015-04-07,0.13832063531170044
2015-04-08,0.13377956357906146
2015-04-09,0.13065387410284662
2015-04-10,0.12899765195353888
2015-04-13,0.12912307021780525
2015-04-14,0.12550063470663522
2015-04-15,0.12382670699347789
2015-04-16,0.1212176324527933
2015-04-17,0.13800612679418844
2015-04-20,0.14016229861203638
2015-04-21,0.1353207714705428
2015-04-22,0.1323495724985
2015-04-23,0.128376103157956
2015-04-24,0.12497816364717902
2015-04-27,0.12537000567579926
2015-04-28,0.12282328367507979
2015-04-29,0.12356475385671681
2015-04-30,0.13570041940508037
2015-05-01,0.1416085271272614
2015-05-04,0.13566335855587075
2015-05-05,0.14810579728058698
2015-05-06,0.1443238480924047
2015-05-07,0.13914806913432615
2015-05-08,0.1492266540348925
2015-05-11,0.14601927884325414
2015-05-12,0.14146318235160374
2015-05-13,0.1358874369014285
2015-05-14,0.14069228063099945
2015-05-15,0.1351447122063658
2015-05-18,0.13092200002088397
2015-05-19,0.12712814107210949
2015-05-20,0.12409673004362645
2015-05-21,0.12158905994616452
2015-05-22,0.12060620355265624
2015-05-26,0.13515193132015907
2015-05-27,0.1383352739026552
2015-05-28,0.1337009186142526
2015-05-29,0.1353494499637288
2015-06-01,0.13072736096387907
2015-06-02,0.12724034941698478
2015-06-03,0.12344209516040912
2015-06-04,0.13131154700978206
2015-06-05,0.12805173386910446
2015-06-08,0.13051249159514663
2015-06-09,0.1266510458662229
2015-06-10,0.1367306911153977
2015-06-11,0.13225422266077178
2015-06-12,0.1365514950398186
2015-06-15,0.13478317239502172
2015-06-16,0.13225274803961154
2015-06-17,0.1279819700878499
2015-06-18,0.1342659282519268
2015-06-19,0.1330847351549215
2015-06-22,0.13052877148908476
2015-06-23,0.12650863017566003
2015-06-24,0.13127281515201916
2015-06-25,0.12907928600808088
2015-06-26,0.12546072982115455
2015-06-29,0.17227043973533251
2015-06-30,0.16230473298120013
2015-07-01,0.15816593445226118
2015-07-02,0.14961877155182368
2015-07-06,0.14440169755648652
2015-07-07,0.14122500826017345
2015-07-08,0.16602451403220186
2015-07-09,0.15713202447204824
2015-07-10,0.16141901685908483
2015-07-13,0.16199634436949026
2015-07-14,0.15458927759724653
2015-07-15,0.14737010237111522
2015-07-16,0.1457795554477653
2015-07-17,0.13962452823048177
2015-07-20,0.13438825584594175
2015-07-21,0.13259710871911548
2015-07-22,0.1292667136223469
2015-07-23,0.13050837632113768
2015-07-24,0.140558920171787
2015-07-27,0.1400173512156461
2015-07-28,0.1472681894690173
2015-07-29,0.14427298226757923
2015-07-30,0.13839574604423893
2015-07-31,0.13400355192176291
2015-08-03,0.130973345345755
2015-08-04,0.12793520187620133
2015-08-05,0.12497316273986896
2015-08-06,0.13124234392380374
2015-08-07,0.12813976698163335
2015-08-10,0.13848927180893775
2015-08-11,0.1435323125709117
2015-08-12,0.13767922885479145
2015-08-13,0.13320855642512033
2015-08-14,0.12960159361536086
2015-08-17,0.12806870954027857
2015-08-18,0.1262128977849146
2015-08-19,0.13167108657649404
2015-08-20,0.17268378127082604
2015-08-21,0.23268793998506265
2015-08-24,0.3165427610541311
2015-08-25,0.29821302715199666
2015-08-26,0.3350872744589016
2015-08-27,0.33084250468519727
2015-08-28,0.3032937870854832
2015-08-31,0.282694486153588
2015-09-01,0.31969033247101364
2015-09-02,0.308303759507324
2015-09-03,0.2817023738756373
2015-09-04,0.2736727222218817
2015-09-08,0.28415708447877963
2015-09-09,0.2725851255710407
2015-09-10,0.2512861119176721
2015-09-11,0.23211577092594446
2015-09-14,0.21604337214636146
2015-09-15,0.21026433087129326
2015-09-16,0.19989227830513467
2015-09-17,0.1871465825285114
2015-09-18,0.20062541625073788
2015-09-21,0.1883286055003666
2015-09-22,0.1929865692255083
2015-09-23,0.18084603912543218
2015-09-24,0.1717081301342823
2015-09-25,0.1620249610391496
2015-09-28,0.21310683155779728
2015-09-29,0.1977920598357683
2015-09-30,0.20872716993753024
2015-10-01,0.19269794769629114
2015-10-02,0.19550336561132525
2015-10-05,0.20416592607193426
2015-10-06,0.19174599019698607
2015-10-07,0.1836140150852779
2015-10-08,0.1777837251494784
2015-10-09,0.16726763365703323
2015-10-12,0.15817718596364505
2015-10-13,0.15564024494825937
2015-10-14,0.1515818632617661
2015-10-15,0.16445613756637958
2015-10-16,0.156961494852646
2015-10-19,0.14935755372978332
2015-10-20,0.143387957521329
2015-10-21,0.143353189964142
2015-10-22,0.16259226462702203
2015-10-23,0.1634433117084117
2015-10-26,0.1560463057514258
2015-10-27,0.14941746965802705
2015-10-28,0.15367393286368455
2015-10-29,0.14677582752385157
2015-10-30,0.14264842990682802
2015-11-02,0.1489099115615929
2015-11-03,0.14278498143306664
2015-11-04,0.13896058498136277
2015-11-05,0.1344220238102981
2015-11-06,0.13041673134393347
2015-11-09,0.1386962702662716
2015-11-10,0.13393546233186202
2015-11-11,0.13248458947235822
2015-11-12,0.1522197185561865
2015-11-13,0.15978884551622097
2015-11-16,0.16976065960260722
2015-11-17,0.16059188236047445
2015-11-18,0.17197532216839512
2015-11-19,0.16254447516336284
2015-11-20,0.1547463166526862
2015-11-23,0.14787286495320676
2015-11-24,0.14155097057484883
2015-11-25,0.1363154262159691
2015-11-27,0.13174643649764817
2015-11-30,0.13093340616180785
2015-12-01,0.13495320112865275
2015-12-02,0.1439630347736703
2015-12-03,0.1603089971249523
2015-12-04,0.18116667035706663
2015-12-07,0.17438373073939817
2015-12-08,0.1694994961012102
2015-12-09,0.16695234494499034
2015-12-10,0.1581106117563198
2015-12-11,0.18658477262652348
2015-12-14,0.176208108015983
2015-12-15,0.17343760368536948
2015-12-16,0.17886913840181826
2015-12-17,0.1897798695277959
2015-12-18,0.20485478689219622
2015-12-21,0.19468666956384056
2015-12-22,0.18695802725233598
2015-12-23,0.18540378196962454
2015-12-24,0.17443873305677784
2015-12-28,0.16530157437570772
2015-12-29,0.1647469009271126
2015-12-30,0.1619826133662081
2015-12-31,0.1650722457730369
2016-01-04,0.1762138596473653
2016-01-05,0.16588251276077998
2016-01-06,0.17351092154934275
2016-01-07,0.213117816667264
2016-01-08,0.20838748059833223
2016-01-11,0.1938319511435377
2016-01-12,0.1850898030243843
2016-01-13,0.22419629110235792
2016-01-14,0.2235477685409649
2016-01-15,0.24074623639481968
2016-01-19,0.22225928401891498
2016-01-20,0.21925824429570637
2016-01-21,0.20486717004026667
2016-01-22,0.21748198359702925
2016-01-25,0.2200466688954924
2016-01-26,0.21505279996129517
2016-01-27,0.2098414227606452
2016-01-28,0.19642361070105774
2016-01-29,0.2218718465004557
2016-02-01,0.20577906038138224
2016-02-02,0.22149379125781832
2016-02-03,0.20727486383932414
2016-02-04,0.19296987061790014
2016-02-05,0.21206670904342648
2016-02-08,0.21279765126598324
2016-02-09,0.1978525017110504
2016-02-10,0.1849710696801746
2016-02-11,0.19001356538376843
2016-02-12,0.20763884557029802
2016-02-16,0.21190998470338948
2016-02-17,0.21415918944435947
2016-02-18,0.20094381760290234
2016-02-19,0.18756590150689245
2016-02-22,0.19062429074139328
2016-02-23,0.19368598108650126
2016-02-24,0.18213326852212508
2016-02-25,0.18154963310854288
2016-02-26,0.17143766433776503
2016-02-29,0.1689136782107262
2016-03-01,0.20129294954760402
2016-03-02,0.18869699593410055
2016-03-03,0.17712622871046368
2016-03-04,0.16719645142339362
2016-03-07,0.15810920956355934
2016-03-08,0.16383115335610487
2016-03-09,0.1566817975946894
2016-03-10,0.14901704888484893
2016-03-11,0.16439095141765883
2016-03-14,0.1561650338100632
2016-03-15,0.14925150024999298
2016-03-16,0.145003942275011
2016-03-17,0.1420169094554575
2016-03-18,0.13737420211014437
2016-03-21,0.13249695479122353
2016-03-22,0.12860461544656743
2016-03-23,0.13176232924164716
2016-03-24,0.12795182082922302
2016-03-28,0.1245162086419144
2016-03-29,0.12964906510224247
2016-03-30,0.12729059910845059
2016-03-31,0.12533246020113892
2016-04-01,0.12634439227739402
2016-04-04,0.12478072069779474
2016-04-05,0.13577604525412776
2016-04-06,0.14160582722700826
2016-04-07,0.15337787173860265
2016-04-08,0.14635774429867465
2016-04-11,0.14123266188636
2016-04-12,0.14294692157199484
2016-04-13,0.14571255494293667
2016-04-14,0.13959758443772352
2016-04-15,0.1347781026338289
2016-04-18,0.1342352751985733
2016-04-19,0.13026913288084985
2016-04-20,0.1263936320401791
2016-04-21,0.1279479335806543
2016-04-22,0.12455777130872875
2016-04-25,0.12249247841964352
2016-04-26,0.11989497806893373
2016-04-27,0.11783893707699418
2016-04-28,0.12837905902366553
2016-04-29,0.12958493905485682
2016-05-02,0.1313254921600814
2016-05-03,0.13743467802262968
2016-05-04,0.1371234190168993
2016-05-05,0.1323549807101019
2016-05-06,0.12897907555248556
2016-05-09,0.12533162810108636
2016-05-10,0.136787745755266
2016-05-11,0.1432891280490327
2016-05-12,0.13749168333609568
2016-05-13,0.14252029437105523
2016-05-16,0.14484448770649058
2016-05-17,0.14957488294053506
2016-05-18,0.14285545162293145
2016-05-19,0.13915504583302768
2016-05-20,0.13696009711092796
2016-05-23,0.1326676738733953
2016-05-24,0.14356174553066237
2016-05-25,0.14115592916478398
2016-05-26,0.13567763397626656
2016-05-27,0.13218936906699288
2016-05-31,0.12897237898476255
2016-06-01,0.1254554735411534
2016-06-02,0.1222647222658112
2016-06-03,0.12150006742451647
2016-06-06,0.12098293808299694
2016-06-07,0.11858942740023765
2016-06-08,0.11718876596601406
2016-06-09,0.11607710242738913
2016-06-10,0.1275586403947371
2016-06-13,0.132569974777429
2016-06-14,0.12925000654141505
2016-06-15,0.12612389813147812
2016-06-16,0.12331515859069635
2016-06-17,0.12311666643719976
2016-06-20,0.12380464089845149
2016-06-21,0.12131273742964536
2016-06-22,0.11964830898182516
2016-06-23,0.13376306405979507
2016-06-24,0.2391377401522288
2016-06-27,0.24342284936715453
2016-06-28,0.2423054414658103
2016-06-29,0.2394466820426578
2016-06-30,0.2312745528466734
2016-07-01,0.21706351753555314
2016-07-05,0.20628782743275034
2016-07-06,0.19387287409140896
2016-07-07,0.18131604499035997
2016-07-08,0.18621438149645084
2016-07-11,0.17500722568949909
2016-07-12,0.16827712917965054
2016-07-13,0.1590690766441707
2016-07-14,0.15312551358942436
2016-07-15,0.14652252177580974
2016-07-18,0.14066757337556304
2016-07-19,0.13583908988926202
2016-07-20,0.13247990322524067
2016-07-21,0.13112593396891398
2016-07-22,0.12881177872305913
2016-07-25,0.12706530609797018
2016-07-26,0.12402248908644502
2016-07-27,0.12197114491976413
2016-07-28,0.11976473993547289
2016-07-29,0.11798876072536578
2016-08-01,0.1168908419317472
2016-08-02,0.12326526414508052
2016-08-03,0.12145469357490768
2016-08-04,0.1195008299164744
2016-08-05,0.12446481052633597
2016-08-08,0.12226880028070836
2016-08-09,0.12018170286690605
2016-08-10,0.12001534523440585
2016-08-11,0.12005849023578852
2016-08-12,0.11881060107425173
2016-08-15,0.11782719047218224
2016-08-16,0.12147072927686108
2016-08-17,0.11961763234020807
2016-08-18,0.11821551087621908
2016-08-19,0.1176572175767728
2016-08-22,0.11655784768463233
2016-08-23,0.11567189839610274
2016-08-24,0.11973272750145203
2016-08-25,0.11846435526390123
2016-08-26,0.11815067795500715
2016-08-29,0.11884729940026671
2016-08-30,0.11828965535364228
2016-08-31,0.11634930453211567
2016-09-01,0.1149115961551964
2016-09-02,0.11539700561410574
2016-09-06,0.114621844413459
2016-09-07,0.1135464108744143
2016-09-08,0.11401625435929942
2016-09-09,0.18232457476669228
2016-09-12,0.18633096652865672
2016-09-13,0.19467165330429534
2016-09-14,0.18112737187115852
2016-09-15,0.17683801459951393
2016-09-16,0.16786977819001983
2016-09-19,0.1579936019340363
2016-09-20,0.14961244252070524
2016-09-21,0.15384055516835182
2016-09-22,0.14910969258228188
2016-09-23,0.1466615462802931
2016-09-26,0.14917959482603685
2016-09-27,0.1451457571244
2016-09-28,0.14051394659092953
2016-09-29,0.14637481401311633
2016-09-30,0.14579706328491418
2016-10-03,0.14074679682520388
2016-10-04,0.13955744170755413
2016-10-05,0.1356561203896136
2016-10-06,0.13097604638972754
2016-10-07,0.12952692732456536
2016-10-10,0.1281859245605222
2016-10-11,0.14708241099220232
2016-10-12,0.14053050387339058
2016-10-13,0.13716920493448653
2016-10-14,0.13224985136727235
2016-10-17,0.1306085393346016
2016-10-18,0.13031342997096185
2016-10-19,0.12691344456619955
2016-10-20,0.12477815000660937
2016-10-21,0.12201283002174865
2016-10-24,0.12117223169289615
2016-10-25,0.12153756920740433
2016-10-26,0.12051711427028883
2016-10-27,0.12028110963965137
2016-10-28,0.12038626107404005
2016-10-31,0.117224699448633
2016-11-01,0.12467330641846078
2016-11-02,0.12798390229035014
2016-11-03,0.12830509882790636
2016-11-04,0.12519077027179462
2016-11-07,0.1707867323713652
2016-11-08,0.16174027810284808
2016-11-09,0.1623403219254168
2016-11-10,0.15350512791201687
2016-11-11,0.14690478321836506
2016-11-14,0.14018018729815357
2016-11-15,0.14012455095698595
2016-11-16,0.13543428978970506
2016-11-17,0.13277412227563667
2016-11-18,0.12962137617921918
2016-11-21,0.13129297812610985
2016-11-22,0.12727024776090493
2016-11-23,0.12382252527524988
2016-11-25,0.12201300544937459
2016-11-28,0.12371996009528145
2016-11-29,0.12102434468899054
2016-11-30,0.12055694547754355
2016-12-01,0.12124835471860969
2016-12-02,0.11898880710062343
2016-12-05,0.12059432785655783
2016-12-06,0.11910868612964505
2016-12-07,0.13575235060130025
2016-12-08,0.1312158538092575
2016-12-09,0.13041372397291562
2016-12-12,0.1270484821594918
2016-12-13,0.12792001954366142
2016-12-14,0.1349706677872124
2016-12-15,0.13152838577065132
2016-12-16,0.12847035569673843
2016-12-19,0.1250991796128634
2016-12-20,0.12324429288649466
2016-12-21,0.12242187326022062
2016-12-22,0.12086552450847161
2016-12-23,0.11869104074129684
2016-12-27,0.11720903273614719
2016-12-28,0.12695149340277173
2016-12-29,0.1238165557199173
2016-12-30,0.12298394499210202
2017-01-03,0.12603633279527038
2017-01-04,0.12597316447470744
2017-01-05,0.12309939174373605
2017-01-06,0.12127360353064125
2017-01-09,0.12121092664574457
2017-01-10,0.11891287709335797
2017-01-11,0.11740609037327529
2017-01-12,0.11729022245255162
2017-01-13,0.11584912139122033
2017-01-17,0.11712822760413814
2017-01-18,0.11568608190096745
2017-01-19,0.1172223256743918
2017-01-20,0.1165666181213214
2017-01-23,0.11670235128689496
2017-01-24,0.11916203826686536
2017-01-25,0.1248850117308781
2017-01-26,0.12232429960994294
2017-01-27,0.12053356911853949
2017-01-30,0.12489611240249858
2017-01-31,0.12196351568833733
2017-02-01,0.11792874613603631
2017-02-02,0.1157995955188938
2017-02-03,0.11890675777455123
2017-02-06,0.11759031501504967
2017-02-07,0.11561737791729654
2017-02-08,0.11391804114582525
2017-02-09,0.11600319911384373
2017-02-10,0.11548367926555926
2017-02-13,0.11661028886303132
2017-02-14,0.11601686385943358
2017-02-15,0.11677069994074925
2017-02-16,0.11527305072683433
2017-02-17,0.11367586889939668
2017-02-21,0.1158421951974245
2017-02-22,0.11453368815575775
2017-02-23,0.11301791461651786
2017-02-24,0.11179100628421162
2017-02-27,0.11083443674304114
2017-02-28,0.11187870164278242
2017-03-01,0.13293573195028935
2017-03-02,0.13458001375450798
2017-03-03,0.1290168962404365
2017-03-06,0.1267760622151545
2017-03-07,0.1249461791709223
2017-03-08,0.12243459524362361
2017-03-09,0.1193083307549138
2017-03-10,0.11760969039915871
2017-03-13,0.1153356201241356
2017-03-14,0.11667856547625542
2017-03-15,0.12261010883208372
2017-03-16,0.12059775671570565
2017-03-17,0.11878462894499706
2017-03-20,0.11686273541956547
2017-03-21,0.13937269179786335
2017-03-22,0.1337033935223747
2017-03-23,0.12921037966991164
2017-03-24,0.12530013894130732
2017-03-27,0.12219700419370792
2017-03-28,0.12440519760908829
2017-03-29,0.12093019113840599
2017-03-30,0.11873132170300942
2017-03-31,0.11773162606470029
2017-04-03,0.11527657721999715
2017-04-04,0.11317980763080081
2017-04-05,0.1136191603410575
2017-04-06,0.11231233808143518
2017-04-07,0.11127265591928744
2017-04-10,0.10988504788848491
2017-04-11,0.10939101141622767
2017-04-12,0.11245562909364855
2017-04-13,0.11862612128438724
2017-04-17,0.12432560482969636
2017-04-18,0.12271742050984517
2017-04-19,0.12037378498114648
2017-04-20,0.12428895268382392
2017-04-21,0.12290171957712699
2017-04-24,0.13235894521185332
2017-04-25,0.13041159567273058
2017-04-26,0.12609903638682693
2017-04-27,0.12217280642178624
2017-04-28,0.12019287589964764
2017-05-01,0.11759324596662399
2017-05-02,0.11512708112747604
2017-05-03,0.11283815666403234
2017-05-04,0.11098773564436355
2017-05-05,0.11080532709096462
2017-05-08,0.10947597638900092
2017-05-09,0.10871359065636942
2017-05-10,0.10770667832771405
2017-05-11,0.10808608859742738
2017-05-12,0.10808228853428364
2017-05-15,0.11024621285971056
2017-05-16,0.1093415794257704
2017-05-17,0.15238832104411576
2017-05-18,0.14538391214510493
2017-05-19,0.14192604059986355
2017-05-22,0.1374318031705367
2017-05-23,0.13176316470523702
2017-05-24,0.12702346945854126
2017-05-25,0.1247416996737885
2017-05-26,0.12103422311296866
2017-05-30,0.11820727244130184
2017-05-31,0.11560822772955592
2017-06-01,0.120135400737222
2017-06-02,0.11795681143259187
2017-06-05,0.11558057660588295
2017-06-06,0.11567689012899166
2017-06-07,0.11342160576490361
2017-06-08,0.11145622108043444
2017-06-09,0.11070255104468625
2017-06-12,0.10937969324258401
2017-06-13,0.11048298784027068
2017-06-14,0.10973303484333778
2017-06-15,0.10962275827934263
2017-06-16,0.10837544685702291
2017-06-19,0.11538108016804685
2017-06-20,0.12141133782606113
2017-06-21,0.1182534529066825
2017-06-22,0.11570287331308714
2017-06-23,0.11332746643829987
2017-06-26,0.11136163277726992
2017-06-27,0.12138300804110645
2017-06-28,0.12670444070847853
2017-06-29,0.13474947861141343
2017-06-30,0.1293859143559749
2017-07-03,0.12427835307912138
2017-07-05,0.12060121747215836
2017-07-06,0.13096391878132296
2017-07-07,0.1300065643539617
2017-07-10,0.12514367001501184
2017-07-11,0.12141921587266852
2017-07-12,0.12394828725229992
2017-07-13,0.1201320969593292
2017-07-14,0.11886272952352854
2017-07-17,0.11594608006319719
2017-07-18,0.11339078996580002
2017-07-19,0.11426760802638034
2017-07-20,0.11200950314175767
2017-07-21,0.11059584579908392
2017-07-24,0.10914482951277034
2017-07-25,0.10811646838396713
2017-07-26,0.10702125610561582
2017-07-27,0.10653351064155434
2017-07-28,0.10628572237912863
2017-07-31,0.10574554563617923
2017-08-01,0.10524701470102364
2017-08-02,0.10223349602897581
2017-08-03,0.1030174053593434
2017-08-04,0.1023996269493622
2017-08-07,0.10190739607991621
2017-08-08,0.10331648351436722
2017-08-09,0.10264827921109539
2017-08-10,0.13625132805772341
2017-08-11,0.1301011880673691
2017-08-14,0.13587233575357702
2017-08-15,0.12987538720708705
2017-08-16,0.12474629681147631
2017-08-17,0.15603091550534928
2017-08-18,0.14773953424970987
2017-08-21,0.13987456530458128
2017-08-22,0.14477657863688193
2017-08-23,0.1399324840574042
2017-08-24,0.13458591141122245
2017-08-25,0.12892564535275317
2017-08-28,0.12394573753970584
2017-08-29,0.1196480716168788
2017-08-30,0.11827040701539576
2017-08-31,0.1195470297847017
2017-09-01,0.11611737377115684
2017-09-05,0.12310387798771569
2017-09-06,0.1200082624562175
2017-09-07,0.11661705104252118
2017-09-08,0.11429093941835658
2017-09-11,0.12588390450376716
2017-09-12,0.12229974689131647
2017-09-13,0.1184089855445594
2017-09-14,0.115347712199688
2017-09-15,0.1125995874606224
2017-09-18,0.11052773939412583
2017-09-19,0.10856457352071906
2017-09-20,0.10698570536887354
2017-09-21,0.10776878827108517
2017-09-22,0.10636186418255444
2017-09-25,0.10657467228732313
2017-09-26,0.10531271590723051
2017-09-27,0.10578977043049939
2017-09-28,0.10466990726960124
2017-09-29,0.10490918003496465
2017-10-02,0.1041812617057923
2017-10-03,0.1032217175806235
2017-10-04,0.10216716771852957
2017-10-05,0.10581931813020767
2017-10-06,0.1050332530487008
2017-10-09,0.10480893857422073
2017-10-10,0.10400449132496244
2017-10-11,0.10287890748071986
2017-10-12,0.10290976636194336
2017-10-13,0.10191407303736871
2017-10-16,0.10111234232727066
2017-10-17,0.10042597882183597
2017-10-18,0.09985805798399666
2017-10-19,0.09946464489194716
2017-10-20,0.10242363927803061
2017-10-23,0.10564024790362843
2017-10-24,0.10427822549647937
2017-10-25,0.10907041829672572
2017-10-26,0.10701353077852069
2017-10-27,0.1142262539319629
2017-10-30,0.1148220837698212
2017-10-31,0.10975950619648954
2017-11-01,0.10708190006223237
2017-11-02,0.1048560288106053
2017-11-03,0.10407120007202293
2017-11-06,0.10237725249116995
2017-11-07,0.10138032663782147
2017-11-08,0.10018779131504633
2017-11-09,0.10305116845896693
2017-11-10,0.10172984831678823
2017-11-13,0.10035226126349346
2017-11-14,0.10123886725255077
2017-11-15,0.10657598381844129
2017-11-16,0.11461559570036987
2017-11-17,0.11370129503557445
2017-11-20,0.11047829750269733
2017-11-21,0.1132533964128699
2017-11-22,0.11054954872013051
2017-11-24,0.1080720578519631
2017-11-27,0.10599661237573046
2017-11-28,0.1187606876953678
2017-11-29,0.11502519123484606
2017-11-30,0.12081633945728985
2017-12-01,0.11770468005891514
2017-12-04,0.11433615342251531
2017-12-05,0.11424684064472977
2017-12-06,0.11072556730362598
2017-12-07,0.10857796765372837
2017-12-08,0.10960284762865861
2017-12-11,0.10752899033518988
2017-12-12,0.10510919204926021
2017-12-13,0.10313519554222307
2017-12-14,0.10600931338543898
2017-12-15,0.11356588098637149
2017-12-18,0.11518013324995507
2017-12-19,0.1153250078563702
2017-12-20,0.1119056817297025
2017-12-21,0.10889833279221732
2017-12-22,0.10636994322788876
2017-12-26,0.10482240359849022
2017-12-27,0.10273274452027793
2017-12-28,0.10121321540596777
2017-12-29,0.10390228165990065
2018-01-02,0.10781615100261685
2018-01-03,0.11027943468050223
2018-01-04,0.1090401895307137
2018-01-05,0.11192079951212655
2018-01-08,0.10861227202310628
2018-01-09,0.1059987559394516
2018-01-10,0.10456065667456561
2018-01-11,0.10970998851563113
2018-01-12,0.11217322448728685
2018-01-16,0.11197756533436548
2018-01-17,0.12103750510048622
2018-01-18,0.11734019884489763
2018-01-19,0.11532996287827141
2018-01-22,0.12008849516734772
2018-01-23,0.11566632986727825
2018-01-24,0.11193069149809418
2018-01-25,0.1085069141449111
2018-01-26,0.1246485411255558
2018-01-29,0.12830646138724972
2018-01-30,0.14106808159043177
2018-01-31,0.1335288403762392
2018-02-01,0.12707954768135
2018-02-02,0.18651509764384516
2018-02-05,0.32036824300947947
2018-02-06,0.31457234927596867
2018-02-07,0.29037434202988743
2018-02-08,0.35938221797140857
2018-02-09,0.3391658238584911
2018-02-12,0.3210651360908905
2018-02-13,0.2936952779893114
2018-02-14,0.2797785773473709
2018-02-15,0.2665496872907855
2018-02-16,0.24466994729953417
2018-02-20,0.22942873974292002
2018-02-21,0.21460377994657726
2018-02-22,0.19829450045819486
2018-02-23,0.2054945871377452
2018-02-26,0.2011674188642733
2018-02-27,0.20410601687361674
2018-02-28,0.20100795465926846
2018-03-01,0.20955117337295537
2018-03-02,0.19553051766326596
2018-03-05,0.19559617738834162
2018-03-06,0.18147573179847637
2018-03-07,0.16897386229776898
2018-03-08,0.15977045487916314
2018-03-09,0.18237766244523937
2018-03-12,0.17013406741919743
2018-03-13,0.16571115007072212
2018-03-14,0.15973486172036128
2018-03-15,0.15032048847625895
2018-03-16,0.14159823233034288
2018-03-19,0.16299553284795895
2018-03-20,0.15268861589951788
2018-03-21,0.14478959525469706
2018-03-22,0.21605453401756375
2018-03-23,0.24536977072883442
2018-03-26,0.2798610856416505
2018-03-27,0.28071763986036513
2018-03-28,0.25792718862938047
2018-03-29,0.2480321439307027
2018-04-02,0.269856752376914
2018-04-03,0.2582535439499993
2018-04-04,0.24742990090397093
2018-04-05,0.23143788699106144
2018-04-06,0.26130814566139593
2018-04-09,0.2407839695894007
2018-04-10,0.24107189134322243
2018-04-11,0.22497646912639244
2018-04-12,0.21239425936952303
2018-04-13,0.1975831383964074
2018-04-16,0.18886318352159187
2018-04-17,0.18617415677569615
2018-04-18,0.17290751807548943
2018-04-19,0.16663288920379693
2018-04-20,0.16730732887062716
2018-04-23,0.1565422915285841
2018-04-24,0.1742624529519957
2018-04-25,0.16277116663408386
2018-04-26,0.16359519423694155
2018-04-27,0.15315315116112768
2018-04-30,0.1545198724767162
2018-05-01,0.1453688919087182
2018-05-02,0.14599510144433567
2018-05-03,0.1381911614778215
2018-05-04,0.15166681813874722
2018-05-07,0.143625701446544
2018-05-08,0.13593732625866378
2018-05-09,0.14062069049670473
2018-05-10,0.14357385185816215
2018-05-11,0.13644763638068572
2018-05-14,0.12966617790638385
2018-05-15,0.13350272803278468
2018-05-16,0.12882281328865547
2018-05-17,0.1236192294948681
2018-05-18,0.1206625383541453
2018-05-21,0.12350918125378323
2018-05-22,0.1209068408837184
2018-05-23,0.1169643334213209
2018-05-24,0.11461394772298164
2018-05-25,0.1130385201203263
2018-05-29,0.13556257274610997
2018-05-30,0.1510104887236
2018-05-31,0.14914778307075904
2018-06-01,0.15150147882109144
2018-06-04,0.14403427137994224
2018-06-05,0.13617321465170534
2018-06-06,0.1376162280226789
2018-06-07,0.13080375996684498
2018-06-08,0.12545860322435254
2018-06-11,0.12026803604872889
2018-06-12,0.11585664094760252
2018-06-13,0.11509660319933164
2018-06-14,0.11191810550680222
2018-06-15,0.10968030209297477
2018-06-18,0.10857034151017389
2018-06-19,0.11019262880696182
2018-06-20,0.10745928429713547
2018-06-21,0.11454549429504653
2018-06-22,0.11114602408431244
2018-06-25,0.1423591155866143
2018-06-26,0.13496875096294134
2018-06-27,0.14106260126802325
2018-06-28,0.13698201199473609
2018-06-29,0.13013647316076185
2018-07-02,0.12446671842854216
2018-07-03,0.12241263147889979
2018-07-05,0.12612780299430743
2018-07-06,0.1297523000344793
2018-07-09,0.13389008380025394
2018-07-10,0.12856633524391867
2018-07-11,0.13341966232612743
2018-07-12,0.13694261176805764
2018-07-13,0.13007214786288201
2018-07-16,0.12469914021190466
2018-07-17,0.12121210804729894
2018-07-18,0.11688025172721202
2018-07-19,0.11676208945337657
2018-07-20,0.11360908047950816
2018-07-23,0.11037830711606209
2018-07-24,0.11057653217388187
2018-07-25,0.11777158414725726
2018-07-26,0.11557320746951603
2018-07-27,0.12194046730043329
2018-07-30,0.12347369302716452
2018-07-31,0.12121652154090506
2018-08-01,0.11776713439612964
2018-08-02,0.11647802140470166
2018-08-03,0.11449495967792613
2018-08-06,0.11220342927284378
2018-08-07,0.10997088979022561
2018-08-08,0.10742215574576194
2018-08-09,0.10593037491417333
2018-08-10,0.11414461420661283
2018-08-13,0.1143728443166033
2018-08-14,0.11586780057495494
2018-08-15,0.12373226927002451
2018-08-16,0.12678127072082554
2018-08-17,0.12238240136619591
2018-08-20,0.11781163942925163
2018-08-21,0.11403966961878652
2018-08-22,0.11091603455377613
2018-08-23,0.108796486996098
2018-08-24,0.11073750919457977
2018-08-27,0.11610955875477126
2018-08-28,0.11229055105671872
2018-08-29,0.11250894645355489
2018-08-30,0.11354825632925865
2018-08-31,0.10946346066246107
2018-09-04,0.10782538351617413
2018-09-05,0.10756108404694766
2018-09-06,0.1077765844132474
2018-09-07,0.10664899126239119
2018-09-10,0.1043301036252296
2018-09-11,0.10331610045489448
2018-09-12,0.10152235309686422
2018-09-13,0.10456625129732032
2018-09-14,0.10258060858271208
2018-09-17,0.10796625125935166
2018-09-18,0.1089040844428977
2018-09-19,0.10610021416286539
2018-09-20,0.11277800679516342
2018-09-21,0.10994485047283366
2018-09-24,0.11016942836223416
2018-09-25,0.10777361002849699
2018-09-26,0.10792406162886334
2018-09-27,0.1059042231652142
2018-09-28,0.10371507599374716
2018-10-01,0.10297022278047137
2018-10-02,0.10007219362005275
2018-10-03,0.09847155540010628
2018-10-04,0.111287907290673
2018-10-05,0.1151980104471078
2018-10-08,0.11130076854032962
2018-10-09,0.10885994178852747
2018-10-10,0.23090619494943923
2018-10-11,0.2565265604359536
2018-10-12,0.24843236794310936
2018-10-15,0.23161396148446134
2018-10-16,0.24878983048673856
2018-10-17,0.22838954739628659
2018-10-18,0.23102528993556273
2018-10-19,0.21271730109692732
2018-10-22,0.19911678819551717
2018-10-23,0.1879653522474731
2018-10-24,0.262714314448511
2018-10-25,0.26250912251508735
2018-10-26,0.2669714180010798
2018-10-29,0.24783921375343138
2018-10-30,0.24305170894890626
2018-10-31,0.23519348861743822
2018-11-01,0.22473519482139642
2018-11-02,0.21141336115530485
2018-11-05,0.197291737806299
2018-11-06,0.18584790828368733
2018-11-07,0.21520491706800063
2018-11-08,0.19922526069747687
2018-11-09,0.19648534833888764
2018-11-12,0.2209060115682591
2018-11-13,0.20428332779887703
2018-11-14,0.19513167691743447
2018-11-15,0.19048545733551944
2018-11-16,0.17699539827778032
2018-11-19,0.20032134001048604
2018-11-20,0.22305429588540207
2018-11-21,0.20603733390412465
2018-11-23,0.19638152347750665
2018-11-26,0.20554726440018845
2018-11-27,0.19058056118471228
2018-11-28,0.22459813363599898
2018-11-29,0.20772040224980734
2018-11-30,0.19467232350950134
2018-12-03,0.19629908626864348
2018-12-04,0.27998131181673946
2018-12-06,0.2569392331884562
2018-12-07,0.2814327785535202
2018-12-10,0.2578629628324202
2018-12-11,0.23675733494087262
2018-12-12,0.21943396861170913
2018-12-13,0.20264119059603952
2018-12-14,0.2242433026710084
2018-12-17,0.24436442240887316
2018-12-18,0.22502782945998173
2018-12-19,0.23053881462241402
2018-12-20,0.23863739001860498
2018-12-21,0.25819098536847523
2018-12-24,0.2940437312537314
2018-12-26,0.406153490344817
2018-12-27,0.3722105057916509
2018-12-28,0.33952491036161236
2018-12-31,0.31374654870980434
2019-01-02,0.286737245104211
2019-01-03,0.3126309087703037
2019-01-04,0.3520177408379015
2019-01-07,0.3245104685400228
2019-01-08,0.3015992506858721
2019-01-09,0.27717241653354885
2019-01-10,0.2547707763552713
2019-01-11,0.23418644831385316
2019-01-14,0.22040068444531757
2019-01-15,0.21432348026691894
2019-01-16,0.19833671253004956
2019-01-17,0.18879225306768316
2019-01-18,0.19239443940620976
2019-01-22,0.20129796546049633
2019-01-23,0.18668830598284447
2019-01-24,0.17361202058129357
2019-01-25,0.16908767374972342
2019-01-28,0.16722679510434993
2019-01-29,0.1570919295777045
2019-01-30,0.1754123728504935
2019-01-31,0.17119537059406525
2019-02-01,0.1599580969066713
2019-02-04,0.15356231488910374
2019-02-05,0.1459342359302489
2019-02-06,0.13853069218680136
2019-02-07,0.14724416438866453
2019-02-08,0.1389636756294853
2019-02-11,0.13179086786783512
2019-02-12,0.1464050210670881
2019-02-13,0.13901130024603944
2019-02-14,0.13329378585601595
2019-02-15,0.14164170967393702
2019-02-19,0.1341911564537712
2019-02-20,0.12784544366683956
2019-02-21,0.12543337031525328
2019-02-22,0.12469613558251362
2019-02-25,0.11953292027758768
2019-02-26,0.11554864048143702
2019-02-27,0.11202510341836373
2019-02-28,0.11013086774846291
2019-03-01,0.11230517563104217
2019-03-04,0.1127102368051364
2019-03-05,0.1102413933481456
2019-03-06,0.1155139335535128
2019-03-07,0.1260891464691764
2019-03-08,0.12203059420242228
2019-03-11,0.14477190824124025
2019-03-12,0.13794043672795367
2019-03-13,0.13567373278034509
2019-03-14,0.12925400779194604
2019-03-15,0.12594325881863142
2019-03-18,0.12173404766170445
2019-03-19,0.11700070964353117
2019-03-20,0.11556534919470315
2019-03-21,0.12925596269370399
2019-03-22,0.17786417693375303
2019-03-25,0.16601019892970975
2019-03-26,0.1606236406825581
2019-03-27,0.15546192192846242
2019-03-28,0.1471791602109912
2019-03-29,0.14292815878554907
2019-04-01,0.15156615723663114
2019-04-02,0.14268542544042964
2019-04-03,0.1350149231248079
2019-04-04,0.12896608043184504
2019-04-05,0.1256313704654345
2019-04-08,0.12036562669908132
2019-04-09,0.12190623946281853
2019-04-10,0.11821036456057148
2019-04-11,0.11427562534300227
2019-04-12,0.11654954964353673
2019-04-15,0.11304943175113377
2019-04-16,0.10966804754916028
2019-04-17,0.10886185980581262
2019-04-18,0.10632849038929879
2019-04-22,0.10399759652823698
2019-04-23,0.1137706071867428
2019-04-24,0.11200162104132988
2019-04-25,0.10919279285634068
2019-04-26,0.10893499677837822
2019-04-29,0.1062642145444141
2019-04-30,0.10397421337272889
2019-05-01,0.11495555839343724
2019-05-02,0.11292426275186845
2019-05-03,0.12269051946828093
2019-05-06,0.12182261574724869
2019-05-07,0.16141466894740478
2019-05-08,0.15197289658852234
2019-05-09,0.14517086745795468
2019-05-10,0.13951805108369758
2019-05-13,0.2114718800032932
2019-05-14,0.20181903030565126
2019-05-15,0.18934951044300546
2019-05-16,0.18332681614185706
2019-05-17,0.17668924087638888
2019-05-20,0.17131586363633938
2019-05-21,0.1677111484768333
2019-05-22,0.15877203779566107
2019-05-23,0.17038179988073657
2019-05-24,0.1593565552526667
2019-05-28,0.16269708848453923
2019-05-29,0.15974930347189237
2019-05-30,0.1502579231090998
2019-05-31,0.16809454945346808
2019-06-03,0.15861679238508825
2019-06-04,0.19672758745580332
2019-06-05,0.19008522165163128
2019-06-06,0.18005778432679112
2019-06-07,0.17717565807173222
2019-06-10,0.1668428962718034
2019-06-11,0.15633528242010283
2019-06-12,0.14794475128476614
2019-06-13,0.141134988433068
2019-06-14,0.13437814468522102
2019-06-17,0.12799046457516192
2019-06-18,0.13630410081276234
2019-06-19,0.12988374704083003
2019-06-20,0.13537984207168516
2019-06-21,0.12966617224257676
2019-06-24,0.12462221163233603
2019-06-25,0.13744182305090155
2019-06-26,0.13113807931736596
2019-06-27,0.12625185318262594
2019-06-28,0.12385875511269413
2019-07-01,0.12946825492955563
2019-07-02,0.12418477836375726
2019-07-03,0.12720853233123514
2019-07-05,0.12172290572924553
2019-07-08,0.1237417528876969
2019-07-09,0.11882639839993717
2019-07-10,0.11708477798608957
2019-07-11,0.11348403259711795
2019-07-12,0.11227426943114169
2019-07-15,0.10913247515242828
2019-07-16,0.10951815657704411
2019-07-17,0.1171371648465648
2019-07-18,0.1144515533327511
2019-07-19,0.11804101035910898
2019-07-22,0.11434925983511864
2019-07-23,0.11733990415822809
2019-07-24,0.11574938707665178
2019-07-25,0.11751327789016117
2019-07-26,0.11901113242950016
2019-07-29,0.11604441075769069
2019-07-30,0.11421469349264138
2019-07-31,0.13326705616071022
2019-08-01,0.14050811067394492
2019-08-02,0.14329531787314623
2019-08-05,0.24081031670981695
2019-08-06,0.23602783903254707
2019-08-07,0.21710986107377792
2019-08-08,0.23179758439284218
2019-08-09,0.2188592496985823
2019-08-12,0.21823918135913078
2019-08-13,0.22111730249050565
2019-08-14,0.28197923973635336
2019-08-15,0.25824137385232987
2019-08-16,0.2521474447579121
2019-08-19,0.24168376275827616
2019-08-20,0.22864333660643393
2019-08-21,0.21535876097174192
2019-08-22,0.19892952564714847
2019-08-23,0.2504824235005909
2019-08-26,0.23855256770391223
2019-08-27,0.2214559054902659
2019-08-28,0.20776245676526403
2019-08-29,0.2058884922768195
2019-08-30,0.19060190527985185
2019-09-03,0.18201556755643364
2019-09-04,0.18145652912960217
2019-09-05,0.18461827898224126
2019-09-06,0.17169000587058636
2019-09-09,0.16037055609376835
2019-09-10,0.1506408217332893
2019-09-11,0.14720596201305416
2019-09-12,0.13994764477577093
2019-09-13,0.13314058470164275
2019-09-16,0.12940085365411125
2019-09-17,0.12412854576115588
2019-09-18,0.11923602546845517
2019-09-19,0.11523234713450389
2019-09-20,0.11720442305820133
2019-09-23,0.11357898442184312
2019-09-24,0.12337863008430634
2019-09-25,0.12264042281126447
2019-09-26,0.11945693029648238
2019-09-27,0.12191227373095068
2019-09-30,0.11962738793083956
2019-10-01,0.14099280189814034
2019-10-02,0.1781858422006484
2019-10-03,0.17321811216248237
2019-10-04,0.17997156582839707
2019-10-07,0.17063553698198788
2019-10-08,0.19075871100994443
2019-10-09,0.18489891361721622
2019-10-10,0.17560152066754756
2019-10-11,0.17408575197814471
2019-10-14,0.1627521922854623
2019-10-15,0.16260157357169772
2019-10-16,0.1531100227815463
2019-10-17,0.1446458251707087
2019-10-18,0.14086430614169418
2019-10-21,0.1385979750109102
2019-10-22,0.1342691531457683
2019-10-23,0.12854893882918986
2019-10-24,0.12315423762964091
2019-10-25,0.12020683920708242
2019-10-28,0.11980847502835838
2019-10-29,0.1159515001966814
2019-10-30,0.11328678998660874
2019-10-31,0.11255545591075547
2019-11-01,0.12138099070129613
2019-11-04,0.11861219995139294
2019-11-05,0.11540427689003557
2019-11-06,0.11209163128253388
2019-11-07,0.1104674429340657
2019-11-08,0.1083414099170438
2019-11-11,0.10766886145615469
2019-11-12,0.10585731463442122
2019-11-13,0.10417631182729348
2019-11-14,0.10277925176914625
2019-11-15,0.10910228207150235
2019-11-18,0.10678471584652569
2019-11-19,0.10515233626641413
2019-11-20,0.10765383662634007
2019-11-21,0.1068054034656625
2019-11-22,0.1052028153614921
2019-11-25,0.11215293154359005
2019-11-26,0.10962699586366588
2019-11-27,0.1095035698714161
2019-11-29,0.11108667362141147
2019-12-02,0.12390623548712573
2019-12-03,0.12858486809223793
2019-12-04,0.1273782668944039
2019-12-05,0.12206253514669975
2019-12-06,0.1284780581517939
2019-12-09,0.12559594564874244
2019-12-10,0.12114532913483726
2019-12-11,0.11732952484166609
2019-12-12,0.12354780076448545
2019-12-13,0.11873576674929845
2019-12-16,0.12072600418335147
2019-12-17,0.1164400540720042
2019-12-18,0.11290866239747357
2019-12-19,0.11166525688375435
2019-12-20,0.11099635871675063
2019-12-23,0.1083181643628664
2019-12-24,0.10619726175673465
2019-12-26,0.10796363713232314
2019-12-27,0.10601739416220886
2019-12-30,0.11200723582210077
2019-12-31,0.10950332338052489
2020-01-02,0.11960426525279785
2020-01-03,0.1270762097888819
2020-01-06,0.12296799941552888
2020-01-07,0.12056868562470563
2020-01-08,0.11941258690315744
2020-01-09,0.12094057961368186
2020-01-10,0.11898829088174465
2020-01-13,0.12079022626327937
2020-01-14,0.1174042213074688
2020-01-15,0.11381476906127996
2020-01-16,0.11992150497576319
2020-01-17,0.11642273581529572
2020-01-21,0.1142030658048284
2020-01-22,0.11097380875564619
2020-01-23,0.10817633409391504
2020-01-24,0.12306463182485393
2020-01-27,0.1605762596855982
2020-01-28,0.16180630571093968
2020-01-29,0.151704260094073
2020-01-30,0.1433256034271418
2020-01-31,0.18252281115571933
2020-02-03,0.17411496980658342
2020-02-04,0.18584352193166942
2020-02-05,0.18471778188624455
2020-02-06,0.1718373136288661
2020-02-07,0.16494199698585973
2020-02-10,0.15944570083041107
2020-02-11,0.14935945738798515
2020-02-12,0.1448566506530155
2020-02-13,0.13737847379955595
2020-02-14,0.13046568880541187
2020-02-18,0.1265746508947273
2020-02-19,0.1236712643588367
2020-02-20,0.1231527564197402
2020-02-21,0.13859827808315892
2020-02-24,0.25708420531236753
2020-02-25,0.3096985837221775
2020-02-26,0.2828010708891402
2020-02-27,0.3943830415751139
2020-02-28,0.3581121697254261
2020-03-02,0.4180967251159419
2020-03-03,0.42335364488536625
2020-03-04,0.4602752216430822
2020-03-05,0.4863694244381338
2020-03-06,0.45265623760215995
2020-03-09,0.681629720416627
2020-03-10,0.6940587139729598
2020-03-11,0.7083997386662326
2020-03-12,0.9264896131198702
2020-03-13,0.9892838529409798
2020-03-16,1.1779231093232896
2020-03-17,1.1088506174505313
2020-03-18,1.053179170382065
2020-03-19,0.9430477986146708
2020-03-20,0.8960081362993906
2020-03-23,0.8222203543223234
2020-03-24,0.9313673475098095
2020-03-25,0.8392916054432447
2020-03-26,0.8383405565645212
2020-03-27,0.7791979421020672
2020-03-30,0.7280503206378277
2020-03-31,0.6612476374814398
2020-04-01,0.6702810613809487
2020-04-02,0.6184055613465826
2020-04-03,0.5688355655305783
2020-04-06,0.6716514563015044
2020-04-07,0.6006577845739131
2020-04-08,0.5805079366912361
2020-04-09,0.528555026640326
2020-04-13,0.4785406637346121
2020-04-14,0.470173748803561
2020-04-15,0.4487428191032466
2020-04-16,0.4035544271442557
2020-04-17,0.4029857009651051
2020-04-20,0.38416704231911425
2020-04-21,0.4082371971938206
2020-04-22,0.39389225497871744
2020-04-23,0.3541960451677464
2020-04-24,0.33097077775271977
2020-04-27,0.31219625632024406
2020-04-28,0.2845687624197935
2020-04-29,0.30879171091614566
2020-04-30,0.287790586288723
2020-05-01,0.3224874808403441
2020-05-04,0.29132820142576965
2020-05-05,0.2683346143565012
2020-05-06,0.24922980324828603
2020-05-07,0.23881899761405095
2020-05-08,0.24150547073852255
2020-05-11,0.22018556170907963
2020-05-12,0.24686780075952275
2020-05-13,0.25827397060412866
2020-05-14,0.24615944364383702
2020-05-15,0.2255299280545743
2020-05-18,0.28466193765364384
2020-05-19,0.2690348643866998
2020-05-20,0.26679589283020844
2020-05-21,0.2480917130291311
2020-05-22,0.2259769191257442
2020-05-26,0.22018433059722511
2020-05-27,0.22206600457974413
2020-05-28,0.20404088778220347
2020-05-29,0.1889500233036647
2020-06-01,0.1756445688217501
2020-06-02,0.1702226931473443
2020-06-03,0.1786618920649424
2020-06-04,0.1666623065320712
2020-06-05,0.22528016649982135
2020-06-08,0.2189280661405622
2020-06-09,0.20835322083229826
2020-06-10,0.19627977342249192
2020-06-11,0.4434365769752269
2020-06-12,0.40532820829096783
2020-06-15,0.36905865910431856
2020-06-16,0.3541149634415205
2020-06-17,0.32128816742263333
2020-06-18,0.2904359724131653
2020-06-19,0.26700886494773096
2020-06-22,0.2452875891170967
2020-06-23,0.22483075367762445
2020-06-24,0.2732136451029679
2020-06-25,0.2564081208991845
2020-06-26,0.2873590513271081
2020-06-29,0.27603633625721785
2020-06-30,0.26263287533327145
2020-07-01,0.24210913784256682
2020-07-02,0.22280276778789385
2020-07-06,0.2293827843485023
2020-07-07,0.2235557195715159
2020-07-08,0.20980731423618862
2020-07-09,0.19813245906651025
2020-07-10,0.19296590081853401
2020-07-13,0.18981250446806108
2020-07-14,0.192996299381272
2020-07-15,0.1866085944807454
2020-07-16,0.17512971507977895
2020-07-17,0.1633206151894706
2020-07-20,0.15991021655138524
2020-07-21,0.14990291487806098
2020-07-22,0.14465656675721622
2020-07-23,0.1622756816409779
2020-07-24,0.15979635281283155
2020-07-27,0.15550181589943354
2020-07-28,0.15407797416309124
2020-07-29,0.16337623134428417
2020-07-30,0.1557262355070309
2020-07-31,0.15333690343781714
2020-08-03,0.1495597423989361
2020-08-04,0.14109542396595065
2020-08-05,0.1380388186955666
2020-08-06,0.13637469082427114
2020-08-07,0.1296004253234165
2020-08-10,0.1245998228628285
2020-08-11,0.13474156092330442
2020-08-12,0.15431349128491542
2020-08-13,0.14603961271487667
2020-08-14,0.13793235131342332
2020-08-17,0.1317195824154081
2020-08-18,0.1259074984278158
2020-08-19,0.12558809640072358
2020-08-20,0.12134988907368732
2020-08-21,0.11821907583893759
2020-08-24,0.12950836240365488
2020-08-25,0.12493334277950062
2020-08-26,0.13415537691535556
2020-08-27,0.1279667779404457
2020-08-28,0.12781016951002572
2020-08-31,0.12618875947022623
2020-09-01,0.1333596799634424
2020-09-02,0.1545803451650056
2020-09-03,0.27954826314915343
2020-09-04,0.2614261854039366
2020-09-08,0.30496236715037944
2020-09-09,0.30279982646435566
2020-09-10,0.3009676555353718
2020-09-11,0.273155936963624
2020-09-14,0.26115602906438684
2020-09-15,0.23947532477311997
2020-09-16,0.2213746799992179
2020-09-17,0.21324833489997683
2020-09-18,0.21294865992577752
2020-09-21,0.21171186706765835
2020-09-22,0.20377089275956162
2020-09-23,0.24808481573631017
2020-09-24,0.22673184420230746
2020-09-25,0.23040868345116422
2020-09-28,0.2345682019297338
2020-09-29,0.21882920700567385
2020-09-30,0.20543607764665256
2020-10-01,0.19244367865952608
2020-10-02,0.192640826047832
2020-10-05,0.2100281149813613
2020-10-06,0.21882947799235575
2020-10-07,0.22862018346818352
2020-10-08,0.21578856909076438
2020-10-09,0.20504622863278807
2020-10-12,0.213891638848032
2020-10-13,0.2028417632487305
2020-10-14,0.19311009138867907
2020-10-15,0.1789258654628272
2020-10-16,0.1663636239910843
2020-10-19,0.19014956508666217
2020-10-20,0.1768846353227104
2020-10-21,0.16540201949860592
2020-10-22,0.15728328704743993
2020-10-23,0.1482935033338952
2020-10-26,0.1924482534464521
2020-10-27,0.1802265105194989
2020-10-28,0.2931914796352539
2020-10-29,0.27303689576893714
2020-10-30,0.2600177045597697
2020-11-02,0.2480846166112643
2020-11-03,0.252532858466154
2020-11-04,0.27102649788946953
2020-11-05,0.27608974827068766
2020-11-06,0.25141574207306044
2020-11-09,0.24229259162954153
2020-11-10,0.2221169745785643
2020-11-11,0.20833050200940229
2020-11-12,0.2049882478739388
2020-11-13,0.20753364014899894
2020-11-16,0.20599134086802423
2020-11-17,0.19452371549683967
2020-11-18,0.20028704233386477
2020-11-19,0.18597492178877528
2020-11-20,0.18026110810663123
2020-11-23,0.17065898046458614
2020-11-24,0.18850473241505086
2020-11-25,0.17529500239416926
2020-11-27,0.16345749600400952
2020-11-30,0.157142883210611
2020-12-01,0.16179835935673834
2020-12-02,0.15064398144458807
2020-12-03,0.14202464527260442
2020-12-04,0.14371363571684057
2020-12-07,0.13740242428978305
2020-12-08,0.1311411209235534
2020-12-09,0.1420930587133243
2020-12-10,0.13477969643012125
2020-12-11,0.1291183375636449
2020-12-14,0.1288940834498343
2020-12-15,0.14885322485015062
2020-12-16,0.14028965192608056
2020-12-17,0.13644664048889854
2020-12-18,0.13397079860681138
2020-12-21,0.13126124062000766
2020-12-22,0.12661588588904515
2020-12-23,0.12142450097521339
2020-12-24,0.11866581742141409
2020-12-28,0.12546413634431208
2020-12-29,0.12203117250814911
2020-12-30,0.11762331086262162
2020-12-31,0.1171392828953518
2021-01-04,0.14984380913802284
2021-01-05,0.14642505424987637
2021-01-06,0.14209896976617983
2021-01-07,0.16271350851243105
2021-01-08,0.15531950381773305
2021-01-11,0.15469953143872706
2021-01-12,0.145372998989945
2021-01-13,0.13777011097548575
2021-01-14,0.13424845415076592
2021-01-15,0.13935141980190074
2021-01-19,0.1397763873568429
2021-01-20,0.15738250373071488
2021-01-21,0.14757978132528243
2021-01-22,0.14244288413241174
2021-01-25,0.13622688233488614
2021-01-26,0.13066235437597779
2021-01-27,0.21204697356779095
2021-01-28,0.2014044945331787
2021-01-29,0.23334805518861704
2021-02-01,0.23732562707857954
2021-02-02,0.23389406620243577
2021-02-03,0.215203597774319
2021-02-04,0.2094698331906718
2021-02-05,0.19380061247071928
2021-02-08,0.1838634395807108
2021-02-09,0.17087054528244067
2021-02-10,0.15954871994976869
2021-02-11,0.1495625678503988
2021-02-12,0.14337501150073279
2021-02-16,0.1362592170222729
2021-02-17,0.12975179817573998
2021-02-18,0.1290673913926404
2021-02-19,0.12496814015755735
2021-02-22,0.13357351990892188
2021-02-23,0.12738660304948873
2021-02-24,0.1391307748732661
2021-02-25,0.21516214132362765
2021-02-26,0.20205367194524157
2021-03-01,0.241393402999444
2021-03-02,0.2285918772970196
2021-03-03,0.23046781645883851
2021-03-04,0.22958972674187053
2021-03-05,0.2413308383256464
2021-03-08,0.2241883741175029
2021-03-09,0.22394134695313184
2021-03-10,0.20825508514559665
2021-03-11,0.20117564521882264
2021-03-12,0.18543302760053681
2021-03-15,0.17498214451784808
2021-03-16,0.16346338505334676
2021-03-17,0.1537030220369221
2021-03-18,0.17913205889070682
2021-03-19,0.1674392866228159
2021-03-22,0.16316071500134643
2021-03-23,0.16403442806749133
2021-03-24,0.15878466347596645
2021-03-25,0.15206018973413288
2021-03-26,0.17530849113829342
2021-03-29,0.16334393712621365
2021-03-30,0.1547352137864732
2021-03-31,0.14682833709557144
2021-04-01,0.1534810185925119
2021-04-05,0.16983201198432943
2021-04-06,0.1576136778289481
2021-04-07,0.14786665805823396
2021-04-08,0.1417423816334235
2021-04-09,0.1406420945001555
2021-04-12,0.13348502184893835
2021-04-13,0.12803576083182086
2021-04-14,0.12631974431883386
2021-04-15,0.13748124676787313
2021-04-16,0.13166053431915498
2021-04-19,0.13194029699315205
2021-04-20,0.1378852617164681
2021-04-21,0.142593054408065
2021-04-22,0.15123344160529728
2021-04-23,0.15664820619855882
2021-04-26,0.14721179886231195
2021-04-27,0.13923048055002532
2021-04-28,0.13250552677472768
2021-04-29,0.1314779254319761
2021-04-30,0.1355592818169505
2021-05-03,0.12934614688867602
2021-05-04,0.1329028088882542
2021-05-05,0.12634553046581334
2021-05-06,0.1297565877361836
2021-05-07,0.13088964032199996
2021-05-10,0.14469808364788664
2021-05-11,0.15194285800012527
2021-05-12,0.20647469141634237
2021-05-13,0.20341179255671663
2021-05-14,0.20977939334274576
2021-05-17,0.19441844211117204
2021-05-18,0.1906743437256565
2021-05-19,0.17798823219497262
2021-05-20,0.17737095303476827
2021-05-21,0.16527146718614624
2021-05-24,0.16581536330167984
2021-05-25,0.15633945078697786
2021-05-26,0.1468770873648974
2021-05-27,0.13870246590481464
2021-05-28,0.13183172736874804
2021-06-01,0.12656401520402688
2021-06-02,0.1215793319194114
2021-06-03,0.12147918023725263
2021-06-04,0.12928802508902495
2021-06-07,0.12457267282396929
2021-06-08,0.1200616477254234
2021-06-09,0.11740398559248842
2021-06-10,0.11653371501591449
2021-06-11,0.11337768117187753
2021-06-14,0.11100695514678721
2021-06-15,0.11042130650559889
2021-06-16,0.11691679414892218
2021-06-17,0.11396976273180902
2021-06-18,0.14770083024955383
2021-06-21,0.16473881625903433
2021-06-22,0.1565220294989173
2021-06-23,0.14759364219414345
2021-06-24,0.14300233027367265
2021-06-25,0.1364213631946051
2021-06-28,0.13000670585128174
2021-06-29,0.12450723322297355
2021-06-30,0.1198932759410143
2021-07-01,0.11987631659429115
2021-07-02,0.12408507914264195
2021-07-06,0.12117975073652591
2021-07-07,0.11834760820345709
2021-07-08,0.1302114933870325
2021-07-09,0.14011767707393014
2021-07-12,0.13403497420451777
2021-07-13,0.13123087395376554
2021-07-14,0.12554428063860393
2021-07-15,0.12436041952070873
2021-07-16,0.13368720347299232
2021-07-19,0.16588416542506196
2021-07-20,0.17810612464383305
2021-07-21,0.17183142934775167
2021-07-22,0.1600637102039318
2021-07-23,0.1619486401429641
2021-07-26,0.15175067601440403
2021-07-27,0.1475659695039763
2021-07-28,0.13956015274098274
2021-07-29,0.13410027327524598
2021-07-30,0.13380337606322917
2021-08-02,0.1293438726022705
2021-08-03,0.1326188327613216
2021-08-04,0.13253890332094267
2021-08-05,0.13140182437321893
2021-08-06,0.12574351839007838
2021-08-09,0.12158171421881829
2021-08-10,0.1175396615181757
2021-08-11,0.11461615315183256
2021-08-12,0.1125743446760975
2021-08-13,0.11027225029255827
2021-08-16,0.10863252836756683
2021-08-17,0.11822924474576041
2021-08-18,0.13978402280753022
2021-08-19,0.13273400826086307
2021-08-20,0.1348094950856428
2021-08-23,0.1383946593126737
2021-08-24,0.1315753441829638
2021-08-25,0.12602087183116312
2021-08-26,0.12965701896797094
2021-08-27,0.1347782662531486
2021-08-30,0.13042110975559634
2021-08-31,0.1259566553114435
2021-09-01,0.12119116455023649
2021-09-02,0.11782882161864204
2021-09-03,0.11472946253451223
2021-09-07,0.11599269111392417
2021-09-08,0.11389637726608423
2021-09-09,0.11667088308584335
2021-09-10,0.12806250158356253
2021-09-13,0.12328020244683792
2021-09-14,0.1263540164724611
2021-09-15,0.13072543240530807
2021-09-16,0.12627620658238128
2021-09-17,0.14102809758396767
2021-09-20,0.17860398415265455
2021-09-21,0.16616179777067394
2021-09-22,0.16534491897930997
2021-09-23,0.17082709834407123
2021-09-24,0.15903054751066129
2021-09-27,0.1511403953784137
2021-09-28,0.20093410537020462
2021-09-29,0.18494787027565657
2021-09-30,0.19260849115740253
2021-10-01,0.1915741924927269
2021-10-04,0.2002178407882514
2021-10-05,0.19447209915191752
2021-10-06,0.18050705343014825
2021-10-07,0.17476427986405832
2021-10-08,0.16345433569444187
2021-10-11,0.16235104060068764
2021-10-12,0.15352096419996303
2021-10-13,0.14529230746037497
2021-10-14,0.17248223948797853
2021-10-15,0.16627625749731237
2021-10-18,0.15564733371645234
2021-10-19,0.15268590602626422
2021-10-20,0.1448674717507181
2021-10-21,0.13738279273774157
2021-10-22,0.131406678963271
2021-10-25,0.12899051566388964
2021-10-26,0.12371137583386728
2021-10-27,0.12474565180809984
2021-10-28,0.1331210004266819
2021-10-29,0.12732081943018544
2021-11-01,0.12241649429269266
2021-11-02,0.11946190650685595
2021-11-03,0.12054246719315997
2021-11-04,0.11919562006745535
2021-11-05,0.11670600235859065
2021-11-08,0.11355923768030712
2021-11-09,0.1146420703997118
2021-11-10,0.12705885421692342
2021-11-11,0.12215754269708745
2021-11-12,0.12558395048265267
2021-11-15,0.12093419688723113
2021-11-16,0.1186008496943948
2021-11-17,0.11735973748214723
2021-11-18,0.11515085743981278
2021-11-19,0.11382283950292031
2021-11-22,0.11407971352764576
2021-11-23,0.11142839704057306
2021-11-24,0.10979193714993814
2021-11-26,0.18970627787666497
2021-11-29,0.19007265529636524
2021-11-30,0.22248095247806055
2021-12-01,0.21892485257388988
2021-12-02,0.22329813616714564
2021-12-03,0.21437465366059794
2021-12-06,0.20916844676477425
2021-12-07,0.23182878663773304
2021-12-08,0.2118624997278469
2021-12-09,0.20115721082906993
2021-12-10,0.19324180373699384
2021-12-13,0.19016587901637233
2021-12-14,0.18339874812477278
2021-12-15,0.1954027486576974
2021-12-16,0.19181714981319256
2021-12-17,0.19357980066861372
2021-12-20,0.19494069406849399
2021-12-21,0.21109342392132593
2021-12-22,0.2025820167833367
2021-12-23,0.18943528154669095
2021-12-27,0.19540637092000573
2021-12-28,0.1804890327913896
2021-12-29,0.16726541461377345
2021-12-30,0.15802459580405934
2021-12-31,0.15002116441853905
2022-01-03,0.14416838053120287
2022-01-04,0.13668740727597717
2022-01-05,0.18827640716886382
2022-01-06,0.17434639094481727
2022-01-07,0.16530918035184367
2022-01-10,0.15497427481443277
2022-01-11,0.1550062282896622
2022-01-12,0.14592352636941422
2022-01-13,0.1699100758881603
2022-01-14,0.15819716781379362
2022-01-18,0.19447951591554305
2022-01-19,0.19480016534744798
2022-01-20,0.19690643499776686
2022-01-21,0.22841350351151504
2022-01-24,0.20961079450137565
2022-01-25,0.21172068196586596
2022-01-26,0.19548721209270548
2022-01-27,0.18440954670926185
2022-01-28,0.2314963836266775
2022-01-31,0.23907762847495495
2022-02-01,0.2210774041177542
2022-02-02,0.21155682881328844
2022-02-03,0.25518081979703866
2022-02-04,0.2334222477279292
2022-02-07,0.21501022680350038
2022-02-08,0.20285622021108052
2022-02-09,0.2072369611977987
2022-02-10,0.2293386816384034
2022-02-11,0.2519221106278727
2022-02-14,0.23107519125240608
2022-02-15,0.23356562492292177
2022-02-16,0.21326595196853815
2022-02-17,0.24710528311660074
2022-02-18,0.2306081249376929
2022-02-22,0.22496506283124693
2022-02-23,0.2414542114767687
2022-02-24,0.23893203892927167
2022-02-25,0.2584142111448999
2022-02-28,0.23618013818491965
2022-03-01,0.24166786893071696
2022-03-02,0.24846657876843062
2022-03-03,0.2298018536955789
2022-03-04,0.21962385538810217
2022-03-07,0.2888195794850325
2022-03-08,0.26803978703116393
2022-03-09,0.2971882780257788
2022-03-10,0.27164628531617313
2022-03-11,0.2634334933136463
2022-03-14,0.24589461503797744
2022-03-15,0.2636364949561585
2022-03-16,0.2775672738103301
2022-03-17,0.2632004367390317
2022-03-18,0.2482187601244103
2022-03-21,0.2262933139741472
2022-03-22,0.218855579805805
2022-03-23,0.22129262575619962
2022-03-24,0.22311809162842805
2022-03-25,0.20584238832882043
2022-03-28,0.1935282249555273
2022-03-29,0.1938732992195686
2022-03-30,0.18525797467062266
2022-03-31,0.2040596306376203
2022-04-01,0.1880555581753747
2022-04-04,0.18100642487068888
2022-04-05,0.1912702468611085
2022-04-06,0.19152062113300997
2022-04-07,0.17886133955642528
2022-04-08,0.1677605009219283
2022-04-11,0.19843862093904488
2022-04-12,0.18555132412774725
2022-04-13,0.18516278093068667
2022-04-14,0.19384711456536105
2022-04-18,0.17890241371614446
2022-04-19,0.1939014374947582
2022-04-20,0.17929092958971235
2022-04-21,0.19807112146727426
2022-04-22,0.26556947585537716
2022-04-25,0.24351922599269613
2022-04-26,0.301158113052777
2022-04-27,0.2729993008651785
2022-04-28,0.29510378364892775
2022-04-29,0.37205039705134096
2022-05-02,0.33702590745452116
2022-05-03,0.30531910544026997
2022-05-04,0.34243282565935174
2022-05-05,0.39923423127589347
2022-05-06,0.3627190874555811
2022-05-09,0.39865542779692753
2022-05-10,0.35918873586211464
2022-05-11,0.3440880395912291
2022-05-12,0.31105837416068277
2022-05-13,0.32065628532132867
2022-05-16,0.29207406697689897
2022-05-17,0.2955764729835064
2022-05-18,0.3919437138401233
2022-05-19,0.35645370730801385
2022-05-20,0.3217107254300512
2022-05-23,0.3143244616020571
2022-05-24,0.290472367290252
2022-05-25,0.26864866687711075
2022-05-26,0.27542562748735
2022-05-27,0.29571678455204187
2022-05-31,0.27178991096895533
2022-06-01,0.25462612098294474
2022-06-02,0.26162324334827813
2022-06-03,0.2667309027591188
2022-06-06,0.2430789107281775
2022-06-07,0.22931640020714014
2022-06-08,0.22490480162840484
2022-06-09,0.2670101294198642
2022-06-10,0.3186154566727628
2022-06-13,0.3944535360865204
2022-06-14,0.3567362809935733
2022-06-15,0.33429975838167797
2022-06-16,0.3828229204939636
2022-06-17,0.3454524247573507
2022-06-21,0.35154367645883655
2022-06-22,0.3182003439203244
2022-06-23,0.2941284427004453
2022-06-24,0.33658236650752615
2022-06-27,0.3061303095752835
2022-06-28,0.31382537632063023
2022-06-29,0.2845054555494266
2022-06-30,0.26570817224040755
2022-07-01,0.2502226789387003
2022-07-05,0.2282554784010458
2022-07-06,0.20971827994386538
2022-07-07,0.21448936728794915
2022-07-08,0.19725197229392627
2022-07-11,0.20072841448038872
2022-07-12,0.19674249172408462
2022-07-13,0.18636656719102238
2022-07-14,0.17401008727240413
2022-07-15,0.2024845357331265
2022-07-18,0.19683607405384612
2022-07-19,0.2516862577270536
2022-07-20,0.2322677568173066
2022-07-21,0.221255587361108
2022-07-22,0.21457760465055706
2022-07-25,0.19694037372217718
2022-07-26,0.2016864881640533
2022-07-27,0.250019785616491
2022-07-28,0.24087927434699913
2022-07-29,0.23821429190855792
2022-08-01,0.21926615543016165
2022-08-02,0.20760517683067545
2022-08-03,0.21489864386398047
2022-08-04,0.19775213527290345
2022-08-05,0.1833260010155194
2022-08-08,0.17052021746196394
2022-08-09,0.16237268013985642
2022-08-10,0.20239637265133412
2022-08-11,0.18658002434923357
2022-08-12,0.20305201980381
2022-08-15,0.18819944236405153
2022-08-16,0.17422676155002964
2022-08-17,0.17111894170868802
2022-08-18,0.15984814596021832
2022-08-19,0.17911485196753202
2022-08-22,0.2234342484894466
2022-08-23,0.2061468434810811
2022-08-24,0.19029903209549456
2022-08-25,0.19673328772173868
2022-08-26,0.3008758057080597
2022-08-29,0.2778972534178439
2022-08-30,0.26556834147919856
2022-08-31,0.24884347085726463
2022-09-01,0.22758444446239845
2022-09-02,0.22376046790227222
2022-09-06,0.20786805895284333
2022-09-07,0.2225868321851604
2022-09-08,0.20767310975852776
2022-09-09,0.2146375905223218
2022-09-12,0.20791938178067723
2022-09-13,0.36216011140894094
2022-09-14,0.32834830485324124
2022-09-15,0.30937422805611825
2022-09-16,0.28695735089556584
2022-09-19,0.2649789152430431
2022-09-20,0.2560941042894111
2022-09-21,0.26547885472256927
2022-09-22,0.25034123716507667
2022-09-23,0.2587724561232663
2022-09-26,0.24747625676962226
2022-09-27,0.22746440525308703
2022-09-28,0.2431526044840094
2022-09-29,0.2679860866866285
2022-09-30,0.2688065288289827
2022-10-03,0.29787198491382105
2022-10-04,0.3394931564089291
2022-10-05,0.3087422512760136
2022-10-06,0.291088367255247
2022-10-07,0.3317534099271357
2022-10-10,0.30676571617180004
2022-10-11,0.2832928189651345
2022-10-12,0.25966621330024886
2022-10-13,0.2921797678409055
2022-10-14,0.31238874978588205
2022-10-17,0.32886177443462705
2022-10-18,0.307199266127427
2022-10-19,0.28463178189871935
2022-10-20,0.26703090508414384
2022-10-21,0.28973641002779155
2022-10-24,0.27446505192219117
2022-10-25,0.2698630217648485
2022-10-26,0.2529435704885234
2022-10-27,0.23518439189358753
2022-10-28,0.2645506702626871
2022-10-31,0.2478814026704887
2022-11-01,0.2296457159736103
2022-11-02,0.27698369595501454
2022-11-03,0.26412532259612737
2022-11-04,0.25755882483374465
2022-11-07,0.24242377842699725
2022-11-08,0.22402226163420186
2022-11-09,0.2535769867914245
2022-11-10,0.4252324037032685
2022-11-11,0.3891976915724255
2022-11-14,0.35846494736329865
2022-11-15,0.32908634991726177
2022-11-16,0.30467189249117915
2022-11-17,0.2785918441453029
2022-11-18,0.25518666376964805
2022-11-21,0.23544190910382568
2022-11-22,0.23163005916521956
2022-11-23,0.21551777532553573
2022-11-25,0.1985010638640704
2022-11-28,0.2170063122702491
2022-11-29,0.20048757393650823
2022-11-30,0.2753245433043421
2022-12-01,0.2514374051901164
2022-12-02,0.23114608127276512
2022-12-05,0.24873734376918166
2022-12-06,0.2509097063246589
2022-12-07,0.2305397013138618
2022-12-08,0.2167285626402056
2022-12-09,0.20772319945587658
2022-12-12,0.21177186516228566
2022-12-13,0.20018824236573188
2022-12-14,0.19173963282250475
2022-12-15,0.24887288471104924
2022-12-16,0.24408196850035913
2022-12-19,0.23284381565694506
2022-12-20,0.2138413454887365
2022-12-21,0.218163905487046
2022-12-22,0.22618462430210104
2022-12-23,0.2103958499243984
2022-12-27,0.19690386506427984
2022-12-28,0.20380678920873238
2022-12-29,0.22000603598519278
2022-12-30,0.2039875734683097
2023-01-03,0.19167887994637894
2023-01-04,0.18295289288200872
2023-01-05,0.1895878633559519
2023-01-06,0.22841947546554778
2023-01-09,0.21027949784105351
2023-01-10,0.19814778943670447
2023-01-11,0.1991738721950044
2023-01-12,0.18508338749088213
2023-01-13,0.17295565225417078
2023-01-17,0.16239298377435674
2023-01-18,0.18991668732552114
2023-01-19,0.18474731226641097
2023-01-20,0.20793316934060127
2023-01-23,0.20554150194282034
2023-01-24,0.19034093327798637
2023-01-25,0.17652565865898456
2023-01-26,0.17745355233562016
2023-01-27,0.16542968724817014
2023-01-30,0.17982074396357065
2023-01-31,0.1906533651403287
2023-02-01,0.18812234780485648
2023-02-02,0.19660920797890508
2023-02-03,0.19801146809858136
2023-02-06,0.18941459991102064
2023-02-07,0.1932562454669404
2023-02-08,0.19633887134110656
2023-02-09,0.1931143948374679
2023-02-10,0.17919083234795846
2023-02-13,0.1814645217671674
2023-02-14,0.16903178136953237
2023-02-15,0.15859526761919562
2023-02-16,0.17912075800269367
2023-02-17,0.16834303111194251
2023-02-21,0.2123306627020165
2023-02-22,0.19654581483005376
2023-02-23,0.1842614414449417
2023-02-24,0.18844341322644007
2023-02-27,0.17560492967871322
2023-02-28,0.16663491612014256
2023-03-01,0.15914496120701113
2023-03-02,0.15598544843302767
2023-03-03,0.17740947439195554
2023-03-06,0.16521103434103562
2023-03-07,0.1893277914473976
2023-03-08,0.17578334354714795
2023-03-09,0.20965414959128562
2023-03-10,0.21959749469829465
2023-03-13,0.2030907050767797
2023-03-14,0.21410446611280473
2023-03-15,0.20344311544167265
2023-03-16,0.21764454190598642
2023-03-17,0.21799760869792983
2023-03-20,0.20901207688233583
2023-03-21,0.20914701677258832
2023-03-22,0.228115061060313
2023-03-23,0.2103048289065539
2023-03-24,0.1977211496624144
2023-03-27,0.18321457729731588
2023-03-28,0.17172482984788526
2023-03-29,0.18364153615192155
2023-03-30,0.17376615576771168
2023-03-31,0.18381925793531842
2023-04-03,0.17191630013070264
2023-04-04,0.16630957401416013
2023-04-05,0.1571298702501611
2023-04-06,0.1487993681187281
2023-04-10,0.14031655790190067
2023-04-11,0.13308016539383916
2023-04-12,0.1312103067753233
2023-04-13,0.1492249262493144
2023-04-14,0.14253818393355422
2023-04-17,0.1360016557094604
2023-04-18,0.12930185283443943
2023-04-19,0.12378625328438193
2023-04-20,0.12640419724107743
2023-04-21,0.12107961589217427
2023-04-24,0.11654476278559846
2023-04-25,0.15972352476016183
2023-04-26,0.15380841075308868
2023-04-27,0.19094310988244115
2023-04-28,0.1840428305098995
2023-05-01,0.17158577670383857
2023-05-02,0.17987054000764946
2023-05-03,0.17544042336920607
2023-05-04,0.17219404654392403
2023-05-05,0.1983928782217839
2023-05-08,0.18377359237685503
2023-05-09,0.17459719382044633
2023-05-10,0.16464255130996203
2023-05-11,0.1551992368648284
2023-05-12,0.1467139668732418
2023-05-15,0.13952012094442723
2023-05-16,0.14198005130714206
2023-05-17,0.1534424034298919
2023-05-18,0.155357069229004
2023-05-19,0.14695476813601238
2023-05-22,0.13882135938753531
2023-05-23,0.1551658797903011
2023-05-24,0.15595691409060994
2023-05-25,0.15515670384821484
2023-05-26,0.16600691073843624
2023-05-30,0.15536228401779373
2023-05-31,0.1524569307091376
2023-06-01,0.15424177155716648
2023-06-02,0.17030128331560376
2023-06-05,0.16023928815508762
2023-06-06,0.14977742035274763
2023-06-07,0.14426571300512994
2023-06-08,0.1404535996095362
2023-06-09,0.13326290960424408
2023-06-12,0.13765758346730966
2023-06-13,0.13585520428326653
2023-06-14,0.1292092697658023
2023-06-15,0.1444619645594689
2023-06-16,0.1396959587964931
2023-06-20,0.13870768677752832
2023-06-21,0.13776813778463437
2023-06-22,0.13197874088771797
2023-06-23,0.13810158120606214
2023-06-26,0.13539050350093787
2023-06-27,0.14452446024649818
2023-06-28,0.13670950184724223
2023-06-29,0.13138210507801568
2023-06-30,0.14409144982179292
2023-07-03,0.13630048765200758
2023-07-05,0.1306242970085371
2023-07-06,0.13780346138556904
2023-07-07,0.13235060228078946
2023-07-10,0.12658091869397484
2023-07-11,0.1262275782022823
2023-07-12,0.12941261701025983
2023-07-13,0.13171395546103987
2023-07-14,0.12608519477274663
2023-07-17,0.12190230135016647
2023-07-18,0.12456657760172439
2023-07-19,0.11979518114418668
2023-07-20,0.12592318205553843
2023-07-21,0.12085992988919601
2023-07-24,0.11856662480805419
2023-07-25,0.11498756580830632
2023-07-26,0.11153683421424633
2023-07-27,0.1195461357438796
2023-07-28,0.12875812507234743
2023-07-31,0.12324756288328435
2023-08-01,0.12108667409084704
2023-08-02,0.1526015747536529
2023-08-03,0.1458950211952001
2023-08-04,0.1425532558516422
2023-08-07,0.14373753376502782
2023-08-08,0.1404373264411851
2023-08-09,0.14235405343254198
2023-08-10,0.13487470479306926
2023-08-11,0.12877998318842457
2023-08-14,0.12659250966324886
2023-08-15,0.14697729716091953
2023-08-16,0.14917502363416596
2023-08-17,0.1516299622559579
2023-08-18,0.1428856026154402
2023-08-21,0.13992204624304241
2023-08-22,0.13490879394786792
2023-08-23,0.1442516420498408
2023-08-24,0.16780016048889437
2023-08-25,0.1617901368748043
2023-08-28,0.15561259852339548
2023-08-29,0.17029120700947487
2023-08-30,0.16040954254227688
2023-08-31,0.15134662250181402
2023-09-01,0.1427091402684771
2023-09-05,0.13953292762690617
2023-09-06,0.14133793238084943
2023-09-07,0.13652028827802054
2023-09-08,0.1298234784035598
2023-09-11,0.1291791515566481
2023-09-12,0.1304846364133115
2023-09-13,0.12459950781832962
2023-09-14,0.12932793498722656
2023-09-15,0.15011831087563046
2023-09-18,0.1415668053910386
2023-09-19,0.13560936673095983
2023-09-20,0.1451067049109362
2023-09-21,0.1788363666853104
2023-09-22,0.16796587672111365
2023-09-25,0.158474707589956
2023-09-26,0.18075063304060957
2023-09-27,0.16836454679944957
2023-09-28,0.1604926106928739
2023-09-29,0.15220693887028397
2023-10-02,0.14364146953609486
2023-10-03,0.16526197824272523
2023-10-04,0.15999344130025864
2023-10-05,0.15014793373570387
2023-10-06,0.1579331474200293
2023-10-09,0.1524421373470114
2023-10-10,0.14616403256790675
2023-10-11,0.1396063182906798
2023-10-12,0.14018629097299884
2023-10-13,0.13846765566341476
2023-10-16,0.14507297803374403
2023-10-17,0.13737008699370176
2023-10-18,0.16028708126939287
2023-10-19,0.16324479993672472
2023-10-20,0.1756505417561443
2023-10-23,0.1648474238028446
2023-10-24,0.16009604322255216
2023-10-25,0.1803645995044296
2023-10-26,0.18795256037219382
2023-10-27,0.1783477337488814
2023-10-30,0.1805878329630521
2023-10-31,0.17167497528967676
2023-11-01,0.17205553392334236
2023-11-02,0.19841299688300296
2023-11-03,0.19130993198761675
2023-11-06,0.17788243788569585
2023-11-07,0.16628701731556716
2023-11-08,0.15568745968058673
2023-11-09,0.1571189451651884
2023-11-10,0.17492760221739057
2023-11-13,0.16373517554892808
2023-11-14,0.1935105415383881
2023-11-15,0.17977076377661136
2023-11-16,0.16751941812631166
2023-11-17,0.1567671977329955
2023-11-20,0.15357142114835137
2023-11-21,0.1460180631517074
2023-11-22,0.13925640133514225
2023-11-24,0.13218347219079093
2023-11-27,0.12734903306878345
2023-11-28,0.12192177914132982
2023-11-29,0.11779247540180053
2023-11-30,0.11536010989477702
2023-12-01,0.11614838996998599
2023-12-04,0.11942020658953414
2023-12-05,0.1152585684927424
2023-12-06,0.116260171097467
2023-12-07,0.1203114603173696
2023-12-08,0.11785108898243948
2023-12-11,0.11534263351244438
2023-12-12,0.11404884798796747
2023-12-13,0.13774697825020008
2023-12-14,0.13160989609135978
2023-12-15,0.12670662269591815
2023-12-18,0.12497177021016595
2023-12-19,0.12427372740412813
2023-12-20,0.1534772174583688
2023-12-21,0.15441759017770354
2023-12-22,0.14541574039049318
2023-12-26,0.1390231983604142
2023-12-27,0.13203573143229985
2023-12-28,0.1259815690760764
2023-12-29,0.12332589175455062
2024-01-02,0.12592133978693532
2024-01-03,0.13451014036606312
2024-01-04,0.13091267512535076
2024-01-05,0.12476115948311607
2024-01-08,0.14655226733338528
2024-01-09,0.13942080796849962
2024-01-10,0.13562775110762446
2024-01-11,0.12937216452852351
2024-01-12,0.12368429498734552
2024-01-16,0.12252304067120912
2024-01-17,0.12511578966326942
2024-01-18,0.13017808361153022
2024-01-19,0.1442380301454984
2024-01-22,0.13666995076718902
2024-01-23,0.130523608459044
2024-01-24,0.12465835165788382
2024-01-25,0.12296260399261563
2024-01-26,0.11907827226523192
2024-01-29,0.12309605938143192
2024-01-30,0.11884476137847878
2024-01-31,0.16020738950516059
2024-02-01,0.16894186252996055
2024-02-02,0.16929656795541387
2024-02-05,0.16109442709809563
2024-02-06,0.15151765856423915
2024-02-07,0.15027068815120662
2024-02-08,0.14182185926547416
2024-02-09,0.1378367652309459
2024-02-12,0.13133006648863585
2024-02-13,0.1573015248313468
2024-02-14,0.15655481068324534
2024-02-15,0.15194214499891337
2024-02-16,0.14826009238647672
2024-02-20,0.14609619558586823
2024-02-21,0.13815293088832103
2024-02-22,0.18082717302574275
2024-02-23,0.16852872802016916
2024-02-26,0.16051432921678807
2024-02-27,0.15080080104451793
2024-02-28,0.14301143863830043
2024-02-29,0.1364781969917825
2024-03-01,0.14032530542153418
2024-03-04,0.13381448248559313
2024-03-05,0.14574999596963664
2024-03-06,0.14025381894772512
2024-03-07,0.14427197186079432
2024-03-08,0.1436985157933297
2024-03-11,0.1366310695239836
2024-03-12,0.1437784341609932
2024-03-13,0.13716272960695494
2024-03-14,0.13182524867302672
2024-03-15,0.1354509524426183
2024-03-18,0.13268897181786135
2024-03-19,0.12981500655293232
2024-03-20,0.13456071862727262
2024-03-21,0.1290287693818209
2024-03-22,0.12481678661980226
2024-03-25,0.12220441588008306
2024-03-26,0.11899105536885274
2024-03-27,0.12397366767125113
2024-03-28,0.11935846596542522
2024-04-01,0.1164891156234259
2024-04-02,0.12207686188029371
2024-04-03,0.11749556868421072
2024-04-04,0.14142585523773207
2024-04-05,0.14673909263038204
2024-04-08,0.13833501720135905
2024-04-09,0.13147735202486138
2024-04-10,0.14363341282667927
2024-04-11,0.14212020887393
2024-04-12,0.1642625304735956
2024-04-15,0.17634567495590742
2024-04-16,0.165651536409482
2024-04-17,0.16133271496070573
2024-04-18,0.15272949280551873
2024-04-19,0.15660192209561546
2024-04-22,0.15607900294421484
2024-04-23,0.1618804678605722
2024-04-24,0.15226823308422116
2024-04-25,0.146748223338597
2024-04-26,0.14857742667543555
2024-04-29,0.1412658281759235
2024-04-30,0.1714709538931582
2024-05-01,0.16262832168749877
2024-05-02,0.16135732120739565
2024-05-03,0.1674569078134376
2024-05-06,0.16739050988395499
2024-05-07,0.15670819967907249
2024-05-08,0.14757296344929952
2024-05-09,0.1426522088206077
2024-05-10,0.13523324028874822
2024-05-13,0.12891597722007478
2024-05-14,0.12539116808725617
2024-05-15,0.13978304680779932
2024-05-16,0.13412659571606794
2024-05-17,0.12787380703979806
2024-05-20,0.1224659855467387
2024-05-21,0.11818017623414359
2024-05-22,0.11676396825082781
2024-05-23,0.12454915992342588
2024-05-24,0.124678711846051
2024-05-28,0.11973777959489693
2024-05-29,0.12607109061877886
2024-05-30,0.1301674990288366
2024-05-31,0.13438129671121982
2024-06-03,0.12807002609899057
2024-06-04,0.12263305567560458
2024-06-05,0.136182274217544
2024-06-06,0.12941147025211286
2024-06-07,0.12456244432684097
2024-06-10,0.12032331160600844
2024-06-11,0.11632400474847623
2024-06-12,0.12120204501022785
2024-06-13,0.11691385219280186
2024-06-14,0.11311843225051002
2024-06-17,0.1180923160055282
2024-06-18,0.11449392360331734
2024-06-20,0.11346057356444156
2024-06-21,0.11113655001025641
2024-06-24,0.11143538582691613
2024-06-25,0.1098867154484672
2024-06-26,0.10714788070039201
2024-06-27,0.10489058279912214
2024-06-28,0.10749778497937929
2024-07-01,0.10532894479271653
2024-07-02,0.10928473324147292
2024-07-03,0.10878584102974781
2024-07-05,0.1102758622004208
2024-07-08,0.10746968362694183
2024-07-09,0.10419494455058642
2024-07-10,0.11619817127614043
2024-07-11,0.1276955442916547
2024-07-12,0.1265609531866459
2024-07-15,0.1216857623506949
2024-07-16,0.12097119643462592
2024-07-17,0.15022676075446495
2024-07-18,0.15193984948813688
2024-07-19,0.1511048410315075
2024-07-22,0.15379612296046716
2024-07-23,0.14574503558525903
2024-07-24,0.203806116123444
2024-07-25,0.19296544191872514
2024-07-26,0.19021371450366026
2024-07-29,0.17691562516891296
2024-07-30,0.16951859401702765
2024-07-31,0.1847346894424457
2024-08-01,0.1969432009478515
2024-08-02,0.22108090004856834
2024-08-05,0.280193554345212
2024-08-06,0.2622094332745325
2024-08-07,0.24721754876074425
2024-08-08,0.2661471533085252
2024-08-09,0.24528758182280433
2024-08-12,0.2257476427016295
2024-08-13,0.22971709755159406
2024-08-14,0.21228525366255674
2024-08-15,0.2208773978297957
2024-08-16,0.2041418146531182
2024-08-19,0.1966481285939862
2024-08-20,0.18328075879549
2024-08-21,0.17139885585384398
2024-08-22,0.1698683903009537
2024-08-23,0.1700366750969262
2024-08-26,0.16052333616151082
2024-08-27,0.15075895873710857
2024-08-28,0.14866740212757468
2024-08-29,0.140532075482596
2024-08-30,0.14376187628765494
2024-09-03,0.19388186910905691
2024-09-04,0.18111230191390995
2024-09-05,0.17021383063061857
2024-09-06,0.19531094431833743
2024-09-09,0.19226587356707867
2024-09-10,0.17992090378120768
2024-09-11,0.1775158110214079
2024-09-12,0.17207433786926896
2024-09-13,0.1630562145326153
2024-09-16,0.1530210213941924
2024-09-17,0.14427991508880525
2024-09-18,0.13892111926768547
2024-09-19,0.1657313287518565
2024-09-20,0.15629857654212892
2024-09-23,0.14738205548577235
2024-09-24,0.1398041297519339
2024-09-25,0.13429980821161663
2024-09-26,0.12933483033895737
2024-09-27,0.12470437445061947
2024-09-30,0.12122829792557781
2024-10-01,0.1327615179358542
2024-10-02,0.12673138112716353
2024-10-03,0.12281507860084766
2024-10-04,0.12852851242848998
2024-10-07,0.13809948738993666
2024-10-08,0.14141524143303014
2024-10-09,0.1391208997593833
2024-10-10,0.1333084720613094
2024-10-11,0.13087830066407014
2024-10-14,0.13278182916591397
2024-10-15,0.1382196650054216
2024-10-16,0.1330240961738061
2024-10-17,0.12704653062391014
2024-10-18,0.12304713428030219
2024-10-21,0.11952371121160138
2024-10-22,0.11575777587172245
2024-10-23,0.12906183480067424
2024-10-24,0.12371020699992061
2024-10-25,0.11922735512083962
2024-10-28,0.11582059386955981
2024-10-29,0.11226406686917506
2024-10-30,0.11209944350348686
2024-10-31,0.16996060224535914
2024-11-01,0.16031273422604964
2024-11-04,0.15191784967647012
2024-11-05,0.15884538115107533
2024-11-06,0.2094763362241956
2024-11-07,0.19849769805842216
2024-11-08,0.185481228056751
2024-11-11,0.1728210040429069
2024-11-12,0.16370363936340407
2024-11-13,0.1536923079124385
2024-11-14,0.15220934620965648
2024-11-15,0.16778813926600783
2024-11-18,0.1583996837044826
2024-11-19,0.14991056558347782
2024-11-20,0.1416657184905397
2024-11-21,0.13712594315908752
2024-11-22,0.13114528327650668
2024-11-25,0.12621156971295794
2024-11-26,0.12389101164630613
2024-11-27,0.12177584467550162
2024-11-29,0.12166604915061136
2024-12-02,0.11731573828163493
2024-12-03,0.11356321131298325
2024-12-04,0.11494042394459679
2024-12-05,0.11271157613889264
2024-12-06,0.10974456725696644
2024-12-09,0.11389479881765519
2024-12-10,0.1136061759677015
2024-12-11,0.11798472125395128
2024-12-12,0.12047743690978122
2024-12-13,0.11645260114594708
2024-12-16,0.11457248191123409
2024-12-17,0.11576953348868388
2024-12-18,0.22550660720226992
2024-12-19,0.20837424569944202
2024-12-20,0.2046858791088697
2024-12-23,0.19221544995252585
2024-12-24,0.1893532996144237
2024-12-26,0.17625736526814723
2024-12-27,0.17991465478306362
2024-12-30,0.18515599634149324
2024-12-31,0.17491018038928058
2025-01-02,0.16487952276333284
2025-01-03,0.17025171153204213
2025-01-06,0.1620396495244291
2025-01-07,0.1711473916005681
2025-01-08,0.1602698267457875
2025-01-10,0.1821965540542202
2025-01-13,0.1700010237315674
2025-01-14,0.15925512583600981
2025-01-15,0.1835937830166374
2025-01-16,0.17218574274228007
2025-01-17,0.17059776745222788
2025-01-21,0.16754965403556862
2025-01-22,0.15967169502730785
2025-01-23,0.15270275451054313
2025-01-24,0.1461946712323544
2025-01-27,0.16805976379181037
2025-01-28,0.16440118348981111
2025-01-29,0.15811879343776056
2025-01-30,0.1512664479956397
2025-01-31,0.14826247167694115
2025-02-03,0.1483950495722411
2025-02-04,0.1447391940949571
2025-02-05,0.1384740331658928
2025-02-06,0.13263886098860733
2025-02-07,0.14144681426833802
2025-02-10,0.1389819958582721
2025-02-11,0.132209870970476
2025-02-12,0.12906504466681293
2025-02-13,0.13690574833109687
2025-02-14,0.1305721170260073
2025-02-18,0.125499363582249
2025-02-19,0.12086364152851074
2025-02-20,0.12097394524876982
2025-02-21,0.1626555100705231
2025-02-24,0.15670308164929497
2025-02-25,0.15224759936360976
2025-02-26,0.1437671876332804
2025-02-27,0.17276368160385974
2025-02-28,0.1849141186886509
2025-03-03,0.20776710859826042
2025-03-04,0.2086779395522938
2025-03-05,0.20255378526242118
2025-03-06,0.2216686688046087
2025-03-07,0.20697897144852764
2025-03-10,0.25889856905297115
2025-03-11,0.24681276798375257
2025-03-12,0.22895280770991625
2025-03-13,0.22991959333583206
2025-03-14,0.24463521875837366
2025-03-17,0.2292639986779671
2025-03-18,0.22439418920595217
2025-03-19,0.21629502840415515
2025-03-20,0.20168189694352634
2025-03-21,0.187273516191608
2025-03-24,0.20346435438513302
2025-03-25,0.1890034568934099
2025-03-26,0.1939419284445972
2025-03-27,0.18182954400273654
2025-03-28,0.21594471859705813
2025-03-31,0.20300992945061175
2025-04-01,0.18873990313818859
2025-04-02,0.1788649872367367
2025-04-03,0.3631149429557622
2025-04-04,0.5071760885041876
2025-04-07,0.4620587374717004
2025-04-08,0.43388994975100614
2025-04-09,0.7508042527473096
2025-04-10,0.7424576096234978
2025-04-11,0.6829030613077548
2025-04-14,0.623070024395135
2025-04-15,0.5670020552340929
2025-04-16,0.5372425471055469
2025-04-17,0.4888735211993173
2025-04-21,0.47327848994417154
2025-04-22,0.45908973637319994
2025-04-23,0.42825261269040943
2025-04-24,0.4105261824460015
2025-04-25,0.37654367491637347
2025-04-28,0.34385691195401824
2025-04-29,0.31621223154482875
2025-04-30,0.28959166029940664
2025-05-01,0.268481622637246
2025-05-02,0.26192861414430096
2025-05-05,0.244769856928829
2025-05-06,0.23347974993659698
2025-05-07,0.2164724175135208
2025-05-08,0.2039407733806031
2025-05-09,0.18333840890890837
2025-05-12,0.2639337172860877
2025-05-13,0.24464229576744537
2025-05-14,0.2249123805923537
2025-05-15,0.20887888343725144
2025-05-16,0.19619944869319497
2025-05-19,0.18209983955403253
2025-05-20,0.17203106159400047
2025-05-21,0.1978554652963871
2025-05-22,0.18359879990018566
2025-05-23,0.1782801337125111
2025-05-27,0.20808130452055643
2025-05-28,0.19743184758318771
2025-05-29,0.1841297427943845
2025-05-30,0.17205214735251842
2025-06-02,0.16360900559003133
2025-06-03,0.15646715442788134
2025-06-04,0.14763541701472305
2025-06-05,0.1447115336606938
2025-06-06,0.1493044437743998
2025-06-09,0.1412167304992596
2025-06-10,0.13743468256078864
2025-06-11,0.1333142198396096
2025-06-12,0.12884820328783
2025-06-13,0.14600532853087414
2025-06-16,0.14836505399679767
2025-06-17,0.1530409930544792
2025-06-18,0.14470490096304733
2025-06-20,0.13894851559641833
2025-06-23,0.14357170648387274
2025-06-24,0.15017277936828755
2025-06-25,0.14205728529518338
2025-06-26,0.1416356398536014
2025-06-27,0.13692509720011942
2025-06-30,0.13272597826432925
2025-07-01,0.12728128438101394
2025-07-02,0.12432660835641324
2025-07-03,0.12736531893064326
2025-07-07,0.13371271402524884
2025-07-08,0.12822687549604067
2025-07-09,0.12707138707211882
2025-07-10,0.12268797615623284
2025-07-11,0.12145823242979442
2025-07-14,0.11748246203850686
2025-07-15,0.11878777809570487
2025-07-16,0.11600149505905027
2025-07-17,0.11716120179943329
2025-07-18,0.1142552869519668
2025-07-21,0.11139669950505125
2025-07-22,0.10900495266465654
2025-07-23,0.11666099450862016
2025-07-24,0.113378269373283
2025-07-25,0.1123270721556966
2025-07-28,0.10993919586363007
2025-07-29,0.11009165128405714
2025-07-30,0.10872764233185307
2025-07-31,0.11080225809260177
2025-08-01,0.15474015671880725
2025-08-04,0.17066650058716212
2025-08-05,0.16443158969077654
2025-08-06,0.1599024123391471
2025-08-07,0.15092675730264904
2025-08-08,0.1488257548582679
2025-08-11,0.14228158186388518
2025-08-12,0.14799650466230513
2025-08-13,0.1409393175111995
2025-08-14,0.1341738037028718
2025-08-15,0.1299806512266074
2025-08-18,0.1248873193725913
2025-08-19,0.12701861695823213
2025-08-20,0.12430774352665065
2025-08-21,0.12395935359233837
2025-08-22,0.14930090673821286
2025-08-25,0.14536914765435882
2025-08-26,0.13928129019609323
2025-08-27,0.13284611468624238
2025-08-28,0.12806338376716214
2025-08-29,0.13069800641577878
2025-09-02,0.13614497260800631
2025-09-03,0.1328057507716585
2025-09-04,0.1350978599854434
2025-09-05,0.13137830533064787
2025-09-08,0.12615122368291468
2025-09-09,0.12163738330225206
2025-09-10,0.11778359251458982
2025-09-11,0.12293733885662991
2025-09-12,0.11891489244618791
2025-09-15,0.11827475238169315
2025-09-16,0.11564494323859895
2025-09-17,0.11333352336255352
2025-09-18,0.11280276962981887
2025-09-19,0.11273333197984797
2025-09-22,0.11238332888763893
2025-09-23,0.11699969821634115
2025-09-24,0.11661796927244047
2025-09-25,0.11868139441549422
2025-09-26,0.11868180067590563
2025-09-29,0.11553227643640314
2025-09-30,0.11362932183476214
2025-10-01,0.11172428793293082
2025-10-02,0.10913387367657176
2025-10-03,0.10716252505048145
2025-10-06,0.106517769237796
2025-10-07,0.10892636310926505
2025-10-08,0.11114260059858756
2025-10-09,0.11079525362674161
2025-10-10,0.20860763609617575
2025-10-13,0.21272629328591733
2025-10-14,0.1973906483654542
2025-10-15,0.18454064914383672
2025-10-16,0.17893001658499488
2025-10-17,0.16954389190498048
2025-10-20,0.16920018833833894
2025-10-21,0.15865557050901513
2025-10-22,0.15436844230042746
2025-10-23,0.14874544054318176
2025-10-24,0.1475652452174421
2025-10-27,0.15491601588875564
2025-10-28,0.14639994339594212
2025-10-29,0.13870309229664618
2025-10-30,0.15225703759731027
2025-10-31,0.14442022872372068
2025-11-03,0.13704532580177314
2025-11-04,0.15381818846328354
2025-11-05,0.14588658028793572
2025-11-06,0.1568543589761527
2025-11-07,0.14822705810434098
2025-11-10,0.16691082231275506
2025-11-11,0.15684938146422944
2025-11-12,0.14790654593199046
2025-11-13,0.17879623796683208
2025-11-14,0.16724166931583884
2025-11-17,0.1698694684837731
2025-11-18,0.16989165751822116
2025-11-19,0.16023384304972424
2025-11-20,0.18235205369792884
2025-11-21,0.17900518879521685
2025-11-24,0.18753866296137736
2025-11-25,0.18234074449296814
2025-11-26,0.17405928273528457
2025-11-28,0.1652252019833711
2025-12-01,0.15909995075907377
2025-12-02,0.14992202216446004
2025-12-03,0.14265855776031292
2025-12-04,0.1355820841884641
2025-12-05,0.12958229941583446
2025-12-08,0.1268736316579288
2025-12-09,0.12252490731794774
2025-12-10,0.12334533715085139
2025-12-11,0.119281651844891
2025-12-12,0.13733005632988274
2025-12-15,0.13193541439681675
2025-12-16,0.12852995648312596
2025-12-17,0.14483420681212794
2025-12-18,0.14329786662298236
2025-12-19,0.1449882504078194
2025-12-22,0.1413204790009963
2025-12-23,0.13619311563981218
2025-12-24,0.13090474724448467
2025-12-26,0.12565833364051981
2025-12-29,0.1243732112402359
2025-12-30,0.12071788761304952
2025-12-31,0.12827413142324487
2026-01-02,0.12330684835530845
2026-01-05,0.1240314408318897
2026-01-06,0.12344851278694077
2026-01-07,0.1220600886335422
2026-01-08,0.11813588908212407
2026-01-09,0.11936115577263946
2026-01-12,0.11564921907665976
2026-01-13,0.1140454335167701
2026-01-14,0.11715163478042984
2026-01-15,0.11421090318396264
2026-01-16,0.11186344643092369
2026-01-20,0.17324401236095283
2026-01-21,0.17469040983338613
2026-01-22,0.16549450050487913
2026-01-23,0.15545526048681138
2026-01-26,0.14876533108779585
2026-01-27,0.14201253171625444
2026-01-28,0.13517802206190793
2026-01-29,0.1304710150674231
2026-01-30,0.1275531381753327
2026-02-02,0.12497239456364982
2026-02-03,0.13418753363045363
2026-02-04,0.13339730988582357
2026-02-05,0.15311473236326445
2026-02-06,0.18275602758336595
2026-02-09,0.17213857661063553
2026-02-10,0.1630813463723472
2026-02-11,0.15358165599507906
2026-02-12,0.17801354494968208
2026-02-13,0.1664709346087501
2026-02-17,0.15638323571497886
2026-02-18,0.14960692171671408
2026-02-19,0.14347994347136062
2026-02-20,0.14163093832583157
2026-02-23,0.15192614529477175
2026-02-24,0.14874710663074153
2026-02-25,0.1481500607973565
2026-02-26,0.1462589008146371
2026-02-27,0.1434262632343761
2026-03-02,0.1363317207949968
2026-03-03,0.14394195745505065
2026-03-04,0.14172530604126174
2026-03-05,0.1409716016663255
2026-03-06,0.1606651147909864
2026-03-09,0.15862544383611407
2026-03-10,0.15039196416341666
2026-03-11,0.14304255083732056
2026-03-12,0.1691407282144139
2026-03-13,0.16403071279217105
2026-03-16,0.16418103785247723
2026-03-17,0.15469064285365752
2026-03-18,0.17328666128696174
2026-03-19,0.16377913826044296
2026-03-20,0.18127473278561854
2026-03-23,0.17910263142125837
2026-03-24,0.16964158598959866
2026-03-25,0.16160120113977097
2026-03-26,0.19235208583756336
2026-03-27,0.21161163960144674
2026-03-30,0.19803442124722148
2026-03-31,0.25116238520892553
2026-04-01,0.23482248225399752
2026-04-02,0.2168120430996465
2026-04-06,0.20208730656007265
2026-04-07,0.18777644278042147
2026-04-08,0.2300028029341734
2026-04-09,0.21452026194898227
2026-04-10,0.199034035957561
2026-04-13,0.19315987926757747
2026-04-14,0.19253253470098441
2026-04-15,0.1842619494787605
2026-04-16,0.1722718208512237
2026-04-17,0.17522634164609946
2026-04-20,0.16515877158109696
2026-04-21,0.16221859851995857
2026-04-22,0.1626356242140723
2026-04-23,0.1560462579345357
2026-04-24,0.15301357743830934
2026-04-27,0.14472281829380118
2026-04-28,0.14223058166540098
2026-04-29,0.13549763117976732
2026-04-30,0.14065298493350112
2026-05-01,0.13436822096803694
2026-05-04,0.13176146720412418
2026-05-05,0.13342759920708727
2026-05-06,0.15020480461563687
2026-05-07,0.14445767321398
2026-05-08,0.14427311755956018
2026-05-11,0.13728640653154833
2026-05-12,0.13153229652312942
2026-05-13,0.129128356055222
2026-05-14,0.13093270037391988
2026-05-15,0.1493625331665921
2026-05-18,0.14187009709253895
2026-05-19,0.14309831758568958
2026-05-20,0.14726486319098758
2026-05-21,0.13976450507623042
2026-05-22,0.13433238371399991
2026-05-26,0.1329844394535389
2026-05-27,0.1275272478580336
2026-05-28,0.12567388995198514
2026-05-29,0.12137474532931428
2026-06-01,0.11783664606516721
2026-06-02,0.11439264931642568
2026-06-03,0.12206109024898774
2026-06-04,0.11916036887082875
2026-06-05,0.2033877880572042
2026-06-08,0.1890721040509111
2026-06-09,0.17795700992424027
2026-06-10,0.1964176459706458
2026-06-11,0.20770001249935846
2026-06-12,0.19467591095337358
2026-06-15,0.20773264444912326
2026-06-16,0.19764445745793605
2026-06-17,0.20216038918435494
2026-06-18,0.19647731183447906
2026-06-22,0.18469546013929264
2026-06-23,0.19771601033365072
2026-06-24,0.18420531403893312
2026-06-25,0.17206095403992452
2026-06-26,0.16928710101496983
2026-06-29,0.18485261378318987
2026-06-30,0.1775187005784593
2026-07-01,0.1668111715465199
2026-07-02,0.15743105909795346
2026-07-06,0.15587848259348747
2026-07-07,0.15149794271930087
2026-07-08,0.14564402076864633
2026-07-09,0.14563347296933457
2026-07-10,0.13975892749197444
2026-07-13,0.1436852755241511
2026-07-14,0.13705163208429405
2026-07-15,0.13208313386149445
2026-07-16,0.13267972034718625
2026-07-17,0.14389038884872696
2026-07-20,0.13774041516116545
2026-07-21,0.1388250140393732
2026-07-22,0.13308194975043242
2026-07-23,0.15191556494191064
2026-07-24,0.14373864653101853
2026-07-27,0.13673438612873495
2026-07-28,0.13085378982484575
2026-07-29,0.16149387717381491
2026-07-30,0.1797013315343925
2026-07-31,0.1722337414290761
2026-08-03,0.1804317016255523
2026-08-04,0.1978387901688445
2026-08-05,0.18501330677066968
2026-08-06,0.17350091176118504
2026-08-07,0.16555110580766652
2026-08-10,0.1558569388271171
2026-08-11,0.14945534403516691
2026-08-12,0.14188934826248378
2026-08-13,0.13984466715795876
2026-08-14,0.13457694671852832
2026-08-17,0.13353511960622805
2026-08-18,0.1365399927951528
2026-08-19,0.13060800284561597
2026-08-20,0.1381390350402646
2026-08-21,0.1331396736333104
2026-08-24,0.12983351531652515
2026-08-25,0.12537834502824496
2026-08-26,0.12097391613072618
2026-08-27,0.12185851432469684
2026-08-31,0.12403973298995369
2026-09-01,0.12922033702476093
