snapshot,expiry,T,cp,strike,bid,ask,lastPrice,volume,openInterest,impliedVolatility,lastTradeDate,spot,r
2026-09-03 03:42:14.451510,2026-09-10,0.021038354531012174,C,665.0,98.71,102.84,105.33,,6.0,0.5031787963867188,2026-08-28 19:44:38+00:00,765.1599731445312,0.037720000743865965
2026-09-03 03:42:14.451510,2026-09-10,0.021038354531012174,C,680.0,83.83,87.91,86.31,2.0,1.0,0.6002237243652344,2026-09-02 18:51:59+00:00,765.1599731445312,0.037720000743865965
2026-09-03 03:42:14.451510,2026-09-10,0.021038354531012174,C,685.0,78.87,82.92,80.75,2.0,1.0,0.5725140405273439,2026-09-02 18:51:27+00:00,765.1599731445312,0.037720000743865965
2026-09-03 03:42:14.451510,2026-09-10,0.021038354531012174,C,690.0,73.77,77.89,75.06,6.0,5.0,0.5425460784912111,2026-09-02 19:57:14+00:00,765.1599731445312,0.037720000743865965
2026-09-03 03:42:14.451510,2026-09-10,0.021038354531012174,C,695.0,68.78,72.9,70.53,20.0,1.0,0.514653291015625,2026-09-02 19:59:33+00:00,765.1599731445312,0.037720000743865965
2026-09-03 03:42:14.451510,2026-09-10,0.021038354531012174,C,700.0,63.87,67.92,65.97,20.0,6.0,0.48718774536132814,2026-09-02 20:01:56+00:00,765.1599731445312,0.037720000743865965
2026-09-03 03:42:14.451510,2026-09-10,0.021038354531012174,C,705.0,58.8,62.99,60.36,20.0,1.0,0.46179737426757816,2026-09-02 19:55:50+00:00,765.1599731445312,0.037720000743865965
2026-09-03 03:42:14.451510,2026-09-10,0.021038354531012174,C,710.0,53.92,57.97,55.72,54.0,1.0,0.4318904467773438,2026-09-02 19:56:59+00:00,765.1599731445312,0.037720000743865965
2026-09-03 03:42:14.451510,2026-09-10,0.021038354531012174,C,715.0,48.9,53.0,50.69,168.0,27.0,0.4039976593017578,2026-09-02 18:51:42+00:00,765.1599731445312,0.037720000743865965
2026-09-03 03:42:14.451510,2026-09-10,0.021038354531012174,C,718.0,45.96,50.04,46.38,104.0,19.0,0.3880676428222656,2026-09-02 19:29:27+00:00,765.1599731445312,0.037720000743865965
2026-09-03 03:42:14.451510,2026-09-10,0.021038354531012174,C,719.0,44.86,49.09,46.47,140.0,19.0,0.3841614318847656,2026-09-02 18:58:10+00:00,765.1599731445312,0.037720000743865965
2026-09-03 03:42:14.451510,2026-09-10,0.021038354531012174,C,720.0,43.84,48.06,45.31,86.0,5.0,0.37695935546875,2026-09-02 19:48:08+00:00,765.1599731445312,0.037720000743865965
2026-09-03 03:42:14.451510,2026-09-10,0.021038354531012174,C,721.0,42.91,47.07,44.92,76.0,4.0,0.3714662463378906,2026-09-02 19:43:05+00:00,765.1599731445312,0.037720000743865965
2026-09-03 03:42:14.451510,2026-09-10,0.021038354531012174,C,722.0,41.91,46.09,43.97,100.0,1.0,0.36627830993652344,2026-09-02 19:35:59+00:00,765.1599731445312,0.037720000743865965
2026-09-03 03:42:14.451510,2026-09-10,0.021038354531012174,C,723.0,40.86,45.1,43.15,104.0,4.0,0.3606631317138671,2026-09-02 19:28:29+00:00,765.1599731445312,0.037720000743865965
2026-09-03 03:42:14.451510,2026-09-10,0.021038354531012174,C,724.0,40.02,44.15,42.05,100.0,4.0,0.35657381713867187,2026-09-02 19:35:43+00:00,765.1599731445312,0.037720000743865965
2026-09-03 03:42:14.451510,2026-09-10,0.021038354531012174,C,725.0,38.89,43.12,41.08,114.0,4.0,0.3493717407226562,2026-09-02 19:17:32+00:00,765.1599731445312,0.037720000743865965
2026-09-03 03:42:14.451510,2026-09-10,0.021038354531012174,C,726.0,38.2,42.17,40.12,106.0,10.0,0.3452213916015625,2026-09-02 19:47:20+00:00,765.1599731445312,0.037720000743865965
2026-09-03 03:42:14.451510,2026-09-10,0.021038354531012174,C,727.0,37.2,41.18,38.93,106.0,1.0,0.33954517883300783,2026-09-02 19:39:37+00:00,765.1599731445312,0.037720000743865965
2026-09-03 03:42:14.451510,2026-09-10,0.021038354531012174,C,728.0,36.2,40.2,37.73,110.0,8.0,0.3341741387939453,2026-09-02 18:56:51+00:00,765.1599731445312,0.037720000743865965
2026-09-03 03:42:14.451510,2026-09-10,0.021038354531012174,C,729.0,35.09,39.22,37.18,122.0,9.0,0.32874206420898433,2026-09-02 19:46:32+00:00,765.1599731445312,0.037720000743865965
2026-09-03 03:42:14.451510,2026-09-10,0.021038354531012174,C,730.0,34.2,38.23,35.95,130.0,1.0,0.32294378234863275,2026-09-02 19:39:05+00:00,765.1599731445312,0.037720000743865965
2026-09-03 03:42:14.451510,2026-09-10,0.021038354531012174,C,731.0,33.0,37.24,35.14,146.0,2.0,0.3170844659423828,2026-09-02 19:47:40+00:00,765.1599731445312,0.037720000743865965
2026-09-03 03:42:14.451510,2026-09-10,0.021038354531012174,C,732.0,32.13,36.27,34.24,144.0,21.0,0.31189652954101554,2026-09-02 19:28:29+00:00,765.1599731445312,0.037720000743865965
2026-09-03 03:42:14.451510,2026-09-10,0.021038354531012174,C,733.0,31.15,35.27,32.58,150.0,4.0,0.305671005859375,2026-09-02 18:58:22+00:00,765.1599731445312,0.037720000743865965
2026-09-03 03:42:14.451510,2026-09-10,0.021038354531012174,C,734.0,30.17,34.33,31.71,116.0,2.0,0.30145962219238287,2026-09-02 18:59:50+00:00,765.1599731445312,0.037720000743865965
2026-09-03 03:42:14.451510,2026-09-10,0.021038354531012174,C,735.0,29.18,33.35,31.32,142.0,16.0,0.2957834094238281,2026-09-02 19:28:44+00:00,765.1599731445312,0.037720000743865965
2026-09-03 03:42:14.451510,2026-09-10,0.021038354531012174,C,736.0,28.05,32.37,30.15,144.0,9.0,0.2901071966552734,2026-09-02 19:35:11+00:00,765.1599731445312,0.037720000743865965
2026-09-03 03:42:14.451510,2026-09-10,0.021038354531012174,C,737.0,27.18,31.33,30.04,132.0,4.0,0.2823558093261719,2026-09-02 19:34:17+00:00,765.1599731445312,0.037720000743865965
2026-09-03 03:42:14.451510,2026-09-10,0.021038354531012174,C,738.0,26.49,30.37,28.5,102.0,12.0,0.27722890747070306,2026-09-02 19:28:57+00:00,765.1599731445312,0.037720000743865965
2026-09-03 03:42:14.451510,2026-09-10,0.021038354531012174,C,742.0,22.63,26.51,24.28,64.0,19.0,0.255439574584961,2026-09-02 19:38:59+00:00,765.1599731445312,0.037720000743865965
2026-09-03 03:42:14.451510,2026-09-10,0.021038354531012174,C,743.0,21.68,25.56,24.31,81.0,15.0,0.25025163818359375,2026-09-02 19:37:54+00:00,765.1599731445312,0.037720000743865965
2026-09-03 03:42:14.451510,2026-09-10,0.021038354531012174,C,744.0,20.72,24.6,22.58,192.0,8.0,0.24469749450683598,2026-09-02 20:03:59+00:00,765.1599731445312,0.037720000743865965
2026-09-03 03:42:14.451510,2026-09-10,0.021038354531012174,C,745.0,19.78,23.63,21.59,641.0,107.0,0.2387771435546875,2026-09-02 19:44:09+00:00,765.1599731445312,0.037720000743865965
2026-09-03 03:42:14.451510,2026-09-10,0.021038354531012174,C,746.0,18.84,22.7,20.66,350.0,1.0,0.23395541442871093,2026-09-02 19:44:08+00:00,765.1599731445312,0.037720000743865965
2026-09-03 03:42:14.451510,2026-09-10,0.021038354531012174,C,747.0,17.91,21.76,19.6,718.0,1.0,0.2287064434814453,2026-09-02 19:52:27+00:00,765.1599731445312,0.037720000743865965
2026-09-03 03:42:14.451510,2026-09-10,0.021038354531012174,C,748.0,16.98,20.83,18.6,240.0,3.0,0.22357954162597654,2026-09-02 19:53:22+00:00,765.1599731445312,0.037720000743865965
2026-09-03 03:42:14.451510,2026-09-10,0.021038354531012174,C,749.0,16.06,19.94,17.38,598.0,20.0,0.21949022705078125,2026-09-02 19:57:12+00:00,765.1599731445312,0.037720000743865965
2026-09-03 03:42:14.451510,2026-09-10,0.021038354531012174,C,750.0,15.15,18.84,16.85,1306.0,8.0,0.20948056152343747,2026-09-02 19:59:16+00:00,765.1599731445312,0.037720000743865965
2026-09-03 03:42:14.451510,2026-09-10,0.021038354531012174,C,751.0,14.25,17.74,15.73,138.0,4.0,0.19944037872314452,2026-09-02 19:59:53+00:00,765.1599731445312,0.037720000743865965
2026-09-03 03:42:14.451510,2026-09-10,0.021038354531012174,C,752.0,13.38,16.9,14.9,1028.0,86.0,0.19635813415527342,2026-09-02 19:57:22+00:00,765.1599731445312,0.037720000743865965
2026-09-03 03:42:14.451510,2026-09-10,0.021038354531012174,C,753.0,12.88,16.08,14.38,786.0,99.0,0.1935505450439453,2026-09-02 19:49:50+00:00,765.1599731445312,0.037720000743865965
2026-09-03 03:42:14.451510,2026-09-10,0.021038354531012174,C,754.0,11.6,15.28,12.99,373.0,76.0,0.19098709411621095,2026-09-02 19:56:50+00:00,765.1599731445312,0.037720000743865965
2026-09-03 03:42:14.451510,2026-09-10,0.021038354531012174,C,755.0,12.4,12.91,12.18,1830.0,156.0,0.1475915319824219,2026-09-02 19:58:26+00:00,765.1599731445312,0.037720000743865965
2026-09-03 03:42:14.451510,2026-09-10,0.021038354531012174,C,756.0,11.57,12.09,11.65,801.0,168.0,0.14490601196289063,2026-09-02 19:37:37+00:00,765.1599731445312,0.037720000743865965
2026-09-03 03:42:14.451510,2026-09-10,0.021038354531012174,C,757.0,9.26,12.76,10.59,1651.0,254.0,0.17859708129882812,2026-09-02 19:56:36+00:00,765.1599731445312,0.037720000743865965
2026-09-03 03:42:14.451510,2026-09-10,0.021038354531012174,C,758.0,9.96,10.44,10.04,2689.0,331.0,0.13813117736816405,2026-09-02 19:50:46+00:00,765.1599731445312,0.037720000743865965
2026-09-03 03:42:14.451510,2026-09-10,0.021038354531012174,C,759.0,9.19,9.66,9.25,1497.0,54.0,0.13529307098388677,2026-09-02 19:54:44+00:00,765.1599731445312,0.037720000743865965
2026-09-03 03:42:14.451510,2026-09-10,0.021038354531012174,C,760.0,8.44,8.88,8.55,2449.0,335.0,0.1320277227783203,2026-09-02 19:54:50+00:00,765.1599731445312,0.037720000743865965
2026-09-03 03:42:14.451510,2026-09-10,0.021038354531012174,C,761.0,7.7,8.14,7.89,1422.0,729.0,0.1292201336669922,2026-09-02 19:54:52+00:00,765.1599731445312,0.037720000743865965
2026-09-03 03:42:14.451510,2026-09-10,0.021038354531012174,C,762.0,6.99,7.39,7.2,1544.0,322.0,0.12571064727783204,2026-09-02 20:12:17+00:00,765.1599731445312,0.037720000743865965
2026-09-03 03:42:14.451510,2026-09-10,0.021038354531012174,C,763.0,6.3,6.72,6.17,2678.0,442.0,0.12348288635253907,2026-09-02 19:59:47+00:00,765.1599731445312,0.037720000743865965
2026-09-03 03:42:14.451510,2026-09-10,0.021038354531012174,C,764.0,5.64,6.91,5.8,870.0,351.0,0.1397791101074219,2026-09-02 20:12:56+00:00,765.1599731445312,0.037720000743865965
2026-09-03 03:42:14.451510,2026-09-10,0.021038354531012174,C,765.0,4.95,6.15,5.22,935.0,394.0,0.13428600097656251,2026-09-02 20:05:34+00:00,765.1599731445312,0.037720000743865965
2026-09-03 03:42:14.451510,2026-09-10,0.021038354531012174,C,766.0,3.69,5.5,4.63,925.0,367.0,0.13068496276855468,2026-09-02 20:12:03+00:00,765.1599731445312,0.037720000743865965
2026-09-03 03:42:14.451510,2026-09-10,0.021038354531012174,C,767.0,3.12,4.4,4.02,795.0,438.0,0.11643339630126953,2026-09-02 20:03:06+00:00,765.1599731445312,0.037720000743865965
2026-09-03 03:42:14.451510,2026-09-10,0.021038354531012174,C,768.0,2.63,4.0,3.49,449.0,256.0,0.11701322448730468,2026-09-02 20:02:50+00:00,765.1599731445312,0.037720000743865965
2026-09-03 03:42:14.451510,2026-09-10,0.021038354531012174,C,769.0,2.06,4.18,3.01,704.0,474.0,0.1302577209472656,2026-09-02 19:47:07+00:00,765.1599731445312,0.037720000743865965
2026-09-03 03:42:14.451510,2026-09-10,0.021038354531012174,C,770.0,2.3,2.73,2.64,664.0,563.0,0.10505045349121094,2026-09-02 20:12:47+00:00,765.1599731445312,0.037720000743865965
2026-09-03 03:42:14.451510,2026-09-10,0.021038354531012174,C,771.0,1.4,2.6,2.24,680.0,213.0,0.1098721826171875,2026-09-02 20:06:31+00:00,765.1599731445312,0.037720000743865965
2026-09-03 03:42:14.451510,2026-09-10,0.021038354531012174,C,772.0,0.87,2.1,1.89,503.0,516.0,0.10480631530761718,2026-09-02 20:12:10+00:00,765.1599731445312,0.037720000743865965
2026-09-03 03:42:14.451510,2026-09-10,0.021038354531012174,C,773.0,1.13,1.99,1.52,352.0,110.0,0.1090787335205078,2026-09-02 20:03:22+00:00,765.1599731445312,0.037720000743865965
2026-09-03 03:42:14.451510,2026-09-10,0.021038354531012174,C,774.0,0.51,1.85,1.3,396.0,699.0,0.11213046081542967,2026-09-02 20:09:07+00:00,765.1599731445312,0.037720000743865965
2026-09-03 03:42:14.451510,2026-09-10,0.021038354531012174,C,775.0,0.82,1.6,1.06,1740.0,355.0,0.1115201153564453,2026-09-02 20:14:12+00:00,765.1599731445312,0.037720000743865965
2026-09-03 03:42:14.451510,2026-09-10,0.021038354531012174,C,776.0,0.4,0.89,0.86,483.0,408.0,0.0945525115966797,2026-09-02 20:10:06+00:00,765.1599731445312,0.037720000743865965
2026-09-03 03:42:14.451510,2026-09-10,0.021038354531012174,C,777.0,0.22,1.15,0.7,112.0,250.0,0.10950597534179687,2026-09-02 20:13:32+00:00,765.1599731445312,0.037720000743865965
2026-09-03 03:42:14.451510,2026-09-10,0.021038354531012174,C,778.0,0.06,1.02,0.51,161.0,479.0,0.11060459716796875,2026-09-02 19:54:48+00:00,765.1599731445312,0.037720000743865965
2026-09-03 03:42:14.451510,2026-09-10,0.021038354531012174,C,779.0,0.39,0.92,0.44,310.0,101.0,0.11231356445312499,2026-09-02 20:09:16+00:00,765.1599731445312,0.037720000743865965
2026-09-03 03:42:14.451510,2026-09-10,0.021038354531012174,C,780.0,0.2,0.5,0.34,269.0,747.0,0.09876389526367188,2026-09-02 20:09:16+00:00,765.1599731445312,0.037720000743865965
2026-09-03 03:42:14.451510,2026-09-10,0.021038354531012174,C,781.0,0.14,0.38,0.27,1175.0,71.0,0.09681078979492189,2026-09-02 20:14:54+00:00,765.1599731445312,0.037720000743865965
2026-09-03 03:42:14.451510,2026-09-10,0.021038354531012174,C,782.0,0.17,0.27,0.2,1916.0,142.0,0.09388113159179687,2026-09-02 20:09:17+00:00,765.1599731445312,0.037720000743865965
2026-09-03 03:42:14.451510,2026-09-10,0.021038354531012174,C,783.0,0.13,0.64,0.15,637.0,39.0,0.12049219360351562,2026-09-02 20:06:18+00:00,765.1599731445312,0.037720000743865965
2026-09-03 03:42:14.451510,2026-09-10,0.021038354531012174,C,784.0,0.1,0.6,0.12,428.0,286.0,0.12329978271484376,2026-09-02 20:06:11+00:00,765.1599731445312,0.037720000743865965
2026-09-03 03:42:14.451510,2026-09-10,0.021038354531012174,C,785.0,0.05,0.57,0.1,490.0,279.0,0.1263515100097656,2026-09-02 20:03:40+00:00,765.1599731445312,0.037720000743865965
2026-09-03 03:42:14.451510,2026-09-10,0.021038354531012174,C,786.0,0.05,0.55,0.08,131.0,138.0,0.129891513671875,2026-09-02 20:03:40+00:00,765.1599731445312,0.037720000743865965
2026-09-03 03:42:14.451510,2026-09-10,0.021038354531012174,C,787.0,0.04,0.08,0.07,278.0,198.0,0.092782509765625,2026-09-02 20:03:40+00:00,765.1599731445312,0.037720000743865965
2026-09-03 03:42:14.451510,2026-09-10,0.021038354531012174,C,788.0,0.03,0.52,0.05,65.0,233.0,0.13721565917968753,2026-09-02 19:58:49+00:00,765.1599731445312,0.037720000743865965
2026-09-03 03:42:14.451510,2026-09-10,0.021038354531012174,C,789.0,0.02,0.51,0.02,3.0,98.0,0.14099980102539064,2026-09-02 19:43:49+00:00,765.1599731445312,0.037720000743865965
2026-09-03 03:42:14.451510,2026-09-10,0.021038354531012174,C,790.0,0.02,0.05,0.04,11.0,394.0,0.09668872070312501,2026-09-02 20:02:31+00:00,765.1599731445312,0.037720000743865965
2026-09-03 03:42:14.451510,2026-09-10,0.021038354531012174,C,791.0,0.01,0.5,0.02,55.0,33.0,0.14917843017578125,2026-09-02 19:45:55+00:00,765.1599731445312,0.037720000743865965
2026-09-03 03:42:14.451510,2026-09-10,0.021038354531012174,C,792.0,0.01,0.48,0.02,90.0,110.0,0.15223015747070315,2026-09-01 18:33:19+00:00,765.1599731445312,0.037720000743865965
2026-09-03 03:42:14.451510,2026-09-10,0.021038354531012174,C,793.0,0.01,0.41,0.02,198.0,199.0,0.15137567382812503,2026-09-01 18:31:45+00:00,765.1599731445312,0.037720000743865965
2026-09-03 03:42:14.451510,2026-09-10,0.021038354531012174,C,794.0,0.01,0.36,0.02,8.0,43.0,0.15137567382812503,2026-09-01 16:48:04+00:00,765.1599731445312,0.037720000743865965
2026-09-03 03:42:14.451510,2026-09-10,0.021038354531012174,C,795.0,0.0,0.32,0.01,2.0,83.0,0.1518639501953125,2026-09-02 13:30:01+00:00,765.1599731445312,0.037720000743865965
2026-09-03 03:42:14.451510,2026-09-10,0.021038354531012174,C,796.0,0.0,0.3,0.02,2.0,267.0,0.15406119384765626,2026-09-02 18:37:09+00:00,765.1599731445312,0.037720000743865965
2026-09-03 03:42:14.451510,2026-09-10,0.021038354531012174,C,797.0,0.0,0.29,0.02,13.0,64.0,0.15699085205078128,2026-09-01 14:48:04+00:00,765.1599731445312,0.037720000743865965
2026-09-03 03:42:14.451510,2026-09-10,0.021038354531012174,C,798.0,0.0,0.7,0.04,12.0,124.0,0.19300123413085937,2026-08-31 16:27:01+00:00,765.1599731445312,0.037720000743865965
2026-09-03 03:42:14.451510,2026-09-10,0.021038354531012174,C,799.0,0.0,0.55,0.01,1169.0,81.0,0.1871419177246094,2026-09-02 19:28:16+00:00,765.1599731445312,0.037720000743865965
2026-09-03 03:42:14.451510,2026-09-10,0.021038354531012174,C,800.0,0.0,1.55,0.01,1170.0,780.0,0.247077841796875,2026-09-02 19:28:29+00:00,765.1599731445312,0.037720000743865965
2026-09-03 03:42:14.451510,2026-09-10,0.021038354531012174,C,801.0,0.0,3.05,0.04,,39.0,0.3114692877197265,2026-08-28 19:45:10+00:00,765.1599731445312,0.037720000743865965
2026-09-03 03:42:14.451510,2026-09-10,0.021038354531012174,C,802.0,0.0,0.69,0.01,2.0,122.0,0.20972469970703123,2026-09-01 16:07:20+00:00,765.1599731445312,0.037720000743865965
2026-09-03 03:42:14.451510,2026-09-10,0.021038354531012174,C,803.0,0.0,0.3,0.02,15.0,32.0,0.18116053222656248,2026-08-31 19:46:17+00:00,765.1599731445312,0.037720000743865965
2026-09-03 03:42:14.451510,2026-09-10,0.021038354531012174,C,804.0,0.0,0.32,0.02,5.0,8.0,0.1870198486328125,2026-08-31 19:55:14+00:00,765.1599731445312,0.037720000743865965
2026-09-03 03:42:14.451510,2026-09-10,0.021038354531012174,C,805.0,0.0,0.05,0.01,124.0,52.0,0.1445398046875,2026-09-02 18:33:29+00:00,765.1599731445312,0.037720000743865965
2026-09-03 03:42:14.451510,2026-09-10,0.021038354531012174,C,806.0,0.0,0.37,0.01,29.0,24.0,0.19995917236328126,2026-09-02 19:48:47+00:00,765.1599731445312,0.037720000743865965
2026-09-03 03:42:14.451510,2026-09-10,0.021038354531012174,C,810.0,0.0,0.45,0.02,,20.0,0.22327436889648436,2026-08-28 19:03:03+00:00,765.1599731445312,0.037720000743865965
2026-09-03 03:42:14.451510,2026-09-10,0.021038354531012174,C,825.0,0.0,0.51,0.03,,2.0,0.2863840893554687,2026-08-28 13:39:34+00:00,765.1599731445312,0.037720000743865965
2026-09-03 03:42:14.451510,2026-09-10,0.021038354531012174,C,840.0,0.0,0.52,0.02,,1.0,0.34204759521484374,2026-08-28 14:37:58+00:00,765.1599731445312,0.037720000743865965
2026-09-03 03:42:14.451510,2026-09-10,0.021038354531012174,P,505.0,0.0,0.51,0.01,,20.0,1.150394873046875,2026-08-28 16:09:28+00:00,765.1599731445312,0.037720000743865965
2026-09-03 03:42:14.451510,2026-09-10,0.021038354531012174,P,520.0,0.0,0.54,0.01,,12.0,1.0844772338867186,2026-08-28 15:21:29+00:00,765.1599731445312,0.037720000743865965
2026-09-03 03:42:14.451510,2026-09-10,0.021038354531012174,P,560.0,0.0,0.54,0.02,,595.0,0.8955088574218748,2026-08-28 14:29:26+00:00,765.1599731445312,0.037720000743865965
2026-09-03 03:42:14.451510,2026-09-10,0.021038354531012174,P,565.0,0.0,0.53,0.02,8.0,683.0,0.8706067626953125,2026-09-01 14:05:43+00:00,765.1599731445312,0.037720000743865965
2026-09-03 03:42:14.451510,2026-09-10,0.021038354531012174,P,570.0,0.0,0.51,0.02,,112.0,0.8437515624999999,2026-08-28 14:25:15+00:00,765.1599731445312,0.037720000743865965
2026-09-03 03:42:14.451510,2026-09-10,0.021038354531012174,P,580.0,0.0,0.47,0.03,,200.0,0.79101771484375,2026-08-28 17:57:07+00:00,765.1599731445312,0.037720000743865965
2026-09-03 03:42:14.451510,2026-09-10,0.021038354531012174,P,585.0,0.0,0.42,0.03,,584.0,0.7587914746093751,2026-08-28 19:59:23+00:00,765.1599731445312,0.037720000743865965
2026-09-03 03:42:14.451510,2026-09-10,0.021038354531012174,P,590.0,0.0,0.36,0.02,1.0,24.0,0.7236355761718749,2026-09-02 14:56:54+00:00,765.1599731445312,0.037720000743865965
2026-09-03 03:42:14.451510,2026-09-10,0.021038354531012174,P,600.0,0.0,0.32,0.02,6.0,64.0,0.6718782812500002,2026-09-02 16:14:13+00:00,765.1599731445312,0.037720000743865965
2026-09-03 03:42:14.451510,2026-09-10,0.021038354531012174,P,605.0,0.0,0.22,0.04,24.0,25.0,0.624027197265625,2026-08-31 16:59:27+00:00,765.1599731445312,0.037720000743865965
2026-09-03 03:42:14.451510,2026-09-10,0.021038354531012174,P,615.0,0.01,0.64,0.04,24.0,34.0,0.6684603466796877,2026-08-31 19:54:40+00:00,765.1599731445312,0.037720000743865965
2026-09-03 03:42:14.451510,2026-09-10,0.021038354531012174,P,620.0,0.01,0.64,0.03,10.0,25.0,0.6469761865234375,2026-09-02 13:30:57+00:00,765.1599731445312,0.037720000743865965
2026-09-03 03:42:14.451510,2026-09-10,0.021038354531012174,P,665.0,0.02,0.66,0.07,1.0,6.0,0.5095263891601562,2026-09-01 14:31:28+00:00,765.1599731445312,0.037720000743865965
2026-09-03 03:42:14.451510,2026-09-10,0.021038354531012174,P,670.0,0.03,0.66,0.1,1.0,11.0,0.48682153808593753,2026-09-01 18:51:26+00:00,765.1599731445312,0.037720000743865965
2026-09-03 03:42:14.451510,2026-09-10,0.021038354531012174,P,675.0,0.03,0.66,0.07,5.0,10.0,0.463872548828125,2026-09-02 15:11:52+00:00,765.1599731445312,0.037720000743865965
2026-09-03 03:42:14.451510,2026-09-10,0.021038354531012174,P,680.0,0.04,0.67,0.11,1.0,6.0,0.44214425048828127,2026-08-31 14:05:11+00:00,765.1599731445312,0.037720000743865965
2026-09-03 03:42:14.451510,2026-09-10,0.021038354531012174,P,690.0,0.05,0.68,0.12,100.0,111.0,0.397466962890625,2026-09-01 16:52:53+00:00,765.1599731445312,0.037720000743865965
2026-09-03 03:42:14.451510,2026-09-10,0.021038354531012174,P,695.0,0.05,0.55,0.1,2.0,25.0,0.3601138208007812,2026-09-02 14:11:46+00:00,765.1599731445312,0.037720000743865965
2026-09-03 03:42:14.451510,2026-09-10,0.021038354531012174,P,700.0,0.06,0.69,0.12,15.0,157.0,0.352545537109375,2026-09-02 13:54:57+00:00,765.1599731445312,0.037720000743865965
2026-09-03 03:42:14.451510,2026-09-10,0.021038354531012174,P,705.0,0.07,0.7,0.2,4.0,3.0,0.33045103149414057,2026-09-01 19:02:38+00:00,765.1599731445312,0.037720000743865965
2026-09-03 03:42:14.451510,2026-09-10,0.021038354531012174,P,710.0,0.08,0.3,0.12,5.0,195.0,0.2629468237304688,2026-09-02 15:43:30+00:00,765.1599731445312,0.037720000743865965
2026-09-03 03:42:14.451510,2026-09-10,0.021038354531012174,P,715.0,0.09,0.57,0.14,1.0,282.0,0.27234614379882804,2026-09-02 16:33:51+00:00,765.1599731445312,0.037720000743865965
2026-09-03 03:42:14.451510,2026-09-10,0.021038354531012174,P,720.0,0.12,0.75,0.14,4.0,384.0,0.26428958374023437,2026-09-02 19:41:01+00:00,765.1599731445312,0.037720000743865965
2026-09-03 03:42:14.451510,2026-09-10,0.021038354531012174,P,722.0,0.13,0.76,0.25,17.0,1.0,0.2555006091308594,2026-09-02 13:49:25+00:00,765.1599731445312,0.037720000743865965
2026-09-03 03:42:14.451510,2026-09-10,0.021038354531012174,P,724.0,0.14,0.78,0.19,16.0,111.0,0.24732197998046873,2026-09-02 16:21:02+00:00,765.1599731445312,0.037720000743865965
2026-09-03 03:42:14.451510,2026-09-10,0.021038354531012174,P,725.0,0.15,0.19,0.2,2.0,60.0,0.18531088134765622,2026-09-02 16:15:47+00:00,765.1599731445312,0.037720000743865965
2026-09-03 03:42:14.451510,2026-09-10,0.021038354531012174,P,726.0,0.15,0.21,0.51,4.0,18.0,0.18433432861328125,2026-09-01 18:51:19+00:00,765.1599731445312,0.037720000743865965
2026-09-03 03:42:14.451510,2026-09-10,0.021038354531012174,P,728.0,0.17,0.81,0.22,1.0,16.0,0.2298660998535156,2026-09-02 15:52:50+00:00,765.1599731445312,0.037720000743865965
2026-09-03 03:42:14.451510,2026-09-10,0.021038354531012174,P,730.0,0.19,0.51,0.23,67.0,175.0,0.19849434326171872,2026-09-02 19:58:41+00:00,765.1599731445312,0.037720000743865965
2026-09-03 03:42:14.451510,2026-09-10,0.021038354531012174,P,732.0,0.22,1.43,0.23,43.0,73.0,0.24372094177246095,2026-09-02 20:08:00+00:00,765.1599731445312,0.037720000743865965
2026-09-03 03:42:14.451510,2026-09-10,0.021038354531012174,P,733.0,0.05,1.45,0.33,10.0,46.0,0.23920438537597655,2026-09-02 14:29:03+00:00,765.1599731445312,0.037720000743865965
2026-09-03 03:42:14.451510,2026-09-10,0.021038354531012174,P,735.0,0.11,0.65,0.29,17.0,79.0,0.18518881225585934,2026-09-02 18:39:05+00:00,765.1599731445312,0.037720000743865965
2026-09-03 03:42:14.451510,2026-09-10,0.021038354531012174,P,736.0,0.29,1.52,0.35,4.0,385.0,0.22583781982421874,2026-09-02 16:12:50+00:00,765.1599731445312,0.037720000743865965
2026-09-03 03:42:14.451510,2026-09-10,0.021038354531012174,P,737.0,0.05,1.08,0.36,19.0,225.0,0.1997150341796875,2026-09-02 19:56:37+00:00,765.1599731445312,0.037720000743865965
2026-09-03 03:42:14.451510,2026-09-10,0.021038354531012174,P,738.0,0.34,0.9,0.37,11.0,713.0,0.18506674316406246,2026-09-02 18:45:12+00:00,765.1599731445312,0.037720000743865965
2026-09-03 03:42:14.451510,2026-09-10,0.021038354531012174,P,739.0,0.36,0.92,0.4,258.0,124.0,0.18091639404296872,2026-09-02 19:48:07+00:00,765.1599731445312,0.037720000743865965
2026-09-03 03:42:14.451510,2026-09-10,0.021038354531012174,P,740.0,0.39,0.62,0.44,693.0,332.0,0.15894395751953128,2026-09-02 19:59:53+00:00,765.1599731445312,0.037720000743865965
2026-09-03 03:42:14.451510,2026-09-10,0.021038354531012174,P,742.0,0.47,1.86,0.5,38.0,77.0,0.20502503967285152,2026-09-02 18:39:34+00:00,765.1599731445312,0.037720000743865965
2026-09-03 03:42:14.451510,2026-09-10,0.021038354531012174,P,743.0,0.18,1.91,0.53,61.0,93.0,0.20087469055175777,2026-09-02 20:06:30+00:00,765.1599731445312,0.037720000743865965
2026-09-03 03:42:14.451510,2026-09-10,0.021038354531012174,P,744.0,0.01,0.87,0.61,100.0,57.0,0.15223015747070315,2026-09-02 19:59:01+00:00,765.1599731445312,0.037720000743865965
2026-09-03 03:42:14.451510,2026-09-10,0.021038354531012174,P,745.0,0.49,0.68,0.64,316.0,350.0,0.1373377282714844,2026-09-02 20:12:40+00:00,765.1599731445312,0.037720000743865965
2026-09-03 03:42:14.451510,2026-09-10,0.021038354531012174,P,746.0,0.4,1.0,0.7,167.0,149.0,0.147469462890625,2026-09-02 20:03:07+00:00,765.1599731445312,0.037720000743865965
2026-09-03 03:42:14.451510,2026-09-10,0.021038354531012174,P,747.0,0.06,1.47,0.76,80.0,218.0,0.1606529248046875,2026-09-02 20:02:02+00:00,765.1599731445312,0.037720000743865965
2026-09-03 03:42:14.451510,2026-09-10,0.021038354531012174,P,748.0,0.52,1.0,0.81,223.0,170.0,0.13636117553710939,2026-09-02 20:07:44+00:00,765.1599731445312,0.037720000743865965
2026-09-03 03:42:14.451510,2026-09-10,0.021038354531012174,P,749.0,0.17,0.97,0.91,251.0,396.0,0.12952530639648438,2026-09-02 20:12:14+00:00,765.1599731445312,0.037720000743865965
2026-09-03 03:42:14.451510,2026-09-10,0.021038354531012174,P,750.0,0.47,1.45,1.02,438.0,708.0,0.14191531921386719,2026-09-02 20:12:40+00:00,765.1599731445312,0.037720000743865965
2026-09-03 03:42:14.451510,2026-09-10,0.021038354531012174,P,751.0,0.92,1.87,1.14,137.0,102.0,0.14966670654296876,2026-09-02 19:54:48+00:00,765.1599731445312,0.037720000743865965
2026-09-03 03:42:14.451510,2026-09-10,0.021038354531012174,P,752.0,1.06,1.96,1.21,182.0,429.0,0.14594359924316402,2026-09-02 20:09:20+00:00,765.1599731445312,0.037720000743865965
2026-09-03 03:42:14.451510,2026-09-10,0.021038354531012174,P,753.0,0.56,2.27,1.35,97.0,136.0,0.14850705017089844,2026-09-02 19:41:39+00:00,765.1599731445312,0.037720000743865965
2026-09-03 03:42:14.451510,2026-09-10,0.021038354531012174,P,754.0,0.42,2.02,1.44,72.0,167.0,0.13434703552246097,2026-09-02 19:17:10+00:00,765.1599731445312,0.037720000743865965
2026-09-03 03:42:14.451510,2026-09-10,0.021038354531012174,P,755.0,0.83,2.39,1.6,324.0,922.0,0.13785652191162112,2026-09-02 20:12:40+00:00,765.1599731445312,0.037720000743865965
2026-09-03 03:42:14.451510,2026-09-10,0.021038354531012174,P,756.0,0.96,2.58,1.83,320.0,509.0,0.13575083007812502,2026-09-02 19:54:48+00:00,765.1599731445312,0.037720000743865965
2026-09-03 03:42:14.451510,2026-09-10,0.021038354531012174,P,757.0,1.12,2.75,1.9,104.0,343.0,0.1326685855102539,2026-09-02 20:08:09+00:00,765.1599731445312,0.037720000743865965
2026-09-03 03:42:14.451510,2026-09-10,0.021038354531012174,P,758.0,1.32,2.72,2.14,240.0,171.0,0.12418478363037111,2026-09-02 20:05:44+00:00,765.1599731445312,0.037720000743865965
2026-09-03 03:42:14.451510,2026-09-10,0.021038354531012174,P,759.0,1.5,2.84,2.35,405.0,181.0,0.11927150268554687,2026-09-02 20:05:00+00:00,765.1599731445312,0.037720000743865965
2026-09-03 03:42:14.451510,2026-09-10,0.021038354531012174,P,760.0,1.72,3.46,2.54,1436.0,592.0,0.12592426818847657,2026-09-02 20:06:18+00:00,765.1599731445312,0.037720000743865965
2026-09-03 03:42:14.451510,2026-09-10,0.021038354531012174,P,761.0,2.71,3.71,2.82,1739.0,457.0,0.12299460998535157,2026-09-02 20:08:36+00:00,765.1599731445312,0.037720000743865965
2026-09-03 03:42:14.451510,2026-09-10,0.021038354531012174,P,762.0,3.07,4.08,3.1,697.0,205.0,0.12232322998046877,2026-09-02 20:14:44+00:00,765.1599731445312,0.037720000743865965
2026-09-03 03:42:14.451510,2026-09-10,0.021038354531012174,P,763.0,2.5,4.3,3.43,403.0,346.0,0.1176846044921875,2026-09-02 20:09:40+00:00,765.1599731445312,0.037720000743865965
2026-09-03 03:42:14.451510,2026-09-10,0.021038354531012174,P,764.0,3.0,3.86,3.74,909.0,229.0,0.09778734252929688,2026-09-02 20:14:53+00:00,765.1599731445312,0.037720000743865965
2026-09-03 03:42:14.451510,2026-09-10,0.021038354531012174,P,765.0,4.0,4.31,4.14,1105.0,388.0,0.0971769970703125,2026-09-02 20:14:52+00:00,765.1599731445312,0.037720000743865965
2026-09-03 03:42:14.451510,2026-09-10,0.021038354531012174,P,766.0,4.0,5.49,4.8,469.0,169.0,0.11188632263183593,2026-09-02 19:57:24+00:00,765.1599731445312,0.037720000743865965
2026-09-03 03:42:14.451510,2026-09-10,0.021038354531012174,P,767.0,4.79,6.0,4.99,229.0,198.0,0.11109287353515623,2026-09-02 20:05:37+00:00,765.1599731445312,0.037720000743865965
2026-09-03 03:42:14.451510,2026-09-10,0.021038354531012174,P,768.0,5.23,6.7,5.8,93.0,93.0,0.11390046264648437,2026-09-02 19:56:09+00:00,765.1599731445312,0.037720000743865965
2026-09-03 03:42:14.451510,2026-09-10,0.021038354531012174,P,769.0,5.8,6.76,6.32,155.0,58.0,0.1012663116455078,2026-09-02 19:56:40+00:00,765.1599731445312,0.037720000743865965
2026-09-03 03:42:14.451510,2026-09-10,0.021038354531012174,P,770.0,4.87,8.29,6.9,1112.0,1184.0,0.12214012634277345,2026-09-02 19:56:38+00:00,765.1599731445312,0.037720000743865965
2026-09-03 03:42:14.451510,2026-09-10,0.021038354531012174,P,771.0,5.23,9.11,7.5,579.0,177.0,0.1261684063720703,2026-09-02 19:57:48+00:00,765.1599731445312,0.037720000743865965
2026-09-03 03:42:14.451510,2026-09-10,0.021038354531012174,P,772.0,6.4,9.77,7.85,818.0,93.0,0.1258021990966797,2026-09-02 20:11:59+00:00,765.1599731445312,0.037720000743865965
2026-09-03 03:42:14.451510,2026-09-10,0.021038354531012174,P,773.0,6.6,10.47,8.87,847.0,108.0,0.12586323364257812,2026-09-02 19:59:24+00:00,765.1599731445312,0.037720000743865965
2026-09-03 03:42:14.451510,2026-09-10,0.021038354531012174,P,774.0,7.56,11.02,9.69,399.0,88.0,0.12122460815429686,2026-09-02 19:58:24+00:00,765.1599731445312,0.037720000743865965
2026-09-03 03:42:14.451510,2026-09-10,0.021038354531012174,P,775.0,8.16,11.8,10.4,882.0,151.0,0.12195702270507813,2026-09-02 19:54:22+00:00,765.1599731445312,0.037720000743865965
2026-09-03 03:42:14.451510,2026-09-10,0.021038354531012174,P,776.0,9.04,12.81,11.42,549.0,40.0,0.12888444366455076,2026-09-02 19:56:10+00:00,765.1599731445312,0.037720000743865965
2026-09-03 03:42:14.451510,2026-09-10,0.021038354531012174,P,778.0,10.91,14.61,12.96,46.0,30.0,0.1356897955322266,2026-09-02 19:36:00+00:00,765.1599731445312,0.037720000743865965
2026-09-03 03:42:14.451510,2026-09-10,0.021038354531012174,P,780.0,12.84,16.54,14.61,13.0,1.0,0.14563842651367187,2026-09-02 19:14:25+00:00,765.1599731445312,0.037720000743865965
2026-09-03 03:42:14.451510,2026-09-10,0.021038354531012174,P,781.0,13.8,17.54,15.52,20.0,0.0,0.15161981201171876,2026-09-02 15:15:59+00:00,765.1599731445312,0.037720000743865965
2026-09-03 03:42:14.451510,2026-09-10,0.021038354531012174,P,800.0,32.79,36.9,26.1,,,0.26892820922851557,2026-08-28 15:38:50+00:00,765.1599731445312,0.037720000743865965
2026-09-03 03:42:14.451510,2026-09-25,0.06213424494197108,C,500.0,263.89,268.05,271.28,,2.0,0.8071308349609375,2026-08-19 13:54:55+00:00,765.1599731445312,0.037720000743865965
2026-09-03 03:42:14.451510,2026-09-25,0.06213424494197108,C,550.0,214.0,218.18,229.19,,1.0,0.6599155102539063,2026-08-13 17:39:55+00:00,765.1599731445312,0.037720000743865965
2026-09-03 03:42:14.451510,2026-09-25,0.06213424494197108,C,590.0,174.1,178.3,175.9,2.0,0.0,0.5471236694335939,2026-09-02 18:02:31+00:00,765.1599731445312,0.037720000743865965
2026-09-03 03:42:14.451510,2026-09-25,0.06213424494197108,C,600.0,164.0,168.38,165.96,2.0,259.0,0.5158739819335938,2026-09-02 18:02:33+00:00,765.1599731445312,0.037720000743865965
2026-09-03 03:42:14.451510,2026-09-25,0.06213424494197108,C,615.0,149.17,153.43,151.04,2.0,2.0,0.5952188916015625,2026-09-02 18:02:43+00:00,765.1599731445312,0.037720000743865965
2026-09-03 03:42:14.451510,2026-09-25,0.06213424494197108,C,625.0,139.21,143.43,141.04,2.0,2.0,0.5601850622558593,2026-09-02 18:02:34+00:00,765.1599731445312,0.037720000743865965
2026-09-03 03:42:14.451510,2026-09-25,0.06213424494197108,C,640.0,124.26,128.5,127.25,3.0,768.0,0.5108081146240235,2026-08-25 14:09:17+00:00,765.1599731445312,0.037720000743865965
2026-09-03 03:42:14.451510,2026-09-25,0.06213424494197108,C,645.0,119.28,123.54,122.24,1.0,1.0,0.49493913269042966,2026-09-02 15:25:50+00:00,765.1599731445312,0.037720000743865965
2026-09-03 03:42:14.451510,2026-09-25,0.06213424494197108,C,650.0,114.31,118.57,116.11,1.0,2.0,0.4787039434814453,2026-09-02 18:02:27+00:00,765.1599731445312,0.037720000743865965
2026-09-03 03:42:14.451510,2026-09-25,0.06213424494197108,C,655.0,109.34,113.63,116.43,,1.0,0.46344530700683595,2026-08-27 18:31:17+00:00,765.1599731445312,0.037720000743865965
2026-09-03 03:42:14.451510,2026-09-25,0.06213424494197108,C,660.0,104.36,108.65,106.16,1.0,1.0,0.4467828759765625,2026-09-02 18:02:28+00:00,765.1599731445312,0.037720000743865965
2026-09-03 03:42:14.451510,2026-09-25,0.06213424494197108,C,670.0,94.43,98.73,96.23,1.0,119.0,0.41461767028808594,2026-09-02 18:02:28+00:00,765.1599731445312,0.037720000743865965
2026-09-03 03:42:14.451510,2026-09-25,0.06213424494197108,C,675.0,89.5,93.77,92.45,1.0,5.0,0.398443515625,2026-09-02 15:26:09+00:00,765.1599731445312,0.037720000743865965
2026-09-03 03:42:14.451510,2026-09-25,0.06213424494197108,C,680.0,84.51,88.84,86.68,1.0,17.0,0.3830017755126953,2026-09-02 19:48:23+00:00,765.1599731445312,0.037720000743865965
2026-09-03 03:42:14.451510,2026-09-25,0.06213424494197108,C,685.0,79.5,83.83,88.13,1.0,11.0,0.3651796881103516,2026-08-28 16:11:04+00:00,765.1599731445312,0.037720000743865965
2026-09-03 03:42:14.451510,2026-09-25,0.06213424494197108,C,690.0,74.62,78.93,76.57,8.0,22.0,0.35034829345703117,2026-09-02 19:58:42+00:00,765.1599731445312,0.037720000743865965
2026-09-03 03:42:14.451510,2026-09-25,0.06213424494197108,C,695.0,69.5,74.01,71.91,4.0,31.0,0.3347844842529296,2026-09-02 19:10:57+00:00,765.1599731445312,0.037720000743865965
2026-09-03 03:42:14.451510,2026-09-25,0.06213424494197108,C,700.0,64.77,69.07,66.71,82.0,77.0,0.31842722595214834,2026-09-02 19:08:25+00:00,765.1599731445312,0.037720000743865965
2026-09-03 03:42:14.451510,2026-09-25,0.06213424494197108,C,705.0,60.37,64.22,62.03,1.0,117.0,0.30408410766601557,2026-09-02 19:38:14+00:00,765.1599731445312,0.037720000743865965
2026-09-03 03:42:14.451510,2026-09-25,0.06213424494197108,C,710.0,55.46,59.3,57.2,33.0,477.0,0.28766581481933584,2026-09-02 19:50:59+00:00,765.1599731445312,0.037720000743865965
2026-09-03 03:42:14.451510,2026-09-25,0.06213424494197108,C,715.0,50.61,54.4,52.2,4.0,1066.0,0.2714306256103516,2026-09-02 19:34:27+00:00,765.1599731445312,0.037720000743865965
2026-09-03 03:42:14.451510,2026-09-25,0.06213424494197108,C,720.0,45.79,49.6,47.21,4.0,64.0,0.25690440368652345,2026-09-02 19:59:28+00:00,765.1599731445312,0.037720000743865965
2026-09-03 03:42:14.451510,2026-09-25,0.06213424494197108,C,721.0,44.84,48.64,46.53,6.0,1.0,0.25391371093750004,2026-09-02 19:34:36+00:00,765.1599731445312,0.037720000743865965
2026-09-03 03:42:14.451510,2026-09-25,0.06213424494197108,C,722.0,43.88,47.69,45.47,4.0,1.0,0.2511366390991211,2026-09-02 19:34:31+00:00,765.1599731445312,0.037720000743865965
2026-09-03 03:42:14.451510,2026-09-25,0.06213424494197108,C,723.0,42.93,46.74,44.33,4.0,82.0,0.24829853271484376,2026-09-02 19:07:45+00:00,765.1599731445312,0.037720000743865965
2026-09-03 03:42:14.451510,2026-09-25,0.06213424494197108,C,724.0,41.98,45.78,40.81,2.0,3.0,0.2452468054199219,2026-09-01 16:36:56+00:00,765.1599731445312,0.037720000743865965
2026-09-03 03:42:14.451510,2026-09-25,0.06213424494197108,C,725.0,41.03,44.84,43.52,3.0,34.0,0.2425612854003906,2026-09-02 14:47:38+00:00,765.1599731445312,0.037720000743865965
2026-09-03 03:42:14.451510,2026-09-25,0.06213424494197108,C,726.0,40.08,43.89,41.51,4.0,,0.23963162719726558,2026-09-02 19:58:50+00:00,765.1599731445312,0.037720000743865965
2026-09-03 03:42:14.451510,2026-09-25,0.06213424494197108,C,727.0,39.14,42.92,40.85,1.0,1.0,0.23630524444580076,2026-09-02 20:01:32+00:00,765.1599731445312,0.037720000743865965
2026-09-03 03:42:14.451510,2026-09-25,0.06213424494197108,C,728.0,38.2,42.0,41.35,3.0,23.0,0.23389437988281248,2026-08-24 13:30:07+00:00,765.1599731445312,0.037720000743865965
2026-09-03 03:42:14.451510,2026-09-25,0.06213424494197108,C,730.0,36.33,40.14,38.04,4.0,24.0,0.22858437438964846,2026-09-02 20:02:29+00:00,765.1599731445312,0.037720000743865965
2026-09-03 03:42:14.451510,2026-09-25,0.06213424494197108,C,731.0,35.39,39.19,38.43,,2.0,0.2255021298217773,2026-08-26 17:25:59+00:00,765.1599731445312,0.037720000743865965
2026-09-03 03:42:14.451510,2026-09-25,0.06213424494197108,C,732.0,34.47,38.26,37.44,1.0,2.0,0.22272505798339842,2026-08-25 14:30:28+00:00,765.1599731445312,0.037720000743865965
2026-09-03 03:42:14.451510,2026-09-25,0.06213424494197108,C,733.0,33.54,37.34,45.35,1.0,1.0,0.22010057250976559,2026-08-07 14:09:28+00:00,765.1599731445312,0.037720000743865965
2026-09-03 03:42:14.451510,2026-09-25,0.06213424494197108,C,735.0,31.7,35.51,31.21,1.0,34.0,0.21488211883544922,2026-09-01 19:20:08+00:00,765.1599731445312,0.037720000743865965
2026-09-03 03:42:14.451510,2026-09-25,0.06213424494197108,C,737.0,29.88,33.7,27.64,1.0,1.0,0.2098162515258789,2026-09-01 18:45:31+00:00,765.1599731445312,0.037720000743865965
2026-09-03 03:42:14.451510,2026-09-25,0.06213424494197108,C,738.0,28.98,32.77,28.86,1.0,11.0,0.20676452423095698,2026-09-01 13:52:57+00:00,765.1599731445312,0.037720000743865965
2026-09-03 03:42:14.451510,2026-09-25,0.06213424494197108,C,740.0,27.19,30.69,27.8,44.0,12.0,0.19687692779541016,2026-09-02 14:11:23+00:00,765.1599731445312,0.037720000743865965
2026-09-03 03:42:14.451510,2026-09-25,0.06213424494197108,C,741.0,26.3,29.86,27.52,1.0,3.0,0.19538158142089845,2026-09-02 17:00:42+00:00,765.1599731445312,0.037720000743865965
2026-09-03 03:42:14.451510,2026-09-25,0.06213424494197108,C,742.0,25.42,28.97,26.5,1.0,4.0,0.19278761322021482,2026-09-01 14:41:10+00:00,765.1599731445312,0.037720000743865965
2026-09-03 03:42:14.451510,2026-09-25,0.06213424494197108,C,743.0,24.55,28.13,35.47,7.0,6.0,0.19095657684326173,2026-08-28 15:06:07+00:00,765.1599731445312,0.037720000743865965
2026-09-03 03:42:14.451510,2026-09-25,0.06213424494197108,C,744.0,23.68,27.3,26.24,1.0,175.0,0.18918657501220704,2026-09-02 15:35:17+00:00,765.1599731445312,0.037720000743865965
2026-09-03 03:42:14.451510,2026-09-25,0.06213424494197108,C,745.0,22.82,26.46,22.27,2.0,22.0,0.1871724349975586,2026-09-01 16:36:57+00:00,765.1599731445312,0.037720000743865965
2026-09-03 03:42:14.451510,2026-09-25,0.06213424494197108,C,746.0,21.96,25.52,23.29,2.0,174.0,0.1835103622436523,2026-09-02 19:00:54+00:00,765.1599731445312,0.037720000743865965
2026-09-03 03:42:14.451510,2026-09-25,0.06213424494197108,C,747.0,21.11,24.69,24.64,1.0,1.0,0.1814962222290039,2026-08-25 15:01:10+00:00,765.1599731445312,0.037720000743865965
2026-09-03 03:42:14.451510,2026-09-25,0.06213424494197108,C,748.0,20.27,23.89,22.6,1.0,5.0,0.17981777221679687,2026-08-31 17:33:40+00:00,765.1599731445312,0.037720000743865965
2026-09-03 03:42:14.451510,2026-09-25,0.06213424494197108,C,749.0,19.44,23.09,18.65,6.0,7.0,0.17801725311279298,2026-09-01 19:55:51+00:00,765.1599731445312,0.037720000743865965
2026-09-03 03:42:14.451510,2026-09-25,0.06213424494197108,C,750.0,18.62,22.35,20.12,4.0,65.0,0.17701018310546873,2026-09-02 16:29:44+00:00,765.1599731445312,0.037720000743865965
2026-09-03 03:42:14.451510,2026-09-25,0.06213424494197108,C,751.0,17.81,21.55,17.36,100.0,1.0,0.1749960430908203,2026-09-01 19:27:06+00:00,765.1599731445312,0.037720000743865965
2026-09-03 03:42:14.451510,2026-09-25,0.06213424494197108,C,752.0,17.0,20.79,16.94,67.0,9.0,0.17343966217041018,2026-09-02 13:31:32+00:00,765.1599731445312,0.037720000743865965
2026-09-03 03:42:14.451510,2026-09-25,0.06213424494197108,C,753.0,16.21,20.04,17.96,111.0,5.0,0.17191379852294925,2026-09-02 19:37:40+00:00,765.1599731445312,0.037720000743865965
2026-09-03 03:42:14.451510,2026-09-25,0.06213424494197108,C,754.0,15.42,19.3,17.52,100.0,12.0,0.1703879348754883,2026-09-02 14:27:28+00:00,765.1599731445312,0.037720000743865965
2026-09-03 03:42:14.451510,2026-09-25,0.06213424494197108,C,755.0,14.65,18.53,16.28,253.0,37.0,0.16831276031494147,2026-09-02 19:53:06+00:00,765.1599731445312,0.037720000743865965
2026-09-03 03:42:14.451510,2026-09-25,0.06213424494197108,C,756.0,14.85,16.8,16.2,1.0,21.0,0.15293205474853522,2026-09-02 14:35:36+00:00,765.1599731445312,0.037720000743865965
2026-09-03 03:42:14.451510,2026-09-25,0.06213424494197108,C,757.0,14.11,16.03,14.78,61.0,8.0,0.15075006973266608,2026-09-02 19:53:28+00:00,765.1599731445312,0.037720000743865965
2026-09-03 03:42:14.451510,2026-09-25,0.06213424494197108,C,758.0,13.39,15.28,13.9,80.0,44.0,0.14869015380859374,2026-09-02 18:56:50+00:00,765.1599731445312,0.037720000743865965
2026-09-03 03:42:14.451510,2026-09-25,0.06213424494197108,C,759.0,12.51,15.15,13.18,341.0,156.0,0.15479360839843753,2026-09-02 18:52:56+00:00,765.1599731445312,0.037720000743865965
2026-09-03 03:42:14.451510,2026-09-25,0.06213424494197108,C,760.0,11.2,13.4,12.77,837.0,249.0,0.13904669555664065,2026-09-02 20:03:32+00:00,765.1599731445312,0.037720000743865965
2026-09-03 03:42:14.451510,2026-09-25,0.06213424494197108,C,761.0,11.09,13.31,12.18,258.0,214.0,0.1453027365112305,2026-09-02 18:23:16+00:00,765.1599731445312,0.037720000743865965
2026-09-03 03:42:14.451510,2026-09-25,0.06213424494197108,C,762.0,10.46,12.86,11.32,469.0,494.0,0.14655394470214844,2026-09-02 19:21:48+00:00,765.1599731445312,0.037720000743865965
2026-09-03 03:42:14.451510,2026-09-25,0.06213424494197108,C,763.0,9.8,11.94,10.93,250.0,391.0,0.1414575601196289,2026-09-02 20:13:11+00:00,765.1599731445312,0.037720000743865965
2026-09-03 03:42:14.451510,2026-09-25,0.06213424494197108,C,764.0,8.93,11.53,10.11,226.0,282.0,0.14286135467529298,2026-09-02 19:32:10+00:00,765.1599731445312,0.037720000743865965
2026-09-03 03:42:14.451510,2026-09-25,0.06213424494197108,C,765.0,9.1,10.0,9.6,538.0,1352.0,0.12943375457763673,2026-09-02 20:11:25+00:00,765.1599731445312,0.037720000743865965
2026-09-03 03:42:14.451510,2026-09-25,0.06213424494197108,C,766.0,7.78,9.86,9.03,810.0,1839.0,0.1339808282470703,2026-09-02 20:08:00+00:00,765.1599731445312,0.037720000743865965
2026-09-03 03:42:14.451510,2026-09-25,0.06213424494197108,C,767.0,7.99,8.78,8.46,1542.0,1844.0,0.12604633728027342,2026-09-02 20:14:00+00:00,765.1599731445312,0.037720000743865965
2026-09-03 03:42:14.451510,2026-09-25,0.06213424494197108,C,768.0,7.35,8.3,7.64,252.0,1652.0,0.12572590591430666,2026-09-02 19:42:21+00:00,765.1599731445312,0.037720000743865965
2026-09-03 03:42:14.451510,2026-09-25,0.06213424494197108,C,769.0,6.82,7.76,7.35,276.0,419.0,0.12439840454101564,2026-09-02 20:06:54+00:00,765.1599731445312,0.037720000743865965
2026-09-03 03:42:14.451510,2026-09-25,0.06213424494197108,C,770.0,6.32,6.94,6.83,671.0,2213.0,0.11911891632080077,2026-09-02 20:07:44+00:00,765.1599731445312,0.037720000743865965
2026-09-03 03:42:14.451510,2026-09-25,0.06213424494197108,C,771.0,5.8,6.75,6.11,201.0,418.0,0.12195702270507813,2026-09-02 19:57:16+00:00,765.1599731445312,0.037720000743865965
2026-09-03 03:42:14.451510,2026-09-25,0.06213424494197108,C,772.0,5.34,6.2,5.57,221.0,856.0,0.11975977905273436,2026-09-02 19:56:06+00:00,765.1599731445312,0.037720000743865965
2026-09-03 03:42:14.451510,2026-09-25,0.06213424494197108,C,773.0,4.34,5.8,5.18,168.0,772.0,0.11933253723144531,2026-09-02 19:20:18+00:00,765.1599731445312,0.037720000743865965
2026-09-03 03:42:14.451510,2026-09-25,0.06213424494197108,C,774.0,4.0,6.2,4.74,237.0,1344.0,0.12979996185302733,2026-09-02 19:53:10+00:00,765.1599731445312,0.037720000743865965
2026-09-03 03:42:14.451510,2026-09-25,0.06213424494197108,C,775.0,4.23,5.59,4.54,297.0,1112.0,0.1261378890991211,2026-09-02 20:10:12+00:00,765.1599731445312,0.037720000743865965
2026-09-03 03:42:14.451510,2026-09-25,0.06213424494197108,C,776.0,3.54,4.74,3.98,548.0,491.0,0.1186611572265625,2026-09-02 19:58:08+00:00,765.1599731445312,0.037720000743865965
2026-09-03 03:42:14.451510,2026-09-25,0.06213424494197108,C,777.0,3.37,4.18,3.77,275.0,380.0,0.11487701538085937,2026-09-02 20:11:48+00:00,765.1599731445312,0.037720000743865965
2026-09-03 03:42:14.451510,2026-09-25,0.06213424494197108,C,778.0,2.88,3.82,3.43,137.0,823.0,0.11371735900878906,2026-09-02 20:11:24+00:00,765.1599731445312,0.037720000743865965
2026-09-03 03:42:14.451510,2026-09-25,0.06213424494197108,C,779.0,2.59,3.65,2.96,136.0,777.0,0.11524322265625,2026-09-02 19:59:33+00:00,765.1599731445312,0.037720000743865965
2026-09-03 03:42:14.451510,2026-09-25,0.06213424494197108,C,780.0,1.98,3.68,2.7,955.0,3369.0,0.1198208135986328,2026-09-02 19:59:56+00:00,765.1599731445312,0.037720000743865965
2026-09-03 03:42:14.451510,2026-09-25,0.06213424494197108,C,781.0,2.06,3.04,2.44,336.0,600.0,0.11338166900634765,2026-09-02 19:59:55+00:00,765.1599731445312,0.037720000743865965
2026-09-03 03:42:14.451510,2026-09-25,0.06213424494197108,C,782.0,1.83,2.77,2.29,84.0,525.0,0.11258821990966797,2026-09-02 19:50:12+00:00,765.1599731445312,0.037720000743865965
2026-09-03 03:42:14.451510,2026-09-25,0.06213424494197108,C,783.0,1.59,2.55,1.97,111.0,321.0,0.11243563354492186,2026-09-02 19:58:59+00:00,765.1599731445312,0.037720000743865965
2026-09-03 03:42:14.451510,2026-09-25,0.06213424494197108,C,784.0,1.37,2.34,1.83,470.0,421.0,0.11216097808837888,2026-09-02 18:21:01+00:00,765.1599731445312,0.037720000743865965
2026-09-03 03:42:14.451510,2026-09-25,0.06213424494197108,C,785.0,0.78,2.46,1.68,513.0,3245.0,0.11798977722167968,2026-09-02 20:13:45+00:00,765.1599731445312,0.037720000743865965
2026-09-03 03:42:14.451510,2026-09-25,0.06213424494197108,C,786.0,0.98,1.98,1.41,81.0,471.0,0.11209994354248046,2026-09-02 19:29:51+00:00,765.1599731445312,0.037720000743865965
2026-09-03 03:42:14.451510,2026-09-25,0.06213424494197108,C,787.0,0.81,1.83,1.23,260.0,1088.0,0.11231356445312499,2026-09-02 19:40:21+00:00,765.1599731445312,0.037720000743865965
2026-09-03 03:42:14.451510,2026-09-25,0.06213424494197108,C,788.0,0.66,1.68,1.09,291.0,920.0,0.11231356445312499,2026-09-02 19:40:21+00:00,765.1599731445312,0.037720000743865965
2026-09-03 03:42:14.451510,2026-09-25,0.06213424494197108,C,789.0,0.53,1.55,0.99,300.0,537.0,0.11255770263671874,2026-09-02 19:44:46+00:00,765.1599731445312,0.037720000743865965
2026-09-03 03:42:14.451510,2026-09-25,0.06213424494197108,C,790.0,0.64,1.1,0.93,436.0,1156.0,0.10440959075927733,2026-09-02 20:09:27+00:00,765.1599731445312,0.037720000743865965
2026-09-03 03:42:14.451510,2026-09-25,0.06213424494197108,C,791.0,0.34,1.33,0.77,173.0,1059.0,0.11341218627929686,2026-09-02 18:06:40+00:00,765.1599731445312,0.037720000743865965
2026-09-03 03:42:14.451510,2026-09-25,0.06213424494197108,C,792.0,0.49,0.91,0.68,50.0,715.0,0.10474528076171874,2026-09-02 19:58:13+00:00,765.1599731445312,0.037720000743865965
2026-09-03 03:42:14.451510,2026-09-25,0.06213424494197108,C,793.0,0.12,1.15,0.6,137.0,685.0,0.11451080810546876,2026-09-02 19:30:40+00:00,765.1599731445312,0.037720000743865965
2026-09-03 03:42:14.451510,2026-09-25,0.06213424494197108,C,794.0,0.05,1.08,0.53,141.0,740.0,0.11542632629394532,2026-09-02 19:58:13+00:00,765.1599731445312,0.037720000743865965
2026-09-03 03:42:14.451510,2026-09-25,0.06213424494197108,C,795.0,0.17,0.54,0.47,285.0,847.0,0.09986251708984376,2026-09-02 19:57:44+00:00,765.1599731445312,0.037720000743865965
2026-09-03 03:42:14.451510,2026-09-25,0.06213424494197108,C,796.0,0.1,0.95,0.41,90.0,684.0,0.11707425903320312,2026-09-02 19:29:51+00:00,765.1599731445312,0.037720000743865965
2026-09-03 03:42:14.451510,2026-09-25,0.06213424494197108,C,797.0,0.18,0.89,0.37,145.0,466.0,0.1178677081298828,2026-09-02 19:46:22+00:00,765.1599731445312,0.037720000743865965
2026-09-03 03:42:14.451510,2026-09-25,0.06213424494197108,C,798.0,0.32,0.85,0.33,70.0,508.0,0.11921046813964843,2026-09-02 19:54:30+00:00,765.1599731445312,0.037720000743865965
2026-09-03 03:42:14.451510,2026-09-25,0.06213424494197108,C,799.0,0.28,0.81,0.31,109.0,263.0,0.12049219360351562,2026-09-02 19:48:45+00:00,765.1599731445312,0.037720000743865965
2026-09-03 03:42:14.451510,2026-09-25,0.06213424494197108,C,800.0,0.25,0.35,0.27,310.0,1884.0,0.10291424438476562,2026-09-02 19:57:44+00:00,765.1599731445312,0.037720000743865965
2026-09-03 03:42:14.451510,2026-09-25,0.06213424494197108,C,801.0,0.22,0.74,0.2,19.0,515.0,0.12311667907714845,2026-09-02 18:53:01+00:00,765.1599731445312,0.037720000743865965
2026-09-03 03:42:14.451510,2026-09-25,0.06213424494197108,C,802.0,0.19,0.4,0.22,94.0,184.0,0.11036045898437499,2026-09-02 19:54:20+00:00,765.1599731445312,0.037720000743865965
2026-09-03 03:42:14.451510,2026-09-25,0.06213424494197108,C,803.0,0.17,0.23,0.19,137.0,482.0,0.10193769165039063,2026-09-02 19:33:10+00:00,765.1599731445312,0.037720000743865965
2026-09-03 03:42:14.451510,2026-09-25,0.06213424494197108,C,804.0,0.16,0.68,0.18,233.0,527.0,0.1283046154785156,2026-09-02 19:48:45+00:00,765.1599731445312,0.037720000743865965
2026-09-03 03:42:14.451510,2026-09-25,0.06213424494197108,C,805.0,0.01,0.66,0.14,457.0,720.0,0.1299525482177734,2026-09-02 18:27:39+00:00,765.1599731445312,0.037720000743865965
2026-09-03 03:42:14.451510,2026-09-25,0.06213424494197108,C,806.0,0.13,0.65,0.13,1.0,262.0,0.13196668823242189,2026-09-02 17:43:11+00:00,765.1599731445312,0.037720000743865965
2026-09-03 03:42:14.451510,2026-09-25,0.06213424494197108,C,807.0,0.11,0.63,0.14,22.0,108.0,0.13355358642578125,2026-09-02 19:51:55+00:00,765.1599731445312,0.037720000743865965
2026-09-03 03:42:14.451510,2026-09-25,0.06213424494197108,C,808.0,0.1,0.62,0.11,303.0,381.0,0.1355066918945313,2026-09-02 19:54:21+00:00,765.1599731445312,0.037720000743865965
2026-09-03 03:42:14.451510,2026-09-25,0.06213424494197108,C,809.0,0.09,0.61,0.11,22.0,638.0,0.1374597973632813,2026-09-02 19:54:21+00:00,765.1599731445312,0.037720000743865965
2026-09-03 03:42:14.451510,2026-09-25,0.06213424494197108,C,810.0,0.08,0.6,0.1,17.0,343.0,0.13941290283203128,2026-09-02 18:53:36+00:00,765.1599731445312,0.037720000743865965
2026-09-03 03:42:14.451510,2026-09-25,0.06213424494197108,C,811.0,0.08,0.59,0.08,4.0,97.0,0.1412439392089844,2026-09-02 18:42:07+00:00,765.1599731445312,0.037720000743865965
2026-09-03 03:42:14.451510,2026-09-25,0.06213424494197108,C,812.0,0.07,0.59,0.08,3.0,196.0,0.14368532104492188,2026-09-02 19:54:20+00:00,765.1599731445312,0.037720000743865965
2026-09-03 03:42:14.451510,2026-09-25,0.06213424494197108,C,813.0,0.06,0.29,0.08,3.0,407.0,0.12806047729492187,2026-09-02 19:33:10+00:00,765.1599731445312,0.037720000743865965
2026-09-03 03:42:14.451510,2026-09-25,0.06213424494197108,C,814.0,0.06,0.57,0.13,68.0,177.0,0.14734739379882814,2026-08-31 19:53:36+00:00,765.1599731445312,0.037720000743865965
2026-09-03 03:42:14.451510,2026-09-25,0.06213424494197108,C,815.0,0.05,0.57,0.06,13.0,959.0,0.14966670654296876,2026-09-02 18:58:59+00:00,765.1599731445312,0.037720000743865965
2026-09-03 03:42:14.451510,2026-09-25,0.06213424494197108,C,816.0,0.05,0.56,0.07,4.0,248.0,0.15143670837402345,2026-09-01 16:20:27+00:00,765.1599731445312,0.037720000743865965
2026-09-03 03:42:14.451510,2026-09-25,0.06213424494197108,C,817.0,0.05,0.56,0.05,2.0,110.0,0.15369498657226563,2026-09-02 17:57:39+00:00,765.1599731445312,0.037720000743865965
2026-09-03 03:42:14.451510,2026-09-25,0.06213424494197108,C,818.0,0.04,0.56,0.05,10.0,174.0,0.15601429931640626,2026-09-01 13:39:18+00:00,765.1599731445312,0.037720000743865965
2026-09-03 03:42:14.451510,2026-09-25,0.06213424494197108,C,819.0,0.04,0.55,0.06,210.0,341.0,0.1577232666015625,2026-09-01 16:10:47+00:00,765.1599731445312,0.037720000743865965
2026-09-03 03:42:14.451510,2026-09-25,0.06213424494197108,C,820.0,0.03,0.55,0.05,28.0,219.0,0.16004257934570312,2026-09-01 18:12:48+00:00,765.1599731445312,0.037720000743865965
2026-09-03 03:42:14.451510,2026-09-25,0.06213424494197108,C,821.0,0.03,0.55,0.06,2.0,434.0,0.16223982299804687,2026-09-02 15:59:36+00:00,765.1599731445312,0.037720000743865965
2026-09-03 03:42:14.451510,2026-09-25,0.06213424494197108,C,822.0,0.03,0.54,0.04,1.0,108.0,0.16394879028320314,2026-09-01 13:31:05+00:00,765.1599731445312,0.037720000743865965
2026-09-03 03:42:14.451510,2026-09-25,0.06213424494197108,C,823.0,0.03,0.25,0.13,2.0,314.0,0.145516357421875,2026-08-28 14:22:33+00:00,765.1599731445312,0.037720000743865965
2026-09-03 03:42:14.451510,2026-09-25,0.06213424494197108,C,824.0,0.03,0.5,0.06,1.0,24.0,0.16602396484375004,2026-08-31 19:43:55+00:00,765.1599731445312,0.037720000743865965
2026-09-03 03:42:14.451510,2026-09-25,0.06213424494197108,C,825.0,0.02,0.48,0.04,6.0,2083.0,0.16700051757812504,2026-09-02 18:58:15+00:00,765.1599731445312,0.037720000743865965
2026-09-03 03:42:14.451510,2026-09-25,0.06213424494197108,C,830.0,0.02,0.05,0.04,24.0,225.0,0.1289149609375,2026-09-02 18:50:29+00:00,765.1599731445312,0.037720000743865965
2026-09-03 03:42:14.451510,2026-09-25,0.06213424494197108,C,835.0,0.01,0.34,0.03,60.0,212.0,0.17774259765625,2026-09-02 15:59:03+00:00,765.1599731445312,0.037720000743865965
2026-09-03 03:42:14.451510,2026-09-25,0.06213424494197108,C,840.0,0.01,0.3,0.02,2.0,66.0,0.18421225952148437,2026-09-02 15:59:36+00:00,765.1599731445312,0.037720000743865965
2026-09-03 03:42:14.451510,2026-09-25,0.06213424494197108,C,845.0,0.01,0.7,0.03,590.0,384.0,0.22376264526367184,2026-08-31 20:14:30+00:00,765.1599731445312,0.037720000743865965
2026-09-03 03:42:14.451510,2026-09-25,0.06213424494197108,C,850.0,0.0,0.68,0.03,35.0,131.0,0.23316196533203126,2026-08-28 18:30:10+00:00,765.1599731445312,0.037720000743865965
2026-09-03 03:42:14.451510,2026-09-25,0.06213424494197108,C,855.0,0.0,0.67,0.01,1.0,203.0,0.2430495617675781,2026-09-02 15:29:07+00:00,765.1599731445312,0.037720000743865965
2026-09-03 03:42:14.451510,2026-09-25,0.06213424494197108,C,860.0,0.0,0.38,0.04,2.0,107.0,0.23072058349609376,2026-08-26 13:45:21+00:00,765.1599731445312,0.037720000743865965
2026-09-03 03:42:14.451510,2026-09-25,0.06213424494197108,C,865.0,0.0,0.47,0.01,1.0,56.0,0.24829853271484376,2026-08-31 15:33:56+00:00,765.1599731445312,0.037720000743865965
2026-09-03 03:42:14.451510,2026-09-25,0.06213424494197108,C,870.0,0.0,0.52,0.01,2.0,53.0,0.2622144091796875,2026-09-01 18:56:54+00:00,765.1599731445312,0.037720000743865965
2026-09-03 03:42:14.451510,2026-09-25,0.06213424494197108,C,875.0,0.0,0.56,0.02,1.0,12.0,0.2751537329101562,2026-08-25 18:26:54+00:00,765.1599731445312,0.037720000743865965
2026-09-03 03:42:14.451510,2026-09-25,0.06213424494197108,C,880.0,0.0,0.59,0.03,14.0,29.0,0.2872385729980468,2026-08-19 14:39:08+00:00,765.1599731445312,0.037720000743865965
2026-09-03 03:42:14.451510,2026-09-25,0.06213424494197108,C,885.0,0.0,0.62,0.03,1.0,3.0,0.29920134399414056,2026-08-19 18:04:13+00:00,765.1599731445312,0.037720000743865965
2026-09-03 03:42:14.451510,2026-09-25,0.06213424494197108,C,890.0,0.0,0.65,0.01,6.0,6.0,0.31116411499023433,2026-08-31 16:39:21+00:00,765.1599731445312,0.037720000743865965
2026-09-03 03:42:14.451510,2026-09-25,0.06213424494197108,C,895.0,0.0,0.01,0.04,1.0,9.0,0.1992267578125,2026-08-14 19:32:20+00:00,765.1599731445312,0.037720000743865965
2026-09-03 03:42:14.451510,2026-09-25,0.06213424494197108,C,900.0,0.0,0.52,0.02,4.0,3.0,0.3186103295898437,2026-08-21 18:28:15+00:00,765.1599731445312,0.037720000743865965
2026-09-03 03:42:14.451510,2026-09-25,0.06213424494197108,C,910.0,0.0,0.53,0.04,,10.0,0.3375310388183594,2026-08-13 20:02:30+00:00,765.1599731445312,0.037720000743865965
2026-09-03 03:42:14.451510,2026-09-25,0.06213424494197108,C,915.0,0.0,0.53,0.01,47.0,72.0,0.3464420825195312,2026-08-28 19:05:57+00:00,765.1599731445312,0.037720000743865965
2026-09-03 03:42:14.451510,2026-09-25,0.06213424494197108,C,920.0,0.0,0.5,0.03,,30.0,0.35205726074218746,2026-08-12 13:39:54+00:00,765.1599731445312,0.037720000743865965
2026-09-03 03:42:14.451510,2026-09-25,0.06213424494197108,C,925.0,0.0,0.52,0.01,1.0,2.0,0.3629214099121094,2026-08-24 14:08:22+00:00,765.1599731445312,0.037720000743865965
2026-09-03 03:42:14.451510,2026-09-25,0.06213424494197108,C,930.0,,0.53,0.01,,1.0,0.37256486816406253,2026-08-27 13:45:18+00:00,765.1599731445312,0.037720000743865965
2026-09-03 03:42:14.451510,2026-09-25,0.06213424494197108,P,500.0,0.03,0.67,0.05,52.0,1106.0,0.72070591796875,2026-09-02 19:54:43+00:00,765.1599731445312,0.037720000743865965
2026-09-03 03:42:14.451510,2026-09-25,0.06213424494197108,P,505.0,0.02,0.08,0.06,30.0,132.0,0.5722699023437501,2026-08-31 19:14:09+00:00,765.1599731445312,0.037720000743865965
2026-09-03 03:42:14.451510,2026-09-25,0.06213424494197108,P,510.0,0.04,0.67,0.06,64.0,18.0,0.6914093359375001,2026-09-02 17:20:25+00:00,765.1599731445312,0.037720000743865965
2026-09-03 03:42:14.451510,2026-09-25,0.06213424494197108,P,515.0,0.04,0.69,0.07,20.0,10.0,0.6787141503906251,2026-09-01 13:48:38+00:00,765.1599731445312,0.037720000743865965
2026-09-03 03:42:14.451510,2026-09-25,0.06213424494197108,P,520.0,0.05,0.69,0.08,14.0,89.0,0.6650424121093752,2026-08-31 15:54:33+00:00,765.1599731445312,0.037720000743865965
2026-09-03 03:42:14.451510,2026-09-25,0.06213424494197108,P,525.0,0.05,0.69,0.08,33.0,65.0,0.65039412109375,2026-09-02 17:21:12+00:00,765.1599731445312,0.037720000743865965
2026-09-03 03:42:14.451510,2026-09-25,0.06213424494197108,P,530.0,0.05,0.27,0.08,1.0,27.0,0.5751995605468749,2026-09-02 14:03:35+00:00,765.1599731445312,0.037720000743865965
2026-09-03 03:42:14.451510,2026-09-25,0.06213424494197108,P,535.0,0.06,0.7,0.09,1.0,10.0,0.6235389208984375,2026-09-02 13:52:34+00:00,765.1599731445312,0.037720000743865965
2026-09-03 03:42:14.451510,2026-09-25,0.06213424494197108,P,540.0,0.06,0.71,0.09,2.0,7.0,0.6098671826171876,2026-09-02 14:04:53+00:00,765.1599731445312,0.037720000743865965
2026-09-03 03:42:14.451510,2026-09-25,0.06213424494197108,P,545.0,0.07,0.71,0.1,1.0,17.0,0.596683720703125,2026-09-02 13:53:05+00:00,765.1599731445312,0.037720000743865965
2026-09-03 03:42:14.451510,2026-09-25,0.06213424494197108,P,550.0,0.02,0.12,0.11,1.0,204.0,0.50586431640625,2026-09-02 13:53:34+00:00,765.1599731445312,0.037720000743865965
2026-09-03 03:42:14.451510,2026-09-25,0.06213424494197108,P,555.0,0.08,0.72,0.09,3.0,131.0,0.5698285205078125,2026-09-02 15:36:29+00:00,765.1599731445312,0.037720000743865965
2026-09-03 03:42:14.451510,2026-09-25,0.06213424494197108,P,560.0,0.08,0.73,0.16,12.0,32.0,0.5566450585937501,2026-09-01 19:55:58+00:00,765.1599731445312,0.037720000743865965
2026-09-03 03:42:14.451510,2026-09-25,0.06213424494197108,P,565.0,0.09,0.74,0.14,1.0,7.0,0.5444381494140625,2026-08-27 18:16:27+00:00,765.1599731445312,0.037720000743865965
2026-09-03 03:42:14.451510,2026-09-25,0.06213424494197108,P,570.0,0.1,0.74,0.15,1.0,22.0,0.5312546875,2026-09-01 14:07:03+00:00,765.1599731445312,0.037720000743865965
2026-09-03 03:42:14.451510,2026-09-25,0.06213424494197108,P,575.0,0.03,0.75,0.16,1.0,43.0,0.5122119091796875,2026-09-02 13:41:44+00:00,765.1599731445312,0.037720000743865965
2026-09-03 03:42:14.451510,2026-09-25,0.06213424494197108,P,580.0,0.11,0.76,0.17,20.0,86.0,0.50586431640625,2026-08-28 18:57:00+00:00,765.1599731445312,0.037720000743865965
2026-09-03 03:42:14.451510,2026-09-25,0.06213424494197108,P,585.0,0.12,0.77,0.2,1.0,42.0,0.5356491748046875,2026-09-01 19:26:08+00:00,765.1599731445312,0.037720000743865965
2026-09-03 03:42:14.451510,2026-09-25,0.06213424494197108,P,590.0,0.13,0.17,0.17,13.0,233.0,0.42383388671875,2026-09-02 14:03:40+00:00,765.1599731445312,0.037720000743865965
2026-09-03 03:42:14.451510,2026-09-25,0.06213424494197108,P,595.0,0.14,0.79,0.19,2.0,6.0,0.5085498364257812,2026-08-31 15:42:51+00:00,765.1599731445312,0.037720000743865965
2026-09-03 03:42:14.451510,2026-09-25,0.06213424494197108,P,600.0,0.15,0.3,0.26,38.0,212.0,0.428716650390625,2026-09-01 18:42:33+00:00,765.1599731445312,0.037720000743865965
2026-09-03 03:42:14.451510,2026-09-25,0.06213424494197108,P,605.0,0.16,0.81,0.23,2.0,92.0,0.481450498046875,2026-09-02 13:59:01+00:00,765.1599731445312,0.037720000743865965
2026-09-03 03:42:14.451510,2026-09-25,0.06213424494197108,P,610.0,0.17,0.82,0.27,2.0,30.0,0.4679008288574219,2026-09-01 13:56:27+00:00,765.1599731445312,0.037720000743865965
2026-09-03 03:42:14.451510,2026-09-25,0.06213424494197108,P,615.0,0.18,0.21,0.33,6.0,236.0,0.3723207299804688,2026-09-01 18:45:31+00:00,765.1599731445312,0.037720000743865965
2026-09-03 03:42:14.451510,2026-09-25,0.06213424494197108,P,620.0,0.05,0.85,0.31,300.0,499.0,0.4417780432128906,2026-09-01 19:19:12+00:00,765.1599731445312,0.037720000743865965
2026-09-03 03:42:14.451510,2026-09-25,0.06213424494197108,P,625.0,0.21,0.26,0.24,15.0,474.0,0.35767243896484374,2026-09-02 18:07:58+00:00,765.1599731445312,0.037720000743865965
2026-09-03 03:42:14.451510,2026-09-25,0.06213424494197108,P,630.0,0.23,0.28,0.23,80.0,121.0,0.348639326171875,2026-09-02 20:14:59+00:00,765.1599731445312,0.037720000743865965
2026-09-03 03:42:14.451510,2026-09-25,0.06213424494197108,P,635.0,0.25,0.9,0.4,10.0,52.0,0.4028380029296875,2026-09-01 19:59:08+00:00,765.1599731445312,0.037720000743865965
2026-09-03 03:42:14.451510,2026-09-25,0.06213424494197108,P,640.0,0.27,0.92,0.3,1.0,86.0,0.39014281738281253,2026-09-02 17:01:44+00:00,765.1599731445312,0.037720000743865965
2026-09-03 03:42:14.451510,2026-09-25,0.06213424494197108,P,645.0,0.27,0.36,0.41,2.0,92.0,0.3227606787109374,2026-09-01 16:33:41+00:00,765.1599731445312,0.037720000743865965
2026-09-03 03:42:14.451510,2026-09-25,0.06213424494197108,P,650.0,0.25,0.65,0.35,3.0,192.0,0.3403386279296875,2026-09-02 19:40:40+00:00,765.1599731445312,0.037720000743865965
2026-09-03 03:42:14.451510,2026-09-25,0.06213424494197108,P,655.0,0.34,1.0,0.37,9.0,151.0,0.35278967529296873,2026-09-02 15:29:07+00:00,765.1599731445312,0.037720000743865965
2026-09-03 03:42:14.451510,2026-09-25,0.06213424494197108,P,660.0,0.34,1.03,0.58,39.0,246.0,0.3403386279296875,2026-09-01 19:30:28+00:00,765.1599731445312,0.037720000743865965
2026-09-03 03:42:14.451510,2026-09-25,0.06213424494197108,P,665.0,0.4,0.71,0.42,14.0,911.0,0.30445031494140623,2026-09-02 20:07:16+00:00,765.1599731445312,0.037720000743865965
2026-09-03 03:42:14.451510,2026-09-25,0.06213424494197108,P,670.0,0.44,0.7,0.48,20.0,1129.0,0.29004616210937495,2026-09-02 19:52:37+00:00,765.1599731445312,0.037720000743865965
2026-09-03 03:42:14.451510,2026-09-25,0.06213424494197108,P,675.0,0.35,1.14,0.5,24.0,1763.0,0.3034737622070312,2026-09-02 19:17:04+00:00,765.1599731445312,0.037720000743865965
2026-09-03 03:42:14.451510,2026-09-25,0.06213424494197108,P,680.0,0.38,1.15,0.57,13.0,650.0,0.28943581665039053,2026-09-02 19:55:13+00:00,765.1599731445312,0.037720000743865965
2026-09-03 03:42:14.451510,2026-09-25,0.06213424494197108,P,685.0,0.4,1.83,0.61,8.0,1468.0,0.30475548767089844,2026-09-02 19:17:04+00:00,765.1599731445312,0.037720000743865965
2026-09-03 03:42:14.451510,2026-09-25,0.06213424494197108,P,690.0,0.01,0.96,0.67,13.0,540.0,0.2507399145507812,2026-09-02 19:33:46+00:00,765.1599731445312,0.037720000743865965
2026-09-03 03:42:14.451510,2026-09-25,0.06213424494197108,P,695.0,0.11,1.42,0.77,27.0,3309.0,0.25751474914550787,2026-09-02 19:59:11+00:00,765.1599731445312,0.037720000743865965
2026-09-03 03:42:14.451510,2026-09-25,0.06213424494197108,P,700.0,0.82,0.88,0.87,110.0,1327.0,0.21826953613281247,2026-09-02 20:14:38+00:00,765.1599731445312,0.037720000743865965
2026-09-03 03:42:14.451510,2026-09-25,0.06213424494197108,P,705.0,0.49,1.02,0.98,587.0,1647.0,0.21076228698730468,2026-09-02 20:04:00+00:00,765.1599731445312,0.037720000743865965
2026-09-03 03:42:14.451510,2026-09-25,0.06213424494197108,P,710.0,0.8,1.24,1.1,104.0,1946.0,0.20526917785644527,2026-09-02 19:33:21+00:00,765.1599731445312,0.037720000743865965
2026-09-03 03:42:14.451510,2026-09-25,0.06213424494197108,P,715.0,1.26,1.61,1.3,52.0,1183.0,0.20313296874999998,2026-09-02 20:11:22+00:00,765.1599731445312,0.037720000743865965
2026-09-03 03:42:14.451510,2026-09-25,0.06213424494197108,P,720.0,1.15,1.6,1.54,601.0,2285.0,0.1870198486328125,2026-09-02 20:05:56+00:00,765.1599731445312,0.037720000743865965
2026-09-03 03:42:14.451510,2026-09-25,0.06213424494197108,P,721.0,1.26,1.91,1.63,40.0,320.0,0.1930622686767578,2026-09-02 19:57:44+00:00,765.1599731445312,0.037720000743865965
2026-09-03 03:42:14.451510,2026-09-25,0.06213424494197108,P,722.0,1.31,1.97,1.67,15.0,334.0,0.19147537048339847,2026-09-02 19:59:06+00:00,765.1599731445312,0.037720000743865965
2026-09-03 03:42:14.451510,2026-09-25,0.06213424494197108,P,723.0,1.36,2.03,1.67,28.0,320.0,0.18979692047119145,2026-09-02 19:26:59+00:00,765.1599731445312,0.037720000743865965
2026-09-03 03:42:14.451510,2026-09-25,0.06213424494197108,P,724.0,1.42,2.09,1.79,26.0,725.0,0.18805743591308594,2026-09-02 18:52:20+00:00,765.1599731445312,0.037720000743865965
2026-09-03 03:42:14.451510,2026-09-25,0.06213424494197108,P,725.0,1.78,2.16,1.86,254.0,1772.0,0.18656208953857423,2026-09-02 19:53:00+00:00,765.1599731445312,0.037720000743865965
2026-09-03 03:42:14.451510,2026-09-25,0.06213424494197108,P,726.0,1.62,2.23,1.91,6.0,477.0,0.18497519134521478,2026-09-02 19:57:44+00:00,765.1599731445312,0.037720000743865965
2026-09-03 03:42:14.451510,2026-09-25,0.06213424494197108,P,727.0,1.69,2.19,1.94,9.0,176.0,0.1805501867675781,2026-09-02 18:22:58+00:00,765.1599731445312,0.037720000743865965
2026-09-03 03:42:14.451510,2026-09-25,0.06213424494197108,P,728.0,1.65,2.38,2.03,4.0,546.0,0.1818319122314453,2026-09-02 18:29:44+00:00,765.1599731445312,0.037720000743865965
2026-09-03 03:42:14.451510,2026-09-25,0.06213424494197108,P,729.0,1.72,2.46,2.1,12.0,667.0,0.1802755313110352,2026-09-02 17:57:53+00:00,765.1599731445312,0.037720000743865965
2026-09-03 03:42:14.451510,2026-09-25,0.06213424494197108,P,730.0,2.0,2.47,2.14,146.0,2142.0,0.17701018310546873,2026-09-02 19:22:16+00:00,765.1599731445312,0.037720000743865965
2026-09-03 03:42:14.451510,2026-09-25,0.06213424494197108,P,731.0,1.86,2.63,2.29,18.0,271.0,0.1771322521972656,2026-09-02 19:51:55+00:00,765.1599731445312,0.037720000743865965
2026-09-03 03:42:14.451510,2026-09-25,0.06213424494197108,P,732.0,1.94,2.72,2.38,17.0,694.0,0.17557587127685548,2026-09-02 19:51:55+00:00,765.1599731445312,0.037720000743865965
2026-09-03 03:42:14.451510,2026-09-25,0.06213424494197108,P,733.0,2.02,2.81,2.39,31.0,234.0,0.1739279385375977,2026-09-02 19:26:59+00:00,765.1599731445312,0.037720000743865965
2026-09-03 03:42:14.451510,2026-09-25,0.06213424494197108,P,734.0,2.11,2.91,2.52,23.0,363.0,0.17243259216308598,2026-09-02 19:46:41+00:00,765.1599731445312,0.037720000743865965
2026-09-03 03:42:14.451510,2026-09-25,0.06213424494197108,P,735.0,2.31,2.89,2.6,152.0,1800.0,0.16831276031494147,2026-09-02 19:31:41+00:00,765.1599731445312,0.037720000743865965
2026-09-03 03:42:14.451510,2026-09-25,0.06213424494197108,P,736.0,2.41,2.99,2.67,10.0,365.0,0.16669534484863285,2026-09-02 19:11:15+00:00,765.1599731445312,0.037720000743865965
2026-09-03 03:42:14.451510,2026-09-25,0.06213424494197108,P,737.0,2.51,3.1,2.98,112.0,281.0,0.1651694812011719,2026-09-02 17:08:53+00:00,765.1599731445312,0.037720000743865965
2026-09-03 03:42:14.451510,2026-09-25,0.06213424494197108,P,738.0,2.62,3.22,2.93,22.0,603.0,0.1637351693725586,2026-09-02 20:01:21+00:00,765.1599731445312,0.037720000743865965
2026-09-03 03:42:14.451510,2026-09-25,0.06213424494197108,P,739.0,2.73,3.34,3.02,133.0,913.0,0.16220930572509767,2026-09-02 19:09:32+00:00,765.1599731445312,0.037720000743865965
2026-09-03 03:42:14.451510,2026-09-25,0.06213424494197108,P,740.0,2.84,3.47,3.19,348.0,2588.0,0.1607749938964844,2026-09-02 20:01:33+00:00,765.1599731445312,0.037720000743865965
2026-09-03 03:42:14.451510,2026-09-25,0.06213424494197108,P,741.0,2.97,3.6,3.39,17.0,300.0,0.15924913024902343,2026-09-02 18:53:01+00:00,765.1599731445312,0.037720000743865965
2026-09-03 03:42:14.451510,2026-09-25,0.06213424494197108,P,742.0,3.1,4.44,3.38,7.0,639.0,0.1700522448730469,2026-09-02 18:33:35+00:00,765.1599731445312,0.037720000743865965
2026-09-03 03:42:14.451510,2026-09-25,0.06213424494197108,P,743.0,3.23,3.88,3.54,25.0,594.0,0.15619740295410156,2026-09-02 20:08:32+00:00,765.1599731445312,0.037720000743865965
2026-09-03 03:42:14.451510,2026-09-25,0.06213424494197108,P,744.0,3.17,4.19,3.71,22.0,407.0,0.1574486111450195,2026-09-02 18:30:16+00:00,765.1599731445312,0.037720000743865965
2026-09-03 03:42:14.451510,2026-09-25,0.06213424494197108,P,745.0,3.52,4.19,3.86,113.0,906.0,0.15323722747802737,2026-09-02 20:03:01+00:00,765.1599731445312,0.037720000743865965
2026-09-03 03:42:14.451510,2026-09-25,0.06213424494197108,P,746.0,3.68,4.36,4.02,24.0,913.0,0.1518334329223633,2026-09-02 19:32:12+00:00,765.1599731445312,0.037720000743865965
2026-09-03 03:42:14.451510,2026-09-25,0.06213424494197108,P,747.0,3.84,4.53,4.18,80.0,298.0,0.15030756927490235,2026-09-02 19:16:21+00:00,765.1599731445312,0.037720000743865965
2026-09-03 03:42:14.451510,2026-09-25,0.06213424494197108,P,748.0,4.01,4.71,4.48,84.0,721.0,0.14881222290039062,2026-09-02 19:52:53+00:00,765.1599731445312,0.037720000743865965
2026-09-03 03:42:14.451510,2026-09-25,0.06213424494197108,P,749.0,4.19,4.9,4.51,16.0,528.0,0.14734739379882814,2026-09-02 18:34:13+00:00,765.1599731445312,0.037720000743865965
2026-09-03 03:42:14.451510,2026-09-25,0.06213424494197108,P,750.0,4.65,5.1,4.73,864.0,8330.0,0.1459130819702148,2026-09-02 20:14:06+00:00,765.1599731445312,0.037720000743865965
2026-09-03 03:42:14.451510,2026-09-25,0.06213424494197108,P,751.0,4.58,5.62,5.1,582.0,685.0,0.1491173956298828,2026-09-02 19:59:30+00:00,765.1599731445312,0.037720000743865965
2026-09-03 03:42:14.451510,2026-09-25,0.06213424494197108,P,752.0,4.79,5.53,5.3,147.0,1293.0,0.1430749755859375,2026-09-02 18:48:12+00:00,765.1599731445312,0.037720000743865965
2026-09-03 03:42:14.451510,2026-09-25,0.06213424494197108,P,753.0,5.0,5.77,5.4,40.0,335.0,0.1417932501220703,2026-09-02 19:18:00+00:00,765.1599731445312,0.037720000743865965
2026-09-03 03:42:14.451510,2026-09-25,0.06213424494197108,P,754.0,5.24,6.01,5.69,110.0,447.0,0.14035893829345703,2026-09-02 19:38:16+00:00,765.1599731445312,0.037720000743865965
2026-09-03 03:42:14.451510,2026-09-25,0.06213424494197108,P,755.0,5.48,6.93,5.99,236.0,770.0,0.14835446380615236,2026-09-02 19:53:32+00:00,765.1599731445312,0.037720000743865965
2026-09-03 03:42:14.451510,2026-09-25,0.06213424494197108,P,756.0,5.73,6.52,6.14,35.0,379.0,0.1374597973632813,2026-09-02 19:37:22+00:00,765.1599731445312,0.037720000743865965
2026-09-03 03:42:14.451510,2026-09-25,0.06213424494197108,P,757.0,5.7,7.54,6.39,398.0,512.0,0.14630980651855469,2026-09-02 19:32:11+00:00,765.1599731445312,0.037720000743865965
2026-09-03 03:42:14.451510,2026-09-25,0.06213424494197108,P,758.0,5.71,6.99,6.62,306.0,619.0,0.13340100006103517,2026-09-02 20:07:33+00:00,765.1599731445312,0.037720000743865965
2026-09-03 03:42:14.451510,2026-09-25,0.06213424494197108,P,759.0,5.79,8.13,7.13,42.0,346.0,0.14331911376953127,2026-09-02 18:45:26+00:00,765.1599731445312,0.037720000743865965
2026-09-03 03:42:14.451510,2026-09-25,0.06213424494197108,P,760.0,6.0,7.3,7.26,529.0,1648.0,0.12653461364746094,2026-09-02 20:05:35+00:00,765.1599731445312,0.037720000743865965
2026-09-03 03:42:14.451510,2026-09-25,0.06213424494197108,P,761.0,7.21,8.04,7.77,72.0,505.0,0.13065444549560545,2026-09-02 19:58:16+00:00,765.1599731445312,0.037720000743865965
2026-09-03 03:42:14.451510,2026-09-25,0.06213424494197108,P,762.0,6.82,8.39,7.99,274.0,491.0,0.12937272003173828,2026-09-02 20:02:28+00:00,765.1599731445312,0.037720000743865965
2026-09-03 03:42:14.451510,2026-09-25,0.06213424494197108,P,763.0,6.92,9.96,8.45,252.0,509.0,0.14386842468261718,2026-09-02 19:52:40+00:00,765.1599731445312,0.037720000743865965
2026-09-03 03:42:14.451510,2026-09-25,0.06213424494197108,P,764.0,7.54,9.46,8.87,263.0,786.0,0.13102065277099606,2026-09-02 19:58:23+00:00,765.1599731445312,0.037720000743865965
2026-09-03 03:42:14.451510,2026-09-25,0.06213424494197108,P,765.0,8.85,9.25,9.09,951.0,2405.0,0.12180443634033203,2026-09-02 20:11:46+00:00,765.1599731445312,0.037720000743865965
2026-09-03 03:42:14.451510,2026-09-25,0.06213424494197108,P,766.0,9.08,9.95,9.67,1936.0,2315.0,0.12426107681274415,2026-09-02 19:57:15+00:00,765.1599731445312,0.037720000743865965
2026-09-03 03:42:14.451510,2026-09-25,0.06213424494197108,P,767.0,9.5,10.39,9.86,78.0,2190.0,0.12311667907714845,2026-09-02 19:13:32+00:00,765.1599731445312,0.037720000743865965
2026-09-03 03:42:14.451510,2026-09-25,0.06213424494197108,P,768.0,8.93,11.53,10.1,27.0,2389.0,0.1308985836791992,2026-09-02 18:18:47+00:00,765.1599731445312,0.037720000743865965
2026-09-03 03:42:14.451510,2026-09-25,0.06213424494197108,P,769.0,10.45,11.3,10.67,71.0,699.0,0.12049219360351562,2026-09-02 15:40:37+00:00,765.1599731445312,0.037720000743865965
2026-09-03 03:42:14.451510,2026-09-25,0.06213424494197108,P,770.0,11.3,11.79,11.32,147.0,1032.0,0.1193020199584961,2026-09-02 19:54:54+00:00,765.1599731445312,0.037720000743865965
2026-09-03 03:42:14.451510,2026-09-25,0.06213424494197108,P,771.0,11.46,12.32,11.85,12.0,728.0,0.11838650177001953,2026-09-02 19:54:54+00:00,765.1599731445312,0.037720000743865965
2026-09-03 03:42:14.451510,2026-09-25,0.06213424494197108,P,772.0,12.0,12.87,12.5,2.0,217.0,0.1175015008544922,2026-09-02 14:56:55+00:00,765.1599731445312,0.037720000743865965
2026-09-03 03:42:14.451510,2026-09-25,0.06213424494197108,P,773.0,12.56,13.44,13.4,37.0,289.0,0.11664701721191406,2026-09-02 17:26:46+00:00,765.1599731445312,0.037720000743865965
2026-09-03 03:42:14.451510,2026-09-25,0.06213424494197108,P,774.0,11.59,15.37,13.49,7.0,146.0,0.1344080700683594,2026-09-02 19:10:05+00:00,765.1599731445312,0.037720000743865965
2026-09-03 03:42:14.451510,2026-09-25,0.06213424494197108,P,775.0,12.2,14.65,14.13,10.0,325.0,0.11515167083740235,2026-09-02 19:10:05+00:00,765.1599731445312,0.037720000743865965
2026-09-03 03:42:14.451510,2026-09-25,0.06213424494197108,P,776.0,12.82,15.28,15.55,3.0,280.0,0.11435822174072266,2026-09-02 17:34:40+00:00,765.1599731445312,0.037720000743865965
2026-09-03 03:42:14.451510,2026-09-25,0.06213424494197108,P,777.0,13.47,17.35,15.41,1.0,304.0,0.1343775527954102,2026-09-02 19:23:44+00:00,765.1599731445312,0.037720000743865965
2026-09-03 03:42:14.451510,2026-09-25,0.06213424494197108,P,778.0,14.15,18.03,19.24,12.0,98.0,0.1342554837036133,2026-09-01 20:10:04+00:00,765.1599731445312,0.037720000743865965
2026-09-03 03:42:14.451510,2026-09-25,0.06213424494197108,P,779.0,14.84,18.72,12.86,10.0,80.0,0.1341028973388672,2026-08-28 15:47:55+00:00,765.1599731445312,0.037720000743865965
2026-09-03 03:42:14.451510,2026-09-25,0.06213424494197108,P,780.0,15.56,19.44,20.12,4.0,441.0,0.13416393188476564,2026-09-02 13:52:54+00:00,765.1599731445312,0.037720000743865965
2026-09-03 03:42:14.451510,2026-09-25,0.06213424494197108,P,781.0,16.3,20.18,20.5,1.0,9.0,0.13434703552246097,2026-09-02 14:01:37+00:00,765.1599731445312,0.037720000743865965
2026-09-03 03:42:14.451510,2026-09-25,0.06213424494197108,P,782.0,17.07,20.94,21.21,4.0,4.0,0.13468272552490235,2026-09-01 14:09:21+00:00,765.1599731445312,0.037720000743865965
2026-09-03 03:42:14.451510,2026-09-25,0.06213424494197108,P,783.0,17.83,21.71,14.28,10.0,29.0,0.13495738098144533,2026-08-28 14:53:38+00:00,765.1599731445312,0.037720000743865965
2026-09-03 03:42:14.451510,2026-09-25,0.06213424494197108,P,784.0,18.64,22.51,21.77,10.0,12.0,0.13559824371337892,2026-09-01 14:39:58+00:00,765.1599731445312,0.037720000743865965
2026-09-03 03:42:14.451510,2026-09-25,0.06213424494197108,P,785.0,19.47,23.33,23.73,5.0,106.0,0.13639169281005858,2026-09-02 13:45:13+00:00,765.1599731445312,0.037720000743865965
2026-09-03 03:42:14.451510,2026-09-25,0.06213424494197108,P,786.0,20.31,24.16,22.6,32.0,11.0,0.13721565917968753,2026-08-31 18:43:30+00:00,765.1599731445312,0.037720000743865965
2026-09-03 03:42:14.451510,2026-09-25,0.06213424494197108,P,787.0,21.13,25.0,23.53,16.0,3.0,0.13807014282226562,2026-08-26 17:35:54+00:00,765.1599731445312,0.037720000743865965
2026-09-03 03:42:14.451510,2026-09-25,0.06213424494197108,P,788.0,21.99,25.86,18.6,1.0,26.0,0.13910773010253907,2026-08-28 14:00:54+00:00,765.1599731445312,0.037720000743865965
2026-09-03 03:42:14.451510,2026-09-25,0.06213424494197108,P,789.0,22.9,26.74,26.01,6.0,8.0,0.1404504901123047,2026-08-26 17:37:15+00:00,765.1599731445312,0.037720000743865965
2026-09-03 03:42:14.451510,2026-09-25,0.06213424494197108,P,790.0,23.8,27.63,26.25,3.0,33.0,0.14185428466796873,2026-09-02 14:21:10+00:00,765.1599731445312,0.037720000743865965
2026-09-03 03:42:14.451510,2026-09-25,0.06213424494197108,P,791.0,24.71,28.53,20.21,3.0,53.0,0.14331911376953127,2026-08-28 15:45:23+00:00,765.1599731445312,0.037720000743865965
2026-09-03 03:42:14.451510,2026-09-25,0.06213424494197108,P,793.0,26.57,30.37,22.6,28.0,20.0,0.14685911743164062,2026-08-28 15:48:15+00:00,765.1599731445312,0.037720000743865965
2026-09-03 03:42:14.451510,2026-09-25,0.06213424494197108,P,794.0,27.52,31.3,22.42,20.0,20.0,0.14869015380859374,2026-08-28 15:40:29+00:00,765.1599731445312,0.037720000743865965
2026-09-03 03:42:14.451510,2026-09-25,0.06213424494197108,P,795.0,28.46,32.24,31.25,2.0,4.0,0.15067377655029301,2026-08-25 15:08:23+00:00,765.1599731445312,0.037720000743865965
2026-09-03 03:42:14.451510,2026-09-25,0.06213424494197108,P,798.0,31.36,35.1,33.1,1.0,1.0,0.15714343841552736,2026-08-31 15:58:35+00:00,765.1599731445312,0.037720000743865965
2026-09-03 03:42:14.451510,2026-09-25,0.06213424494197108,P,800.0,33.29,37.03,35.33,2.0,15.0,0.16175154663085936,2026-08-21 13:40:34+00:00,765.1599731445312,0.037720000743865965
2026-09-03 03:42:14.451510,2026-09-25,0.06213424494197108,P,807.0,40.18,43.9,42.55,2.0,0.0,0.17957363403320312,2026-08-24 14:03:00+00:00,765.1599731445312,0.037720000743865965
2026-09-03 03:42:14.451510,2026-09-25,0.06213424494197108,P,810.0,43.16,46.87,35.4,19.0,0.0,0.18744709045410157,2026-08-17 15:45:22+00:00,765.1599731445312,0.037720000743865965
2026-09-03 03:42:14.451510,2026-09-25,0.06213424494197108,P,811.0,44.1,47.87,50.2,2.0,2.0,0.19031571411132814,2026-09-01 18:37:09+00:00,765.1599731445312,0.037720000743865965
2026-09-03 03:42:14.451510,2026-09-25,0.06213424494197108,P,823.0,56.09,59.8,46.77,,0.0,0.22153488433837887,2026-08-14 20:01:38+00:00,765.1599731445312,0.037720000743865965
2026-09-03 03:42:14.451510,2026-09-25,0.06213424494197108,P,824.0,57.09,60.8,51.8,2.0,0.0,0.2241898870849609,2026-08-07 17:11:09+00:00,765.1599731445312,0.037720000743865965
2026-09-03 03:42:14.451510,2026-09-25,0.06213424494197108,P,855.0,88.01,91.71,78.1,,0.0,0.2993844476318359,2026-08-13 16:02:04+00:00,765.1599731445312,0.037720000743865965
2026-09-03 03:42:14.451510,2026-09-25,0.06213424494197108,P,865.0,97.99,101.69,94.35,,0.0,0.3221503332519531,2026-08-11 19:46:58+00:00,765.1599731445312,0.037720000743865965
2026-09-03 03:42:14.451510,2026-09-25,0.06213424494197108,P,870.0,102.98,106.68,99.33,,0.0,0.3332586206054688,2026-08-11 19:46:58+00:00,765.1599731445312,0.037720000743865965
2026-09-03 03:42:14.451510,2026-10-02,0.0813123271337519,C,520.0,244.03,248.13,250.77,,2.0,0.6613803393554689,2026-08-18 14:09:16+00:00,765.1599731445312,0.037720000743865965
2026-09-03 03:42:14.451510,2026-10-02,0.0813123271337519,C,620.0,144.39,148.52,147.25,,2.0,0.5090381127929688,2026-08-25 19:09:51+00:00,765.1599731445312,0.037720000743865965
2026-09-03 03:42:14.451510,2026-10-02,0.0813123271337519,C,630.0,134.4,138.59,137.55,,2.0,0.48077911804199214,2026-08-25 14:10:42+00:00,765.1599731445312,0.037720000743865965
2026-09-03 03:42:14.451510,2026-10-02,0.0813123271337519,C,635.0,129.39,133.62,132.36,,39.0,0.4664359997558594,2026-08-25 14:09:15+00:00,765.1599731445312,0.037720000743865965
2026-09-03 03:42:14.451510,2026-10-02,0.0813123271337519,C,650.0,114.58,118.73,118.76,1.0,1.0,0.42407802490234375,2026-08-21 15:35:57+00:00,765.1599731445312,0.037720000743865965
2026-09-03 03:42:14.451510,2026-10-02,0.0813123271337519,C,655.0,109.63,113.8,110.2,4.0,2.0,0.41083352844238286,2026-08-24 17:45:00+00:00,765.1599731445312,0.037720000743865965
2026-09-03 03:42:14.451510,2026-10-02,0.0813123271337519,C,660.0,104.56,108.9,103.02,4.0,4.0,0.39838248107910157,2026-09-01 19:25:27+00:00,765.1599731445312,0.037720000743865965
2026-09-03 03:42:14.451510,2026-10-02,0.0813123271337519,C,675.0,89.82,94.08,89.18,161.0,82.0,0.3569705416870117,2026-09-01 16:58:49+00:00,765.1599731445312,0.037720000743865965
2026-09-03 03:42:14.451510,2026-10-02,0.0813123271337519,C,680.0,84.96,89.13,83.34,365.0,187.0,0.3427189752197265,2026-09-01 18:27:32+00:00,765.1599731445312,0.037720000743865965
2026-09-03 03:42:14.451510,2026-10-02,0.0813123271337519,C,685.0,80.05,84.24,78.4,440.0,173.0,0.3297796514892578,2026-09-01 18:27:33+00:00,765.1599731445312,0.037720000743865965
2026-09-03 03:42:14.451510,2026-10-02,0.0813123271337519,C,690.0,75.0,79.32,77.21,1.0,1.0,0.31592480957031244,2026-09-02 14:59:22+00:00,765.1599731445312,0.037720000743865965
2026-09-03 03:42:14.451510,2026-10-02,0.0813123271337519,C,695.0,70.57,74.42,69.26,96.0,43.0,0.3023751403808594,2026-09-01 17:25:34+00:00,765.1599731445312,0.037720000743865965
2026-09-03 03:42:14.451510,2026-10-02,0.0813123271337519,C,700.0,65.71,69.51,67.34,5.0,11.0,0.2883677120971678,2026-09-02 19:23:17+00:00,765.1599731445312,0.037720000743865965
2026-09-03 03:42:14.451510,2026-10-02,0.0813123271337519,C,705.0,60.87,64.67,63.2,1.0,8.0,0.27558097473144527,2026-09-02 15:44:13+00:00,765.1599731445312,0.037720000743865965
2026-09-03 03:42:14.451510,2026-10-02,0.0813123271337519,C,710.0,56.06,59.88,58.04,3.0,33.0,0.2633740655517578,2026-09-02 15:45:37+00:00,765.1599731445312,0.037720000743865965
2026-09-03 03:42:14.451510,2026-10-02,0.0813123271337519,C,715.0,51.3,55.12,50.17,45.0,45.0,0.2512281909179687,2026-09-01 17:46:29+00:00,765.1599731445312,0.037720000743865965
2026-09-03 03:42:14.451510,2026-10-02,0.0813123271337519,C,720.0,46.58,50.41,48.4,13.0,18.0,0.23941800628662108,2026-09-02 15:01:32+00:00,765.1599731445312,0.037720000743865965
2026-09-03 03:42:14.451510,2026-10-02,0.0813123271337519,C,721.0,45.64,49.46,48.06,,159.0,0.23685455535888672,2026-08-20 19:54:49+00:00,765.1599731445312,0.037720000743865965
2026-09-03 03:42:14.451510,2026-10-02,0.0813123271337519,C,722.0,44.71,48.53,49.88,,1.0,0.23459627716064452,2026-08-20 17:05:34+00:00,765.1599731445312,0.037720000743865965
2026-09-03 03:42:14.451510,2026-10-02,0.0813123271337519,C,724.0,42.85,46.64,52.52,1.0,40.0,0.2294693753051758,2026-08-28 15:40:40+00:00,765.1599731445312,0.037720000743865965
2026-09-03 03:42:14.451510,2026-10-02,0.0813123271337519,C,725.0,41.92,45.72,43.52,2.0,40.0,0.227272131652832,2026-09-02 20:01:33+00:00,765.1599731445312,0.037720000743865965
2026-09-03 03:42:14.451510,2026-10-02,0.0813123271337519,C,728.0,39.16,42.97,38.1,345.0,301.0,0.22064988342285152,2026-09-01 17:53:02+00:00,765.1599731445312,0.037720000743865965
2026-09-03 03:42:14.451510,2026-10-02,0.0813123271337519,C,730.0,37.34,41.14,35.98,4.0,8.0,0.21610280975341795,2026-09-01 19:58:35+00:00,765.1599731445312,0.037720000743865965
2026-09-03 03:42:14.451510,2026-10-02,0.0813123271337519,C,731.0,36.43,40.24,35.4,19.0,21.0,0.21399711791992188,2026-09-01 17:07:16+00:00,765.1599731445312,0.037720000743865965
2026-09-03 03:42:14.451510,2026-10-02,0.0813123271337519,C,734.0,33.73,37.52,33.11,1.0,2.0,0.20713073150634764,2026-09-02 13:36:40+00:00,765.1599731445312,0.037720000743865965
2026-09-03 03:42:14.451510,2026-10-02,0.0813123271337519,C,735.0,32.84,36.63,34.45,2.0,3.0,0.2049945223999023,2026-09-02 17:57:12+00:00,765.1599731445312,0.037720000743865965
2026-09-03 03:42:14.451510,2026-10-02,0.0813123271337519,C,736.0,31.96,35.5,33.93,2.0,8.0,0.19931830963134767,2026-09-02 14:58:54+00:00,765.1599731445312,0.037720000743865965
2026-09-03 03:42:14.451510,2026-10-02,0.0813123271337519,C,737.0,31.15,34.6,38.32,,2.0,0.19696847961425779,2026-08-27 19:52:22+00:00,765.1599731445312,0.037720000743865965
2026-09-03 03:42:14.451510,2026-10-02,0.0813123271337519,C,738.0,30.29,33.73,34.15,,2.0,0.1950153741455078,2026-08-26 19:23:33+00:00,765.1599731445312,0.037720000743865965
2026-09-03 03:42:14.451510,2026-10-02,0.0813123271337519,C,740.0,28.58,32.1,27.47,7.0,10.0,0.19248244049072266,2026-09-01 19:58:35+00:00,765.1599731445312,0.037720000743865965
2026-09-03 03:42:14.451510,2026-10-02,0.0813123271337519,C,741.0,27.77,31.23,30.08,2.0,2.0,0.19034623138427736,2026-09-02 14:48:18+00:00,765.1599731445312,0.037720000743865965
2026-09-03 03:42:14.451510,2026-10-02,0.0813123271337519,C,742.0,26.91,30.41,26.45,6.0,8.0,0.18882036773681643,2026-09-01 16:30:47+00:00,765.1599731445312,0.037720000743865965
2026-09-03 03:42:14.451510,2026-10-02,0.0813123271337519,C,743.0,26.01,29.6,27.89,2.0,5.0,0.1873555386352539,2026-08-31 19:49:41+00:00,765.1599731445312,0.037720000743865965
2026-09-03 03:42:14.451510,2026-10-02,0.0813123271337519,C,744.0,25.23,28.65,33.14,,9.0,0.18393760406494142,2026-08-18 15:31:40+00:00,765.1599731445312,0.037720000743865965
2026-09-03 03:42:14.451510,2026-10-02,0.0813123271337519,C,745.0,25.82,26.44,26.0,35.0,14.0,0.16358258300781253,2026-09-02 19:25:24+00:00,765.1599731445312,0.037720000743865965
2026-09-03 03:42:14.451510,2026-10-02,0.0813123271337519,C,746.0,23.4,27.07,25.1,2.0,4.0,0.1811910494995117,2026-09-02 17:57:16+00:00,765.1599731445312,0.037720000743865965
2026-09-03 03:42:14.451510,2026-10-02,0.0813123271337519,C,747.0,22.58,26.28,25.15,3.0,4.0,0.179695703125,2026-08-24 15:07:51+00:00,765.1599731445312,0.037720000743865965
2026-09-03 03:42:14.451510,2026-10-02,0.0813123271337519,C,748.0,21.77,25.48,26.69,,1.0,0.17798673583984376,2026-08-26 13:58:28+00:00,765.1599731445312,0.037720000743865965
2026-09-03 03:42:14.451510,2026-10-02,0.0813123271337519,C,749.0,20.97,24.75,22.88,1.0,2.0,0.17707121765136719,2026-09-02 14:23:14+00:00,765.1599731445312,0.037720000743865965
2026-09-03 03:42:14.451510,2026-10-02,0.0813123271337519,C,750.0,21.81,22.36,20.24,11.0,137.0,0.1550987811279297,2026-09-02 13:56:40+00:00,765.1599731445312,0.037720000743865965
2026-09-03 03:42:14.451510,2026-10-02,0.0813123271337519,C,751.0,19.38,23.22,21.59,50.0,67.0,0.17408052490234377,2026-08-31 16:11:41+00:00,765.1599731445312,0.037720000743865965
2026-09-03 03:42:14.451510,2026-10-02,0.0813123271337519,C,752.0,18.61,22.49,18.65,2.0,27.0,0.17285983398437502,2026-09-02 13:31:33+00:00,765.1599731445312,0.037720000743865965
2026-09-03 03:42:14.451510,2026-10-02,0.0813123271337519,C,753.0,17.96,21.65,25.57,1.0,23.0,0.17023534851074223,2026-08-27 17:59:32+00:00,765.1599731445312,0.037720000743865965
2026-09-03 03:42:14.451510,2026-10-02,0.0813123271337519,C,754.0,18.12,19.9,18.0,3.0,36.0,0.15648731704711916,2026-09-02 14:04:52+00:00,765.1599731445312,0.037720000743865965
2026-09-03 03:42:14.451510,2026-10-02,0.0813123271337519,C,755.0,18.03,18.44,18.13,42.0,72.0,0.14627928924560546,2026-09-02 18:35:55+00:00,765.1599731445312,0.037720000743865965
2026-09-03 03:42:14.451510,2026-10-02,0.0813123271337519,C,756.0,16.66,18.38,14.83,3.0,28.0,0.15287102020263676,2026-09-01 18:49:49+00:00,765.1599731445312,0.037720000743865965
2026-09-03 03:42:14.451510,2026-10-02,0.0813123271337519,C,757.0,15.94,17.64,15.94,3.0,25.0,0.15114679428100591,2026-09-02 14:11:31+00:00,765.1599731445312,0.037720000743865965
2026-09-03 03:42:14.451510,2026-10-02,0.0813123271337519,C,758.0,15.49,16.54,13.72,4.0,28.0,0.14505859832763673,2026-09-01 18:59:34+00:00,765.1599731445312,0.037720000743865965
2026-09-03 03:42:14.451510,2026-10-02,0.0813123271337519,C,759.0,14.55,16.2,14.3,4.0,49.0,0.14780515289306645,2026-09-02 14:01:14+00:00,765.1599731445312,0.037720000743865965
2026-09-03 03:42:14.451510,2026-10-02,0.0813123271337519,C,760.0,14.51,14.86,14.5,55.0,309.0,0.1387720401000977,2026-09-02 19:17:59+00:00,765.1599731445312,0.037720000743865965
2026-09-03 03:42:14.451510,2026-10-02,0.0813123271337519,C,761.0,13.44,14.46,13.9,49.0,376.0,0.14054204193115233,2026-09-02 18:18:44+00:00,765.1599731445312,0.037720000743865965
2026-09-03 03:42:14.451510,2026-10-02,0.0813123271337519,C,762.0,12.05,13.79,12.92,110.0,832.0,0.13903143692016606,2026-09-02 18:43:03+00:00,765.1599731445312,0.037720000743865965
2026-09-03 03:42:14.451510,2026-10-02,0.0813123271337519,C,763.0,12.14,13.13,12.65,151.0,388.0,0.13750557327270513,2026-09-02 19:49:06+00:00,765.1599731445312,0.037720000743865965
2026-09-03 03:42:14.451510,2026-10-02,0.0813123271337519,C,764.0,11.52,12.11,11.77,384.0,579.0,0.13172255004882813,2026-09-02 19:59:30+00:00,765.1599731445312,0.037720000743865965
2026-09-03 03:42:14.451510,2026-10-02,0.0813123271337519,C,765.0,10.27,11.87,11.48,425.0,840.0,0.13471324279785157,2026-09-02 20:13:58+00:00,765.1599731445312,0.037720000743865965
2026-09-03 03:42:14.451510,2026-10-02,0.0813123271337519,C,766.0,10.3,11.26,10.68,763.0,283.0,0.1333094482421875,2026-09-02 20:01:17+00:00,765.1599731445312,0.037720000743865965
2026-09-03 03:42:14.451510,2026-10-02,0.0813123271337519,C,767.0,9.25,11.3,10.02,679.0,525.0,0.13919928192138675,2026-09-02 19:53:42+00:00,765.1599731445312,0.037720000743865965
2026-09-03 03:42:14.451510,2026-10-02,0.0813123271337519,C,768.0,8.97,10.37,9.35,265.0,480.0,0.13382824188232423,2026-09-02 19:59:37+00:00,765.1599731445312,0.037720000743865965
2026-09-03 03:42:14.451510,2026-10-02,0.0813123271337519,C,769.0,8.43,9.8,9.02,138.0,392.0,0.1324244473266602,2026-09-02 19:54:51+00:00,765.1599731445312,0.037720000743865965
2026-09-03 03:42:14.451510,2026-10-02,0.0813123271337519,C,770.0,7.9,9.25,8.37,267.0,2036.0,0.1310664286804199,2026-09-02 19:54:25+00:00,765.1599731445312,0.037720000743865965
2026-09-03 03:42:14.451510,2026-10-02,0.0813123271337519,C,771.0,7.4,8.72,7.92,212.0,314.0,0.1297694445800781,2026-09-02 20:00:05+00:00,765.1599731445312,0.037720000743865965
2026-09-03 03:42:14.451510,2026-10-02,0.0813123271337519,C,772.0,6.91,8.2,7.47,76.0,253.0,0.12842668457031248,2026-09-02 19:48:28+00:00,765.1599731445312,0.037720000743865965
2026-09-03 03:42:14.451510,2026-10-02,0.0813123271337519,C,773.0,6.44,7.7,6.92,590.0,772.0,0.1271449591064453,2026-09-02 19:52:20+00:00,765.1599731445312,0.037720000743865965
2026-09-03 03:42:14.451510,2026-10-02,0.0813123271337519,C,774.0,5.99,7.23,6.5,134.0,958.0,0.1260158200073242,2026-09-02 20:01:17+00:00,765.1599731445312,0.037720000743865965
2026-09-03 03:42:14.451510,2026-10-02,0.0813123271337519,C,775.0,5.56,6.77,6.14,169.0,482.0,0.12482564636230468,2026-09-02 19:49:49+00:00,765.1599731445312,0.037720000743865965
2026-09-03 03:42:14.451510,2026-10-02,0.0813123271337519,C,776.0,5.15,6.33,5.58,227.0,338.0,0.1236965072631836,2026-09-02 19:40:48+00:00,765.1599731445312,0.037720000743865965
2026-09-03 03:42:14.451510,2026-10-02,0.0813123271337519,C,777.0,4.76,5.9,5.24,191.0,633.0,0.12247581634521486,2026-09-02 19:47:04+00:00,765.1599731445312,0.037720000743865965
2026-09-03 03:42:14.451510,2026-10-02,0.0813123271337519,C,778.0,4.54,5.31,4.95,101.0,74.0,0.11902736450195311,2026-09-02 20:14:55+00:00,765.1599731445312,0.037720000743865965
2026-09-03 03:42:14.451510,2026-10-02,0.0813123271337519,C,779.0,4.03,5.12,4.43,326.0,829.0,0.1204616763305664,2026-09-02 19:40:48+00:00,765.1599731445312,0.037720000743865965
2026-09-03 03:42:14.451510,2026-10-02,0.0813123271337519,C,780.0,4.0,4.58,4.23,438.0,1540.0,0.11713529357910156,2026-09-02 20:14:27+00:00,765.1599731445312,0.037720000743865965
2026-09-03 03:42:14.451510,2026-10-02,0.0813123271337519,C,781.0,3.51,4.27,3.78,122.0,502.0,0.11661649993896485,2026-09-02 18:35:22+00:00,765.1599731445312,0.037720000743865965
2026-09-03 03:42:14.451510,2026-10-02,0.0813123271337519,C,782.0,3.1,3.95,3.58,16.0,112.0,0.11576201629638672,2026-09-02 20:06:12+00:00,765.1599731445312,0.037720000743865965
2026-09-03 03:42:14.451510,2026-10-02,0.0813123271337519,C,783.0,2.94,3.6,3.18,205.0,1034.0,0.11423615264892578,2026-09-02 18:35:16+00:00,765.1599731445312,0.037720000743865965
2026-09-03 03:42:14.451510,2026-10-02,0.0813123271337519,C,784.0,2.67,3.38,2.88,199.0,647.0,0.11438873901367189,2026-09-02 17:54:09+00:00,765.1599731445312,0.037720000743865965
2026-09-03 03:42:14.451510,2026-10-02,0.0813123271337519,C,785.0,2.42,3.11,2.66,108.0,494.0,0.11359528991699218,2026-09-02 19:59:29+00:00,765.1599731445312,0.037720000743865965
2026-09-03 03:42:14.451510,2026-10-02,0.0813123271337519,C,786.0,2.19,2.86,2.45,318.0,300.0,0.11289339263916015,2026-09-02 19:26:49+00:00,765.1599731445312,0.037720000743865965
2026-09-03 03:42:14.451510,2026-10-02,0.0813123271337519,C,787.0,1.84,2.63,2.21,59.0,580.0,0.11228304718017576,2026-09-02 19:20:09+00:00,765.1599731445312,0.037720000743865965
2026-09-03 03:42:14.451510,2026-10-02,0.0813123271337519,C,788.0,1.63,2.58,1.94,69.0,684.0,0.11451080810546876,2026-09-02 18:45:57+00:00,765.1599731445312,0.037720000743865965
2026-09-03 03:42:14.451510,2026-10-02,0.0813123271337519,C,789.0,1.43,2.4,1.75,23.0,363.0,0.11444977355957033,2026-09-02 19:03:11+00:00,765.1599731445312,0.037720000743865965
2026-09-03 03:42:14.451510,2026-10-02,0.0813123271337519,C,790.0,1.67,2.03,1.65,338.0,748.0,0.1106961489868164,2026-09-02 19:59:30+00:00,765.1599731445312,0.037720000743865965
2026-09-03 03:42:14.451510,2026-10-02,0.0813123271337519,C,791.0,1.29,1.86,1.59,19.0,128.0,0.11026890716552734,2026-09-02 20:07:06+00:00,765.1599731445312,0.037720000743865965
2026-09-03 03:42:14.451510,2026-10-02,0.0813123271337519,C,792.0,1.15,1.7,1.3,24.0,643.0,0.10984166534423828,2026-09-02 17:40:35+00:00,765.1599731445312,0.037720000743865965
2026-09-03 03:42:14.451510,2026-10-02,0.0813123271337519,C,793.0,0.78,1.8,1.23,134.0,266.0,0.11460235992431642,2026-09-02 17:59:50+00:00,765.1599731445312,0.037720000743865965
2026-09-03 03:42:14.451510,2026-10-02,0.0813123271337519,C,794.0,0.66,1.68,1.09,90.0,370.0,0.11481598083496095,2026-09-02 17:30:23+00:00,765.1599731445312,0.037720000743865965
2026-09-03 03:42:14.451510,2026-10-02,0.0813123271337519,C,795.0,1.0,1.1,1.01,427.0,7606.0,0.10407390075683592,2026-09-02 19:46:27+00:00,765.1599731445312,0.037720000743865965
2026-09-03 03:42:14.451510,2026-10-02,0.0813123271337519,C,796.0,0.83,1.1,0.92,212.0,686.0,0.10651528259277344,2026-09-02 19:47:03+00:00,765.1599731445312,0.037720000743865965
2026-09-03 03:42:14.451510,2026-10-02,0.0813123271337519,C,797.0,0.34,1.37,0.83,71.0,429.0,0.1157314990234375,2026-09-02 19:47:03+00:00,765.1599731445312,0.037720000743865965
2026-09-03 03:42:14.451510,2026-10-02,0.0813123271337519,C,798.0,0.35,1.29,0.72,304.0,463.0,0.11628080993652344,2026-09-02 19:31:19+00:00,765.1599731445312,0.037720000743865965
2026-09-03 03:42:14.451510,2026-10-02,0.0813123271337519,C,799.0,0.18,1.22,0.69,2.0,1936.0,0.11701322448730468,2026-09-02 16:31:32+00:00,765.1599731445312,0.037720000743865965
2026-09-03 03:42:14.451510,2026-10-02,0.0813123271337519,C,800.0,0.54,0.75,0.63,717.0,2877.0,0.10584390258789061,2026-09-02 20:12:00+00:00,765.1599731445312,0.037720000743865965
2026-09-03 03:42:14.451510,2026-10-02,0.0813123271337519,C,801.0,0.04,1.08,0.64,4.0,122.0,0.11811184631347656,2026-09-02 14:48:32+00:00,765.1599731445312,0.037720000743865965
2026-09-03 03:42:14.451510,2026-10-02,0.0813123271337519,C,802.0,0.47,1.02,0.44,7.0,72.0,0.11878322631835936,2026-09-02 19:04:10+00:00,765.1599731445312,0.037720000743865965
2026-09-03 03:42:14.451510,2026-10-02,0.0813123271337519,C,803.0,0.42,0.97,0.45,137.0,251.0,0.11963770996093749,2026-09-02 18:21:22+00:00,765.1599731445312,0.037720000743865965
2026-09-03 03:42:14.451510,2026-10-02,0.0813123271337519,C,804.0,0.38,0.92,0.4,19.0,92.0,0.12037012451171875,2026-09-02 16:29:47+00:00,765.1599731445312,0.037720000743865965
2026-09-03 03:42:14.451510,2026-10-02,0.0813123271337519,C,805.0,0.33,0.42,0.35,106.0,501.0,0.10376872802734374,2026-09-02 19:40:10+00:00,765.1599731445312,0.037720000743865965
2026-09-03 03:42:14.451510,2026-10-02,0.0813123271337519,C,806.0,0.31,0.85,0.33,614.0,888.0,0.12268943725585937,2026-09-02 19:45:07+00:00,765.1599731445312,0.037720000743865965
2026-09-03 03:42:14.451510,2026-10-02,0.0813123271337519,C,807.0,0.28,0.82,0.29,42.0,166.0,0.12391012817382813,2026-09-02 19:28:28+00:00,765.1599731445312,0.037720000743865965
2026-09-03 03:42:14.451510,2026-10-02,0.0813123271337519,C,808.0,0.24,0.79,0.27,41.0,204.0,0.12500875,2026-09-02 19:45:07+00:00,765.1599731445312,0.037720000743865965
2026-09-03 03:42:14.451510,2026-10-02,0.0813123271337519,C,809.0,0.23,0.77,0.25,74.0,86.0,0.12647357910156248,2026-09-02 16:29:21+00:00,765.1599731445312,0.037720000743865965
2026-09-03 03:42:14.451510,2026-10-02,0.0813123271337519,C,810.0,0.21,0.74,0.21,41.0,452.0,0.12757220092773439,2026-09-02 19:34:53+00:00,765.1599731445312,0.037720000743865965
2026-09-03 03:42:14.451510,2026-10-02,0.0813123271337519,C,811.0,0.19,0.72,0.23,6.0,472.0,0.1289149609375,2026-09-02 16:19:13+00:00,765.1599731445312,0.037720000743865965
2026-09-03 03:42:14.451510,2026-10-02,0.0813123271337519,C,812.0,0.17,0.71,0.19,2.0,191.0,0.13068496276855468,2026-09-02 16:29:41+00:00,765.1599731445312,0.037720000743865965
2026-09-03 03:42:14.451510,2026-10-02,0.0813123271337519,C,813.0,0.16,0.19,0.19,37.0,105.0,0.10474528076171874,2026-09-02 14:19:28+00:00,765.1599731445312,0.037720000743865965
2026-09-03 03:42:14.451510,2026-10-02,0.0813123271337519,C,814.0,0.14,0.68,0.18,34.0,141.0,0.13367565551757812,2026-09-02 14:22:13+00:00,765.1599731445312,0.037720000743865965
2026-09-03 03:42:14.451510,2026-10-02,0.0813123271337519,C,815.0,0.13,0.67,0.14,37.0,798.0,0.13538462280273442,2026-09-02 19:40:10+00:00,765.1599731445312,0.037720000743865965
2026-09-03 03:42:14.451510,2026-10-02,0.0813123271337519,C,816.0,0.12,0.65,0.15,9.0,79.0,0.13660531372070314,2026-09-02 14:19:27+00:00,765.1599731445312,0.037720000743865965
2026-09-03 03:42:14.451510,2026-10-02,0.0813123271337519,C,817.0,0.11,0.64,0.13,54.0,99.0,0.1381922119140625,2026-09-02 19:47:05+00:00,765.1599731445312,0.037720000743865965
2026-09-03 03:42:14.451510,2026-10-02,0.0813123271337519,C,818.0,0.09,0.16,0.1,3.0,263.0,0.11060459716796875,2026-09-01 19:44:47+00:00,765.1599731445312,0.037720000743865965
2026-09-03 03:42:14.451510,2026-10-02,0.0813123271337519,C,819.0,0.09,0.14,0.1,4.0,21.0,0.11011632080078124,2026-09-02 18:54:23+00:00,765.1599731445312,0.037720000743865965
2026-09-03 03:42:14.451510,2026-10-02,0.0813123271337519,C,820.0,0.09,0.62,0.09,14.0,357.0,0.14344118286132812,2026-09-02 19:14:00+00:00,765.1599731445312,0.037720000743865965
2026-09-03 03:42:14.451510,2026-10-02,0.0813123271337519,C,821.0,0.08,0.61,0.11,3.0,46.0,0.14496704650878905,2026-09-02 15:25:32+00:00,765.1599731445312,0.037720000743865965
2026-09-03 03:42:14.451510,2026-10-02,0.0813123271337519,C,822.0,0.07,0.61,0.1,1.0,6.0,0.1469811865234375,2026-09-01 16:02:16+00:00,765.1599731445312,0.037720000743865965
2026-09-03 03:42:14.451510,2026-10-02,0.0813123271337519,C,823.0,0.07,0.6,0.08,3.0,142.0,0.148446015625,2026-09-02 18:21:22+00:00,765.1599731445312,0.037720000743865965
2026-09-03 03:42:14.451510,2026-10-02,0.0813123271337519,C,824.0,0.06,0.6,0.06,11.0,89.0,0.15039912109375003,2026-09-01 19:01:07+00:00,765.1599731445312,0.037720000743865965
2026-09-03 03:42:14.451510,2026-10-02,0.0813123271337519,C,825.0,0.06,0.59,0.07,16.0,433.0,0.15192498474121097,2026-09-02 17:32:39+00:00,765.1599731445312,0.037720000743865965
2026-09-03 03:42:14.451510,2026-10-02,0.0813123271337519,C,830.0,0.04,0.08,0.07,2.0,946.0,0.11939357177734375,2026-09-02 15:25:32+00:00,765.1599731445312,0.037720000743865965
2026-09-03 03:42:14.451510,2026-10-02,0.0813123271337519,C,835.0,0.03,0.53,0.05,7.0,457.0,0.16797707031250003,2026-09-02 16:20:49+00:00,765.1599731445312,0.037720000743865965
2026-09-03 03:42:14.451510,2026-10-02,0.0813123271337519,C,840.0,0.02,0.45,0.04,2.0,389.0,0.17224948852539065,2026-09-02 15:00:49+00:00,765.1599731445312,0.037720000743865965
2026-09-03 03:42:14.451510,2026-10-02,0.0813123271337519,C,845.0,0.02,0.39,0.03,50.0,42.0,0.17701018310546873,2026-09-02 18:35:31+00:00,765.1599731445312,0.037720000743865965
2026-09-03 03:42:14.451510,2026-10-02,0.0813123271337519,C,850.0,0.01,0.35,0.05,42.0,112.0,0.18262536132812499,2026-08-28 19:46:46+00:00,765.1599731445312,0.037720000743865965
2026-09-03 03:42:14.451510,2026-10-02,0.0813123271337519,C,855.0,0.01,0.32,0.02,1.0,53.0,0.188484677734375,2026-09-01 14:49:22+00:00,765.1599731445312,0.037720000743865965
2026-09-03 03:42:14.451510,2026-10-02,0.0813123271337519,C,860.0,0.01,0.34,0.04,25.0,74.0,0.19849434326171872,2026-08-28 18:41:15+00:00,765.1599731445312,0.037720000743865965
2026-09-03 03:42:14.451510,2026-10-02,0.0813123271337519,C,865.0,0.0,0.32,0.01,1.0,98.0,0.2048419360351562,2026-09-02 17:33:56+00:00,765.1599731445312,0.037720000743865965
2026-09-03 03:42:14.451510,2026-10-02,0.0813123271337519,C,870.0,0.0,0.68,0.02,1.0,56.0,0.2401199035644531,2026-09-02 18:32:31+00:00,765.1599731445312,0.037720000743865965
2026-09-03 03:42:14.451510,2026-10-02,0.0813123271337519,C,875.0,0.0,0.36,0.05,1.0,17.0,0.22486126708984372,2026-08-27 17:49:14+00:00,765.1599731445312,0.037720000743865965
2026-09-03 03:42:14.451510,2026-10-02,0.0813123271337519,C,880.0,0.0,0.43,0.03,12.0,13.0,0.23926541992187497,2026-08-24 19:10:43+00:00,765.1599731445312,0.037720000743865965
2026-09-03 03:42:14.451510,2026-10-02,0.0813123271337519,C,890.0,0.0,0.53,0.03,,3.0,0.26367923828125,2026-08-28 14:53:14+00:00,765.1599731445312,0.037720000743865965
2026-09-03 03:42:14.451510,2026-10-02,0.0813123271337519,C,895.0,0.0,0.58,0.02,1.0,1.0,0.2756420092773437,2026-08-21 16:20:32+00:00,765.1599731445312,0.037720000743865965
2026-09-03 03:42:14.451510,2026-10-02,0.0813123271337519,C,900.0,0.0,0.6,0.01,5.0,7.0,0.28528546752929684,2026-09-02 14:26:37+00:00,765.1599731445312,0.037720000743865965
2026-09-03 03:42:14.451510,2026-10-02,0.0813123271337519,C,905.0,0.0,0.62,0.01,3.0,3.0,0.29480685668945306,2026-08-31 15:05:27+00:00,765.1599731445312,0.037720000743865965
2026-09-03 03:42:14.451510,2026-10-02,0.0813123271337519,C,910.0,0.0,0.61,0.02,1.0,1.0,0.3020089331054688,2026-08-21 16:20:32+00:00,765.1599731445312,0.037720000743865965
2026-09-03 03:42:14.451510,2026-10-02,0.0813123271337519,C,920.0,0.0,0.5,0.01,990.0,990.0,0.3083565258789062,2026-08-31 17:27:42+00:00,765.1599731445312,0.037720000743865965
2026-09-03 03:42:14.451510,2026-10-02,0.0813123271337519,P,500.0,0.03,0.3,0.08,29.0,220.0,0.5776409423828125,2026-09-02 17:01:59+00:00,765.1599731445312,0.037720000743865965
2026-09-03 03:42:14.451510,2026-10-02,0.0813123271337519,P,505.0,0.07,0.1,0.08,2.0,21.0,0.5273484765625001,2026-09-02 16:00:10+00:00,765.1599731445312,0.037720000743865965
2026-09-03 03:42:14.451510,2026-10-02,0.0813123271337519,P,510.0,0.07,0.73,0.15,2.0,118.0,0.6147499462890625,2026-08-24 14:45:35+00:00,765.1599731445312,0.037720000743865965
2026-09-03 03:42:14.451510,2026-10-02,0.0813123271337519,P,515.0,0.08,0.73,0.1,1.0,2.0,0.6025430371093752,2026-08-31 19:13:40+00:00,765.1599731445312,0.037720000743865965
2026-09-03 03:42:14.451510,2026-10-02,0.0813123271337519,P,520.0,0.08,0.74,0.12,1.0,61.0,0.5903361279296876,2026-09-02 13:37:43+00:00,765.1599731445312,0.037720000743865965
2026-09-03 03:42:14.451510,2026-10-02,0.0813123271337519,P,525.0,0.02,0.74,0.12,1.0,27.0,0.5712933496093751,2026-08-27 16:23:29+00:00,765.1599731445312,0.037720000743865965
2026-09-03 03:42:14.451510,2026-10-02,0.0813123271337519,P,530.0,0.09,0.75,0.19,5.0,43.0,0.5659223095703125,2026-08-25 13:59:09+00:00,765.1599731445312,0.037720000743865965
2026-09-03 03:42:14.451510,2026-10-02,0.0813123271337519,P,535.0,0.1,0.76,0.14,1.0,104.0,0.5546919531250001,2026-09-02 13:37:57+00:00,765.1599731445312,0.037720000743865965
2026-09-03 03:42:14.451510,2026-10-02,0.0813123271337519,P,540.0,0.11,0.77,0.17,8.0,14.0,0.5434615966796876,2026-08-26 18:53:16+00:00,765.1599731445312,0.037720000743865965
2026-09-03 03:42:14.451510,2026-10-02,0.0813123271337519,P,545.0,0.11,0.77,0.2,2.0,8.0,0.5307664111328125,2026-08-26 15:33:43+00:00,765.1599731445312,0.037720000743865965
2026-09-03 03:42:14.451510,2026-10-02,0.0813123271337519,P,550.0,0.12,0.78,0.15,2.0,63.0,0.5195360546875,2026-09-02 15:36:29+00:00,765.1599731445312,0.037720000743865965
2026-09-03 03:42:14.451510,2026-10-02,0.0813123271337519,P,555.0,0.13,0.79,0.17,61.0,355.0,0.5085498364257812,2026-09-01 16:20:23+00:00,765.1599731445312,0.037720000743865965
2026-09-03 03:42:14.451510,2026-10-02,0.0813123271337519,P,560.0,0.14,0.8,0.19,1.0,97.0,0.5378464184570313,2026-08-27 20:02:07+00:00,765.1599731445312,0.037720000743865965
2026-09-03 03:42:14.451510,2026-10-02,0.0813123271337519,P,565.0,0.15,0.81,0.22,2.0,65.0,0.52539537109375,2026-08-27 13:48:29+00:00,765.1599731445312,0.037720000743865965
2026-09-03 03:42:14.451510,2026-10-02,0.0813123271337519,P,570.0,0.16,0.82,0.2,68.0,70.0,0.5131884619140624,2026-09-01 16:16:40+00:00,765.1599731445312,0.037720000743865965
2026-09-03 03:42:14.451510,2026-10-02,0.0813123271337519,P,575.0,0.17,0.83,0.27,66.0,285.0,0.5009815527343751,2026-09-01 19:46:56+00:00,765.1599731445312,0.037720000743865965
2026-09-03 03:42:14.451510,2026-10-02,0.0813123271337519,P,580.0,0.18,0.85,0.21,100.0,140.0,0.4896291271972657,2026-09-02 15:39:38+00:00,765.1599731445312,0.037720000743865965
2026-09-03 03:42:14.451510,2026-10-02,0.0813123271337519,P,585.0,0.19,0.86,0.32,24.0,32.0,0.4774222180175781,2026-09-01 19:42:57+00:00,765.1599731445312,0.037720000743865965
2026-09-03 03:42:14.451510,2026-10-02,0.0813123271337519,P,590.0,0.21,0.87,0.23,6.0,20.0,0.46533737792968755,2026-09-02 18:04:59+00:00,765.1599731445312,0.037720000743865965
2026-09-03 03:42:14.451510,2026-10-02,0.0813123271337519,P,595.0,0.22,0.89,0.25,10.0,60.0,0.4539849523925781,2026-09-02 17:04:40+00:00,765.1599731445312,0.037720000743865965
2026-09-03 03:42:14.451510,2026-10-02,0.0813123271337519,P,600.0,0.24,0.91,0.28,2.0,150.0,0.4426325268554688,2026-09-02 16:23:38+00:00,765.1599731445312,0.037720000743865965
2026-09-03 03:42:14.451510,2026-10-02,0.0813123271337519,P,605.0,0.25,0.92,0.38,3.0,50.0,0.43054768676757815,2026-09-01 18:34:30+00:00,765.1599731445312,0.037720000743865965
2026-09-03 03:42:14.451510,2026-10-02,0.0813123271337519,P,610.0,0.27,0.94,0.39,4.0,294.0,0.41919526123046874,2026-09-01 17:14:59+00:00,765.1599731445312,0.037720000743865965
2026-09-03 03:42:14.451510,2026-10-02,0.0813123271337519,P,615.0,0.29,0.97,0.32,9.0,168.0,0.40845318115234375,2026-09-02 20:00:04+00:00,765.1599731445312,0.037720000743865965
2026-09-03 03:42:14.451510,2026-10-02,0.0813123271337519,P,620.0,0.05,0.99,0.35,60.0,284.0,0.3971007556152344,2026-09-02 17:04:40+00:00,765.1599731445312,0.037720000743865965
2026-09-03 03:42:14.451510,2026-10-02,0.0813123271337519,P,625.0,0.34,0.39,0.38,4.0,24.0,0.33130551513671874,2026-09-02 16:24:48+00:00,765.1599731445312,0.037720000743865965
2026-09-03 03:42:14.451510,2026-10-02,0.0813123271337519,P,630.0,0.36,0.42,0.43,3.0,986.0,0.32349309326171866,2026-09-02 14:53:58+00:00,765.1599731445312,0.037720000743865965
2026-09-03 03:42:14.451510,2026-10-02,0.0813123271337519,P,635.0,0.39,0.45,0.44,51.0,230.0,0.31519239501953117,2026-09-02 15:50:21+00:00,765.1599731445312,0.037720000743865965
2026-09-03 03:42:14.451510,2026-10-02,0.0813123271337519,P,640.0,0.42,0.48,0.47,7.0,174.0,0.30664755859375,2026-09-02 17:29:57+00:00,765.1599731445312,0.037720000743865965
2026-09-03 03:42:14.451510,2026-10-02,0.0813123271337519,P,645.0,0.48,0.52,0.49,1.0,337.0,0.29895720581054686,2026-09-02 18:35:54+00:00,765.1599731445312,0.037720000743865965
2026-09-03 03:42:14.451510,2026-10-02,0.0813123271337519,P,650.0,0.53,0.54,0.54,3.0,1419.0,0.2890696093749999,2026-09-02 19:53:26+00:00,765.1599731445312,0.037720000743865965
2026-09-03 03:42:14.451510,2026-10-02,0.0813123271337519,P,655.0,0.53,0.6,0.61,1.0,129.0,0.2823558093261719,2026-09-02 15:08:17+00:00,765.1599731445312,0.037720000743865965
2026-09-03 03:42:14.451510,2026-10-02,0.0813123271337519,P,660.0,0.58,0.65,0.64,57.0,196.0,0.2742992492675781,2026-09-02 15:40:05+00:00,765.1599731445312,0.037720000743865965
2026-09-03 03:42:14.451510,2026-10-02,0.0813123271337519,P,665.0,0.63,0.7,0.67,28.0,286.0,0.26587648193359376,2026-09-02 18:35:53+00:00,765.1599731445312,0.037720000743865965
2026-09-03 03:42:14.451510,2026-10-02,0.0813123271337519,P,670.0,0.69,0.76,0.74,201.0,1688.0,0.2576978527832031,2026-09-02 19:54:46+00:00,765.1599731445312,0.037720000743865965
2026-09-03 03:42:14.451510,2026-10-02,0.0813123271337519,P,675.0,0.76,0.83,0.81,1049.0,834.0,0.24976336181640624,2026-09-02 19:52:51+00:00,765.1599731445312,0.037720000743865965
2026-09-03 03:42:14.451510,2026-10-02,0.0813123271337519,P,680.0,0.83,0.91,0.92,53.0,1299.0,0.24182887084960938,2026-09-02 15:47:27+00:00,765.1599731445312,0.037720000743865965
2026-09-03 03:42:14.451510,2026-10-02,0.0813123271337519,P,685.0,0.96,1.08,0.96,23.0,335.0,0.2375564526367187,2026-09-02 20:14:59+00:00,765.1599731445312,0.037720000743865965
2026-09-03 03:42:14.451510,2026-10-02,0.0813123271337519,P,690.0,1.02,1.11,1.09,61.0,767.0,0.22620402709960938,2026-09-02 19:56:47+00:00,765.1599731445312,0.037720000743865965
2026-09-03 03:42:14.451510,2026-10-02,0.0813123271337519,P,695.0,1.14,1.23,1.17,45.0,859.0,0.21833057067871092,2026-09-02 19:24:19+00:00,765.1599731445312,0.037720000743865965
2026-09-03 03:42:14.451510,2026-10-02,0.0813123271337519,P,700.0,1.28,1.37,1.34,3092.0,1547.0,0.21051814880371095,2026-09-02 20:03:42+00:00,765.1599731445312,0.037720000743865965
2026-09-03 03:42:14.451510,2026-10-02,0.0813123271337519,P,705.0,1.45,1.55,1.52,69.0,1394.0,0.20325503784179685,2026-09-02 19:15:46+00:00,765.1599731445312,0.037720000743865965
2026-09-03 03:42:14.451510,2026-10-02,0.0813123271337519,P,710.0,1.65,1.75,1.7,150.0,1796.0,0.19568675415039063,2026-09-02 20:14:48+00:00,765.1599731445312,0.037720000743865965
2026-09-03 03:42:14.451510,2026-10-02,0.0813123271337519,P,715.0,1.9,2.0,1.99,213.0,1198.0,0.188484677734375,2026-09-02 19:40:10+00:00,765.1599731445312,0.037720000743865965
2026-09-03 03:42:14.451510,2026-10-02,0.0813123271337519,P,720.0,2.05,2.52,2.25,323.0,1086.0,0.18640950317382812,2026-09-02 20:14:43+00:00,765.1599731445312,0.037720000743865965
2026-09-03 03:42:14.451510,2026-10-02,0.0813123271337519,P,721.0,2.03,2.6,2.41,1.0,183.0,0.18518881225585934,2026-09-02 14:28:21+00:00,765.1599731445312,0.037720000743865965
2026-09-03 03:42:14.451510,2026-10-02,0.0813123271337519,P,722.0,2.09,2.67,2.4,25.0,368.0,0.18366294860839844,2026-09-02 19:46:35+00:00,765.1599731445312,0.037720000743865965
2026-09-03 03:42:14.451510,2026-10-02,0.0813123271337519,P,723.0,2.14,2.77,2.47,28.0,1467.0,0.18274743041992186,2026-09-02 19:46:35+00:00,765.1599731445312,0.037720000743865965
2026-09-03 03:42:14.451510,2026-10-02,0.0813123271337519,P,724.0,2.21,2.84,2.52,67.0,1471.0,0.18113001495361325,2026-09-02 20:14:21+00:00,765.1599731445312,0.037720000743865965
2026-09-03 03:42:14.451510,2026-10-02,0.0813123271337519,P,725.0,2.28,3.02,2.62,294.0,722.0,0.18167932586669922,2026-09-02 20:11:53+00:00,765.1599731445312,0.037720000743865965
2026-09-03 03:42:14.451510,2026-10-02,0.0813123271337519,P,726.0,2.36,3.01,2.68,3.0,103.0,0.1783224258422852,2026-09-02 19:18:58+00:00,765.1599731445312,0.037720000743865965
2026-09-03 03:42:14.451510,2026-10-02,0.0813123271337519,P,727.0,2.44,3.1,2.76,103.0,481.0,0.1769491485595703,2026-09-02 19:16:37+00:00,765.1599731445312,0.037720000743865965
2026-09-03 03:42:14.451510,2026-10-02,0.0813123271337519,P,728.0,2.54,3.17,2.91,6.0,342.0,0.1751181121826172,2026-09-02 19:58:51+00:00,765.1599731445312,0.037720000743865965
2026-09-03 03:42:14.451510,2026-10-02,0.0813123271337519,P,729.0,2.51,3.27,2.94,20.0,244.0,0.1738058694458008,2026-09-02 20:08:45+00:00,765.1599731445312,0.037720000743865965
2026-09-03 03:42:14.451510,2026-10-02,0.0813123271337519,P,730.0,2.71,3.4,3.05,2453.0,4452.0,0.1729819030761719,2026-09-02 20:11:53+00:00,765.1599731445312,0.037720000743865965
2026-09-03 03:42:14.451510,2026-10-02,0.0813123271337519,P,731.0,2.78,3.49,3.13,12.0,246.0,0.17133397033691405,2026-09-02 20:03:42+00:00,765.1599731445312,0.037720000743865965
2026-09-03 03:42:14.451510,2026-10-02,0.0813123271337519,P,732.0,2.9,3.57,3.24,22.0,489.0,0.1694418994140625,2026-09-02 20:14:43+00:00,765.1599731445312,0.037720000743865965
2026-09-03 03:42:14.451510,2026-10-02,0.0813123271337519,P,733.0,3.0,3.69,3.4,34.0,113.0,0.1682212084960938,2026-09-02 19:58:51+00:00,765.1599731445312,0.037720000743865965
2026-09-03 03:42:14.451510,2026-10-02,0.0813123271337519,P,734.0,3.1,3.8,3.65,195.0,238.0,0.1667563793945313,2026-09-02 17:42:31+00:00,765.1599731445312,0.037720000743865965
2026-09-03 03:42:14.451510,2026-10-02,0.0813123271337519,P,735.0,3.55,3.92,3.61,122.0,725.0,0.16535258483886722,2026-09-02 18:37:26+00:00,765.1599731445312,0.037720000743865965
2026-09-03 03:42:14.451510,2026-10-02,0.0813123271337519,P,736.0,3.3,4.07,3.68,6.0,335.0,0.16440654937744142,2026-09-02 18:24:59+00:00,765.1599731445312,0.037720000743865965
2026-09-03 03:42:14.451510,2026-10-02,0.0813123271337519,P,737.0,3.31,4.31,3.79,30.0,265.0,0.16477275665283203,2026-09-02 18:31:19+00:00,765.1599731445312,0.037720000743865965
2026-09-03 03:42:14.451510,2026-10-02,0.0813123271337519,P,738.0,3.43,4.44,3.93,20.0,119.0,0.16330792755126955,2026-09-02 20:10:10+00:00,765.1599731445312,0.037720000743865965
2026-09-03 03:42:14.451510,2026-10-02,0.0813123271337519,P,739.0,3.67,4.47,4.03,12.0,228.0,0.16019516571044923,2026-09-02 19:15:07+00:00,765.1599731445312,0.037720000743865965
2026-09-03 03:42:14.451510,2026-10-02,0.0813123271337519,P,740.0,4.0,5.28,4.21,134.0,1835.0,0.16877051940917973,2026-09-02 20:14:21+00:00,765.1599731445312,0.037720000743865965
2026-09-03 03:42:14.451510,2026-10-02,0.0813123271337519,P,741.0,3.94,4.77,4.43,306.0,446.0,0.15750964569091797,2026-09-02 15:27:14+00:00,765.1599731445312,0.037720000743865965
2026-09-03 03:42:14.451510,2026-10-02,0.0813123271337519,P,742.0,4.08,4.92,4.49,16.0,203.0,0.15604481658935548,2026-09-02 20:14:43+00:00,765.1599731445312,0.037720000743865965
2026-09-03 03:42:14.451510,2026-10-02,0.0813123271337519,P,743.0,4.11,5.21,4.86,5.0,196.0,0.15650257568359377,2026-09-02 16:53:22+00:00,765.1599731445312,0.037720000743865965
2026-09-03 03:42:14.451510,2026-10-02,0.0813123271337519,P,744.0,4.26,5.26,4.88,29.0,446.0,0.15342033111572267,2026-09-02 19:52:21+00:00,765.1599731445312,0.037720000743865965
2026-09-03 03:42:14.451510,2026-10-02,0.0813123271337519,P,745.0,4.55,5.2,5.01,680.0,710.0,0.14872067108154297,2026-09-02 20:03:42+00:00,765.1599731445312,0.037720000743865965
2026-09-03 03:42:14.451510,2026-10-02,0.0813123271337519,P,746.0,4.59,5.75,5.27,110.0,154.0,0.1524742956542969,2026-09-02 19:53:32+00:00,765.1599731445312,0.037720000743865965
2026-09-03 03:42:14.451510,2026-10-02,0.0813123271337519,P,747.0,4.76,5.94,5.47,59.0,188.0,0.15107050109863285,2026-09-02 18:00:43+00:00,765.1599731445312,0.037720000743865965
2026-09-03 03:42:14.451510,2026-10-02,0.0813123271337519,P,748.0,5.08,6.15,5.53,29.0,250.0,0.14984981018066407,2026-09-02 20:10:10+00:00,765.1599731445312,0.037720000743865965
2026-09-03 03:42:14.451510,2026-10-02,0.0813123271337519,P,749.0,5.14,6.36,5.8,21.0,438.0,0.14850705017089844,2026-09-02 15:40:45+00:00,765.1599731445312,0.037720000743865965
2026-09-03 03:42:14.451510,2026-10-02,0.0813123271337519,P,750.0,5.5,6.5,5.93,627.0,3730.0,0.14618773742675778,2026-09-02 20:14:21+00:00,765.1599731445312,0.037720000743865965
2026-09-03 03:42:14.451510,2026-10-02,0.0813123271337519,P,751.0,5.54,6.8,6.17,114.0,340.0,0.14579101287841795,2026-09-02 19:19:21+00:00,765.1599731445312,0.037720000743865965
2026-09-03 03:42:14.451510,2026-10-02,0.0813123271337519,P,752.0,5.76,7.04,6.4,108.0,205.0,0.1445398046875,2026-09-02 19:19:02+00:00,765.1599731445312,0.037720000743865965
2026-09-03 03:42:14.451510,2026-10-02,0.0813123271337519,P,753.0,5.99,7.29,6.79,15.0,323.0,0.14328859649658204,2026-09-02 19:56:43+00:00,765.1599731445312,0.037720000743865965
2026-09-03 03:42:14.451510,2026-10-02,0.0813123271337519,P,754.0,6.22,7.55,7.03,138.0,244.0,0.14203738830566404,2026-09-02 19:56:47+00:00,765.1599731445312,0.037720000743865965
2026-09-03 03:42:14.451510,2026-10-02,0.0813123271337519,P,755.0,6.2,7.68,7.15,164.0,887.0,0.13907721282958985,2026-09-02 20:14:28+00:00,765.1599731445312,0.037720000743865965
2026-09-03 03:42:14.451510,2026-10-02,0.0813123271337519,P,756.0,6.72,8.09,7.46,160.0,348.0,0.13941290283203128,2026-09-02 20:01:17+00:00,765.1599731445312,0.037720000743865965
2026-09-03 03:42:14.451510,2026-10-02,0.0813123271337519,P,757.0,6.99,8.38,7.79,97.0,466.0,0.13814643600463866,2026-09-02 19:41:03+00:00,765.1599731445312,0.037720000743865965
2026-09-03 03:42:14.451510,2026-10-02,0.0813123271337519,P,758.0,7.45,8.55,8.16,63.0,91.0,0.13535410552978522,2026-09-02 19:56:47+00:00,765.1599731445312,0.037720000743865965
2026-09-03 03:42:14.451510,2026-10-02,0.0813123271337519,P,759.0,7.74,8.87,8.44,82.0,296.0,0.13419444915771483,2026-09-02 19:53:17+00:00,765.1599731445312,0.037720000743865965
2026-09-03 03:42:14.451510,2026-10-02,0.0813123271337519,P,760.0,8.06,9.59,8.62,8135.0,1369.0,0.1375513491821289,2026-09-02 20:02:36+00:00,765.1599731445312,0.037720000743865965
2026-09-03 03:42:14.451510,2026-10-02,0.0813123271337519,P,761.0,8.37,9.67,8.93,227.0,505.0,0.1333094482421875,2026-09-02 19:43:46+00:00,765.1599731445312,0.037720000743865965
2026-09-03 03:42:14.451510,2026-10-02,0.0813123271337519,P,762.0,8.52,10.03,9.21,167.0,595.0,0.13219556777954106,2026-09-02 20:06:09+00:00,765.1599731445312,0.037720000743865965
2026-09-03 03:42:14.451510,2026-10-02,0.0813123271337519,P,763.0,9.06,10.2,9.68,244.0,372.0,0.1287318572998047,2026-09-02 20:02:15+00:00,765.1599731445312,0.037720000743865965
2026-09-03 03:42:14.451510,2026-10-02,0.0813123271337519,P,764.0,9.91,10.79,10.06,582.0,284.0,0.1299525482177734,2026-09-02 20:01:17+00:00,765.1599731445312,0.037720000743865965
2026-09-03 03:42:14.451510,2026-10-02,0.0813123271337519,P,765.0,9.81,10.75,10.36,1073.0,1140.0,0.12380331771850586,2026-09-02 20:05:32+00:00,765.1599731445312,0.037720000743865965
2026-09-03 03:42:14.451510,2026-10-02,0.0813123271337519,P,766.0,10.0,11.61,10.94,292.0,682.0,0.1277858218383789,2026-09-02 19:59:08+00:00,765.1599731445312,0.037720000743865965
2026-09-03 03:42:14.451510,2026-10-02,0.0813123271337519,P,767.0,10.41,12.05,11.5,21.0,743.0,0.1267940104675293,2026-09-02 19:56:06+00:00,765.1599731445312,0.037720000743865965
2026-09-03 03:42:14.451510,2026-10-02,0.0813123271337519,P,768.0,10.84,12.5,11.68,29.0,177.0,0.12575642318725588,2026-09-02 19:32:11+00:00,765.1599731445312,0.037720000743865965
2026-09-03 03:42:14.451510,2026-10-02,0.0813123271337519,P,769.0,11.28,12.98,12.1,38.0,199.0,0.12488668090820312,2026-09-02 20:12:08+00:00,765.1599731445312,0.037720000743865965
2026-09-03 03:42:14.451510,2026-10-02,0.0813123271337519,P,770.0,12.46,13.25,12.53,51.0,461.0,0.12142297042846678,2026-09-02 20:08:00+00:00,765.1599731445312,0.037720000743865965
2026-09-03 03:42:14.451510,2026-10-02,0.0813123271337519,P,771.0,12.23,13.98,15.62,2.0,267.0,0.12310142044067385,2026-09-01 17:48:57+00:00,765.1599731445312,0.037720000743865965
2026-09-03 03:42:14.451510,2026-10-02,0.0813123271337519,P,772.0,12.73,14.51,14.6,3.0,112.0,0.12229271270751954,2026-09-02 14:07:33+00:00,765.1599731445312,0.037720000743865965
2026-09-03 03:42:14.451510,2026-10-02,0.0813123271337519,P,773.0,13.25,15.06,14.08,1.0,394.0,0.12152978088378906,2026-09-02 16:04:35+00:00,765.1599731445312,0.037720000743865965
2026-09-03 03:42:14.451510,2026-10-02,0.0813123271337519,P,774.0,12.89,16.64,15.09,1.0,149.0,0.13288220642089843,2026-09-02 17:08:36+00:00,765.1599731445312,0.037720000743865965
2026-09-03 03:42:14.451510,2026-10-02,0.0813123271337519,P,775.0,15.05,15.55,15.47,35.0,230.0,0.11197787445068358,2026-09-02 17:55:59+00:00,765.1599731445312,0.037720000743865965
2026-09-03 03:42:14.451510,2026-10-02,0.0813123271337519,P,776.0,13.93,17.81,19.0,2.0,176.0,0.13160048095703125,2026-09-01 18:14:03+00:00,765.1599731445312,0.037720000743865965
2026-09-03 03:42:14.451510,2026-10-02,0.0813123271337519,P,777.0,14.63,18.42,17.73,3.0,87.0,0.13099013549804686,2026-09-02 14:13:07+00:00,765.1599731445312,0.037720000743865965
2026-09-03 03:42:14.451510,2026-10-02,0.0813123271337519,P,778.0,16.48,17.84,17.44,1.0,120.0,0.11513641220092774,2026-09-02 14:22:09+00:00,765.1599731445312,0.037720000743865965
2026-09-03 03:42:14.451510,2026-10-02,0.0813123271337519,P,779.0,15.83,19.71,17.83,4.0,181.0,0.13016616912841794,2026-09-02 19:36:34+00:00,765.1599731445312,0.037720000743865965
2026-09-03 03:42:14.451510,2026-10-02,0.0813123271337519,P,780.0,18.14,18.78,18.9,30.0,378.0,0.10859045715332032,2026-09-02 18:46:30+00:00,765.1599731445312,0.037720000743865965
2026-09-03 03:42:14.451510,2026-10-02,0.0813123271337519,P,781.0,17.2,21.07,19.2,2.0,19.0,0.12955582366943358,2026-08-31 18:37:05+00:00,765.1599731445312,0.037720000743865965
2026-09-03 03:42:14.451510,2026-10-02,0.0813123271337519,P,782.0,17.91,21.78,20.22,10.0,17.0,0.1294032373046875,2026-08-31 13:47:15+00:00,765.1599731445312,0.037720000743865965
2026-09-03 03:42:14.451510,2026-10-02,0.0813123271337519,P,783.0,20.16,22.52,20.61,1.0,1.0,0.12949478912353518,2026-09-02 14:55:42+00:00,765.1599731445312,0.037720000743865965
2026-09-03 03:42:14.451510,2026-10-02,0.0813123271337519,P,784.0,19.39,23.27,22.74,2.0,10.0,0.1295863409423828,2026-09-02 14:13:27+00:00,765.1599731445312,0.037720000743865965
2026-09-03 03:42:14.451510,2026-10-02,0.0813123271337519,P,785.0,21.76,24.04,22.11,12.0,20.0,0.12979996185302733,2026-09-02 19:12:52+00:00,765.1599731445312,0.037720000743865965
2026-09-03 03:42:14.451510,2026-10-02,0.0813123271337519,P,786.0,20.94,24.82,25.97,3.0,4.0,0.13001358276367186,2026-09-01 13:32:25+00:00,765.1599731445312,0.037720000743865965
2026-09-03 03:42:14.451510,2026-10-02,0.0813123271337519,P,787.0,21.74,25.62,20.48,1.0,12.0,0.13037979003906247,2026-08-17 19:31:53+00:00,765.1599731445312,0.037720000743865965
2026-09-03 03:42:14.451510,2026-10-02,0.0813123271337519,P,789.0,23.39,27.27,21.78,20.0,21.0,0.13147841186523437,2026-08-27 18:01:53+00:00,765.1599731445312,0.037720000743865965
2026-09-03 03:42:14.451510,2026-10-02,0.0813123271337519,P,790.0,24.25,28.12,26.3,9.0,1.0,0.13227186096191407,2026-09-02 19:22:00+00:00,765.1599731445312,0.037720000743865965
2026-09-03 03:42:14.451510,2026-10-02,0.0813123271337519,P,792.0,26.02,29.85,23.8,,1.0,0.1339808282470703,2026-08-28 13:38:15+00:00,765.1599731445312,0.037720000743865965
2026-09-03 03:42:14.451510,2026-10-02,0.0813123271337519,P,795.0,30.0,32.53,25.82,,1.0,0.13727669372558599,2026-08-28 13:40:36+00:00,765.1599731445312,0.037720000743865965
2026-09-03 03:42:14.451510,2026-10-02,0.0813123271337519,P,796.0,29.64,33.45,32.0,4.0,14.0,0.13868048828125001,2026-08-31 14:25:00+00:00,765.1599731445312,0.037720000743865965
2026-09-03 03:42:14.451510,2026-10-02,0.0813123271337519,P,797.0,30.56,34.37,35.24,,11.0,0.14002324829101562,2026-08-20 19:59:43+00:00,765.1599731445312,0.037720000743865965
2026-09-03 03:42:14.451510,2026-10-02,0.0813123271337519,P,799.0,32.42,36.25,34.0,,1.0,0.14331911376953127,2026-08-26 13:53:10+00:00,765.1599731445312,0.037720000743865965
2026-09-03 03:42:14.451510,2026-10-02,0.0813123271337519,P,800.0,35.2,37.19,35.4,17.0,486.0,0.14487549468994143,2026-09-02 18:18:41+00:00,765.1599731445312,0.037720000743865965
2026-09-03 03:42:14.451510,2026-10-02,0.0813123271337519,P,802.0,35.26,39.1,38.0,,1.0,0.148446015625,2026-08-20 18:48:29+00:00,765.1599731445312,0.037720000743865965
2026-09-03 03:42:14.451510,2026-10-02,0.0813123271337519,P,806.0,39.26,42.98,35.8,,1.0,0.15644154113769532,2026-08-27 20:01:56+00:00,765.1599731445312,0.037720000743865965
2026-09-03 03:42:14.451510,2026-10-02,0.0813123271337519,P,811.0,44.17,47.89,44.56,,,0.1671225866699219,2026-08-26 20:01:33+00:00,765.1599731445312,0.037720000743865965
2026-09-03 03:42:14.451510,2026-10-02,0.0813123271337519,P,816.0,49.12,52.84,50.88,1.0,1.0,0.17829190856933597,2026-09-02 14:27:07+00:00,765.1599731445312,0.037720000743865965
2026-09-03 03:42:14.451510,2026-10-02,0.0813123271337519,P,830.0,63.05,66.77,60.04,,0.0,0.20941952697753902,2026-08-19 19:30:36+00:00,765.1599731445312,0.037720000743865965
2026-09-03 03:42:14.451510,2026-10-02,0.0813123271337519,P,855.0,88.01,91.71,88.2,1.0,1.0,0.2622144091796875,2026-08-31 18:16:36+00:00,765.1599731445312,0.037720000743865965
2026-09-03 03:42:14.451510,2026-10-30,0.1580246559008752,C,470.0,0.0,0.0,269.45,,0.0,1.0000000000000003e-05,2026-05-19 15:24:46+00:00,765.1599731445312,0.037720000743865965
2026-09-03 03:42:14.451510,2026-10-30,0.1580246559008752,C,475.0,289.53,292.71,280.94,,15.0,0.57617611328125,2026-07-13 14:16:47+00:00,765.1599731445312,0.037720000743865965
2026-09-03 03:42:14.451510,2026-10-30,0.1580246559008752,C,480.0,284.59,287.77,276.16,,1.0,0.5701947277832031,2026-07-13 14:16:47+00:00,765.1599731445312,0.037720000743865965
2026-09-03 03:42:14.451510,2026-10-30,0.1580246559008752,C,490.0,274.96,279.08,277.15,10.0,70.0,0.6047402807617189,2026-08-25 15:51:50+00:00,765.1599731445312,0.037720000743865965
2026-09-03 03:42:14.451510,2026-10-30,0.1580246559008752,C,500.0,264.83,268.01,257.14,15.0,0.0,0.5438278039550781,2026-07-06 16:03:02+00:00,765.1599731445312,0.037720000743865965
2026-09-03 03:42:14.451510,2026-10-30,0.1580246559008752,C,520.0,245.29,249.41,227.68,2.0,8.0,0.5509078112792969,2026-07-28 15:49:46+00:00,765.1599731445312,0.037720000743865965
2026-09-03 03:42:14.451510,2026-10-30,0.1580246559008752,C,530.0,229.04,232.46,212.98,,2.0,1.0000000000000003e-05,2026-06-10 14:52:40+00:00,765.1599731445312,0.037720000743865965
2026-09-03 03:42:14.451510,2026-10-30,0.1580246559008752,C,545.0,220.39,224.75,219.34,1.0,2.0,0.5029346582031251,2026-09-01 17:17:41+00:00,765.1599731445312,0.037720000743865965
2026-09-03 03:42:14.451510,2026-10-30,0.1580246559008752,C,550.0,215.5,219.79,217.38,2.0,1.0,0.5654950677490236,2026-09-02 19:55:51+00:00,765.1599731445312,0.037720000743865965
2026-09-03 03:42:14.451510,2026-10-30,0.1580246559008752,C,555.0,210.56,213.78,195.88,1.0,2.0,0.5228929547119141,2026-07-17 19:04:01+00:00,765.1599731445312,0.037720000743865965
2026-09-03 03:42:14.451510,2026-10-30,0.1580246559008752,C,560.0,205.57,209.89,217.1,4.0,4.0,0.5432784930419923,2026-08-10 18:26:07+00:00,765.1599731445312,0.037720000743865965
2026-09-03 03:42:14.451510,2026-10-30,0.1580246559008752,C,565.0,200.63,204.94,183.92,3.0,6.0,0.5321702056884765,2026-07-31 16:18:57+00:00,765.1599731445312,0.037720000743865965
2026-09-03 03:42:14.451510,2026-10-30,0.1580246559008752,C,570.0,195.7,200.08,206.62,1283.0,1285.0,0.523442265625,2026-08-28 14:50:07+00:00,765.1599731445312,0.037720000743865965
2026-09-03 03:42:14.451510,2026-10-30,0.1580246559008752,C,575.0,190.96,195.15,193.58,2.0,14.0,0.5128832891845703,2026-08-31 16:12:11+00:00,765.1599731445312,0.037720000743865965
2026-09-03 03:42:14.451510,2026-10-30,0.1580246559008752,C,580.0,186.03,190.18,197.46,176.0,178.0,0.5012867254638673,2026-08-28 15:16:58+00:00,765.1599731445312,0.037720000743865965
2026-09-03 03:42:14.451510,2026-10-30,0.1580246559008752,C,585.0,181.0,185.3,181.53,1.0,6.0,0.4919484399414063,2026-09-01 14:22:03+00:00,765.1599731445312,0.037720000743865965
2026-09-03 03:42:14.451510,2026-10-30,0.1580246559008752,C,590.0,176.0,180.41,157.18,27.0,31.0,0.4823049816894531,2026-07-30 17:52:21+00:00,765.1599731445312,0.037720000743865965
2026-09-03 03:42:14.451510,2026-10-30,0.1580246559008752,C,595.0,171.07,175.41,182.63,275.0,320.0,0.4700675552368164,2026-08-28 15:03:47+00:00,765.1599731445312,0.037720000743865965
2026-09-03 03:42:14.451510,2026-10-30,0.1580246559008752,C,600.0,166.15,170.55,168.34,1.0,26.0,0.46106495971679695,2026-09-02 16:35:32+00:00,765.1599731445312,0.037720000743865965
2026-09-03 03:42:14.451510,2026-10-30,0.1580246559008752,C,605.0,161.24,165.54,162.11,2.0,9.0,0.4486444296264648,2026-08-24 14:14:13+00:00,765.1599731445312,0.037720000743865965
2026-09-03 03:42:14.451510,2026-10-30,0.1580246559008752,C,610.0,156.51,160.74,166.44,7.0,37.0,0.4408014904785156,2026-08-10 19:56:52+00:00,765.1599731445312,0.037720000743865965
2026-09-03 03:42:14.451510,2026-10-30,0.1580246559008752,C,615.0,151.5,155.77,167.37,1.0,2.0,0.429265961303711,2026-08-13 15:16:01+00:00,765.1599731445312,0.037720000743865965
2026-09-03 03:42:14.451510,2026-10-30,0.1580246559008752,C,620.0,146.56,150.93,145.1,3.0,24.0,0.4204159521484375,2026-09-01 19:16:34+00:00,765.1599731445312,0.037720000743865965
2026-09-03 03:42:14.451510,2026-10-30,0.1580246559008752,C,625.0,141.99,145.22,138.49,2.0,0.0,0.39383540740966794,2026-07-15 13:53:22+00:00,765.1599731445312,0.037720000743865965
2026-09-03 03:42:14.451510,2026-10-30,0.1580246559008752,C,630.0,136.74,141.08,139.43,2.0,12.0,0.39905386108398444,2026-08-31 16:46:49+00:00,765.1599731445312,0.037720000743865965
2026-09-03 03:42:14.451510,2026-10-30,0.1580246559008752,C,635.0,131.86,136.19,133.02,1.0,132.0,0.38898316101074215,2026-09-01 14:31:42+00:00,765.1599731445312,0.037720000743865965
2026-09-03 03:42:14.451510,2026-10-30,0.1580246559008752,C,640.0,127.13,131.32,129.78,3.0,85.0,0.3792176336669921,2026-09-02 16:08:47+00:00,765.1599731445312,0.037720000743865965
2026-09-03 03:42:14.451510,2026-10-30,0.1580246559008752,C,641.0,126.46,129.71,117.69,3.0,3238.0,0.3655458953857422,2026-07-07 15:02:09+00:00,765.1599731445312,0.037720000743865965
2026-09-03 03:42:14.451510,2026-10-30,0.1580246559008752,C,642.0,125.03,129.37,136.47,50.0,53.0,0.37525038818359374,2026-08-28 14:59:20+00:00,765.1599731445312,0.037720000743865965
2026-09-03 03:42:14.451510,2026-10-30,0.1580246559008752,C,645.0,122.11,126.53,133.71,18.0,30.0,0.3707643490600586,2026-08-28 14:56:13+00:00,765.1599731445312,0.037720000743865965
2026-09-03 03:42:14.451510,2026-10-30,0.1580246559008752,C,646.0,121.63,124.88,118.61,8.0,9.0,0.3567569207763671,2026-07-10 15:31:15+00:00,765.1599731445312,0.037720000743865965
2026-09-03 03:42:14.451510,2026-10-30,0.1580246559008752,C,649.0,118.22,122.62,124.55,1.0,0.0,0.36255520263671875,2026-08-04 14:38:21+00:00,765.1599731445312,0.037720000743865965
2026-09-03 03:42:14.451510,2026-10-30,0.1580246559008752,C,650.0,117.78,121.51,118.02,1.0,98.0,0.35822174987792965,2026-09-01 14:22:43+00:00,765.1599731445312,0.037720000743865965
2026-09-03 03:42:14.451510,2026-10-30,0.1580246559008752,C,651.0,0.0,0.0,120.1,1.0,0.0,1.0000000000000003e-05,2026-05-29 18:01:09+00:00,765.1599731445312,0.037720000743865965
2026-09-03 03:42:14.451510,2026-10-30,0.1580246559008752,C,652.0,102.54,106.06,91.89,,2.0,1.0000000000000003e-05,2026-05-05 13:37:13+00:00,765.1599731445312,0.037720000743865965
2026-09-03 03:42:14.451510,2026-10-30,0.1580246559008752,C,654.0,113.86,117.7,121.7,,4.0,0.35166053619384763,2026-08-06 16:01:13+00:00,765.1599731445312,0.037720000743865965
2026-09-03 03:42:14.451510,2026-10-30,0.1580246559008752,C,655.0,112.89,116.66,110.0,25.0,66.0,0.3485477743530273,2026-09-01 18:42:52+00:00,765.1599731445312,0.037720000743865965
2026-09-03 03:42:14.451510,2026-10-30,0.1580246559008752,C,656.0,111.92,115.69,113.69,,23.0,0.34659466888427726,2026-08-20 18:17:44+00:00,765.1599731445312,0.037720000743865965
2026-09-03 03:42:14.451510,2026-10-30,0.1580246559008752,C,658.0,0.0,0.0,99.65,2.0,0.0,1.0000000000000003e-05,2026-05-18 19:04:25+00:00,765.1599731445312,0.037720000743865965
2026-09-03 03:42:14.451510,2026-10-30,0.1580246559008752,C,659.0,0.0,0.0,109.99,,0.0,1.0000000000000003e-05,2026-05-28 14:12:54+00:00,765.1599731445312,0.037720000743865965
2026-09-03 03:42:14.451510,2026-10-30,0.1580246559008752,C,660.0,108.05,111.82,109.62,51.0,26.0,0.3389043161010742,2026-09-02 19:47:19+00:00,765.1599731445312,0.037720000743865965
2026-09-03 03:42:14.451510,2026-10-30,0.1580246559008752,C,661.0,107.09,110.85,107.14,3.0,3.0,0.336920693359375,2026-08-31 14:32:29+00:00,765.1599731445312,0.037720000743865965
2026-09-03 03:42:14.451510,2026-10-30,0.1580246559008752,C,662.0,104.82,106.83,99.34,6.0,7.0,0.2805858074951171,2026-05-13 15:28:25+00:00,765.1599731445312,0.037720000743865965
2026-09-03 03:42:14.451510,2026-10-30,0.1580246559008752,C,664.0,104.19,107.96,108.77,1.0,1.0,0.33127499786376957,2026-08-20 16:39:03+00:00,765.1599731445312,0.037720000743865965
2026-09-03 03:42:14.451510,2026-10-30,0.1580246559008752,C,665.0,103.23,107.0,104.88,5.0,52.0,0.3294439614868163,2026-09-02 19:47:35+00:00,765.1599731445312,0.037720000743865965
2026-09-03 03:42:14.451510,2026-10-30,0.1580246559008752,C,666.0,99.26,102.74,93.89,1.0,2.0,0.26996579650878905,2026-06-12 16:13:16+00:00,765.1599731445312,0.037720000743865965
2026-09-03 03:42:14.451510,2026-10-30,0.1580246559008752,C,668.0,100.34,104.11,111.57,3.0,4.0,0.3237067141723632,2026-08-12 15:00:25+00:00,765.1599731445312,0.037720000743865965
2026-09-03 03:42:14.451510,2026-10-30,0.1580246559008752,C,669.0,96.53,99.9,78.44,,1.0,0.26654786193847657,2026-06-09 16:38:15+00:00,765.1599731445312,0.037720000743865965
2026-09-03 03:42:14.451510,2026-10-30,0.1580246559008752,C,670.0,98.41,102.19,100.48,1.0,25.0,0.31998360687255856,2026-08-31 14:21:00+00:00,765.1599731445312,0.037720000743865965
2026-09-03 03:42:14.451510,2026-10-30,0.1580246559008752,C,671.0,97.69,100.96,81.23,1.0,0.0,0.3140022213745117,2026-07-24 18:40:53+00:00,765.1599731445312,0.037720000743865965
2026-09-03 03:42:14.451510,2026-10-30,0.1580246559008752,C,672.0,96.49,100.26,108.72,1.0,4.0,0.31604687866210934,2026-08-11 15:10:47+00:00,765.1599731445312,0.037720000743865965
2026-09-03 03:42:14.451510,2026-10-30,0.1580246559008752,C,673.0,95.79,99.06,77.92,29.0,29.0,0.31058428680419914,2026-06-26 19:59:57+00:00,765.1599731445312,0.037720000743865965
2026-09-03 03:42:14.451510,2026-10-30,0.1580246559008752,C,674.0,94.58,98.35,98.38,1.0,3.0,0.3124153231811523,2026-08-04 13:51:44+00:00,765.1599731445312,0.037720000743865965
2026-09-03 03:42:14.451510,2026-10-30,0.1580246559008752,C,675.0,93.62,97.4,92.2,6.0,6.0,0.3106453213500976,2026-09-01 17:55:01+00:00,765.1599731445312,0.037720000743865965
2026-09-03 03:42:14.451510,2026-10-30,0.1580246559008752,C,677.0,91.71,95.48,104.03,1.0,3.0,0.30680014495849606,2026-08-11 15:11:03+00:00,765.1599731445312,0.037720000743865965
2026-09-03 03:42:14.451510,2026-10-30,0.1580246559008752,C,678.0,90.75,94.53,94.03,2.0,2.0,0.30499962585449214,2026-08-31 18:14:33+00:00,765.1599731445312,0.037720000743865965
2026-09-03 03:42:14.451510,2026-10-30,0.1580246559008752,C,679.0,89.79,93.58,92.51,1.0,3.0,0.3031991067504882,2026-08-31 14:17:44+00:00,765.1599731445312,0.037720000743865965
2026-09-03 03:42:14.451510,2026-10-30,0.1580246559008752,C,680.0,88.84,92.62,91.26,2.0,68.0,0.3012460012817383,2026-08-31 17:05:00+00:00,765.1599731445312,0.037720000743865965
2026-09-03 03:42:14.451510,2026-10-30,0.1580246559008752,C,681.0,87.89,91.66,91.2,3.0,18.0,0.29929289581298824,2026-08-20 17:36:39+00:00,765.1599731445312,0.037720000743865965
2026-09-03 03:42:14.451510,2026-10-30,0.1580246559008752,C,682.0,86.93,90.7,91.39,1.0,2.0,0.2973245317077636,2026-08-21 19:44:16+00:00,765.1599731445312,0.037720000743865965
2026-09-03 03:42:14.451510,2026-10-30,0.1580246559008752,C,683.0,85.98,89.77,89.74,1.0,1.0,0.29575289215087885,2026-08-26 19:49:22+00:00,765.1599731445312,0.037720000743865965
2026-09-03 03:42:14.451510,2026-10-30,0.1580246559008752,C,684.0,85.03,88.82,88.42,2.0,2.0,0.2939218557739257,2026-08-20 17:36:38+00:00,765.1599731445312,0.037720000743865965
2026-09-03 03:42:14.451510,2026-10-30,0.1580246559008752,C,685.0,84.08,87.87,86.71,4.0,16.0,0.29206030212402334,2026-08-26 13:30:06+00:00,765.1599731445312,0.037720000743865965
2026-09-03 03:42:14.451510,2026-10-30,0.1580246559008752,C,686.0,83.14,86.92,84.09,1.0,19.0,0.2901987484741211,2026-09-01 16:06:20+00:00,765.1599731445312,0.037720000743865965
2026-09-03 03:42:14.451510,2026-10-30,0.1580246559008752,C,687.0,82.19,85.98,85.64,18.0,9.0,0.2884592639160155,2026-08-20 17:36:38+00:00,765.1599731445312,0.037720000743865965
2026-09-03 03:42:14.451510,2026-10-30,0.1580246559008752,C,688.0,81.24,85.03,87.67,47.0,2714.0,0.286567192993164,2026-08-28 18:03:31+00:00,765.1599731445312,0.037720000743865965
2026-09-03 03:42:14.451510,2026-10-30,0.1580246559008752,C,689.0,80.29,84.09,86.49,30.0,2857.0,0.28481244979858394,2026-08-28 19:55:04+00:00,765.1599731445312,0.037720000743865965
2026-09-03 03:42:14.451510,2026-10-30,0.1580246559008752,C,690.0,79.35,83.13,77.4,12.0,658.0,0.28278305114746094,2026-09-01 19:56:05+00:00,765.1599731445312,0.037720000743865965
2026-09-03 03:42:14.451510,2026-10-30,0.1580246559008752,C,691.0,78.41,82.19,83.32,10.0,2.0,0.280982532043457,2026-08-21 19:49:28+00:00,765.1599731445312,0.037720000743865965
2026-09-03 03:42:14.451510,2026-10-30,0.1580246559008752,C,692.0,77.46,81.24,82.39,10.0,142.0,0.2790599438476562,2026-08-21 19:49:28+00:00,765.1599731445312,0.037720000743865965
2026-09-03 03:42:14.451510,2026-10-30,0.1580246559008752,C,693.0,76.52,80.32,82.34,17.0,1802.0,0.2775188215637207,2026-08-28 17:44:15+00:00,765.1599731445312,0.037720000743865965
2026-09-03 03:42:14.451510,2026-10-30,0.1580246559008752,C,694.0,75.58,79.38,78.12,1.0,28.0,0.2757030438232422,2026-08-31 14:42:59+00:00,765.1599731445312,0.037720000743865965
2026-09-03 03:42:14.451510,2026-10-30,0.1580246559008752,C,695.0,74.64,78.44,76.52,1.0,1791.0,0.27387200744628903,2026-09-02 18:37:15+00:00,765.1599731445312,0.037720000743865965
2026-09-03 03:42:14.451510,2026-10-30,0.1580246559008752,C,696.0,73.71,77.5,77.9,5.0,22.0,0.2720257124328613,2026-08-21 15:18:08+00:00,765.1599731445312,0.037720000743865965
2026-09-03 03:42:14.451510,2026-10-30,0.1580246559008752,C,697.0,72.77,76.56,73.18,4.0,7.0,0.27017941741943363,2026-09-01 15:52:16+00:00,765.1599731445312,0.037720000743865965
2026-09-03 03:42:14.451510,2026-10-30,0.1580246559008752,C,698.0,71.84,75.63,77.58,4.0,1056.0,0.26843993286132806,2026-08-28 17:00:59+00:00,765.1599731445312,0.037720000743865965
2026-09-03 03:42:14.451510,2026-10-30,0.1580246559008752,C,699.0,70.9,74.68,71.59,3.0,48.0,0.26642579284667967,2026-09-01 15:56:45+00:00,765.1599731445312,0.037720000743865965
2026-09-03 03:42:14.451510,2026-10-30,0.1580246559008752,C,700.0,69.97,73.78,72.46,7.0,1257.0,0.2650219982910156,2026-09-02 15:41:24+00:00,765.1599731445312,0.037720000743865965
2026-09-03 03:42:14.451510,2026-10-30,0.1580246559008752,C,701.0,69.04,72.83,72.02,1.0,1.0,0.2630078582763672,2026-08-31 17:43:38+00:00,765.1599731445312,0.037720000743865965
2026-09-03 03:42:14.451510,2026-10-30,0.1580246559008752,C,702.0,68.11,71.9,72.12,1.0,2.0,0.2612073391723633,2026-08-31 19:59:10+00:00,765.1599731445312,0.037720000743865965
2026-09-03 03:42:14.451510,2026-10-30,0.1580246559008752,C,703.0,67.18,70.98,65.99,3.0,4.0,0.25951363052368165,2026-08-03 15:45:41+00:00,765.1599731445312,0.037720000743865965
2026-09-03 03:42:14.451510,2026-10-30,0.1580246559008752,C,704.0,66.98,70.23,61.5,24.0,30.0,0.2598340618896484,2026-07-21 18:39:07+00:00,765.1599731445312,0.037720000743865965
2026-09-03 03:42:14.451510,2026-10-30,0.1580246559008752,C,705.0,65.33,69.1,67.08,1.0,54.0,0.2556226782226563,2026-09-02 19:47:45+00:00,765.1599731445312,0.037720000743865965
2026-09-03 03:42:14.451510,2026-10-30,0.1580246559008752,C,706.0,0.0,0.0,73.77,,0.0,1.0000000000000003e-05,2026-06-01 20:03:23+00:00,765.1599731445312,0.037720000743865965
2026-09-03 03:42:14.451510,2026-10-30,0.1580246559008752,C,707.0,63.49,67.26,66.46,1.0,3.0,0.25212845046997073,2026-08-20 18:26:01+00:00,765.1599731445312,0.037720000743865965
2026-09-03 03:42:14.451510,2026-10-30,0.1580246559008752,C,708.0,62.57,66.34,75.43,2.0,15.0,0.250358448638916,2026-08-10 16:33:40+00:00,765.1599731445312,0.037720000743865965
2026-09-03 03:42:14.451510,2026-10-30,0.1580246559008752,C,709.0,61.65,65.47,63.94,7.0,9.0,0.24915301635742187,2026-08-31 15:03:16+00:00,765.1599731445312,0.037720000743865965
2026-09-03 03:42:14.451510,2026-10-30,0.1580246559008752,C,710.0,60.74,64.51,62.38,7.0,793.0,0.2468947381591797,2026-09-02 19:54:41+00:00,765.1599731445312,0.037720000743865965
2026-09-03 03:42:14.451510,2026-10-30,0.1580246559008752,C,711.0,59.82,63.6,59.18,5.0,97.0,0.24518577087402343,2026-09-01 13:37:32+00:00,765.1599731445312,0.037720000743865965
2026-09-03 03:42:14.451510,2026-10-30,0.1580246559008752,C,712.0,58.91,62.69,59.92,1.0,36.0,0.2434768035888672,2026-09-02 14:23:19+00:00,765.1599731445312,0.037720000743865965
2026-09-03 03:42:14.451510,2026-10-30,0.1580246559008752,C,713.0,58.0,61.77,66.14,3.0,25.0,0.24161524993896483,2026-08-27 18:04:45+00:00,765.1599731445312,0.037720000743865965
2026-09-03 03:42:14.451510,2026-10-30,0.1580246559008752,C,714.0,57.31,60.88,57.63,2.0,26.0,0.2400893862915039,2026-09-01 15:55:47+00:00,765.1599731445312,0.037720000743865965
2026-09-03 03:42:14.451510,2026-10-30,0.1580246559008752,C,715.0,56.19,60.0,56.64,1.0,993.0,0.23863981582641602,2026-09-01 14:25:58+00:00,765.1599731445312,0.037720000743865965
2026-09-03 03:42:14.451510,2026-10-30,0.1580246559008752,C,716.0,55.29,59.07,61.53,1.0,13.0,0.23662567581176758,2026-08-20 13:30:30+00:00,765.1599731445312,0.037720000743865965
2026-09-03 03:42:14.451510,2026-10-30,0.1580246559008752,C,717.0,54.39,58.2,58.29,1.0,22.0,0.2352371398925781,2026-08-25 13:59:53+00:00,765.1599731445312,0.037720000743865965
2026-09-03 03:42:14.451510,2026-10-30,0.1580246559008752,C,718.0,53.49,57.28,61.5,5.0,19.0,0.23329929306030273,2026-08-28 13:53:11+00:00,765.1599731445312,0.037720000743865965
2026-09-03 03:42:14.451510,2026-10-30,0.1580246559008752,C,719.0,52.8,56.38,54.46,4.0,104.0,0.23154454986572265,2026-09-02 15:11:27+00:00,765.1599731445312,0.037720000743865965
2026-09-03 03:42:14.451510,2026-10-30,0.1580246559008752,C,720.0,51.7,55.48,50.82,6.0,951.0,0.22977454803466796,2026-09-01 18:28:42+00:00,765.1599731445312,0.037720000743865965
2026-09-03 03:42:14.451510,2026-10-30,0.1580246559008752,C,721.0,50.81,54.59,50.18,1.0,7.0,0.22809609802246095,2026-09-01 17:14:45+00:00,765.1599731445312,0.037720000743865965
2026-09-03 03:42:14.451510,2026-10-30,0.1580246559008752,C,722.0,49.92,53.68,52.22,10.0,50.0,0.2261887684631348,2026-08-31 19:23:36+00:00,765.1599731445312,0.037720000743865965
2026-09-03 03:42:14.451510,2026-10-30,0.1580246559008752,C,723.0,49.3,52.84,50.69,2.0,32.0,0.2249833361816406,2026-09-02 16:59:25+00:00,765.1599731445312,0.037720000743865965
2026-09-03 03:42:14.451510,2026-10-30,0.1580246559008752,C,724.0,48.23,51.92,50.48,2.0,55.0,0.22290816162109373,2026-09-02 14:49:32+00:00,765.1599731445312,0.037720000743865965
2026-09-03 03:42:14.451510,2026-10-30,0.1580246559008752,C,725.0,47.28,51.04,46.98,2.0,506.0,0.22124497024536133,2026-09-01 16:30:45+00:00,765.1599731445312,0.037720000743865965
2026-09-03 03:42:14.451510,2026-10-30,0.1580246559008752,C,726.0,46.44,49.96,49.45,3.0,79.0,0.21752186294555664,2026-08-31 17:49:09+00:00,765.1599731445312,0.037720000743865965
2026-09-03 03:42:14.451510,2026-10-30,0.1580246559008752,C,727.0,45.56,49.09,55.42,1.0,49.0,0.21591970611572264,2026-08-28 15:11:50+00:00,765.1599731445312,0.037720000743865965
2026-09-03 03:42:14.451510,2026-10-30,0.1580246559008752,C,728.0,44.76,48.24,49.92,10.0,278.0,0.21448539428710936,2026-08-28 19:29:13+00:00,765.1599731445312,0.037720000743865965
2026-09-03 03:42:14.451510,2026-10-30,0.1580246559008752,C,729.0,43.8,47.39,46.2,3.0,94.0,0.21302056518554688,2026-09-02 16:00:20+00:00,765.1599731445312,0.037720000743865965
2026-09-03 03:42:14.451510,2026-10-30,0.1580246559008752,C,730.0,42.97,46.56,45.89,9.0,884.0,0.21173883972167967,2026-09-02 16:00:04+00:00,765.1599731445312,0.037720000743865965
2026-09-03 03:42:14.451510,2026-10-30,0.1580246559008752,C,731.0,42.33,45.71,43.45,5.0,88.0,0.21021297607421874,2026-09-02 18:48:12+00:00,765.1599731445312,0.037720000743865965
2026-09-03 03:42:14.451510,2026-10-30,0.1580246559008752,C,732.0,41.23,44.88,43.1,6.0,66.0,0.2088549574279785,2026-09-02 18:47:58+00:00,765.1599731445312,0.037720000743865965
2026-09-03 03:42:14.451510,2026-10-30,0.1580246559008752,C,733.0,41.77,44.04,42.04,5.0,69.0,0.2073748696899414,2026-09-02 19:42:10+00:00,765.1599731445312,0.037720000743865965
2026-09-03 03:42:14.451510,2026-10-30,0.1580246559008752,C,734.0,41.03,43.21,41.89,7.0,38.0,0.2059405578613281,2026-09-02 18:30:53+00:00,765.1599731445312,0.037720000743865965
2026-09-03 03:42:14.451510,2026-10-30,0.1580246559008752,C,735.0,38.87,42.38,40.07,8.0,212.0,0.20449098739624016,2026-09-02 17:22:28+00:00,765.1599731445312,0.037720000743865965
2026-09-03 03:42:14.451510,2026-10-30,0.1580246559008752,C,736.0,37.89,41.57,39.84,6.0,58.0,0.20319400329589843,2026-09-02 17:22:08+00:00,765.1599731445312,0.037720000743865965
2026-09-03 03:42:14.451510,2026-10-30,0.1580246559008752,C,737.0,38.33,39.34,38.82,5.0,99.0,0.188484677734375,2026-09-02 19:21:24+00:00,765.1599731445312,0.037720000743865965
2026-09-03 03:42:14.451510,2026-10-30,0.1580246559008752,C,738.0,37.5,38.53,43.76,2.0,142.0,0.18720295227050782,2026-08-27 15:19:53+00:00,765.1599731445312,0.037720000743865965
2026-09-03 03:42:14.451510,2026-10-30,0.1580246559008752,C,739.0,35.46,39.0,34.55,4.0,203.0,0.19777718734741212,2026-09-01 19:45:45+00:00,765.1599731445312,0.037720000743865965
2026-09-03 03:42:14.451510,2026-10-30,0.1580246559008752,C,740.0,36.27,36.7,36.79,57.0,1752.0,0.1825948440551758,2026-09-02 18:18:47+00:00,765.1599731445312,0.037720000743865965
2026-09-03 03:42:14.451510,2026-10-30,0.1580246559008752,C,741.0,34.06,36.06,35.55,2.0,162.0,0.1827779476928711,2026-09-02 19:21:28+00:00,765.1599731445312,0.037720000743865965
2026-09-03 03:42:14.451510,2026-10-30,0.1580246559008752,C,742.0,33.02,36.62,42.0,1.0,370.0,0.19379468322753907,2026-08-28 14:48:45+00:00,765.1599731445312,0.037720000743865965
2026-09-03 03:42:14.451510,2026-10-30,0.1580246559008752,C,743.0,33.44,34.43,34.99,3.0,1064.0,0.17978725494384767,2026-08-24 15:30:23+00:00,765.1599731445312,0.037720000743865965
2026-09-03 03:42:14.451510,2026-10-30,0.1580246559008752,C,744.0,31.65,34.79,33.75,12.0,240.0,0.1887898504638672,2026-09-02 15:21:43+00:00,765.1599731445312,0.037720000743865965
2026-09-03 03:42:14.451510,2026-10-30,0.1580246559008752,C,745.0,31.85,32.85,32.55,3.0,986.0,0.1770864762878418,2026-09-02 18:18:46+00:00,765.1599731445312,0.037720000743865965
2026-09-03 03:42:14.451510,2026-10-30,0.1580246559008752,C,746.0,30.07,32.07,30.94,4.0,288.0,0.17575897491455078,2026-09-01 15:44:57+00:00,765.1599731445312,0.037720000743865965
2026-09-03 03:42:14.451510,2026-10-30,0.1580246559008752,C,747.0,28.97,32.72,28.71,2.0,25.0,0.18697407272338867,2026-09-01 17:05:49+00:00,765.1599731445312,0.037720000743865965
2026-09-03 03:42:14.451510,2026-10-30,0.1580246559008752,C,748.0,28.51,31.95,30.88,1.0,33.0,0.1855702781677246,2026-08-31 15:11:24+00:00,765.1599731445312,0.037720000743865965
2026-09-03 03:42:14.451510,2026-10-30,0.1580246559008752,C,749.0,27.43,31.28,29.16,4.0,361.0,0.1849904499816894,2026-09-02 19:54:41+00:00,765.1599731445312,0.037720000743865965
2026-09-03 03:42:14.451510,2026-10-30,0.1580246559008752,C,750.0,28.37,28.81,28.32,195.0,2491.0,0.1687857780456543,2026-09-02 19:54:41+00:00,765.1599731445312,0.037720000743865965
2026-09-03 03:42:14.451510,2026-10-30,0.1580246559008752,C,751.0,26.03,29.74,27.76,4.0,67.0,0.1819539813232422,2026-09-02 19:46:58+00:00,765.1599731445312,0.037720000743865965
2026-09-03 03:42:14.451510,2026-10-30,0.1580246559008752,C,752.0,26.16,28.12,25.0,1.0,183.0,0.17308871353149413,2026-09-01 13:41:40+00:00,765.1599731445312,0.037720000743865965
2026-09-03 03:42:14.451510,2026-10-30,0.1580246559008752,C,753.0,25.39,27.34,31.67,6.0,12.0,0.17141026351928712,2026-08-28 15:59:29+00:00,765.1599731445312,0.037720000743865965
2026-09-03 03:42:14.451510,2026-10-30,0.1580246559008752,C,754.0,24.67,26.61,26.04,1.0,148.0,0.17009802078247072,2026-08-31 14:36:29+00:00,765.1599731445312,0.037720000743865965
2026-09-03 03:42:14.451510,2026-10-30,0.1580246559008752,C,755.0,24.72,25.11,24.57,10.0,647.0,0.1622245643615723,2026-09-02 16:51:10+00:00,765.1599731445312,0.037720000743865965
2026-09-03 03:42:14.451510,2026-10-30,0.1580246559008752,C,756.0,23.24,25.15,24.64,1.0,39.0,0.16732094894409183,2026-09-02 15:24:00+00:00,765.1599731445312,0.037720000743865965
2026-09-03 03:42:14.451510,2026-10-30,0.1580246559008752,C,757.0,22.91,23.52,23.48,33.0,172.0,0.1583030947875977,2026-09-02 19:38:11+00:00,765.1599731445312,0.037720000743865965
2026-09-03 03:42:14.451510,2026-10-30,0.1580246559008752,C,758.0,22.21,23.19,23.05,46.0,22.0,0.1601493898010254,2026-09-02 18:18:47+00:00,765.1599731445312,0.037720000743865965
2026-09-03 03:42:14.451510,2026-10-30,0.1580246559008752,C,759.0,21.53,22.5,20.45,20.0,86.0,0.15892869888305666,2026-09-01 20:07:26+00:00,765.1599731445312,0.037720000743865965
2026-09-03 03:42:14.451510,2026-10-30,0.1580246559008752,C,760.0,20.85,21.83,21.3,35.0,3536.0,0.15779955978393556,2026-09-02 20:00:01+00:00,765.1599731445312,0.037720000743865965
2026-09-03 03:42:14.451510,2026-10-30,0.1580246559008752,C,761.0,20.18,21.15,20.33,25.0,219.0,0.15651783432006838,2026-09-02 18:45:29+00:00,765.1599731445312,0.037720000743865965
2026-09-03 03:42:14.451510,2026-10-30,0.1580246559008752,C,762.0,19.53,20.49,19.96,21.0,193.0,0.15535817794799806,2026-09-02 19:22:07+00:00,765.1599731445312,0.037720000743865965
2026-09-03 03:42:14.451510,2026-10-30,0.1580246559008752,C,763.0,18.88,19.83,19.26,11.0,20.0,0.15412222839355472,2026-09-02 20:00:59+00:00,765.1599731445312,0.037720000743865965
2026-09-03 03:42:14.451510,2026-10-30,0.1580246559008752,C,764.0,18.24,19.19,18.72,18.0,166.0,0.152977830657959,2026-09-02 19:48:07+00:00,765.1599731445312,0.037720000743865965
2026-09-03 03:42:14.451510,2026-10-30,0.1580246559008752,C,765.0,17.61,18.56,18.22,93.0,1137.0,0.1518639501953125,2026-09-02 20:07:01+00:00,765.1599731445312,0.037720000743865965
2026-09-03 03:42:14.451510,2026-10-30,0.1580246559008752,C,766.0,16.99,18.4,17.55,59.0,427.0,0.15453421157836916,2026-09-02 20:06:17+00:00,765.1599731445312,0.037720000743865965
2026-09-03 03:42:14.451510,2026-10-30,0.1580246559008752,C,767.0,16.06,17.33,16.93,103.0,1094.0,0.14965144790649415,2026-09-02 20:12:52+00:00,765.1599731445312,0.037720000743865965
2026-09-03 03:42:14.451510,2026-10-30,0.1580246559008752,C,768.0,15.79,16.73,16.37,20.0,621.0,0.1485680847167969,2026-09-02 20:07:26+00:00,765.1599731445312,0.037720000743865965
2026-09-03 03:42:14.451510,2026-10-30,0.1580246559008752,C,769.0,15.2,16.14,15.25,53.0,243.0,0.14748472152709963,2026-09-02 19:00:56+00:00,765.1599731445312,0.037720000743865965
2026-09-03 03:42:14.451510,2026-10-30,0.1580246559008752,C,770.0,14.63,15.56,14.94,128.0,3654.0,0.14641661697387692,2026-09-02 19:54:41+00:00,765.1599731445312,0.037720000743865965
2026-09-03 03:42:14.451510,2026-10-30,0.1580246559008752,C,771.0,14.06,15.0,14.42,28.0,262.0,0.14544006423950195,2026-09-02 19:37:31+00:00,765.1599731445312,0.037720000743865965
2026-09-03 03:42:14.451510,2026-10-30,0.1580246559008752,C,772.0,13.51,14.44,13.98,24.0,138.0,0.1443719596862793,2026-09-02 19:45:12+00:00,765.1599731445312,0.037720000743865965
2026-09-03 03:42:14.451510,2026-10-30,0.1580246559008752,C,773.0,12.97,13.9,13.37,64.0,242.0,0.1434106655883789,2026-09-02 20:00:14+00:00,765.1599731445312,0.037720000743865965
2026-09-03 03:42:14.451510,2026-10-30,0.1580246559008752,C,774.0,12.44,13.36,12.64,17.0,454.0,0.14235781967163086,2026-09-02 19:59:30+00:00,765.1599731445312,0.037720000743865965
2026-09-03 03:42:14.451510,2026-10-30,0.1580246559008752,C,775.0,11.93,13.45,12.45,144.0,5250.0,0.14649291015625,2026-09-02 20:10:20+00:00,765.1599731445312,0.037720000743865965
2026-09-03 03:42:14.451510,2026-10-30,0.1580246559008752,C,776.0,11.16,12.7,11.84,15.0,214.0,0.1435327346801758,2026-09-02 20:04:29+00:00,765.1599731445312,0.037720000743865965
2026-09-03 03:42:14.451510,2026-10-30,0.1580246559008752,C,777.0,10.67,12.2,11.24,17.0,330.0,0.14258669921875,2026-09-02 19:34:21+00:00,765.1599731445312,0.037720000743865965
2026-09-03 03:42:14.451510,2026-10-30,0.1580246559008752,C,778.0,10.2,11.71,10.71,91.0,842.0,0.1416254051208496,2026-09-02 19:59:40+00:00,765.1599731445312,0.037720000743865965
2026-09-03 03:42:14.451510,2026-10-30,0.1580246559008752,C,779.0,9.74,11.23,10.56,26.0,395.0,0.14067936965942385,2026-09-02 15:55:45+00:00,765.1599731445312,0.037720000743865965
2026-09-03 03:42:14.451510,2026-10-30,0.1580246559008752,C,780.0,9.54,10.43,10.05,261.0,6882.0,0.1368799691772461,2026-09-02 20:06:52+00:00,765.1599731445312,0.037720000743865965
2026-09-03 03:42:14.451510,2026-10-30,0.1580246559008752,C,781.0,9.11,9.98,9.45,11.0,671.0,0.13597970962524414,2026-09-02 18:17:08+00:00,765.1599731445312,0.037720000743865965
2026-09-03 03:42:14.451510,2026-10-30,0.1580246559008752,C,782.0,8.68,9.87,9.08,8.0,332.0,0.13799384963989259,2026-09-02 20:04:29+00:00,765.1599731445312,0.037720000743865965
2026-09-03 03:42:14.451510,2026-10-30,0.1580246559008752,C,783.0,7.34,9.7,7.81,19.0,21179.0,0.1394281614685059,2026-09-02 13:49:38+00:00,765.1599731445312,0.037720000743865965
2026-09-03 03:42:14.451510,2026-10-30,0.1580246559008752,C,784.0,7.87,8.72,7.35,5.0,98.0,0.13355358642578125,2026-09-01 19:59:38+00:00,765.1599731445312,0.037720000743865965
2026-09-03 03:42:14.451510,2026-10-30,0.1580246559008752,C,785.0,7.49,9.32,7.77,191.0,6414.0,0.1417932501220703,2026-09-02 19:59:06+00:00,765.1599731445312,0.037720000743865965
2026-09-03 03:42:14.451510,2026-10-30,0.1580246559008752,C,786.0,6.89,8.24,6.66,5.0,207.0,0.13477427734375003,2026-09-01 19:59:38+00:00,765.1599731445312,0.037720000743865965
2026-09-03 03:42:14.451510,2026-10-30,0.1580246559008752,C,787.0,6.54,7.86,7.15,62.0,145.0,0.1339808282470703,2026-09-02 18:18:45+00:00,765.1599731445312,0.037720000743865965
2026-09-03 03:42:14.451510,2026-10-30,0.1580246559008752,C,788.0,6.41,7.22,6.51,2.0,267.0,0.13062392822265623,2026-09-02 19:01:29+00:00,765.1599731445312,0.037720000743865965
2026-09-03 03:42:14.451510,2026-10-30,0.1580246559008752,C,789.0,5.87,7.15,6.34,67.0,298.0,0.13257703369140628,2026-09-02 19:39:15+00:00,765.1599731445312,0.037720000743865965
2026-09-03 03:42:14.451510,2026-10-30,0.1580246559008752,C,790.0,5.76,6.54,6.01,37.0,6011.0,0.12925065093994142,2026-09-02 19:42:07+00:00,765.1599731445312,0.037720000743865965
2026-09-03 03:42:14.451510,2026-10-30,0.1580246559008752,C,791.0,5.24,6.49,5.95,2.0,42.0,0.13128004959106443,2026-09-02 14:21:59+00:00,765.1599731445312,0.037720000743865965
2026-09-03 03:42:14.451510,2026-10-30,0.1580246559008752,C,792.0,4.95,6.17,5.89,1.0,53.0,0.1305781523132324,2026-09-02 14:45:46+00:00,765.1599731445312,0.037720000743865965
2026-09-03 03:42:14.451510,2026-10-30,0.1580246559008752,C,793.0,4.67,5.87,4.9,1.0,250.0,0.12998306549072264,2026-09-02 14:02:07+00:00,765.1599731445312,0.037720000743865965
2026-09-03 03:42:14.451510,2026-10-30,0.1580246559008752,C,794.0,4.41,5.58,4.84,2.0,165.0,0.1294032373046875,2026-09-02 19:39:15+00:00,765.1599731445312,0.037720000743865965
2026-09-03 03:42:14.451510,2026-10-30,0.1580246559008752,C,795.0,4.37,4.95,4.66,26.0,666.0,0.12505452590942384,2026-09-02 20:03:37+00:00,765.1599731445312,0.037720000743865965
2026-09-03 03:42:14.451510,2026-10-30,0.1580246559008752,C,796.0,4.11,4.78,4.39,38.0,104.0,0.12549702636718751,2026-09-02 19:54:51+00:00,765.1599731445312,0.037720000743865965
2026-09-03 03:42:14.451510,2026-10-30,0.1580246559008752,C,797.0,3.85,4.55,4.26,2.0,1725.0,0.12522237091064453,2026-09-02 18:18:47+00:00,765.1599731445312,0.037720000743865965
2026-09-03 03:42:14.451510,2026-10-30,0.1580246559008752,C,798.0,3.63,4.31,3.84,11.0,201.0,0.1247035772705078,2026-09-02 19:10:48+00:00,765.1599731445312,0.037720000743865965
2026-09-03 03:42:14.451510,2026-10-30,0.1580246559008752,C,799.0,3.42,3.99,3.67,4.0,490.0,0.12317771362304689,2026-09-02 19:54:40+00:00,765.1599731445312,0.037720000743865965
2026-09-03 03:42:14.451510,2026-10-30,0.1580246559008752,C,800.0,3.21,3.86,3.5,187.0,16248.0,0.12375754180908202,2026-09-02 19:49:00+00:00,765.1599731445312,0.037720000743865965
2026-09-03 03:42:14.451510,2026-10-30,0.1580246559008752,C,801.0,3.01,3.65,3.6,14.0,785.0,0.12331504135131838,2026-09-02 15:25:38+00:00,765.1599731445312,0.037720000743865965
2026-09-03 03:42:14.451510,2026-10-30,0.1580246559008752,C,802.0,2.6,3.71,2.98,6.0,547.0,0.1261684063720703,2026-09-02 18:51:07+00:00,765.1599731445312,0.037720000743865965
2026-09-03 03:42:14.451510,2026-10-30,0.1580246559008752,C,803.0,2.65,3.26,2.85,15.0,2327.0,0.12247581634521486,2026-09-02 19:10:48+00:00,765.1599731445312,0.037720000743865965
2026-09-03 03:42:14.451510,2026-10-30,0.1580246559008752,C,804.0,2.48,3.08,3.02,1.0,764.0,0.12210960906982424,2026-09-02 15:25:38+00:00,765.1599731445312,0.037720000743865965
2026-09-03 03:42:14.451510,2026-10-30,0.1580246559008752,C,805.0,2.07,3.19,2.54,345.0,925.0,0.1255885781860352,2026-09-02 19:53:10+00:00,765.1599731445312,0.037720000743865965
2026-09-03 03:42:14.451510,2026-10-30,0.1580246559008752,C,806.0,2.17,2.75,2.43,7.0,350.0,0.12149926361083985,2026-09-02 16:44:47+00:00,765.1599731445312,0.037720000743865965
2026-09-03 03:42:14.451510,2026-10-30,0.1580246559008752,C,807.0,2.03,2.88,2.29,33.0,696.0,0.12528340545654298,2026-09-02 20:01:58+00:00,765.1599731445312,0.037720000743865965
2026-09-03 03:42:14.451510,2026-10-30,0.1580246559008752,C,808.0,1.9,2.45,2.08,11.0,1066.0,0.1209194354248047,2026-09-02 19:55:59+00:00,765.1599731445312,0.037720000743865965
2026-09-03 03:42:14.451510,2026-10-30,0.1580246559008752,C,809.0,1.77,2.31,2.1,19.0,512.0,0.1206142626953125,2026-09-02 14:25:56+00:00,765.1599731445312,0.037720000743865965
2026-09-03 03:42:14.451510,2026-10-30,0.1580246559008752,C,810.0,1.65,2.17,1.84,51.0,3050.0,0.12024805541992187,2026-09-02 19:25:04+00:00,765.1599731445312,0.037720000743865965
2026-09-03 03:42:14.451510,2026-10-30,0.1580246559008752,C,811.0,1.54,2.05,1.77,33.0,413.0,0.12006495178222655,2026-09-02 19:54:51+00:00,765.1599731445312,0.037720000743865965
2026-09-03 03:42:14.451510,2026-10-30,0.1580246559008752,C,812.0,1.43,1.93,1.57,3.0,92.0,0.1198208135986328,2026-09-02 18:51:34+00:00,765.1599731445312,0.037720000743865965
2026-09-03 03:42:14.451510,2026-10-30,0.1580246559008752,C,813.0,1.01,2.15,1.67,1.0,69.0,0.12534444000244144,2026-09-02 14:55:17+00:00,765.1599731445312,0.037720000743865965
2026-09-03 03:42:14.451510,2026-10-30,0.1580246559008752,C,814.0,0.91,2.05,1.45,8.0,195.0,0.12543599182128906,2026-09-02 19:50:43+00:00,765.1599731445312,0.037720000743865965
2026-09-03 03:42:14.451510,2026-10-30,0.1580246559008752,C,815.0,1.34,1.43,1.28,24.0,2459.0,0.11563994720458985,2026-09-02 19:06:08+00:00,765.1599731445312,0.037720000743865965
2026-09-03 03:42:14.451510,2026-10-30,0.1580246559008752,C,816.0,0.73,1.87,1.26,4.0,318.0,0.1257716818237305,2026-09-02 19:57:21+00:00,765.1599731445312,0.037720000743865965
2026-09-03 03:42:14.451510,2026-10-30,0.1580246559008752,C,817.0,0.65,1.78,1.0,8.0,1240.0,0.1258327163696289,2026-09-01 18:10:56+00:00,765.1599731445312,0.037720000743865965
2026-09-03 03:42:14.451510,2026-10-30,0.1580246559008752,C,818.0,1.09,1.7,1.01,1.0,625.0,0.1260158200073242,2026-09-01 19:51:12+00:00,765.1599731445312,0.037720000743865965
2026-09-03 03:42:14.451510,2026-10-30,0.1580246559008752,C,819.0,0.5,1.63,1.02,1.0,152.0,0.1263209927368164,2026-09-02 14:07:37+00:00,765.1599731445312,0.037720000743865965
2026-09-03 03:42:14.451510,2026-10-30,0.1580246559008752,C,820.0,0.96,1.04,0.96,41.0,1063.0,0.11499908447265625,2026-09-02 19:37:41+00:00,765.1599731445312,0.037720000743865965
2026-09-03 03:42:14.451510,2026-10-30,0.1580246559008752,C,821.0,0.4,1.49,0.9,719.0,129.0,0.1267787518310547,2026-09-02 19:53:57+00:00,765.1599731445312,0.037720000743865965
2026-09-03 03:42:14.451510,2026-10-30,0.1580246559008752,C,822.0,0.31,1.43,0.82,742.0,64.0,0.1271449591064453,2026-09-02 17:19:24+00:00,765.1599731445312,0.037720000743865965
2026-09-03 03:42:14.451510,2026-10-30,0.1580246559008752,C,823.0,0.25,1.38,0.64,4.0,47.0,0.12766375274658204,2026-09-01 18:42:42+00:00,765.1599731445312,0.037720000743865965
2026-09-03 03:42:14.451510,2026-10-30,0.1580246559008752,C,824.0,0.31,1.32,0.7,1.0,786.0,0.1279078909301758,2026-09-02 14:00:08+00:00,765.1599731445312,0.037720000743865965
2026-09-03 03:42:14.451510,2026-10-30,0.1580246559008752,C,825.0,0.69,0.76,0.68,172.0,702.0,0.11481598083496095,2026-09-02 19:37:41+00:00,765.1599731445312,0.037720000743865965
2026-09-03 03:42:14.451510,2026-10-30,0.1580246559008752,C,826.0,0.11,1.23,0.53,1.0,34.0,0.12894547821044922,2026-09-01 19:44:00+00:00,765.1599731445312,0.037720000743865965
2026-09-03 03:42:14.451510,2026-10-30,0.1580246559008752,C,827.0,0.07,1.19,0.62,1.0,58.0,0.12952530639648438,2026-09-02 16:45:48+00:00,765.1599731445312,0.037720000743865965
2026-09-03 03:42:14.451510,2026-10-30,0.1580246559008752,C,828.0,0.03,1.15,0.58,1.0,30.0,0.1300746173095703,2026-09-02 14:14:01+00:00,765.1599731445312,0.037720000743865965
2026-09-03 03:42:14.451510,2026-10-30,0.1580246559008752,C,829.0,0.53,1.12,0.68,1.0,66.0,0.13080703186035153,2026-08-31 19:44:08+00:00,765.1599731445312,0.037720000743865965
2026-09-03 03:42:14.451510,2026-10-30,0.1580246559008752,C,830.0,0.5,0.57,0.52,101.0,9930.0,0.11548736083984376,2026-09-02 18:18:47+00:00,765.1599731445312,0.037720000743865965
2026-09-03 03:42:14.451510,2026-10-30,0.1580246559008752,C,831.0,0.47,1.05,0.38,6.0,32.0,0.1320277227783203,2026-09-01 18:52:19+00:00,765.1599731445312,0.037720000743865965
2026-09-03 03:42:14.451510,2026-10-30,0.1580246559008752,C,832.0,0.44,1.0,0.46,680.0,692.0,0.132119274597168,2026-09-02 16:56:09+00:00,765.1599731445312,0.037720000743865965
2026-09-03 03:42:14.451510,2026-10-30,0.1580246559008752,C,833.0,0.41,1.0,0.42,6.0,103.0,0.1336146209716797,2026-09-02 18:09:38+00:00,765.1599731445312,0.037720000743865965
2026-09-03 03:42:14.451510,2026-10-30,0.1580246559008752,C,834.0,0.39,0.97,0.48,1.0,109.0,0.13422496643066406,2026-08-31 17:42:28+00:00,765.1599731445312,0.037720000743865965
2026-09-03 03:42:14.451510,2026-10-30,0.1580246559008752,C,835.0,0.37,0.95,0.38,179.0,445.0,0.13507945007324224,2026-09-02 16:39:58+00:00,765.1599731445312,0.037720000743865965
2026-09-03 03:42:14.451510,2026-10-30,0.1580246559008752,C,840.0,0.28,0.86,0.25,3.0,803.0,0.1394739373779297,2026-09-02 13:54:52+00:00,765.1599731445312,0.037720000743865965
2026-09-03 03:42:14.451510,2026-10-30,0.1580246559008752,C,845.0,0.21,0.79,0.23,20.0,469.0,0.14411256286621094,2026-09-02 19:51:25+00:00,765.1599731445312,0.037720000743865965
2026-09-03 03:42:14.451510,2026-10-30,0.1580246559008752,C,850.0,0.16,0.2,0.18,46.0,2022.0,0.12085840087890626,2026-09-02 20:00:49+00:00,765.1599731445312,0.037720000743865965
2026-09-03 03:42:14.451510,2026-10-30,0.1580246559008752,C,855.0,0.01,0.4,0.13,9.0,957.0,0.14026738647460937,2026-09-02 18:34:13+00:00,765.1599731445312,0.037720000743865965
2026-09-03 03:42:14.451510,2026-10-30,0.1580246559008752,C,860.0,0.09,0.15,0.13,302.0,1596.0,0.12732806274414063,2026-08-31 15:51:43+00:00,765.1599731445312,0.037720000743865965
2026-09-03 03:42:14.451510,2026-10-30,0.1580246559008752,C,865.0,0.08,0.66,0.11,3.0,836.0,0.16553568847656253,2026-08-31 19:35:03+00:00,765.1599731445312,0.037720000743865965
2026-09-03 03:42:14.451510,2026-10-30,0.1580246559008752,C,870.0,0.02,0.65,0.09,12.0,529.0,0.1713950048828125,2026-09-02 20:05:05+00:00,765.1599731445312,0.037720000743865965
2026-09-03 03:42:14.451510,2026-10-30,0.1580246559008752,C,875.0,0.06,0.63,0.13,2.0,374.0,0.17670501037597658,2026-08-24 19:47:47+00:00,765.1599731445312,0.037720000743865965
2026-09-03 03:42:14.451510,2026-10-30,0.1580246559008752,C,880.0,0.05,0.55,0.05,20.0,510.0,0.17884121948242188,2026-09-01 18:10:27+00:00,765.1599731445312,0.037720000743865965
2026-09-03 03:42:14.451510,2026-10-30,0.1580246559008752,C,885.0,0.04,0.5,0.05,40.0,270.0,0.18201501586914062,2026-08-31 17:14:51+00:00,765.1599731445312,0.037720000743865965
2026-09-03 03:42:14.451510,2026-10-30,0.1580246559008752,C,890.0,0.04,0.46,0.05,11.0,245.0,0.1854329504394531,2026-09-01 15:04:43+00:00,765.1599731445312,0.037720000743865965
2026-09-03 03:42:14.451510,2026-10-30,0.1580246559008752,C,895.0,0.03,0.06,0.05,24.0,64.0,0.14795773925781253,2026-09-02 18:38:36+00:00,765.1599731445312,0.037720000743865965
2026-09-03 03:42:14.451510,2026-10-30,0.1580246559008752,C,900.0,0.03,0.4,0.04,109.0,1424.0,0.1928791650390625,2026-09-02 20:07:01+00:00,765.1599731445312,0.037720000743865965
2026-09-03 03:42:14.451510,2026-10-30,0.1580246559008752,P,470.0,0.04,0.36,0.2,11.0,76185.0,0.5148974291992188,2026-09-02 17:10:50+00:00,765.1599731445312,0.037720000743865965
2026-09-03 03:42:14.451510,2026-10-30,0.1580246559008752,P,475.0,0.2,0.89,0.22,3.0,124.0,0.5324753784179688,2026-09-02 15:24:52+00:00,765.1599731445312,0.037720000743865965
2026-09-03 03:42:14.451510,2026-10-30,0.1580246559008752,P,480.0,0.21,0.9,0.23,2.0,419.0,0.5231981274414061,2026-08-28 15:06:16+00:00,765.1599731445312,0.037720000743865965
2026-09-03 03:42:14.451510,2026-10-30,0.1580246559008752,P,485.0,0.23,0.91,0.3,6.0,45.0,0.514653291015625,2026-09-01 19:12:37+00:00,765.1599731445312,0.037720000743865965
2026-09-03 03:42:14.451510,2026-10-30,0.1580246559008752,P,490.0,0.24,0.93,0.29,6.0,231.0,0.5061084545898438,2026-09-02 13:44:08+00:00,765.1599731445312,0.037720000743865965
2026-09-03 03:42:14.451510,2026-10-30,0.1580246559008752,P,495.0,0.25,0.48,0.28,46.0,162.0,0.4826711889648438,2026-09-02 16:06:32+00:00,765.1599731445312,0.037720000743865965
2026-09-03 03:42:14.451510,2026-10-30,0.1580246559008752,P,500.0,0.05,0.96,0.29,2.0,1095.0,0.5217332983398437,2026-09-02 19:24:16+00:00,765.1599731445312,0.037720000743865965
2026-09-03 03:42:14.451510,2026-10-30,0.1580246559008752,P,505.0,0.29,0.97,0.38,11.0,149.0,0.5117236328125,2026-09-01 19:54:17+00:00,765.1599731445312,0.037720000743865965
2026-09-03 03:42:14.451510,2026-10-30,0.1580246559008752,P,510.0,0.3,0.99,0.33,17.0,795.0,0.5025684509277344,2026-09-02 19:38:56+00:00,765.1599731445312,0.037720000743865965
2026-09-03 03:42:14.451510,2026-10-30,0.1580246559008752,P,515.0,0.26,1.01,0.35,54.0,368.0,0.4935353381347657,2026-09-02 19:44:17+00:00,765.1599731445312,0.037720000743865965
2026-09-03 03:42:14.451510,2026-10-30,0.1580246559008752,P,520.0,0.34,1.03,0.43,57.0,425.0,0.4845022253417969,2026-09-01 13:54:44+00:00,765.1599731445312,0.037720000743865965
2026-09-03 03:42:14.451510,2026-10-30,0.1580246559008752,P,525.0,0.17,0.85,0.39,3.0,478.0,0.4600884069824219,2026-09-02 17:10:50+00:00,765.1599731445312,0.037720000743865965
2026-09-03 03:42:14.451510,2026-10-30,0.1580246559008752,P,530.0,0.38,1.07,0.39,201.0,399.0,0.46631393066406257,2026-09-02 19:21:11+00:00,765.1599731445312,0.037720000743865965
2026-09-03 03:42:14.451510,2026-10-30,0.1580246559008752,P,535.0,0.26,0.9,0.42,204.0,136.0,0.4437311486816406,2026-09-02 17:42:23+00:00,765.1599731445312,0.037720000743865965
2026-09-03 03:42:14.451510,2026-10-30,0.1580246559008752,P,540.0,0.42,1.12,0.51,15.0,839.0,0.4489801196289062,2026-09-01 16:39:49+00:00,765.1599731445312,0.037720000743865965
2026-09-03 03:42:14.451510,2026-10-30,0.1580246559008752,P,545.0,0.44,1.14,0.47,1.0,372.0,0.43994700683593746,2026-09-02 16:16:02+00:00,765.1599731445312,0.037720000743865965
2026-09-03 03:42:14.451510,2026-10-30,0.1580246559008752,P,550.0,0.26,1.17,0.5,1.0,722.0,0.4315242395019532,2026-09-02 17:19:17+00:00,765.1599731445312,0.037720000743865965
2026-09-03 03:42:14.451510,2026-10-30,0.1580246559008752,P,555.0,0.5,1.2,0.6,1.0,455.0,0.42310147216796873,2026-09-01 16:49:32+00:00,765.1599731445312,0.037720000743865965
2026-09-03 03:42:14.451510,2026-10-30,0.1580246559008752,P,560.0,0.1,1.23,0.55,1.0,327.0,0.4146787048339844,2026-09-02 19:26:27+00:00,765.1599731445312,0.037720000743865965
2026-09-03 03:42:14.451510,2026-10-30,0.1580246559008752,P,565.0,0.56,1.26,0.6,7.0,201.0,0.4062559375,2026-09-02 15:57:51+00:00,765.1599731445312,0.037720000743865965
2026-09-03 03:42:14.451510,2026-10-30,0.1580246559008752,P,570.0,0.59,1.29,0.63,1.0,150710.0,0.39777213562011715,2026-09-02 14:47:45+00:00,765.1599731445312,0.037720000743865965
2026-09-03 03:42:14.451510,2026-10-30,0.1580246559008752,P,575.0,0.64,1.33,0.65,4.0,910.0,0.38977661010742193,2026-09-02 19:33:11+00:00,765.1599731445312,0.037720000743865965
2026-09-03 03:42:14.451510,2026-10-30,0.1580246559008752,P,580.0,0.66,0.79,0.78,2.0,3665.0,0.34802898071289057,2026-09-02 13:50:27+00:00,765.1599731445312,0.037720000743865965
2026-09-03 03:42:14.451510,2026-10-30,0.1580246559008752,P,585.0,0.7,1.35,0.73,5.0,280.0,0.3707338317871094,2026-08-28 15:40:57+00:00,765.1599731445312,0.037720000743865965
2026-09-03 03:42:14.451510,2026-10-30,0.1580246559008752,P,590.0,0.76,1.45,0.78,4.0,620.0,0.3654848608398438,2026-09-02 18:02:48+00:00,765.1599731445312,0.037720000743865965
2026-09-03 03:42:14.451510,2026-10-30,0.1580246559008752,P,595.0,0.78,1.5,0.99,13.0,21048.0,0.35767243896484374,2026-09-01 19:24:22+00:00,765.1599731445312,0.037720000743865965
2026-09-03 03:42:14.451510,2026-10-30,0.1580246559008752,P,600.0,0.83,1.55,0.88,27.0,20912.0,0.3498600170898437,2026-09-02 20:03:43+00:00,765.1599731445312,0.037720000743865965
2026-09-03 03:42:14.451510,2026-10-30,0.1580246559008752,P,605.0,0.88,1.58,0.92,85.0,552.0,0.34113207702636716,2026-09-02 19:37:23+00:00,765.1599731445312,0.037720000743865965
2026-09-03 03:42:14.451510,2026-10-30,0.1580246559008752,P,610.0,0.93,1.66,0.97,90.0,565.0,0.3343572424316406,2026-09-02 18:57:39+00:00,765.1599731445312,0.037720000743865965
2026-09-03 03:42:14.451510,2026-10-30,0.1580246559008752,P,615.0,1.0,1.33,1.03,7.0,632.0,0.3109199768066406,2026-09-02 19:22:17+00:00,765.1599731445312,0.037720000743865965
2026-09-03 03:42:14.451510,2026-10-30,0.1580246559008752,P,620.0,1.06,1.13,1.09,8.0,1653.0,0.2923654748535155,2026-09-02 19:22:22+00:00,765.1599731445312,0.037720000743865965
2026-09-03 03:42:14.451510,2026-10-30,0.1580246559008752,P,625.0,1.14,1.2,1.16,4.0,809.0,0.28613995117187496,2026-09-02 19:22:27+00:00,765.1599731445312,0.037720000743865965
2026-09-03 03:42:14.451510,2026-10-30,0.1580246559008752,P,630.0,1.2,1.28,1.26,13.0,1672.0,0.28003649658203117,2026-09-02 19:59:03+00:00,765.1599731445312,0.037720000743865965
2026-09-03 03:42:14.451510,2026-10-30,0.1580246559008752,P,635.0,1.28,1.36,1.32,11.0,671.0,0.27374993835449213,2026-09-02 19:27:05+00:00,765.1599731445312,0.037720000743865965
2026-09-03 03:42:14.451510,2026-10-30,0.1580246559008752,P,640.0,1.37,1.45,1.42,13.0,381.0,0.26758544921875,2026-09-02 19:45:38+00:00,765.1599731445312,0.037720000743865965
2026-09-03 03:42:14.451510,2026-10-30,0.1580246559008752,P,641.0,1.38,1.77,1.44,6.0,261.0,0.2766795965576171,2026-09-02 19:45:38+00:00,765.1599731445312,0.037720000743865965
2026-09-03 03:42:14.451510,2026-10-30,0.1580246559008752,P,642.0,1.14,1.79,1.48,6.0,130.0,0.27533683654785157,2026-08-31 19:50:01+00:00,765.1599731445312,0.037720000743865965
2026-09-03 03:42:14.451510,2026-10-30,0.1580246559008752,P,643.0,1.23,1.81,1.49,1.0,357.0,0.27399407653808594,2026-09-02 18:28:27+00:00,765.1599731445312,0.037720000743865965
2026-09-03 03:42:14.451510,2026-10-30,0.1580246559008752,P,644.0,1.18,1.83,1.51,1.0,389.0,0.2726513165283203,2026-09-02 19:51:51+00:00,765.1599731445312,0.037720000743865965
2026-09-03 03:42:14.451510,2026-10-30,0.1580246559008752,P,645.0,1.47,1.55,1.52,12.0,315.0,0.26148199462890626,2026-09-02 19:36:59+00:00,765.1599731445312,0.037720000743865965
2026-09-03 03:42:14.451510,2026-10-30,0.1580246559008752,P,646.0,1.22,1.87,1.76,2.0,139.0,0.26996579650878905,2026-09-02 13:32:18+00:00,765.1599731445312,0.037720000743865965
2026-09-03 03:42:14.451510,2026-10-30,0.1580246559008752,P,647.0,1.24,1.9,1.71,1.0,48.0,0.2688671746826171,2026-09-01 14:19:40+00:00,765.1599731445312,0.037720000743865965
2026-09-03 03:42:14.451510,2026-10-30,0.1580246559008752,P,648.0,1.26,1.92,1.67,1.0,402.0,0.26746338012695314,2026-08-27 18:44:49+00:00,765.1599731445312,0.037720000743865965
2026-09-03 03:42:14.451510,2026-10-30,0.1580246559008752,P,649.0,1.28,1.94,1.63,139.0,173.0,0.2661206201171875,2026-09-02 16:20:44+00:00,765.1599731445312,0.037720000743865965
2026-09-03 03:42:14.451510,2026-10-30,0.1580246559008752,P,650.0,1.57,1.66,1.64,107.0,14778.0,0.255439574584961,2026-09-02 19:52:13+00:00,765.1599731445312,0.037720000743865965
2026-09-03 03:42:14.451510,2026-10-30,0.1580246559008752,P,651.0,1.32,1.99,2.06,4.0,58.0,0.26355716918945316,2026-09-01 18:42:52+00:00,765.1599731445312,0.037720000743865965
2026-09-03 03:42:14.451510,2026-10-30,0.1580246559008752,P,652.0,1.34,2.01,1.73,3.0,316.0,0.26215337463378907,2026-08-31 19:11:29+00:00,765.1599731445312,0.037720000743865965
2026-09-03 03:42:14.451510,2026-10-30,0.1580246559008752,P,653.0,1.36,2.04,1.73,166.0,263.0,0.26099371826171874,2026-09-02 17:13:24+00:00,765.1599731445312,0.037720000743865965
2026-09-03 03:42:14.451510,2026-10-30,0.1580246559008752,P,654.0,1.38,2.06,2.4,10.0,71.0,0.2595899237060547,2026-08-19 19:55:55+00:00,765.1599731445312,0.037720000743865965
2026-09-03 03:42:14.451510,2026-10-30,0.1580246559008752,P,655.0,1.69,1.78,1.73,77.0,219.0,0.2493971545410156,2026-09-02 19:30:20+00:00,765.1599731445312,0.037720000743865965
2026-09-03 03:42:14.451510,2026-10-30,0.1580246559008752,P,656.0,1.43,2.12,1.96,4.0,183.0,0.2572095764160156,2026-08-27 13:58:15+00:00,765.1599731445312,0.037720000743865965
2026-09-03 03:42:14.451510,2026-10-30,0.1580246559008752,P,657.0,1.45,2.14,1.84,680.0,740.0,0.2557447473144532,2026-09-02 16:56:09+00:00,765.1599731445312,0.037720000743865965
2026-09-03 03:42:14.451510,2026-10-30,0.1580246559008752,P,658.0,1.48,2.17,2.13,2.0,80.0,0.25452405639648445,2026-09-01 17:33:23+00:00,765.1599731445312,0.037720000743865965
2026-09-03 03:42:14.451510,2026-10-30,0.1580246559008752,P,659.0,1.5,2.2,1.91,2.0,57.0,0.2533033654785156,2026-08-28 18:32:00+00:00,765.1599731445312,0.037720000743865965
2026-09-03 03:42:14.451510,2026-10-30,0.1580246559008752,P,660.0,1.81,1.91,1.85,10.0,600.0,0.2433547344970703,2026-09-02 19:09:44+00:00,765.1599731445312,0.037720000743865965
2026-09-03 03:42:14.451510,2026-10-30,0.1580246559008752,P,661.0,1.55,2.26,2.09,2.0,74.0,0.2508009490966796,2026-09-01 14:10:48+00:00,765.1599731445312,0.037720000743865965
2026-09-03 03:42:14.451510,2026-10-30,0.1580246559008752,P,662.0,1.58,2.29,2.2,2.0,814.0,0.24951922363281248,2026-09-02 13:31:29+00:00,765.1599731445312,0.037720000743865965
2026-09-03 03:42:14.451510,2026-10-30,0.1580246559008752,P,663.0,1.6,2.32,1.93,1.0,43.0,0.24826801544189453,2026-08-27 19:59:13+00:00,765.1599731445312,0.037720000743865965
2026-09-03 03:42:14.451510,2026-10-30,0.1580246559008752,P,664.0,1.92,2.35,2.04,742.0,65.0,0.24695577270507812,2026-09-02 17:19:24+00:00,765.1599731445312,0.037720000743865965
2026-09-03 03:42:14.451510,2026-10-30,0.1580246559008752,P,665.0,1.95,2.05,2.03,115.0,327.0,0.23725127990722655,2026-09-02 19:47:12+00:00,765.1599731445312,0.037720000743865965
2026-09-03 03:42:14.451510,2026-10-30,0.1580246559008752,P,666.0,1.68,2.27,2.15,1.0,41.0,0.24091335266113278,2026-09-01 14:32:48+00:00,765.1599731445312,0.037720000743865965
2026-09-03 03:42:14.451510,2026-10-30,0.1580246559008752,P,667.0,1.71,2.45,2.11,1.0,48.0,0.24326318267822267,2026-09-02 15:38:00+00:00,765.1599731445312,0.037720000743865965
2026-09-03 03:42:14.451510,2026-10-30,0.1580246559008752,P,668.0,1.74,2.48,2.24,1.0,51.0,0.24192042266845704,2026-09-01 14:52:42+00:00,765.1599731445312,0.037720000743865965
2026-09-03 03:42:14.451510,2026-10-30,0.1580246559008752,P,669.0,1.77,2.51,2.69,1.0,48.0,0.24054714538574218,2026-08-25 16:26:27+00:00,765.1599731445312,0.037720000743865965
2026-09-03 03:42:14.451510,2026-10-30,0.1580246559008752,P,670.0,2.1,2.21,2.2,35.0,75840.0,0.2312698944091797,2026-09-02 19:52:13+00:00,765.1599731445312,0.037720000743865965
2026-09-03 03:42:14.451510,2026-10-30,0.1580246559008752,P,671.0,1.83,2.58,2.48,1.0,71.0,0.23804472900390622,2026-09-02 13:56:16+00:00,765.1599731445312,0.037720000743865965
2026-09-03 03:42:14.451510,2026-10-30,0.1580246559008752,P,672.0,1.86,2.62,2.78,2.0,28.0,0.23688507263183595,2026-09-01 18:53:20+00:00,765.1599731445312,0.037720000743865965
2026-09-03 03:42:14.451510,2026-10-30,0.1580246559008752,P,673.0,1.9,2.66,2.3,1.0,318.0,0.23566438171386717,2026-09-02 15:32:40+00:00,765.1599731445312,0.037720000743865965
2026-09-03 03:42:14.451510,2026-10-30,0.1580246559008752,P,674.0,1.93,2.7,2.26,1.0,182.0,0.23450472534179687,2026-08-31 20:02:07+00:00,765.1599731445312,0.037720000743865965
2026-09-03 03:42:14.451510,2026-10-30,0.1580246559008752,P,675.0,2.27,2.38,2.33,1.0,521.0,0.22516643981933593,2026-09-02 18:06:27+00:00,765.1599731445312,0.037720000743865965
2026-09-03 03:42:14.451510,2026-10-30,0.1580246559008752,P,676.0,2.0,2.77,2.39,1.0,79.0,0.2318192053222656,2026-09-02 18:45:31+00:00,765.1599731445312,0.037720000743865965
2026-09-03 03:42:14.451510,2026-10-30,0.1580246559008752,P,677.0,2.03,2.81,2.93,11.0,165.0,0.23056799713134768,2026-09-01 20:03:52+00:00,765.1599731445312,0.037720000743865965
2026-09-03 03:42:14.451510,2026-10-30,0.1580246559008752,P,678.0,2.07,2.85,2.74,1.0,285.0,0.2293167889404297,2026-09-02 13:45:03+00:00,765.1599731445312,0.037720000743865965
2026-09-03 03:42:14.451510,2026-10-30,0.1580246559008752,P,679.0,2.1,2.9,2.47,243.0,218.0,0.2282181671142578,2026-08-31 20:05:43+00:00,765.1599731445312,0.037720000743865965
2026-09-03 03:42:14.451510,2026-10-30,0.1580246559008752,P,680.0,2.46,2.58,2.6,87.0,1188.0,0.21936815795898437,2026-09-02 16:53:31+00:00,765.1599731445312,0.037720000743865965
2026-09-03 03:42:14.451510,2026-10-30,0.1580246559008752,P,681.0,2.18,2.98,2.55,1.0,274.0,0.225593681640625,2026-09-02 19:45:08+00:00,765.1599731445312,0.037720000743865965
2026-09-03 03:42:14.451510,2026-10-30,0.1580246559008752,P,682.0,2.4,3.03,2.64,6.0,174.0,0.22449505981445309,2026-09-02 19:59:28+00:00,765.1599731445312,0.037720000743865965
2026-09-03 03:42:14.451510,2026-10-30,0.1580246559008752,P,683.0,2.58,3.07,2.67,19.0,1679.0,0.22315229980468748,2026-09-02 19:46:20+00:00,765.1599731445312,0.037720000743865965
2026-09-03 03:42:14.451510,2026-10-30,0.1580246559008752,P,684.0,2.3,3.12,2.69,14.0,508.0,0.22196212615966793,2026-09-02 19:26:16+00:00,765.1599731445312,0.037720000743865965
2026-09-03 03:42:14.451510,2026-10-30,0.1580246559008752,P,685.0,2.67,2.79,2.73,5.0,1288.0,0.21329522064208983,2026-09-02 18:06:27+00:00,765.1599731445312,0.037720000743865965
2026-09-03 03:42:14.451510,2026-10-30,0.1580246559008752,P,686.0,2.38,3.02,3.13,1.0,301.0,0.21573660247802734,2026-09-02 13:56:16+00:00,765.1599731445312,0.037720000743865965
2026-09-03 03:42:14.451510,2026-10-30,0.1580246559008752,P,687.0,2.42,3.05,3.22,2.0,128.0,0.21418022155761718,2026-09-02 13:32:18+00:00,765.1599731445312,0.037720000743865965
2026-09-03 03:42:14.451510,2026-10-30,0.1580246559008752,P,688.0,2.7,3.32,2.93,1.0,2777.0,0.2171098797607422,2026-09-02 15:25:39+00:00,765.1599731445312,0.037720000743865965
2026-09-03 03:42:14.451510,2026-10-30,0.1580246559008752,P,689.0,2.51,3.37,2.99,15.0,2696.0,0.215828154296875,2026-09-02 17:02:49+00:00,765.1599731445312,0.037720000743865965
2026-09-03 03:42:14.451510,2026-10-30,0.1580246559008752,P,690.0,2.9,3.03,2.96,50.0,1738.0,0.20734435241699217,2026-09-02 19:25:04+00:00,765.1599731445312,0.037720000743865965
2026-09-03 03:42:14.451510,2026-10-30,0.1580246559008752,P,691.0,2.6,3.47,3.09,4.0,143.0,0.21326470336914063,2026-09-02 18:01:28+00:00,765.1599731445312,0.037720000743865965
2026-09-03 03:42:14.451510,2026-10-30,0.1580246559008752,P,692.0,2.65,3.53,3.31,1.0,78.0,0.21210504699707028,2026-08-27 13:56:47+00:00,765.1599731445312,0.037720000743865965
2026-09-03 03:42:14.451510,2026-10-30,0.1580246559008752,P,693.0,2.7,3.59,3.16,5.0,1410.0,0.21094539062499998,2026-09-02 19:52:38+00:00,765.1599731445312,0.037720000743865965
2026-09-03 03:42:14.451510,2026-10-30,0.1580246559008752,P,694.0,2.75,3.64,3.73,2.0,140.0,0.20960263061523435,2026-09-01 16:34:40+00:00,765.1599731445312,0.037720000743865965
2026-09-03 03:42:14.451510,2026-10-30,0.1580246559008752,P,695.0,2.96,3.7,3.21,30.0,1811.0,0.20838193969726557,2026-09-02 19:25:04+00:00,765.1599731445312,0.037720000743865965
2026-09-03 03:42:14.451510,2026-10-30,0.1580246559008752,P,696.0,2.86,3.76,3.35,5.0,267.0,0.20716124877929684,2026-09-02 18:01:28+00:00,765.1599731445312,0.037720000743865965
2026-09-03 03:42:14.451510,2026-10-30,0.1580246559008752,P,697.0,2.91,3.83,3.88,1.0,273.0,0.20606262695312497,2026-09-01 13:30:01+00:00,765.1599731445312,0.037720000743865965
2026-09-03 03:42:14.451510,2026-10-30,0.1580246559008752,P,698.0,2.96,3.89,3.5,9.0,772.0,0.204811418762207,2026-08-31 19:05:44+00:00,765.1599731445312,0.037720000743865965
2026-09-03 03:42:14.451510,2026-10-30,0.1580246559008752,P,699.0,3.02,3.95,3.57,1.0,330.0,0.2034991760253906,2026-09-02 16:22:16+00:00,765.1599731445312,0.037720000743865965
2026-09-03 03:42:14.451510,2026-10-30,0.1580246559008752,P,700.0,3.32,3.88,3.56,207.0,3767.0,0.20011175872802733,2026-09-02 19:42:07+00:00,765.1599731445312,0.037720000743865965
2026-09-03 03:42:14.451510,2026-10-30,0.1580246559008752,P,701.0,3.14,4.09,4.07,4.0,210.0,0.20117986328124998,2026-09-02 13:41:17+00:00,765.1599731445312,0.037720000743865965
2026-09-03 03:42:14.451510,2026-10-30,0.1580246559008752,P,702.0,3.2,4.16,3.92,4.0,289.0,0.19995917236328126,2026-09-02 14:15:26+00:00,765.1599731445312,0.037720000743865965
2026-09-03 03:42:14.451510,2026-10-30,0.1580246559008752,P,703.0,3.26,4.23,4.05,1.0,85.0,0.19873848144531248,2026-09-01 16:18:55+00:00,765.1599731445312,0.037720000743865965
2026-09-03 03:42:14.451510,2026-10-30,0.1580246559008752,P,704.0,3.33,4.3,3.74,1.0,92.0,0.19748727325439452,2026-09-02 18:18:47+00:00,765.1599731445312,0.037720000743865965
2026-09-03 03:42:14.451510,2026-10-30,0.1580246559008752,P,705.0,3.68,4.38,3.93,6.0,584.0,0.19635813415527342,2026-09-02 19:58:01+00:00,765.1599731445312,0.037720000743865965
2026-09-03 03:42:14.451510,2026-10-30,0.1580246559008752,P,706.0,3.56,4.32,4.08,1.0,182.0,0.19315382049560548,2026-09-02 14:24:55+00:00,765.1599731445312,0.037720000743865965
2026-09-03 03:42:14.451510,2026-10-30,0.1580246559008752,P,707.0,3.63,4.4,4.04,39.0,20961.0,0.1919941641235352,2026-09-02 19:54:51+00:00,765.1599731445312,0.037720000743865965
2026-09-03 03:42:14.451510,2026-10-30,0.1580246559008752,P,708.0,3.6,4.61,4.22,7.0,111.0,0.1926960614013672,2026-09-02 15:06:27+00:00,765.1599731445312,0.037720000743865965
2026-09-03 03:42:14.451510,2026-10-30,0.1580246559008752,P,709.0,3.79,4.54,4.99,3.0,385.0,0.18933916137695314,2026-09-01 19:10:19+00:00,765.1599731445312,0.037720000743865965
2026-09-03 03:42:14.451510,2026-10-30,0.1580246559008752,P,710.0,3.86,4.63,4.3,244.0,2104.0,0.18824053955078124,2026-09-02 19:53:09+00:00,765.1599731445312,0.037720000743865965
2026-09-03 03:42:14.451510,2026-10-30,0.1580246559008752,P,711.0,3.94,4.71,4.4,1.0,122.0,0.1869893313598633,2026-09-02 15:38:16+00:00,765.1599731445312,0.037720000743865965
2026-09-03 03:42:14.451510,2026-10-30,0.1580246559008752,P,712.0,4.02,4.81,4.47,18.0,314.0,0.18598226135253904,2026-09-02 17:06:17+00:00,765.1599731445312,0.037720000743865965
2026-09-03 03:42:14.451510,2026-10-30,0.1580246559008752,P,713.0,3.98,4.9,4.54,3.0,753.0,0.18479208770751948,2026-09-02 19:52:38+00:00,765.1599731445312,0.037720000743865965
2026-09-03 03:42:14.451510,2026-10-30,0.1580246559008752,P,714.0,4.18,5.0,4.62,3.0,118.0,0.18372398315429686,2026-09-02 19:38:01+00:00,765.1599731445312,0.037720000743865965
2026-09-03 03:42:14.451510,2026-10-30,0.1580246559008752,P,715.0,4.26,5.09,4.68,64.0,1035.0,0.1825032922363281,2026-09-02 19:44:41+00:00,765.1599731445312,0.037720000743865965
2026-09-03 03:42:14.451510,2026-10-30,0.1580246559008752,P,716.0,4.34,5.19,4.76,7.0,341.0,0.181374153137207,2026-09-02 19:32:23+00:00,765.1599731445312,0.037720000743865965
2026-09-03 03:42:14.451510,2026-10-30,0.1580246559008752,P,717.0,4.44,5.29,4.97,10.0,676.0,0.1801839794921875,2026-09-02 17:14:22+00:00,765.1599731445312,0.037720000743865965
2026-09-03 03:42:14.451510,2026-10-30,0.1580246559008752,P,718.0,4.53,5.39,4.97,1.0,145.0,0.17899380584716795,2026-09-02 18:28:22+00:00,765.1599731445312,0.037720000743865965
2026-09-03 03:42:14.451510,2026-10-30,0.1580246559008752,P,719.0,4.62,5.5,5.13,2.0,230.0,0.17789518402099608,2026-09-02 14:48:11+00:00,765.1599731445312,0.037720000743865965
2026-09-03 03:42:14.451510,2026-10-30,0.1580246559008752,P,720.0,4.72,5.61,5.2,216.0,3591.0,0.176766044921875,2026-09-02 18:57:32+00:00,765.1599731445312,0.037720000743865965
2026-09-03 03:42:14.451510,2026-10-30,0.1580246559008752,P,721.0,4.81,5.73,5.26,2.0,143.0,0.17569794036865233,2026-09-02 19:32:23+00:00,765.1599731445312,0.037720000743865965
2026-09-03 03:42:14.451510,2026-10-30,0.1580246559008752,P,722.0,4.91,5.85,5.4,40.0,114.0,0.1746298358154297,2026-09-02 19:54:51+00:00,765.1599731445312,0.037720000743865965
2026-09-03 03:42:14.451510,2026-10-30,0.1580246559008752,P,723.0,5.0,5.97,5.7,16.0,57.0,0.17350069671630858,2026-09-02 14:58:45+00:00,765.1599731445312,0.037720000743865965
2026-09-03 03:42:14.451510,2026-10-30,0.1580246559008752,P,724.0,5.12,6.09,5.53,3.0,117.0,0.1723410403442383,2026-09-02 18:18:47+00:00,765.1599731445312,0.037720000743865965
2026-09-03 03:42:14.451510,2026-10-30,0.1580246559008752,P,725.0,5.13,6.21,5.72,116.0,4492.0,0.17115086669921875,2026-09-02 18:18:45+00:00,765.1599731445312,0.037720000743865965
2026-09-03 03:42:14.451510,2026-10-30,0.1580246559008752,P,726.0,5.35,6.34,5.88,18.0,117.0,0.1700522448730469,2026-09-02 17:59:24+00:00,765.1599731445312,0.037720000743865965
2026-09-03 03:42:14.451510,2026-10-30,0.1580246559008752,P,727.0,5.47,6.47,5.93,8.0,684.0,0.1688925885009766,2026-09-02 19:10:48+00:00,765.1599731445312,0.037720000743865965
2026-09-03 03:42:14.451510,2026-10-30,0.1580246559008752,P,728.0,5.58,6.61,6.12,32.0,170.0,0.16782448394775396,2026-09-02 18:16:30+00:00,765.1599731445312,0.037720000743865965
2026-09-03 03:42:14.451510,2026-10-30,0.1580246559008752,P,729.0,5.68,6.78,6.28,2.0,122.0,0.16703103485107423,2026-09-02 19:04:19+00:00,765.1599731445312,0.037720000743865965
2026-09-03 03:42:14.451510,2026-10-30,0.1580246559008752,P,730.0,5.8,6.5,6.38,1929.0,9150.0,0.1612937875366211,2026-09-02 20:12:47+00:00,765.1599731445312,0.037720000743865965
2026-09-03 03:42:14.451510,2026-10-30,0.1580246559008752,P,731.0,5.93,7.07,6.68,3.0,104.0,0.16477275665283203,2026-09-02 15:53:24+00:00,765.1599731445312,0.037720000743865965
2026-09-03 03:42:14.451510,2026-10-30,0.1580246559008752,P,732.0,6.07,7.22,6.74,4.0,408.0,0.16364361755371098,2026-09-02 19:59:28+00:00,765.1599731445312,0.037720000743865965
2026-09-03 03:42:14.451510,2026-10-30,0.1580246559008752,P,733.0,6.21,7.47,6.8,10.0,211.0,0.16352154846191408,2026-09-02 20:09:12+00:00,765.1599731445312,0.037720000743865965
2026-09-03 03:42:14.451510,2026-10-30,0.1580246559008752,P,734.0,6.37,7.52,7.1,9.0,292.0,0.16126327026367188,2026-09-02 17:44:02+00:00,765.1599731445312,0.037720000743865965
2026-09-03 03:42:14.451510,2026-10-30,0.1580246559008752,P,735.0,6.49,7.71,7.12,80.0,3787.0,0.16040878662109376,2026-09-02 20:14:32+00:00,765.1599731445312,0.037720000743865965
2026-09-03 03:42:14.451510,2026-10-30,0.1580246559008752,P,736.0,6.59,7.95,7.43,6.0,143.0,0.16002732070922854,2026-09-02 17:17:05+00:00,765.1599731445312,0.037720000743865965
2026-09-03 03:42:14.451510,2026-10-30,0.1580246559008752,P,737.0,6.74,8.13,7.53,13.0,172.0,0.1589744747924805,2026-09-02 19:59:28+00:00,765.1599731445312,0.037720000743865965
2026-09-03 03:42:14.451510,2026-10-30,0.1580246559008752,P,738.0,6.9,8.3,7.54,2.0,1157.0,0.15778430114746095,2026-09-02 19:30:21+00:00,765.1599731445312,0.037720000743865965
2026-09-03 03:42:14.451510,2026-10-30,0.1580246559008752,P,739.0,7.07,8.48,7.83,28.0,579.0,0.15662464477539065,2026-09-02 17:46:18+00:00,765.1599731445312,0.037720000743865965
2026-09-03 03:42:14.451510,2026-10-30,0.1580246559008752,P,740.0,7.5,8.67,7.93,112.0,2033.0,0.15554128158569336,2026-09-02 19:43:45+00:00,765.1599731445312,0.037720000743865965
2026-09-03 03:42:14.451510,2026-10-30,0.1580246559008752,P,741.0,7.47,8.86,8.24,3.0,662.0,0.1543968838500977,2026-09-02 19:55:24+00:00,765.1599731445312,0.037720000743865965
2026-09-03 03:42:14.451510,2026-10-30,0.1580246559008752,P,742.0,7.6,9.06,8.38,24.0,366.0,0.15329826202392582,2026-09-02 19:40:01+00:00,765.1599731445312,0.037720000743865965
2026-09-03 03:42:14.451510,2026-10-30,0.1580246559008752,P,743.0,7.79,9.27,8.64,7.0,466.0,0.15224541610717773,2026-09-02 18:02:48+00:00,765.1599731445312,0.037720000743865965
2026-09-03 03:42:14.451510,2026-10-30,0.1580246559008752,P,744.0,7.98,9.48,8.73,11.0,96.0,0.15114679428100591,2026-09-02 14:41:00+00:00,765.1599731445312,0.037720000743865965
2026-09-03 03:42:14.451510,2026-10-30,0.1580246559008752,P,745.0,8.22,9.65,8.93,48.0,1889.0,0.14962093063354492,2026-09-02 20:09:12+00:00,765.1599731445312,0.037720000743865965
2026-09-03 03:42:14.451510,2026-10-30,0.1580246559008752,P,746.0,8.41,9.88,9.16,12.0,680.0,0.14859860198974612,2026-09-02 20:03:06+00:00,765.1599731445312,0.037720000743865965
2026-09-03 03:42:14.451510,2026-10-30,0.1580246559008752,P,747.0,8.6,10.15,9.67,3.0,180.0,0.14788144607543946,2026-09-02 17:39:47+00:00,765.1599731445312,0.037720000743865965
2026-09-03 03:42:14.451510,2026-10-30,0.1580246559008752,P,748.0,8.81,10.38,9.6,11.0,391.0,0.14675230697631836,2026-09-02 18:05:28+00:00,765.1599731445312,0.037720000743865965
2026-09-03 03:42:14.451510,2026-10-30,0.1580246559008752,P,749.0,9.04,10.63,9.96,6.0,331.0,0.1457299783325195,2026-09-02 19:59:55+00:00,765.1599731445312,0.037720000743865965
2026-09-03 03:42:14.451510,2026-10-30,0.1580246559008752,P,750.0,9.28,10.5,10.2,356.0,8237.0,0.14130497375488282,2026-09-02 19:59:06+00:00,765.1599731445312,0.037720000743865965
2026-09-03 03:42:14.451510,2026-10-30,0.1580246559008752,P,751.0,9.52,11.14,10.32,56.0,654.0,0.1436090278625488,2026-09-02 20:10:46+00:00,765.1599731445312,0.037720000743865965
2026-09-03 03:42:14.451510,2026-10-30,0.1580246559008752,P,752.0,9.76,11.41,10.97,7.0,394.0,0.14260195785522461,2026-09-02 16:48:28+00:00,765.1599731445312,0.037720000743865965
2026-09-03 03:42:14.451510,2026-10-30,0.1580246559008752,P,753.0,10.01,11.68,10.84,61.0,77.0,0.14151859466552735,2026-09-02 18:05:49+00:00,765.1599731445312,0.037720000743865965
2026-09-03 03:42:14.451510,2026-10-30,0.1580246559008752,P,754.0,10.27,11.96,13.11,292.0,389.0,0.1404504901123047,2026-09-01 19:59:15+00:00,765.1599731445312,0.037720000743865965
2026-09-03 03:42:14.451510,2026-10-30,0.1580246559008752,P,755.0,11.0,12.25,11.38,100.0,1166.0,0.13941290283203128,2026-09-02 20:12:12+00:00,765.1599731445312,0.037720000743865965
2026-09-03 03:42:14.451510,2026-10-30,0.1580246559008752,P,756.0,10.82,12.56,11.69,3.0,318.0,0.1384821260070801,2026-09-02 15:19:44+00:00,765.1599731445312,0.037720000743865965
2026-09-03 03:42:14.451510,2026-10-30,0.1580246559008752,P,757.0,11.1,12.86,11.96,13.0,382.0,0.13739876281738284,2026-09-02 19:22:07+00:00,765.1599731445312,0.037720000743865965
2026-09-03 03:42:14.451510,2026-10-30,0.1580246559008752,P,758.0,11.4,13.18,12.63,9.0,832.0,0.1364069514465332,2026-09-02 17:39:17+00:00,765.1599731445312,0.037720000743865965
2026-09-03 03:42:14.451510,2026-10-30,0.1580246559008752,P,759.0,11.7,13.51,12.74,30.0,475.0,0.13543039871215823,2026-09-02 19:53:14+00:00,765.1599731445312,0.037720000743865965
2026-09-03 03:42:14.451510,2026-10-30,0.1580246559008752,P,760.0,12.02,13.85,13.1,484.0,2107.0,0.13446910461425782,2026-09-02 19:59:28+00:00,765.1599731445312,0.037720000743865965
2026-09-03 03:42:14.451510,2026-10-30,0.1580246559008752,P,761.0,12.34,14.2,13.19,143.0,255.0,0.13352306915283202,2026-09-02 18:23:44+00:00,765.1599731445312,0.037720000743865965
2026-09-03 03:42:14.451510,2026-10-30,0.1580246559008752,P,762.0,12.68,14.56,13.51,111.0,323.0,0.13257703369140628,2026-09-02 19:29:51+00:00,765.1599731445312,0.037720000743865965
2026-09-03 03:42:14.451510,2026-10-30,0.1580246559008752,P,763.0,13.02,14.93,14.13,14.0,159.0,0.13163099822998048,2026-09-02 19:57:10+00:00,765.1599731445312,0.037720000743865965
2026-09-03 03:42:14.451510,2026-10-30,0.1580246559008752,P,764.0,13.37,14.7,14.49,121.0,394.0,0.12568013000488282,2026-09-02 19:57:10+00:00,765.1599731445312,0.037720000743865965
2026-09-03 03:42:14.451510,2026-10-30,0.1580246559008752,P,765.0,14.0,15.7,14.76,395.0,1331.0,0.1297541859436035,2026-09-02 20:12:47+00:00,765.1599731445312,0.037720000743865965
2026-09-03 03:42:14.451510,2026-10-30,0.1580246559008752,P,766.0,14.12,15.4,15.1,77.0,673.0,0.12307090316772462,2026-09-02 20:12:46+00:00,765.1599731445312,0.037720000743865965
2026-09-03 03:42:14.451510,2026-10-30,0.1580246559008752,P,767.0,14.51,15.99,15.52,60.0,330.0,0.12362021408081056,2026-09-02 20:12:46+00:00,765.1599731445312,0.037720000743865965
2026-09-03 03:42:14.451510,2026-10-30,0.1580246559008752,P,768.0,14.91,16.95,16.17,73.0,258.0,0.12711444183349607,2026-09-02 19:56:09+00:00,765.1599731445312,0.037720000743865965
2026-09-03 03:42:14.451510,2026-10-30,0.1580246559008752,P,769.0,15.32,17.4,16.65,11.0,199.0,0.12633625137329102,2026-09-02 16:25:33+00:00,765.1599731445312,0.037720000743865965
2026-09-03 03:42:14.451510,2026-10-30,0.1580246559008752,P,770.0,16.0,18.0,16.71,147.0,3479.0,0.12671771728515624,2026-09-02 20:07:45+00:00,765.1599731445312,0.037720000743865965
2026-09-03 03:42:14.451510,2026-10-30,0.1580246559008752,P,771.0,16.18,18.32,18.28,1.0,135.0,0.12468831863403321,2026-09-02 14:11:51+00:00,765.1599731445312,0.037720000743865965
2026-09-03 03:42:14.451510,2026-10-30,0.1580246559008752,P,772.0,16.63,18.8,18.03,4.0,227.0,0.12389486953735351,2026-09-02 15:02:51+00:00,765.1599731445312,0.037720000743865965
2026-09-03 03:42:14.451510,2026-10-30,0.1580246559008752,P,773.0,17.1,19.3,18.12,8.0,181.0,0.12317771362304689,2026-09-02 15:20:34+00:00,765.1599731445312,0.037720000743865965
2026-09-03 03:42:14.451510,2026-10-30,0.1580246559008752,P,774.0,17.57,19.81,19.01,3.0,294.0,0.12244529907226565,2026-09-02 16:59:53+00:00,765.1599731445312,0.037720000743865965
2026-09-03 03:42:14.451510,2026-10-30,0.1580246559008752,P,775.0,18.97,20.33,18.94,7.0,535.0,0.12171288452148438,2026-09-02 14:44:02+00:00,765.1599731445312,0.037720000743865965
2026-09-03 03:42:14.451510,2026-10-30,0.1580246559008752,P,776.0,18.57,20.87,19.83,8.0,403.0,0.12104150451660156,2026-09-02 19:40:25+00:00,765.1599731445312,0.037720000743865965
2026-09-03 03:42:14.451510,2026-10-30,0.1580246559008752,P,777.0,19.96,21.42,20.35,11.0,756.0,0.12037012451171875,2026-09-02 18:10:03+00:00,765.1599731445312,0.037720000743865965
2026-09-03 03:42:14.451510,2026-10-30,0.1580246559008752,P,778.0,19.62,21.98,21.2,4.0,64.0,0.11968348587036132,2026-09-02 16:28:04+00:00,765.1599731445312,0.037720000743865965
2026-09-03 03:42:14.451510,2026-10-30,0.1580246559008752,P,779.0,19.92,22.85,21.8,1.0,310.0,0.1215908154296875,2026-09-02 14:08:08+00:00,765.1599731445312,0.037720000743865965
2026-09-03 03:42:14.451510,2026-10-30,0.1580246559008752,P,780.0,21.68,23.45,22.02,133.0,689.0,0.1210872804260254,2026-09-02 18:18:14+00:00,765.1599731445312,0.037720000743865965
2026-09-03 03:42:14.451510,2026-10-30,0.1580246559008752,P,781.0,21.04,24.3,22.8,17.0,324.0,0.12270469589233399,2026-09-02 18:40:44+00:00,765.1599731445312,0.037720000743865965
2026-09-03 03:42:14.451510,2026-10-30,0.1580246559008752,P,782.0,21.2,25.07,23.33,14.0,310.0,0.1235439208984375,2026-09-02 19:52:45+00:00,765.1599731445312,0.037720000743865965
2026-09-03 03:42:14.451510,2026-10-30,0.1580246559008752,P,783.0,21.83,25.33,25.41,6.0,55.0,0.11969874450683593,2026-09-01 15:03:37+00:00,765.1599731445312,0.037720000743865965
2026-09-03 03:42:14.451510,2026-10-30,0.1580246559008752,P,784.0,22.81,26.04,26.12,5.0,164.0,0.11979029632568358,2026-08-24 16:05:34+00:00,765.1599731445312,0.037720000743865965
2026-09-03 03:42:14.451510,2026-10-30,0.1580246559008752,P,785.0,23.11,26.98,27.5,4.0,183.0,0.12197228134155275,2026-09-01 16:57:32+00:00,765.1599731445312,0.037720000743865965
2026-09-03 03:42:14.451510,2026-10-30,0.1580246559008752,P,786.0,24.12,27.37,26.2,3.0,18.0,0.11890529541015624,2026-09-02 16:46:48+00:00,765.1599731445312,0.037720000743865965
2026-09-03 03:42:14.451510,2026-10-30,0.1580246559008752,P,787.0,24.46,28.33,29.27,2.0,7.0,0.12114831497192383,2026-08-20 19:30:20+00:00,765.1599731445312,0.037720000743865965
2026-09-03 03:42:14.451510,2026-10-30,0.1580246559008752,P,788.0,25.54,29.03,31.45,383.0,521.0,0.12082788360595703,2026-08-20 19:58:29+00:00,765.1599731445312,0.037720000743865965
2026-09-03 03:42:14.451510,2026-10-30,0.1580246559008752,P,789.0,26.28,29.74,28.86,1.0,216.0,0.12052271087646485,2026-08-25 16:07:54+00:00,765.1599731445312,0.037720000743865965
2026-09-03 03:42:14.451510,2026-10-30,0.1580246559008752,P,790.0,28.13,30.16,26.25,1.0,390.0,0.11716581085205077,2026-08-28 14:14:08+00:00,765.1599731445312,0.037720000743865965
2026-09-03 03:42:14.451510,2026-10-30,0.1580246559008752,P,791.0,27.72,31.2,25.78,1.0,89.0,0.12001917587280272,2026-08-28 16:11:35+00:00,765.1599731445312,0.037720000743865965
2026-09-03 03:42:14.451510,2026-10-30,0.1580246559008752,P,793.0,29.16,32.72,26.23,,85.0,0.11977503768920897,2026-08-13 16:31:20+00:00,765.1599731445312,0.037720000743865965
2026-09-03 03:42:14.451510,2026-10-30,0.1580246559008752,P,794.0,29.64,33.5,26.26,3.0,4.0,0.11972926177978514,2026-08-28 15:40:29+00:00,765.1599731445312,0.037720000743865965
2026-09-03 03:42:14.451510,2026-10-30,0.1580246559008752,P,795.0,30.46,34.29,27.6,2.0,2.0,0.11971400314331054,2026-08-28 15:47:56+00:00,765.1599731445312,0.037720000743865965
2026-09-03 03:42:14.451510,2026-10-30,0.1580246559008752,P,797.0,32.03,35.91,27.91,1.0,1.0,0.11988184814453123,2026-08-13 14:08:18+00:00,765.1599731445312,0.037720000743865965
2026-09-03 03:42:14.451510,2026-10-30,0.1580246559008752,P,798.0,33.09,36.73,33.37,1.0,2.0,0.11997339996337889,2026-08-31 13:30:15+00:00,765.1599731445312,0.037720000743865965
2026-09-03 03:42:14.451510,2026-10-30,0.1580246559008752,P,799.0,33.96,37.57,32.02,1.0,2.0,0.12020227951049803,2026-08-27 20:08:30+00:00,765.1599731445312,0.037720000743865965
2026-09-03 03:42:14.451510,2026-10-30,0.1580246559008752,P,800.0,34.54,38.42,37.64,3.0,63.0,0.12049219360351562,2026-09-02 14:14:56+00:00,765.1599731445312,0.037720000743865965
2026-09-03 03:42:14.451510,2026-10-30,0.1580246559008752,P,802.0,36.27,40.14,35.92,7.0,8.0,0.12113305633544921,2026-08-11 19:30:16+00:00,765.1599731445312,0.037720000743865965
2026-09-03 03:42:14.451510,2026-10-30,0.1580246559008752,P,804.0,38.03,41.9,37.14,,1.0,0.12201805725097657,2026-08-28 19:30:57+00:00,765.1599731445312,0.037720000743865965
2026-09-03 03:42:14.451510,2026-10-30,0.1580246559008752,P,805.0,38.93,42.8,40.76,2.0,5.0,0.12265891998291016,2026-09-02 15:42:17+00:00,765.1599731445312,0.037720000743865965
2026-09-03 03:42:14.451510,2026-10-30,0.1580246559008752,P,808.0,41.66,45.53,43.09,1.0,1.0,0.1246730599975586,2026-08-31 16:29:46+00:00,765.1599731445312,0.037720000743865965
2026-09-03 03:42:14.451510,2026-10-30,0.1580246559008752,P,810.0,43.51,47.38,45.25,4.0,6.0,0.12622944091796873,2026-08-20 15:38:39+00:00,765.1599731445312,0.037720000743865965
2026-09-03 03:42:14.451510,2026-10-30,0.1580246559008752,P,815.0,48.28,52.12,44.9,1.0,1.0,0.13129530822753904,2026-08-07 19:01:27+00:00,765.1599731445312,0.037720000743865965
2026-09-03 03:42:14.451510,2026-10-30,0.1580246559008752,P,818.0,51.19,55.01,53.12,3.0,3.0,0.13477427734375003,2026-08-21 13:42:21+00:00,765.1599731445312,0.037720000743865965
2026-09-03 03:42:14.451510,2026-10-30,0.1580246559008752,P,819.0,52.17,55.98,55.48,2.0,0.0,0.13599496826171875,2026-09-02 15:23:06+00:00,765.1599731445312,0.037720000743865965
2026-09-03 03:42:14.451510,2026-10-30,0.1580246559008752,P,820.0,53.08,56.95,47.7,28.0,0.0,0.13721565917968753,2026-08-12 19:07:35+00:00,765.1599731445312,0.037720000743865965
2026-09-03 03:42:14.451510,2026-10-30,0.1580246559008752,P,825.0,58.0,61.86,58.9,4.0,4.0,0.14414308013916016,2026-08-21 19:38:02+00:00,765.1599731445312,0.037720000743865965
2026-09-03 03:42:14.451510,2026-10-30,0.1580246559008752,P,835.0,67.93,71.77,65.38,1.0,1.0,0.15888292297363282,2026-08-27 14:30:12+00:00,765.1599731445312,0.037720000743865965
2026-09-03 03:42:14.451510,2026-10-30,0.1580246559008752,P,840.0,72.93,76.74,80.0,10.0,17.0,0.16623758575439457,2026-09-01 18:42:45+00:00,765.1599731445312,0.037720000743865965
2026-09-03 03:42:14.451510,2026-10-30,0.1580246559008752,P,845.0,79.61,82.81,105.93,1.0,0.0,0.19492382232666017,2026-07-23 20:14:36+00:00,765.1599731445312,0.037720000743865965
2026-09-03 03:42:14.451510,2026-10-30,0.1580246559008752,P,855.0,114.71,118.08,131.84,1.0,0.0,0.49252826812744144,2026-05-01 15:24:25+00:00,765.1599731445312,0.037720000743865965
2026-09-03 03:42:14.451510,2026-10-30,0.1580246559008752,P,860.0,92.88,97.5,94.34,10.0,0.0,0.21326470336914063,2026-09-02 14:41:06+00:00,765.1599731445312,0.037720000743865965
2026-09-03 03:42:14.451510,2026-10-30,0.1580246559008752,P,865.0,0.0,0.0,124.27,,0.0,1.0000000000000003e-05,2026-05-21 15:43:01+00:00,765.1599731445312,0.037720000743865965
2026-09-03 03:42:14.451510,2026-10-30,0.1580246559008752,P,875.0,109.61,112.82,145.54,1.0,0.0,0.24280542358398435,2026-06-26 19:59:59+00:00,765.1599731445312,0.037720000743865965
2026-09-03 03:42:14.451510,2026-10-30,0.1580246559008752,P,900.0,143.85,147.3,145.02,,0.0,0.42284207534790036,2026-06-15 16:32:04+00:00,765.1599731445312,0.037720000743865965
2026-09-03 03:42:14.451510,2026-12-18,0.292271231243341,C,150.0,612.55,615.8,596.0,2.0,6.0,1.2636755566406248,2026-07-17 15:27:40+00:00,765.1599731445312,0.037720000743865965
2026-09-03 03:42:14.451510,2026-12-18,0.292271231243341,C,200.0,563.5,567.95,566.9,1.0,753.0,1.0288134497070316,2026-08-21 15:10:17+00:00,765.1599731445312,0.037720000743865965
2026-09-03 03:42:14.451510,2026-12-18,0.292271231243341,C,210.0,529.69,533.09,538.28,2.0,382.0,1.0000000000000003e-05,2026-06-18 14:15:03+00:00,765.1599731445312,0.037720000743865965
2026-09-03 03:42:14.451510,2026-12-18,0.292271231243341,C,220.0,519.23,522.72,515.9,71.0,82.0,1.0000000000000003e-05,2026-05-07 13:51:31+00:00,765.1599731445312,0.037720000743865965
2026-09-03 03:42:14.451510,2026-12-18,0.292271231243341,C,230.0,523.56,526.89,509.19,1.0,14.0,1.0000000000000003e-05,2026-05-11 13:30:01+00:00,765.1599731445312,0.037720000743865965
2026-09-03 03:42:14.451510,2026-12-18,0.292271231243341,C,240.0,523.79,526.89,511.4,1.0,27.0,0.7851583984375,2026-07-21 17:15:29+00:00,765.1599731445312,0.037720000743865965
2026-09-03 03:42:14.451510,2026-12-18,0.292271231243341,C,245.0,424.91,428.79,422.0,4.0,21.0,1.0000000000000003e-05,2025-09-16 17:55:22+00:00,765.1599731445312,0.037720000743865965
2026-09-03 03:42:14.451510,2026-12-18,0.292271231243341,C,250.0,514.0,518.66,512.19,2.0,145.0,0.9514165014648437,2026-09-01 18:36:07+00:00,765.1599731445312,0.037720000743865965
2026-09-03 03:42:14.451510,2026-12-18,0.292271231243341,C,255.0,509.5,513.76,518.25,1.0,4.0,0.9672854833984376,2026-08-06 14:59:47+00:00,765.1599731445312,0.037720000743865965
2026-09-03 03:42:14.451510,2026-12-18,0.292271231243341,C,260.0,504.5,508.76,504.85,1.0,15.0,0.9511723632812499,2026-08-24 14:03:45+00:00,765.1599731445312,0.037720000743865965
2026-09-03 03:42:14.451510,2026-12-18,0.292271231243341,C,265.0,430.6,434.44,427.58,2.0,120.0,1.0000000000000003e-05,2026-01-02 15:03:32+00:00,765.1599731445312,0.037720000743865965
2026-09-03 03:42:14.451510,2026-12-18,0.292271231243341,C,270.0,486.36,489.87,486.29,2.0,65.0,1.0000000000000003e-05,2026-06-15 14:47:51+00:00,765.1599731445312,0.037720000743865965
2026-09-03 03:42:14.451510,2026-12-18,0.292271231243341,C,275.0,489.5,493.97,490.09,2.0,124.0,0.914063359375,2026-08-24 14:03:16+00:00,765.1599731445312,0.037720000743865965
2026-09-03 03:42:14.451510,2026-12-18,0.292271231243341,C,280.0,460.84,464.31,435.2,1.0,56.0,1.0000000000000003e-05,2026-04-17 18:42:52+00:00,765.1599731445312,0.037720000743865965
2026-09-03 03:42:14.451510,2026-12-18,0.292271231243341,C,285.0,385.58,389.46,353.65,2.0,103.0,1.0000000000000003e-05,2025-08-05 14:43:07+00:00,765.1599731445312,0.037720000743865965
2026-09-03 03:42:14.451510,2026-12-18,0.292271231243341,C,290.0,0.0,0.0,369.0,1.0,0.0,1.0000000000000003e-05,2026-04-02 14:35:18+00:00,765.1599731445312,0.037720000743865965
2026-09-03 03:42:14.451510,2026-12-18,0.292271231243341,C,295.0,393.0,397.73,404.0,1.0,78.0,1.0000000000000003e-05,2026-01-13 20:24:47+00:00,765.1599731445312,0.037720000743865965
2026-09-03 03:42:14.451510,2026-12-18,0.292271231243341,C,300.0,465.0,469.33,480.12,1.0,240.0,0.8741467663574218,2026-08-13 18:46:29+00:00,765.1599731445312,0.037720000743865965
2026-09-03 03:42:14.451510,2026-12-18,0.292271231243341,C,305.0,460.0,464.43,469.7,1.0,6.0,0.8634046862792968,2026-08-05 19:54:39+00:00,765.1599731445312,0.037720000743865965
2026-09-03 03:42:14.451510,2026-12-18,0.292271231243341,C,310.0,0.0,0.0,446.05,1.0,0.0,1.0000000000000003e-05,2026-06-04 13:45:56+00:00,765.1599731445312,0.037720000743865965
2026-09-03 03:42:14.451510,2026-12-18,0.292271231243341,C,315.0,442.32,445.83,442.53,9.0,147.0,1.0000000000000003e-05,2026-06-15 14:51:01+00:00,765.1599731445312,0.037720000743865965
2026-09-03 03:42:14.451510,2026-12-18,0.292271231243341,C,320.0,445.0,448.1,430.79,1.0,29.0,0.7730735583496093,2026-07-20 13:55:22+00:00,765.1599731445312,0.037720000743865965
2026-09-03 03:42:14.451510,2026-12-18,0.292271231243341,C,325.0,432.54,436.05,411.16,1.0,58.0,1.0000000000000003e-05,2026-06-10 18:06:01+00:00,765.1599731445312,0.037720000743865965
2026-09-03 03:42:14.451510,2026-12-18,0.292271231243341,C,330.0,0.0,0.0,415.5,1.0,0.0,1.0000000000000003e-05,2026-05-21 18:58:26+00:00,765.1599731445312,0.037720000743865965
2026-09-03 03:42:14.451510,2026-12-18,0.292271231243341,C,335.0,422.77,426.28,414.01,1.0,11.0,1.0000000000000003e-05,2026-06-08 14:47:47+00:00,765.1599731445312,0.037720000743865965
2026-09-03 03:42:14.451510,2026-12-18,0.292271231243341,C,340.0,0.0,0.0,308.13,11.0,0.0,1.0000000000000003e-05,2026-03-27 16:37:41+00:00,765.1599731445312,0.037720000743865965
2026-09-03 03:42:14.451510,2026-12-18,0.292271231243341,C,345.0,0.0,0.0,416.84,2.0,0.0,1.0000000000000003e-05,2026-05-29 14:19:42+00:00,765.1599731445312,0.037720000743865965
2026-09-03 03:42:14.451510,2026-12-18,0.292271231243341,C,350.0,415.54,420.1,408.04,5.0,74.0,0.7780783911132813,2026-08-03 14:32:12+00:00,765.1599731445312,0.037720000743865965
2026-09-03 03:42:14.451510,2026-12-18,0.292271231243341,C,355.0,410.56,413.66,394.98,1.0,13.0,0.7260769580078125,2026-07-21 13:53:37+00:00,765.1599731445312,0.037720000743865965
2026-09-03 03:42:14.451510,2026-12-18,0.292271231243341,C,360.0,405.64,408.74,396.38,10.0,21.0,0.7188748815917969,2026-07-13 14:16:47+00:00,765.1599731445312,0.037720000743865965
2026-09-03 03:42:14.451510,2026-12-18,0.292271231243341,C,365.0,401.0,405.31,414.5,1.0,75.0,0.7564111273193359,2026-08-14 20:09:33+00:00,765.1599731445312,0.037720000743865965
2026-09-03 03:42:14.451510,2026-12-18,0.292271231243341,C,370.0,396.0,400.34,398.26,1.0,109.0,0.7446314599609375,2026-08-24 16:28:46+00:00,765.1599731445312,0.037720000743865965
2026-09-03 03:42:14.451510,2026-12-18,0.292271231243341,C,375.0,391.0,395.46,405.25,1.0,15.0,0.7351100708007812,2026-08-05 13:46:45+00:00,765.1599731445312,0.037720000743865965
2026-09-03 03:42:14.451510,2026-12-18,0.292271231243341,C,380.0,385.97,389.08,378.1,2.0,35.0,0.6900665759277345,2026-07-16 13:54:38+00:00,765.1599731445312,0.037720000743865965
2026-09-03 03:42:14.451510,2026-12-18,0.292271231243341,C,385.0,381.85,385.62,394.9,1.0,23.0,0.7315700671386718,2026-08-14 20:09:33+00:00,765.1599731445312,0.037720000743865965
2026-09-03 03:42:14.451510,2026-12-18,0.292271231243341,C,390.0,376.93,380.71,377.47,2.0,143.0,0.7227200579833983,2026-09-01 14:45:52+00:00,765.1599731445312,0.037720000743865965
2026-09-03 03:42:14.451510,2026-12-18,0.292271231243341,C,395.0,372.01,375.77,375.82,100.0,93.0,0.7133817724609376,2026-08-20 13:34:46+00:00,765.1599731445312,0.037720000743865965
2026-09-03 03:42:14.451510,2026-12-18,0.292271231243341,C,400.0,367.08,370.82,368.43,2.0,13718.0,0.7036162451171876,2026-09-02 19:57:24+00:00,765.1599731445312,0.037720000743865965
2026-09-03 03:42:14.451510,2026-12-18,0.292271231243341,C,405.0,362.16,365.95,362.09,4.0,254.0,0.6955596850585939,2026-09-01 15:30:49+00:00,765.1599731445312,0.037720000743865965
2026-09-03 03:42:14.451510,2026-12-18,0.292271231243341,C,410.0,357.24,361.03,357.69,2.0,183.0,0.686648641357422,2026-08-24 13:40:14+00:00,765.1599731445312,0.037720000743865965
2026-09-03 03:42:14.451510,2026-12-18,0.292271231243341,C,415.0,352.32,356.1,354.91,4.0,329.0,0.6776155285644532,2026-08-21 20:08:10+00:00,765.1599731445312,0.037720000743865965
2026-09-03 03:42:14.451510,2026-12-18,0.292271231243341,C,420.0,347.4,351.15,346.96,4.0,174.0,0.6682162084960939,2026-09-01 15:19:25+00:00,765.1599731445312,0.037720000743865965
2026-09-03 03:42:14.451510,2026-12-18,0.292271231243341,C,425.0,342.48,346.28,338.75,1.0,283.0,0.6602206829833985,2026-09-01 18:47:00+00:00,765.1599731445312,0.037720000743865965
2026-09-03 03:42:14.451510,2026-12-18,0.292271231243341,C,430.0,337.56,341.35,340.18,54.0,216.0,0.6512486047363282,2026-08-21 20:06:49+00:00,765.1599731445312,0.037720000743865965
2026-09-03 03:42:14.451510,2026-12-18,0.292271231243341,C,435.0,332.64,336.44,332.35,52.0,128.0,0.6426427337646485,2026-08-20 20:11:30+00:00,765.1599731445312,0.037720000743865965
2026-09-03 03:42:14.451510,2026-12-18,0.292271231243341,C,440.0,327.72,331.51,328.41,2.0,327.0,0.6337316900634766,2026-09-01 16:03:16+00:00,765.1599731445312,0.037720000743865965
2026-09-03 03:42:14.451510,2026-12-18,0.292271231243341,C,445.0,322.81,326.62,320.58,1.0,123.0,0.6255530609130859,2026-09-01 17:18:54+00:00,765.1599731445312,0.037720000743865965
2026-09-03 03:42:14.451510,2026-12-18,0.292271231243341,C,450.0,317.9,321.73,318.59,2.0,458.0,0.6174354663085939,2026-09-01 16:03:16+00:00,765.1599731445312,0.037720000743865965
2026-09-03 03:42:14.451510,2026-12-18,0.292271231243341,C,455.0,312.98,316.82,315.59,54.0,87.0,0.6088906298828126,2026-08-21 20:01:36+00:00,765.1599731445312,0.037720000743865965
2026-09-03 03:42:14.451510,2026-12-18,0.292271231243341,C,460.0,308.07,311.82,310.16,2.0,224.0,0.5992471716308594,2026-08-26 14:36:50+00:00,765.1599731445312,0.037720000743865965
2026-09-03 03:42:14.451510,2026-12-18,0.292271231243341,C,465.0,303.16,306.99,310.57,2.0,91.0,0.5919535433959963,2026-08-27 20:03:25+00:00,765.1599731445312,0.037720000743865965
2026-09-03 03:42:14.451510,2026-12-18,0.292271231243341,C,470.0,298.25,302.07,300.35,2.0,241.0,0.5834392242431641,2026-08-21 13:34:05+00:00,765.1599731445312,0.037720000743865965
2026-09-03 03:42:14.451510,2026-12-18,0.292271231243341,C,475.0,293.34,297.18,295.0,1.0,1113.0,0.5753521469116211,2026-09-02 20:11:10+00:00,765.1599731445312,0.037720000743865965
2026-09-03 03:42:14.451510,2026-12-18,0.292271231243341,C,480.0,288.43,292.28,292.27,1.0,204.0,0.5671430004882813,2026-08-25 19:43:54+00:00,765.1599731445312,0.037720000743865965
2026-09-03 03:42:14.451510,2026-12-18,0.292271231243341,C,485.0,283.53,287.35,285.7,130.0,872.0,0.5586591986083984,2026-08-21 13:34:46+00:00,765.1599731445312,0.037720000743865965
2026-09-03 03:42:14.451510,2026-12-18,0.292271231243341,C,490.0,278.62,282.48,280.0,1.0,825.0,0.5508162594604493,2026-09-02 20:08:36+00:00,765.1599731445312,0.037720000743865965
2026-09-03 03:42:14.451510,2026-12-18,0.292271231243341,C,495.0,273.72,277.58,278.25,6.0,1978.0,0.5427291821289064,2026-08-20 13:50:03+00:00,765.1599731445312,0.037720000743865965
2026-09-03 03:42:14.451510,2026-12-18,0.292271231243341,C,500.0,268.82,272.65,270.77,2.0,3730.0,0.5343064147949219,2026-08-31 16:11:45+00:00,765.1599731445312,0.037720000743865965
2026-09-03 03:42:14.451510,2026-12-18,0.292271231243341,C,505.0,263.92,267.79,271.13,1.0,1484.0,0.5266770965576173,2026-08-28 13:30:04+00:00,765.1599731445312,0.037720000743865965
2026-09-03 03:42:14.451510,2026-12-18,0.292271231243341,C,510.0,259.02,262.89,261.54,1.0,1960.0,0.5185595019531251,2026-08-25 16:57:15+00:00,765.1599731445312,0.037720000743865965
2026-09-03 03:42:14.451510,2026-12-18,0.292271231243341,C,515.0,254.13,258.0,255.58,2.0,2064.0,0.5106860455322266,2026-09-02 19:39:37+00:00,765.1599731445312,0.037720000743865965
2026-09-03 03:42:14.451510,2026-12-18,0.292271231243341,C,520.0,249.24,253.08,249.17,4.0,3038.0,0.5025074163818359,2026-09-02 19:39:37+00:00,765.1599731445312,0.037720000743865965
2026-09-03 03:42:14.451510,2026-12-18,0.292271231243341,C,525.0,244.35,248.23,253.0,1.0,829.0,0.5309495147705079,2026-08-28 13:34:57+00:00,765.1599731445312,0.037720000743865965
2026-09-03 03:42:14.451510,2026-12-18,0.292271231243341,C,530.0,239.46,243.34,239.87,6.0,2112.0,0.5222826092529296,2026-09-01 14:30:56+00:00,765.1599731445312,0.037720000743865965
2026-09-03 03:42:14.451510,2026-12-18,0.292271231243341,C,535.0,234.57,238.45,239.23,82.0,2368.0,0.5136157037353515,2026-08-20 13:50:00+00:00,765.1599731445312,0.037720000743865965
2026-09-03 03:42:14.451510,2026-12-18,0.292271231243341,C,540.0,229.69,233.57,233.81,2.0,3482.0,0.5051319018554687,2026-08-28 19:36:44+00:00,765.1599731445312,0.037720000743865965
2026-09-03 03:42:14.451510,2026-12-18,0.292271231243341,C,545.0,224.81,228.69,226.73,2.0,1706.0,0.4966175827026368,2026-09-02 18:18:46+00:00,765.1599731445312,0.037720000743865965
2026-09-03 03:42:14.451510,2026-12-18,0.292271231243341,C,550.0,219.93,223.81,225.84,74.0,3979.0,0.48813378082275394,2026-08-28 19:17:15+00:00,765.1599731445312,0.037720000743865965
2026-09-03 03:42:14.451510,2026-12-18,0.292271231243341,C,555.0,215.06,218.94,218.16,4.0,1678.0,0.47983308258056634,2026-08-31 19:37:45+00:00,765.1599731445312,0.037720000743865965
2026-09-03 03:42:14.451510,2026-12-18,0.292271231243341,C,560.0,210.19,214.07,207.84,6.0,1924.0,0.4714713497924804,2026-09-01 19:40:47+00:00,765.1599731445312,0.037720000743865965
2026-09-03 03:42:14.451510,2026-12-18,0.292271231243341,C,565.0,205.32,209.2,210.6,2.0,1624.0,0.4631401342773438,2026-08-28 17:09:25+00:00,765.1599731445312,0.037720000743865965
2026-09-03 03:42:14.451510,2026-12-18,0.292271231243341,C,570.0,200.46,204.34,198.52,5.0,5220.0,0.4549309878540039,2026-09-01 19:21:58+00:00,765.1599731445312,0.037720000743865965
2026-09-03 03:42:14.451510,2026-12-18,0.292271231243341,C,575.0,195.61,199.49,201.45,6.0,849.0,0.446843910522461,2026-08-28 19:36:45+00:00,765.1599731445312,0.037720000743865965
2026-09-03 03:42:14.451510,2026-12-18,0.292271231243341,C,580.0,190.75,194.63,188.94,2.0,1994.0,0.43860424682617194,2026-09-01 17:23:11+00:00,765.1599731445312,0.037720000743865965
2026-09-03 03:42:14.451510,2026-12-18,0.292271231243341,C,585.0,185.9,189.78,191.79,23.0,976.0,0.4304866522216797,2026-08-28 19:36:45+00:00,765.1599731445312,0.037720000743865965
2026-09-03 03:42:14.451510,2026-12-18,0.292271231243341,C,590.0,181.06,184.94,183.59,1.0,2468.0,0.42249112670898437,2026-08-31 15:48:55+00:00,765.1599731445312,0.037720000743865965
2026-09-03 03:42:14.451510,2026-12-18,0.292271231243341,C,595.0,176.23,180.11,178.54,1.0,1516.0,0.4145566357421875,2026-09-02 14:47:04+00:00,765.1599731445312,0.037720000743865965
2026-09-03 03:42:14.451510,2026-12-18,0.292271231243341,C,600.0,171.4,175.28,172.82,272.0,4510.0,0.4066221447753906,2026-09-02 19:42:28+00:00,765.1599731445312,0.037720000743865965
2026-09-03 03:42:14.451510,2026-12-18,0.292271231243341,C,605.0,166.57,170.45,169.26,270.0,3002.0,0.3986266192626954,2026-09-02 15:32:09+00:00,765.1599731445312,0.037720000743865965
2026-09-03 03:42:14.451510,2026-12-18,0.292271231243341,C,610.0,161.76,165.64,165.73,10.0,1356.0,0.3908294560241699,2026-08-21 17:08:06+00:00,765.1599731445312,0.037720000743865965
2026-09-03 03:42:14.451510,2026-12-18,0.292271231243341,C,615.0,156.96,160.83,155.56,1.0,1455.0,0.3830017755126953,2026-09-01 13:33:57+00:00,765.1599731445312,0.037720000743865965
2026-09-03 03:42:14.451510,2026-12-18,0.292271231243341,C,620.0,152.16,156.03,161.5,8.0,2745.0,0.37521987091064457,2026-08-28 14:00:31+00:00,765.1599731445312,0.037720000743865965
2026-09-03 03:42:14.451510,2026-12-18,0.292271231243341,C,625.0,147.37,151.25,145.66,1.0,1565.0,0.36760581130981446,2026-09-01 19:16:34+00:00,765.1599731445312,0.037720000743865965
2026-09-03 03:42:14.451510,2026-12-18,0.292271231243341,C,630.0,142.59,146.47,140.56,2.0,908.0,0.3599307171630859,2026-09-01 19:40:47+00:00,765.1599731445312,0.037720000743865965
2026-09-03 03:42:14.451510,2026-12-18,0.292271231243341,C,635.0,137.83,141.71,139.5,5.0,1776.0,0.35239295074462884,2026-09-02 19:16:04+00:00,765.1599731445312,0.037720000743865965
2026-09-03 03:42:14.451510,2026-12-18,0.292271231243341,C,640.0,133.07,136.95,131.6,1.0,2220.0,0.3447636325073242,2026-09-01 18:25:02+00:00,765.1599731445312,0.037720000743865965
2026-09-03 03:42:14.451510,2026-12-18,0.292271231243341,C,645.0,128.33,132.21,127.1,2.0,987.0,0.3372563833618164,2026-09-01 20:00:16+00:00,765.1599731445312,0.037720000743865965
2026-09-03 03:42:14.451510,2026-12-18,0.292271231243341,C,650.0,123.6,127.48,125.55,1.0,3466.0,0.3297643928527832,2026-09-02 18:36:07+00:00,765.1599731445312,0.037720000743865965
2026-09-03 03:42:14.451510,2026-12-18,0.292271231243341,C,655.0,118.9,122.78,117.54,1.0,1085.0,0.32245550598144523,2026-09-01 17:34:00+00:00,765.1599731445312,0.037720000743865965
2026-09-03 03:42:14.451510,2026-12-18,0.292271231243341,C,660.0,114.2,118.08,116.85,1.0,1377.0,0.3150398086547851,2026-09-02 15:20:27+00:00,765.1599731445312,0.037720000743865965
2026-09-03 03:42:14.451510,2026-12-18,0.292271231243341,C,665.0,109.53,111.67,110.59,97.0,1682.0,0.2912973703002929,2026-09-02 18:45:48+00:00,765.1599731445312,0.037720000743865965
2026-09-03 03:42:14.451510,2026-12-18,0.292271231243341,C,670.0,104.87,108.75,106.6,4.0,2345.0,0.3004525521850586,2026-09-02 17:01:37+00:00,765.1599731445312,0.037720000743865965
2026-09-03 03:42:14.451510,2026-12-18,0.292271231243341,C,675.0,100.24,104.12,103.64,8.0,4333.0,0.29326573440551745,2026-09-02 19:39:37+00:00,765.1599731445312,0.037720000743865965
2026-09-03 03:42:14.451510,2026-12-18,0.292271231243341,C,680.0,95.64,99.52,96.82,102.0,4755.0,0.2861704684448242,2026-09-02 18:46:26+00:00,765.1599731445312,0.037720000743865965
2026-09-03 03:42:14.451510,2026-12-18,0.292271231243341,C,685.0,91.06,94.94,93.15,2.0,2850.0,0.2790599438476562,2026-09-02 19:46:18+00:00,765.1599731445312,0.037720000743865965
2026-09-03 03:42:14.451510,2026-12-18,0.292271231243341,C,690.0,86.51,89.0,87.66,42.0,3481.0,0.2605359591674804,2026-09-02 17:35:54+00:00,765.1599731445312,0.037720000743865965
2026-09-03 03:42:14.451510,2026-12-18,0.292271231243341,C,695.0,81.99,85.87,83.25,1.0,2174.0,0.26500673965454097,2026-09-01 14:46:47+00:00,765.1599731445312,0.037720000743865965
2026-09-03 03:42:14.451510,2026-12-18,0.292271231243341,C,700.0,77.51,81.39,76.57,27.0,9933.0,0.25809457733154295,2026-09-01 17:52:40+00:00,765.1599731445312,0.037720000743865965
2026-09-03 03:42:14.451510,2026-12-18,0.292271231243341,C,705.0,73.07,76.94,74.24,5.0,3564.0,0.2511518977355957,2026-09-01 15:51:04+00:00,765.1599731445312,0.037720000743865965
2026-09-03 03:42:14.451510,2026-12-18,0.292271231243341,C,710.0,68.68,72.27,69.66,5.0,7666.0,0.24233240585327148,2026-09-02 17:57:49+00:00,765.1599731445312,0.037720000743865965
2026-09-03 03:42:14.451510,2026-12-18,0.292271231243341,C,715.0,64.34,67.97,65.91,97.0,2550.0,0.23598481307983393,2026-09-02 18:46:26+00:00,765.1599731445312,0.037720000743865965
2026-09-03 03:42:14.451510,2026-12-18,0.292271231243341,C,720.0,60.06,63.75,61.59,100.0,4498.0,0.2298660998535156,2026-09-02 18:45:48+00:00,765.1599731445312,0.037720000743865965
2026-09-03 03:42:14.451510,2026-12-18,0.292271231243341,C,725.0,55.84,59.59,57.67,25.0,4817.0,0.22380842117309568,2026-09-02 19:27:52+00:00,765.1599731445312,0.037720000743865965
2026-09-03 03:42:14.451510,2026-12-18,0.292271231243341,C,730.0,51.69,55.38,53.79,17.0,8445.0,0.2170030693054199,2026-09-02 18:23:01+00:00,765.1599731445312,0.037720000743865965
2026-09-03 03:42:14.451510,2026-12-18,0.292271231243341,C,735.0,47.63,51.37,46.89,4.0,4535.0,0.2111132356262207,2026-09-01 19:47:39+00:00,765.1599731445312,0.037720000743865965
2026-09-03 03:42:14.451510,2026-12-18,0.292271231243341,C,740.0,43.66,47.46,45.38,14.0,6830.0,0.20539887626647949,2026-09-02 19:39:37+00:00,765.1599731445312,0.037720000743865965
2026-09-03 03:42:14.451510,2026-12-18,0.292271231243341,C,745.0,39.79,43.67,41.13,4.0,8267.0,0.19992865509033203,2026-09-02 17:35:35+00:00,765.1599731445312,0.037720000743865965
2026-09-03 03:42:14.451510,2026-12-18,0.292271231243341,C,750.0,36.05,39.93,37.51,30.0,29694.0,0.1942066664123535,2026-09-02 17:32:44+00:00,765.1599731445312,0.037720000743865965
2026-09-03 03:42:14.451510,2026-12-18,0.292271231243341,C,755.0,32.7,36.04,33.85,29.0,6619.0,0.18695881408691406,2026-09-02 19:01:19+00:00,765.1599731445312,0.037720000743865965
2026-09-03 03:42:14.451510,2026-12-18,0.292271231243341,C,760.0,30.2,32.5,30.82,71.0,9725.0,0.18122156677246093,2026-09-02 19:28:59+00:00,765.1599731445312,0.037720000743865965
2026-09-03 03:42:14.451510,2026-12-18,0.292271231243341,C,765.0,26.08,29.12,27.5,58.0,6630.0,0.17572845764160155,2026-09-02 20:00:56+00:00,765.1599731445312,0.037720000743865965
2026-09-03 03:42:14.451510,2026-12-18,0.292271231243341,C,770.0,23.02,25.26,24.22,188.0,10879.0,0.16654275848388678,2026-09-02 19:57:15+00:00,765.1599731445312,0.037720000743865965
2026-09-03 03:42:14.451510,2026-12-18,0.292271231243341,C,775.0,20.15,22.91,21.42,188.0,9332.0,0.1656272402954102,2026-09-02 19:48:44+00:00,765.1599731445312,0.037720000743865965
2026-09-03 03:42:14.451510,2026-12-18,0.292271231243341,C,780.0,17.63,19.55,18.62,259.0,27622.0,0.15763171478271482,2026-09-02 19:36:28+00:00,765.1599731445312,0.037720000743865965
2026-09-03 03:42:14.451510,2026-12-18,0.292271231243341,C,785.0,15.06,16.65,16.11,28.0,15352.0,0.15137567382812503,2026-09-02 19:34:14+00:00,765.1599731445312,0.037720000743865965
2026-09-03 03:42:14.451510,2026-12-18,0.292271231243341,C,790.0,12.93,15.11,13.99,69.0,13353.0,0.15265739929199224,2026-09-02 20:05:48+00:00,765.1599731445312,0.037720000743865965
2026-09-03 03:42:14.451510,2026-12-18,0.292271231243341,C,795.0,10.78,12.5,11.75,112.0,9321.0,0.14597411651611325,2026-09-02 19:39:44+00:00,765.1599731445312,0.037720000743865965
2026-09-03 03:42:14.451510,2026-12-18,0.292271231243341,C,800.0,9.75,10.35,10.14,445.0,22117.0,0.14096928375244144,2026-09-02 20:12:07+00:00,765.1599731445312,0.037720000743865965
2026-09-03 03:42:14.451510,2026-12-18,0.292271231243341,C,805.0,7.52,9.53,8.34,79.0,11412.0,0.144265149230957,2026-09-02 19:58:52+00:00,765.1599731445312,0.037720000743865965
2026-09-03 03:42:14.451510,2026-12-18,0.292271231243341,C,810.0,6.15,8.08,7.11,365.0,20822.0,0.14208316421508788,2026-09-02 20:12:43+00:00,765.1599731445312,0.037720000743865965
2026-09-03 03:42:14.451510,2026-12-18,0.292271231243341,C,815.0,5.25,6.84,5.85,66.0,12808.0,0.14037419692993164,2026-09-02 18:33:03+00:00,765.1599731445312,0.037720000743865965
2026-09-03 03:42:14.451510,2026-12-18,0.292271231243341,C,820.0,3.94,5.25,4.79,44.0,14330.0,0.13424022506713867,2026-09-02 19:33:25+00:00,765.1599731445312,0.037720000743865965
2026-09-03 03:42:14.451510,2026-12-18,0.292271231243341,C,825.0,3.06,4.99,3.92,57.0,13947.0,0.13910773010253907,2026-09-02 19:33:19+00:00,765.1599731445312,0.037720000743865965
2026-09-03 03:42:14.451510,2026-12-18,0.292271231243341,C,830.0,2.5,3.5,3.24,32.0,11798.0,0.13062392822265623,2026-09-02 20:12:07+00:00,765.1599731445312,0.037720000743865965
2026-09-03 03:42:14.451510,2026-12-18,0.292271231243341,C,835.0,1.86,3.38,2.63,13.0,9785.0,0.13578134735107422,2026-09-02 17:03:14+00:00,765.1599731445312,0.037720000743865965
2026-09-03 03:42:14.451510,2026-12-18,0.292271231243341,C,840.0,1.37,2.85,2.04,152.0,8525.0,0.13559824371337892,2026-09-02 19:35:05+00:00,765.1599731445312,0.037720000743865965
2026-09-03 03:42:14.451510,2026-12-18,0.292271231243341,C,845.0,0.98,2.41,1.69,17.0,4852.0,0.13565927825927737,2026-09-02 16:31:27+00:00,765.1599731445312,0.037720000743865965
2026-09-03 03:42:14.451510,2026-12-18,0.292271231243341,C,850.0,1.29,2.05,1.35,72.0,11496.0,0.1360560028076172,2026-09-02 20:12:49+00:00,765.1599731445312,0.037720000743865965
2026-09-03 03:42:14.451510,2026-12-18,0.292271231243341,C,855.0,0.48,1.79,1.14,12.0,3955.0,0.1373072109985352,2026-09-02 14:52:39+00:00,765.1599731445312,0.037720000743865965
2026-09-03 03:42:14.451510,2026-12-18,0.292271231243341,C,860.0,0.6,1.56,0.86,45.0,5235.0,0.1384973846435547,2026-09-02 17:14:08+00:00,765.1599731445312,0.037720000743865965
2026-09-03 03:42:14.451510,2026-12-18,0.292271231243341,C,865.0,0.03,1.39,0.69,91.0,1724.0,0.1403284210205078,2026-09-02 19:33:19+00:00,765.1599731445312,0.037720000743865965
2026-09-03 03:42:14.451510,2026-12-18,0.292271231243341,C,870.0,0.01,1.25,0.57,49.0,2576.0,0.14237307830810547,2026-09-02 16:33:21+00:00,765.1599731445312,0.037720000743865965
2026-09-03 03:42:14.451510,2026-12-18,0.292271231243341,C,875.0,0.43,1.14,0.48,337.0,3771.0,0.1447229083251953,2026-09-02 16:33:21+00:00,765.1599731445312,0.037720000743865965
2026-09-03 03:42:14.451510,2026-12-18,0.292271231243341,C,880.0,0.0,1.05,0.38,300.0,3603.0,0.1472863592529297,2026-09-02 18:00:09+00:00,765.1599731445312,0.037720000743865965
2026-09-03 03:42:14.451510,2026-12-18,0.292271231243341,C,885.0,0.0,0.99,0.97,21.0,2939.0,0.15039912109375003,2026-08-17 19:04:47+00:00,765.1599731445312,0.037720000743865965
2026-09-03 03:42:14.451510,2026-12-18,0.292271231243341,C,890.0,0.0,0.93,0.25,1.0,2235.0,0.15338981384277345,2026-09-02 13:53:08+00:00,765.1599731445312,0.037720000743865965
2026-09-03 03:42:14.451510,2026-12-18,0.292271231243341,C,895.0,0.0,0.89,0.24,1.0,1381.0,0.15674671386718753,2026-09-02 16:29:42+00:00,765.1599731445312,0.037720000743865965
2026-09-03 03:42:14.451510,2026-12-18,0.292271231243341,C,900.0,0.15,0.6,0.2,58.0,8629.0,0.15100946655273442,2026-09-02 19:46:16+00:00,765.1599731445312,0.037720000743865965
2026-09-03 03:42:14.451510,2026-12-18,0.292271231243341,C,905.0,0.0,0.83,0.2,16.0,2618.0,0.16376568664550784,2026-08-31 17:35:24+00:00,765.1599731445312,0.037720000743865965
2026-09-03 03:42:14.451510,2026-12-18,0.292271231243341,C,910.0,0.02,0.81,0.15,250.0,3968.0,0.16742775939941407,2026-09-01 13:30:01+00:00,765.1599731445312,0.037720000743865965
2026-09-03 03:42:14.451510,2026-12-18,0.292271231243341,C,915.0,0.0,0.79,0.13,20.0,2367.0,0.1710287976074219,2026-09-01 16:53:58+00:00,765.1599731445312,0.037720000743865965
2026-09-03 03:42:14.451510,2026-12-18,0.292271231243341,C,920.0,0.0,0.77,0.24,4.0,702.0,0.17456880126953128,2026-08-28 15:31:49+00:00,765.1599731445312,0.037720000743865965
2026-09-03 03:42:14.451510,2026-12-18,0.292271231243341,C,925.0,0.0,0.76,0.16,1.0,1236.0,0.17841397766113282,2026-08-25 19:48:13+00:00,765.1599731445312,0.037720000743865965
2026-09-03 03:42:14.451510,2026-12-18,0.292271231243341,C,930.0,0.0,0.75,0.1,8.0,1710.0,0.18219811950683595,2026-09-02 18:39:35+00:00,765.1599731445312,0.037720000743865965
2026-09-03 03:42:14.451510,2026-12-18,0.292271231243341,C,935.0,0.09,0.7,0.13,1.0,1991.0,0.18433432861328125,2026-08-21 13:38:04+00:00,765.1599731445312,0.037720000743865965
2026-09-03 03:42:14.451510,2026-12-18,0.292271231243341,C,940.0,0.0,0.66,0.09,2.0,433.0,0.18665364135742188,2026-09-02 13:45:54+00:00,765.1599731445312,0.037720000743865965
2026-09-03 03:42:14.451510,2026-12-18,0.292271231243341,C,945.0,0.0,0.62,0.12,3.0,56.0,0.18885088500976563,2026-08-26 20:13:22+00:00,765.1599731445312,0.037720000743865965
2026-09-03 03:42:14.451510,2026-12-18,0.292271231243341,C,950.0,0.05,0.17,0.08,7.0,11474.0,0.16236189208984375,2026-09-02 14:59:17+00:00,765.1599731445312,0.037720000743865965
2026-09-03 03:42:14.451510,2026-12-18,0.292271231243341,C,955.0,0.0,0.56,0.1,3.0,77.0,0.19373364868164064,2026-08-25 14:54:57+00:00,765.1599731445312,0.037720000743865965
2026-09-03 03:42:14.451510,2026-12-18,0.292271231243341,C,960.0,0.0,0.53,0.05,1.0,942.0,0.19605296142578127,2026-09-01 14:00:52+00:00,765.1599731445312,0.037720000743865965
2026-09-03 03:42:14.451510,2026-12-18,0.292271231243341,C,965.0,0.0,0.51,0.09,1.0,570.0,0.19873848144531248,2026-08-28 13:30:03+00:00,765.1599731445312,0.037720000743865965
2026-09-03 03:42:14.451510,2026-12-18,0.292271231243341,C,970.0,0.0,0.3,0.07,2.0,1019.0,0.188484677734375,2026-08-26 15:57:56+00:00,765.1599731445312,0.037720000743865965
2026-09-03 03:42:14.451510,2026-12-18,0.292271231243341,C,975.0,0.0,0.48,0.1,5.0,1070.0,0.2043536596679687,2026-08-17 14:26:02+00:00,765.1599731445312,0.037720000743865965
2026-09-03 03:42:14.451510,2026-12-18,0.292271231243341,C,980.0,0.0,0.46,0.07,1.0,1297.0,0.2067950415039062,2026-08-27 15:20:57+00:00,765.1599731445312,0.037720000743865965
2026-09-03 03:42:14.451510,2026-12-18,0.292271231243341,C,985.0,0.0,0.45,0.08,2.0,419.0,0.20972469970703123,2026-08-17 14:51:49+00:00,765.1599731445312,0.037720000743865965
2026-09-03 03:42:14.451510,2026-12-18,0.292271231243341,C,990.0,0.05,0.06,0.12,7.0,866.0,0.16993017578125003,2026-07-14 14:34:15+00:00,765.1599731445312,0.037720000743865965
2026-09-03 03:42:14.451510,2026-12-18,0.292271231243341,C,995.0,0.0,0.42,0.05,1.0,2272.0,0.2148516015625,2026-09-02 14:05:39+00:00,765.1599731445312,0.037720000743865965
2026-09-03 03:42:14.451510,2026-12-18,0.292271231243341,C,1000.0,0.0,0.2,0.04,206.0,2878.0,0.1992267578125,2026-09-02 18:34:09+00:00,765.1599731445312,0.037720000743865965
2026-09-03 03:42:14.451510,2026-12-18,0.292271231243341,P,150.0,0.01,0.12,0.02,1.0,32487.0,0.99804689453125,2026-09-02 19:29:14+00:00,765.1599731445312,0.037720000743865965
2026-09-03 03:42:14.451510,2026-12-18,0.292271231243341,P,200.0,0.03,0.05,0.03,201.0,31905.0,0.7929708203125,2026-09-02 19:51:03+00:00,765.1599731445312,0.037720000743865965
2026-09-03 03:42:14.451510,2026-12-18,0.292271231243341,P,210.0,0.0,0.38,0.05,222.0,4882.0,0.8808605664062499,2026-09-02 17:52:04+00:00,765.1599731445312,0.037720000743865965
2026-09-03 03:42:14.451510,2026-12-18,0.292271231243341,P,220.0,0.05,0.38,0.07,20.0,2478.0,0.860352958984375,2026-09-01 19:23:49+00:00,765.1599731445312,0.037720000743865965
2026-09-03 03:42:14.451510,2026-12-18,0.292271231243341,P,230.0,0.05,0.39,0.07,2.0,8359.0,0.8330094824218748,2026-08-31 19:57:51+00:00,765.1599731445312,0.037720000743865965
2026-09-03 03:42:14.451510,2026-12-18,0.292271231243341,P,240.0,0.05,0.12,0.08,1.0,48970.0,0.73437765625,2026-09-01 13:44:38+00:00,765.1599731445312,0.037720000743865965
2026-09-03 03:42:14.451510,2026-12-18,0.292271231243341,P,245.0,0.05,0.4,0.08,3.0,523.0,0.7929708203125,2026-08-27 19:43:41+00:00,765.1599731445312,0.037720000743865965
2026-09-03 03:42:14.451510,2026-12-18,0.292271231243341,P,250.0,0.0,0.41,0.08,1.0,5020.0,0.77148666015625,2026-09-02 13:51:58+00:00,765.1599731445312,0.037720000743865965
2026-09-03 03:42:14.451510,2026-12-18,0.292271231243341,P,255.0,0.0,0.1,0.09,19.0,1444.0,0.6660189648437502,2026-09-02 18:41:25+00:00,765.1599731445312,0.037720000743865965
2026-09-03 03:42:14.451510,2026-12-18,0.292271231243341,P,260.0,0.0,0.1,0.09,1.0,5249.0,0.6543003320312502,2026-09-02 16:37:09+00:00,765.1599731445312,0.037720000743865965
2026-09-03 03:42:14.451510,2026-12-18,0.292271231243341,P,265.0,0.0,0.11,0.1,8.0,269.0,0.648441015625,2026-09-02 13:42:30+00:00,765.1599731445312,0.037720000743865965
2026-09-03 03:42:14.451510,2026-12-18,0.292271231243341,P,270.0,0.01,0.43,0.11,5.0,680.0,0.726565234375,2026-09-02 13:37:55+00:00,765.1599731445312,0.037720000743865965
2026-09-03 03:42:14.451510,2026-12-18,0.292271231243341,P,275.0,0.01,0.12,0.12,30.0,6334.0,0.6347692773437501,2026-09-01 19:09:53+00:00,765.1599731445312,0.037720000743865965
2026-09-03 03:42:14.451510,2026-12-18,0.292271231243341,P,280.0,0.0,0.13,0.12,55.0,5475.0,0.6250037500000001,2026-09-02 19:11:50+00:00,765.1599731445312,0.037720000743865965
2026-09-03 03:42:14.451510,2026-12-18,0.292271231243341,P,285.0,0.01,0.14,0.13,5.0,1790.0,0.622074091796875,2026-09-02 13:37:40+00:00,765.1599731445312,0.037720000743865965
2026-09-03 03:42:14.451510,2026-12-18,0.292271231243341,P,290.0,0.12,0.14,0.13,10.0,14989.0,0.6435582519531251,2026-09-02 17:10:36+00:00,765.1599731445312,0.037720000743865965
2026-09-03 03:42:14.451510,2026-12-18,0.292271231243341,P,295.0,0.05,0.15,0.15,5.0,2494.0,0.6171913281250001,2026-09-02 13:37:40+00:00,765.1599731445312,0.037720000743865965
2026-09-03 03:42:14.451510,2026-12-18,0.292271231243341,P,300.0,0.0,0.16,0.14,26.0,8273.0,0.594730615234375,2026-09-02 19:11:08+00:00,765.1599731445312,0.037720000743865965
2026-09-03 03:42:14.451510,2026-12-18,0.292271231243341,P,305.0,0.01,0.17,0.17,5.0,398.0,0.5908244042968751,2026-09-02 13:37:40+00:00,765.1599731445312,0.037720000743865965
2026-09-03 03:42:14.451510,2026-12-18,0.292271231243341,P,310.0,0.05,0.18,0.17,5.0,1927.0,0.594730615234375,2026-09-02 13:37:40+00:00,765.1599731445312,0.037720000743865965
2026-09-03 03:42:14.451510,2026-12-18,0.292271231243341,P,315.0,0.01,0.19,0.17,56.0,852.0,0.57617611328125,2026-09-02 14:44:11+00:00,765.1599731445312,0.037720000743865965
2026-09-03 03:42:14.451510,2026-12-18,0.292271231243341,P,320.0,0.15,0.2,0.19,6.0,1475.0,0.5991251025390626,2026-09-02 13:37:40+00:00,765.1599731445312,0.037720000743865965
2026-09-03 03:42:14.451510,2026-12-18,0.292271231243341,P,325.0,0.01,0.21,0.18,8.0,3178.0,0.5625043750000001,2026-09-02 17:57:16+00:00,765.1599731445312,0.037720000743865965
2026-09-03 03:42:14.451510,2026-12-18,0.292271231243341,P,330.0,0.05,0.52,0.21,1.0,991.0,0.6103554589843752,2026-08-31 18:30:17+00:00,765.1599731445312,0.037720000743865965
2026-09-03 03:42:14.451510,2026-12-18,0.292271231243341,P,335.0,0.04,0.53,0.24,5.0,243.0,0.6001016552734376,2026-08-26 14:26:51+00:00,765.1599731445312,0.037720000743865965
2026-09-03 03:42:14.451510,2026-12-18,0.292271231243341,P,340.0,0.0,0.54,0.21,1.0,2193.0,0.5864299169921875,2026-09-02 17:47:45+00:00,765.1599731445312,0.037720000743865965
2026-09-03 03:42:14.451510,2026-12-18,0.292271231243341,P,345.0,0.01,0.55,0.22,1.0,1438.0,0.5786174951171875,2026-09-02 20:06:40+00:00,765.1599731445312,0.037720000743865965
2026-09-03 03:42:14.451510,2026-12-18,0.292271231243341,P,350.0,0.05,0.5,0.25,27.0,157188.0,0.5678754150390625,2026-09-02 14:21:42+00:00,765.1599731445312,0.037720000743865965
2026-09-03 03:42:14.451510,2026-12-18,0.292271231243341,P,355.0,0.01,0.58,0.29,2.0,1326.0,0.5625043750000001,2026-09-01 19:40:47+00:00,765.1599731445312,0.037720000743865965
2026-09-03 03:42:14.451510,2026-12-18,0.292271231243341,P,360.0,0.0,0.59,0.36,500.0,3442.0,0.5532271240234375,2026-08-21 14:07:25+00:00,765.1599731445312,0.037720000743865965
2026-09-03 03:42:14.451510,2026-12-18,0.292271231243341,P,365.0,0.01,0.6,0.29,1.0,1899.0,0.5456588403320313,2026-08-27 18:37:27+00:00,765.1599731445312,0.037720000743865965
2026-09-03 03:42:14.451510,2026-12-18,0.292271231243341,P,370.0,0.0,0.62,0.3,1.0,2855.0,0.5373581420898439,2026-08-31 16:47:16+00:00,765.1599731445312,0.037720000743865965
2026-09-03 03:42:14.451510,2026-12-18,0.292271231243341,P,375.0,0.01,0.63,0.31,5.0,7727.0,0.5300339965820313,2026-08-28 13:58:07+00:00,765.1599731445312,0.037720000743865965
2026-09-03 03:42:14.451510,2026-12-18,0.292271231243341,P,380.0,0.0,0.64,0.32,5.0,2434.0,0.5210008837890624,2026-09-02 18:18:45+00:00,765.1599731445312,0.037720000743865965
2026-09-03 03:42:14.451510,2026-12-18,0.292271231243341,P,385.0,0.32,0.51,0.32,4.0,3400.0,0.5278367529296876,2026-09-02 19:46:27+00:00,765.1599731445312,0.037720000743865965
2026-09-03 03:42:14.451510,2026-12-18,0.292271231243341,P,390.0,0.01,0.55,0.34,1.0,4333.0,0.5373581420898439,2026-09-02 15:25:44+00:00,765.1599731445312,0.037720000743865965
2026-09-03 03:42:14.451510,2026-12-18,0.292271231243341,P,395.0,0.04,0.69,0.38,1.0,7582.0,0.5019581054687501,2026-08-31 17:27:35+00:00,765.1599731445312,0.037720000743865965
2026-09-03 03:42:14.451510,2026-12-18,0.292271231243341,P,400.0,0.3,0.59,0.36,4.0,28876.0,0.5051319018554687,2026-09-02 20:14:54+00:00,765.1599731445312,0.037720000743865965
2026-09-03 03:42:14.451510,2026-12-18,0.292271231243341,P,405.0,0.07,0.54,0.39,8.0,1235.0,0.5085498364257812,2026-08-28 14:56:09+00:00,765.1599731445312,0.037720000743865965
2026-09-03 03:42:14.451510,2026-12-18,0.292271231243341,P,410.0,0.08,0.75,0.45,1.0,16318.0,0.5219774365234374,2026-08-31 13:31:17+00:00,765.1599731445312,0.037720000743865965
2026-09-03 03:42:14.451510,2026-12-18,0.292271231243341,P,415.0,0.1,0.76,0.49,10.0,5036.0,0.5136767382812499,2026-09-01 19:40:47+00:00,765.1599731445312,0.037720000743865965
2026-09-03 03:42:14.451510,2026-12-18,0.292271231243341,P,420.0,0.12,0.78,0.48,10.0,4672.0,0.5063525927734375,2026-08-31 14:13:44+00:00,765.1599731445312,0.037720000743865965
2026-09-03 03:42:14.451510,2026-12-18,0.292271231243341,P,425.0,0.38,0.81,0.5,5.0,8523.0,0.500005,2026-08-31 14:11:15+00:00,765.1599731445312,0.037720000743865965
2026-09-03 03:42:14.451510,2026-12-18,0.292271231243341,P,430.0,0.17,0.83,0.49,1.0,2384.0,0.49268085449218757,2026-09-02 19:16:34+00:00,765.1599731445312,0.037720000743865965
2026-09-03 03:42:14.451510,2026-12-18,0.292271231243341,P,435.0,0.19,0.85,0.53,2.0,1126.0,0.485356708984375,2026-08-31 16:57:39+00:00,765.1599731445312,0.037720000743865965
2026-09-03 03:42:14.451510,2026-12-18,0.292271231243341,P,440.0,0.21,0.88,0.57,26.0,654.0,0.47900911621093745,2026-09-01 16:25:25+00:00,765.1599731445312,0.037720000743865965
2026-09-03 03:42:14.451510,2026-12-18,0.292271231243341,P,445.0,0.36,0.9,0.64,2.0,1800.0,0.471684970703125,2026-08-26 19:54:13+00:00,765.1599731445312,0.037720000743865965
2026-09-03 03:42:14.451510,2026-12-18,0.292271231243341,P,450.0,0.5,0.93,0.67,10.0,22594.0,0.46521530883789064,2026-09-01 19:41:49+00:00,765.1599731445312,0.037720000743865965
2026-09-03 03:42:14.451510,2026-12-18,0.292271231243341,P,455.0,0.59,0.96,0.61,3.0,846.0,0.4587456469726563,2026-09-02 19:46:31+00:00,765.1599731445312,0.037720000743865965
2026-09-03 03:42:14.451510,2026-12-18,0.292271231243341,P,460.0,0.33,0.99,0.65,5.0,2781.0,0.45215391601562505,2026-09-02 19:01:13+00:00,765.1599731445312,0.037720000743865965
2026-09-03 03:42:14.451510,2026-12-18,0.292271231243341,P,465.0,0.35,1.02,0.76,56.0,1232.0,0.44556218505859374,2026-09-01 19:28:29+00:00,765.1599731445312,0.037720000743865965
2026-09-03 03:42:14.451510,2026-12-18,0.292271231243341,P,470.0,0.39,1.05,0.72,11.0,6944.0,0.43897045410156255,2026-09-02 16:20:32+00:00,765.1599731445312,0.037720000743865965
2026-09-03 03:42:14.451510,2026-12-18,0.292271231243341,P,475.0,0.42,1.08,0.73,18.0,4579.0,0.43237872314453124,2026-09-02 19:06:02+00:00,765.1599731445312,0.037720000743865965
2026-09-03 03:42:14.451510,2026-12-18,0.292271231243341,P,480.0,0.45,1.11,0.79,12.0,311477.0,0.42578699218750005,2026-09-02 14:21:42+00:00,765.1599731445312,0.037720000743865965
2026-09-03 03:42:14.451510,2026-12-18,0.292271231243341,P,485.0,0.49,1.15,0.93,8.0,3649.0,0.4198056066894531,2026-09-01 19:59:45+00:00,765.1599731445312,0.037720000743865965
2026-09-03 03:42:14.451510,2026-12-18,0.292271231243341,P,490.0,0.53,1.19,0.87,1.0,10993.0,0.41370215209960937,2026-08-28 16:49:21+00:00,765.1599731445312,0.037720000743865965
2026-09-03 03:42:14.451510,2026-12-18,0.292271231243341,P,495.0,0.57,1.23,1.02,18.0,1688.0,0.4074766284179688,2026-09-01 19:58:07+00:00,765.1599731445312,0.037720000743865965
2026-09-03 03:42:14.451510,2026-12-18,0.292271231243341,P,500.0,0.61,1.27,0.93,13.0,18268.0,0.401373173828125,2026-09-02 18:24:55+00:00,765.1599731445312,0.037720000743865965
2026-09-03 03:42:14.451510,2026-12-18,0.292271231243341,P,505.0,0.93,1.19,1.1,266.0,1812.0,0.3890441955566406,2026-09-01 18:31:46+00:00,765.1599731445312,0.037720000743865965
2026-09-03 03:42:14.451510,2026-12-18,0.292271231243341,P,510.0,0.7,1.23,1.11,10.0,3900.0,0.3830017755126953,2026-09-02 13:41:40+00:00,765.1599731445312,0.037720000743865965
2026-09-03 03:42:14.451510,2026-12-18,0.292271231243341,P,515.0,1.0,1.27,1.06,70.0,4675.0,0.37695935546875,2026-09-02 18:15:29+00:00,765.1599731445312,0.037720000743865965
2026-09-03 03:42:14.451510,2026-12-18,0.292271231243341,P,520.0,1.08,1.33,1.11,94.0,12009.0,0.3717103845214844,2026-09-02 19:39:37+00:00,765.1599731445312,0.037720000743865965
2026-09-03 03:42:14.451510,2026-12-18,0.292271231243341,P,525.0,0.66,1.59,1.17,303.0,5335.0,0.37500625,2026-09-02 17:58:00+00:00,765.1599731445312,0.037720000743865965
2026-09-03 03:42:14.451510,2026-12-18,0.292271231243341,P,530.0,0.89,1.57,1.39,11.0,5627.0,0.3660952062988281,2026-09-01 19:40:48+00:00,765.1599731445312,0.037720000743865965
2026-09-03 03:42:14.451510,2026-12-18,0.292271231243341,P,535.0,1.1,1.49,1.28,3.0,3290.0,0.35480381530761707,2026-09-02 19:02:20+00:00,765.1599731445312,0.037720000743865965
2026-09-03 03:42:14.451510,2026-12-18,0.292271231243341,P,540.0,1.0,1.55,1.52,1.0,4756.0,0.34924967163085935,2026-09-01 20:12:40+00:00,765.1599731445312,0.037720000743865965
2026-09-03 03:42:14.451510,2026-12-18,0.292271231243341,P,545.0,1.36,1.61,1.38,5.0,4991.0,0.34363449340820307,2026-09-02 19:16:34+00:00,765.1599731445312,0.037720000743865965
2026-09-03 03:42:14.451510,2026-12-18,0.292271231243341,P,550.0,1.28,1.69,1.46,15.0,14388.0,0.3386906951904296,2026-09-02 19:27:02+00:00,765.1599731445312,0.037720000743865965
2026-09-03 03:42:14.451510,2026-12-18,0.292271231243341,P,555.0,1.18,1.76,1.61,29.0,6009.0,0.3332586206054688,2026-09-01 15:32:20+00:00,765.1599731445312,0.037720000743865965
2026-09-03 03:42:14.451510,2026-12-18,0.292271231243341,P,560.0,1.56,1.84,1.63,11.0,10980.0,0.32807068420410157,2026-09-02 20:11:51+00:00,765.1599731445312,0.037720000743865965
2026-09-03 03:42:14.451510,2026-12-18,0.292271231243341,P,565.0,1.5,2.04,1.86,8.0,2714.0,0.3264837860107421,2026-09-01 16:45:33+00:00,765.1599731445312,0.037720000743865965
2026-09-03 03:42:14.451510,2026-12-18,0.292271231243341,P,570.0,1.63,2.0,1.81,10.0,4728.0,0.3173286041259765,2026-09-02 14:36:13+00:00,765.1599731445312,0.037720000743865965
2026-09-03 03:42:14.451510,2026-12-18,0.292271231243341,P,575.0,1.47,2.09,1.91,3.0,6309.0,0.31211015045166013,2026-09-02 15:42:25+00:00,765.1599731445312,0.037720000743865965
2026-09-03 03:42:14.451510,2026-12-18,0.292271231243341,P,580.0,1.76,2.36,1.95,4.0,10044.0,0.3117134259033203,2026-09-02 19:02:46+00:00,765.1599731445312,0.037720000743865965
2026-09-03 03:42:14.451510,2026-12-18,0.292271231243341,P,585.0,1.65,2.27,2.09,2.0,5790.0,0.30133755310058596,2026-09-02 14:37:57+00:00,765.1599731445312,0.037720000743865965
2026-09-03 03:42:14.451510,2026-12-18,0.292271231243341,P,590.0,1.98,2.57,2.17,102.0,11128.0,0.30109341491699215,2026-09-02 19:53:22+00:00,765.1599731445312,0.037720000743865965
2026-09-03 03:42:14.451510,2026-12-18,0.292271231243341,P,595.0,1.98,2.69,2.3,3.0,4027.0,0.2959359957885742,2026-09-02 17:00:25+00:00,765.1599731445312,0.037720000743865965
2026-09-03 03:42:14.451510,2026-12-18,0.292271231243341,P,600.0,2.3,2.61,2.4,40.0,25165.0,0.2860483993530273,2026-09-02 19:57:55+00:00,765.1599731445312,0.037720000743865965
2026-09-03 03:42:14.451510,2026-12-18,0.292271231243341,P,605.0,2.32,2.74,2.47,3.0,8442.0,0.2810740838623046,2026-09-02 19:15:57+00:00,765.1599731445312,0.037720000743865965
2026-09-03 03:42:14.451510,2026-12-18,0.292271231243341,P,610.0,2.2,3.09,2.64,74.0,157945.0,0.28055529022216785,2026-09-02 19:53:22+00:00,765.1599731445312,0.037720000743865965
2026-09-03 03:42:14.451510,2026-12-18,0.292271231243341,P,615.0,2.33,3.02,3.02,1.0,5829.0,0.27103390106201175,2026-09-02 13:34:48+00:00,765.1599731445312,0.037720000743865965
2026-09-03 03:42:14.451510,2026-12-18,0.292271231243341,P,620.0,2.9,3.15,2.92,10.0,18501.0,0.2656018264770508,2026-09-02 19:34:37+00:00,765.1599731445312,0.037720000743865965
2026-09-03 03:42:14.451510,2026-12-18,0.292271231243341,P,625.0,2.62,3.56,3.07,4.0,23796.0,0.26520510192871094,2026-09-02 18:24:55+00:00,765.1599731445312,0.037720000743865965
2026-09-03 03:42:14.451510,2026-12-18,0.292271231243341,P,630.0,2.78,3.74,3.27,7591.0,45309.0,0.2601697518920898,2026-09-02 19:39:37+00:00,765.1599731445312,0.037720000743865965
2026-09-03 03:42:14.451510,2026-12-18,0.292271231243341,P,635.0,2.95,3.94,3.59,1.0,5567.0,0.2552869882202149,2026-09-02 14:14:55+00:00,765.1599731445312,0.037720000743865965
2026-09-03 03:42:14.451510,2026-12-18,0.292271231243341,P,640.0,3.14,4.0,3.66,41.0,11204.0,0.24796284271240232,2026-09-02 19:58:14+00:00,765.1599731445312,0.037720000743865965
2026-09-03 03:42:14.451510,2026-12-18,0.292271231243341,P,645.0,3.34,4.37,3.89,57.0,8058.0,0.24536887451171874,2026-09-02 19:58:34+00:00,765.1599731445312,0.037720000743865965
2026-09-03 03:42:14.451510,2026-12-18,0.292271231243341,P,650.0,3.31,4.31,4.11,5109.0,13912.0,0.23609162353515623,2026-09-02 19:59:42+00:00,765.1599731445312,0.037720000743865965
2026-09-03 03:42:14.451510,2026-12-18,0.292271231243341,P,655.0,4.0,4.75,4.41,114.0,5279.0,0.23398593170166015,2026-09-02 15:44:12+00:00,765.1599731445312,0.037720000743865965
2026-09-03 03:42:14.451510,2026-12-18,0.292271231243341,P,660.0,3.82,5.11,4.59,226.0,134868.0,0.2302933416748047,2026-09-02 20:00:08+00:00,765.1599731445312,0.037720000743865965
2026-09-03 03:42:14.451510,2026-12-18,0.292271231243341,P,665.0,3.99,5.73,4.9,6704.0,7753.0,0.229499892578125,2026-09-02 19:59:40+00:00,765.1599731445312,0.037720000743865965
2026-09-03 03:42:14.451510,2026-12-18,0.292271231243341,P,670.0,5.08,5.69,5.15,6798.0,27970.0,0.22022264160156246,2026-09-02 18:57:14+00:00,765.1599731445312,0.037720000743865965
2026-09-03 03:42:14.451510,2026-12-18,0.292271231243341,P,675.0,5.14,6.35,5.46,76.0,8258.0,0.21903246795654296,2026-09-02 19:32:03+00:00,765.1599731445312,0.037720000743865965
2026-09-03 03:42:14.451510,2026-12-18,0.292271231243341,P,680.0,5.04,6.64,5.77,61.0,12044.0,0.2132036688232422,2026-09-02 19:33:25+00:00,765.1599731445312,0.037720000743865965
2026-09-03 03:42:14.451510,2026-12-18,0.292271231243341,P,685.0,5.58,6.87,6.17,142.0,6200.0,0.20655090332031245,2026-09-02 19:35:05+00:00,765.1599731445312,0.037720000743865965
2026-09-03 03:42:14.451510,2026-12-18,0.292271231243341,P,690.0,5.82,6.98,6.68,42.0,11781.0,0.19849434326171872,2026-09-02 19:55:34+00:00,765.1599731445312,0.037720000743865965
2026-09-03 03:42:14.451510,2026-12-18,0.292271231243341,P,695.0,6.21,7.92,7.03,41.0,11395.0,0.19835701553344726,2026-09-02 19:27:18+00:00,765.1599731445312,0.037720000743865965
2026-09-03 03:42:14.451510,2026-12-18,0.292271231243341,P,700.0,7.0,8.4,7.62,10041.0,37295.0,0.19324537231445313,2026-09-02 19:55:34+00:00,765.1599731445312,0.037720000743865965
2026-09-03 03:42:14.451510,2026-12-18,0.292271231243341,P,705.0,7.36,8.82,8.01,181.0,3454.0,0.18726398681640627,2026-09-02 19:11:05+00:00,765.1599731445312,0.037720000743865965
2026-09-03 03:42:14.451510,2026-12-18,0.292271231243341,P,710.0,7.81,9.5,8.68,248.0,17391.0,0.1831441549682617,2026-09-02 19:04:15+00:00,765.1599731445312,0.037720000743865965
2026-09-03 03:42:14.451510,2026-12-18,0.292271231243341,P,715.0,8.53,10.09,9.25,21.0,4568.0,0.17781889083862307,2026-09-02 19:19:09+00:00,765.1599731445312,0.037720000743865965
2026-09-03 03:42:14.451510,2026-12-18,0.292271231243341,P,720.0,9.12,10.91,10.08,371.0,6105.0,0.17385164535522463,2026-09-02 19:56:18+00:00,765.1599731445312,0.037720000743865965
2026-09-03 03:42:14.451510,2026-12-18,0.292271231243341,P,725.0,9.87,11.69,10.75,398.0,5884.0,0.16902991622924807,2026-09-02 20:12:43+00:00,765.1599731445312,0.037720000743865965
2026-09-03 03:42:14.451510,2026-12-18,0.292271231243341,P,730.0,10.8,12.18,11.69,554.0,15947.0,0.16161421890258787,2026-09-02 19:57:58+00:00,765.1599731445312,0.037720000743865965
2026-09-03 03:42:14.451510,2026-12-18,0.292271231243341,P,735.0,11.59,13.49,12.48,137.0,27665.0,0.15946275115966796,2026-09-02 19:45:19+00:00,765.1599731445312,0.037720000743865965
2026-09-03 03:42:14.451510,2026-12-18,0.292271231243341,P,740.0,12.8,14.14,13.49,415.0,15317.0,0.15210808837890627,2026-09-02 19:45:07+00:00,765.1599731445312,0.037720000743865965
2026-09-03 03:42:14.451510,2026-12-18,0.292271231243341,P,745.0,13.72,15.7,14.71,97.0,5994.0,0.15013972427368166,2026-09-02 19:15:55+00:00,765.1599731445312,0.037720000743865965
2026-09-03 03:42:14.451510,2026-12-18,0.292271231243341,P,750.0,15.8,16.65,15.99,217.0,11165.0,0.1434259242248535,2026-09-02 19:59:52+00:00,765.1599731445312,0.037720000743865965
2026-09-03 03:42:14.451510,2026-12-18,0.292271231243341,P,755.0,16.18,18.54,17.3,98.0,5278.0,0.1418237673950195,2026-09-02 19:26:35+00:00,765.1599731445312,0.037720000743865965
2026-09-03 03:42:14.451510,2026-12-18,0.292271231243341,P,760.0,18.03,20.15,19.06,248.0,14756.0,0.1375208319091797,2026-09-02 20:14:53+00:00,765.1599731445312,0.037720000743865965
2026-09-03 03:42:14.451510,2026-12-18,0.292271231243341,P,765.0,19.5,21.94,20.75,217.0,6405.0,0.13333996551513672,2026-09-02 19:41:39+00:00,765.1599731445312,0.037720000743865965
2026-09-03 03:42:14.451510,2026-12-18,0.292271231243341,P,770.0,21.46,23.97,22.51,74.0,6788.0,0.12955582366943358,2026-09-02 19:29:48+00:00,765.1599731445312,0.037720000743865965
2026-09-03 03:42:14.451510,2026-12-18,0.292271231243341,P,775.0,23.58,25.99,24.73,52.0,3100.0,0.12455099090576172,2026-09-02 19:17:36+00:00,765.1599731445312,0.037720000743865965
2026-09-03 03:42:14.451510,2026-12-18,0.292271231243341,P,780.0,25.91,28.56,27.14,53.0,11808.0,0.12165184997558594,2026-09-02 19:10:08+00:00,765.1599731445312,0.037720000743865965
2026-09-03 03:42:14.451510,2026-12-18,0.292271231243341,P,785.0,28.5,31.08,30.21,4.0,1011.0,0.11708951766967773,2026-09-02 17:55:25+00:00,765.1599731445312,0.037720000743865965
2026-09-03 03:42:14.451510,2026-12-18,0.292271231243341,P,790.0,31.05,34.26,36.5,21.0,1173.0,0.11539580902099611,2026-09-01 18:51:39+00:00,765.1599731445312,0.037720000743865965
2026-09-03 03:42:14.451510,2026-12-18,0.292271231243341,P,795.0,34.01,37.89,40.22,1.0,681.0,0.11548736083984376,2026-09-01 18:44:54+00:00,765.1599731445312,0.037720000743865965
2026-09-03 03:42:14.451510,2026-12-18,0.292271231243341,P,800.0,37.8,41.14,39.5,8.0,1904.0,0.11142856353759764,2026-09-02 18:37:29+00:00,765.1599731445312,0.037720000743865965
2026-09-03 03:42:14.451510,2026-12-18,0.292271231243341,P,805.0,41.55,45.05,43.1,1.0,31.0,0.11094028717041014,2026-09-02 14:52:57+00:00,765.1599731445312,0.037720000743865965
2026-09-03 03:42:14.451510,2026-12-18,0.292271231243341,P,810.0,45.29,49.15,42.75,1.0,106.0,0.11081821807861328,2026-08-28 13:34:36+00:00,765.1599731445312,0.037720000743865965
2026-09-03 03:42:14.451510,2026-12-18,0.292271231243341,P,815.0,49.52,53.4,47.42,26.0,37.0,0.11089451126098632,2026-08-27 15:54:48+00:00,765.1599731445312,0.037720000743865965
2026-09-03 03:42:14.451510,2026-12-18,0.292271231243341,P,820.0,54.0,57.85,56.5,21.0,661.0,0.11197787445068358,2026-09-02 19:51:29+00:00,765.1599731445312,0.037720000743865965
2026-09-03 03:42:14.451510,2026-12-18,0.292271231243341,P,825.0,58.6,62.37,59.97,5.0,190.0,0.11290865127563476,2026-09-02 15:37:42+00:00,765.1599731445312,0.037720000743865965
2026-09-03 03:42:14.451510,2026-12-18,0.292271231243341,P,830.0,63.31,67.19,65.6,1.0,625.0,0.11693693130493163,2026-09-02 19:21:08+00:00,765.1599731445312,0.037720000743865965
2026-09-03 03:42:14.451510,2026-12-18,0.292271231243341,P,835.0,68.2,71.91,64.72,2.0,2.0,0.11917995086669922,2026-08-27 15:54:48+00:00,765.1599731445312,0.037720000743865965
2026-09-03 03:42:14.451510,2026-12-18,0.292271231243341,P,840.0,73.01,76.89,74.34,2.0,2.0,0.12482564636230468,2026-08-25 14:01:54+00:00,765.1599731445312,0.037720000743865965
2026-09-03 03:42:14.451510,2026-12-18,0.292271231243341,P,845.0,78.0,81.78,79.29,2.0,0.0,0.12897599548339844,2026-08-25 14:01:54+00:00,765.1599731445312,0.037720000743865965
2026-09-03 03:42:14.451510,2026-12-18,0.292271231243341,P,850.0,83.0,86.61,84.7,2.0,3.0,0.131844619140625,2026-08-20 17:22:33+00:00,765.1599731445312,0.037720000743865965
2026-09-03 03:42:14.451510,2026-12-18,0.292271231243341,P,855.0,88.0,91.58,89.72,2.0,0.0,0.1368799691772461,2026-08-20 17:22:33+00:00,765.1599731445312,0.037720000743865965
2026-09-03 03:42:14.451510,2026-12-18,0.292271231243341,P,860.0,92.97,97.35,94.7,2.0,0.0,0.1549461947631836,2026-08-20 17:22:33+00:00,765.1599731445312,0.037720000743865965
2026-09-03 03:42:14.451510,2026-12-18,0.292271231243341,P,865.0,97.93,102.34,99.71,2.0,0.0,0.16043930389404298,2026-08-20 17:22:33+00:00,765.1599731445312,0.037720000743865965
2026-09-03 03:42:14.451510,2026-12-18,0.292271231243341,P,870.0,102.92,107.0,104.69,2.0,0.0,0.16050033843994144,2026-08-20 17:22:33+00:00,765.1599731445312,0.037720000743865965
2026-09-03 03:42:14.451510,2026-12-18,0.292271231243341,P,875.0,107.91,112.32,109.71,2.0,0.0,0.1712119012451172,2026-08-20 17:22:33+00:00,765.1599731445312,0.037720000743865965
2026-09-03 03:42:14.451510,2026-12-18,0.292271231243341,P,880.0,112.91,116.98,114.71,2.0,0.0,0.1708456939697266,2026-08-20 17:22:34+00:00,765.1599731445312,0.037720000743865965
2026-09-03 03:42:14.451510,2026-12-18,0.292271231243341,P,885.0,117.9,122.0,119.69,,0.0,0.17646087219238282,2026-08-20 17:22:34+00:00,765.1599731445312,0.037720000743865965
2026-09-03 03:42:14.451510,2026-12-18,0.292271231243341,P,900.0,132.88,137.0,134.14,40.0,5.0,0.19184157775878907,2026-09-02 15:04:58+00:00,765.1599731445312,0.037720000743865965
2026-09-03 03:42:14.451510,2026-12-18,0.292271231243341,P,905.0,137.87,142.0,127.09,1.0,0.0,0.19684641052246094,2026-08-13 20:05:54+00:00,765.1599731445312,0.037720000743865965
2026-09-03 03:42:14.451510,2026-12-18,0.292271231243341,P,910.0,242.52,247.5,252.32,1.0,0.0,0.9092034836578369,2025-09-17 19:56:46+00:00,765.1599731445312,0.037720000743865965
2026-09-03 03:42:14.451510,2026-12-18,0.292271231243341,P,925.0,230.21,235.46,253.05,,0.0,0.7665428619384766,2025-11-06 18:51:45+00:00,765.1599731445312,0.037720000743865965
2026-09-03 03:42:14.451510,2026-12-18,0.292271231243341,P,930.0,176.39,179.69,191.5,1.0,0.0,0.3711152976989746,2026-05-15 20:00:49+00:00,765.1599731445312,0.037720000743865965
2026-09-03 03:42:14.451510,2026-12-18,0.292271231243341,P,935.0,241.25,245.25,247.55,1.0,0.0,0.7847616738891602,2025-12-30 20:54:05+00:00,765.1599731445312,0.037720000743865965
2026-09-03 03:42:14.451510,2026-12-18,0.292271231243341,P,965.0,197.8,201.53,198.43,5.0,0.0,0.24176783630371096,2026-08-21 19:50:12+00:00,765.1599731445312,0.037720000743865965
2026-09-03 03:42:14.451510,2026-12-18,0.292271231243341,P,970.0,202.77,206.53,203.41,10.0,0.0,0.24604025451660155,2026-08-21 19:50:12+00:00,765.1599731445312,0.037720000743865965
2026-09-03 03:42:14.451510,2026-12-18,0.292271231243341,P,980.0,212.77,216.53,213.07,,0.0,0.25449353912353523,2026-08-20 14:39:35+00:00,765.1599731445312,0.037720000743865965
2026-09-03 03:42:14.451510,2026-12-18,0.292271231243341,P,1000.0,259.33,262.51,251.57,5.0,0.0,0.5505416040039064,2026-06-17 15:24:37+00:00,765.1599731445312,0.037720000743865965
2026-09-03 03:42:14.451510,2027-01-29,0.4073397243940259,C,485.0,284.64,289.1,295.48,2.0,6.0,0.5006153454589843,2026-08-11 19:15:25+00:00,765.1599731445312,0.037720000743865965
2026-09-03 03:42:14.451510,2027-01-29,0.4073397243940259,C,490.0,279.57,284.25,285.98,,13.0,0.5306443420410156,2026-08-18 18:34:15+00:00,765.1599731445312,0.037720000743865965
2026-09-03 03:42:14.451510,2027-01-29,0.4073397243940259,C,495.0,275.12,279.34,290.38,,1.0,0.522343643798828,2026-08-05 13:30:36+00:00,765.1599731445312,0.037720000743865965
2026-09-03 03:42:14.451510,2027-01-29,0.4073397243940259,C,500.0,270.34,274.53,269.61,15.0,16.0,0.5155382919311523,2026-09-01 14:06:58+00:00,765.1599731445312,0.037720000743865965
2026-09-03 03:42:14.451510,2027-01-29,0.4073397243940259,C,505.0,265.25,269.7,272.49,,1.0,0.5084277673339843,2026-08-28 16:41:52+00:00,765.1599731445312,0.037720000743865965
2026-09-03 03:42:14.451510,2027-01-29,0.4073397243940259,C,540.0,231.5,235.92,233.26,,1.0,0.4588677160644532,2026-08-20 19:20:54+00:00,765.1599731445312,0.037720000743865965
2026-09-03 03:42:14.451510,2027-01-29,0.4073397243940259,C,550.0,221.8,226.32,231.9,,5.0,0.4452264950561523,2026-08-27 17:43:46+00:00,765.1599731445312,0.037720000743865965
2026-09-03 03:42:14.451510,2027-01-29,0.4073397243940259,C,560.0,212.19,216.73,226.1,,7.0,0.43160053268432624,2026-08-17 14:06:47+00:00,765.1599731445312,0.037720000743865965
2026-09-03 03:42:14.451510,2027-01-29,0.4073397243940259,C,565.0,207.59,211.94,221.87,,1.0,0.424810439453125,2026-08-14 19:39:00+00:00,765.1599731445312,0.037720000743865965
2026-09-03 03:42:14.451510,2027-01-29,0.4073397243940259,C,570.0,202.5,207.16,204.99,,1.0,0.41809663940429687,2026-08-20 18:51:32+00:00,765.1599731445312,0.037720000743865965
2026-09-03 03:42:14.451510,2027-01-29,0.4073397243940259,C,580.0,193.04,197.6,200.99,1.0,3.0,0.4045622288513184,2026-08-19 19:44:44+00:00,765.1599731445312,0.037720000743865965
2026-09-03 03:42:14.451510,2027-01-29,0.4073397243940259,C,595.0,179.17,183.05,184.71,7.0,8.0,0.3819031536865234,2026-08-20 13:39:33+00:00,765.1599731445312,0.037720000743865965
2026-09-03 03:42:14.451510,2027-01-29,0.4073397243940259,C,600.0,174.42,178.3,190.02,1.0,21.0,0.37532668136596675,2026-08-13 18:32:23+00:00,765.1599731445312,0.037720000743865965
2026-09-03 03:42:14.451510,2027-01-29,0.4073397243940259,C,605.0,169.68,173.56,154.35,,1.0,0.3687807263183594,2026-07-28 19:19:10+00:00,765.1599731445312,0.037720000743865965
2026-09-03 03:42:14.451510,2027-01-29,0.4073397243940259,C,630.0,146.15,150.03,158.27,1.0,1.0,0.33667655517578127,2026-08-12 18:30:53+00:00,765.1599731445312,0.037720000743865965
2026-09-03 03:42:14.451510,2027-01-29,0.4073397243940259,C,640.0,136.84,140.72,135.52,4.0,16.0,0.3241949905395507,2026-09-01 17:17:43+00:00,765.1599731445312,0.037720000743865965
2026-09-03 03:42:14.451510,2027-01-29,0.4073397243940259,C,645.0,132.21,136.09,146.06,,3.0,0.31801524276733395,2026-08-17 15:37:26+00:00,765.1599731445312,0.037720000743865965
2026-09-03 03:42:14.451510,2027-01-29,0.4073397243940259,C,650.0,127.59,131.47,133.68,1.0,5.0,0.31180497772216786,2026-08-28 17:25:14+00:00,765.1599731445312,0.037720000743865965
2026-09-03 03:42:14.451510,2027-01-29,0.4073397243940259,C,655.0,122.99,126.86,137.58,,1.0,0.30557945404052733,2026-08-14 18:02:46+00:00,765.1599731445312,0.037720000743865965
2026-09-03 03:42:14.451510,2027-01-29,0.4073397243940259,C,660.0,118.42,122.28,116.0,1.0,6.0,0.299460740814209,2026-09-01 18:43:02+00:00,765.1599731445312,0.037720000743865965
2026-09-03 03:42:14.451510,2027-01-29,0.4073397243940259,C,665.0,113.87,117.73,115.47,1.0,1.0,0.2934488380432128,2026-09-02 17:18:56+00:00,765.1599731445312,0.037720000743865965
2026-09-03 03:42:14.451510,2027-01-29,0.4073397243940259,C,675.0,104.84,108.7,109.48,1.0,14.0,0.2815165843200683,2026-08-21 17:29:17+00:00,765.1599731445312,0.037720000743865965
2026-09-03 03:42:14.451510,2027-01-29,0.4073397243940259,C,676.0,103.94,107.81,106.87,1.0,1.0,0.2803874452209472,2026-08-21 17:27:16+00:00,765.1599731445312,0.037720000743865965
2026-09-03 03:42:14.451510,2027-01-29,0.4073397243940259,C,679.0,101.26,105.12,113.92,,2.0,0.276801665649414,2026-08-12 19:16:46+00:00,765.1599731445312,0.037720000743865965
2026-09-03 03:42:14.451510,2027-01-29,0.4073397243940259,C,680.0,100.37,104.23,115.15,1.0,3.0,0.2756420092773437,2026-08-17 13:30:35+00:00,765.1599731445312,0.037720000743865965
2026-09-03 03:42:14.451510,2027-01-29,0.4073397243940259,C,683.0,97.77,101.56,96.22,2.0,46.0,0.27211726425170896,2026-09-01 18:36:17+00:00,765.1599731445312,0.037720000743865965
2026-09-03 03:42:14.451510,2027-01-29,0.4073397243940259,C,684.0,96.87,100.67,99.11,,1.0,0.27092709060668946,2026-08-25 14:30:30+00:00,765.1599731445312,0.037720000743865965
2026-09-03 03:42:14.451510,2027-01-29,0.4073397243940259,C,688.0,93.36,96.96,103.53,1.0,0.0,0.2651288087463379,2026-08-28 15:26:26+00:00,765.1599731445312,0.037720000743865965
2026-09-03 03:42:14.451510,2027-01-29,0.4073397243940259,C,689.0,92.43,96.25,98.61,,23.0,0.26509829147338865,2026-08-20 14:25:14+00:00,765.1599731445312,0.037720000743865965
2026-09-03 03:42:14.451510,2027-01-29,0.4073397243940259,C,690.0,91.53,95.37,90.22,2.0,8.0,0.26392337646484376,2026-09-01 20:02:01+00:00,765.1599731445312,0.037720000743865965
2026-09-03 03:42:14.451510,2027-01-29,0.4073397243940259,C,694.0,88.13,91.73,93.96,,195.0,0.25843026733398444,2026-08-20 13:58:20+00:00,765.1599731445312,0.037720000743865965
2026-09-03 03:42:14.451510,2027-01-29,0.4073397243940259,C,695.0,87.27,90.86,90.44,1.0,173.0,0.2573011282348633,2026-08-20 19:04:44+00:00,765.1599731445312,0.037720000743865965
2026-09-03 03:42:14.451510,2027-01-29,0.4073397243940259,C,696.0,87.37,90.0,99.05,,2.0,0.256217765045166,2026-08-12 19:15:22+00:00,765.1599731445312,0.037720000743865965
2026-09-03 03:42:14.451510,2027-01-29,0.4073397243940259,C,697.0,85.53,89.14,99.04,5.0,5.0,0.2551344018554688,2026-08-07 15:42:23+00:00,765.1599731445312,0.037720000743865965
2026-09-03 03:42:14.451510,2027-01-29,0.4073397243940259,C,698.0,84.67,88.28,98.2,,21.0,0.25403578002929694,2026-08-10 19:10:45+00:00,765.1599731445312,0.037720000743865965
2026-09-03 03:42:14.451510,2027-01-29,0.4073397243940259,C,700.0,82.95,86.55,85.49,2.0,10.0,0.25176224319458,2026-08-20 19:57:27+00:00,765.1599731445312,0.037720000743865965
2026-09-03 03:42:14.451510,2027-01-29,0.4073397243940259,C,702.0,81.24,84.85,94.78,,31.0,0.24964129272460936,2026-08-10 19:10:45+00:00,765.1599731445312,0.037720000743865965
2026-09-03 03:42:14.451510,2027-01-29,0.4073397243940259,C,703.0,80.38,83.99,96.11,,1.0,0.24849689498901367,2026-08-13 15:57:48+00:00,765.1599731445312,0.037720000743865965
2026-09-03 03:42:14.451510,2027-01-29,0.4073397243940259,C,704.0,79.57,83.14,90.08,,44.0,0.2474135317993164,2026-08-11 18:35:13+00:00,765.1599731445312,0.037720000743865965
2026-09-03 03:42:14.451510,2027-01-29,0.4073397243940259,C,705.0,78.69,82.3,82.19,1.0,41.0,0.246375944519043,2026-08-20 18:48:35+00:00,765.1599731445312,0.037720000743865965
2026-09-03 03:42:14.451510,2027-01-29,0.4073397243940259,C,706.0,77.91,81.46,82.29,1.0,1.0,0.2453307279205322,2026-08-21 18:59:10+00:00,765.1599731445312,0.037720000743865965
2026-09-03 03:42:14.451510,2027-01-29,0.4073397243940259,C,707.0,76.81,80.63,79.65,2.0,5.0,0.24433891654968262,2026-09-02 15:19:07+00:00,765.1599731445312,0.037720000743865965
2026-09-03 03:42:14.451510,2027-01-29,0.4073397243940259,C,709.0,75.15,78.96,90.76,10.0,10.0,0.24225611267089842,2026-08-13 15:27:43+00:00,765.1599731445312,0.037720000743865965
2026-09-03 03:42:14.451510,2027-01-29,0.4073397243940259,C,710.0,74.31,78.11,77.5,3.0,22.0,0.2411117149353027,2026-08-31 15:23:06+00:00,765.1599731445312,0.037720000743865965
2026-09-03 03:42:14.451510,2027-01-29,0.4073397243940259,C,713.0,71.8,75.59,80.28,,1.0,0.23780059082031246,2026-08-18 16:45:46+00:00,765.1599731445312,0.037720000743865965
2026-09-03 03:42:14.451510,2027-01-29,0.4073397243940259,C,715.0,70.05,73.82,75.49,1.0,3.0,0.23500826034545896,2026-08-21 13:54:53+00:00,765.1599731445312,0.037720000743865965
2026-09-03 03:42:14.451510,2027-01-29,0.4073397243940259,C,718.0,67.56,71.36,82.59,,10.0,0.23189549850463864,2026-08-10 14:54:03+00:00,765.1599731445312,0.037720000743865965
2026-09-03 03:42:14.451510,2027-01-29,0.4073397243940259,C,719.0,66.73,70.54,66.73,1.0,2.0,0.23084265258789063,2026-09-02 13:45:56+00:00,765.1599731445312,0.037720000743865965
2026-09-03 03:42:14.451510,2027-01-29,0.4073397243940259,C,720.0,65.96,69.73,69.21,5.0,13.0,0.2298279532623291,2026-08-31 14:04:55+00:00,765.1599731445312,0.037720000743865965
2026-09-03 03:42:14.451510,2027-01-29,0.4073397243940259,C,723.0,63.46,67.28,79.66,,2.0,0.22660075164794918,2026-08-05 14:31:17+00:00,765.1599731445312,0.037720000743865965
2026-09-03 03:42:14.451510,2027-01-29,0.4073397243940259,C,725.0,61.83,65.7,66.76,1.0,15.0,0.22469342208862303,2026-08-21 17:46:25+00:00,765.1599731445312,0.037720000743865965
2026-09-03 03:42:14.451510,2027-01-29,0.4073397243940259,C,726.0,61.03,64.89,65.34,2.0,17.0,0.22361005889892577,2026-08-25 18:10:22+00:00,765.1599731445312,0.037720000743865965
2026-09-03 03:42:14.451510,2027-01-29,0.4073397243940259,C,727.0,60.31,64.09,76.66,12.0,16.0,0.22256484230041498,2026-08-05 14:30:17+00:00,765.1599731445312,0.037720000743865965
2026-09-03 03:42:14.451510,2027-01-29,0.4073397243940259,C,728.0,59.42,63.3,73.63,2.0,1.0,0.2215654016113281,2026-08-10 14:12:16+00:00,765.1599731445312,0.037720000743865965
2026-09-03 03:42:14.451510,2027-01-29,0.4073397243940259,C,729.0,58.97,62.49,62.55,5.0,4.0,0.2204438918304443,2026-08-24 16:08:19+00:00,765.1599731445312,0.037720000743865965
2026-09-03 03:42:14.451510,2027-01-29,0.4073397243940259,C,730.0,57.91,61.69,60.46,5.0,45.0,0.21936052864074707,2026-09-02 14:25:21+00:00,765.1599731445312,0.037720000743865965
2026-09-03 03:42:14.451510,2027-01-29,0.4073397243940259,C,732.0,56.24,60.12,61.05,1.0,3.0,0.21732350067138673,2026-08-26 13:43:34+00:00,765.1599731445312,0.037720000743865965
2026-09-03 03:42:14.451510,2027-01-29,0.4073397243940259,C,733.0,55.59,59.33,60.39,1.0,2.0,0.21626302543640133,2026-08-21 13:47:32+00:00,765.1599731445312,0.037720000743865965
2026-09-03 03:42:14.451510,2027-01-29,0.4073397243940259,C,734.0,54.71,58.44,54.65,1.0,0.0,0.21463798065185546,2026-08-03 14:36:36+00:00,765.1599731445312,0.037720000743865965
2026-09-03 03:42:14.451510,2027-01-29,0.4073397243940259,C,735.0,53.89,57.75,62.0,1.0,15.0,0.2140886697387695,2026-08-28 14:33:31+00:00,765.1599731445312,0.037720000743865965
2026-09-03 03:42:14.451510,2027-01-29,0.4073397243940259,C,736.0,53.11,56.96,56.52,4.0,2.0,0.21299004791259768,2026-08-25 14:30:36+00:00,765.1599731445312,0.037720000743865965
2026-09-03 03:42:14.451510,2027-01-29,0.4073397243940259,C,737.0,52.49,56.2,56.48,3.0,12.0,0.21202875381469727,2026-08-25 14:33:17+00:00,765.1599731445312,0.037720000743865965
2026-09-03 03:42:14.451510,2027-01-29,0.4073397243940259,C,738.0,51.76,55.44,59.12,1.0,15.0,0.21105983039855955,2026-08-28 15:49:41+00:00,765.1599731445312,0.037720000743865965
2026-09-03 03:42:14.451510,2027-01-29,0.4073397243940259,C,739.0,50.84,54.56,54.88,5.0,9.0,0.20941952697753902,2026-08-25 14:30:04+00:00,765.1599731445312,0.037720000743865965
2026-09-03 03:42:14.451510,2027-01-29,0.4073397243940259,C,740.0,50.46,53.9,53.15,1.0,274.0,0.20896176788330073,2026-08-31 15:06:52+00:00,765.1599731445312,0.037720000743865965
2026-09-03 03:42:14.451510,2027-01-29,0.4073397243940259,C,741.0,49.44,53.14,53.33,4.0,8.0,0.20794706855773923,2026-08-25 18:10:22+00:00,765.1599731445312,0.037720000743865965
2026-09-03 03:42:14.451510,2027-01-29,0.4073397243940259,C,742.0,48.72,52.38,61.77,1.0,2.0,0.20691711059570309,2026-08-11 15:14:13+00:00,765.1599731445312,0.037720000743865965
2026-09-03 03:42:14.451510,2027-01-29,0.4073397243940259,C,743.0,47.81,51.51,41.39,,0.0,0.2052844364929199,2026-07-28 15:50:18+00:00,765.1599731445312,0.037720000743865965
2026-09-03 03:42:14.451510,2027-01-29,0.4073397243940259,C,745.0,46.32,50.02,49.86,1.0,46.0,0.20330081375122067,2026-08-31 13:54:21+00:00,765.1599731445312,0.037720000743865965
2026-09-03 03:42:14.451510,2027-01-29,0.4073397243940259,C,746.0,45.53,49.41,56.5,1.0,11.0,0.2030108996582031,2026-08-04 16:10:35+00:00,765.1599731445312,0.037720000743865965
2026-09-03 03:42:14.451510,2027-01-29,0.4073397243940259,C,747.0,44.8,48.66,39.9,2.0,16.0,0.20195042442321778,2026-07-31 17:52:24+00:00,765.1599731445312,0.037720000743865965
2026-09-03 03:42:14.451510,2027-01-29,0.4073397243940259,C,748.0,44.07,47.78,36.18,,20.0,0.2001880519104004,2026-07-28 13:39:42+00:00,765.1599731445312,0.037720000743865965
2026-09-03 03:42:14.451510,2027-01-29,0.4073397243940259,C,749.0,43.34,47.21,35.27,,40.0,0.20005072418212888,2026-07-28 13:42:53+00:00,765.1599731445312,0.037720000743865965
2026-09-03 03:42:14.451510,2027-01-29,0.4073397243940259,C,750.0,42.62,46.48,46.73,102.0,173.0,0.19904365417480469,2026-08-25 14:34:39+00:00,765.1599731445312,0.037720000743865965
2026-09-03 03:42:14.451510,2027-01-29,0.4073397243940259,C,752.0,41.18,45.05,45.78,1.0,1.0,0.1971439539337158,2026-08-24 16:21:23+00:00,765.1599731445312,0.037720000743865965
2026-09-03 03:42:14.451510,2027-01-29,0.4073397243940259,C,753.0,40.95,43.68,37.1,3.0,18.0,0.19274183731079103,2026-07-31 19:20:01+00:00,765.1599731445312,0.037720000743865965
2026-09-03 03:42:14.451510,2027-01-29,0.4073397243940259,C,754.0,40.25,43.15,39.97,1.0,6.0,0.1927189493560791,2026-09-01 16:58:00+00:00,765.1599731445312,0.037720000743865965
2026-09-03 03:42:14.451510,2027-01-29,0.4073397243940259,C,755.0,39.55,42.45,51.51,1.0,136.0,0.19178817253112795,2026-08-12 17:57:21+00:00,765.1599731445312,0.037720000743865965
2026-09-03 03:42:14.451510,2027-01-29,0.4073397243940259,C,756.0,38.86,41.57,42.04,2.0,13.0,0.1899037309265137,2026-08-31 20:13:37+00:00,765.1599731445312,0.037720000743865965
2026-09-03 03:42:14.451510,2027-01-29,0.4073397243940259,C,758.0,37.66,40.18,38.86,1.0,63.0,0.18799640136718748,2026-09-02 17:00:25+00:00,765.1599731445312,0.037720000743865965
2026-09-03 03:42:14.451510,2027-01-29,0.4073397243940259,C,759.0,36.98,39.68,39.63,2.0,124.0,0.1880269186401367,2026-08-24 14:37:47+00:00,765.1599731445312,0.037720000743865965
2026-09-03 03:42:14.451510,2027-01-29,0.4073397243940259,C,760.0,36.29,38.82,35.33,10.0,161.0,0.18617299430847167,2026-09-01 19:37:46+00:00,765.1599731445312,0.037720000743865965
2026-09-03 03:42:14.451510,2027-01-29,0.4073397243940259,C,761.0,35.64,38.14,34.7,13.0,21.0,0.18522695884704585,2026-09-01 19:37:46+00:00,765.1599731445312,0.037720000743865965
2026-09-03 03:42:14.451510,2027-01-29,0.4073397243940259,C,762.0,34.98,37.46,34.49,4.0,4.0,0.18425803543090818,2026-09-01 13:58:23+00:00,765.1599731445312,0.037720000743865965
2026-09-03 03:42:14.451510,2027-01-29,0.4073397243940259,C,763.0,34.16,36.99,33.23,5.0,64.0,0.18435721656799317,2026-09-01 18:58:14+00:00,765.1599731445312,0.037720000743865965
2026-09-03 03:42:14.451510,2027-01-29,0.4073397243940259,C,764.0,33.51,36.33,35.67,1.0,302.0,0.1834493276977539,2026-08-31 16:21:34+00:00,765.1599731445312,0.037720000743865965
2026-09-03 03:42:14.451510,2027-01-29,0.4073397243940259,C,765.0,33.02,35.51,34.01,1.0,166.0,0.18170984313964844,2026-09-02 18:37:33+00:00,765.1599731445312,0.037720000743865965
2026-09-03 03:42:14.451510,2027-01-29,0.4073397243940259,C,766.0,32.23,35.03,33.46,1.0,30.0,0.18167932586669922,2026-09-02 16:28:49+00:00,765.1599731445312,0.037720000743865965
2026-09-03 03:42:14.451510,2027-01-29,0.4073397243940259,C,767.0,31.6,34.38,38.01,2.0,22.0,0.18076380767822264,2026-08-27 18:19:56+00:00,765.1599731445312,0.037720000743865965
2026-09-03 03:42:14.451510,2027-01-29,0.4073397243940259,C,768.0,31.12,33.57,30.19,175.0,184.0,0.17900143516540526,2026-09-01 19:00:56+00:00,765.1599731445312,0.037720000743865965
2026-09-03 03:42:14.451510,2027-01-29,0.4073397243940259,C,769.0,30.85,32.55,35.61,29.0,54.0,0.17614044082641606,2026-08-28 18:34:30+00:00,765.1599731445312,0.037720000743865965
2026-09-03 03:42:14.451510,2027-01-29,0.4073397243940259,C,770.0,29.88,32.32,31.43,1.0,252.0,0.17730772651672363,2026-09-02 14:29:24+00:00,765.1599731445312,0.037720000743865965
2026-09-03 03:42:14.451510,2027-01-29,0.4073397243940259,C,771.0,29.13,31.87,28.64,10.0,162.0,0.17732298515319825,2026-09-01 17:57:27+00:00,765.1599731445312,0.037720000743865965
2026-09-03 03:42:14.451510,2027-01-29,0.4073397243940259,C,772.0,28.67,31.08,32.46,3.0,304.0,0.17557587127685548,2026-08-25 14:33:17+00:00,765.1599731445312,0.037720000743865965
2026-09-03 03:42:14.451510,2027-01-29,0.4073397243940259,C,773.0,28.07,30.49,31.17,1.0,6.0,0.1748281980895996,2026-08-24 15:36:33+00:00,765.1599731445312,0.037720000743865965
2026-09-03 03:42:14.451510,2027-01-29,0.4073397243940259,C,774.0,27.48,29.89,29.2,1.0,7.0,0.1740042317199707,2026-08-31 16:05:00+00:00,765.1599731445312,0.037720000743865965
2026-09-03 03:42:14.451510,2027-01-29,0.4073397243940259,C,775.0,26.9,29.3,29.26,2.0,112.0,0.17320315330505373,2026-08-31 14:40:27+00:00,765.1599731445312,0.037720000743865965
2026-09-03 03:42:14.451510,2027-01-29,0.4073397243940259,C,776.0,26.19,28.87,31.39,63.0,294.0,0.17320315330505373,2026-08-28 17:59:17+00:00,765.1599731445312,0.037720000743865965
2026-09-03 03:42:14.451510,2027-01-29,0.4073397243940259,C,777.0,25.75,28.13,31.61,1.0,12.0,0.17158573783874512,2026-08-27 14:51:54+00:00,765.1599731445312,0.037720000743865965
2026-09-03 03:42:14.451510,2027-01-29,0.4073397243940259,C,778.0,25.18,27.55,29.2,2.0,10.0,0.17076177146911622,2026-08-25 18:46:03+00:00,765.1599731445312,0.037720000743865965
2026-09-03 03:42:14.451510,2027-01-29,0.4073397243940259,C,779.0,24.71,26.97,30.88,5.0,261.0,0.1699149171447754,2026-08-28 16:07:06+00:00,765.1599731445312,0.037720000743865965
2026-09-03 03:42:14.451510,2027-01-29,0.4073397243940259,C,780.0,24.07,26.58,26.09,1.0,219.0,0.1700217276000977,2026-09-02 14:44:52+00:00,765.1599731445312,0.037720000743865965
2026-09-03 03:42:14.451510,2027-01-29,0.4073397243940259,C,785.0,21.31,23.87,22.18,11.0,238.0,0.16625284439086918,2026-09-02 19:02:41+00:00,765.1599731445312,0.037720000743865965
2026-09-03 03:42:14.451510,2027-01-29,0.4073397243940259,C,790.0,19.0,21.21,19.96,11.0,618.0,0.16204909004211424,2026-09-02 18:07:26+00:00,765.1599731445312,0.037720000743865965
2026-09-03 03:42:14.451510,2027-01-29,0.4073397243940259,C,795.0,16.65,18.87,18.04,13.0,804.0,0.1588066297912598,2026-09-02 16:03:37+00:00,765.1599731445312,0.037720000743865965
2026-09-03 03:42:14.451510,2027-01-29,0.4073397243940259,C,800.0,14.55,16.74,15.66,111.0,506.0,0.15596852340698242,2026-09-02 16:24:08+00:00,765.1599731445312,0.037720000743865965
2026-09-03 03:42:14.451510,2027-01-29,0.4073397243940259,C,805.0,12.63,14.75,13.64,43.0,912.0,0.15314567565917972,2026-09-01 14:31:33+00:00,765.1599731445312,0.037720000743865965
2026-09-03 03:42:14.451510,2027-01-29,0.4073397243940259,C,810.0,10.89,12.96,11.72,14.0,621.0,0.15067377655029301,2026-09-01 14:44:19+00:00,765.1599731445312,0.037720000743865965
2026-09-03 03:42:14.451510,2027-01-29,0.4073397243940259,C,815.0,9.33,11.35,10.29,3.0,597.0,0.1484765328979492,2026-09-02 20:04:55+00:00,765.1599731445312,0.037720000743865965
2026-09-03 03:42:14.451510,2027-01-29,0.4073397243940259,C,820.0,7.95,9.9,9.23,2.0,543.0,0.14647765151977538,2026-09-02 14:36:33+00:00,765.1599731445312,0.037720000743865965
2026-09-03 03:42:14.451510,2027-01-29,0.4073397243940259,C,825.0,6.74,8.62,7.21,16.0,498.0,0.14478394287109375,2026-09-02 13:48:12+00:00,765.1599731445312,0.037720000743865965
2026-09-03 03:42:14.451510,2027-01-29,0.4073397243940259,C,830.0,5.69,7.46,6.62,5.0,119.0,0.14310549285888674,2026-09-02 14:20:06+00:00,765.1599731445312,0.037720000743865965
2026-09-03 03:42:14.451510,2027-01-29,0.4073397243940259,C,835.0,4.74,6.48,5.67,3.0,172.0,0.14196109512329103,2026-09-02 14:20:06+00:00,765.1599731445312,0.037720000743865965
2026-09-03 03:42:14.451510,2027-01-29,0.4073397243940259,C,840.0,3.9,5.61,4.65,3.0,165.0,0.1409235078430176,2026-09-02 17:50:43+00:00,765.1599731445312,0.037720000743865965
2026-09-03 03:42:14.451510,2027-01-29,0.4073397243940259,C,845.0,3.19,4.87,3.58,40.0,101.0,0.14023686920166017,2026-09-01 19:41:44+00:00,765.1599731445312,0.037720000743865965
2026-09-03 03:42:14.451510,2027-01-29,0.4073397243940259,C,850.0,2.57,4.21,3.52,5.0,472.0,0.13956548919677736,2026-09-02 14:38:45+00:00,765.1599731445312,0.037720000743865965
2026-09-03 03:42:14.451510,2027-01-29,0.4073397243940259,C,855.0,2.05,3.65,2.51,76.0,275.0,0.13916876464843753,2026-09-01 19:52:57+00:00,765.1599731445312,0.037720000743865965
2026-09-03 03:42:14.451510,2027-01-29,0.4073397243940259,C,860.0,1.61,3.17,2.1,6.0,28.0,0.1389704023742676,2026-09-01 19:52:57+00:00,765.1599731445312,0.037720000743865965
2026-09-03 03:42:14.451510,2027-01-29,0.4073397243940259,C,865.0,1.23,2.76,1.94,100.0,155.0,0.138955143737793,2026-09-02 19:41:30+00:00,765.1599731445312,0.037720000743865965
2026-09-03 03:42:14.451510,2027-01-29,0.4073397243940259,C,870.0,0.92,2.41,1.62,1.0,49.0,0.1391382473754883,2026-09-02 17:50:43+00:00,765.1599731445312,0.037720000743865965
2026-09-03 03:42:14.451510,2027-01-29,0.4073397243940259,C,875.0,0.65,2.13,1.36,1.0,283.0,0.13974859283447266,2026-09-02 17:55:28+00:00,765.1599731445312,0.037720000743865965
2026-09-03 03:42:14.451510,2027-01-29,0.4073397243940259,C,880.0,0.95,1.91,1.13,6.0,166.0,0.1408166973876953,2026-09-02 19:23:16+00:00,765.1599731445312,0.037720000743865965
2026-09-03 03:42:14.451510,2027-01-29,0.4073397243940259,C,885.0,0.22,1.17,0.9,162.0,247.0,0.13147841186523437,2026-09-01 13:52:33+00:00,765.1599731445312,0.037720000743865965
2026-09-03 03:42:14.451510,2027-01-29,0.4073397243940259,C,890.0,0.07,1.56,1.31,1.0,86.0,0.1433496310424805,2026-08-28 16:37:55+00:00,765.1599731445312,0.037720000743865965
2026-09-03 03:42:14.451510,2027-01-29,0.4073397243940259,C,895.0,0.28,1.43,0.56,1.0,38.0,0.14499756378173828,2026-09-01 19:05:48+00:00,765.1599731445312,0.037720000743865965
2026-09-03 03:42:14.451510,2027-01-29,0.4073397243940259,C,900.0,0.39,0.7,0.51,62.0,229.0,0.13123427368164062,2026-09-01 17:04:41+00:00,765.1599731445312,0.037720000743865965
2026-09-03 03:42:14.451510,2027-01-29,0.4073397243940259,C,905.0,0.28,0.7,0.43,10.0,154.0,0.1348963464355469,2026-09-01 19:15:44+00:00,765.1599731445312,0.037720000743865965
2026-09-03 03:42:14.451510,2027-01-29,0.4073397243940259,C,910.0,0.22,0.63,0.59,44.0,102.0,0.13617807189941405,2026-08-28 19:50:28+00:00,765.1599731445312,0.037720000743865965
2026-09-03 03:42:14.451510,2027-01-29,0.4073397243940259,C,915.0,0.0,1.11,0.4,1.0,360.0,0.1536339520263672,2026-09-02 14:42:56+00:00,765.1599731445312,0.037720000743865965
2026-09-03 03:42:14.451510,2027-01-29,0.4073397243940259,C,920.0,0.11,0.53,0.35,1.0,117.0,0.13953497192382813,2026-09-02 14:45:18+00:00,765.1599731445312,0.037720000743865965
2026-09-03 03:42:14.451510,2027-01-29,0.4073397243940259,C,925.0,0.0,1.03,0.37,2.0,52.0,0.15906602661132813,2026-08-24 17:30:57+00:00,765.1599731445312,0.037720000743865965
2026-09-03 03:42:14.451510,2027-01-29,0.4073397243940259,C,930.0,0.0,1.0,0.27,1.0,879.0,0.16187361572265624,2026-09-02 14:40:12+00:00,765.1599731445312,0.037720000743865965
2026-09-03 03:42:14.451510,2027-01-29,0.4073397243940259,P,485.0,1.0,1.49,1.4,41.0,235.0,0.37085590087890624,2026-09-02 17:41:57+00:00,765.1599731445312,0.037720000743865965
2026-09-03 03:42:14.451510,2027-01-29,0.4073397243940259,P,490.0,1.0,1.9,1.49,1.0,95.0,0.3790345300292969,2026-09-02 15:00:10+00:00,765.1599731445312,0.037720000743865965
2026-09-03 03:42:14.451510,2027-01-29,0.4073397243940259,P,495.0,1.06,1.96,1.59,1.0,7.0,0.3736024554443359,2026-09-02 13:35:25+00:00,765.1599731445312,0.037720000743865965
2026-09-03 03:42:14.451510,2027-01-29,0.4073397243940259,P,500.0,1.36,1.78,1.57,1.0,234.0,0.35999175170898434,2026-09-02 17:54:40+00:00,765.1599731445312,0.037720000743865965
2026-09-03 03:42:14.451510,2027-01-29,0.4073397243940259,P,505.0,1.17,2.1,1.69,1.0,6.0,0.3632876171875,2026-08-28 16:54:55+00:00,765.1599731445312,0.037720000743865965
2026-09-03 03:42:14.451510,2027-01-29,0.4073397243940259,P,510.0,1.64,2.17,1.71,5.0,27.0,0.35809968078613286,2026-09-02 17:09:42+00:00,765.1599731445312,0.037720000743865965
2026-09-03 03:42:14.451510,2027-01-29,0.4073397243940259,P,515.0,1.71,2.25,1.87,1.0,39.0,0.35309484802246094,2026-09-01 17:01:02+00:00,765.1599731445312,0.037720000743865965
2026-09-03 03:42:14.451510,2027-01-29,0.4073397243940259,P,520.0,1.78,2.33,1.97,3.0,93.0,0.34802898071289057,2026-09-01 17:25:20+00:00,765.1599731445312,0.037720000743865965
2026-09-03 03:42:14.451510,2027-01-29,0.4073397243940259,P,525.0,1.71,2.13,1.98,2.0,26.0,0.334967587890625,2026-08-28 16:46:38+00:00,765.1599731445312,0.037720000743865965
2026-09-03 03:42:14.451510,2027-01-29,0.4073397243940259,P,530.0,1.49,2.5,2.1,35.0,86.0,0.3379887979125976,2026-09-01 14:06:59+00:00,765.1599731445312,0.037720000743865965
2026-09-03 03:42:14.451510,2027-01-29,0.4073397243940259,P,535.0,1.56,2.59,2.1,2.0,8.0,0.33301448242187504,2026-08-27 19:56:59+00:00,765.1599731445312,0.037720000743865965
2026-09-03 03:42:14.451510,2027-01-29,0.4073397243940259,P,540.0,1.64,2.38,2.29,2.0,64.0,0.3203803314208984,2026-08-31 13:35:13+00:00,765.1599731445312,0.037720000743865965
2026-09-03 03:42:14.451510,2027-01-29,0.4073397243940259,P,545.0,1.72,2.78,2.86,1.0,7.0,0.32306585144042954,2026-08-20 16:23:17+00:00,765.1599731445312,0.037720000743865965
2026-09-03 03:42:14.451510,2027-01-29,0.4073397243940259,P,550.0,1.81,2.89,2.39,1.0,63.0,0.31836619140624994,2026-09-02 15:25:43+00:00,765.1599731445312,0.037720000743865965
2026-09-03 03:42:14.451510,2027-01-29,0.4073397243940259,P,555.0,1.9,2.67,2.87,1.0,4.0,0.30609824768066407,2026-08-25 14:39:22+00:00,765.1599731445312,0.037720000743865965
2026-09-03 03:42:14.451510,2027-01-29,0.4073397243940259,P,560.0,2.0,3.11,2.58,1.0,17.0,0.3086311813354492,2026-08-31 19:40:34+00:00,765.1599731445312,0.037720000743865965
2026-09-03 03:42:14.451510,2027-01-29,0.4073397243940259,P,565.0,2.11,3.24,3.01,15.0,40.0,0.30405359039306634,2026-08-26 16:07:06+00:00,765.1599731445312,0.037720000743865965
2026-09-03 03:42:14.451510,2027-01-29,0.4073397243940259,P,570.0,2.58,3.01,3.05,20.0,74.0,0.292151853942871,2026-08-26 19:25:06+00:00,765.1599731445312,0.037720000743865965
2026-09-03 03:42:14.451510,2027-01-29,0.4073397243940259,P,575.0,2.33,3.14,3.5,4.0,17.0,0.28766581481933584,2026-08-19 18:34:41+00:00,765.1599731445312,0.037720000743865965
2026-09-03 03:42:14.451510,2027-01-29,0.4073397243940259,P,580.0,2.45,3.65,3.27,1.0,97.0,0.2901071966552734,2026-09-01 13:30:00+00:00,765.1599731445312,0.037720000743865965
2026-09-03 03:42:14.451510,2027-01-29,0.4073397243940259,P,585.0,2.98,3.41,3.34,3.0,20.0,0.27854115020751957,2026-08-31 13:54:01+00:00,765.1599731445312,0.037720000743865965
2026-09-03 03:42:14.451510,2027-01-29,0.4073397243940259,P,590.0,3.29,3.96,3.35,3.0,312.0,0.2809520147705078,2026-09-02 17:02:33+00:00,765.1599731445312,0.037720000743865965
2026-09-03 03:42:14.451510,2027-01-29,0.4073397243940259,P,595.0,3.28,4.13,3.57,2.0,5.0,0.2764354583740234,2026-08-28 19:36:20+00:00,765.1599731445312,0.037720000743865965
2026-09-03 03:42:14.451510,2027-01-29,0.4073397243940259,P,600.0,3.02,3.86,3.64,13.0,239.0,0.2648083773803711,2026-09-02 18:30:50+00:00,765.1599731445312,0.037720000743865965
2026-09-03 03:42:14.451510,2027-01-29,0.4073397243940259,P,605.0,3.6,4.49,4.07,1.0,86.0,0.26737182830810546,2026-08-31 13:41:37+00:00,765.1599731445312,0.037720000743865965
2026-09-03 03:42:14.451510,2027-01-29,0.4073397243940259,P,610.0,3.36,4.69,4.14,27.0,82.0,0.2629468237304688,2026-09-02 15:11:32+00:00,765.1599731445312,0.037720000743865965
2026-09-03 03:42:14.451510,2027-01-29,0.4073397243940259,P,615.0,3.54,4.91,5.02,1.0,20.0,0.2586438882446289,2026-08-24 15:55:47+00:00,765.1599731445312,0.037720000743865965
2026-09-03 03:42:14.451510,2027-01-29,0.4073397243940259,P,620.0,3.73,5.13,5.41,2.0,10.0,0.25418836639404296,2026-08-21 14:34:16+00:00,765.1599731445312,0.037720000743865965
2026-09-03 03:42:14.451510,2027-01-29,0.4073397243940259,P,625.0,3.94,5.37,4.62,10.0,71.0,0.24985491363525392,2026-09-02 19:30:43+00:00,765.1599731445312,0.037720000743865965
2026-09-03 03:42:14.451510,2027-01-29,0.4073397243940259,P,630.0,4.16,5.62,5.1,5.0,169.0,0.24549094360351562,2026-09-01 15:04:45+00:00,765.1599731445312,0.037720000743865965
2026-09-03 03:42:14.451510,2027-01-29,0.4073397243940259,P,635.0,4.4,5.37,5.24,2.0,33.0,0.2349777430725098,2026-08-28 19:36:20+00:00,765.1599731445312,0.037720000743865965
2026-09-03 03:42:14.451510,2027-01-29,0.4073397243940259,P,640.0,5.2,5.62,5.66,2.0,430.0,0.23053747985839845,2026-09-01 15:04:01+00:00,765.1599731445312,0.037720000743865965
2026-09-03 03:42:14.451510,2027-01-29,0.4073397243940259,P,645.0,5.0,5.92,6.3,152.0,292.0,0.22647868255615233,2026-09-01 19:10:17+00:00,765.1599731445312,0.037720000743865965
2026-09-03 03:42:14.451510,2027-01-29,0.4073397243940259,P,650.0,5.2,6.27,6.08,85.0,150.0,0.22277083389282226,2026-09-02 17:17:23+00:00,765.1599731445312,0.037720000743865965
2026-09-03 03:42:14.451510,2027-01-29,0.4073397243940259,P,655.0,5.5,6.58,6.62,3.0,122.0,0.21842212249755855,2026-09-01 14:20:44+00:00,765.1599731445312,0.037720000743865965
2026-09-03 03:42:14.451510,2027-01-29,0.4073397243940259,P,660.0,5.82,7.52,6.84,1.0,73.0,0.22003953796386716,2026-08-28 18:21:22+00:00,765.1599731445312,0.037720000743865965
2026-09-03 03:42:14.451510,2027-01-29,0.4073397243940259,P,665.0,6.17,7.32,7.57,15.0,217.0,0.2102892692565918,2026-09-02 13:49:30+00:00,765.1599731445312,0.037720000743865965
2026-09-03 03:42:14.451510,2027-01-29,0.4073397243940259,P,668.0,6.39,8.16,7.21,1.0,39.0,0.21334099655151367,2026-08-28 13:32:54+00:00,765.1599731445312,0.037720000743865965
2026-09-03 03:42:14.451510,2027-01-29,0.4073397243940259,P,669.0,6.46,8.25,8.67,,11.0,0.21254754745483395,2026-08-12 19:39:04+00:00,765.1599731445312,0.037720000743865965
2026-09-03 03:42:14.451510,2027-01-29,0.4073397243940259,P,670.0,6.54,8.33,7.83,1.0,107.0,0.2116625465393066,2026-08-31 13:35:32+00:00,765.1599731445312,0.037720000743865965
2026-09-03 03:42:14.451510,2027-01-29,0.4073397243940259,P,671.0,6.61,8.42,12.83,1.0,1.0,0.21085383880615233,2026-07-31 17:52:14+00:00,765.1599731445312,0.037720000743865965
2026-09-03 03:42:14.451510,2027-01-29,0.4073397243940259,P,673.0,6.77,8.6,7.43,2.0,4.0,0.2092059060668945,2026-08-28 14:49:50+00:00,765.1599731445312,0.037720000743865965
2026-09-03 03:42:14.451510,2027-01-29,0.4073397243940259,P,674.0,6.85,8.69,8.91,9.0,19.0,0.20838193969726557,2026-08-25 19:16:18+00:00,765.1599731445312,0.037720000743865965
2026-09-03 03:42:14.451510,2027-01-29,0.4073397243940259,P,675.0,6.93,8.78,7.98,11.0,33.0,0.20752745605468748,2026-08-28 16:01:45+00:00,765.1599731445312,0.037720000743865965
2026-09-03 03:42:14.451510,2027-01-29,0.4073397243940259,P,676.0,7.02,8.87,9.38,,1.0,0.20667297241210933,2026-08-25 14:30:30+00:00,765.1599731445312,0.037720000743865965
2026-09-03 03:42:14.451510,2027-01-29,0.4073397243940259,P,677.0,7.1,8.97,7.88,2.0,4.0,0.20589478195190425,2026-08-28 14:40:04+00:00,765.1599731445312,0.037720000743865965
2026-09-03 03:42:14.451510,2027-01-29,0.4073397243940259,P,678.0,7.19,9.06,8.37,1.0,1.0,0.2050097810363769,2026-08-31 16:25:11+00:00,765.1599731445312,0.037720000743865965
2026-09-03 03:42:14.451510,2027-01-29,0.4073397243940259,P,679.0,7.27,9.16,9.68,1.0,3.0,0.20420107330322262,2026-08-25 14:30:29+00:00,765.1599731445312,0.037720000743865965
2026-09-03 03:42:14.451510,2027-01-29,0.4073397243940259,P,680.0,7.36,9.26,9.21,40.0,173.0,0.20339236557006835,2026-09-01 19:41:44+00:00,765.1599731445312,0.037720000743865965
2026-09-03 03:42:14.451510,2027-01-29,0.4073397243940259,P,681.0,7.45,9.36,9.94,1.0,1.0,0.2025683992004394,2026-08-24 14:58:09+00:00,765.1599731445312,0.037720000743865965
2026-09-03 03:42:14.451510,2027-01-29,0.4073397243940259,P,682.0,7.54,9.46,8.33,2.0,53.0,0.20172917419433595,2026-08-28 14:40:04+00:00,765.1599731445312,0.037720000743865965
2026-09-03 03:42:14.451510,2027-01-29,0.4073397243940259,P,684.0,7.72,9.66,10.06,1.0,25.0,0.20003546554565427,2026-08-21 15:37:57+00:00,765.1599731445312,0.037720000743865965
2026-09-03 03:42:14.451510,2027-01-29,0.4073397243940259,P,685.0,7.81,9.16,9.7,108.0,234.0,0.1943592527770996,2026-09-01 20:01:53+00:00,765.1599731445312,0.037720000743865965
2026-09-03 03:42:14.451510,2027-01-29,0.4073397243940259,P,686.0,7.91,9.87,11.28,1.0,24.0,0.19837227416992187,2026-08-04 18:00:32+00:00,765.1599731445312,0.037720000743865965
2026-09-03 03:42:14.451510,2027-01-29,0.4073397243940259,P,687.0,8.01,9.98,9.19,16.0,2.0,0.19754830780029298,2026-09-02 14:34:19+00:00,765.1599731445312,0.037720000743865965
2026-09-03 03:42:14.451510,2027-01-29,0.4073397243940259,P,688.0,8.1,10.09,10.88,1.0,16.0,0.19673960006713864,2026-08-12 14:31:11+00:00,765.1599731445312,0.037720000743865965
2026-09-03 03:42:14.451510,2027-01-29,0.4073397243940259,P,689.0,8.2,10.2,10.42,7.0,84.0,0.1959003750610352,2026-08-25 16:52:54+00:00,765.1599731445312,0.037720000743865965
2026-09-03 03:42:14.451510,2027-01-29,0.4073397243940259,P,690.0,8.39,9.42,9.42,76.0,359.0,0.18817950500488279,2026-09-02 17:16:47+00:00,765.1599731445312,0.037720000743865965
2026-09-03 03:42:14.451510,2027-01-29,0.4073397243940259,P,691.0,8.4,10.42,19.3,,1.0,0.1942066664123535,2026-07-29 16:39:01+00:00,765.1599731445312,0.037720000743865965
2026-09-03 03:42:14.451510,2027-01-29,0.4073397243940259,P,692.0,8.51,10.52,9.69,1.0,104.0,0.19326063095092771,2026-09-02 15:23:55+00:00,765.1599731445312,0.037720000743865965
2026-09-03 03:42:14.451510,2027-01-29,0.4073397243940259,P,693.0,8.61,10.65,11.09,1.0,63.0,0.1925282164001465,2026-08-25 15:14:12+00:00,765.1599731445312,0.037720000743865965
2026-09-03 03:42:14.451510,2027-01-29,0.4073397243940259,P,694.0,8.72,10.77,10.17,1.0,26.0,0.19171950866699222,2026-09-02 14:08:28+00:00,765.1599731445312,0.037720000743865965
2026-09-03 03:42:14.451510,2027-01-29,0.4073397243940259,P,695.0,8.86,10.86,10.42,5.0,214.0,0.19066666275024413,2026-09-01 14:09:55+00:00,765.1599731445312,0.037720000743865965
2026-09-03 03:42:14.451510,2027-01-29,0.4073397243940259,P,696.0,8.93,11.01,13.0,,1.0,0.1900410586547852,2026-08-04 15:08:36+00:00,765.1599731445312,0.037720000743865965
2026-09-03 03:42:14.451510,2027-01-29,0.4073397243940259,P,697.0,9.04,11.13,12.93,,1.0,0.18920183364868165,2026-08-04 15:53:34+00:00,765.1599731445312,0.037720000743865965
2026-09-03 03:42:14.451510,2027-01-29,0.4073397243940259,P,698.0,9.16,11.26,11.13,1.0,2.0,0.18840838455200193,2026-09-01 13:41:47+00:00,765.1599731445312,0.037720000743865965
2026-09-03 03:42:14.451510,2027-01-29,0.4073397243940259,P,699.0,9.27,11.35,11.09,1.0,22.0,0.1873097627258301,2026-08-27 15:18:02+00:00,765.1599731445312,0.037720000743865965
2026-09-03 03:42:14.451510,2027-01-29,0.4073397243940259,P,700.0,9.44,11.48,10.39,901.0,423.0,0.18650105499267577,2026-09-02 18:18:45+00:00,765.1599731445312,0.037720000743865965
2026-09-03 03:42:14.451510,2027-01-29,0.4073397243940259,P,701.0,9.51,11.03,11.11,1.0,24.0,0.1815572567749023,2026-08-27 13:48:55+00:00,765.1599731445312,0.037720000743865965
2026-09-03 03:42:14.451510,2027-01-29,0.4073397243940259,P,702.0,9.62,11.78,11.08,1.0,4.0,0.1851125190734863,2026-08-31 13:39:08+00:00,765.1599731445312,0.037720000743865965
2026-09-03 03:42:14.451510,2027-01-29,0.4073397243940259,P,703.0,9.75,11.91,11.25,1.0,7.0,0.18425040611267088,2026-08-31 13:42:24+00:00,765.1599731445312,0.037720000743865965
2026-09-03 03:42:14.451510,2027-01-29,0.4073397243940259,P,704.0,9.87,12.04,11.14,2.0,112.0,0.18338066383361815,2026-08-31 17:13:29+00:00,765.1599731445312,0.037720000743865965
2026-09-03 03:42:14.451510,2027-01-29,0.4073397243940259,P,705.0,10.06,12.13,11.24,10.0,177.0,0.18222863677978518,2026-08-31 18:36:16+00:00,765.1599731445312,0.037720000743865965
2026-09-03 03:42:14.451510,2027-01-29,0.4073397243940259,P,706.0,10.12,12.32,13.86,,21.0,0.18174036041259767,2026-08-20 20:08:41+00:00,765.1599731445312,0.037720000743865965
2026-09-03 03:42:14.451510,2027-01-29,0.4073397243940259,P,707.0,10.25,12.46,11.38,2.0,23.0,0.1809011354064941,2026-08-31 17:56:49+00:00,765.1599731445312,0.037720000743865965
2026-09-03 03:42:14.451510,2027-01-29,0.4073397243940259,P,708.0,10.38,12.61,13.59,1.0,9.0,0.18010768630981444,2026-08-20 14:34:22+00:00,765.1599731445312,0.037720000743865965
2026-09-03 03:42:14.451510,2027-01-29,0.4073397243940259,P,709.0,10.51,12.75,12.9,,1.0,0.17924557334899902,2026-08-26 14:22:16+00:00,765.1599731445312,0.037720000743865965
2026-09-03 03:42:14.451510,2027-01-29,0.4073397243940259,P,710.0,10.65,12.27,12.42,5.0,91.0,0.17424074058532715,2026-09-01 14:09:55+00:00,765.1599731445312,0.037720000743865965
2026-09-03 03:42:14.451510,2027-01-29,0.4073397243940259,P,711.0,10.79,13.05,12.8,1.0,2.0,0.17760526992797854,2026-08-26 19:52:49+00:00,765.1599731445312,0.037720000743865965
2026-09-03 03:42:14.451510,2027-01-29,0.4073397243940259,P,712.0,10.93,13.21,13.0,,1.0,0.17682707946777343,2026-08-26 19:54:01+00:00,765.1599731445312,0.037720000743865965
2026-09-03 03:42:14.451510,2027-01-29,0.4073397243940259,P,713.0,11.07,13.36,13.05,1.0,2.0,0.1759573371887207,2026-09-01 13:50:15+00:00,765.1599731445312,0.037720000743865965
2026-09-03 03:42:14.451510,2027-01-29,0.4073397243940259,P,714.0,11.21,13.52,13.34,1.0,49.0,0.17514862945556642,2026-08-26 19:54:40+00:00,765.1599731445312,0.037720000743865965
2026-09-03 03:42:14.451510,2027-01-29,0.4073397243940259,P,715.0,11.46,13.6,12.74,1.0,5.0,0.1738211280822754,2026-09-02 14:29:08+00:00,765.1599731445312,0.037720000743865965
2026-09-03 03:42:14.451510,2027-01-29,0.4073397243940259,P,716.0,12.12,13.21,13.8,5.0,11.0,0.16947241668701174,2026-09-01 18:23:17+00:00,765.1599731445312,0.037720000743865965
2026-09-03 03:42:14.451510,2027-01-29,0.4073397243940259,P,717.0,11.76,13.92,13.95,3.0,6.0,0.17212741943359378,2026-09-01 18:18:52+00:00,765.1599731445312,0.037720000743865965
2026-09-03 03:42:14.451510,2027-01-29,0.4073397243940259,P,718.0,12.42,13.54,15.53,19.0,19.0,0.16787025985717774,2026-08-05 17:12:43+00:00,765.1599731445312,0.037720000743865965
2026-09-03 03:42:14.451510,2027-01-29,0.4073397243940259,P,719.0,12.58,14.34,15.89,,1.0,0.1710135389709473,2026-08-04 17:05:02+00:00,765.1599731445312,0.037720000743865965
2026-09-03 03:42:14.451510,2027-01-29,0.4073397243940259,P,720.0,12.75,14.43,13.57,1.0,93.0,0.16967077896118166,2026-09-02 14:29:08+00:00,765.1599731445312,0.037720000743865965
2026-09-03 03:42:14.451510,2027-01-29,0.4073397243940259,P,721.0,12.29,14.69,14.97,,102.0,0.16938086486816406,2026-08-26 16:37:33+00:00,765.1599731445312,0.037720000743865965
2026-09-03 03:42:14.451510,2027-01-29,0.4073397243940259,P,723.0,12.62,15.05,16.01,1.0,1.0,0.1677481907653809,2026-08-24 13:33:10+00:00,765.1599731445312,0.037720000743865965
2026-09-03 03:42:14.451510,2027-01-29,0.4073397243940259,P,724.0,13.39,14.6,14.02,1.0,3.0,0.1630866773223877,2026-08-27 19:25:21+00:00,765.1599731445312,0.037720000743865965
2026-09-03 03:42:14.451510,2027-01-29,0.4073397243940259,P,725.0,13.08,14.79,14.61,1.0,96.0,0.1623161161804199,2026-08-31 13:39:16+00:00,765.1599731445312,0.037720000743865965
2026-09-03 03:42:14.451510,2027-01-29,0.4073397243940259,P,726.0,13.76,14.95,14.25,,3.0,0.1613395634460449,2026-08-27 16:24:56+00:00,765.1599731445312,0.037720000743865965
2026-09-03 03:42:14.451510,2027-01-29,0.4073397243940259,P,727.0,13.94,15.7,17.0,1.0,19.0,0.16386486778259282,2026-08-24 15:22:49+00:00,765.1599731445312,0.037720000743865965
2026-09-03 03:42:14.451510,2027-01-29,0.4073397243940259,P,728.0,13.5,16.01,15.86,1.0,1.0,0.163719910736084,2026-09-02 13:51:33+00:00,765.1599731445312,0.037720000743865965
2026-09-03 03:42:14.451510,2027-01-29,0.4073397243940259,P,729.0,13.68,16.2,17.26,,26.0,0.16285779777526857,2026-08-05 14:47:14+00:00,765.1599731445312,0.037720000743865965
2026-09-03 03:42:14.451510,2027-01-29,0.4073397243940259,P,730.0,14.02,16.29,15.36,2.0,80.0,0.16138533935546873,2026-09-02 16:24:08+00:00,765.1599731445312,0.037720000743865965
2026-09-03 03:42:14.451510,2027-01-29,0.4073397243940259,P,731.0,14.06,16.61,14.98,1.0,0.0,0.16124801162719726,2026-08-27 16:50:23+00:00,765.1599731445312,0.037720000743865965
2026-09-03 03:42:14.451510,2027-01-29,0.4073397243940259,P,732.0,14.26,16.82,17.18,1.0,1.0,0.16043930389404298,2026-08-25 13:45:43+00:00,765.1599731445312,0.037720000743865965
2026-09-03 03:42:14.451510,2027-01-29,0.4073397243940259,P,733.0,14.61,16.91,16.65,1.0,9.0,0.15892869888305666,2026-09-01 16:23:01+00:00,765.1599731445312,0.037720000743865965
2026-09-03 03:42:14.451510,2027-01-29,0.4073397243940259,P,734.0,15.25,16.63,18.03,3.0,3.0,0.15528188476562502,2026-08-24 16:10:30+00:00,765.1599731445312,0.037720000743865965
2026-09-03 03:42:14.451510,2027-01-29,0.4073397243940259,P,735.0,15.02,17.34,16.15,1.0,317.0,0.15728076614379882,2026-09-02 18:37:33+00:00,765.1599731445312,0.037720000743865965
2026-09-03 03:42:14.451510,2027-01-29,0.4073397243940259,P,736.0,15.65,17.07,15.97,1.0,0.0,0.15369498657226563,2026-08-27 16:50:23+00:00,765.1599731445312,0.037720000743865965
2026-09-03 03:42:14.451510,2027-01-29,0.4073397243940259,P,737.0,15.27,17.92,18.48,1.0,2.0,0.15640339454650878,2026-08-12 14:31:13+00:00,765.1599731445312,0.037720000743865965
2026-09-03 03:42:14.451510,2027-01-29,0.4073397243940259,P,738.0,15.65,18.01,17.69,3.0,6.0,0.15480886703491215,2026-08-14 14:32:18+00:00,765.1599731445312,0.037720000743865965
2026-09-03 03:42:14.451510,2027-01-29,0.4073397243940259,P,739.0,15.71,18.39,16.68,2.0,34.0,0.15482412567138676,2026-08-28 19:40:06+00:00,765.1599731445312,0.037720000743865965
2026-09-03 03:42:14.451510,2027-01-29,0.4073397243940259,P,740.0,16.1,18.48,17.62,7.0,53.0,0.15319908088684084,2026-09-02 14:54:34+00:00,765.1599731445312,0.037720000743865965
2026-09-03 03:42:14.451510,2027-01-29,0.4073397243940259,P,742.0,16.57,19.12,17.8,1.0,119.0,0.1524285197448731,2026-09-02 17:05:10+00:00,765.1599731445312,0.037720000743865965
2026-09-03 03:42:14.451510,2027-01-29,0.4073397243940259,P,744.0,16.86,19.62,20.08,3.0,2.0,0.15080347496032717,2026-09-01 19:54:25+00:00,765.1599731445312,0.037720000743865965
2026-09-03 03:42:14.451510,2027-01-29,0.4073397243940259,P,745.0,17.28,19.27,18.86,2.0,126.0,0.14670653106689452,2026-09-02 14:58:46+00:00,765.1599731445312,0.037720000743865965
2026-09-03 03:42:14.451510,2027-01-29,0.4073397243940259,P,746.0,17.35,20.15,20.12,1.0,6.0,0.14925472335815432,2026-09-02 13:30:00+00:00,765.1599731445312,0.037720000743865965
2026-09-03 03:42:14.451510,2027-01-29,0.4073397243940259,P,747.0,17.8,20.25,19.78,1.0,7.0,0.1475533853912354,2026-09-02 14:06:10+00:00,765.1599731445312,0.037720000743865965
2026-09-03 03:42:14.451510,2027-01-29,0.4073397243940259,P,748.0,17.86,20.69,20.3,1.0,123.0,0.14766019584655762,2026-09-02 14:00:22+00:00,765.1599731445312,0.037720000743865965
2026-09-03 03:42:14.451510,2027-01-29,0.4073397243940259,P,749.0,18.32,20.79,21.51,1.0,70.0,0.1459207112884521,2026-09-01 19:54:25+00:00,765.1599731445312,0.037720000743865965
2026-09-03 03:42:14.451510,2027-01-29,0.4073397243940259,P,750.0,18.59,21.07,20.19,11.0,540.0,0.1451272621917725,2026-09-02 17:21:21+00:00,765.1599731445312,0.037720000743865965
2026-09-03 03:42:14.451510,2027-01-29,0.4073397243940259,P,751.0,18.86,21.36,19.57,45.0,115.0,0.1443567010498047,2026-08-27 16:31:22+00:00,765.1599731445312,0.037720000743865965
2026-09-03 03:42:14.451510,2027-01-29,0.4073397243940259,P,752.0,19.49,21.21,20.12,8.0,178.0,0.1412439392089844,2026-08-28 17:55:17+00:00,765.1599731445312,0.037720000743865965
2026-09-03 03:42:14.451510,2027-01-29,0.4073397243940259,P,753.0,19.35,21.94,20.71,1.0,146.0,0.14274691490173338,2026-09-02 14:45:07+00:00,765.1599731445312,0.037720000743865965
2026-09-03 03:42:14.451510,2027-01-29,0.4073397243940259,P,754.0,19.71,22.25,23.34,4.0,30.0,0.1420068710327148,2026-09-01 18:48:19+00:00,765.1599731445312,0.037720000743865965
2026-09-03 03:42:14.451510,2027-01-29,0.4073397243940259,P,755.0,19.78,22.75,21.35,1.0,145.0,0.14223575057983395,2026-09-02 15:59:07+00:00,765.1599731445312,0.037720000743865965
2026-09-03 03:42:14.451510,2027-01-29,0.4073397243940259,P,756.0,20.29,22.86,21.06,5.0,19.0,0.14040471420288086,2026-08-28 19:20:37+00:00,765.1599731445312,0.037720000743865965
2026-09-03 03:42:14.451510,2027-01-29,0.4073397243940259,P,757.0,20.6,23.18,22.3,1.0,301.0,0.13963415306091312,2026-08-31 14:06:05+00:00,765.1599731445312,0.037720000743865965
2026-09-03 03:42:14.451510,2027-01-29,0.4073397243940259,P,758.0,20.68,23.71,21.34,14.0,17.0,0.13993169647216797,2026-08-27 16:40:48+00:00,765.1599731445312,0.037720000743865965
2026-09-03 03:42:14.451510,2027-01-29,0.4073397243940259,P,759.0,21.57,23.47,22.19,3.0,19.0,0.1362162184906006,2026-08-28 17:00:10+00:00,765.1599731445312,0.037720000743865965
2026-09-03 03:42:14.451510,2027-01-29,0.4073397243940259,P,760.0,21.54,23.79,23.55,4.0,277.0,0.13536936416625983,2026-09-02 14:15:13+00:00,765.1599731445312,0.037720000743865965
2026-09-03 03:42:14.451510,2027-01-29,0.4073397243940259,P,761.0,21.87,24.5,25.39,2.0,9.0,0.1365137619018555,2026-09-01 19:36:58+00:00,765.1599731445312,0.037720000743865965
2026-09-03 03:42:14.451510,2027-01-29,0.4073397243940259,P,762.0,22.2,24.85,25.32,1.0,13.0,0.1357660887145996,2026-09-01 18:04:16+00:00,765.1599731445312,0.037720000743865965
2026-09-03 03:42:14.451510,2027-01-29,0.4073397243940259,P,763.0,22.84,24.86,25.02,2.0,13.0,0.13323315505981442,2026-09-01 16:19:53+00:00,765.1599731445312,0.037720000743865965
2026-09-03 03:42:14.451510,2027-01-29,0.4073397243940259,P,764.0,22.89,25.55,23.5,1.0,9.0,0.13417919052124022,2026-08-27 15:54:42+00:00,765.1599731445312,0.037720000743865965
2026-09-03 03:42:14.451510,2027-01-29,0.4073397243940259,P,765.0,22.97,26.17,24.61,32.0,66.0,0.1347285014343262,2026-09-02 18:15:03+00:00,765.1599731445312,0.037720000743865965
2026-09-03 03:42:14.451510,2027-01-29,0.4073397243940259,P,766.0,23.87,25.97,24.23,10.0,113.0,0.13104354072570798,2026-08-27 16:27:21+00:00,765.1599731445312,0.037720000743865965
2026-09-03 03:42:14.451510,2027-01-29,0.4073397243940259,P,767.0,24.24,26.37,25.32,7.0,27.0,0.1304026779937744,2026-08-28 17:09:29+00:00,765.1599731445312,0.037720000743865965
2026-09-03 03:42:14.451510,2027-01-29,0.4073397243940259,P,768.0,24.05,27.31,27.29,5.0,161.0,0.1325007405090332,2026-09-02 13:41:48+00:00,765.1599731445312,0.037720000743865965
2026-09-03 03:42:14.451510,2027-01-29,0.4073397243940259,P,769.0,25.01,27.19,25.54,10.0,72.0,0.12912858184814452,2026-08-28 19:07:13+00:00,765.1599731445312,0.037720000743865965
2026-09-03 03:42:14.451510,2027-01-29,0.4073397243940259,P,770.0,26.28,28.03,26.38,85.0,229.0,0.13065444549560545,2026-09-02 20:07:02+00:00,765.1599731445312,0.037720000743865965
2026-09-03 03:42:14.451510,2027-01-29,0.4073397243940259,P,771.0,25.46,28.26,28.02,67.0,97.0,0.12900651275634767,2026-09-01 15:04:40+00:00,765.1599731445312,0.037720000743865965
2026-09-03 03:42:14.451510,2027-01-29,0.4073397243940259,P,772.0,25.57,28.68,27.31,51.0,339.0,0.1283122447967529,2026-09-02 16:09:55+00:00,765.1599731445312,0.037720000743865965
2026-09-03 03:42:14.451510,2027-01-29,0.4073397243940259,P,773.0,25.97,29.37,28.03,52.0,534.0,0.12896836616516114,2026-09-02 16:41:53+00:00,765.1599731445312,0.037720000743865965
2026-09-03 03:42:14.451510,2027-01-29,0.4073397243940259,P,774.0,26.66,29.81,28.11,52.0,394.0,0.1283046154785156,2026-09-02 16:01:21+00:00,765.1599731445312,0.037720000743865965
2026-09-03 03:42:14.451510,2027-01-29,0.4073397243940259,P,775.0,26.82,30.25,28.94,130.0,216.0,0.1276103475189209,2026-09-02 16:27:02+00:00,765.1599731445312,0.037720000743865965
2026-09-03 03:42:14.451510,2027-01-29,0.4073397243940259,P,776.0,27.27,30.7,29.34,4.0,288.0,0.12693133819580077,2026-09-02 16:34:05+00:00,765.1599731445312,0.037720000743865965
2026-09-03 03:42:14.451510,2027-01-29,0.4073397243940259,P,777.0,27.78,31.16,29.54,348.0,221.0,0.12627521682739257,2026-09-02 17:53:47+00:00,765.1599731445312,0.037720000743865965
2026-09-03 03:42:14.451510,2027-01-29,0.4073397243940259,P,778.0,28.24,31.62,30.09,650.0,214.0,0.12557331954956058,2026-09-02 18:01:05+00:00,765.1599731445312,0.037720000743865965
2026-09-03 03:42:14.451510,2027-01-29,0.4073397243940259,P,779.0,28.81,32.02,30.45,786.0,108.0,0.1245281029510498,2026-09-02 17:01:28+00:00,765.1599731445312,0.037720000743865965
2026-09-03 03:42:14.451510,2027-01-29,0.4073397243940259,P,780.0,29.72,32.42,30.79,346.0,314.0,0.12344473976135256,2026-09-02 19:20:38+00:00,765.1599731445312,0.037720000743865965
2026-09-03 03:42:14.451510,2027-01-29,0.4073397243940259,P,785.0,31.77,34.82,33.19,98.0,325.0,0.11952327018737793,2026-09-02 16:07:18+00:00,765.1599731445312,0.037720000743865965
2026-09-03 03:42:14.451510,2027-01-29,0.4073397243940259,P,790.0,34.46,37.77,39.26,1.0,9.0,0.11757016471862794,2026-09-01 18:34:43+00:00,765.1599731445312,0.037720000743865965
2026-09-03 03:42:14.451510,2027-01-29,0.4073397243940259,P,795.0,36.81,40.69,39.72,1.0,135.0,0.11444214424133303,2026-09-01 14:47:25+00:00,765.1599731445312,0.037720000743865965
2026-09-03 03:42:14.451510,2027-01-29,0.4073397243940259,P,800.0,40.38,43.76,42.96,15.0,28.0,0.1110318389892578,2026-09-01 15:40:06+00:00,765.1599731445312,0.037720000743865965
2026-09-03 03:42:14.451510,2027-01-29,0.4073397243940259,P,805.0,43.46,47.17,44.19,1.0,3.0,0.10849890533447265,2026-08-10 20:11:02+00:00,765.1599731445312,0.037720000743865965
2026-09-03 03:42:14.451510,2027-01-29,0.4073397243940259,P,810.0,47.02,50.81,50.6,1.0,3.0,0.10627114440917969,2026-08-24 16:30:26+00:00,765.1599731445312,0.037720000743865965
2026-09-03 03:42:14.451510,2027-01-29,0.4073397243940259,P,815.0,50.85,54.73,49.62,,0.0,0.10486734985351562,2026-08-17 19:29:20+00:00,765.1599731445312,0.037720000743865965
2026-09-03 03:42:14.451510,2027-01-29,0.4073397243940259,P,820.0,55.0,58.85,53.38,2.0,0.0,0.10393657302856443,2026-08-12 19:02:39+00:00,765.1599731445312,0.037720000743865965
2026-09-03 03:42:14.451510,2027-01-29,0.4073397243940259,P,825.0,59.3,63.18,59.96,,0.0,0.10381450393676758,2026-08-06 20:01:40+00:00,765.1599731445312,0.037720000743865965
2026-09-03 03:42:14.451510,2027-01-29,0.4073397243940259,P,830.0,63.81,67.66,79.0,,5.0,0.10425700439453123,2026-08-03 13:35:59+00:00,765.1599731445312,0.037720000743865965
2026-09-03 03:42:14.451510,2027-01-29,0.4073397243940259,P,835.0,68.6,72.32,60.48,2.0,2.0,0.10592019577026365,2026-08-13 14:19:20+00:00,765.1599731445312,0.037720000743865965
2026-09-03 03:42:14.451510,2027-01-29,0.4073397243940259,P,850.0,83.0,86.82,76.97,2.0,0.0,0.11478546356201172,2026-08-17 19:29:20+00:00,765.1599731445312,0.037720000743865965
2026-09-03 03:42:14.451510,2027-01-29,0.4073397243940259,P,860.0,93.0,96.71,102.0,,1.0,0.12268943725585937,2026-08-03 18:05:10+00:00,765.1599731445312,0.037720000743865965
2026-09-03 03:42:14.451510,2027-03-31,0.5744630120652587,C,250.0,515.5,520.33,516.32,1.0,2.0,0.7756370092773439,2026-08-25 14:30:29+00:00,765.1599731445312,0.037720000743865965
2026-09-03 03:42:14.451510,2027-03-31,0.5744630120652587,C,350.0,418.5,423.31,420.75,2.0,8.0,0.6438634246826171,2026-08-31 15:19:04+00:00,765.1599731445312,0.037720000743865965
2026-09-03 03:42:14.451510,2027-03-31,0.5744630120652587,C,400.0,348.0,353.0,345.19,2.0,3.0,1.0000000000000003e-05,2026-05-06 18:25:30+00:00,765.1599731445312,0.037720000743865965
2026-09-03 03:42:14.451510,2027-03-31,0.5744630120652587,C,450.0,315.85,319.33,296.56,2.0,20.0,0.4304256176757813,2026-06-09 17:40:49+00:00,765.1599731445312,0.037720000743865965
2026-09-03 03:42:14.451510,2027-03-31,0.5744630120652587,C,455.0,310.91,314.57,297.04,4.0,11.0,0.42774009765625004,2026-06-08 19:14:47+00:00,765.1599731445312,0.037720000743865965
2026-09-03 03:42:14.451510,2027-03-31,0.5744630120652587,C,460.0,312.5,316.91,319.65,1.0,2.0,0.503758624572754,2026-08-27 19:08:02+00:00,765.1599731445312,0.037720000743865965
2026-09-03 03:42:14.451510,2027-03-31,0.5744630120652587,C,465.0,307.76,312.13,320.39,1.0,4.0,0.5263414065551758,2026-08-10 16:09:41+00:00,765.1599731445312,0.037720000743865965
2026-09-03 03:42:14.451510,2027-03-31,0.5744630120652587,C,470.0,296.31,299.48,293.5,1.0,2.0,0.4032652447509766,2026-05-14 14:45:48+00:00,765.1599731445312,0.037720000743865965
2026-09-03 03:42:14.451510,2027-03-31,0.5744630120652587,C,490.0,260.92,264.8,174.0,,2.0,1.0000000000000003e-05,2026-03-30 14:20:19+00:00,765.1599731445312,0.037720000743865965
2026-09-03 03:42:14.451510,2027-03-31,0.5744630120652587,C,495.0,279.01,282.24,274.34,1.0,0.0,0.4746756634521484,2026-07-10 17:10:29+00:00,765.1599731445312,0.037720000743865965
2026-09-03 03:42:14.451510,2027-03-31,0.5744630120652587,C,500.0,274.25,277.47,253.3,4.0,2.0,0.46869427795410157,2026-07-23 19:24:08+00:00,765.1599731445312,0.037720000743865965
2026-09-03 03:42:14.451510,2027-03-31,0.5744630120652587,C,505.0,249.6,253.48,251.02,1.0,0.0,1.0000000000000003e-05,2026-05-08 15:14:03+00:00,765.1599731445312,0.037720000743865965
2026-09-03 03:42:14.451510,2027-03-31,0.5744630120652587,C,510.0,242.58,246.46,157.0,,5.0,1.0000000000000003e-05,2026-03-30 16:34:56+00:00,765.1599731445312,0.037720000743865965
2026-09-03 03:42:14.451510,2027-03-31,0.5744630120652587,C,515.0,259.55,264.25,274.77,1.0,17.0,0.4618278915405274,2026-08-13 17:47:19+00:00,765.1599731445312,0.037720000743865965
2026-09-03 03:42:14.451510,2027-03-31,0.5744630120652587,C,520.0,0.0,0.0,257.24,3.0,0.0,1.0000000000000003e-05,2026-06-02 19:14:54+00:00,765.1599731445312,0.037720000743865965
2026-09-03 03:42:14.451510,2027-03-31,0.5744630120652587,C,525.0,250.02,254.74,249.07,1.0,2.0,0.44955994781494135,2026-09-01 13:42:24+00:00,765.1599731445312,0.037720000743865965
2026-09-03 03:42:14.451510,2027-03-31,0.5744630120652587,C,530.0,245.75,248.96,227.14,1.0,2.0,0.43349260360717773,2026-06-26 15:46:24+00:00,765.1599731445312,0.037720000743865965
2026-09-03 03:42:14.451510,2027-03-31,0.5744630120652587,C,535.0,240.8,245.24,221.68,1.0,2.0,0.4373530386352539,2026-07-27 14:51:55+00:00,765.1599731445312,0.037720000743865965
2026-09-03 03:42:14.451510,2027-03-31,0.5744630120652587,C,540.0,217.62,221.5,194.75,1.0,1.0,1.0000000000000003e-05,2026-04-22 15:03:27+00:00,765.1599731445312,0.037720000743865965
2026-09-03 03:42:14.451510,2027-03-31,0.5744630120652587,C,545.0,231.61,234.79,222.5,1.0,1.0,0.4164029307556152,2026-06-30 19:38:42+00:00,765.1599731445312,0.037720000743865965
2026-09-03 03:42:14.451510,2027-03-31,0.5744630120652587,C,550.0,226.48,231.0,234.88,1.0,14.0,0.4189968989562988,2026-08-04 15:45:15+00:00,765.1599731445312,0.037720000743865965
2026-09-03 03:42:14.451510,2027-03-31,0.5744630120652587,C,555.0,0.0,0.0,220.02,1.0,0.0,1.0000000000000003e-05,2026-05-28 15:17:46+00:00,765.1599731445312,0.037720000743865965
2026-09-03 03:42:14.451510,2027-03-31,0.5744630120652587,C,560.0,217.37,221.25,207.93,1.0,13.0,0.4044859356689453,2026-08-03 13:31:58+00:00,765.1599731445312,0.037720000743865965
2026-09-03 03:42:14.451510,2027-03-31,0.5744630120652587,C,570.0,207.94,211.82,209.97,1.0,9.0,0.3927062683105469,2026-08-26 16:47:40+00:00,765.1599731445312,0.037720000743865965
2026-09-03 03:42:14.451510,2027-03-31,0.5744630120652587,C,575.0,203.23,207.11,205.3,1.0,8.0,0.386801175994873,2026-08-26 16:47:40+00:00,765.1599731445312,0.037720000743865965
2026-09-03 03:42:14.451510,2027-03-31,0.5744630120652587,C,578.0,196.25,199.69,185.33,,1.0,0.34458052886962887,2026-06-12 14:52:46+00:00,765.1599731445312,0.037720000743865965
2026-09-03 03:42:14.451510,2027-03-31,0.5744630120652587,C,580.0,198.54,202.42,202.48,100.0,116.0,0.38103341140747066,2026-08-25 13:30:05+00:00,765.1599731445312,0.037720000743865965
2026-09-03 03:42:14.451510,2027-03-31,0.5744630120652587,C,581.0,197.6,201.48,201.56,,100.0,0.37985849639892577,2026-08-25 13:30:05+00:00,765.1599731445312,0.037720000743865965
2026-09-03 03:42:14.451510,2027-03-31,0.5744630120652587,C,582.0,197.0,200.11,173.2,1.0,1.0,0.3752809054565429,2026-06-26 19:59:59+00:00,765.1599731445312,0.037720000743865965
2026-09-03 03:42:14.451510,2027-03-31,0.5744630120652587,C,585.0,193.89,197.73,201.5,3.0,2.0,0.37523512954711913,2026-08-06 16:18:02+00:00,765.1599731445312,0.037720000743865965
2026-09-03 03:42:14.451510,2027-03-31,0.5744630120652587,C,588.0,191.05,194.93,202.85,,1.0,0.37183245361328127,2026-08-05 18:25:59+00:00,765.1599731445312,0.037720000743865965
2026-09-03 03:42:14.451510,2027-03-31,0.5744630120652587,C,590.0,189.18,193.06,200.99,1.0,4.0,0.3695436581420898,2026-08-05 18:25:59+00:00,765.1599731445312,0.037720000743865965
2026-09-03 03:42:14.451510,2027-03-31,0.5744630120652587,C,592.0,171.42,175.3,142.73,2.0,1.0,0.20410952148437497,2026-04-16 17:01:30+00:00,765.1599731445312,0.037720000743865965
2026-09-03 03:42:14.451510,2027-03-31,0.5744630120652587,C,593.0,186.38,190.26,197.31,1.0,1.0,0.3661257235717773,2026-08-07 16:32:16+00:00,765.1599731445312,0.037720000743865965
2026-09-03 03:42:14.451510,2027-03-31,0.5744630120652587,C,594.0,169.68,173.56,141.75,,1.0,0.20673400695800775,2026-04-16 15:31:42+00:00,765.1599731445312,0.037720000743865965
2026-09-03 03:42:14.451510,2027-03-31,0.5744630120652587,C,595.0,184.98,188.08,181.59,1.0,1.0,0.3614870980834961,2026-07-10 16:30:38+00:00,765.1599731445312,0.037720000743865965
2026-09-03 03:42:14.451510,2027-03-31,0.5744630120652587,C,596.0,183.59,187.47,188.18,,1.0,0.3627688235473633,2026-08-20 16:35:59+00:00,765.1599731445312,0.037720000743865965
2026-09-03 03:42:14.451510,2027-03-31,0.5744630120652587,C,597.0,182.65,186.53,187.0,1.0,1.0,0.3615633912658691,2026-08-20 16:27:39+00:00,765.1599731445312,0.037720000743865965
2026-09-03 03:42:14.451510,2027-03-31,0.5744630120652587,C,598.0,0.0,0.0,176.35,1.0,0.0,1.0000000000000003e-05,2026-05-22 18:30:56+00:00,765.1599731445312,0.037720000743865965
2026-09-03 03:42:14.451510,2027-03-31,0.5744630120652587,C,599.0,180.79,184.67,158.11,3.0,3.0,0.35930511306762697,2026-07-29 16:41:31+00:00,765.1599731445312,0.037720000743865965
2026-09-03 03:42:14.451510,2027-03-31,0.5744630120652587,C,600.0,179.9,183.74,182.05,3.0,31.0,0.35817597396850587,2026-08-20 19:32:15+00:00,765.1599731445312,0.037720000743865965
2026-09-03 03:42:14.451510,2027-03-31,0.5744630120652587,C,601.0,178.97,182.81,187.5,1.0,11.0,0.35704683486938477,2026-08-27 17:56:53+00:00,765.1599731445312,0.037720000743865965
2026-09-03 03:42:14.451510,2027-03-31,0.5744630120652587,C,602.0,162.77,166.65,162.93,7.0,7.0,0.21497367065429687,2026-05-06 19:54:55+00:00,765.1599731445312,0.037720000743865965
2026-09-03 03:42:14.451510,2027-03-31,0.5744630120652587,C,603.0,161.91,165.79,140.77,,1.0,0.2157976370239258,2026-04-23 19:40:43+00:00,765.1599731445312,0.037720000743865965
2026-09-03 03:42:14.451510,2027-03-31,0.5744630120652587,C,604.0,161.05,164.93,139.42,1.0,1.0,0.216530051574707,2026-04-22 15:04:24+00:00,765.1599731445312,0.037720000743865965
2026-09-03 03:42:14.451510,2027-03-31,0.5744630120652587,C,605.0,160.19,164.07,162.54,7.0,7.0,0.21723194885253905,2026-05-08 14:25:11+00:00,765.1599731445312,0.037720000743865965
2026-09-03 03:42:14.451510,2027-03-31,0.5744630120652587,C,606.0,174.3,178.18,182.0,,1.0,0.3515079498291015,2026-08-27 18:02:19+00:00,765.1599731445312,0.037720000743865965
2026-09-03 03:42:14.451510,2027-03-31,0.5744630120652587,C,607.0,173.37,177.25,183.2,1.0,2.0,0.3503635520935058,2026-08-28 15:47:39+00:00,765.1599731445312,0.037720000743865965
2026-09-03 03:42:14.451510,2027-03-31,0.5744630120652587,C,608.0,172.45,176.33,184.57,1.0,3.0,0.3492801889038085,2026-08-10 17:47:51+00:00,765.1599731445312,0.037720000743865965
2026-09-03 03:42:14.451510,2027-03-31,0.5744630120652587,C,609.0,169.01,172.25,165.03,1.0,1.0,0.32520206054687495,2026-05-13 17:54:18+00:00,765.1599731445312,0.037720000743865965
2026-09-03 03:42:14.451510,2027-03-31,0.5744630120652587,C,610.0,170.6,174.48,170.62,2.0,8.0,0.34705242797851554,2026-08-24 13:39:02+00:00,765.1599731445312,0.037720000743865965
2026-09-03 03:42:14.451510,2027-03-31,0.5744630120652587,C,611.0,170.29,173.39,154.05,1.0,2.0,0.34477889114379884,2026-06-25 18:19:03+00:00,765.1599731445312,0.037720000743865965
2026-09-03 03:42:14.451510,2027-03-31,0.5744630120652587,C,612.0,168.75,172.63,183.37,1.0,3.0,0.3448246670532227,2026-08-14 18:30:09+00:00,765.1599731445312,0.037720000743865965
2026-09-03 03:42:14.451510,2027-03-31,0.5744630120652587,C,615.0,165.99,169.87,168.73,4.0,18.0,0.3415593188476562,2026-08-04 13:42:29+00:00,765.1599731445312,0.037720000743865965
2026-09-03 03:42:14.451510,2027-03-31,0.5744630120652587,C,616.0,165.07,168.95,168.02,4.0,3.0,0.3404606970214844,2026-08-04 13:42:13+00:00,765.1599731445312,0.037720000743865965
2026-09-03 03:42:14.451510,2027-03-31,0.5744630120652587,C,617.0,149.95,153.83,144.97,2.0,3.0,0.22345747253417966,2026-05-06 13:31:59+00:00,765.1599731445312,0.037720000743865965
2026-09-03 03:42:14.451510,2027-03-31,0.5744630120652587,C,618.0,0.0,0.0,157.82,2.0,0.0,1.0000000000000003e-05,2026-06-05 16:02:14+00:00,765.1599731445312,0.037720000743865965
2026-09-03 03:42:14.451510,2027-03-31,0.5744630120652587,C,619.0,163.01,166.11,155.01,1.0,2.0,0.33661552062988287,2026-07-01 14:28:47+00:00,765.1599731445312,0.037720000743865965
2026-09-03 03:42:14.451510,2027-03-31,0.5744630120652587,C,620.0,161.39,165.27,165.01,1.0,13.0,0.3360509510803223,2026-08-21 18:13:45+00:00,765.1599731445312,0.037720000743865965
2026-09-03 03:42:14.451510,2027-03-31,0.5744630120652587,C,621.0,160.47,164.35,174.0,1.0,8.0,0.33495232925415036,2026-08-10 13:54:40+00:00,765.1599731445312,0.037720000743865965
2026-09-03 03:42:14.451510,2027-03-31,0.5744630120652587,C,622.0,157.76,159.99,146.08,1.0,1.0,0.3100349758911133,2026-05-12 14:46:51+00:00,765.1599731445312,0.037720000743865965
2026-09-03 03:42:14.451510,2027-03-31,0.5744630120652587,C,623.0,0.0,0.0,162.52,2.0,0.0,1.0000000000000003e-05,2026-06-03 18:49:07+00:00,765.1599731445312,0.037720000743865965
2026-09-03 03:42:14.451510,2027-03-31,0.5744630120652587,C,624.0,145.5,149.0,100.94,2.0,2.0,0.23581696807861324,2026-04-09 18:03:18+00:00,765.1599731445312,0.037720000743865965
2026-09-03 03:42:14.451510,2027-03-31,0.5744630120652587,C,625.0,156.81,160.69,169.52,4.0,314.0,0.33062650581359865,2026-08-10 19:30:26+00:00,765.1599731445312,0.037720000743865965
2026-09-03 03:42:14.451510,2027-03-31,0.5744630120652587,C,626.0,153.33,156.77,147.14,1.0,0.0,0.30914997497558594,2026-06-08 14:11:35+00:00,765.1599731445312,0.037720000743865965
2026-09-03 03:42:14.451510,2027-03-31,0.5744630120652587,C,627.0,141.52,145.4,128.74,,1.0,0.22623454437255858,2026-05-04 15:20:02+00:00,765.1599731445312,0.037720000743865965
2026-09-03 03:42:14.451510,2027-03-31,0.5744630120652587,C,628.0,154.88,157.98,140.99,1.0,1.0,0.32758240783691406,2026-06-29 16:01:53+00:00,765.1599731445312,0.037720000743865965
2026-09-03 03:42:14.451510,2027-03-31,0.5744630120652587,C,629.0,153.16,157.04,165.2,1.0,12.0,0.3263311996459961,2026-08-07 16:53:08+00:00,765.1599731445312,0.037720000743865965
2026-09-03 03:42:14.451510,2027-03-31,0.5744630120652587,C,630.0,152.25,156.13,165.86,3.0,75.0,0.3252630950927734,2026-08-10 15:23:42+00:00,765.1599731445312,0.037720000743865965
2026-09-03 03:42:14.451510,2027-03-31,0.5744630120652587,C,631.0,151.34,155.22,131.01,2.0,1.0,0.3241949905395507,2026-07-29 15:59:02+00:00,765.1599731445312,0.037720000743865965
2026-09-03 03:42:14.451510,2027-03-31,0.5744630120652587,C,632.0,150.43,154.31,163.64,1.0,2.0,0.3231192566680907,2026-08-07 16:20:18+00:00,765.1599731445312,0.037720000743865965
2026-09-03 03:42:14.451510,2027-03-31,0.5744630120652587,C,633.0,149.52,153.4,162.68,2.0,5.0,0.3220435227966308,2026-08-07 16:20:59+00:00,765.1599731445312,0.037720000743865965
2026-09-03 03:42:14.451510,2027-03-31,0.5744630120652587,C,634.0,148.61,152.49,156.44,3.0,2.0,0.3209601596069336,2026-08-27 16:16:26+00:00,765.1599731445312,0.037720000743865965
2026-09-03 03:42:14.451510,2027-03-31,0.5744630120652587,C,635.0,147.7,151.58,150.68,1.0,11.0,0.3198844257354736,2026-09-02 15:15:29+00:00,765.1599731445312,0.037720000743865965
2026-09-03 03:42:14.451510,2027-03-31,0.5744630120652587,C,636.0,0.0,0.0,135.96,2.0,0.0,1.0000000000000003e-05,2026-06-05 19:35:10+00:00,765.1599731445312,0.037720000743865965
2026-09-03 03:42:14.451510,2027-03-31,0.5744630120652587,C,637.0,0.0,0.0,135.29,2.0,0.0,1.0000000000000003e-05,2026-06-05 19:35:14+00:00,765.1599731445312,0.037720000743865965
2026-09-03 03:42:14.451510,2027-03-31,0.5744630120652587,C,638.0,144.98,148.86,148.15,3.0,6.0,0.3166877413940429,2026-08-31 17:06:10+00:00,765.1599731445312,0.037720000743865965
2026-09-03 03:42:14.451510,2027-03-31,0.5744630120652587,C,639.0,145.02,148.11,138.95,8.0,20.0,0.3165961895751953,2026-07-06 13:30:14+00:00,765.1599731445312,0.037720000743865965
2026-09-03 03:42:14.451510,2027-03-31,0.5744630120652587,C,640.0,143.18,147.04,145.12,1.0,36.0,0.3144904977416991,2026-09-02 17:03:01+00:00,765.1599731445312,0.037720000743865965
2026-09-03 03:42:14.451510,2027-03-31,0.5744630120652587,C,641.0,142.27,146.14,146.72,1.0,2.0,0.31345291046142576,2026-08-04 13:54:37+00:00,765.1599731445312,0.037720000743865965
2026-09-03 03:42:14.451510,2027-03-31,0.5744630120652587,C,642.0,141.37,145.23,145.76,1.0,3.0,0.31235428863525383,2026-08-31 13:33:33+00:00,765.1599731445312,0.037720000743865965
2026-09-03 03:42:14.451510,2027-03-31,0.5744630120652587,C,643.0,140.47,144.33,142.46,3.0,5.0,0.3113090720367431,2026-09-02 17:04:08+00:00,765.1599731445312,0.037720000743865965
2026-09-03 03:42:14.451510,2027-03-31,0.5744630120652587,C,644.0,139.57,143.43,134.17,1.0,15.0,0.31026385543823237,2026-08-03 13:50:40+00:00,765.1599731445312,0.037720000743865965
2026-09-03 03:42:14.451510,2027-03-31,0.5744630120652587,C,645.0,139.51,141.99,140.58,1.0,11.0,0.305869368133545,2026-09-02 17:03:01+00:00,765.1599731445312,0.037720000743865965
2026-09-03 03:42:14.451510,2027-03-31,0.5744630120652587,C,646.0,0.0,0.0,126.77,1.0,0.0,1.0000000000000003e-05,2026-06-05 19:34:53+00:00,765.1599731445312,0.037720000743865965
2026-09-03 03:42:14.451510,2027-03-31,0.5744630120652587,C,647.0,136.33,138.47,137.68,11.0,6.0,0.29307500144958487,2026-05-14 15:40:46+00:00,765.1599731445312,0.037720000743865965
2026-09-03 03:42:14.451510,2027-03-31,0.5744630120652587,C,648.0,135.98,139.86,137.92,3.0,5.0,0.306220316772461,2026-09-02 17:04:08+00:00,765.1599731445312,0.037720000743865965
2026-09-03 03:42:14.451510,2027-03-31,0.5744630120652587,C,649.0,119.8,123.22,132.64,6.0,12.0,0.19564097824096682,2026-06-18 17:23:32+00:00,765.1599731445312,0.037720000743865965
2026-09-03 03:42:14.451510,2027-03-31,0.5744630120652587,C,650.0,134.19,138.05,135.71,3.0,246.0,0.3040230731201171,2026-08-24 15:10:28+00:00,765.1599731445312,0.037720000743865965
2026-09-03 03:42:14.451510,2027-03-31,0.5744630120652587,C,651.0,131.73,135.15,117.03,1.0,1.0,0.29074805938720694,2026-06-09 15:38:22+00:00,765.1599731445312,0.037720000743865965
2026-09-03 03:42:14.451510,2027-03-31,0.5744630120652587,C,652.0,120.91,124.77,120.57,2.0,3.0,0.227272131652832,2026-05-06 19:06:06+00:00,765.1599731445312,0.037720000743865965
2026-09-03 03:42:14.451510,2027-03-31,0.5744630120652587,C,653.0,120.1,123.96,99.5,1.0,3.0,0.22719583847045893,2026-04-17 13:38:31+00:00,765.1599731445312,0.037720000743865965
2026-09-03 03:42:14.451510,2027-03-31,0.5744630120652587,C,654.0,129.1,132.59,122.04,3.0,6.0,0.28850503982543935,2026-06-12 16:48:01+00:00,765.1599731445312,0.037720000743865965
2026-09-03 03:42:14.451510,2027-03-31,0.5744630120652587,C,655.0,129.72,133.58,132.88,10.0,31.0,0.2987893608093261,2026-08-31 16:01:10+00:00,765.1599731445312,0.037720000743865965
2026-09-03 03:42:14.451510,2027-03-31,0.5744630120652587,C,656.0,128.83,132.71,141.0,2.0,16.0,0.2978814719390869,2026-08-07 17:33:04+00:00,765.1599731445312,0.037720000743865965
2026-09-03 03:42:14.451510,2027-03-31,0.5744630120652587,C,657.0,116.88,120.74,104.52,2.0,6.0,0.22686014846801755,2026-05-04 18:21:33+00:00,765.1599731445312,0.037720000743865965
2026-09-03 03:42:14.451510,2027-03-31,0.5744630120652587,C,658.0,117.68,121.56,74.99,1.0,3.0,0.23770903900146478,2026-04-09 16:02:29+00:00,765.1599731445312,0.037720000743865965
2026-09-03 03:42:14.451510,2027-03-31,0.5744630120652587,C,659.0,111.5,114.93,126.11,9.0,11.0,0.1962818409729004,2026-06-22 13:36:21+00:00,765.1599731445312,0.037720000743865965
2026-09-03 03:42:14.451510,2027-03-31,0.5744630120652587,C,660.0,125.32,128.55,137.2,1.0,65.0,0.2901987484741211,2026-08-28 15:29:28+00:00,765.1599731445312,0.037720000743865965
2026-09-03 03:42:14.451510,2027-03-31,0.5744630120652587,C,661.0,113.68,117.54,95.28,2.0,3.0,0.22640238937377927,2026-04-21 14:52:38+00:00,765.1599731445312,0.037720000743865965
2026-09-03 03:42:14.451510,2027-03-31,0.5744630120652587,C,662.0,114.52,118.4,80.08,,1.0,0.2371139521789551,2026-04-14 14:41:01+00:00,765.1599731445312,0.037720000743865965
2026-09-03 03:42:14.451510,2027-03-31,0.5744630120652587,C,663.0,122.68,126.49,137.78,4.0,8.0,0.29058784370422364,2026-08-14 18:45:28+00:00,765.1599731445312,0.037720000743865965
2026-09-03 03:42:14.451510,2027-03-31,0.5744630120652587,C,664.0,107.4,110.83,109.58,6.0,7.0,0.1961597718811035,2026-06-23 18:11:26+00:00,765.1599731445312,0.037720000743865965
2026-09-03 03:42:14.451510,2027-03-31,0.5744630120652587,C,665.0,122.12,125.23,109.14,2.0,25.0,0.2914194393920897,2026-06-24 18:32:01+00:00,765.1599731445312,0.037720000743865965
2026-09-03 03:42:14.451510,2027-03-31,0.5744630120652587,C,666.0,0.0,0.0,114.94,10.0,0.0,1.0000000000000003e-05,2026-05-20 19:43:39+00:00,765.1599731445312,0.037720000743865965
2026-09-03 03:42:14.451510,2027-03-31,0.5744630120652587,C,667.0,108.91,112.77,108.82,1.0,27.0,0.22545635391235352,2026-05-07 16:07:45+00:00,765.1599731445312,0.037720000743865965
2026-09-03 03:42:14.451510,2027-03-31,0.5744630120652587,C,668.0,108.12,111.98,90.04,98.0,53.0,0.22527325027465817,2026-04-22 16:46:26+00:00,765.1599731445312,0.037720000743865965
2026-09-03 03:42:14.451510,2027-03-31,0.5744630120652587,C,669.0,117.43,121.1,134.08,10.0,177.0,0.28384352638244625,2026-08-05 14:20:01+00:00,765.1599731445312,0.037720000743865965
2026-09-03 03:42:14.451510,2027-03-31,0.5744630120652587,C,670.0,116.57,120.23,119.72,1.0,45.0,0.28286697364807123,2026-08-31 15:17:17+00:00,765.1599731445312,0.037720000743865965
2026-09-03 03:42:14.451510,2027-03-31,0.5744630120652587,C,671.0,116.93,120.04,107.68,1.0,184.0,0.2856821920776367,2026-07-08 14:53:47+00:00,765.1599731445312,0.037720000743865965
2026-09-03 03:42:14.451510,2027-03-31,0.5744630120652587,C,672.0,114.83,118.49,122.33,1.0,187.0,0.28089098022460934,2026-08-28 16:50:45+00:00,765.1599731445312,0.037720000743865965
2026-09-03 03:42:14.451510,2027-03-31,0.5744630120652587,C,673.0,113.96,117.63,129.63,12.0,111.0,0.27996020339965816,2026-08-05 14:30:22+00:00,765.1599731445312,0.037720000743865965
2026-09-03 03:42:14.451510,2027-03-31,0.5744630120652587,C,674.0,114.05,116.14,108.15,1.0,4.0,0.2755199401855468,2026-05-15 15:53:33+00:00,765.1599731445312,0.037720000743865965
2026-09-03 03:42:14.451510,2027-03-31,0.5744630120652587,C,675.0,112.16,115.91,113.41,8.0,72.0,0.2780681324768066,2026-08-03 18:49:44+00:00,765.1599731445312,0.037720000743865965
2026-09-03 03:42:14.451510,2027-03-31,0.5744630120652587,C,676.0,0.0,0.0,118.63,1.0,0.0,1.0000000000000003e-05,2026-06-01 15:34:54+00:00,765.1599731445312,0.037720000743865965
2026-09-03 03:42:14.451510,2027-03-31,0.5744630120652587,C,677.0,111.76,114.91,108.6,2.0,4.0,0.28008227249145495,2026-07-13 18:04:09+00:00,765.1599731445312,0.037720000743865965
2026-09-03 03:42:14.451510,2027-03-31,0.5744630120652587,C,678.0,109.57,113.33,115.16,1.0,3.0,0.27518425018310544,2026-08-21 17:00:53+00:00,765.1599731445312,0.037720000743865965
2026-09-03 03:42:14.451510,2027-03-31,0.5744630120652587,C,679.0,108.7,112.47,123.45,12.0,12.0,0.2742153267669677,2026-08-05 14:52:34+00:00,765.1599731445312,0.037720000743865965
2026-09-03 03:42:14.451510,2027-03-31,0.5744630120652587,C,680.0,107.82,111.62,107.05,1.0,27.0,0.27329217926025384,2026-09-01 17:10:02+00:00,765.1599731445312,0.037720000743865965
2026-09-03 03:42:14.451510,2027-03-31,0.5744630120652587,C,685.0,103.52,107.35,106.75,1.0,84.0,0.26849333808898923,2026-08-31 15:17:17+00:00,765.1599731445312,0.037720000743865965
2026-09-03 03:42:14.451510,2027-03-31,0.5744630120652587,C,690.0,99.3,103.09,103.26,1.0,240.0,0.26359531578063966,2026-08-25 19:10:44+00:00,765.1599731445312,0.037720000743865965
2026-09-03 03:42:14.451510,2027-03-31,0.5744630120652587,C,695.0,95.12,98.87,96.32,1.0,72.0,0.2587506986999512,2026-09-01 14:39:11+00:00,765.1599731445312,0.037720000743865965
2026-09-03 03:42:14.451510,2027-03-31,0.5744630120652587,C,700.0,90.86,94.66,93.72,22.0,299.0,0.25380690048217774,2026-08-31 19:18:42+00:00,765.1599731445312,0.037720000743865965
2026-09-03 03:42:14.451510,2027-03-31,0.5744630120652587,C,705.0,86.67,90.55,92.45,3.0,132.0,0.24919879226684571,2026-08-21 15:26:04+00:00,765.1599731445312,0.037720000743865965
2026-09-03 03:42:14.451510,2027-03-31,0.5744630120652587,C,710.0,82.57,86.45,93.2,1.0,135.0,0.24445335632324222,2026-08-19 14:39:15+00:00,765.1599731445312,0.037720000743865965
2026-09-03 03:42:14.451510,2027-03-31,0.5744630120652587,C,715.0,78.56,82.39,78.3,1.0,1706.0,0.23972317901611323,2026-09-02 13:38:35+00:00,765.1599731445312,0.037720000743865965
2026-09-03 03:42:14.451510,2027-03-31,0.5744630120652587,C,720.0,74.52,78.4,76.0,1.0,226.0,0.23512270011901856,2026-09-02 19:59:35+00:00,765.1599731445312,0.037720000743865965
2026-09-03 03:42:14.451510,2027-03-31,0.5744630120652587,C,725.0,70.58,74.44,73.79,3.0,228.0,0.2304611866760254,2026-08-31 15:23:26+00:00,765.1599731445312,0.037720000743865965
2026-09-03 03:42:14.451510,2027-03-31,0.5744630120652587,C,730.0,66.7,70.58,65.8,2.0,475.0,0.22603618209838866,2026-09-01 18:49:00+00:00,765.1599731445312,0.037720000743865965
2026-09-03 03:42:14.451510,2027-03-31,0.5744630120652587,C,735.0,62.88,66.76,65.59,21.0,943.0,0.2215577722930908,2026-09-02 14:46:51+00:00,765.1599731445312,0.037720000743865965
2026-09-03 03:42:14.451510,2027-03-31,0.5744630120652587,C,740.0,59.14,63.0,59.1,1.0,688.0,0.21709462112426758,2026-09-02 13:31:14+00:00,765.1599731445312,0.037720000743865965
2026-09-03 03:42:14.451510,2027-03-31,0.5744630120652587,C,745.0,55.58,59.32,63.55,1.0,133.0,0.21273828041076662,2026-08-27 16:36:04+00:00,765.1599731445312,0.037720000743865965
2026-09-03 03:42:14.451510,2027-03-31,0.5744630120652587,C,750.0,51.96,55.74,53.7,4.0,430.0,0.20853452606201167,2026-09-02 18:29:22+00:00,765.1599731445312,0.037720000743865965
2026-09-03 03:42:14.451510,2027-03-31,0.5744630120652587,C,755.0,48.55,51.71,53.87,1.0,124.0,0.20207249351501463,2026-08-26 19:19:44+00:00,765.1599731445312,0.037720000743865965
2026-09-03 03:42:14.451510,2027-03-31,0.5744630120652587,C,760.0,45.12,48.61,47.68,7.0,348.0,0.19937171485900876,2026-09-02 15:19:14+00:00,765.1599731445312,0.037720000743865965
2026-09-03 03:42:14.451510,2027-03-31,0.5744630120652587,C,765.0,42.16,44.97,43.23,15.0,1808.0,0.1939777868652344,2026-09-02 16:08:11+00:00,765.1599731445312,0.037720000743865965
2026-09-03 03:42:14.451510,2027-03-31,0.5744630120652587,C,770.0,38.97,41.74,40.09,6.0,253.0,0.1900181707000733,2026-09-02 18:51:35+00:00,765.1599731445312,0.037720000743865965
2026-09-03 03:42:14.451510,2027-03-31,0.5744630120652587,C,775.0,35.59,38.97,37.31,11.0,393.0,0.1876683406829834,2026-09-02 17:01:37+00:00,765.1599731445312,0.037720000743865965
2026-09-03 03:42:14.451510,2027-03-31,0.5744630120652587,C,780.0,32.96,35.66,32.58,9.0,660.0,0.18258721473693848,2026-09-01 19:17:45+00:00,765.1599731445312,0.037720000743865965
2026-09-03 03:42:14.451510,2027-03-31,0.5744630120652587,C,785.0,29.86,33.13,31.4,2.0,120.0,0.1804738935852051,2026-09-02 18:06:48+00:00,765.1599731445312,0.037720000743865965
2026-09-03 03:42:14.451510,2027-03-31,0.5744630120652587,C,790.0,27.2,30.41,29.1,5.0,458.0,0.17710936424255372,2026-09-02 15:58:10+00:00,765.1599731445312,0.037720000743865965
2026-09-03 03:42:14.451510,2027-03-31,0.5744630120652587,C,795.0,24.94,27.53,26.07,1.0,289.0,0.17258517852783206,2026-09-02 18:27:55+00:00,765.1599731445312,0.037720000743865965
2026-09-03 03:42:14.451510,2027-03-31,0.5744630120652587,C,800.0,22.56,25.09,23.55,18.0,1120.0,0.16951819259643558,2026-09-02 19:58:05+00:00,765.1599731445312,0.037720000743865965
2026-09-03 03:42:14.451510,2027-03-31,0.5744630120652587,C,805.0,20.32,22.91,21.51,3.0,322.0,0.16714547462463383,2026-09-01 15:51:53+00:00,765.1599731445312,0.037720000743865965
2026-09-03 03:42:14.451510,2027-03-31,0.5744630120652587,C,810.0,18.23,20.94,19.92,4.0,594.0,0.16526103302001954,2026-09-02 15:18:19+00:00,765.1599731445312,0.037720000743865965
2026-09-03 03:42:14.451510,2027-03-31,0.5744630120652587,C,815.0,16.28,18.69,18.47,7.0,437.0,0.1615379257202148,2026-08-31 14:24:49+00:00,765.1599731445312,0.037720000743865965
2026-09-03 03:42:14.451510,2027-03-31,0.5744630120652587,C,820.0,14.49,16.9,15.0,1.0,1282.0,0.15947800979614257,2026-09-01 18:05:27+00:00,765.1599731445312,0.037720000743865965
2026-09-03 03:42:14.451510,2027-03-31,0.5744630120652587,C,825.0,12.78,15.17,13.87,1.0,858.0,0.1571815850067139,2026-09-02 18:17:29+00:00,765.1599731445312,0.037720000743865965
2026-09-03 03:42:14.451510,2027-03-31,0.5744630120652587,C,830.0,11.36,13.69,11.7,1.0,157.0,0.15563283340454104,2026-09-01 17:49:52+00:00,765.1599731445312,0.037720000743865965
2026-09-03 03:42:14.451510,2027-03-31,0.5744630120652587,C,835.0,10.02,12.21,10.74,4.0,159.0,0.15355002952575683,2026-09-01 13:51:41+00:00,765.1599731445312,0.037720000743865965
2026-09-03 03:42:14.451510,2027-03-31,0.5744630120652587,C,840.0,8.78,10.93,9.62,6.0,599.0,0.1520165365600586,2026-09-02 18:53:23+00:00,765.1599731445312,0.037720000743865965
2026-09-03 03:42:14.451510,2027-03-31,0.5744630120652587,C,845.0,7.67,9.83,8.55,2.0,275.0,0.15100946655273442,2026-09-02 18:37:53+00:00,765.1599731445312,0.037720000743865965
2026-09-03 03:42:14.451510,2027-03-31,0.5744630120652587,C,850.0,7.25,8.5,7.51,4.0,485.0,0.14801877380371098,2026-09-02 18:53:23+00:00,765.1599731445312,0.037720000743865965
2026-09-03 03:42:14.451510,2027-03-31,0.5744630120652587,C,855.0,5.77,7.78,6.26,2.0,415.0,0.14836972244262697,2026-09-01 19:15:23+00:00,765.1599731445312,0.037720000743865965
2026-09-03 03:42:14.451510,2027-03-31,0.5744630120652587,C,860.0,4.95,6.95,5.54,220.0,810.0,0.14754575607299808,2026-09-01 17:28:53+00:00,765.1599731445312,0.037720000743865965
2026-09-03 03:42:14.451510,2027-03-31,0.5744630120652587,C,865.0,4.22,6.21,5.3,259.0,1336.0,0.14688963470458982,2026-09-01 15:47:01+00:00,765.1599731445312,0.037720000743865965
2026-09-03 03:42:14.451510,2027-03-31,0.5744630120652587,C,870.0,3.57,5.54,4.51,283.0,1765.0,0.14627928924560546,2026-09-02 17:19:58+00:00,765.1599731445312,0.037720000743865965
2026-09-03 03:42:14.451510,2027-03-31,0.5744630120652587,C,875.0,3.01,4.51,4.05,290.0,601.0,0.14206790557861326,2026-09-01 15:57:17+00:00,765.1599731445312,0.037720000743865965
2026-09-03 03:42:14.451510,2027-03-31,0.5744630120652587,C,880.0,2.52,4.4,3.42,174.0,1897.0,0.1453179951477051,2026-09-02 17:19:58+00:00,765.1599731445312,0.037720000743865965
2026-09-03 03:42:14.451510,2027-03-31,0.5744630120652587,C,885.0,2.09,3.92,2.94,20.0,645.0,0.14496704650878905,2026-09-01 15:19:13+00:00,765.1599731445312,0.037720000743865965
2026-09-03 03:42:14.451510,2027-03-31,0.5744630120652587,C,890.0,1.71,3.49,2.56,20.0,363.0,0.14466187377929687,2026-09-01 15:19:13+00:00,765.1599731445312,0.037720000743865965
2026-09-03 03:42:14.451510,2027-03-31,0.5744630120652587,C,895.0,1.38,3.11,3.14,8.0,1239.0,0.14447877014160154,2026-08-28 19:59:35+00:00,765.1599731445312,0.037720000743865965
2026-09-03 03:42:14.451510,2027-03-31,0.5744630120652587,C,900.0,1.94,2.79,1.94,6.0,12818.0,0.14457032196044922,2026-09-02 14:08:19+00:00,765.1599731445312,0.037720000743865965
2026-09-03 03:42:14.451510,2027-03-31,0.5744630120652587,C,905.0,0.83,2.53,1.69,3.0,844.0,0.14504333969116212,2026-09-02 14:17:36+00:00,765.1599731445312,0.037720000743865965
2026-09-03 03:42:14.451510,2027-03-31,0.5744630120652587,C,910.0,0.66,2.31,2.31,1.0,1642.0,0.1457299783325195,2026-08-20 14:41:07+00:00,765.1599731445312,0.037720000743865965
2026-09-03 03:42:14.451510,2027-03-31,0.5744630120652587,C,915.0,0.9,2.11,1.87,2.0,777.0,0.14643187561035154,2026-08-27 14:12:16+00:00,765.1599731445312,0.037720000743865965
2026-09-03 03:42:14.451510,2027-03-31,0.5744630120652587,C,920.0,0.48,1.16,0.95,13.0,622.0,0.1336146209716797,2026-09-01 18:37:10+00:00,765.1599731445312,0.037720000743865965
2026-09-03 03:42:14.451510,2027-03-31,0.5744630120652587,C,925.0,0.09,1.8,0.89,5.0,891.0,0.1484765328979492,2026-09-02 18:59:30+00:00,765.1599731445312,0.037720000743865965
2026-09-03 03:42:14.451510,2027-03-31,0.5744630120652587,C,930.0,0.61,1.68,0.8,13.0,1366.0,0.14978877563476564,2026-09-02 18:35:19+00:00,765.1599731445312,0.037720000743865965
2026-09-03 03:42:14.451510,2027-03-31,0.5744630120652587,C,935.0,0.55,0.75,0.7,33.0,726.0,0.1330042755126953,2026-09-02 19:22:07+00:00,765.1599731445312,0.037720000743865965
2026-09-03 03:42:14.451510,2027-03-31,0.5744630120652587,C,940.0,0.01,0.84,0.6,10.0,250.0,0.1383753155517578,2026-09-02 18:41:55+00:00,765.1599731445312,0.037720000743865965
2026-09-03 03:42:14.451510,2027-03-31,0.5744630120652587,C,945.0,0.21,1.41,0.75,6.0,59.0,0.15436636657714847,2026-08-26 19:46:16+00:00,765.1599731445312,0.037720000743865965
2026-09-03 03:42:14.451510,2027-03-31,0.5744630120652587,C,950.0,0.0,0.7,0.52,1.0,754.0,0.1401453173828125,2026-09-02 14:46:37+00:00,765.1599731445312,0.037720000743865965
2026-09-03 03:42:14.451510,2027-03-31,0.5744630120652587,C,955.0,0.0,1.29,0.36,6.0,143.0,0.15799792205810548,2026-09-01 18:45:49+00:00,765.1599731445312,0.037720000743865965
2026-09-03 03:42:14.451510,2027-03-31,0.5744630120652587,C,960.0,0.0,1.24,0.37,2.0,79.0,0.15988999298095702,2026-09-02 14:03:20+00:00,765.1599731445312,0.037720000743865965
2026-09-03 03:42:14.451510,2027-03-31,0.5744630120652587,C,965.0,0.0,1.2,0.58,1.0,35.0,0.1619346502685547,2026-08-19 20:11:03+00:00,765.1599731445312,0.037720000743865965
2026-09-03 03:42:14.451510,2027-03-31,0.5744630120652587,C,970.0,0.0,1.17,0.51,2.0,3.0,0.16416241119384767,2026-08-19 18:49:31+00:00,765.1599731445312,0.037720000743865965
2026-09-03 03:42:14.451510,2027-03-31,0.5744630120652587,C,975.0,0.0,1.14,0.25,1.0,1428.0,0.16632913757324225,2026-09-01 13:43:13+00:00,765.1599731445312,0.037720000743865965
2026-09-03 03:42:14.451510,2027-03-31,0.5744630120652587,P,250.0,0.0,0.41,0.36,2.0,57.0,0.5507857421875001,2026-08-28 16:41:53+00:00,765.1599731445312,0.037720000743865965
2026-09-03 03:42:14.451510,2027-03-31,0.5744630120652587,P,300.0,0.13,1.41,0.53,600.0,603.0,0.5432174584960938,2026-09-02 17:57:41+00:00,765.1599731445312,0.037720000743865965
2026-09-03 03:42:14.451510,2027-03-31,0.5744630120652587,P,350.0,0.28,0.88,0.82,7.0,1615.0,0.4681449670410156,2026-09-02 14:42:24+00:00,765.1599731445312,0.037720000743865965
2026-09-03 03:42:14.451510,2027-03-31,0.5744630120652587,P,400.0,0.67,1.78,1.2,10.0,753.0,0.4391535577392578,2026-09-02 18:59:30+00:00,765.1599731445312,0.037720000743865965
2026-09-03 03:42:14.451510,2027-03-31,0.5744630120652587,P,450.0,1.22,1.81,1.84,9.0,339.0,0.3687807263183594,2026-08-31 15:32:22+00:00,765.1599731445312,0.037720000743865965
2026-09-03 03:42:14.451510,2027-03-31,0.5744630120652587,P,455.0,1.61,2.03,2.16,1.0,406.0,0.3692079681396484,2026-08-21 17:10:26+00:00,765.1599731445312,0.037720000743865965
2026-09-03 03:42:14.451510,2027-03-31,0.5744630120652587,P,460.0,1.35,1.93,2.26,1.0,56.0,0.35925933715820313,2026-08-24 13:34:37+00:00,765.1599731445312,0.037720000743865965
2026-09-03 03:42:14.451510,2027-03-31,0.5744630120652587,P,465.0,1.41,2.01,3.45,1.0,6.0,0.35510898803710933,2026-07-29 14:48:11+00:00,765.1599731445312,0.037720000743865965
2026-09-03 03:42:14.451510,2027-03-31,0.5744630120652587,P,470.0,1.47,2.08,2.45,3.0,137.0,0.3505924316406249,2026-08-21 14:26:27+00:00,765.1599731445312,0.037720000743865965
2026-09-03 03:42:14.451510,2027-03-31,0.5744630120652587,P,475.0,1.54,2.7,2.52,1.0,78.0,0.360785200805664,2026-08-12 17:21:19+00:00,765.1599731445312,0.037720000743865965
2026-09-03 03:42:14.451510,2027-03-31,0.5744630120652587,P,480.0,1.61,2.24,2.59,1.0,68.0,0.34192552612304683,2026-08-21 17:20:28+00:00,765.1599731445312,0.037720000743865965
2026-09-03 03:42:14.451510,2027-03-31,0.5744630120652587,P,485.0,1.68,2.32,2.31,10.0,62.0,0.3375310388183594,2026-09-02 16:53:58+00:00,765.1599731445312,0.037720000743865965
2026-09-03 03:42:14.451510,2027-03-31,0.5744630120652587,P,490.0,1.75,2.4,2.46,2.0,844.0,0.3330755169677735,2026-08-28 19:35:25+00:00,765.1599731445312,0.037720000743865965
2026-09-03 03:42:14.451510,2027-03-31,0.5744630120652587,P,495.0,1.83,3.06,2.84,278.0,143.0,0.3421696643066406,2026-08-13 14:59:17+00:00,765.1599731445312,0.037720000743865965
2026-09-03 03:42:14.451510,2027-03-31,0.5744630120652587,P,500.0,1.91,3.17,2.7,11.0,425.0,0.3378362115478516,2026-09-01 17:52:43+00:00,765.1599731445312,0.037720000743865965
2026-09-03 03:42:14.451510,2027-03-31,0.5744630120652587,P,505.0,2.0,2.68,2.79,3.0,565.0,0.3203803314208984,2026-08-27 14:17:41+00:00,765.1599731445312,0.037720000743865965
2026-09-03 03:42:14.451510,2027-03-31,0.5744630120652587,P,510.0,2.09,3.38,2.83,1.0,85.0,0.328833616027832,2026-08-31 18:58:17+00:00,765.1599731445312,0.037720000743865965
2026-09-03 03:42:14.451510,2027-03-31,0.5744630120652587,P,515.0,2.18,3.49,4.67,10.0,79.0,0.32434757690429683,2026-07-28 17:25:54+00:00,765.1599731445312,0.037720000743865965
2026-09-03 03:42:14.451510,2027-03-31,0.5744630120652587,P,520.0,2.28,3.61,3.06,1.0,95.0,0.3200141241455078,2026-08-31 18:55:49+00:00,765.1599731445312,0.037720000743865965
2026-09-03 03:42:14.451510,2027-03-31,0.5744630120652587,P,525.0,2.5,3.74,3.71,1.0,405.0,0.3157722232055663,2026-08-19 15:58:30+00:00,765.1599731445312,0.037720000743865965
2026-09-03 03:42:14.451510,2027-03-31,0.5744630120652587,P,530.0,2.5,3.87,3.58,1.0,290.0,0.3114692877197265,2026-08-26 14:46:31+00:00,765.1599731445312,0.037720000743865965
2026-09-03 03:42:14.451510,2027-03-31,0.5744630120652587,P,535.0,2.61,4.01,3.73,1.0,72.0,0.30728842132568357,2026-08-26 14:40:09+00:00,765.1599731445312,0.037720000743865965
2026-09-03 03:42:14.451510,2027-03-31,0.5744630120652587,P,540.0,2.73,4.15,3.87,1.0,144.0,0.3030465203857422,2026-08-26 14:09:41+00:00,765.1599731445312,0.037720000743865965
2026-09-03 03:42:14.451510,2027-03-31,0.5744630120652587,P,545.0,2.86,4.3,4.11,1.0,58.0,0.2988656539916992,2026-08-25 17:50:33+00:00,765.1599731445312,0.037720000743865965
2026-09-03 03:42:14.451510,2027-03-31,0.5744630120652587,P,550.0,3.18,4.45,3.75,5.0,286.0,0.2946237530517578,2026-09-02 17:07:10+00:00,765.1599731445312,0.037720000743865965
2026-09-03 03:42:14.451510,2027-03-31,0.5744630120652587,P,555.0,3.13,4.62,4.01,1.0,161.0,0.29062599029541014,2026-08-27 19:27:02+00:00,765.1599731445312,0.037720000743865965
2026-09-03 03:42:14.451510,2027-03-31,0.5744630120652587,P,560.0,3.28,4.79,4.0,10.0,296.0,0.28650615844726557,2026-09-02 18:18:45+00:00,765.1599731445312,0.037720000743865965
2026-09-03 03:42:14.451510,2027-03-31,0.5744630120652587,P,565.0,3.43,4.97,5.36,3.0,16.0,0.28247787841796873,2026-08-06 15:46:23+00:00,765.1599731445312,0.037720000743865965
2026-09-03 03:42:14.451510,2027-03-31,0.5744630120652587,P,570.0,3.6,5.16,5.18,2.0,48.0,0.2784801156616211,2026-08-24 17:27:41+00:00,765.1599731445312,0.037720000743865965
2026-09-03 03:42:14.451510,2027-03-31,0.5744630120652587,P,575.0,3.8,5.36,4.69,1.0,59.0,0.2745128701782227,2026-09-01 15:31:38+00:00,765.1599731445312,0.037720000743865965
2026-09-03 03:42:14.451510,2027-03-31,0.5744630120652587,P,576.0,3.8,5.4,5.86,39.0,41.0,0.2737194210815429,2026-08-05 15:21:11+00:00,765.1599731445312,0.037720000743865965
2026-09-03 03:42:14.451510,2027-03-31,0.5744630120652587,P,577.0,3.84,5.44,5.65,1.0,55.0,0.27292597198486324,2026-08-21 13:59:46+00:00,765.1599731445312,0.037720000743865965
2026-09-03 03:42:14.451510,2027-03-31,0.5744630120652587,P,578.0,3.87,5.48,5.07,1.0,4.0,0.27210200561523434,2026-09-01 19:30:31+00:00,765.1599731445312,0.037720000743865965
2026-09-03 03:42:14.451510,2027-03-31,0.5744630120652587,P,579.0,10.53,10.59,11.9,19.0,22.0,0.32556826782226556,2026-05-08 20:13:15+00:00,765.1599731445312,0.037720000743865965
2026-09-03 03:42:14.451510,2027-03-31,0.5744630120652587,P,580.0,3.95,5.57,5.13,20.0,270.0,0.2706066592407227,2026-09-01 18:25:46+00:00,765.1599731445312,0.037720000743865965
2026-09-03 03:42:14.451510,2027-03-31,0.5744630120652587,P,581.0,4.55,5.61,6.09,1.0,3.0,0.26978269287109374,2026-08-05 13:34:56+00:00,765.1599731445312,0.037720000743865965
2026-09-03 03:42:14.451510,2027-03-31,0.5744630120652587,P,582.0,5.71,5.75,8.67,31.0,32.0,0.27017941741943363,2026-07-17 16:13:45+00:00,765.1599731445312,0.037720000743865965
2026-09-03 03:42:14.451510,2027-03-31,0.5744630120652587,P,583.0,4.06,5.7,6.28,20.0,62.0,0.2682415705871582,2026-08-06 13:36:27+00:00,765.1599731445312,0.037720000743865965
2026-09-03 03:42:14.451510,2027-03-31,0.5744630120652587,P,584.0,4.12,5.74,5.39,13.0,7033.0,0.2674023455810547,2026-09-01 19:02:43+00:00,765.1599731445312,0.037720000743865965
2026-09-03 03:42:14.451510,2027-03-31,0.5744630120652587,P,585.0,4.14,5.79,5.49,2.0,138.0,0.2667004483032227,2026-08-26 19:15:19+00:00,765.1599731445312,0.037720000743865965
2026-09-03 03:42:14.451510,2027-03-31,0.5744630120652587,P,586.0,5.91,5.95,10.56,1.0,9.0,0.2672802764892578,2026-06-26 14:41:44+00:00,765.1599731445312,0.037720000743865965
2026-09-03 03:42:14.451510,2027-03-31,0.5744630120652587,P,587.0,4.22,5.88,6.48,21.0,26.0,0.2651288087463379,2026-08-04 19:42:56+00:00,765.1599731445312,0.037720000743865965
2026-09-03 03:42:14.451510,2027-03-31,0.5744630120652587,P,588.0,4.26,5.93,6.5,1.0,23.0,0.2643963941955566,2026-08-18 13:52:54+00:00,765.1599731445312,0.037720000743865965
2026-09-03 03:42:14.451510,2027-03-31,0.5744630120652587,P,589.0,4.3,5.97,6.52,,37.0,0.26354191055297854,2026-08-05 15:21:09+00:00,765.1599731445312,0.037720000743865965
2026-09-03 03:42:14.451510,2027-03-31,0.5744630120652587,P,590.0,4.63,6.02,5.15,1.0,189.0,0.2627942373657227,2026-09-02 18:23:06+00:00,765.1599731445312,0.037720000743865965
2026-09-03 03:42:14.451510,2027-03-31,0.5744630120652587,P,591.0,9.57,9.63,11.48,18.0,19.0,0.2988961712646484,2026-06-23 15:21:44+00:00,765.1599731445312,0.037720000743865965
2026-09-03 03:42:14.451510,2027-03-31,0.5744630120652587,P,592.0,4.42,6.12,6.73,1.0,4.0,0.26129889099121095,2026-08-18 15:38:01+00:00,765.1599731445312,0.037720000743865965
2026-09-03 03:42:14.451510,2027-03-31,0.5744630120652587,P,593.0,4.46,6.17,6.41,17.0,2.0,0.260551217803955,2026-08-19 13:56:58+00:00,765.1599731445312,0.037720000743865965
2026-09-03 03:42:14.451510,2027-03-31,0.5744630120652587,P,594.0,4.5,6.21,6.87,20.0,68.0,0.2596814755249024,2026-08-06 13:30:37+00:00,765.1599731445312,0.037720000743865965
2026-09-03 03:42:14.451510,2027-03-31,0.5744630120652587,P,595.0,4.86,6.26,5.35,4.0,144.0,0.25891854370117195,2026-09-02 18:25:20+00:00,765.1599731445312,0.037720000743865965
2026-09-03 03:42:14.451510,2027-03-31,0.5744630120652587,P,596.0,4.59,6.31,7.0,21.0,24.0,0.2581556118774414,2026-08-06 13:30:22+00:00,765.1599731445312,0.037720000743865965
2026-09-03 03:42:14.451510,2027-03-31,0.5744630120652587,P,597.0,10.08,10.14,10.78,25.0,25.0,0.2949441844177246,2026-06-18 16:09:59+00:00,765.1599731445312,0.037720000743865965
2026-09-03 03:42:14.451510,2027-03-31,0.5744630120652587,P,598.0,4.68,6.41,6.85,8.0,19.0,0.25659923095703124,2026-08-11 14:18:20+00:00,765.1599731445312,0.037720000743865965
2026-09-03 03:42:14.451510,2027-03-31,0.5744630120652587,P,599.0,4.72,6.47,7.94,1.0,2.0,0.25592785095214843,2026-08-03 15:04:59+00:00,765.1599731445312,0.037720000743865965
2026-09-03 03:42:14.451510,2027-03-31,0.5744630120652587,P,600.0,5.0,6.52,5.6,9.0,423.0,0.25514966049194343,2026-09-02 19:10:16+00:00,765.1599731445312,0.037720000743865965
2026-09-03 03:42:14.451510,2027-03-31,0.5744630120652587,P,601.0,4.81,6.57,6.97,1.0,43.0,0.2543562113952637,2026-08-10 16:37:34+00:00,765.1599731445312,0.037720000743865965
2026-09-03 03:42:14.451510,2027-03-31,0.5744630120652587,P,602.0,10.52,10.59,12.59,250.0,251.0,0.29172461212158196,2026-06-23 15:22:08+00:00,765.1599731445312,0.037720000743865965
2026-09-03 03:42:14.451510,2027-03-31,0.5744630120652587,P,603.0,6.84,6.89,9.77,2.0,3.0,0.2550733673095704,2026-07-06 17:13:54+00:00,765.1599731445312,0.037720000743865965
2026-09-03 03:42:14.451510,2027-03-31,0.5744630120652587,P,604.0,5.0,6.73,6.63,1.0,5.0,0.2520674159240723,2026-08-26 14:23:58+00:00,765.1599731445312,0.037720000743865965
2026-09-03 03:42:14.451510,2027-03-31,0.5744630120652587,P,605.0,5.2,6.79,7.0,192.0,241.0,0.25135026000976557,2026-08-24 13:40:55+00:00,765.1599731445312,0.037720000743865965
2026-09-03 03:42:14.451510,2027-03-31,0.5744630120652587,P,606.0,5.05,6.84,7.8,1.0,1.0,0.2505568109130859,2026-08-04 14:38:19+00:00,765.1599731445312,0.037720000743865965
2026-09-03 03:42:14.451510,2027-03-31,0.5744630120652587,P,607.0,7.09,7.14,10.55,1.0,1.0,0.25228103683471675,2026-07-20 14:40:26+00:00,765.1599731445312,0.037720000743865965
2026-09-03 03:42:14.451510,2027-03-31,0.5744630120652587,P,608.0,5.15,6.96,7.04,221.0,225.0,0.24912249908447265,2026-08-25 14:04:12+00:00,765.1599731445312,0.037720000743865965
2026-09-03 03:42:14.451510,2027-03-31,0.5744630120652587,P,609.0,5.2,7.01,7.19,2.0,7.0,0.24828327407836914,2026-08-19 19:13:55+00:00,765.1599731445312,0.037720000743865965
2026-09-03 03:42:14.451510,2027-03-31,0.5744630120652587,P,610.0,5.25,7.07,6.32,10.0,234.0,0.24755085952758787,2026-09-01 15:51:43+00:00,765.1599731445312,0.037720000743865965
2026-09-03 03:42:14.451510,2027-03-31,0.5744630120652587,P,611.0,5.3,7.13,6.38,10.0,40.0,0.24681844497680666,2026-09-01 15:51:09+00:00,765.1599731445312,0.037720000743865965
2026-09-03 03:42:14.451510,2027-03-31,0.5744630120652587,P,612.0,5.35,7.19,6.25,3.0,8.0,0.24607077178955078,2026-08-28 14:59:09+00:00,765.1599731445312,0.037720000743865965
2026-09-03 03:42:14.451510,2027-03-31,0.5744630120652587,P,613.0,5.4,7.25,6.77,7.0,22.0,0.2453383572387695,2026-08-31 14:06:19+00:00,765.1599731445312,0.037720000743865965
2026-09-03 03:42:14.451510,2027-03-31,0.5744630120652587,P,614.0,5.46,7.31,8.57,1.0,8.0,0.24457542541503907,2026-08-04 13:30:13+00:00,765.1599731445312,0.037720000743865965
2026-09-03 03:42:14.451510,2027-03-31,0.5744630120652587,P,615.0,5.51,7.37,6.85,20.0,76.0,0.2438277522277832,2026-08-31 13:30:14+00:00,765.1599731445312,0.037720000743865965
2026-09-03 03:42:14.451510,2027-03-31,0.5744630120652587,P,616.0,5.56,7.43,10.95,284.0,284.0,0.2430648204040527,2026-07-28 18:50:15+00:00,765.1599731445312,0.037720000743865965
2026-09-03 03:42:14.451510,2027-03-31,0.5744630120652587,P,617.0,14.51,14.59,21.62,1.0,1.0,0.3017190190124512,2026-04-16 15:22:53+00:00,765.1599731445312,0.037720000743865965
2026-09-03 03:42:14.451510,2027-03-31,0.5744630120652587,P,618.0,5.67,7.56,12.2,1.0,2.0,0.24161524993896483,2026-07-29 15:53:22+00:00,765.1599731445312,0.037720000743865965
2026-09-03 03:42:14.451510,2027-03-31,0.5744630120652587,P,619.0,5.73,7.62,7.17,1.0,1.0,0.24085231811523436,2026-09-01 13:31:57+00:00,765.1599731445312,0.037720000743865965
2026-09-03 03:42:14.451510,2027-03-31,0.5744630120652587,P,620.0,5.79,7.68,6.95,10.0,132.0,0.24005886901855467,2026-09-02 14:19:24+00:00,765.1599731445312,0.037720000743865965
2026-09-03 03:42:14.451510,2027-03-31,0.5744630120652587,P,621.0,5.84,7.75,8.43,1.0,11.0,0.23937223037719724,2026-08-20 19:41:50+00:00,765.1599731445312,0.037720000743865965
2026-09-03 03:42:14.451510,2027-03-31,0.5744630120652587,P,622.0,5.9,7.82,7.71,1.0,1.0,0.2386703330993652,2026-08-26 13:44:24+00:00,765.1599731445312,0.037720000743865965
2026-09-03 03:42:14.451510,2027-03-31,0.5744630120652587,P,623.0,8.17,8.22,11.7,1.0,2.0,0.24097438720703124,2026-07-09 13:47:26+00:00,765.1599731445312,0.037720000743865965
2026-09-03 03:42:14.451510,2027-03-31,0.5744630120652587,P,624.0,6.02,7.95,13.24,11.0,14.0,0.23715972808837887,2026-07-29 19:43:07+00:00,765.1599731445312,0.037720000743865965
2026-09-03 03:42:14.451510,2027-03-31,0.5744630120652587,P,625.0,6.51,8.01,7.26,40.0,315.0,0.2363510203552246,2026-09-01 15:57:47+00:00,765.1599731445312,0.037720000743865965
2026-09-03 03:42:14.451510,2027-03-31,0.5744630120652587,P,626.0,6.14,8.09,9.32,1.0,11.0,0.2357254162597656,2026-08-04 14:54:14+00:00,765.1599731445312,0.037720000743865965
2026-09-03 03:42:14.451510,2027-03-31,0.5744630120652587,P,627.0,6.2,8.16,8.9,1.0,7.0,0.23499300170898438,2026-08-05 14:10:45+00:00,765.1599731445312,0.037720000743865965
2026-09-03 03:42:14.451510,2027-03-31,0.5744630120652587,P,628.0,6.26,8.23,13.45,2.0,12.0,0.2342605871582031,2026-07-29 15:59:02+00:00,765.1599731445312,0.037720000743865965
2026-09-03 03:42:14.451510,2027-03-31,0.5744630120652587,P,629.0,8.62,8.67,11.86,2.0,7.0,0.23674774490356443,2026-07-16 16:01:17+00:00,765.1599731445312,0.037720000743865965
2026-09-03 03:42:14.451510,2027-03-31,0.5744630120652587,P,630.0,6.41,8.35,7.68,5.0,262.0,0.23258213714599607,2026-09-02 14:07:22+00:00,765.1599731445312,0.037720000743865965
2026-09-03 03:42:14.451510,2027-03-31,0.5744630120652587,P,631.0,6.45,8.44,8.65,5.0,14.0,0.23201756759643555,2026-08-17 13:42:49+00:00,765.1599731445312,0.037720000743865965
2026-09-03 03:42:14.451510,2027-03-31,0.5744630120652587,P,632.0,8.86,8.91,15.51,1.0,192.0,0.2346878289794922,2026-06-26 19:08:12+00:00,765.1599731445312,0.037720000743865965
2026-09-03 03:42:14.451510,2027-03-31,0.5744630120652587,P,633.0,6.58,8.59,10.6,5.0,35.0,0.2305832557678223,2026-08-03 17:56:58+00:00,765.1599731445312,0.037720000743865965
2026-09-03 03:42:14.451510,2027-03-31,0.5744630120652587,P,634.0,6.65,8.67,8.83,2.0,5.0,0.2298966171264648,2026-08-14 18:42:51+00:00,765.1599731445312,0.037720000743865965
2026-09-03 03:42:14.451510,2027-03-31,0.5744630120652587,P,635.0,6.75,8.71,9.55,15.0,143.0,0.22885902984619144,2026-08-18 17:34:09+00:00,765.1599731445312,0.037720000743865965
2026-09-03 03:42:14.451510,2027-03-31,0.5744630120652587,P,636.0,0.0,0.0,15.72,19.0,0.0,0.062509375,2026-06-05 13:41:33+00:00,765.1599731445312,0.037720000743865965
2026-09-03 03:42:14.451510,2027-03-31,0.5744630120652587,P,637.0,14.29,14.38,16.22,128.0,127.0,0.26961484786987305,2026-06-23 16:53:56+00:00,765.1599731445312,0.037720000743865965
2026-09-03 03:42:14.451510,2027-03-31,0.5744630120652587,P,638.0,6.92,8.97,9.22,1.0,7.0,0.226921183013916,2026-08-25 14:24:51+00:00,765.1599731445312,0.037720000743865965
2026-09-03 03:42:14.451510,2027-03-31,0.5744630120652587,P,639.0,6.99,9.05,9.45,101.0,104.0,0.22620402709960938,2026-08-25 14:30:30+00:00,765.1599731445312,0.037720000743865965
2026-09-03 03:42:14.451510,2027-03-31,0.5744630120652587,P,640.0,7.54,8.67,8.54,32.0,394.0,0.22168747070312497,2026-08-31 15:33:39+00:00,765.1599731445312,0.037720000743865965
2026-09-03 03:42:14.451510,2027-03-31,0.5744630120652587,P,641.0,20.19,20.29,41.93,,4.0,0.30298548583984375,2026-04-01 13:58:18+00:00,765.1599731445312,0.037720000743865965
2026-09-03 03:42:14.451510,2027-03-31,0.5744630120652587,P,642.0,7.26,9.24,9.57,1.0,207.0,0.22361005889892577,2026-08-25 14:24:51+00:00,765.1599731445312,0.037720000743865965
2026-09-03 03:42:14.451510,2027-03-31,0.5744630120652587,P,643.0,7.28,9.38,11.47,1.0,7.0,0.223365920715332,2026-08-03 19:30:15+00:00,765.1599731445312,0.037720000743865965
2026-09-03 03:42:14.451510,2027-03-31,0.5744630120652587,P,644.0,7.35,9.46,8.9,1.0,9.0,0.22260298889160152,2026-09-01 16:26:58+00:00,765.1599731445312,0.037720000743865965
2026-09-03 03:42:14.451510,2027-03-31,0.5744630120652587,P,645.0,7.49,9.53,8.63,1.0,76.0,0.22177902252197262,2026-09-02 16:40:23+00:00,765.1599731445312,0.037720000743865965
2026-09-03 03:42:14.451510,2027-03-31,0.5744630120652587,P,646.0,15.48,15.56,17.85,4.0,3.0,0.264030186920166,2026-06-23 19:30:46+00:00,765.1599731445312,0.037720000743865965
2026-09-03 03:42:14.451510,2027-03-31,0.5744630120652587,P,647.0,18.69,18.77,21.11,,3.0,0.2835459829711914,2026-05-07 13:42:59+00:00,765.1599731445312,0.037720000743865965
2026-09-03 03:42:14.451510,2027-03-31,0.5744630120652587,P,648.0,10.25,10.3,16.04,2.0,378.0,0.22354902435302731,2026-07-08 15:14:19+00:00,765.1599731445312,0.037720000743865965
2026-09-03 03:42:14.451510,2027-03-31,0.5744630120652587,P,649.0,10.34,10.4,16.12,2.0,3.0,0.2228929029846191,2026-07-08 15:02:27+00:00,765.1599731445312,0.037720000743865965
2026-09-03 03:42:14.451510,2027-03-31,0.5744630120652587,P,650.0,7.88,9.98,8.92,31.0,463.0,0.2183000534057617,2026-09-02 20:13:24+00:00,765.1599731445312,0.037720000743865965
2026-09-03 03:42:14.451510,2027-03-31,0.5744630120652587,P,651.0,7.96,10.0,8.95,1.0,3.0,0.21704884521484374,2026-09-02 18:17:29+00:00,765.1599731445312,0.037720000743865965
2026-09-03 03:42:14.451510,2027-03-31,0.5744630120652587,P,652.0,10.63,10.69,18.54,1.0,2.0,0.22081772842407227,2026-06-24 14:08:16+00:00,765.1599731445312,0.037720000743865965
2026-09-03 03:42:14.451510,2027-03-31,0.5744630120652587,P,653.0,8.05,10.25,10.95,1.0,17.0,0.21613332702636717,2026-08-10 16:32:02+00:00,765.1599731445312,0.037720000743865965
2026-09-03 03:42:14.451510,2027-03-31,0.5744630120652587,P,654.0,8.13,10.35,9.43,1.0,11.0,0.21546194702148438,2026-08-31 19:30:47+00:00,765.1599731445312,0.037720000743865965
2026-09-03 03:42:14.451510,2027-03-31,0.5744630120652587,P,655.0,8.22,10.44,10.74,2.0,141.0,0.21471427383422853,2026-08-14 15:17:44+00:00,765.1599731445312,0.037720000743865965
2026-09-03 03:42:14.451510,2027-03-31,0.5744630120652587,P,656.0,8.3,10.53,10.0,1.0,15.0,0.21396660064697265,2026-08-31 14:02:20+00:00,765.1599731445312,0.037720000743865965
2026-09-03 03:42:14.451510,2027-03-31,0.5744630120652587,P,657.0,8.39,10.63,9.99,6.0,23.0,0.21327996200561522,2026-08-31 14:56:06+00:00,765.1599731445312,0.037720000743865965
2026-09-03 03:42:14.451510,2027-03-31,0.5744630120652587,P,658.0,8.47,10.73,9.89,1.0,188.0,0.2125933233642578,2026-08-27 15:17:37+00:00,765.1599731445312,0.037720000743865965
2026-09-03 03:42:14.451510,2027-03-31,0.5744630120652587,P,659.0,11.34,11.4,19.19,1.0,4.0,0.21595785270690918,2026-06-26 15:51:07+00:00,765.1599731445312,0.037720000743865965
2026-09-03 03:42:14.451510,2027-03-31,0.5744630120652587,P,660.0,8.75,10.83,10.05,1.0,205.0,0.2104723728942871,2026-08-31 17:54:32+00:00,765.1599731445312,0.037720000743865965
2026-09-03 03:42:14.451510,2027-03-31,0.5744630120652587,P,661.0,8.74,11.02,11.79,8.0,10.0,0.21039607971191404,2026-08-11 14:18:20+00:00,765.1599731445312,0.037720000743865965
2026-09-03 03:42:14.451510,2027-03-31,0.5744630120652587,P,662.0,11.66,11.72,17.35,1.0,5.0,0.213875048828125,2026-06-30 14:27:56+00:00,765.1599731445312,0.037720000743865965
2026-09-03 03:42:14.451510,2027-03-31,0.5744630120652587,P,663.0,8.92,11.23,12.11,1.0,114.0,0.20902280242919918,2026-08-11 15:55:37+00:00,765.1599731445312,0.037720000743865965
2026-09-03 03:42:14.451510,2027-03-31,0.5744630120652587,P,664.0,11.88,11.94,16.9,28.0,15.0,0.21248651290893555,2026-07-01 15:28:09+00:00,765.1599731445312,0.037720000743865965
2026-09-03 03:42:14.451510,2027-03-31,0.5744630120652587,P,665.0,9.22,11.32,10.62,3.0,27.0,0.2067797828674316,2026-09-02 15:01:45+00:00,765.1599731445312,0.037720000743865965
2026-09-03 03:42:14.451510,2027-03-31,0.5744630120652587,P,666.0,9.2,11.54,10.93,5.0,64.0,0.20685607604980466,2026-09-01 14:14:52+00:00,765.1599731445312,0.037720000743865965
2026-09-03 03:42:14.451510,2027-03-31,0.5744630120652587,P,667.0,12.22,12.28,17.0,1.0,2.0,0.21042659698486327,2026-07-06 14:24:07+00:00,765.1599731445312,0.037720000743865965
2026-09-03 03:42:14.451510,2027-03-31,0.5744630120652587,P,668.0,12.33,12.4,21.66,1.0,18.0,0.20977047561645507,2026-06-24 18:20:19+00:00,765.1599731445312,0.037720000743865965
2026-09-03 03:42:14.451510,2027-03-31,0.5744630120652587,P,669.0,9.49,11.86,16.21,1.0,2.0,0.20468934967041014,2026-07-31 20:02:50+00:00,765.1599731445312,0.037720000743865965
2026-09-03 03:42:14.451510,2027-03-31,0.5744630120652587,P,670.0,9.71,11.85,11.25,1.0,216.0,0.2031711153411865,2026-09-01 14:57:36+00:00,765.1599731445312,0.037720000743865965
2026-09-03 03:42:14.451510,2027-03-31,0.5744630120652587,P,671.0,9.69,12.08,11.12,2.0,105.0,0.20325503784179685,2026-08-27 19:48:14+00:00,765.1599731445312,0.037720000743865965
2026-09-03 03:42:14.451510,2027-03-31,0.5744630120652587,P,672.0,12.81,12.87,18.23,166.0,176.0,0.2069781451416015,2026-07-07 18:58:57+00:00,765.1599731445312,0.037720000743865965
2026-09-03 03:42:14.451510,2027-03-31,0.5744630120652587,P,673.0,9.89,12.31,12.6,1.0,14.0,0.2018512432861328,2026-08-17 15:26:11+00:00,765.1599731445312,0.037720000743865965
2026-09-03 03:42:14.451510,2027-03-31,0.5744630120652587,P,674.0,10.0,12.42,12.0,1.0,13.0,0.20110357009887692,2026-09-01 16:50:56+00:00,765.1599731445312,0.037720000743865965
2026-09-03 03:42:14.451510,2027-03-31,0.5744630120652587,P,675.0,10.24,12.4,11.71,3.0,722.0,0.19950904258728028,2026-09-02 15:01:45+00:00,765.1599731445312,0.037720000743865965
2026-09-03 03:42:14.451510,2027-03-31,0.5744630120652587,P,676.0,10.21,12.66,12.46,1.0,19.0,0.1997150341796875,2026-09-01 19:52:42+00:00,765.1599731445312,0.037720000743865965
2026-09-03 03:42:14.451510,2027-03-31,0.5744630120652587,P,677.0,10.46,12.64,11.72,2.0,18.0,0.1981128773498535,2026-09-02 17:10:50+00:00,765.1599731445312,0.037720000743865965
2026-09-03 03:42:14.451510,2027-03-31,0.5744630120652587,P,678.0,10.57,12.76,11.82,2.0,23.0,0.19741098007202146,2026-09-02 17:10:50+00:00,765.1599731445312,0.037720000743865965
2026-09-03 03:42:14.451510,2027-03-31,0.5744630120652587,P,679.0,13.68,13.75,18.22,2.0,13.0,0.20215641601562498,2026-07-16 15:13:51+00:00,765.1599731445312,0.037720000743865965
2026-09-03 03:42:14.451510,2027-03-31,0.5744630120652587,P,680.0,10.81,13.0,12.74,2.0,618.0,0.1959690389251709,2026-09-01 14:03:27+00:00,765.1599731445312,0.037720000743865965
2026-09-03 03:42:14.451510,2027-03-31,0.5744630120652587,P,685.0,11.4,13.62,14.5,1.0,495.0,0.1923451127624512,2026-08-19 14:17:50+00:00,765.1599731445312,0.037720000743865965
2026-09-03 03:42:14.451510,2027-03-31,0.5744630120652587,P,690.0,12.03,14.29,13.2,1.0,995.0,0.1887974797821045,2026-09-02 18:52:49+00:00,765.1599731445312,0.037720000743865965
2026-09-03 03:42:14.451510,2027-03-31,0.5744630120652587,P,695.0,12.7,14.99,13.8,1.0,444.0,0.18520407089233393,2026-09-02 18:06:13+00:00,765.1599731445312,0.037720000743865965
2026-09-03 03:42:14.451510,2027-03-31,0.5744630120652587,P,700.0,13.41,15.76,14.6,23.0,5366.0,0.18175561904907228,2026-09-02 18:52:49+00:00,765.1599731445312,0.037720000743865965
2026-09-03 03:42:14.451510,2027-03-31,0.5744630120652587,P,705.0,13.99,16.73,15.68,3.0,122.0,0.17914639221191403,2026-08-27 19:20:46+00:00,765.1599731445312,0.037720000743865965
2026-09-03 03:42:14.451510,2027-03-31,0.5744630120652587,P,710.0,14.96,17.37,16.14,3.0,1538.0,0.17449250808715822,2026-08-31 19:51:55+00:00,765.1599731445312,0.037720000743865965
2026-09-03 03:42:14.451510,2027-03-31,0.5744630120652587,P,715.0,15.79,18.47,18.98,4.0,468.0,0.171982462387085,2026-08-21 15:46:08+00:00,765.1599731445312,0.037720000743865965
2026-09-03 03:42:14.451510,2027-03-31,0.5744630120652587,P,720.0,16.57,19.35,17.95,14.0,1223.0,0.16803810485839848,2026-09-02 19:51:19+00:00,765.1599731445312,0.037720000743865965
2026-09-03 03:42:14.451510,2027-03-31,0.5744630120652587,P,725.0,18.5,20.48,18.75,2.0,669.0,0.1650321534729004,2026-09-02 18:18:47+00:00,765.1599731445312,0.037720000743865965
2026-09-03 03:42:14.451510,2027-03-31,0.5744630120652587,P,730.0,18.7,21.32,19.76,155.0,1547.0,0.16030197616577146,2026-09-02 17:57:47+00:00,765.1599731445312,0.037720000743865965
2026-09-03 03:42:14.451510,2027-03-31,0.5744630120652587,P,735.0,19.81,22.45,21.34,10.0,745.0,0.15663990341186523,2026-09-02 14:47:21+00:00,765.1599731445312,0.037720000743865965
2026-09-03 03:42:14.451510,2027-03-31,0.5744630120652587,P,740.0,20.98,23.74,22.25,4.0,1656.0,0.15336692588806153,2026-09-02 18:27:55+00:00,765.1599731445312,0.037720000743865965
2026-09-03 03:42:14.451510,2027-03-31,0.5744630120652587,P,745.0,22.24,24.99,24.39,60.0,239.0,0.1495293788146973,2026-09-01 14:56:40+00:00,765.1599731445312,0.037720000743865965
2026-09-03 03:42:14.451510,2027-03-31,0.5744630120652587,P,750.0,24.3,26.74,24.7,5.0,909.0,0.14752286811828616,2026-09-02 18:18:51+00:00,765.1599731445312,0.037720000743865965
2026-09-03 03:42:14.451510,2027-03-31,0.5744630120652587,P,755.0,25.02,27.88,26.67,1.0,341.0,0.14237307830810547,2026-09-02 15:35:39+00:00,765.1599731445312,0.037720000743865965
2026-09-03 03:42:14.451510,2027-03-31,0.5744630120652587,P,760.0,26.56,29.51,28.45,2.0,467.0,0.13893225578308108,2026-09-02 17:35:12+00:00,765.1599731445312,0.037720000743865965
2026-09-03 03:42:14.451510,2027-03-31,0.5744630120652587,P,765.0,28.22,30.98,30.12,61.0,203.0,0.13431651824951174,2026-09-02 16:27:25+00:00,765.1599731445312,0.037720000743865965
2026-09-03 03:42:14.451510,2027-03-31,0.5744630120652587,P,770.0,29.99,33.2,32.63,9.0,211.0,0.1324168180084229,2026-09-01 16:16:31+00:00,765.1599731445312,0.037720000743865965
2026-09-03 03:42:14.451510,2027-03-31,0.5744630120652587,P,775.0,31.91,35.19,35.98,16.0,214.0,0.12896073684692383,2026-09-01 19:45:08+00:00,765.1599731445312,0.037720000743865965
2026-09-03 03:42:14.451510,2027-03-31,0.5744630120652587,P,780.0,34.1,37.55,35.68,5.0,811.0,0.12651935501098632,2026-09-02 18:05:01+00:00,765.1599731445312,0.037720000743865965
2026-09-03 03:42:14.451510,2027-03-31,0.5744630120652587,P,785.0,36.47,39.64,37.1,15.0,21.0,0.12225456611633304,2026-08-28 16:17:16+00:00,765.1599731445312,0.037720000743865965
2026-09-03 03:42:14.451510,2027-03-31,0.5744630120652587,P,790.0,39.02,42.12,42.71,1.0,142.0,0.11901973518371581,2026-08-25 18:28:16+00:00,765.1599731445312,0.037720000743865965
2026-09-03 03:42:14.451510,2027-03-31,0.5744630120652587,P,795.0,41.64,44.86,43.2,1.0,13.0,0.11624266334533692,2026-08-12 14:00:03+00:00,765.1599731445312,0.037720000743865965
2026-09-03 03:42:14.451510,2027-03-31,0.5744630120652587,P,800.0,43.78,47.66,46.0,8.0,159.0,0.11296968582153322,2026-09-02 18:40:11+00:00,765.1599731445312,0.037720000743865965
2026-09-03 03:42:14.451510,2027-03-31,0.5744630120652587,P,805.0,46.79,50.67,49.21,1.0,103.0,0.1098645532989502,2026-08-19 17:36:56+00:00,765.1599731445312,0.037720000743865965
2026-09-03 03:42:14.451510,2027-03-31,0.5744630120652587,P,810.0,50.5,53.88,48.67,3.0,119.0,0.10687386054992676,2026-08-14 14:48:21+00:00,765.1599731445312,0.037720000743865965
2026-09-03 03:42:14.451510,2027-03-31,0.5744630120652587,P,815.0,53.43,57.31,53.58,1.0,14.0,0.10411967666625974,2026-08-27 15:41:51+00:00,765.1599731445312,0.037720000743865965
2026-09-03 03:42:14.451510,2027-03-31,0.5744630120652587,P,820.0,58.0,60.97,57.76,1.0,115.0,0.1017240707397461,2026-08-31 13:30:15+00:00,765.1599731445312,0.037720000743865965
2026-09-03 03:42:14.451510,2027-03-31,0.5744630120652587,P,830.0,65.16,68.29,63.18,2.0,0.0,0.09319449295043947,2026-08-12 18:24:38+00:00,765.1599731445312,0.037720000743865965
2026-09-03 03:42:14.451510,2027-03-31,0.5744630120652587,P,835.0,71.83,75.39,90.33,4.0,0.0,0.11362580718994139,2026-07-02 16:01:18+00:00,765.1599731445312,0.037720000743865965
2026-09-03 03:42:14.451510,2027-03-31,0.5744630120652587,P,840.0,76.11,79.57,93.15,4.0,0.0,0.1126492544555664,2026-07-07 16:04:14+00:00,765.1599731445312,0.037720000743865965
2026-09-03 03:42:14.451510,2027-03-31,0.5744630120652587,P,845.0,78.54,82.42,78.2,2.0,1.0,0.09900803344726564,2026-08-18 16:00:19+00:00,765.1599731445312,0.037720000743865965
2026-09-03 03:42:14.451510,2027-03-31,0.5744630120652587,P,850.0,83.4,87.14,78.58,2.0,3.0,0.10036605209350585,2026-08-17 19:19:36+00:00,765.1599731445312,0.037720000743865965
2026-09-03 03:42:14.451510,2027-03-31,0.5744630120652587,P,855.0,88.2,91.97,91.33,2.0,0.0,0.10260907165527343,2026-08-24 15:40:44+00:00,765.1599731445312,0.037720000743865965
2026-09-03 03:42:14.451510,2027-03-31,0.5744630120652587,P,860.0,93.2,96.79,96.39,1.0,0.0,0.10448588394165037,2026-08-20 18:37:17+00:00,765.1599731445312,0.037720000743865965
2026-09-03 03:42:14.451510,2027-03-31,0.5744630120652587,P,865.0,124.25,127.56,114.09,,0.0,0.26843993286132806,2026-06-22 13:58:08+00:00,765.1599731445312,0.037720000743865965
2026-09-03 03:42:14.451510,2027-03-31,0.5744630120652587,P,870.0,103.0,106.75,96.64,2.0,0.0,0.11173373626708984,2026-08-17 19:39:55+00:00,765.1599731445312,0.037720000743865965
2026-09-03 03:42:14.451510,2027-03-31,0.5744630120652587,P,895.0,129.61,132.8,158.52,1.0,0.0,0.1433801483154297,2026-07-23 19:54:31+00:00,765.1599731445312,0.037720000743865965
2026-09-03 03:42:14.451510,2027-03-31,0.5744630120652587,P,900.0,132.89,137.0,138.36,1.0,1.0,0.13727669372558599,2026-09-01 13:49:06+00:00,765.1599731445312,0.037720000743865965
2026-09-03 03:42:14.451510,2027-03-31,0.5744630120652587,P,905.0,139.61,142.81,154.93,,0.0,0.15100946655273442,2026-07-16 20:09:35+00:00,765.1599731445312,0.037720000743865965
2026-09-03 03:42:14.451510,2027-03-31,0.5744630120652587,P,975.0,234.31,237.65,229.78,1.0,0.0,0.3810791873168945,2026-06-18 14:00:19+00:00,765.1599731445312,0.037720000743865965
2026-09-03 03:42:14.451510,2027-09-17,1.040216436722793,C,50.0,711.5,716.0,696.78,1.0,0.0,1.1826212744140623,2026-07-07 14:48:32+00:00,765.1599731445312,0.037720000743865965
2026-09-03 03:42:14.451510,2027-09-17,1.040216436722793,C,55.0,706.5,711.32,689.94,1.0,0.0,1.1909220141601562,2026-07-08 13:37:53+00:00,765.1599731445312,0.037720000743865965
2026-09-03 03:42:14.451510,2027-09-17,1.040216436722793,C,60.0,0.0,0.0,697.3,1.0,0.0,1.0000000000000003e-05,2026-06-02 13:40:34+00:00,765.1599731445312,0.037720000743865965
2026-09-03 03:42:14.451510,2027-09-17,1.040216436722793,C,70.0,0.0,0.0,686.28,1.0,0.0,1.0000000000000003e-05,2026-06-03 13:59:33+00:00,765.1599731445312,0.037720000743865965
2026-09-03 03:42:14.451510,2027-09-17,1.040216436722793,C,80.0,0.0,0.0,679.01,1.0,0.0,1.0000000000000003e-05,2026-06-02 13:58:28+00:00,765.1599731445312,0.037720000743865965
2026-09-03 03:42:14.451510,2027-09-17,1.040216436722793,C,85.0,0.0,0.0,670.27,1.0,0.0,1.0000000000000003e-05,2026-06-03 15:48:41+00:00,765.1599731445312,0.037720000743865965
2026-09-03 03:42:14.451510,2027-09-17,1.040216436722793,C,125.0,626.0,630.83,615.0,1.0,1.0,1.0000000000000003e-05,2026-05-15 13:33:27+00:00,765.1599731445312,0.037720000743865965
2026-09-03 03:42:14.451510,2027-09-17,1.040216436722793,C,135.0,619.0,623.23,608.0,2.0,4.0,1.0000000000000003e-05,2026-06-08 13:34:16+00:00,765.1599731445312,0.037720000743865965
2026-09-03 03:42:14.451510,2027-09-17,1.040216436722793,C,140.0,0.0,0.0,602.5,1.0,0.0,1.0000000000000003e-05,2026-06-05 18:15:32+00:00,765.1599731445312,0.037720000743865965
2026-09-03 03:42:14.451510,2027-09-17,1.040216436722793,C,165.0,0.0,0.0,579.0,2.0,0.0,1.0000000000000003e-05,2026-06-05 18:15:34+00:00,765.1599731445312,0.037720000743865965
2026-09-03 03:42:14.451510,2027-09-17,1.040216436722793,C,175.0,0.0,0.0,578.5,1.0,0.0,1.0000000000000003e-05,2026-06-05 13:42:04+00:00,765.1599731445312,0.037720000743865965
2026-09-03 03:42:14.451510,2027-09-17,1.040216436722793,C,180.0,0.0,0.0,566.0,1.0,0.0,1.0000000000000003e-05,2026-06-05 18:12:05+00:00,765.1599731445312,0.037720000743865965
2026-09-03 03:42:14.451510,2027-09-17,1.040216436722793,C,185.0,571.5,576.02,561.0,1.0,1.0,1.0000000000000003e-05,2026-06-08 13:34:18+00:00,765.1599731445312,0.037720000743865965
2026-09-03 03:42:14.451510,2027-09-17,1.040216436722793,C,190.0,567.0,571.32,547.0,,1.0,1.0000000000000003e-05,2026-06-09 15:26:30+00:00,765.1599731445312,0.037720000743865965
2026-09-03 03:42:14.451510,2027-09-17,1.040216436722793,C,200.0,542.5,546.67,551.29,,0.0,1.0000000000000003e-05,2026-06-22 18:47:00+00:00,765.1599731445312,0.037720000743865965
2026-09-03 03:42:14.451510,2027-09-17,1.040216436722793,C,210.0,548.0,552.52,537.0,1.0,1.0,1.0000000000000003e-05,2026-06-08 13:35:12+00:00,765.1599731445312,0.037720000743865965
2026-09-03 03:42:14.451510,2027-09-17,1.040216436722793,C,215.0,0.0,0.0,441.0,,0.0,1.0000000000000003e-05,2026-03-26 20:14:24+00:00,765.1599731445312,0.037720000743865965
2026-09-03 03:42:14.451510,2027-09-17,1.040216436722793,C,235.0,532.5,537.5,542.64,,2.0,0.6718172467041017,2026-08-05 18:00:19+00:00,765.1599731445312,0.037720000743865965
2026-09-03 03:42:14.451510,2027-09-17,1.040216436722793,C,240.0,528.0,533.0,537.93,1.0,0.0,0.6735262139892579,2026-08-05 17:59:17+00:00,765.1599731445312,0.037720000743865965
2026-09-03 03:42:14.451510,2027-09-17,1.040216436722793,C,245.0,523.0,528.0,533.18,1.0,1.0,0.6623568920898439,2026-08-05 18:00:19+00:00,765.1599731445312,0.037720000743865965
2026-09-03 03:42:14.451510,2027-09-17,1.040216436722793,C,260.0,486.0,490.48,488.59,,0.0,1.0000000000000003e-05,2026-06-23 14:35:14+00:00,765.1599731445312,0.037720000743865965
2026-09-03 03:42:14.451510,2027-09-17,1.040216436722793,C,300.0,471.5,476.5,474.0,20.0,20.0,0.6175270181274416,2026-09-02 14:27:17+00:00,765.1599731445312,0.037720000743865965
2026-09-03 03:42:14.451510,2027-09-17,1.040216436722793,C,320.0,430.0,434.54,439.73,,1.0,1.0000000000000003e-05,2026-06-22 18:42:40+00:00,765.1599731445312,0.037720000743865965
2026-09-03 03:42:14.451510,2027-09-17,1.040216436722793,C,325.0,446.87,451.5,425.13,,0.0,0.5732464550781251,2026-06-25 15:56:26+00:00,765.1599731445312,0.037720000743865965
2026-09-03 03:42:14.451510,2027-09-17,1.040216436722793,C,340.0,432.8,437.5,411.26,,0.0,0.5602460968017577,2026-06-25 15:56:15+00:00,765.1599731445312,0.037720000743865965
2026-09-03 03:42:14.451510,2027-09-17,1.040216436722793,C,345.0,428.12,432.5,405.43,2.0,0.0,0.5536238485717774,2026-06-26 16:32:20+00:00,765.1599731445312,0.037720000743865965
2026-09-03 03:42:14.451510,2027-09-17,1.040216436722793,C,350.0,423.5,428.0,404.7,2.0,0.0,0.5507552249145509,2026-06-29 16:52:15+00:00,765.1599731445312,0.037720000743865965
2026-09-03 03:42:14.451510,2027-09-17,1.040216436722793,C,355.0,397.5,402.06,406.67,,0.0,1.0000000000000003e-05,2026-06-22 19:17:50+00:00,765.1599731445312,0.037720000743865965
2026-09-03 03:42:14.451510,2027-09-17,1.040216436722793,C,365.0,388.5,392.8,397.4,,320.0,1.0000000000000003e-05,2026-06-22 19:17:55+00:00,765.1599731445312,0.037720000743865965
2026-09-03 03:42:14.451510,2027-09-17,1.040216436722793,C,370.0,404.73,409.5,386.16,,0.0,0.5334214138793946,2026-06-29 16:52:20+00:00,765.1599731445312,0.037720000743865965
2026-09-03 03:42:14.451510,2027-09-17,1.040216436722793,C,375.0,401.0,406.0,415.86,1.0,0.0,0.5406387489318849,2026-08-13 17:09:36+00:00,765.1599731445312,0.037720000743865965
2026-09-03 03:42:14.451510,2027-09-17,1.040216436722793,C,380.0,373.23,377.5,313.96,1.0,0.0,1.0000000000000003e-05,2026-04-08 13:55:22+00:00,765.1599731445312,0.037720000743865965
2026-09-03 03:42:14.451510,2027-09-17,1.040216436722793,C,385.0,391.5,396.5,399.0,15.0,79.0,0.5291795129394532,2026-08-28 19:40:02+00:00,765.1599731445312,0.037720000743865965
2026-09-03 03:42:14.451510,2027-09-17,1.040216436722793,C,390.0,387.0,392.0,372.5,1.0,0.0,0.5260667510986328,2026-07-27 13:38:04+00:00,765.1599731445312,0.037720000743865965
2026-09-03 03:42:14.451510,2027-09-17,1.040216436722793,C,400.0,377.5,382.5,380.56,1.0,6.0,0.514653291015625,2026-09-02 15:16:57+00:00,765.1599731445312,0.037720000743865965
2026-09-03 03:42:14.451510,2027-09-17,1.040216436722793,C,405.0,0.0,0.0,369.87,,0.0,1.0000000000000003e-05,2026-06-04 15:30:45+00:00,765.1599731445312,0.037720000743865965
2026-09-03 03:42:14.451510,2027-09-17,1.040216436722793,C,410.0,347.0,351.49,330.0,,1.0,1.0000000000000003e-05,2026-05-04 19:47:51+00:00,765.1599731445312,0.037720000743865965
2026-09-03 03:42:14.451510,2027-09-17,1.040216436722793,C,415.0,362.79,367.5,341.78,,1.0,0.5136157037353515,2026-06-29 14:27:16+00:00,765.1599731445312,0.037720000743865965
2026-09-03 03:42:14.451510,2027-09-17,1.040216436722793,C,440.0,319.5,323.93,329.3,,0.0,1.0000000000000003e-05,2026-06-22 18:45:46+00:00,765.1599731445312,0.037720000743865965
2026-09-03 03:42:14.451510,2027-09-17,1.040216436722793,C,445.0,335.5,340.5,346.62,1.0,2.0,0.4904836108398438,2026-08-05 19:31:28+00:00,765.1599731445312,0.037720000743865965
2026-09-03 03:42:14.451510,2027-09-17,1.040216436722793,C,450.0,331.02,336.0,341.98,42.0,47.0,0.4864553308105469,2026-08-04 17:34:52+00:00,765.1599731445312,0.037720000743865965
2026-09-03 03:42:14.451510,2027-09-17,1.040216436722793,C,460.0,322.0,327.0,328.5,21.0,22.0,0.47829196029663085,2026-08-21 16:39:35+00:00,765.1599731445312,0.037720000743865965
2026-09-03 03:42:14.451510,2027-09-17,1.040216436722793,C,470.0,312.52,317.5,293.92,,4.0,0.4664207411193848,2026-07-29 13:30:15+00:00,765.1599731445312,0.037720000743865965
2026-09-03 03:42:14.451510,2027-09-17,1.040216436722793,C,475.0,308.0,313.0,287.99,2.0,4.0,0.46227039199829106,2026-07-30 15:35:17+00:00,765.1599731445312,0.037720000743865965
2026-09-03 03:42:14.451510,2027-09-17,1.040216436722793,C,480.0,283.0,287.79,293.78,,0.0,0.26093268371582035,2026-06-22 18:39:14+00:00,765.1599731445312,0.037720000743865965
2026-09-03 03:42:14.451510,2027-09-17,1.040216436722793,C,485.0,298.25,303.0,281.0,1.0,3.0,0.4471033073425293,2026-07-23 16:30:05+00:00,765.1599731445312,0.037720000743865965
2026-09-03 03:42:14.451510,2027-09-17,1.040216436722793,C,490.0,274.0,278.84,284.39,2.0,2.0,0.2684704501342773,2026-06-22 18:45:42+00:00,765.1599731445312,0.037720000743865965
2026-09-03 03:42:14.451510,2027-09-17,1.040216436722793,C,495.0,289.52,294.5,295.46,6.0,0.0,0.4421061038970948,2026-08-20 13:43:41+00:00,765.1599731445312,0.037720000743865965
2026-09-03 03:42:14.451510,2027-09-17,1.040216436722793,C,500.0,285.0,290.0,289.05,6.0,42.0,0.437856573638916,2026-08-31 13:42:50+00:00,765.1599731445312,0.037720000743865965
2026-09-03 03:42:14.451510,2027-09-17,1.040216436722793,C,505.0,280.5,285.5,279.0,7.0,7.0,0.4335841554260254,2026-09-01 19:29:48+00:00,765.1599731445312,0.037720000743865965
2026-09-03 03:42:14.451510,2027-09-17,1.040216436722793,C,510.0,276.0,281.0,285.18,1.0,10.0,0.429265961303711,2026-08-28 13:30:00+00:00,765.1599731445312,0.037720000743865965
2026-09-03 03:42:14.451510,2027-09-17,1.040216436722793,C,515.0,271.5,276.5,277.5,1.0,8.0,0.4249325085449219,2026-08-18 19:37:09+00:00,765.1599731445312,0.037720000743865965
2026-09-03 03:42:14.451510,2027-09-17,1.040216436722793,C,520.0,266.7,271.5,275.01,1.0,4.0,0.4175778457641601,2026-08-28 14:13:04+00:00,765.1599731445312,0.037720000743865965
2026-09-03 03:42:14.451510,2027-09-17,1.040216436722793,C,525.0,262.16,267.0,267.36,1.0,6.0,0.41322913436889647,2026-08-31 13:30:41+00:00,765.1599731445312,0.037720000743865965
2026-09-03 03:42:14.451510,2027-09-17,1.040216436722793,C,530.0,257.51,262.5,248.65,1.0,6.0,0.4088651643371582,2026-07-07 15:57:26+00:00,765.1599731445312,0.037720000743865965
2026-09-03 03:42:14.451510,2027-09-17,1.040216436722793,C,535.0,253.11,258.0,265.59,1.0,4.0,0.40446304771423336,2026-08-10 13:53:37+00:00,765.1599731445312,0.037720000743865965
2026-09-03 03:42:14.451510,2027-09-17,1.040216436722793,C,540.0,248.61,253.5,262.0,1.0,12.0,0.40003804313659674,2026-08-11 14:13:03+00:00,765.1599731445312,0.037720000743865965
2026-09-03 03:42:14.451510,2027-09-17,1.040216436722793,C,545.0,244.11,249.0,247.23,1.0,2.0,0.3955901506042481,2026-08-25 19:25:19+00:00,765.1599731445312,0.037720000743865965
2026-09-03 03:42:14.451510,2027-09-17,1.040216436722793,C,550.0,239.62,244.5,241.36,3.0,19.0,0.39111174079895017,2026-09-01 14:47:20+00:00,765.1599731445312,0.037720000743865965
2026-09-03 03:42:14.451510,2027-09-17,1.040216436722793,C,555.0,235.14,240.0,247.0,10.0,4.0,0.38660281372070304,2026-08-05 19:39:06+00:00,765.1599731445312,0.037720000743865965
2026-09-03 03:42:14.451510,2027-09-17,1.040216436722793,C,560.0,230.68,235.5,242.0,10.0,17.0,0.38207862800598136,2026-08-05 19:42:48+00:00,765.1599731445312,0.037720000743865965
2026-09-03 03:42:14.451510,2027-09-17,1.040216436722793,C,565.0,226.23,231.0,235.74,1.0,7.0,0.3775239250183105,2026-08-28 13:30:00+00:00,765.1599731445312,0.037720000743865965
2026-09-03 03:42:14.451510,2027-09-17,1.040216436722793,C,570.0,222.0,226.77,225.81,1.0,11.0,0.3743196113586425,2026-08-25 19:25:19+00:00,765.1599731445312,0.037720000743865965
2026-09-03 03:42:14.451510,2027-09-17,1.040216436722793,C,575.0,217.5,222.34,229.17,8.0,20.0,0.3700471931457519,2026-08-06 14:09:51+00:00,765.1599731445312,0.037720000743865965
2026-09-03 03:42:14.451510,2027-09-17,1.040216436722793,C,580.0,213.0,217.93,221.0,1.0,8.0,0.36583580947875977,2026-08-27 19:51:19+00:00,765.1599731445312,0.037720000743865965
2026-09-03 03:42:14.451510,2027-09-17,1.040216436722793,C,585.0,208.51,213.5,220.59,2.0,5.0,0.3614870980834961,2026-08-07 16:35:31+00:00,765.1599731445312,0.037720000743865965
2026-09-03 03:42:14.451510,2027-09-17,1.040216436722793,C,590.0,204.01,209.0,204.05,1.0,16.0,0.3567645500946044,2026-09-02 13:32:44+00:00,765.1599731445312,0.037720000743865965
2026-09-03 03:42:14.451510,2027-09-17,1.040216436722793,C,595.0,200.0,204.78,214.96,1.0,28.0,0.35333898620605464,2026-08-14 18:18:34+00:00,765.1599731445312,0.037720000743865965
2026-09-03 03:42:14.451510,2027-09-17,1.040216436722793,C,600.0,195.5,200.45,198.0,1.0,188.0,0.349341223449707,2026-09-02 19:46:53+00:00,765.1599731445312,0.037720000743865965
2026-09-03 03:42:14.451510,2027-09-17,1.040216436722793,C,605.0,191.11,196.0,190.8,8.0,409.0,0.3447407445526123,2026-09-01 18:23:09+00:00,765.1599731445312,0.037720000743865965
2026-09-03 03:42:14.451510,2027-09-17,1.040216436722793,C,610.0,187.0,191.78,186.0,2.0,139.0,0.3411473356628418,2026-09-01 18:28:08+00:00,765.1599731445312,0.037720000743865965
2026-09-03 03:42:14.451510,2027-09-17,1.040216436722793,C,615.0,182.58,187.49,192.08,1.0,27.0,0.3371800901794434,2026-08-28 13:30:00+00:00,765.1599731445312,0.037720000743865965
2026-09-03 03:42:14.451510,2027-09-17,1.040216436722793,C,620.0,178.33,183.0,188.86,1.0,55.0,0.33228206787109377,2026-08-28 15:49:06+00:00,765.1599731445312,0.037720000743865965
2026-09-03 03:42:14.451510,2027-09-17,1.040216436722793,C,625.0,174.0,179.0,176.08,14.0,24.0,0.32946684944152826,2026-08-24 15:20:35+00:00,765.1599731445312,0.037720000743865965
2026-09-03 03:42:14.451510,2027-09-17,1.040216436722793,C,630.0,169.5,174.5,177.23,3.0,44.0,0.3244391287231445,2026-08-28 17:39:44+00:00,765.1599731445312,0.037720000743865965
2026-09-03 03:42:14.451510,2027-09-17,1.040216436722793,C,635.0,165.5,170.25,169.98,10.0,607.0,0.32043373664855956,2026-08-31 13:34:25+00:00,765.1599731445312,0.037720000743865965
2026-09-03 03:42:14.451510,2027-09-17,1.040216436722793,C,640.0,161.61,166.2,163.36,2.0,189.0,0.31719890571594234,2026-09-02 19:08:33+00:00,765.1599731445312,0.037720000743865965
2026-09-03 03:42:14.451510,2027-09-17,1.040216436722793,C,645.0,157.41,161.99,164.0,2.0,35.0,0.3132240309143066,2026-08-27 13:49:11+00:00,765.1599731445312,0.037720000743865965
2026-09-03 03:42:14.451510,2027-09-17,1.040216436722793,C,650.0,153.0,157.99,155.03,8.0,250.0,0.31004260520935056,2026-09-02 19:57:24+00:00,765.1599731445312,0.037720000743865965
2026-09-03 03:42:14.451510,2027-09-17,1.040216436722793,C,655.0,149.27,153.8,153.03,1.0,430.0,0.30601432518005367,2026-08-31 15:49:15+00:00,765.1599731445312,0.037720000743865965
2026-09-03 03:42:14.451510,2027-09-17,1.040216436722793,C,660.0,144.71,149.5,146.72,1.0,51.0,0.3014825101470948,2026-08-31 15:51:45+00:00,765.1599731445312,0.037720000743865965
2026-09-03 03:42:14.451510,2027-09-17,1.040216436722793,C,665.0,141.1,145.5,140.69,1.0,119.0,0.2980722048950195,2026-09-01 17:06:18+00:00,765.1599731445312,0.037720000743865965
2026-09-03 03:42:14.451510,2027-09-17,1.040216436722793,C,670.0,137.1,141.48,137.59,3.0,184.0,0.2944940546417236,2026-09-02 19:10:57+00:00,765.1599731445312,0.037720000743865965
2026-09-03 03:42:14.451510,2027-09-17,1.040216436722793,C,675.0,133.12,137.46,140.9,1.0,121.0,0.29083198188781734,2026-08-28 19:50:12+00:00,765.1599731445312,0.037720000743865965
2026-09-03 03:42:14.451510,2027-09-17,1.040216436722793,C,680.0,128.5,133.5,131.49,11.0,1428.0,0.2873072368621825,2026-09-02 18:18:47+00:00,765.1599731445312,0.037720000743865965
2026-09-03 03:42:14.451510,2027-09-17,1.040216436722793,C,685.0,125.0,129.5,125.0,1.0,177.0,0.28355361228942866,2026-09-01 18:02:29+00:00,765.1599731445312,0.037720000743865965
2026-09-03 03:42:14.451510,2027-09-17,1.040216436722793,C,690.0,120.5,125.5,128.44,1.0,182.0,0.279708435897827,2026-08-28 18:39:11+00:00,765.1599731445312,0.037720000743865965
2026-09-03 03:42:14.451510,2027-09-17,1.040216436722793,C,695.0,116.5,121.5,117.3,1.0,106.0,0.2757793370056152,2026-09-02 13:32:30+00:00,765.1599731445312,0.037720000743865965
2026-09-03 03:42:14.451510,2027-09-17,1.040216436722793,C,700.0,113.0,118.0,114.0,1.0,235.0,0.27355157608032227,2026-09-01 13:30:04+00:00,765.1599731445312,0.037720000743865965
2026-09-03 03:42:14.451510,2027-09-17,1.040216436722793,C,705.0,109.0,114.0,112.03,4.0,138.0,0.26942411491394036,2026-09-02 15:45:33+00:00,765.1599731445312,0.037720000743865965
2026-09-03 03:42:14.451510,2027-09-17,1.040216436722793,C,710.0,105.08,110.0,118.21,2.0,648.0,0.2652127312469482,2026-08-28 15:05:39+00:00,765.1599731445312,0.037720000743865965
2026-09-03 03:42:14.451510,2027-09-17,1.040216436722793,C,715.0,101.5,106.47,104.48,4.0,71.0,0.26253102588653565,2026-09-02 15:45:33+00:00,765.1599731445312,0.037720000743865965
2026-09-03 03:42:14.451510,2027-09-17,1.040216436722793,C,720.0,98.0,102.85,100.28,1.0,88.0,0.2594182640457154,2026-09-02 14:53:54+00:00,765.1599731445312,0.037720000743865965
2026-09-03 03:42:14.451510,2027-09-17,1.040216436722793,C,725.0,94.0,99.0,100.5,1.0,64.0,0.2554014279937745,2026-08-27 16:10:33+00:00,765.1599731445312,0.037720000743865965
2026-09-03 03:42:14.451510,2027-09-17,1.040216436722793,C,730.0,91.04,95.5,90.54,1.0,150.0,0.2524603258132935,2026-09-01 19:42:49+00:00,765.1599731445312,0.037720000743865965
2026-09-03 03:42:14.451510,2027-09-17,1.040216436722793,C,735.0,87.46,91.93,91.9,1.0,206.0,0.24915301635742187,2026-08-31 13:44:32+00:00,765.1599731445312,0.037720000743865965
2026-09-03 03:42:14.451510,2027-09-17,1.040216436722793,C,740.0,83.5,88.42,86.0,1.0,353.0,0.2459181854248047,2026-09-01 15:19:12+00:00,765.1599731445312,0.037720000743865965
2026-09-03 03:42:14.451510,2027-09-17,1.040216436722793,C,745.0,80.0,84.6,80.0,1.0,242.0,0.2415313274383545,2026-09-01 18:31:36+00:00,765.1599731445312,0.037720000743865965
2026-09-03 03:42:14.451510,2027-09-17,1.040216436722793,C,750.0,76.5,81.41,78.29,41.0,505.0,0.23908231628417967,2026-09-02 14:18:37+00:00,765.1599731445312,0.037720000743865965
2026-09-03 03:42:14.451510,2027-09-17,1.040216436722793,C,755.0,73.0,78.0,73.49,4.0,183.0,0.2357711921691894,2026-09-01 19:48:42+00:00,765.1599731445312,0.037720000743865965
2026-09-03 03:42:14.451510,2027-09-17,1.040216436722793,C,760.0,69.6,74.5,74.46,9.0,604.0,0.23201756759643555,2026-09-02 16:50:10+00:00,765.1599731445312,0.037720000743865965
2026-09-03 03:42:14.451510,2027-09-17,1.040216436722793,C,765.0,66.5,71.13,68.26,44.0,1054.0,0.22853859848022462,2026-09-02 19:51:19+00:00,765.1599731445312,0.037720000743865965
2026-09-03 03:42:14.451510,2027-09-17,1.040216436722793,C,770.0,63.59,65.7,64.2,1.0,1580.0,0.21826953613281247,2026-09-02 13:39:38+00:00,765.1599731445312,0.037720000743865965
2026-09-03 03:42:14.451510,2027-09-17,1.040216436722793,C,775.0,60.43,64.33,62.52,2.0,822.0,0.2209169095611572,2026-09-02 18:33:50+00:00,765.1599731445312,0.037720000743865965
2026-09-03 03:42:14.451510,2027-09-17,1.040216436722793,C,780.0,57.34,61.23,59.46,3.0,390.0,0.2178270356750488,2026-09-02 18:33:50+00:00,765.1599731445312,0.037720000743865965
2026-09-03 03:42:14.451510,2027-09-17,1.040216436722793,C,785.0,54.34,58.19,55.55,2.0,1370.0,0.2147447911071777,2026-09-01 13:40:47+00:00,765.1599731445312,0.037720000743865965
2026-09-03 03:42:14.451510,2027-09-17,1.040216436722793,C,790.0,51.38,55.27,53.98,3.0,1243.0,0.21186853813171383,2026-09-02 14:28:33+00:00,765.1599731445312,0.037720000743865965
2026-09-03 03:42:14.451510,2027-09-17,1.040216436722793,C,795.0,48.5,52.39,51.17,128.0,538.0,0.2089312506103515,2026-09-02 15:11:27+00:00,765.1599731445312,0.037720000743865965
2026-09-03 03:42:14.451510,2027-09-17,1.040216436722793,C,800.0,45.7,49.59,47.5,32.0,875.0,0.20606262695312497,2026-09-02 19:40:42+00:00,765.1599731445312,0.037720000743865965
2026-09-03 03:42:14.451510,2027-09-17,1.040216436722793,C,805.0,43.05,46.93,45.66,73.0,898.0,0.20343814147949218,2026-09-02 15:11:27+00:00,765.1599731445312,0.037720000743865965
2026-09-03 03:42:14.451510,2027-09-17,1.040216436722793,C,810.0,40.43,44.32,42.21,253.0,618.0,0.20076788009643554,2026-09-02 20:00:01+00:00,765.1599731445312,0.037720000743865965
2026-09-03 03:42:14.451510,2027-09-17,1.040216436722793,C,815.0,37.9,41.78,39.82,5.0,983.0,0.1981205066680908,2026-09-02 17:58:41+00:00,765.1599731445312,0.037720000743865965
2026-09-03 03:42:14.451510,2027-09-17,1.040216436722793,C,820.0,35.45,39.33,37.19,72.0,3629.0,0.19554942642211914,2026-09-02 19:40:42+00:00,765.1599731445312,0.037720000743865965
2026-09-03 03:42:14.451510,2027-09-17,1.040216436722793,C,825.0,33.22,36.98,35.1,17.0,331.0,0.1930775273132324,2026-09-02 16:28:41+00:00,765.1599731445312,0.037720000743865965
2026-09-03 03:42:14.451510,2027-09-17,1.040216436722793,C,830.0,30.85,34.73,32.05,3.0,343.0,0.19072006797790528,2026-09-02 13:57:12+00:00,765.1599731445312,0.037720000743865965
2026-09-03 03:42:14.451510,2027-09-17,1.040216436722793,C,835.0,30.45,32.57,30.6,8.0,506.0,0.18842364318847654,2026-09-02 20:05:00+00:00,765.1599731445312,0.037720000743865965
2026-09-03 03:42:14.451510,2027-09-17,1.040216436722793,C,840.0,26.64,30.52,28.43,30.0,1539.0,0.18627217544555663,2026-09-02 18:02:26+00:00,765.1599731445312,0.037720000743865965
2026-09-03 03:42:14.451510,2027-09-17,1.040216436722793,C,845.0,24.83,28.37,25.5,9.0,1151.0,0.18352562088012692,2026-09-01 19:41:06+00:00,765.1599731445312,0.037720000743865965
2026-09-03 03:42:14.451510,2027-09-17,1.040216436722793,C,850.0,22.83,26.71,24.3,10.0,1916.0,0.18225915405273438,2026-09-02 13:59:31+00:00,765.1599731445312,0.037720000743865965
2026-09-03 03:42:14.451510,2027-09-17,1.040216436722793,C,855.0,21.19,24.7,22.75,95.0,1465.0,0.1794858968734741,2026-09-02 19:52:52+00:00,765.1599731445312,0.037720000743865965
2026-09-03 03:42:14.451510,2027-09-17,1.040216436722793,C,860.0,19.69,23.03,20.27,26.0,1610.0,0.17768919242858885,2026-09-01 19:01:17+00:00,765.1599731445312,0.037720000743865965
2026-09-03 03:42:14.451510,2027-09-17,1.040216436722793,C,865.0,18.15,21.45,20.0,246.0,1905.0,0.17598022514343262,2026-09-01 14:25:18+00:00,765.1599731445312,0.037720000743865965
2026-09-03 03:42:14.451510,2027-09-17,1.040216436722793,C,870.0,16.72,19.96,17.49,205.0,1421.0,0.17436280967712406,2026-09-01 19:41:00+00:00,765.1599731445312,0.037720000743865965
2026-09-03 03:42:14.451510,2027-09-17,1.040216436722793,C,875.0,15.1,18.57,16.78,5.0,1628.0,0.1728827219390869,2026-09-02 19:39:38+00:00,765.1599731445312,0.037720000743865965
2026-09-03 03:42:14.451510,2027-09-17,1.040216436722793,C,880.0,14.1,17.25,15.47,22.0,3770.0,0.17143315147399904,2026-09-02 19:39:38+00:00,765.1599731445312,0.037720000743865965
2026-09-03 03:42:14.451510,2027-09-17,1.040216436722793,C,885.0,12.95,16.03,13.79,4.0,1149.0,0.17015142601013186,2026-09-01 19:40:48+00:00,765.1599731445312,0.037720000743865965
2026-09-03 03:42:14.451510,2027-09-17,1.040216436722793,C,890.0,11.87,14.86,12.48,95.0,950.0,0.16882392463684084,2026-09-01 18:53:09+00:00,765.1599731445312,0.037720000743865965
2026-09-03 03:42:14.451510,2027-09-17,1.040216436722793,C,895.0,10.86,13.79,13.35,23.0,584.0,0.16768715621948244,2026-08-31 19:37:45+00:00,765.1599731445312,0.037720000743865965
2026-09-03 03:42:14.451510,2027-09-17,1.040216436722793,C,900.0,9.92,12.79,11.2,50.0,3042.0,0.16662668098449712,2026-09-02 18:37:50+00:00,765.1599731445312,0.037720000743865965
2026-09-03 03:42:14.451510,2027-09-17,1.040216436722793,C,905.0,9.04,11.84,10.3,18.0,189.0,0.16555094711303714,2026-09-02 19:52:34+00:00,765.1599731445312,0.037720000743865965
2026-09-03 03:42:14.451510,2027-09-17,1.040216436722793,C,910.0,8.22,10.98,10.46,3.0,168.0,0.16468120483398438,2026-08-31 19:37:44+00:00,765.1599731445312,0.037720000743865965
2026-09-03 03:42:14.451510,2027-09-17,1.040216436722793,C,915.0,7.45,10.17,8.61,1.0,536.0,0.16381146255493167,2026-09-02 13:41:18+00:00,765.1599731445312,0.037720000743865965
2026-09-03 03:42:14.451510,2027-09-17,1.040216436722793,C,920.0,6.74,9.42,8.12,5.0,154.0,0.16303327209472657,2026-09-02 18:18:45+00:00,765.1599731445312,0.037720000743865965
2026-09-03 03:42:14.451510,2027-09-17,1.040216436722793,C,925.0,6.09,8.74,7.1,4.0,413.0,0.1624076679992676,2026-09-01 20:00:59+00:00,765.1599731445312,0.037720000743865965
2026-09-03 03:42:14.451510,2027-09-17,1.040216436722793,C,930.0,5.49,8.1,6.76,40.0,878.0,0.16179732254028317,2026-09-01 15:12:16+00:00,765.1599731445312,0.037720000743865965
2026-09-03 03:42:14.451510,2027-09-17,1.040216436722793,C,935.0,4.93,7.5,5.86,42.0,153.0,0.1611869770812988,2026-09-01 19:41:03+00:00,765.1599731445312,0.037720000743865965
2026-09-03 03:42:14.451510,2027-09-17,1.040216436722793,C,940.0,4.28,6.3,6.02,4.0,2410.0,0.15644154113769532,2026-09-02 15:33:13+00:00,765.1599731445312,0.037720000743865965
2026-09-03 03:42:14.451510,2027-09-17,1.040216436722793,C,945.0,4.9,5.67,5.48,2.0,1124.0,0.154930936126709,2026-09-02 14:44:02+00:00,765.1599731445312,0.037720000743865965
2026-09-03 03:42:14.451510,2027-09-17,1.040216436722793,C,950.0,4.61,5.4,4.65,19.0,1597.0,0.1557549024963379,2026-09-02 18:39:57+00:00,765.1599731445312,0.037720000743865965
2026-09-03 03:42:14.451510,2027-09-17,1.040216436722793,C,955.0,2.87,5.77,4.48,3.0,527.0,0.16115645980834958,2026-09-01 14:40:13+00:00,765.1599731445312,0.037720000743865965
2026-09-03 03:42:14.451510,2027-09-17,1.040216436722793,C,960.0,2.72,4.75,3.9,1.0,307.0,0.15618214431762695,2026-09-02 17:40:01+00:00,765.1599731445312,0.037720000743865965
2026-09-03 03:42:14.451510,2027-09-17,1.040216436722793,C,965.0,3.1,4.97,3.47,1.0,922.0,0.16053085571289064,2026-09-01 16:44:21+00:00,765.1599731445312,0.037720000743865965
2026-09-03 03:42:14.451510,2027-09-17,1.040216436722793,C,970.0,1.93,4.62,3.36,1789.0,1990.0,0.1603324934387207,2026-09-01 15:58:08+00:00,765.1599731445312,0.037720000743865965
2026-09-03 03:42:14.451510,2027-09-17,1.040216436722793,C,975.0,1.67,4.29,3.31,558.0,1353.0,0.16011887252807616,2026-08-31 19:28:31+00:00,765.1599731445312,0.037720000743865965
2026-09-03 03:42:14.451510,2027-09-17,1.040216436722793,C,980.0,1.57,3.87,2.74,2.0,3373.0,0.15889818161010744,2026-09-01 14:01:56+00:00,765.1599731445312,0.037720000743865965
2026-09-03 03:42:14.451510,2027-09-17,1.040216436722793,C,985.0,1.32,3.63,2.45,1.0,6078.0,0.15911180252075197,2026-09-02 14:04:28+00:00,765.1599731445312,0.037720000743865965
2026-09-03 03:42:14.451510,2027-09-17,1.040216436722793,C,990.0,1.1,3.44,2.31,1.0,4786.0,0.15966111343383788,2026-09-02 14:18:55+00:00,765.1599731445312,0.037720000743865965
2026-09-03 03:42:14.451510,2027-09-17,1.040216436722793,C,995.0,0.89,2.48,1.85,8.0,3088.0,0.15161981201171876,2026-09-01 18:44:23+00:00,765.1599731445312,0.037720000743865965
2026-09-03 03:42:14.451510,2027-09-17,1.040216436722793,C,1000.0,0.69,3.03,1.85,7.0,3754.0,0.16013413116455077,2026-09-02 18:38:13+00:00,765.1599731445312,0.037720000743865965
2026-09-03 03:42:14.451510,2027-09-17,1.040216436722793,C,1005.0,0.56,2.58,1.98,7.0,3465.0,0.15731128341674805,2026-08-31 19:59:21+00:00,765.1599731445312,0.037720000743865965
2026-09-03 03:42:14.451510,2027-09-17,1.040216436722793,C,1010.0,0.41,2.71,1.43,5.0,4826.0,0.16108016662597657,2026-09-01 18:37:43+00:00,765.1599731445312,0.037720000743865965
2026-09-03 03:42:14.451510,2027-09-17,1.040216436722793,C,1015.0,0.24,2.5,1.5,1.0,2121.0,0.1607749938964844,2026-09-02 16:05:16+00:00,765.1599731445312,0.037720000743865965
2026-09-03 03:42:14.451510,2027-09-17,1.040216436722793,C,1020.0,0.12,2.47,1.36,1.0,4415.0,0.16257551300048828,2026-09-02 15:50:18+00:00,765.1599731445312,0.037720000743865965
2026-09-03 03:42:14.451510,2027-09-17,1.040216436722793,C,1025.0,0.5,1.92,1.32,4.0,1291.0,0.15729602478027344,2026-08-31 16:18:37+00:00,765.1599731445312,0.037720000743865965
2026-09-03 03:42:14.451510,2027-09-17,1.040216436722793,C,1030.0,0.41,1.82,1.21,4.0,1324.0,0.15787585296630857,2026-08-31 16:18:37+00:00,765.1599731445312,0.037720000743865965
2026-09-03 03:42:14.451510,2027-09-17,1.040216436722793,C,1035.0,0.33,1.73,0.95,6.0,291.0,0.15854723297119144,2026-09-01 19:13:53+00:00,765.1599731445312,0.037720000743865965
2026-09-03 03:42:14.451510,2027-09-17,1.040216436722793,C,1040.0,0.25,1.65,1.47,4.0,630.0,0.15927964752197266,2026-08-28 15:38:53+00:00,765.1599731445312,0.037720000743865965
2026-09-03 03:42:14.451510,2027-09-17,1.040216436722793,C,1045.0,0.18,1.58,1.38,4.0,516.0,0.16010361389160155,2026-08-28 15:34:00+00:00,765.1599731445312,0.037720000743865965
2026-09-03 03:42:14.451510,2027-09-17,1.040216436722793,C,1050.0,0.12,1.52,0.76,22.0,603.0,0.16104964935302735,2026-09-01 19:22:48+00:00,765.1599731445312,0.037720000743865965
2026-09-03 03:42:14.451510,2027-09-17,1.040216436722793,C,1055.0,0.06,1.46,0.71,1.0,891.0,0.1619346502685547,2026-09-01 19:46:41+00:00,765.1599731445312,0.037720000743865965
2026-09-03 03:42:14.451510,2027-09-17,1.040216436722793,C,1060.0,0.01,1.41,1.5,2.0,885.0,0.16291120300292972,2026-08-13 17:35:53+00:00,765.1599731445312,0.037720000743865965
2026-09-03 03:42:14.451510,2027-09-17,1.040216436722793,C,1065.0,0.01,1.36,0.8,1.0,204.0,0.1638877557373047,2026-08-26 16:21:11+00:00,765.1599731445312,0.037720000743865965
2026-09-03 03:42:14.451510,2027-09-17,1.040216436722793,C,1070.0,0.01,1.32,1.4,2.0,900.0,0.16498637756347656,2026-08-05 14:59:54+00:00,765.1599731445312,0.037720000743865965
2026-09-03 03:42:14.451510,2027-09-17,1.040216436722793,C,1075.0,0.01,1.27,1.4,2.0,24.0,0.16584086120605473,2026-08-04 17:42:18+00:00,765.1599731445312,0.037720000743865965
2026-09-03 03:42:14.451510,2027-09-17,1.040216436722793,C,1080.0,0.0,1.24,0.82,14.0,204.0,0.16706155212402346,2026-08-28 15:05:30+00:00,765.1599731445312,0.037720000743865965
2026-09-03 03:42:14.451510,2027-09-17,1.040216436722793,C,1085.0,0.0,1.21,1.06,1.0,45.0,0.16828224304199224,2026-08-14 14:44:16+00:00,765.1599731445312,0.037720000743865965
2026-09-03 03:42:14.451510,2027-09-17,1.040216436722793,C,1090.0,0.0,1.18,0.72,677.0,2684.0,0.1694418994140625,2026-08-28 15:05:46+00:00,765.1599731445312,0.037720000743865965
2026-09-03 03:42:14.451510,2027-09-17,1.040216436722793,C,1100.0,0.2,1.12,0.51,5.0,986.0,0.1716696603393555,2026-08-31 13:30:01+00:00,765.1599731445312,0.037720000743865965
2026-09-03 03:42:14.451510,2027-09-17,1.040216436722793,C,1110.0,0.0,1.08,0.37,1.0,4960.0,0.17426362854003907,2026-09-01 18:01:33+00:00,765.1599731445312,0.037720000743865965
2026-09-03 03:42:14.451510,2027-09-17,1.040216436722793,C,1120.0,0.0,1.04,0.4,1.0,389.0,0.17670501037597658,2026-08-26 17:46:06+00:00,765.1599731445312,0.037720000743865965
2026-09-03 03:42:14.451510,2027-09-17,1.040216436722793,C,1130.0,0.0,0.9,0.6,1.0,16.0,0.17646087219238282,2026-08-14 20:00:22+00:00,765.1599731445312,0.037720000743865965
2026-09-03 03:42:14.451510,2027-09-17,1.040216436722793,C,1140.0,0.0,0.3,0.35,1.0,160.0,0.1563805065917969,2026-08-28 18:47:00+00:00,765.1599731445312,0.037720000743865965
2026-09-03 03:42:14.451510,2027-09-17,1.040216436722793,C,1150.0,0.0,0.96,0.34,1.0,724.0,0.18470053588867186,2026-08-28 13:57:32+00:00,765.1599731445312,0.037720000743865965
2026-09-03 03:42:14.451510,2027-09-17,1.040216436722793,C,1160.0,0.0,0.93,0.32,3.0,202.0,0.1871419177246094,2026-08-03 13:31:48+00:00,765.1599731445312,0.037720000743865965
2026-09-03 03:42:14.451510,2027-09-17,1.040216436722793,C,1170.0,0.0,0.91,0.3,1.0,4.0,0.18976640319824223,2026-08-20 13:40:46+00:00,765.1599731445312,0.037720000743865965
2026-09-03 03:42:14.451510,2027-09-17,1.040216436722793,C,1180.0,0.0,0.89,0.27,3.0,200.0,0.19232985412597658,2026-08-27 16:49:53+00:00,765.1599731445312,0.037720000743865965
2026-09-03 03:42:14.451510,2027-09-17,1.040216436722793,C,1190.0,0.0,0.88,0.23,,1.0,0.1951374432373047,2026-07-29 14:48:38+00:00,765.1599731445312,0.037720000743865965
2026-09-03 03:42:14.451510,2027-09-17,1.040216436722793,C,1200.0,0.0,0.85,0.25,3.0,44.0,0.19727365234375,2026-08-28 15:35:24+00:00,765.1599731445312,0.037720000743865965
2026-09-03 03:42:14.451510,2027-09-17,1.040216436722793,C,1210.0,0.0,0.18,0.17,1.0,81.0,0.16700051757812504,2026-09-02 13:58:37+00:00,765.1599731445312,0.037720000743865965
2026-09-03 03:42:14.451510,2027-09-17,1.040216436722793,C,1220.0,0.0,1.34,0.25,3.0,5.0,0.2167131552124023,2026-08-17 16:17:11+00:00,765.1599731445312,0.037720000743865965
2026-09-03 03:42:14.451510,2027-09-17,1.040216436722793,C,1230.0,0.0,1.31,0.14,4.0,100.0,0.21909350250244142,2026-09-01 13:38:37+00:00,765.1599731445312,0.037720000743865965
2026-09-03 03:42:14.451510,2027-09-17,1.040216436722793,C,1240.0,0.0,1.28,0.17,1.0,4.0,0.22144333251953124,2026-08-27 18:09:12+00:00,765.1599731445312,0.037720000743865965
2026-09-03 03:42:14.451510,2027-09-17,1.040216436722793,C,1250.0,0.0,1.25,0.16,1.0,3.0,0.2237016107177734,2026-08-21 16:20:31+00:00,765.1599731445312,0.037720000743865965
2026-09-03 03:42:14.451510,2027-09-17,1.040216436722793,C,1270.0,0.11,0.13,0.2,5.0,26.0,0.176766044921875,2026-07-16 19:53:44+00:00,765.1599731445312,0.037720000743865965
2026-09-03 03:42:14.451510,2027-09-17,1.040216436722793,C,1280.0,0.0,1.18,0.1,100.0,122.0,0.23072058349609376,2026-08-31 17:32:53+00:00,765.1599731445312,0.037720000743865965
2026-09-03 03:42:14.451510,2027-09-17,1.040216436722793,C,1290.0,0.27,0.29,0.2,,0.0,0.19678537597656248,2026-05-13 15:43:44+00:00,765.1599731445312,0.037720000743865965
2026-09-03 03:42:14.451510,2027-09-17,1.040216436722793,C,1300.0,0.02,0.51,0.09,2.0,299.0,0.2124102197265625,2026-09-02 17:46:10+00:00,765.1599731445312,0.037720000743865965
2026-09-03 03:42:14.451510,2027-09-17,1.040216436722793,C,1310.0,0.0,1.13,0.11,2.0,44.0,0.23786162536621092,2026-08-18 19:18:59+00:00,765.1599731445312,0.037720000743865965
2026-09-03 03:42:14.451510,2027-09-17,1.040216436722793,C,1320.0,0.0,1.12,0.09,1.0,1.0,0.24033352447509765,2026-08-25 14:22:25+00:00,765.1599731445312,0.037720000743865965
2026-09-03 03:42:14.451510,2027-09-17,1.040216436722793,C,1330.0,0.0,1.1,0.12,1.0,1.0,0.24250025085449217,2026-08-06 17:38:12+00:00,765.1599731445312,0.037720000743865965
2026-09-03 03:42:14.451510,2027-09-17,1.040216436722793,C,1340.0,0.0,1.09,0.1,,1.0,0.2449416326904297,2026-08-19 16:58:19+00:00,765.1599731445312,0.037720000743865965
2026-09-03 03:42:14.451510,2027-09-17,1.040216436722793,C,1360.0,0.0,1.07,0.09,2.0,6.0,0.24964129272460936,2026-07-31 14:49:43+00:00,765.1599731445312,0.037720000743865965
2026-09-03 03:42:14.451510,2027-09-17,1.040216436722793,C,1370.0,0.0,1.06,0.06,1.0,12.0,0.25196060546875,2026-08-19 16:56:35+00:00,765.1599731445312,0.037720000743865965
2026-09-03 03:42:14.451510,2027-09-17,1.040216436722793,C,1390.0,0.0,0.06,0.07,6.0,12.0,0.19043778320312502,2026-08-19 14:59:41+00:00,765.1599731445312,0.037720000743865965
2026-09-03 03:42:14.451510,2027-09-17,1.040216436722793,C,1400.0,0.0,1.04,0.06,1.0,7.0,0.2591016473388672,2026-08-24 19:34:27+00:00,765.1599731445312,0.037720000743865965
2026-09-03 03:42:14.451510,2027-09-17,1.040216436722793,C,1410.0,0.0,1.03,0.05,5.0,6.0,0.26129889099121095,2026-09-01 17:21:29+00:00,765.1599731445312,0.037720000743865965
2026-09-03 03:42:14.451510,2027-09-17,1.040216436722793,C,1420.0,0.0,0.05,0.04,1.0,4.0,0.19385571777343752,2026-09-02 17:09:23+00:00,765.1599731445312,0.037720000743865965
2026-09-03 03:42:14.451510,2027-09-17,1.040216436722793,C,1430.0,0.0,1.02,0.05,1.0,18.0,0.2659985510253906,2026-09-01 13:30:01+00:00,765.1599731445312,0.037720000743865965
2026-09-03 03:42:14.451510,2027-09-17,1.040216436722793,C,1440.0,0.0,1.02,0.04,2.0,4.0,0.26843993286132806,2026-08-26 18:43:19+00:00,765.1599731445312,0.037720000743865965
2026-09-03 03:42:14.451510,2027-09-17,1.040216436722793,C,1450.0,0.0,1.01,0.04,50.0,33.0,0.270515107421875,2026-08-24 19:41:40+00:00,765.1599731445312,0.037720000743865965
2026-09-03 03:42:14.451510,2027-09-17,1.040216436722793,C,1460.0,0.0,1.01,0.04,7.0,19.0,0.27295648925781246,2026-09-02 14:07:37+00:00,765.1599731445312,0.037720000743865965
2026-09-03 03:42:14.451510,2027-09-17,1.040216436722793,C,1470.0,0.02,1.01,0.04,35.0,76.0,0.27539787109374997,2026-08-24 19:32:54+00:00,765.1599731445312,0.037720000743865965
2026-09-03 03:42:14.451510,2027-09-17,1.040216436722793,C,1480.0,0.0,0.13,0.04,20.0,607.0,0.22290816162109373,2026-08-28 16:46:17+00:00,765.1599731445312,0.037720000743865965
2026-09-03 03:42:14.451510,2027-09-17,1.040216436722793,P,50.0,0.0,0.05,0.03,11.0,123.0,0.8281267187499999,2026-08-24 13:59:29+00:00,765.1599731445312,0.037720000743865965
2026-09-03 03:42:14.451510,2027-09-17,1.040216436722793,P,55.0,0.0,0.0,0.05,5.0,0.0,0.500005,2026-05-21 13:30:05+00:00,765.1599731445312,0.037720000743865965
2026-09-03 03:42:14.451510,2027-09-17,1.040216436722793,P,60.0,0.03,0.05,0.06,,1.0,0.79883013671875,2026-06-09 19:55:37+00:00,765.1599731445312,0.037720000743865965
2026-09-03 03:42:14.451510,2027-09-17,1.040216436722793,P,65.0,0.04,0.06,0.07,,1.0,0.78711150390625,2026-06-11 19:21:12+00:00,765.1599731445312,0.037720000743865965
2026-09-03 03:42:14.451510,2027-09-17,1.040216436722793,P,70.0,0.0,0.0,0.06,1.0,0.0,0.500005,2026-05-27 18:23:07+00:00,765.1599731445312,0.037720000743865965
2026-09-03 03:42:14.451510,2027-09-17,1.040216436722793,P,80.0,0.0,0.0,0.11,,0.0,0.500005,2026-05-20 16:59:27+00:00,765.1599731445312,0.037720000743865965
2026-09-03 03:42:14.451510,2027-09-17,1.040216436722793,P,90.0,0.1,0.13,0.12,,1.0,0.7334011035156249,2026-06-16 17:13:27+00:00,765.1599731445312,0.037720000743865965
2026-09-03 03:42:14.451510,2027-09-17,1.040216436722793,P,100.0,0.0,0.0,0.13,1.0,0.0,0.2500075,2026-05-27 19:59:43+00:00,765.1599731445312,0.037720000743865965
2026-09-03 03:42:14.451510,2027-09-17,1.040216436722793,P,105.0,0.0,1.05,0.1,10.0,30.0,0.79883013671875,2026-08-31 18:17:23+00:00,765.1599731445312,0.037720000743865965
2026-09-03 03:42:14.451510,2027-09-17,1.040216436722793,P,110.0,0.13,0.14,0.18,6.0,7.0,0.6738313867187502,2026-07-24 19:55:01+00:00,765.1599731445312,0.037720000743865965
2026-09-03 03:42:14.451510,2027-09-17,1.040216436722793,P,115.0,0.0,1.08,0.14,,10.0,0.7644066528320312,2026-08-19 19:35:47+00:00,765.1599731445312,0.037720000743865965
2026-09-03 03:42:14.451510,2027-09-17,1.040216436722793,P,120.0,0.0,1.09,0.15,10.0,40.0,0.7480493945312501,2026-08-26 18:32:56+00:00,765.1599731445312,0.037720000743865965
2026-09-03 03:42:14.451510,2027-09-17,1.040216436722793,P,125.0,0.0,1.11,0.19,10.0,30.0,0.7329128271484374,2026-08-18 19:50:36+00:00,765.1599731445312,0.037720000743865965
2026-09-03 03:42:14.451510,2027-09-17,1.040216436722793,P,130.0,0.0,1.12,0.2,10.0,170.0,0.7180203979492188,2026-08-20 18:23:01+00:00,765.1599731445312,0.037720000743865965
2026-09-03 03:42:14.451510,2027-09-17,1.040216436722793,P,135.0,0.0,1.14,0.21,5.0,110.0,0.7041045214843751,2026-08-27 13:30:00+00:00,765.1599731445312,0.037720000743865965
2026-09-03 03:42:14.451510,2027-09-17,1.040216436722793,P,140.0,0.0,1.15,0.23,6.0,103.0,0.6901886450195314,2026-08-27 13:30:00+00:00,765.1599731445312,0.037720000743865965
2026-09-03 03:42:14.451510,2027-09-17,1.040216436722793,P,145.0,0.0,1.17,0.25,10.0,80.0,0.6774934594726563,2026-08-27 13:30:00+00:00,765.1599731445312,0.037720000743865965
2026-09-03 03:42:14.451510,2027-09-17,1.040216436722793,P,150.0,0.0,1.19,0.28,1.0,21.0,0.665286550292969,2026-08-10 17:12:37+00:00,765.1599731445312,0.037720000743865965
2026-09-03 03:42:14.451510,2027-09-17,1.040216436722793,P,160.0,0.0,1.23,0.29,1.0,26.0,0.6418492846679689,2026-09-01 13:55:06+00:00,765.1599731445312,0.037720000743865965
2026-09-03 03:42:14.451510,2027-09-17,1.040216436722793,P,165.0,0.43,0.45,0.54,2.0,4.0,0.6047402807617189,2026-06-10 13:53:10+00:00,765.1599731445312,0.037720000743865965
2026-09-03 03:42:14.451510,2027-09-17,1.040216436722793,P,170.0,0.0,1.28,0.39,6.0,13.0,0.6203651245117189,2026-08-11 18:13:47+00:00,765.1599731445312,0.037720000743865965
2026-09-03 03:42:14.451510,2027-09-17,1.040216436722793,P,180.0,0.0,1.33,0.38,6.0,21.0,0.6003457934570313,2026-09-01 19:36:05+00:00,765.1599731445312,0.037720000743865965
2026-09-03 03:42:14.451510,2027-09-17,1.040216436722793,P,190.0,0.0,1.38,0.68,30.0,66.0,0.5810588769531251,2026-07-29 19:33:42+00:00,765.1599731445312,0.037720000743865965
2026-09-03 03:42:14.451510,2027-09-17,1.040216436722793,P,200.0,0.0,1.44,0.49,4.0,604.0,0.5634809277343751,2026-09-02 13:34:28+00:00,765.1599731445312,0.037720000743865965
2026-09-03 03:42:14.451510,2027-09-17,1.040216436722793,P,205.0,0.75,0.77,0.99,,20.0,0.5572554040527344,2026-06-10 16:25:31+00:00,765.1599731445312,0.037720000743865965
2026-09-03 03:42:14.451510,2027-09-17,1.040216436722793,P,210.0,0.0,0.0,1.03,10.0,0.0,0.2500075,2026-06-05 19:23:52+00:00,765.1599731445312,0.037720000743865965
2026-09-03 03:42:14.451510,2027-09-17,1.040216436722793,P,215.0,0.5,0.58,0.72,10.0,10.0,0.5153857055664062,2026-08-20 19:50:22+00:00,765.1599731445312,0.037720000743865965
2026-09-03 03:42:14.451510,2027-09-17,1.040216436722793,P,220.0,0.01,0.61,0.74,1.0,204.0,0.5139208764648437,2026-08-11 16:53:42+00:00,765.1599731445312,0.037720000743865965
2026-09-03 03:42:14.451510,2027-09-17,1.040216436722793,P,225.0,0.01,1.6,1.04,21.0,31.0,0.5231981274414061,2026-07-29 19:50:31+00:00,765.1599731445312,0.037720000743865965
2026-09-03 03:42:14.451510,2027-09-17,1.040216436722793,P,230.0,0.01,1.64,0.72,2.0,10.0,0.5158739819335938,2026-08-27 18:19:55+00:00,765.1599731445312,0.037720000743865965
2026-09-03 03:42:14.451510,2027-09-17,1.040216436722793,P,240.0,0.88,0.89,1.21,133.0,70.0,0.5031787963867188,2026-07-23 19:05:48+00:00,765.1599731445312,0.037720000743865965
2026-09-03 03:42:14.451510,2027-09-17,1.040216436722793,P,245.0,0.01,1.75,0.96,1.0,2.0,0.5454147021484376,2026-08-11 18:42:35+00:00,765.1599731445312,0.037720000743865965
2026-09-03 03:42:14.451510,2027-09-17,1.040216436722793,P,250.0,0.75,1.79,0.85,342.0,793.0,0.5113574255371094,2026-09-01 15:03:25+00:00,765.1599731445312,0.037720000743865965
2026-09-03 03:42:14.451510,2027-09-17,1.040216436722793,P,255.0,0.8,1.82,1.03,2.0,3.0,0.5050098327636718,2026-08-12 16:43:10+00:00,765.1599731445312,0.037720000743865965
2026-09-03 03:42:14.451510,2027-09-17,1.040216436722793,P,260.0,0.84,1.87,0.9,50.0,84.0,0.5239915765380858,2026-09-02 19:49:24+00:00,765.1599731445312,0.037720000743865965
2026-09-03 03:42:14.451510,2027-09-17,1.040216436722793,P,265.0,0.89,1.91,0.98,20.0,20.0,0.5170336383056642,2026-09-02 14:15:24+00:00,765.1599731445312,0.037720000743865965
2026-09-03 03:42:14.451510,2027-09-17,1.040216436722793,P,270.0,0.03,1.95,1.14,1.0,3.0,0.5101977691650392,2026-08-25 18:54:55+00:00,765.1599731445312,0.037720000743865965
2026-09-03 03:42:14.451510,2027-09-17,1.040216436722793,P,275.0,0.07,2.0,1.54,3.0,19.0,0.5038501763916017,2026-07-28 17:20:55+00:00,765.1599731445312,0.037720000743865965
2026-09-03 03:42:14.451510,2027-09-17,1.040216436722793,P,280.0,1.03,2.04,1.28,1.0,2.0,0.497197410888672,2026-08-14 17:08:17+00:00,765.1599731445312,0.037720000743865965
2026-09-03 03:42:14.451510,2027-09-17,1.040216436722793,P,285.0,1.08,2.09,1.35,2.0,2.0,0.4909718872070313,2026-08-24 14:01:26+00:00,765.1599731445312,0.037720000743865965
2026-09-03 03:42:14.451510,2027-09-17,1.040216436722793,P,290.0,1.12,2.14,1.23,2.0,4.0,0.48480739807128903,2026-09-01 17:26:50+00:00,765.1599731445312,0.037720000743865965
2026-09-03 03:42:14.451510,2027-09-17,1.040216436722793,P,295.0,0.26,2.19,1.42,1.0,3.0,0.4787039434814453,2026-08-25 13:36:13+00:00,765.1599731445312,0.037720000743865965
2026-09-03 03:42:14.451510,2027-09-17,1.040216436722793,P,300.0,1.24,2.24,1.36,1.0,429.0,0.4726615234375,2026-09-01 19:22:00+00:00,765.1599731445312,0.037720000743865965
2026-09-03 03:42:14.451510,2027-09-17,1.040216436722793,P,305.0,0.37,2.29,1.4,8.0,158.0,0.4666801379394532,2026-08-28 15:03:32+00:00,765.1599731445312,0.037720000743865965
2026-09-03 03:42:14.451510,2027-09-17,1.040216436722793,P,310.0,1.62,1.64,2.07,1.0,76.0,0.4352473468017578,2026-07-21 13:37:49+00:00,765.1599731445312,0.037720000743865965
2026-09-03 03:42:14.451510,2027-09-17,1.040216436722793,P,320.0,2.38,2.4,2.89,54.0,73.0,0.44788149780273434,2026-05-13 13:39:47+00:00,765.1599731445312,0.037720000743865965
2026-09-03 03:42:14.451510,2027-09-17,1.040216436722793,P,325.0,0.59,2.52,1.7,2.0,27.0,0.4442804595947265,2026-08-31 14:09:46+00:00,765.1599731445312,0.037720000743865965
2026-09-03 03:42:14.451510,2027-09-17,1.040216436722793,P,330.0,0.65,2.58,1.68,1.0,28.0,0.43884838500976564,2026-09-02 15:01:13+00:00,765.1599731445312,0.037720000743865965
2026-09-03 03:42:14.451510,2027-09-17,1.040216436722793,P,335.0,0.72,2.64,2.1,2.0,12.0,0.4334773449707031,2026-08-18 14:04:20+00:00,765.1599731445312,0.037720000743865965
2026-09-03 03:42:14.451510,2027-09-17,1.040216436722793,P,340.0,0.78,2.71,1.85,2.0,22.0,0.4283504431152344,2026-08-28 15:08:51+00:00,765.1599731445312,0.037720000743865965
2026-09-03 03:42:14.451510,2027-09-17,1.040216436722793,P,345.0,0.85,2.78,2.1,4.0,10.0,0.42328457580566403,2026-08-25 17:01:53+00:00,765.1599731445312,0.037720000743865965
2026-09-03 03:42:14.451510,2027-09-17,1.040216436722793,P,350.0,0.92,2.84,1.94,1.0,345.0,0.41797457031249996,2026-09-02 15:11:53+00:00,765.1599731445312,0.037720000743865965
2026-09-03 03:42:14.451510,2027-09-17,1.040216436722793,P,355.0,0.99,2.92,2.1,1.0,305.0,0.41321387573242185,2026-09-01 13:33:24+00:00,765.1599731445312,0.037720000743865965
2026-09-03 03:42:14.451510,2027-09-17,1.040216436722793,P,360.0,1.06,2.99,2.03,11.0,88.0,0.40820904296875,2026-09-02 18:30:02+00:00,765.1599731445312,0.037720000743865965
2026-09-03 03:42:14.451510,2027-09-17,1.040216436722793,P,365.0,1.13,3.06,2.1,2.0,27.0,0.4032652447509766,2026-09-02 18:32:43+00:00,765.1599731445312,0.037720000743865965
2026-09-03 03:42:14.451510,2027-09-17,1.040216436722793,P,370.0,1.21,3.14,2.3,1.0,18.0,0.3985045501708985,2026-09-01 19:21:58+00:00,765.1599731445312,0.037720000743865965
2026-09-03 03:42:14.451510,2027-09-17,1.040216436722793,P,375.0,1.3,3.22,2.39,1.0,75.0,0.39380489013671877,2026-09-01 14:13:59+00:00,765.1599731445312,0.037720000743865965
2026-09-03 03:42:14.451510,2027-09-17,1.040216436722793,P,380.0,1.37,3.02,2.5,2.0,111.0,0.3827576373291015,2026-09-01 18:43:44+00:00,765.1599731445312,0.037720000743865965
2026-09-03 03:42:14.451510,2027-09-17,1.040216436722793,P,385.0,1.45,3.39,2.86,60.0,194.0,0.38458867370605465,2026-08-19 19:36:25+00:00,765.1599731445312,0.037720000743865965
2026-09-03 03:42:14.451510,2027-09-17,1.040216436722793,P,390.0,1.54,3.47,2.55,10.0,63.0,0.379889013671875,2026-09-02 17:03:18+00:00,765.1599731445312,0.037720000743865965
2026-09-03 03:42:14.451510,2027-09-17,1.040216436722793,P,395.0,1.62,3.56,2.72,1.0,61.0,0.3754029745483398,2026-09-01 18:03:05+00:00,765.1599731445312,0.037720000743865965
2026-09-03 03:42:14.451510,2027-09-17,1.040216436722793,P,400.0,1.71,3.65,2.7,18.0,749.0,0.37091693542480464,2026-09-02 17:58:22+00:00,765.1599731445312,0.037720000743865965
2026-09-03 03:42:14.451510,2027-09-17,1.040216436722793,P,405.0,1.8,3.75,2.93,1.0,28.0,0.36664451721191404,2026-09-01 18:01:42+00:00,765.1599731445312,0.037720000743865965
2026-09-03 03:42:14.451510,2027-09-17,1.040216436722793,P,410.0,1.89,3.86,2.98,3.0,93.0,0.3625246853637696,2026-09-02 14:56:54+00:00,765.1599731445312,0.037720000743865965
2026-09-03 03:42:14.451510,2027-09-17,1.040216436722793,P,415.0,1.97,3.97,3.22,13.0,52.0,0.358404853515625,2026-08-28 17:52:30+00:00,765.1599731445312,0.037720000743865965
2026-09-03 03:42:14.451510,2027-09-17,1.040216436722793,P,420.0,2.06,4.09,3.06,2.0,197.0,0.35440709075927723,2026-09-02 18:18:51+00:00,765.1599731445312,0.037720000743865965
2026-09-03 03:42:14.451510,2027-09-17,1.040216436722793,P,425.0,2.16,4.21,3.43,3.0,174.0,0.35040932800292957,2026-08-31 16:27:52+00:00,765.1599731445312,0.037720000743865965
2026-09-03 03:42:14.451510,2027-09-17,1.040216436722793,P,430.0,2.26,4.34,3.51,7.0,217.0,0.34656415161132803,2026-08-31 18:44:32+00:00,765.1599731445312,0.037720000743865965
2026-09-03 03:42:14.451510,2027-09-17,1.040216436722793,P,435.0,2.36,4.47,3.54,7.0,72.0,0.34268845794677727,2026-09-01 15:46:22+00:00,765.1599731445312,0.037720000743865965
2026-09-03 03:42:14.451510,2027-09-17,1.040216436722793,P,440.0,2.46,4.6,3.82,1.0,224.0,0.3387822470092773,2026-08-27 19:50:41+00:00,765.1599731445312,0.037720000743865965
2026-09-03 03:42:14.451510,2027-09-17,1.040216436722793,P,445.0,2.57,4.74,3.81,1.0,46.0,0.3349981051635742,2026-08-31 19:44:53+00:00,765.1599731445312,0.037720000743865965
2026-09-03 03:42:14.451510,2027-09-17,1.040216436722793,P,450.0,2.72,4.79,3.79,1.0,188.0,0.3298712033081054,2026-09-02 19:44:05+00:00,765.1599731445312,0.037720000743865965
2026-09-03 03:42:14.451510,2027-09-17,1.040216436722793,P,455.0,3.16,5.03,4.23,1.0,227.0,0.3274908560180664,2026-09-01 13:32:46+00:00,765.1599731445312,0.037720000743865965
2026-09-03 03:42:14.451510,2027-09-17,1.040216436722793,P,460.0,3.4,5.07,4.06,40.0,1399.0,0.32224188507080076,2026-09-02 18:27:04+00:00,765.1599731445312,0.037720000743865965
2026-09-03 03:42:14.451510,2027-09-17,1.040216436722793,P,465.0,3.05,5.35,4.18,40.0,54.0,0.3202735209655761,2026-09-02 18:27:27+00:00,765.1599731445312,0.037720000743865965
2026-09-03 03:42:14.451510,2027-09-17,1.040216436722793,P,470.0,3.19,5.51,4.54,40.0,445.0,0.3165961895751953,2026-08-31 19:45:28+00:00,765.1599731445312,0.037720000743865965
2026-09-03 03:42:14.451510,2027-09-17,1.040216436722793,P,475.0,3.44,5.54,4.49,1.0,57.0,0.311255666809082,2026-09-02 19:29:14+00:00,765.1599731445312,0.037720000743865965
2026-09-03 03:42:14.451510,2027-09-17,1.040216436722793,P,480.0,3.47,5.71,4.72,2.0,922.0,0.3076851458740234,2026-09-02 17:27:04+00:00,765.1599731445312,0.037720000743865965
2026-09-03 03:42:14.451510,2027-09-17,1.040216436722793,P,485.0,4.03,5.89,4.95,3.0,88.0,0.3042061767578125,2026-09-02 15:52:56+00:00,765.1599731445312,0.037720000743865965
2026-09-03 03:42:14.451510,2027-09-17,1.040216436722793,P,490.0,4.82,6.23,5.39,5.0,102.0,0.30252772674560546,2026-08-31 15:12:58+00:00,765.1599731445312,0.037720000743865965
2026-09-03 03:42:14.451510,2027-09-17,1.040216436722793,P,495.0,4.93,6.25,5.16,2.0,203.0,0.2970956521606445,2026-09-01 19:59:49+00:00,765.1599731445312,0.037720000743865965
2026-09-03 03:42:14.451510,2027-09-17,1.040216436722793,P,500.0,5.25,6.4,5.35,20.0,595.0,0.29315892395019527,2026-09-02 19:31:15+00:00,765.1599731445312,0.037720000743865965
2026-09-03 03:42:14.451510,2027-09-17,1.040216436722793,P,505.0,4.27,6.85,5.97,1.0,121.0,0.2923959921264647,2026-08-31 16:19:34+00:00,765.1599731445312,0.037720000743865965
2026-09-03 03:42:14.451510,2027-09-17,1.040216436722793,P,510.0,4.64,6.86,5.9,2.0,69.0,0.2869028829956054,2026-09-02 15:58:15+00:00,765.1599731445312,0.037720000743865965
2026-09-03 03:42:14.451510,2027-09-17,1.040216436722793,P,515.0,4.64,7.3,6.38,80.0,141.0,0.28577374389648436,2026-09-01 20:00:06+00:00,765.1599731445312,0.037720000743865965
2026-09-03 03:42:14.451510,2027-09-17,1.040216436722793,P,520.0,5.81,7.55,6.65,1.0,316.0,0.2826304647827148,2026-08-31 16:19:34+00:00,765.1599731445312,0.037720000743865965
2026-09-03 03:42:14.451510,2027-09-17,1.040216436722793,P,525.0,5.05,7.8,6.9,1.0,200.0,0.2794108924865722,2026-08-31 16:18:37+00:00,765.1599731445312,0.037720000743865965
2026-09-03 03:42:14.451510,2027-09-17,1.040216436722793,P,530.0,5.58,8.06,7.16,1.0,310.0,0.2762370960998534,2026-08-31 16:18:42+00:00,765.1599731445312,0.037720000743865965
2026-09-03 03:42:14.451510,2027-09-17,1.040216436722793,P,535.0,5.75,8.06,6.93,3.0,1642.0,0.27066769378662114,2026-09-02 19:39:37+00:00,765.1599731445312,0.037720000743865965
2026-09-03 03:42:14.451510,2027-09-17,1.040216436722793,P,540.0,5.72,8.62,7.41,3.0,1129.0,0.2700268310546875,2026-09-01 16:00:01+00:00,765.1599731445312,0.037720000743865965
2026-09-03 03:42:14.451510,2027-09-17,1.040216436722793,P,545.0,5.97,8.91,7.99,1.0,312.0,0.2669140692138672,2026-08-31 16:18:40+00:00,765.1599731445312,0.037720000743865965
2026-09-03 03:42:14.451510,2027-09-17,1.040216436722793,P,550.0,6.51,8.91,7.75,14.0,1140.0,0.2613599255371094,2026-09-02 18:42:46+00:00,765.1599731445312,0.037720000743865965
2026-09-03 03:42:14.451510,2027-09-17,1.040216436722793,P,555.0,6.79,9.22,8.25,1.0,3466.0,0.25833871551513676,2026-09-02 14:23:57+00:00,765.1599731445312,0.037720000743865965
2026-09-03 03:42:14.451510,2027-09-17,1.040216436722793,P,560.0,6.77,9.88,8.31,1.0,399.0,0.25794199096679693,2026-09-02 19:38:00+00:00,765.1599731445312,0.037720000743865965
2026-09-03 03:42:14.451510,2027-09-17,1.040216436722793,P,565.0,7.39,9.87,9.13,5.0,428.0,0.252311554107666,2026-09-02 13:51:30+00:00,765.1599731445312,0.037720000743865965
2026-09-03 03:42:14.451510,2027-09-17,1.040216436722793,P,570.0,7.36,10.59,9.56,74.0,474.0,0.2520674159240723,2026-09-01 19:48:46+00:00,765.1599731445312,0.037720000743865965
2026-09-03 03:42:14.451510,2027-09-17,1.040216436722793,P,575.0,8.04,10.58,9.46,13.0,1014.0,0.24642172042846683,2026-09-02 16:07:12+00:00,765.1599731445312,0.037720000743865965
2026-09-03 03:42:14.451510,2027-09-17,1.040216436722793,P,580.0,8.38,10.95,9.69,2.0,923.0,0.24346154495239258,2026-09-02 13:35:02+00:00,765.1599731445312,0.037720000743865965
2026-09-03 03:42:14.451510,2027-09-17,1.040216436722793,P,585.0,9.97,11.35,10.0,5.0,609.0,0.2406158092498779,2026-09-02 18:18:50+00:00,765.1599731445312,0.037720000743865965
2026-09-03 03:42:14.451510,2027-09-17,1.040216436722793,P,590.0,9.4,11.76,10.5,4.0,953.0,0.23775481491088862,2026-09-02 17:58:22+00:00,765.1599731445312,0.037720000743865965
2026-09-03 03:42:14.451510,2027-09-17,1.040216436722793,P,595.0,9.7,12.21,11.21,23.0,597.0,0.2350540362548828,2026-08-31 19:52:42+00:00,765.1599731445312,0.037720000743865965
2026-09-03 03:42:14.451510,2027-09-17,1.040216436722793,P,600.0,9.93,12.63,11.3,63.0,3371.0,0.23207860214233395,2026-09-02 18:06:47+00:00,765.1599731445312,0.037720000743865965
2026-09-03 03:42:14.451510,2027-09-17,1.040216436722793,P,605.0,10.36,13.09,11.9,2.0,1083.0,0.22925575439453127,2026-09-02 16:53:59+00:00,765.1599731445312,0.037720000743865965
2026-09-03 03:42:14.451510,2027-09-17,1.040216436722793,P,610.0,10.79,13.57,12.15,37.0,551.0,0.2264481652832031,2026-09-02 19:59:57+00:00,765.1599731445312,0.037720000743865965
2026-09-03 03:42:14.451510,2027-09-17,1.040216436722793,P,615.0,11.05,14.07,12.97,3.0,648.0,0.22367109344482416,2026-09-02 14:35:53+00:00,765.1599731445312,0.037720000743865965
2026-09-03 03:42:14.451510,2027-09-17,1.040216436722793,P,620.0,11.76,14.59,14.01,3.0,1126.0,0.22089402160644528,2026-09-01 20:00:42+00:00,765.1599731445312,0.037720000743865965
2026-09-03 03:42:14.451510,2027-09-17,1.040216436722793,P,625.0,12.18,15.13,14.06,25.0,797.0,0.218132208404541,2026-09-02 14:31:09+00:00,765.1599731445312,0.037720000743865965
2026-09-03 03:42:14.451510,2027-09-17,1.040216436722793,P,630.0,12.79,15.7,15.42,2.0,428.0,0.21541617111206057,2026-09-01 13:40:50+00:00,765.1599731445312,0.037720000743865965
2026-09-03 03:42:14.451510,2027-09-17,1.040216436722793,P,635.0,13.33,16.28,15.27,2.0,251.0,0.21263909927368163,2026-09-02 15:01:13+00:00,765.1599731445312,0.037720000743865965
2026-09-03 03:42:14.451510,2027-09-17,1.040216436722793,P,640.0,13.91,16.9,15.77,2.0,265.0,0.20996120857238768,2026-09-02 14:24:09+00:00,765.1599731445312,0.037720000743865965
2026-09-03 03:42:14.451510,2027-09-17,1.040216436722793,P,645.0,14.51,17.53,17.05,6.0,275.0,0.20721465400695796,2026-09-01 19:59:49+00:00,765.1599731445312,0.037720000743865965
2026-09-03 03:42:14.451510,2027-09-17,1.040216436722793,P,650.0,16.25,18.05,16.68,25.0,1202.0,0.2038272367095947,2026-09-02 18:10:53+00:00,765.1599731445312,0.037720000743865965
2026-09-03 03:42:14.451510,2027-09-17,1.040216436722793,P,655.0,15.79,18.9,17.31,14.0,260.0,0.20188938987731933,2026-09-02 19:39:38+00:00,765.1599731445312,0.037720000743865965
2026-09-03 03:42:14.451510,2027-09-17,1.040216436722793,P,660.0,16.47,19.62,18.25,34.0,5173.0,0.19919624053955076,2026-09-02 17:09:42+00:00,765.1599731445312,0.037720000743865965
2026-09-03 03:42:14.451510,2027-09-17,1.040216436722793,P,665.0,17.38,20.37,19.8,2.0,145.0,0.1965183498382568,2026-08-31 16:18:41+00:00,765.1599731445312,0.037720000743865965
2026-09-03 03:42:14.451510,2027-09-17,1.040216436722793,P,670.0,17.91,21.15,20.76,8.0,622.0,0.1938328298187256,2026-09-01 19:21:58+00:00,765.1599731445312,0.037720000743865965
2026-09-03 03:42:14.451510,2027-09-17,1.040216436722793,P,675.0,18.7,21.96,20.26,48.0,3394.0,0.19114730979919434,2026-09-02 19:44:04+00:00,765.1599731445312,0.037720000743865965
2026-09-03 03:42:14.451510,2027-09-17,1.040216436722793,P,680.0,19.48,22.8,21.86,2.0,342.0,0.18844653114318846,2026-09-01 15:30:56+00:00,765.1599731445312,0.037720000743865965
2026-09-03 03:42:14.451510,2027-09-17,1.040216436722793,P,685.0,20.32,23.75,22.25,8.0,1078.0,0.1860432958984375,2026-09-02 15:30:10+00:00,765.1599731445312,0.037720000743865965
2026-09-03 03:42:14.451510,2027-09-17,1.040216436722793,P,690.0,22.34,24.65,22.92,105.0,1320.0,0.18329674133300777,2026-09-02 19:53:12+00:00,765.1599731445312,0.037720000743865965
2026-09-03 03:42:14.451510,2027-09-17,1.040216436722793,P,695.0,22.09,25.56,25.08,4.0,623.0,0.18043574699401857,2026-09-01 18:23:24+00:00,765.1599731445312,0.037720000743865965
2026-09-03 03:42:14.451510,2027-09-17,1.040216436722793,P,700.0,23.15,26.58,25.07,21.0,2561.0,0.1778494081115723,2026-09-02 15:38:48+00:00,765.1599731445312,0.037720000743865965
2026-09-03 03:42:14.451510,2027-09-17,1.040216436722793,P,705.0,24.02,27.64,26.01,3.0,646.0,0.17524781059265135,2026-09-02 16:13:02+00:00,765.1599731445312,0.037720000743865965
2026-09-03 03:42:14.451510,2027-09-17,1.040216436722793,P,710.0,25.01,28.45,27.1,2.0,1511.0,0.17155903522491456,2026-09-02 15:38:48+00:00,765.1599731445312,0.037720000743865965
2026-09-03 03:42:14.451510,2027-09-17,1.040216436722793,P,715.0,26.88,29.81,29.32,2.0,1371.0,0.1697165548706055,2026-09-01 18:10:36+00:00,765.1599731445312,0.037720000743865965
2026-09-03 03:42:14.451510,2027-09-17,1.040216436722793,P,720.0,28.41,31.02,30.81,56.0,451.0,0.16714547462463383,2026-09-01 19:40:47+00:00,765.1599731445312,0.037720000743865965
2026-09-03 03:42:14.451510,2027-09-17,1.040216436722793,P,725.0,28.97,32.21,30.19,25.0,4653.0,0.1643111828994751,2026-09-02 19:43:45+00:00,765.1599731445312,0.037720000743865965
2026-09-03 03:42:14.451510,2027-09-17,1.040216436722793,P,730.0,29.57,33.45,31.42,4.0,980.0,0.16146544719696043,2026-09-02 19:39:28+00:00,765.1599731445312,0.037720000743865965
2026-09-03 03:42:14.451510,2027-09-17,1.040216436722793,P,735.0,30.87,34.74,32.66,5.0,1442.0,0.15859300888061523,2026-09-02 19:31:19+00:00,765.1599731445312,0.037720000743865965
2026-09-03 03:42:14.451510,2027-09-17,1.040216436722793,P,740.0,32.21,36.09,34.13,2.0,630.0,0.15572438522338866,2026-09-02 17:57:35+00:00,765.1599731445312,0.037720000743865965
2026-09-03 03:42:14.451510,2027-09-17,1.040216436722793,P,745.0,33.62,37.49,37.67,1.0,258.0,0.1528099856567383,2026-09-01 13:41:48+00:00,765.1599731445312,0.037720000743865965
2026-09-03 03:42:14.451510,2027-09-17,1.040216436722793,P,750.0,35.07,38.95,37.01,20.0,448.0,0.149872698135376,2026-09-02 18:04:14+00:00,765.1599731445312,0.037720000743865965
2026-09-03 03:42:14.451510,2027-09-17,1.040216436722793,P,755.0,36.61,40.49,38.99,1.0,236.0,0.1469659278869629,2026-09-02 15:57:24+00:00,765.1599731445312,0.037720000743865965
2026-09-03 03:42:14.451510,2027-09-17,1.040216436722793,P,760.0,38.21,42.09,40.21,169.0,419.0,0.14401338172912595,2026-09-02 17:58:16+00:00,765.1599731445312,0.037720000743865965
2026-09-03 03:42:14.451510,2027-09-17,1.040216436722793,P,765.0,39.89,43.77,41.85,135.0,950.0,0.14106083557128907,2026-09-02 20:00:01+00:00,765.1599731445312,0.037720000743865965
2026-09-03 03:42:14.451510,2027-09-17,1.040216436722793,P,770.0,41.64,45.52,43.57,38.0,5420.0,0.13805869884490968,2026-09-02 18:27:35+00:00,765.1599731445312,0.037720000743865965
2026-09-03 03:42:14.451510,2027-09-17,1.040216436722793,P,775.0,43.49,47.37,45.61,33.0,1216.0,0.13509470870971685,2026-09-02 17:54:16+00:00,765.1599731445312,0.037720000743865965
2026-09-03 03:42:14.451510,2027-09-17,1.040216436722793,P,780.0,45.42,49.31,47.63,1.0,572.0,0.132119274597168,2026-09-02 17:53:23+00:00,765.1599731445312,0.037720000743865965
2026-09-03 03:42:14.451510,2027-09-17,1.040216436722793,P,785.0,47.45,51.34,49.35,283.0,1019.0,0.1291056938934326,2026-09-02 19:32:49+00:00,765.1599731445312,0.037720000743865965
2026-09-03 03:42:14.451510,2027-09-17,1.040216436722793,P,790.0,49.59,53.47,52.92,1.0,482.0,0.1260806692123413,2026-09-01 14:26:57+00:00,765.1599731445312,0.037720000743865965
2026-09-03 03:42:14.451510,2027-09-17,1.040216436722793,P,795.0,51.82,55.7,53.89,11.0,916.0,0.12301749794006347,2026-09-02 17:48:52+00:00,765.1599731445312,0.037720000743865965
2026-09-03 03:42:14.451510,2027-09-17,1.040216436722793,P,800.0,54.17,58.05,56.19,11.0,3058.0,0.11995814132690427,2026-09-02 19:39:21+00:00,765.1599731445312,0.037720000743865965
2026-09-03 03:42:14.451510,2027-09-17,1.040216436722793,P,805.0,56.68,60.57,60.29,4.0,4899.0,0.11705900039672851,2026-09-01 14:24:46+00:00,765.1599731445312,0.037720000743865965
2026-09-03 03:42:14.451510,2027-09-17,1.040216436722793,P,810.0,59.29,63.18,63.91,2.0,204.0,0.11402253173828125,2026-09-01 18:12:51+00:00,765.1599731445312,0.037720000743865965
2026-09-03 03:42:14.451510,2027-09-17,1.040216436722793,P,815.0,62.04,65.92,67.67,27.0,3441.0,0.11097080444335936,2026-09-01 18:43:39+00:00,765.1599731445312,0.037720000743865965
2026-09-03 03:42:14.451510,2027-09-17,1.040216436722793,P,820.0,64.92,68.8,66.94,10.0,5604.0,0.1079038185119629,2026-09-02 19:39:21+00:00,765.1599731445312,0.037720000743865965
2026-09-03 03:42:14.451510,2027-09-17,1.040216436722793,P,825.0,67.5,72.5,70.0,2.0,2552.0,0.10749183532714844,2026-08-31 19:15:54+00:00,765.1599731445312,0.037720000743865965
2026-09-03 03:42:14.451510,2027-09-17,1.040216436722793,P,830.0,70.55,75.5,75.28,4.0,2187.0,0.10382976257324218,2026-09-01 16:01:42+00:00,765.1599731445312,0.037720000743865965
2026-09-03 03:42:14.451510,2027-09-17,1.040216436722793,P,835.0,74.0,79.0,80.14,4.0,439.0,0.10161726028442383,2026-09-01 19:09:24+00:00,765.1599731445312,0.037720000743865965
2026-09-03 03:42:14.451510,2027-09-17,1.040216436722793,P,840.0,77.5,82.5,83.21,4.0,1931.0,0.0987867832183838,2026-09-01 17:06:31+00:00,765.1599731445312,0.037720000743865965
2026-09-03 03:42:14.451510,2027-09-17,1.040216436722793,P,845.0,81.5,86.5,87.22,24.0,6869.0,0.09772630798339844,2026-09-01 18:12:51+00:00,765.1599731445312,0.037720000743865965
2026-09-03 03:42:14.451510,2027-09-17,1.040216436722793,P,850.0,85.01,90.0,90.25,2.0,11966.0,0.0934157431793213,2026-09-02 13:57:44+00:00,765.1599731445312,0.037720000743865965
2026-09-03 03:42:14.451510,2027-09-17,1.040216436722793,P,855.0,89.5,94.5,95.3,4.0,1200.0,0.09398031272888183,2026-09-01 17:06:48+00:00,765.1599731445312,0.037720000743865965
2026-09-03 03:42:14.451510,2027-09-17,1.040216436722793,P,860.0,94.0,98.14,97.0,10.0,38.0,0.0885406088256836,2026-09-02 14:06:18+00:00,765.1599731445312,0.037720000743865965
2026-09-03 03:42:14.451510,2027-09-17,1.040216436722793,P,865.0,98.2,103.0,102.2,2.0,12.0,0.0906768179321289,2026-08-25 14:41:37+00:00,765.1599731445312,0.037720000743865965
2026-09-03 03:42:14.451510,2027-09-17,1.040216436722793,P,870.0,103.0,107.86,104.84,2.0,9.0,0.09270621658325195,2026-08-21 16:13:40+00:00,765.1599731445312,0.037720000743865965
2026-09-03 03:42:14.451510,2027-09-17,1.040216436722793,P,875.0,107.62,112.5,101.96,2.0,1.0,0.09287406158447264,2026-08-17 14:30:32+00:00,765.1599731445312,0.037720000743865965
2026-09-03 03:42:14.451510,2027-09-17,1.040216436722793,P,880.0,112.5,117.5,105.51,2.0,9.0,0.09578846115112305,2026-08-17 13:32:22+00:00,765.1599731445312,0.037720000743865965
2026-09-03 03:42:14.451510,2027-09-17,1.040216436722793,P,885.0,117.5,122.5,119.57,2.0,0.0,0.09867234344482423,2026-08-26 13:30:16+00:00,765.1599731445312,0.037720000743865965
2026-09-03 03:42:14.451510,2027-09-17,1.040216436722793,P,890.0,122.5,127.32,119.5,1.0,1.0,0.0999540689086914,2026-08-28 13:30:10+00:00,765.1599731445312,0.037720000743865965
2026-09-03 03:42:14.451510,2027-09-17,1.040216436722793,P,900.0,132.5,137.0,136.77,3.0,16.0,0.10244122665405272,2026-08-24 14:54:13+00:00,765.1599731445312,0.037720000743865965
2026-09-03 03:42:14.451510,2027-09-17,1.040216436722793,P,910.0,142.5,147.0,142.68,10.0,10.0,0.10776649078369141,2026-08-31 18:21:57+00:00,765.1599731445312,0.037720000743865965
2026-09-03 03:42:14.451510,2027-09-17,1.040216436722793,P,955.0,187.15,192.0,182.11,,0.0,0.13037979003906247,2026-08-12 17:30:13+00:00,765.1599731445312,0.037720000743865965
2026-09-03 03:42:14.451510,2027-09-17,1.040216436722793,P,960.0,194.0,198.76,231.0,1.0,0.0,0.1501702415466309,2026-06-26 19:59:56+00:00,765.1599731445312,0.037720000743865965
2026-09-03 03:42:14.451510,2027-09-17,1.040216436722793,P,1075.0,307.0,312.0,300.96,,0.0,0.18274743041992186,2026-08-10 14:24:56+00:00,765.1599731445312,0.037720000743865965
