exchange,binance_us,binance_us,binance_us,binance_us,coinbase,coinbase,coinbase,coinbase,kraken,kraken,kraken,kraken,okx,okx,okx,okx
field,bid,ask,mid,age_s,bid,ask,mid,age_s,bid,ask,mid,age_s,bid,ask,mid,age_s
2026-09-04 03:33:57+00:00,80824.66,80825.6,80825.13,0.937025547,80811.8,80811.81,80811.805,1.117969036,80835.0,80835.1,80835.05,1.056351185,80806.8635275,80806.963523,80806.91352525,1.048847675
2026-09-04 03:34:00+00:00,80824.66,80825.6,80825.13,1.127029419,80813.51,80813.52,80813.515,1.308893681,80835.0,80835.1,80835.05,1.245254993,80806.8635275,80806.963523,80806.91352525,1.240344286
2026-09-04 03:34:03+00:00,80824.66,80828.7,80826.68,1.251628876,80813.51,80813.52,80813.515,1.308164597,80835.0,80835.1,80835.05,1.256946564,80811.6633115,80811.76330699999,80811.71330924999,1.236970901
2026-09-04 03:34:06+00:00,80824.66,80826.32,80825.49,1.246137142,80818.46,80821.86,80820.16,1.306185007,80835.0,80835.1,80835.05,1.253195286,80820.0629335,80820.162929,80820.11293125,1.233015537
2026-09-04 03:34:09+00:00,80824.66,80827.38,80826.02,1.210309029,80818.46,80821.86,80820.16,1.263494492,80835.0,80835.1,80835.05,1.219008923,80814.4631855,80814.56318099999,80814.51318325,1.196223497
2026-09-04 03:34:12+00:00,80824.66,80827.38,80826.02,1.204068899,80819.14,80819.15,80819.14499999999,1.293126106,80835.0,80835.1,80835.05,1.203943491,80814.4631855,80814.56318099999,80814.51318325,1.203958511
2026-09-04 03:34:15+00:00,80824.66,80825.77,80825.215,1.236070395,80819.14,80819.15,80819.14499999999,1.288394451,80821.1,80821.2,80821.15,1.243474483,80814.4631855,80814.56318099999,80814.51318325,1.222223043
2026-09-04 03:34:18+00:00,80824.66,80825.78,80825.22,1.105876684,80819.14,80819.15,80819.14499999999,1.290636301,80821.1,80821.2,80821.15,1.239187956,80816.36309999999,80816.4630955,80816.41309774999,1.215050697
2026-09-04 03:34:21+00:00,80824.66,80825.78,80825.22,1.103430748,80819.14,80819.15,80819.14499999999,1.242496967,80821.1,80821.2,80821.15,1.236944199,80815.959,80816.058995,80816.0089975,1.216561556
2026-09-04 03:34:24+00:00,80824.66,80826.84,80825.75,1.092299938,80819.14,80819.15,80819.14499999999,1.277492285,80821.1,80821.2,80821.15,1.231987715,80816.36309999999,80816.4630955,80816.41309774999,1.168008804
2026-09-04 03:34:27+00:00,80824.66,80826.84,80825.75,1.216501713,80819.14,80819.15,80819.14499999999,1.276550293,80821.1,80821.2,80821.15,1.224365711,80816.36309999999,80816.4630955,80816.41309774999,1.205128908
2026-09-04 03:34:30+00:00,80824.66,80826.87,80825.765,1.07681632,80819.14,80819.15,80819.14499999999,1.266737938,80821.1,80821.2,80821.15,1.217030287,80816.36309999999,80816.4630955,80816.41309774999,1.189635754
2026-09-04 03:34:33+00:00,80824.66,80828.71,80826.685,1.074247599,80829.38,80829.39,80829.38500000001,1.265710115,80821.1,80821.2,80821.15,1.203531504,80821.962848,80822.0628435,80822.01284575,1.1706779
2026-09-04 03:34:36+00:00,80824.66,80828.71,80826.685,1.076000214,80831.56,80831.57,80831.565,1.262756348,80827.2,80827.3,80827.25,1.21269083,80821.962848,80822.0628435,80822.01284575,1.191043377
2026-09-04 03:34:39+00:00,80824.66,80828.71,80826.685,1.201181412,80831.56,80831.57,80831.565,1.262140512,80827.2,80827.3,80827.25,1.198175907,80821.962848,80822.0628435,80822.01284575,1.193441391
2026-09-04 03:34:42+00:00,80824.66,80828.71,80826.685,1.047250032,80831.56,80831.57,80831.565,1.228578091,80827.2,80827.3,80827.25,1.175903559,80821.962848,80822.0628435,80822.01284575,1.151660919
2026-09-04 03:34:45+00:00,80824.66,80828.71,80826.685,1.072679043,80825.91,80825.92,80825.91500000001,1.25583601,80827.2,80827.3,80827.25,1.1670959,80816.36309999999,80816.4630955,80816.41309774999,1.167411804
2026-09-04 03:34:48+00:00,80824.66,80828.31,80826.485,1.192600965,80819.14,80819.15,80819.14499999999,1.255075693,80818.5,80818.6,80818.55,1.204489231,80811.6633115,80811.76330699999,80811.71330924999,1.184525013
2026-09-04 03:34:51+00:00,80824.66,80825.22,80824.94,1.1908319,80819.14,80819.15,80819.14499999999,1.249049664,80818.5,80818.6,80818.55,1.20092535,80812.4714645,80812.571461,80812.52146275001,1.172239542
2026-09-04 03:34:54+00:00,80824.66,80825.94,80825.3,1.048568487,80819.14,80819.15,80819.14499999999,1.20342803,80818.5,80818.6,80818.55,1.191362381,80812.4714645,80812.571461,80812.52146275001,1.169536114
2026-09-04 03:34:57+00:00,80824.66,80825.94,80825.3,1.179867506,80819.14,80819.15,80819.14499999999,1.239289522,80818.5,80818.6,80818.55,1.189141989,80812.4714645,80812.571461,80812.52146275001,1.128047943
2026-09-04 03:35:00+00:00,80824.66,80825.94,80825.3,1.174851418,80819.14,80819.15,80819.14499999999,1.232151031,80818.5,80818.6,80818.55,1.183996439,80812.4714645,80812.571461,80812.52146275001,1.16168642
2026-09-04 03:35:03+00:00,80824.64,80825.62,80825.13,1.166894913,80815.51,80815.52,80815.515,1.226489067,80818.5,80818.6,80818.55,1.168623447,80812.4714645,80812.571461,80812.52146275001,1.14504838
2026-09-04 03:35:06+00:00,80821.17,80824.2,80822.685,1.163228035,80811.01,80811.02,80811.015,1.223963499,80818.5,80818.6,80818.55,1.165305614,80802.171825,80802.2718215,80802.22182325,1.141218901
2026-09-04 03:35:09+00:00,80821.06,80823.45,80822.255,1.161580563,80811.01,80811.02,80811.015,1.221050501,80818.5,80818.6,80818.55,1.172220707,80802.171825,80802.2718215,80802.22182325,1.090386868
2026-09-04 03:35:12+00:00,80821.06,80823.45,80822.255,1.016272306,80811.01,80811.02,80811.015,1.215622425,80818.5,80818.6,80818.55,1.167112589,80802.171825,80802.2718215,80802.22182325,1.141391993
2026-09-04 03:35:15+00:00,80819.4,80823.45,80821.42499999999,1.004489899,80811.01,80811.02,80811.015,1.181185007,80818.5,80818.6,80818.55,1.138910055,80802.171825,80802.2718215,80802.22182325,1.109560013
2026-09-04 03:35:18+00:00,80819.4,80823.45,80821.42499999999,1.014850616,80811.01,80811.02,80811.015,1.206157923,80818.5,80818.6,80818.55,1.127329111,80797.172,80797.2719965,80797.22199825,1.127541542
2026-09-04 03:35:21+00:00,80819.4,80823.45,80821.42499999999,1.146924973,80797.49,80797.5,80797.495,1.207361698,80814.6,80814.7,80814.65,1.152465582,80805.2717165,80805.371713,80805.32171475,1.129307985
2026-09-04 03:35:24+00:00,80819.4,80823.45,80821.42499999999,1.139201641,80806.5,80806.51,80806.505,1.19922924,80814.6,80814.7,80814.65,1.152320385,80805.2717165,80805.371713,80805.32171475,1.123344898
2026-09-04 03:35:27+00:00,80819.4,80822.21,80820.805,1.094393253,80811.01,80811.02,80811.015,1.152981758,80814.6,80814.7,80814.65,1.103372574,80805.2717165,80805.371713,80805.32171475,1.084195375
2026-09-04 03:35:30+00:00,80819.4,80822.21,80820.805,1.005467892,80811.01,80811.02,80811.015,1.195160866,80814.6,80814.7,80814.65,1.137900352,80805.2717165,80805.371713,80805.32171475,1.090927601
2026-09-04 03:35:33+00:00,80818.94,80821.19,80820.065,0.999191046,80811.01,80811.02,80811.015,1.18691802,80814.2,80814.3,80814.25,1.141130447,80805.2717165,80805.371713,80805.32171475,1.117033958
2026-09-04 03:35:36+00:00,80818.96,80821.2,80820.08,1.129337311,80822.23,80822.24,80822.235,1.186626434,80820.0,80820.1,80820.05,1.133703232,80820.971167,80821.07116349999,80821.02116524999,1.11913991
2026-09-04 03:35:39+00:00,80828.45,80830.5,80829.475,1.121980906,80837.61,80837.62,80837.61499999999,1.1827178,80829.6,80829.7,80829.65,1.129935503,80821.6711425,80821.771139,80821.72114075,1.105942965
2026-09-04 03:35:42+00:00,80839.77,80839.78,80839.775,0.990501404,80854.81,80855.99,80855.4,1.179621696,80842.2,80842.3,80842.25,1.12739563,80855.0699735,80855.16997,80855.11997175,1.105336428
2026-09-04 03:35:45+00:00,80855.58,80858.99,80857.285,0.980795383,80859.06,80859.07,80859.065,1.176796436,80856.0,80856.1,80856.05,1.122954845,80857.0699035,80857.1699,80857.11990175,1.108269691
2026-09-04 03:35:48+00:00,80855.58,80859.63,80857.60500000001,1.094998837,80859.06,80859.07,80859.065,1.157848835,80856.0,80856.1,80856.05,1.106051445,80861.86973549999,80861.969732,80861.91973375,1.08396101
2026-09-04 03:35:51+00:00,80855.58,80859.63,80857.60500000001,1.091610432,80859.06,80859.07,80859.065,1.167146921,80856.0,80856.1,80856.05,1.091402054,80861.86973549999,80861.969732,80861.91973375,1.091485023
2026-09-04 03:35:54+00:00,80855.58,80859.63,80857.60500000001,1.104781151,80859.06,80859.07,80859.065,1.165523529,80856.0,80856.1,80856.05,1.115245104,80852.170075,80852.27007150001,80852.22007325,1.096176624
2026-09-04 03:35:57+00:00,80855.58,80859.63,80857.60500000001,0.944611549,80859.06,80859.07,80859.065,1.158940077,80856.0,80856.1,80856.05,1.107769966,80852.170075,80852.27007150001,80852.22007325,1.058238506
2026-09-04 03:36:00+00:00,80855.58,80859.63,80857.60500000001,0.925674915,80859.06,80859.07,80859.065,1.118335962,80856.0,80856.1,80856.05,1.072125912,80852.170075,80852.27007150001,80852.22007325,1.049116611
2026-09-04 03:36:03+00:00,80855.58,80859.63,80857.60500000001,1.053344965,80857.61,80857.62,80857.61499999999,1.145976067,80856.0,80856.1,80856.05,1.053450108,80852.170075,80852.27007150001,80852.22007325,1.053953886
2026-09-04 03:36:06+00:00,80855.58,80859.63,80857.60500000001,1.08618927,80861.98,80861.99,80861.985,1.14696455,80856.0,80856.1,80856.05,1.095498085,80857.4698895,80857.569886,80857.51988775001,1.07138896
2026-09-04 03:36:09+00:00,80855.81,80859.63,80857.72,1.083411694,80864.21,80864.22,80864.215,1.136217117,80856.0,80856.1,80856.05,1.092187881,80857.4698895,80857.569886,80857.51988775001,1.068150282
2026-09-04 03:36:12+00:00,80856.09,80860.13,80858.11,1.078597546,80852.39,80860.38,80856.38500000001,1.140445709,80856.0,80856.1,80856.05,1.084546089,80847.07025349999,80847.17025,80847.12025174999,1.063934565
2026-09-04 03:36:15+00:00,80856.08,80859.81,80857.945,0.946370602,80840.4,80840.41,80840.405,1.139185905,80846.1,80846.2,80846.15,1.087821007,80833.0707435,80833.17074,80833.12074175,1.019506454
2026-09-04 03:36:18+00:00,80856.08,80859.81,80857.945,0.943794727,80840.4,80840.41,80840.405,1.133871078,80836.0,80836.1,80836.05,1.082562447,80828.6708975,80828.770894,80828.72089575,1.048666
2026-09-04 03:36:21+00:00,80849.34,80853.39,80851.36499999999,1.058241844,80835.46,80835.47,80835.465,1.114082098,80836.0,80836.1,80836.05,0.982306004,80828.6708975,80828.770894,80828.72089575,1.033432961
2026-09-04 03:36:24+00:00,80847.45,80850.08,80848.765,1.055691004,80835.46,80835.47,80835.465,1.120728493,80836.0,80836.1,80836.05,1.055533409,80828.6708975,80828.770894,80828.72089575,1.053771973
2026-09-04 03:36:27+00:00,80846.91,80850.08,80848.495,0.935286999,80827.58,80827.59,80827.58499999999,1.115334511,80833.6,80833.7,80833.65,1.066137075,80827.370943,80827.4709395,80827.42094124999,1.046862602
2026-09-04 03:36:30+00:00,80846.91,80850.08,80848.495,0.907175064,80822.33,80822.34,80822.33499999999,1.118117809,80833.6,80833.7,80833.65,1.068352461,80821.771139,80821.8711355,80821.82113725,1.046382427
2026-09-04 03:36:33+00:00,80846.91,80850.08,80848.495,0.897027969,80820.2,80820.21,80820.205,1.084526062,80833.6,80833.7,80833.65,1.034893036,80821.6711425,80821.771139,80821.72114075,1.010583401
2026-09-04 03:36:36+00:00,80846.91,80850.08,80848.495,0.916735411,80821.32,80821.33,80821.32500000001,1.109452009,80833.6,80833.7,80833.65,1.019106388,80821.6711425,80821.771139,80821.72114075,1.019325018
2026-09-04 03:36:39+00:00,80846.91,80850.08,80848.495,0.922372103,80821.32,80821.33,80821.32500000001,1.107521057,80833.6,80833.7,80833.65,1.055853367,80821.6711425,80821.771139,80821.72114075,1.039301395
2026-09-04 03:36:42+00:00,80829.95,80833.99,80831.97,1.042263985,80820.57,80820.58,80820.57500000001,1.102263927,80833.6,80833.7,80833.65,1.04952693,80813.4714295,80813.571426,80813.52142775,1.027336597
2026-09-04 03:36:45+00:00,80829.95,80833.66,80831.805,1.037046909,80820.57,80820.58,80820.57500000001,1.057946682,80821.1,80821.2,80821.15,1.046250105,80817.4712895,80817.57128599999,80817.52128774999,1.023777008
2026-09-04 03:36:48+00:00,80829.95,80833.66,80831.805,1.03602314,80816.08,80816.09,80816.08499999999,1.097149849,80820.9,80821.0,80820.95,1.039312363,80815.8713455,80815.971342,80815.92134375,0.983431101
2026-09-04 03:36:51+00:00,80829.95,80833.66,80831.805,1.029248953,80812.2,80812.53,80812.36499999999,1.090291977,80820.9,80821.0,80820.95,1.037091017,80815.8713455,80815.971342,80815.92134375,1.015859604
2026-09-04 03:36:54+00:00,80829.56,80833.66,80831.61,1.022772312,80811.01,80811.02,80811.015,1.082706928,80820.9,80821.0,80820.95,1.035857201,80802.2718215,80802.371818,80802.32181975001,1.016686916
2026-09-04 03:36:57+00:00,80812.41,80828.56,80820.485,0.900283098,80800.0,80800.01,80800.005,1.086522579,80813.6,80813.7,80813.65,1.02186203,80797.172,80797.2719965,80797.22199825,1.01642561
2026-09-04 03:37:00+00:00,80810.1,80812.56,80811.33,1.02384901,80800.0,80800.01,80800.005,1.084394932,80813.6,80813.7,80813.65,1.035844326,80797.172,80797.2719965,80797.22199825,1.01051569
2026-09-04 03:37:03+00:00,80820.67,80821.85,80821.26000000001,1.0146451,80818.76,80818.77,80818.765,1.074931145,80813.6,80813.7,80813.65,1.025435448,80818.2547515,80818.35474600001,80818.30474875,1.000159502
2026-09-04 03:37:06+00:00,80835.5,80835.52,80835.51000000001,0.86051321,80852.73,80852.74,80852.735,1.040198088,80836.0,80836.1,80836.05,1.000948429,80844.0533325,80844.153327,80844.10332975001,0.969530106
2026-09-04 03:37:09+00:00,80840.64,80844.26,80842.45,0.886855841,80839.18,80839.19,80839.185,1.074457645,80836.0,80836.1,80836.05,0.983184099,80835.75378900001,80835.8537835,80835.80378625,0.984686375
2026-09-04 03:37:12+00:00,80857.8,80858.99,80858.395,0.876743078,80839.8,80839.81,80839.805,1.072789907,80859.6,80859.7,80859.65,1.018709898,80855.4527055,80855.5527,80855.50270275,0.990921974
2026-09-04 03:37:15+00:00,80858.64,80861.87,80860.255,1.009209633,80874.74,80874.75,80874.745,1.069824696,80859.6,80859.7,80859.65,1.020486116,80855.4527055,80855.5527,80855.50270275,0.99546051
2026-09-04 03:37:18+00:00,80861.42,80862.69,80862.055,1.004208565,80874.74,80874.75,80874.745,1.025954723,80859.6,80859.7,80859.65,1.00505805,80862.35232600001,80862.4523205,80862.40232325,0.950162888
2026-09-04 03:37:21+00:00,80861.42,80865.47,80863.445,1.001776695,80874.74,80874.75,80874.745,1.061689615,80859.6,80859.7,80859.65,1.010066509,80861.2523865,80861.352381,80861.30238375001,0.950443029
2026-09-04 03:37:24+00:00,80861.45,80865.47,80863.45999999999,1.00106144,80874.74,80874.75,80874.745,1.056413651,80859.6,80859.7,80859.65,1.010887623,80861.2523865,80861.352381,80861.30238375001,0.982861042
2026-09-04 03:37:27+00:00,80869.46,80873.51,80871.485,0.874274492,80874.74,80874.75,80874.745,1.055305481,80864.9,80865.0,80864.95,1.001765251,80866.4521005,80866.552095,80866.50209775,0.980260611
2026-09-04 03:37:30+00:00,80869.46,80873.51,80871.485,0.872177124,80874.74,80874.75,80874.745,1.053096056,80866.3,80866.4,80866.35,0.991289139,80866.4521005,80866.552095,80866.50209775,0.961014509
2026-09-04 03:37:33+00:00,80873.52,80877.55,80875.535,0.86393261,80880.79,80880.8,80880.795,1.054205418,80866.3,80866.4,80866.35,1.003160954,80873.85169350001,80873.951688,80873.90169075,0.977302551
2026-09-04 03:37:36+00:00,80881.38,80884.98,80883.18,0.984723091,80886.24,80886.25,80886.245,1.043090582,80866.3,80866.4,80866.35,0.997032642,80873.85169350001,80873.951688,80873.90169075,0.972357273
2026-09-04 03:37:39+00:00,80880.93,80881.48,80881.20499999999,0.959772348,80866.04,80866.05,80866.045,1.020998478,80866.3,80866.4,80866.35,0.965591908,80858.15255700001,80858.2525515,80858.20255425,0.948342562
2026-09-04 03:37:42+00:00,80880.94,80881.48,80881.20999999999,0.957223892,80873.48,80873.49,80873.485,1.046656609,80866.3,80866.4,80866.35,0.956909895,80864.4522105,80864.552205,80864.50220775,0.957286835
2026-09-04 03:37:45+00:00,80878.91,80881.48,80880.195,0.978793621,80874.74,80874.75,80874.745,1.042444944,80866.3,80866.4,80866.35,0.987679005,80864.4522105,80864.552205,80864.50220775,0.962243557
2026-09-04 03:37:48+00:00,80877.44,80881.48,80879.45999999999,0.801124573,80874.74,80874.75,80874.745,1.01657629,80866.3,80866.4,80866.35,0.963730097,80864.4522105,80864.552205,80864.50220775,0.942954302
2026-09-04 03:37:51+00:00,80877.44,80881.48,80879.45999999999,0.967054844,80873.9,80873.91,80873.905,0.992235899,80866.3,80866.4,80866.35,0.89262104,80864.4522105,80864.552205,80864.50220775,0.955430508
2026-09-04 03:37:54+00:00,80877.44,80881.49,80879.465,0.833157539,80873.9,80873.91,80873.905,1.025319576,80866.3,80866.4,80866.35,0.97775507,80864.4522105,80864.552205,80864.50220775,0.918964386
2026-09-04 03:37:57+00:00,80877.44,80879.81,80878.625,0.961275578,80868.22,80868.23,80868.225,1.022552013,80866.3,80866.4,80866.35,0.973237514,80864.4522105,80864.552205,80864.50220775,0.95281744
2026-09-04 03:38:00+00:00,80877.44,80879.81,80878.625,0.82446003,80879.28,80881.12,80880.2,1.018272877,80866.3,80866.4,80866.35,0.965991974,80864.4522105,80864.552205,80864.50220775,0.944746971
2026-09-04 03:38:03+00:00,80877.44,80881.49,80879.465,0.827678204,80879.28,80879.29,80879.285,1.011211395,80866.3,80866.4,80866.35,0.956008911,80864.4522105,80864.552205,80864.50220775,0.931283712
2026-09-04 03:38:06+00:00,80877.44,80881.49,80879.465,0.821750641,80879.28,80879.29,80879.285,1.010455608,80866.3,80866.4,80866.35,0.951841354,80864.4522105,80864.552205,80864.50220775,0.934225082
2026-09-04 03:38:09+00:00,80877.46,80881.49,80879.475,0.95034647,80879.28,80879.29,80879.285,1.010007381,80866.3,80866.4,80866.35,0.956516027,80873.85169350001,80873.951688,80873.90169075,0.937870026
2026-09-04 03:38:12+00:00,80877.46,80881.49,80879.475,0.921100616,80885.85,80885.86,80885.85500000001,0.986882925,80866.3,80866.4,80866.35,0.93365407,80873.85169350001,80873.951688,80873.90169075,0.896178961
2026-09-04 03:38:15+00:00,80877.46,80881.49,80879.475,0.809307098,80878.53,80878.54,80878.535,1.002679586,80866.3,80866.4,80866.35,0.920814991,80872.15178700001,80872.2517815,80872.20178425,0.921156883
2026-09-04 03:38:18+00:00,80877.46,80881.51,80879.485,0.939141512,80873.26,80873.27,80873.265,0.996520281,80866.3,80866.4,80866.35,0.941486597,80869.751919,80869.85191350001,80869.80191625,0.926169395
2026-09-04 03:38:21+00:00,80877.46,80881.51,80879.485,0.771193027,80871.76,80871.77,80871.765,0.990262985,80866.3,80866.4,80866.35,0.937837362,80868.4519905,80868.55198500001,80868.50198775,0.920361042
2026-09-04 03:38:24+00:00,80877.46,80881.51,80879.485,0.755213261,80871.76,80871.77,80871.765,0.944317102,80866.3,80866.4,80866.35,0.897988081,80868.4519905,80868.55198500001,80868.50198775,0.87076211
2026-09-04 03:38:27+00:00,80877.46,80881.51,80879.485,0.790579081,80871.76,80871.77,80871.765,0.979789019,80866.3,80866.4,80866.35,0.931205511,80868.4519905,80868.55198500001,80868.50198775,0.881788015
2026-09-04 03:38:30+00:00,80877.46,80881.51,80879.485,0.922738075,80880.73,80880.74,80880.735,0.982035637,80866.3,80866.4,80866.35,0.935536385,80873.751699,80873.85169350001,80873.80169625001,0.908079624
2026-09-04 03:38:33+00:00,80877.46,80881.5,80879.48000000001,0.794172764,80880.73,80880.74,80880.735,0.977969646,80866.3,80866.4,80866.35,0.923032284,80873.751699,80873.85169350001,80873.80169625001,0.906685591
2026-09-04 03:38:36+00:00,80877.46,80881.5,80879.48000000001,0.783977032,80880.73,80880.74,80880.735,0.971172571,80866.3,80866.4,80866.35,0.916198492,80873.751699,80873.85169350001,80873.80169625001,0.850266933
2026-09-04 03:38:39+00:00,80880.76,80884.81,80882.785,0.787318468,80880.73,80880.74,80880.735,0.966683388,80866.3,80866.4,80866.35,0.916683435,80873.751699,80873.85169350001,80873.80169625001,0.892056465
2026-09-04 03:38:42+00:00,80880.76,80884.81,80882.785,0.905587435,80880.71,80880.72,80880.715,0.965447903,80866.3,80866.4,80866.35,0.910052299,80873.751699,80873.85169350001,80873.80169625001,0.889262915
2026-09-04 03:38:45+00:00,80880.76,80884.81,80882.785,0.891849041,80879.06,80879.07,80879.065,0.947542429,80866.3,80866.4,80866.35,0.896910191,80873.751699,80873.85169350001,80873.80169625001,0.877345562
2026-09-04 03:38:48+00:00,80880.76,80884.8,80882.78,0.759711981,80879.06,80879.07,80879.065,0.940021038,80866.3,80866.4,80866.35,0.884325981,80873.751699,80873.85169350001,80873.80169625001,0.855644703
2026-09-04 03:38:51+00:00,80880.76,80884.8,80882.78,0.766829491,80879.06,80879.07,80879.065,0.953660011,80866.3,80866.4,80866.35,0.905921698,80871.75180900001,80871.85180350002,80871.80180625,0.875136852
2026-09-04 03:38:54+00:00,80880.76,80882.48,80881.62,0.735097885,80871.75,80871.76,80871.755,0.953450203,80866.3,80866.4,80866.35,0.905246019,80864.552205,80864.65219950001,80864.60220225001,0.881905079
2026-09-04 03:38:57+00:00,80880.76,80882.05,80881.405,0.727244377,80871.75,80871.76,80871.755,0.911622286,80866.3,80866.4,80866.35,0.846688509,80864.552205,80864.65219950001,80864.60220225001,0.787783146
2026-09-04 03:39:00+00:00,80880.76,80881.72,80881.23999999999,0.749269962,80862.76,80862.77,80862.765,0.943052769,80866.3,80866.4,80866.35,0.891625881,80855.5527,80855.65269450001,80855.60269725,0.845815897
2026-09-04 03:39:03+00:00,80880.76,80881.72,80881.23999999999,0.876237392,80862.76,80862.77,80862.765,0.933420181,80866.3,80866.4,80866.35,0.879657984,80855.5527,80855.65269450001,80855.60269725,0.863518715
2026-09-04 03:39:06+00:00,80880.76,80880.77,80880.765,0.829607964,80862.75,80862.76,80862.755,0.896636963,80866.3,80866.4,80866.35,0.830243587,80853.85279350002,80853.952788,80853.90279075,0.766902924
2026-09-04 03:39:09+00:00,80880.76,80880.77,80880.765,0.868575573,80860.6,80860.61,80860.60500000001,0.929705143,80866.3,80866.4,80866.35,0.879724979,80853.85279350002,80853.952788,80853.90279075,0.857033491
2026-09-04 03:39:12+00:00,80880.76,80880.77,80880.765,0.734023571,80858.77,80858.78,80858.775,0.923356295,80866.3,80866.4,80866.35,0.875096321,80853.85279350002,80853.952788,80853.90279075,0.806507111
2026-09-04 03:39:15+00:00,80880.76,80880.77,80880.765,0.863182068,80858.25,80858.26,80858.255,0.925877571,80856.9,80857.0,80856.95,0.873215438,80853.85279350002,80853.952788,80853.90279075,0.854447842
2026-09-04 03:39:18+00:00,80880.76,80880.77,80880.765,0.718476772,80857.5,80857.51,80857.505,0.912288904,80856.9,80857.0,80856.95,0.858256102,80853.85279350002,80853.952788,80853.90279075,0.837841988
2026-09-04 03:39:21+00:00,80880.76,80880.77,80880.765,0.84762907,80857.5,80857.51,80857.505,0.916805506,80856.9,80857.0,80856.95,0.844871998,80850.0530025,80850.15299700001,80850.10299975,0.844769955
2026-09-04 03:39:24+00:00,80880.76,80880.77,80880.765,0.851524353,80857.5,80857.51,80857.505,0.912976503,80856.9,80857.0,80856.95,0.859610558,80850.0530025,80850.15299700001,80850.10299975,0.831907511
2026-09-04 03:39:27+00:00,80880.76,80880.77,80880.765,0.699117661,80857.5,80857.51,80857.505,0.909310341,80856.9,80857.0,80856.95,0.862425566,80850.0530025,80850.15299700001,80850.10299975,0.839180946
2026-09-04 03:39:30+00:00,80880.76,80880.77,80880.765,0.81586647,80856.75,80856.76,80856.755,0.874034405,80856.9,80857.0,80856.95,0.827244282,80851.6700925,80851.77008900001,80851.72009075001,0.804507256
2026-09-04 03:39:33+00:00,80880.76,80880.77,80880.765,0.808064461,80856.01,80856.02,80856.015,0.89844799,80856.9,80857.0,80856.95,0.808458805,80851.6700925,80851.77008900001,80851.72009075001,0.807053089
2026-09-04 03:39:36+00:00,80880.76,80880.77,80880.765,0.819858074,80856.01,80856.02,80856.015,0.902230024,80856.9,80857.0,80856.95,0.819461107,80851.6700925,80851.77008900001,80851.72009075001,0.819787502
2026-09-04 03:39:39+00:00,80880.76,80880.77,80880.765,0.710001945,80856.01,80856.02,80856.015,0.898426056,80856.9,80857.0,80856.95,0.846540928,80851.6700925,80851.77008900001,80851.72009075001,0.826915503
2026-09-04 03:39:42+00:00,80880.76,80880.77,80880.765,0.827116489,80856.01,80856.02,80856.015,0.849714994,80856.9,80857.0,80856.95,0.836898088,80851.6700925,80851.77008900001,80851.72009075001,0.816155434
2026-09-04 03:39:45+00:00,80880.76,80880.78,80880.76999999999,0.703714609,80856.01,80856.02,80856.015,0.892505884,80856.9,80857.0,80856.95,0.837188959,80851.6700925,80851.77008900001,80851.72009075001,0.820296764
2026-09-04 03:39:48+00:00,80880.76,80880.77,80880.765,0.701379776,80856.01,80856.02,80856.015,0.889070511,80856.9,80857.0,80856.95,0.835107088,80851.6700925,80851.77008900001,80851.72009075001,0.814625978
2026-09-04 03:39:51+00:00,80880.76,80880.77,80880.765,0.685020924,80856.01,80856.02,80856.015,0.874396563,80856.9,80857.0,80856.95,0.819139004,80851.6700925,80851.77008900001,80851.72009075001,0.803368568
2026-09-04 03:39:54+00:00,80840.44,80844.29,80842.36499999999,0.69016552,80833.51,80833.52,80833.515,0.874636889,80851.1,80851.2,80851.15,0.806246042,80828.170915,80828.2709115,80828.22091325,0.804651976
2026-09-04 03:39:57+00:00,80840.42,80843.41,80841.91500000001,0.686396599,80830.3,80830.31,80830.305,0.873393059,80847.6,80847.7,80847.65,0.817592621,80827.17095,80827.27094650001,80827.22094825,0.804829597
2026-09-04 03:40:00+00:00,80840.42,80843.41,80841.91500000001,0.799425125,80830.3,80830.31,80830.305,0.857646465,80847.5,80847.6,80847.55,0.7997756,80823.17109,80823.27108650001,80823.22108825001,0.77635479
2026-09-04 03:40:03+00:00,80840.44,80841.02,80840.73000000001,0.6439116,80843.82,80843.83,80843.82500000001,0.835588455,80846.3,80846.4,80846.35,0.782598972,80831.666604,80831.7666,80831.716602,0.761035442
2026-09-04 03:40:06+00:00,80822.88,80831.8,80827.34,0.672828913,80831.85,80831.86,80831.85500000001,0.86687398,80841.5,80841.6,80841.55,0.79820919,80820.167064,80820.26706,80820.217062,0.78998518
2026-09-04 03:40:09+00:00,80822.91,80824.44,80823.675,0.678647995,80810.1,80810.11,80810.10500000001,0.86234045,80816.9,80817.0,80816.95,0.803044081,80804.66768399999,80804.76767999999,80804.71768199999,0.77946043
2026-09-04 03:40:12+00:00,80822.91,80824.95,80823.93,0.625887156,80810.1,80810.11,80810.10500000001,0.859812975,80816.9,80817.0,80816.95,0.809668303,80804.66768399999,80804.76767999999,80804.71768199999,0.773932934
2026-09-04 03:40:15+00:00,80822.91,80823.65,80823.28,0.649837494,80820.2,80820.21,80820.205,0.8118155,80816.9,80817.0,80816.95,0.789431095,80814.867276,80814.967272,80814.917274,0.763887882
2026-09-04 03:40:18+00:00,80826.1,80826.96,80826.53,0.651938438,80820.2,80820.21,80820.205,0.847522974,80816.9,80817.0,80816.95,0.795865059,80814.867276,80814.967272,80814.917274,0.736401081
2026-09-04 03:40:21+00:00,80826.1,80830.15,80828.125,0.659698009,80831.81,80831.82,80831.815,0.84414649,80826.5,80826.6,80826.55,0.78840971,80826.666804,80826.7668,80826.716802,0.768420696
2026-09-04 03:40:24+00:00,80826.1,80830.15,80828.125,0.652115822,80831.81,80831.82,80831.815,0.836790562,80826.5,80826.6,80826.55,0.791717052,80820.867036,80820.967032,80820.917034,0.756891012
2026-09-04 03:40:27+00:00,80826.1,80830.15,80828.125,0.65047431,80831.81,80831.82,80831.815,0.836927414,80826.5,80826.6,80826.55,0.774234295,80820.867036,80820.967032,80820.917034,0.760215282
2026-09-04 03:40:30+00:00,80826.1,80830.15,80828.125,0.641402006,80831.81,80831.82,80831.815,0.830198288,80826.5,80826.6,80826.55,0.781132936,80820.867036,80820.967032,80820.917034,0.760420322
2026-09-04 03:40:33+00:00,80826.1,80830.15,80828.125,0.767650604,80831.81,80831.82,80831.815,0.823403358,80826.5,80826.6,80826.55,0.771713495,80820.867036,80820.967032,80820.917034,0.751040936
2026-09-04 03:40:36+00:00,80826.1,80830.15,80828.125,0.548048496,80831.81,80831.82,80831.815,0.770675898,80826.5,80826.6,80826.55,0.716705799,80820.867036,80820.967032,80820.917034,0.69683218
2026-09-04 03:40:39+00:00,80826.1,80830.15,80828.125,0.630095959,80831.81,80831.82,80831.815,0.815782309,80826.5,80826.6,80826.55,0.740088463,80820.867036,80820.967032,80820.917034,0.739914417
2026-09-04 03:40:42+00:00,80826.1,80830.15,80828.125,0.628180504,80831.81,80831.82,80831.815,0.799230576,80826.5,80826.6,80826.55,0.760004997,80820.867036,80820.967032,80820.917034,0.73964262
2026-09-04 03:40:45+00:00,80826.1,80830.15,80828.125,0.587672949,80824.28,80824.29,80824.285,0.810420036,80826.5,80826.6,80826.55,0.757814884,80820.867036,80820.967032,80820.917034,0.739746572
2026-09-04 03:40:48+00:00,80826.1,80830.15,80828.125,0.701994419,80824.5,80824.51,80824.505,0.763597488,80826.5,80826.6,80826.55,0.713276386,80818.967112,80819.067108,80819.01711,0.677858829
2026-09-04 03:40:51+00:00,80826.1,80830.15,80828.125,0.698908091,80825.06,80825.07,80825.065,0.805251598,80826.5,80826.6,80826.55,0.75096941,80818.967112,80819.067108,80819.01711,0.698271036
2026-09-04 03:40:54+00:00,80826.1,80830.15,80828.125,0.61113286,80826.13,80826.14,80826.13500000001,0.799390554,80826.5,80826.6,80826.55,0.748498917,80818.967112,80819.067108,80819.01711,0.730598927
2026-09-04 03:40:57+00:00,80826.1,80830.15,80828.125,0.731729507,80826.87,80826.88,80826.875,0.795449972,80826.5,80826.6,80826.55,0.734081508,80818.967112,80819.067108,80819.01711,0.713812113
2026-09-04 03:41:00+00:00,80826.1,80830.15,80828.125,0.606811047,80826.87,80826.93,80826.9,0.794062614,80826.5,80826.6,80826.55,0.738412857,80818.967112,80819.067108,80819.01711,0.720569134
2026-09-04 03:41:03+00:00,80826.1,80830.15,80828.125,0.60908556,80826.87,80826.88,80826.875,0.789191484,80819.4,80819.5,80819.45,0.74083209,80818.967112,80819.067108,80819.01711,0.721799135
2026-09-04 03:41:06+00:00,80826.1,80830.15,80828.125,0.564145565,80826.87,80827.25,80827.06,0.751389503,80819.4,80819.5,80819.45,0.696819544,80818.967112,80819.067108,80819.01711,0.67719841
2026-09-04 03:41:09+00:00,80826.1,80830.15,80828.125,0.580287695,80827.16,80827.17,80827.16500000001,0.767273426,80819.4,80819.5,80819.45,0.716830492,80818.967112,80819.067108,80819.01711,0.682077885
2026-09-04 03:41:12+00:00,80826.1,80830.15,80828.125,0.70107317,80827.16,80827.17,80827.16500000001,0.782109976,80819.4,80819.5,80819.45,0.700648785,80818.967112,80819.067108,80819.01711,0.701453924
2026-09-04 03:41:15+00:00,80826.1,80830.15,80828.125,0.710808516,80820.0,80820.01,80820.005,0.769744873,80819.4,80819.5,80819.45,0.710036993,80816.971307,80817.0713035,80817.02130525,0.700332642
2026-09-04 03:41:18+00:00,80826.1,80829.57,80827.835,0.581140518,80820.0,80820.01,80820.005,0.76868391,80819.4,80819.5,80819.45,0.714590311,80816.971307,80817.0713035,80817.02130525,0.697711706
2026-09-04 03:41:21+00:00,80826.1,80829.57,80827.835,0.574357033,80819.25,80819.26,80819.255,0.766360998,80819.4,80819.5,80819.45,0.707445145,80816.971307,80817.0713035,80817.02130525,0.692637444
2026-09-04 03:41:24+00:00,80826.1,80827.3,80826.70000000001,0.694771528,80814.59,80815.31,80814.95,0.759920597,80819.4,80819.5,80819.45,0.70220089,80815.17137,80815.2713665,80815.22136825,0.68629837
2026-09-04 03:41:27+00:00,80823.47,80824.08,80823.775,0.685978889,80806.34,80806.44,80806.39,0.749382019,80819.4,80819.5,80819.45,0.697089672,80806.6716675,80806.771664,80806.72166575,0.670825005
2026-09-04 03:41:30+00:00,80816.02,80820.04,80818.03,0.553815603,80807.5,80807.51,80807.505,0.742765903,80819.4,80819.5,80819.45,0.691656113,80806.6716675,80806.771664,80806.72166575,0.657721996
2026-09-04 03:41:33+00:00,80816.02,80820.05,80818.035,0.671005011,80820.26,80821.56,80820.91,0.735561372,80819.4,80819.5,80819.45,0.677630424,80816.87131049999,80816.971307,80816.92130875,0.657347202
2026-09-04 03:41:36+00:00,80816.02,80820.05,80818.035,0.527325153,80820.3,80820.31,80820.305,0.716288567,80819.4,80819.5,80819.45,0.666172504,80816.87131049999,80816.971307,80816.92130875,0.645257711
2026-09-04 03:41:39+00:00,80816.02,80820.05,80818.035,0.665533543,80820.3,80820.31,80820.305,0.726762295,80819.4,80819.5,80819.45,0.670902729,80816.87131049999,80816.971307,80816.92130875,0.654686451
2026-09-04 03:41:42+00:00,80819.64,80823.69,80821.66500000001,0.526471138,80823.87,80823.88,80823.875,0.713942289,80819.4,80819.5,80819.45,0.660175562,80821.371153,80821.47114950001,80821.42115125,0.642441034
2026-09-04 03:41:45+00:00,80819.64,80823.69,80821.66500000001,0.513000488,80823.87,80823.88,80823.875,0.699670553,80819.4,80819.5,80819.45,0.645924091,80821.371153,80821.47114950001,80821.42115125,0.607860565
2026-09-04 03:41:48+00:00,80819.64,80823.69,80821.66500000001,0.512674093,80823.87,80823.88,80823.875,0.69593811,80819.4,80819.5,80819.45,0.645819664,80818.971237,80819.0712335,80819.02123525,0.624481916
2026-09-04 03:41:51+00:00,80819.64,80823.69,80821.66500000001,0.626232624,80823.87,80823.88,80823.875,0.685064077,80819.4,80819.5,80819.45,0.635314941,80818.971237,80819.0712335,80819.02123525,0.602555513
2026-09-04 03:41:54+00:00,80819.64,80823.69,80821.66500000001,0.620841026,80817.76,80817.77,80817.765,0.681977987,80819.4,80819.5,80819.45,0.63100791,80815.07137349999,80815.17137,80815.12137174999,0.607673883
2026-09-04 03:41:57+00:00,80819.64,80823.69,80821.66500000001,0.610764503,80817.76,80817.77,80817.765,0.66949749,80819.4,80819.5,80819.45,0.610385418,80810.571531,80810.6715275,80810.62152925,0.575767994
2026-09-04 03:42:00+00:00,80819.64,80823.69,80821.66500000001,0.60906744,80817.76,80817.77,80817.765,0.671614647,80819.4,80819.5,80819.45,0.620126486,80810.571531,80810.6715275,80810.62152925,0.599142551
2026-09-04 03:42:03+00:00,80819.64,80820.74,80820.19,0.475844383,80815.51,80815.52,80815.515,0.669509888,80819.4,80819.5,80819.45,0.619189501,80805.2717165,80805.371713,80805.32171475,0.597600937
2026-09-04 03:42:06+00:00,80819.65,80820.97,80820.31,0.596730471,80815.51,80815.52,80815.515,0.656727552,80819.4,80819.5,80819.45,0.606508017,80805.2717165,80805.371713,80805.32171475,0.586991549
2026-09-04 03:42:09+00:00,80819.65,80822.89,80821.26999999999,0.467651845,80815.51,80815.52,80815.515,0.649251699,80819.4,80819.5,80819.45,0.59424901,80805.2717165,80805.371713,80805.32171475,0.562550068
2026-09-04 03:42:12+00:00,80819.65,80822.89,80821.26999999999,0.586842299,80815.51,80815.52,80815.515,0.647423983,80819.4,80819.5,80819.45,0.592358589,80805.2717165,80805.371713,80805.32171475,0.570057392
2026-09-04 03:42:15+00:00,80819.65,80822.89,80821.26999999999,0.450541496,80815.51,80815.52,80815.515,0.635499001,80819.4,80819.5,80819.45,0.584758759,80805.2717165,80805.371713,80805.32171475,0.520018101
2026-09-04 03:42:18+00:00,80819.65,80821.12,80820.385,0.570863485,80817.22,80817.23,80817.225,0.630470037,80819.4,80819.5,80819.45,0.583951712,80812.971447,80813.0714435,80813.02144525,0.517891407
2026-09-04 03:42:21+00:00,80819.65,80823.69,80821.67,0.515844345,80819.99,80820.0,80819.995,0.6219244,80819.4,80819.5,80819.45,0.515195847,80814.8713805,80814.97137700001,80814.92137875,0.515977383
2026-09-04 03:42:24+00:00,80819.67,80823.7,80821.685,0.44093442,80819.99,80820.0,80819.995,0.605443954,80819.4,80819.5,80819.45,0.43720293,80814.8713805,80814.97137700001,80814.92137875,0.437877655
2026-09-04 03:42:27+00:00,80819.67,80823.7,80821.685,0.41645956,80819.99,80820.0,80819.995,0.609806061,80819.4,80819.5,80819.45,0.559190035,80814.8713805,80814.97137700001,80814.92137875,0.529129028
2026-09-04 03:42:30+00:00,80819.67,80823.7,80821.685,0.41826582,80819.99,80820.0,80819.995,0.606216431,80819.4,80819.5,80819.45,0.550019503,80814.8713805,80814.97137700001,80814.92137875,0.527795553
2026-09-04 03:42:33+00:00,80819.67,80823.7,80821.685,0.411375046,80819.99,80820.0,80819.995,0.592973948,80819.4,80819.5,80819.45,0.54259491,80814.8713805,80814.97137700001,80814.92137875,0.477621078
2026-09-04 03:42:36+00:00,80819.67,80823.7,80821.685,0.526176929,80819.99,80820.0,80819.995,0.586108923,80819.4,80819.5,80819.45,0.539829493,80814.8713805,80814.97137700001,80814.92137875,0.501616955
2026-09-04 03:42:39+00:00,80819.67,80821.39,80820.53,0.385872841,80815.5,80815.51,80815.505,0.555963516,80819.4,80819.5,80819.45,0.516823053,80804.8717305,80804.971727,80804.92172874999,0.497829914
2026-09-04 03:42:42+00:00,80819.67,80821.39,80820.53,0.505124092,80815.5,80815.51,80815.505,0.567866564,80819.4,80819.5,80819.45,0.505198002,80804.8717305,80804.971727,80804.92172874999,0.491217375
2026-09-04 03:42:45+00:00,80819.67,80821.29,80820.48,0.372509003,80814.75,80814.76,80814.755,0.560861588,80819.4,80819.5,80819.45,0.507767439,80804.8717305,80804.971727,80804.92172874999,0.478858471
2026-09-04 03:42:48+00:00,80819.67,80821.29,80820.48,0.487304211,80811.68,80811.69,80811.685,0.545814514,80819.4,80819.5,80819.45,0.496221067,80804.8717305,80804.971727,80804.92172874999,0.469686985
2026-09-04 03:42:51+00:00,80819.67,80821.39,80820.53,0.461925507,80811.68,80811.69,80811.685,0.522485018,80819.4,80819.5,80819.45,0.47159791,80804.8717305,80804.971727,80804.92172874999,0.445436954
2026-09-04 03:42:54+00:00,80819.67,80821.39,80820.53,0.342876911,80811.68,80811.69,80811.685,0.530540466,80819.4,80819.5,80819.45,0.455628395,80804.8717305,80804.971727,80804.92172874999,0.455965996
2026-09-04 03:42:57+00:00,80819.67,80821.39,80820.53,0.45886302,80811.68,80811.69,80811.685,0.527582884,80819.4,80819.5,80819.45,0.474603891,80804.8717305,80804.971727,80804.92172874999,0.444655418
2026-09-04 03:43:00+00:00,80819.67,80821.39,80820.53,0.457376003,80811.68,80811.69,80811.685,0.518768311,80819.4,80819.5,80819.45,0.467439413,80804.8717305,80804.971727,80804.92172874999,0.439433098
2026-09-04 03:43:03+00:00,80819.67,80821.39,80820.53,0.293684483,80813.03,80813.04,80813.035,0.47674799,80819.4,80819.5,80819.45,0.392669201,80804.8717305,80804.971727,80804.92172874999,0.392519951
2026-09-04 03:43:06+00:00,80819.67,80821.39,80820.53,0.410280704,80813.94,80814.63,80814.285,0.459071398,80819.4,80819.5,80819.45,0.40990591,80812.2714715,80812.371468,80812.32146975,0.410349131
2026-09-04 03:43:09+00:00,80819.67,80823.54,80821.605,0.435921431,80819.99,80820.0,80819.995,0.496191979,80819.4,80819.5,80819.45,0.439053535,80814.771384,80814.8713805,80814.82138225,0.427152157
2026-09-04 03:43:12+00:00,80823.71,80823.72,80823.715,0.426593065,80822.67,80822.68,80822.67499999999,0.487835884,80819.4,80819.5,80819.45,0.434238911,80814.771384,80814.8713805,80814.82138225,0.417350292
2026-09-04 03:43:15+00:00,80839.21,80839.22,80839.215,0.289442301,80850.49,80850.5,80850.495,0.4468894,80842.8,80842.9,80842.85,0.424853086,80847.17025,80847.2702465,80847.22024825,0.348640442
2026-09-04 03:43:18+00:00,80852.75,80852.76,80852.755,0.281917572,80850.49,80850.5,80850.495,0.474124908,80842.8,80842.9,80842.85,0.420732975,80847.17025,80847.2702465,80847.22024825,0.372163534
2026-09-04 03:43:21+00:00,80859.1,80870.21,80864.655,0.282853127,80857.89,80863.1,80860.495,0.465834619,80856.9,80857.0,80856.95,0.338719845,80857.8698755,80857.969872,80857.91987375,0.393979073
2026-09-04 03:43:24+00:00,80869.43,80873.45,80871.44,0.265518188,80870.69,80870.7,80870.695,0.44918251,80866.3,80866.4,80866.35,0.406577587,80869.769459,80869.8694555,80869.81945725,0.385520458
2026-09-04 03:43:27+00:00,80869.43,80873.45,80871.44,0.255716801,80870.69,80872.29,80871.48999999999,0.446166515,80866.3,80866.4,80866.35,0.392695904,80867.4695395,80867.569536,80867.51953774999,0.370435715
2026-09-04 03:43:30+00:00,80869.43,80873.48,80871.45499999999,0.248466015,80872.28,80872.29,80872.285,0.43006897,80866.3,80866.4,80866.35,0.381456375,80867.4695395,80867.569536,80867.51953774999,0.364926815
2026-09-04 03:43:33+00:00,80869.43,80873.48,80871.45499999999,0.236679554,80872.28,80872.29,80872.285,0.4234519,80866.3,80866.4,80866.35,0.378813028,80867.4695395,80867.569536,80867.51953774999,0.354524851
2026-09-04 03:43:36+00:00,80869.43,80873.48,80871.45499999999,0.229650974,80872.28,80872.29,80872.285,0.408297539,80866.3,80866.4,80866.35,0.364251614,80867.4695395,80867.569536,80867.51953774999,0.343903065
2026-09-04 03:43:39+00:00,80869.43,80873.48,80871.45499999999,0.344176292,80872.28,80872.29,80872.285,0.392978191,80866.3,80866.4,80866.35,0.350410461,80866.2695815,80866.369578,80866.31957975001,0.322443008
2026-09-04 03:43:42+00:00,80869.43,80873.48,80871.45499999999,0.334438562,80872.28,80872.29,80872.285,0.395493031,80866.3,80866.4,80866.35,0.346325397,80866.2695815,80866.369578,80866.31957975001,0.321199894
2026-09-04 03:43:45+00:00,80869.43,80874.79,80872.10999999999,0.331677437,80872.28,80872.29,80872.285,0.392439604,80866.3,80866.4,80866.35,0.339603424,80866.2695815,80866.369578,80866.31957975001,0.321319103
2026-09-04 03:43:48+00:00,80869.43,80873.48,80871.45499999999,0.319920063,80865.86,80865.87,80865.86499999999,0.38113451,80866.3,80866.4,80866.35,0.332966089,80866.369578,80866.4695745,80866.41957625,0.310968876
2026-09-04 03:43:51+00:00,80869.43,80873.48,80871.45499999999,0.185147285,80865.86,80865.87,80865.86499999999,0.373775482,80866.3,80866.4,80866.35,0.310609579,80863.569676,80863.6696725,80863.61967424999,0.288991928
2026-09-04 03:43:54+00:00,80869.43,80873.48,80871.45499999999,0.175081491,80865.86,80865.87,80865.86499999999,0.35819006,80866.3,80866.4,80866.35,0.313548565,80863.569676,80863.6696725,80863.61967424999,0.28284359
2026-09-04 03:43:57+00:00,80869.43,80873.48,80871.45499999999,0.293020487,80865.86,80865.87,80865.86499999999,0.355216026,80866.3,80866.4,80866.35,0.296965122,80863.569676,80863.6696725,80863.61967424999,0.28418231
2026-09-04 03:44:00+00:00,80869.43,80873.48,80871.45499999999,0.282015085,80866.79,80866.94,80866.86499999999,0.344378948,80866.3,80866.4,80866.35,0.292961121,80863.569676,80863.6696725,80863.61967424999,0.263180733
2026-09-04 03:44:03+00:00,80869.43,80873.48,80871.45499999999,0.271111012,80869.28,80869.53,80869.405,0.335817099,80866.3,80866.4,80866.35,0.282475948,80863.569676,80863.6696725,80863.61967424999,0.248080492
2026-09-04 03:44:06+00:00,80869.43,80872.46,80870.945,0.130732298,80858.83,80867.71,80863.27,0.320480108,80866.3,80866.4,80866.35,0.265508175,80863.569676,80863.6696725,80863.61967424999,0.238245964
2026-09-04 03:44:09+00:00,80869.43,80871.73,80870.57999999999,0.126899958,80861.77,80863.13,80862.45000000001,0.315695286,80858.4,80858.5,80858.45,0.25769043,80852.970047,80853.07004349999,80853.02004524998,0.240063906
2026-09-04 03:44:12+00:00,80869.43,80871.73,80870.57999999999,0.115112305,80859.02,80859.03,80859.025,0.304078102,80858.4,80858.5,80858.45,0.253623962,80852.970047,80853.07004349999,80853.02004524998,0.228729486
2026-09-04 03:44:15+00:00,80869.43,80871.73,80870.57999999999,0.105938911,80859.15,80859.16,80859.155,0.297096968,80858.4,80858.5,80858.45,0.2469666,80852.970047,80853.07004349999,80853.02004524998,0.224371433
2026-09-04 03:44:18+00:00,80869.43,80873.47,80871.45,0.101514339,80860.24,80860.25,80860.245,0.291318893,80858.4,80858.5,80858.45,0.234636784,80852.970047,80853.07004349999,80853.02004524998,0.211270332
2026-09-04 03:44:21+00:00,80873.32,80877.22,80875.27,0.221180439,80871.26,80871.75,80871.505,0.277319908,80866.3,80866.4,80866.35,0.232076406,80873.4693295,80873.569326,80873.51932775,0.210255623
2026-09-04 03:44:24+00:00,80873.35,80875.69,80874.52,0.217303514,80867.33,80867.34,80867.33499999999,0.275257111,80866.3,80866.4,80866.35,0.22461009,80863.369683,80863.4696795,80863.41968125,0.20092845
2026-09-04 03:44:27+00:00,80873.35,80877.37,80875.36,0.078364849,80868.33,80871.16,80869.745,0.240808487,80866.3,80866.4,80866.35,0.214014292,80866.4695745,80866.569571,80866.51957275,0.184704304
2026-09-04 03:44:30+00:00,80873.35,80877.37,80875.36,0.195303917,80868.35,80871.12,80869.735,0.257990837,80866.3,80866.4,80866.35,0.130759954,80866.4695745,80866.569571,80866.51957275,0.18391037
2026-09-04 03:44:33+00:00,80873.35,80877.22,80875.285,0.056667805,80859.02,80862.43,80860.725,0.247242451,80866.3,80866.4,80866.35,0.194366932,80858.4698545,80858.569851,80858.51985275,0.17237711
2026-09-04 03:44:36+00:00,80873.35,80877.4,80875.375,0.047457218,80878.64,80878.65,80878.64499999999,0.218672037,80866.3,80866.4,80866.35,0.181843281,80870.369438,80870.4694345,80870.41943625,0.137655497
2026-09-04 03:44:39+00:00,80873.35,80877.4,80875.375,0.171676159,80878.64,80878.65,80878.64499999999,0.231434822,80866.3,80866.4,80866.35,0.176430941,80870.369438,80870.4694345,80870.41943625,0.161359072
2026-09-04 03:44:42+00:00,80873.35,80877.4,80875.375,0.159759998,80878.64,80878.65,80878.64499999999,0.218829632,80866.3,80866.4,80866.35,0.16900897,80870.369438,80870.4694345,80870.41943625,0.144280434
2026-09-04 03:44:45+00:00,80873.35,80879.15,80876.25,0.148103714,80878.64,80878.65,80878.64499999999,0.206399918,80866.3,80866.4,80866.35,0.156115055,80870.369438,80870.4694345,80870.41943625,0.134215832
2026-09-04 03:44:48+00:00,80873.35,80877.4,80875.375,0.015566111,80874.4,80874.41,80874.405,0.204688072,80866.3,80866.4,80866.35,0.152087688,80870.369438,80870.4694345,80870.41943625,0.129484177
2026-09-04 03:44:51+00:00,80873.35,80877.4,80875.375,0.137641907,80874.42,80874.43,80874.42499999999,0.196517944,80866.3,80866.4,80866.35,0.144312859,80870.369438,80870.4694345,80870.41943625,0.122188091
2026-09-04 03:44:54+00:00,80873.35,80877.4,80875.375,0.12728405,80874.42,80874.43,80874.42499999999,0.186648846,80866.3,80866.4,80866.35,0.134132862,80870.369438,80870.4694345,80870.41943625,0.107301712
2026-09-04 03:44:57+00:00,80873.35,80877.4,80875.375,3.12728405,80874.42,80874.43,80874.42499999999,0.182668686,80866.3,80866.4,80866.35,0.061563015,80870.369438,80870.4694345,80870.41943625,0.073042631
2026-09-04 03:45:00+00:00,80873.35,80877.4,80875.375,0.116481543,80874.42,80874.43,80874.42499999999,0.18067646,80866.3,80866.4,80866.35,0.124717712,80870.369438,80870.4694345,80870.41943625,0.102807522
2026-09-04 03:45:03+00:00,80873.35,80877.4,80875.375,3.116481543,80876.23,80876.24,80876.235,0.167388439,80866.3,80866.4,80866.35,0.118403435,80870.369438,80870.4694345,80870.41943625,0.095426559
2026-09-04 03:45:06+00:00,80873.35,80877.4,80875.375,0.100167513,80876.23,80876.24,80876.235,0.162600994,80866.3,80866.4,80866.35,0.111715317,80870.369438,80870.4694345,80870.41943625,0.080204964
2026-09-04 03:45:09+00:00,80873.35,80877.4,80875.375,3.100167513,80876.23,80876.24,80876.235,0.154268026,80866.3,80866.4,80866.35,0.103313446,80870.369438,80870.4694345,80870.41943625,0.080430031
2026-09-04 03:45:12+00:00,80873.35,80877.4,80875.375,2.969927073,80876.23,80876.24,80876.235,0.149369001,80866.3,80866.4,80866.35,0.099740505,80870.369438,80870.4694345,80870.41943625,0.075944901
2026-09-04 03:45:15+00:00,80873.35,80877.4,80875.375,0.074542284,80876.23,80876.24,80876.235,0.137866497,80866.3,80866.4,80866.35,0.088347435,80870.2694415,80870.369438,80870.31943974999,0.059479713
2026-09-04 03:45:18+00:00,80873.35,80877.4,80875.375,0.072268009,80876.23,80876.24,80876.235,0.133276939,80866.3,80866.4,80866.35,0.085318565,80870.2694415,80870.369438,80870.31943974999,0.05715251
2026-09-04 03:45:21+00:00,80873.35,80877.4,80875.375,3.072268009,80876.24,80876.25,80876.245,0.124588013,80866.3,80866.4,80866.35,0.066324472,80870.2694415,80870.369438,80870.31943974999,0.053901911
2026-09-04 03:45:24+00:00,80873.35,80877.4,80875.375,2.934629918,80876.24,80876.25,80876.245,0.118565083,80866.3,80866.4,80866.35,0.066445351,80870.2694415,80870.369438,80870.31943974999,0.042883158
2026-09-04 03:45:27+00:00,80873.35,80877.4,80875.375,2.926911354,80871.76,80871.77,80871.765,0.116590023,80866.3,80866.4,80866.35,0.061837673,80857.1699,80857.2698965,80857.21989825,0.028487682
2026-09-04 03:45:30+00:00,80873.35,80874.89,80874.12,0.048094988,80871.76,80871.77,80871.765,0.109342098,80866.3,80866.4,80866.35,0.057023525,80857.1699,80857.2698965,80857.21989825,0.03656292
2026-09-04 03:45:33+00:00,80873.35,80874.89,80874.12,3.048094988,80882.98,80882.99,80882.985,0.095118046,80866.3,80866.4,80866.35,0.041157484,80873.064948,80873.16494399999,80873.11494599999,0.026561499
2026-09-04 03:45:36+00:00,80874.17,80877.4,80875.785,2.909581661,80882.99,80883.0,80882.995,0.085563183,80866.3,80866.4,80866.35,0.035338402,80873.064948,80873.16494399999,80873.11494599999,0.014013529
2026-09-04 03:45:39+00:00,80874.17,80878.22,80876.195,2.897442341,80882.98,80882.99,80882.985,0.072371483,80866.3,80866.4,80866.35,0.02282691,80873.064948,80873.16494399999,80873.11494599999,0.008516312
2026-09-04 03:45:42+00:00,80882.18,80886.23,80884.20499999999,0.008258104,80891.48,80891.49,80891.485,0.065791607,80888.7,80888.8,80888.75,0.019412518,80873.064948,80873.16494399999,80873.11494599999,3.008516312
2026-09-04 03:45:45+00:00,80882.18,80886.23,80884.20499999999,0.001113176,80891.48,80891.49,80891.485,0.03712368,80888.7,80888.8,80888.75,0.011516094,80884.664484,80884.76448,80884.714482,2.997610092
2026-09-04 03:45:48+00:00,80882.18,80886.23,80884.20499999999,3.001113176,80891.48,80891.49,80891.485,0.053445101,80888.7,80888.8,80888.75,0.005648851,80884.664484,80884.76448,80884.714482,2.989308596
2026-09-04 03:45:51+00:00,80882.18,80886.23,80884.20499999999,2.996458292,80891.48,80891.49,80891.485,0.042417049,80888.7,80888.8,80888.75,3.005648851,80882.26458,80882.364576,80882.314578,2.980838299
2026-09-04 03:45:54+00:00,80882.18,80886.23,80884.20499999999,2.984643936,80891.48,80891.49,80891.485,0.033396959,80888.7,80888.8,80888.75,2.994764328,80882.26458,80882.364576,80882.314578,2.972831488
2026-09-04 03:45:57+00:00,80882.18,80886.23,80884.20499999999,2.844372988,80891.48,80891.49,80891.485,0.03192997,80888.7,80888.8,80888.75,2.987635612,80882.26458,80882.364576,80882.314578,2.963371992
2026-09-04 03:46:00+00:00,80882.18,80886.23,80884.20499999999,2.841749668,80891.48,80891.49,80891.485,0.025649071,80888.7,80888.8,80888.75,2.98032856,80882.26458,80882.364576,80882.314578,2.963160515
2026-09-04 03:46:03+00:00,80882.18,80886.23,80884.20499999999,2.961361408,80886.98,80886.99,80886.985,0.017369986,80886.2,80886.3,80886.25,2.972390175,80879.4602605,80879.560256,80879.51025825,2.949471712
2026-09-04 03:46:06+00:00,80882.18,80886.23,80884.20499999999,2.96056962,80887.81,80887.82,80887.815,0.011520863,80886.2,80886.3,80886.25,2.901635408,80879.4602605,80879.560256,80879.51025825,2.941986561
2026-09-04 03:46:09+00:00,80880.25,80884.3,80882.275,2.828689098,80887.81,80887.82,80887.815,3.011520863,80886.2,80886.3,80886.25,2.959597588,80868.36076,80868.4607555,80868.41075775,2.939539909
2026-09-04 03:46:12+00:00,80880.25,80884.3,80882.275,2.938154936,80875.0,80875.01,80875.005,2.996125698,80886.2,80886.3,80886.25,2.947931767,80867.960778,80868.0607735,80868.01077575,2.918480873
2026-09-04 03:46:15+00:00,80880.25,80884.29,80882.26999999999,2.932152987,80875.0,80875.01,80875.005,2.991269112,80886.2,80886.3,80886.25,2.93927002,80867.960778,80868.0607735,80868.01077575,2.901731014
2026-09-04 03:46:18+00:00,80880.25,80883.42,80881.83499999999,2.795988083,80878.74,80878.75,80878.745,2.980329514,80886.2,80886.3,80886.25,2.929397106,80868.36076,80868.4607555,80868.41075775,2.910764456
2026-09-04 03:46:21+00:00,80880.25,80883.62,80881.935,2.784692764,80878.74,80878.75,80878.745,2.975287914,80886.2,80886.3,80886.25,2.924000025,80868.76512,80868.865116,80868.815118,2.905241489
2026-09-04 03:46:24+00:00,80880.25,80883.62,80881.935,2.910533905,80878.74,80878.75,80878.745,2.971414089,80886.2,80886.3,80886.25,2.91638279,80868.36076,80868.4607555,80868.41075775,2.89926672
2026-09-04 03:46:27+00:00,80880.25,80884.29,80882.26999999999,2.775987625,80878.74,80878.75,80878.745,2.961005449,80886.2,80886.3,80886.25,2.909360409,80868.160769,80868.2607645,80868.21076675,2.891038179
2026-09-04 03:46:30+00:00,80880.25,80882.16,80881.205,2.894846916,80873.97,80873.98,80873.975,2.955806971,80879.9,80880.0,80879.95,2.905227661,80868.565128,80868.66512399999,80868.61512599999,2.880971432
2026-09-04 03:46:33+00:00,80858.25,80862.48,80860.36499999999,2.887875557,80871.06,80871.07,80871.065,2.942837,80871.4,80871.5,80871.45,2.894805908,80853.56142599999,80853.6614215,80853.61142375,2.871533394
2026-09-04 03:46:36+00:00,80856.21,80860.25,80858.23000000001,2.875266552,80851.38,80851.39,80851.38500000001,2.936073303,80864.0,80864.1,80864.05,2.8843503,80845.161804,80845.26179949999,80845.21180175,2.85943079
2026-09-04 03:46:39+00:00,80856.21,80857.57,80856.89000000001,2.729210377,80851.38,80851.39,80851.38500000001,2.924106598,80859.9,80860.0,80859.95,2.874457598,80845.161804,80845.26179949999,80845.21180175,2.849438906
2026-09-04 03:46:42+00:00,80866.41,80866.42,80866.41500000001,2.857845545,80851.44,80851.45,80851.445,2.917323589,80867.6,80867.7,80867.65,2.872116567,80845.161804,80845.26179949999,80845.21180175,2.851306915
2026-09-04 03:46:45+00:00,80878.19,80882.24,80880.215,2.721245289,80890.67,80890.68,80890.67499999999,2.90426898,80879.9,80880.0,80879.95,2.859200478,80874.760472,80874.8604675,80874.81046975,2.835606575
2026-09-04 03:46:48+00:00,80878.19,80882.24,80880.215,2.710051537,80890.67,80890.68,80890.67499999999,2.902258396,80879.9,80880.0,80879.95,2.817263126,80874.760472,80874.8604675,80874.81046975,2.817432404
2026-09-04 03:46:51+00:00,80887.57,80891.62,80889.595,2.824866295,80898.32,80900.56,80899.44,2.884677887,80887.7,80887.8,80887.75,2.834953308,80884.26004449998,80884.36004,80884.31004225,2.816411972
2026-09-04 03:46:54+00:00,80887.58,80891.63,80889.60500000001,2.697575092,80892.26,80892.27,80892.265,2.88301754,80887.7,80887.8,80887.75,2.761530399,80884.26004449998,80884.36004,80884.31004225,2.804433584
2026-09-04 03:46:57+00:00,80889.59,80893.01,80891.29999999999,2.683803558,80893.74,80893.75,80893.745,2.877902031,80887.7,80887.8,80887.75,2.826049805,80881.76015699998,80881.8601525,80881.81015474998,2.790511608
2026-09-04 03:47:00+00:00,80889.59,80893.64,80891.61499999999,2.807897568,80895.25,80896.29,80895.76999999999,2.870251657,80887.7,80887.8,80887.75,2.819171429,80881.76015699998,80881.8601525,80881.81015474998,2.800976515
2026-09-04 03:47:03+00:00,80889.59,80893.64,80891.61499999999,2.795994997,80895.94,80895.95,80895.945,2.865222454,80887.7,80887.8,80887.75,2.812019825,80881.76015699998,80881.8601525,80881.81015474998,2.795026779
2026-09-04 03:47:06+00:00,80889.59,80893.64,80891.61499999999,2.800734043,80895.94,80895.95,80895.945,2.860687256,80887.7,80887.8,80887.75,2.811789036,80882.569011,80882.6690075,80882.61900924999,2.772958517
2026-09-04 03:47:09+00:00,80889.59,80893.64,80891.61499999999,2.791113377,80895.94,80895.95,80895.945,2.854902029,80887.7,80887.8,80887.75,2.80048275,80882.569011,80882.6690075,80882.61900924999,2.780447006
2026-09-04 03:47:12+00:00,80889.59,80893.64,80891.61499999999,2.781411886,80892.4,80892.41,80892.405,2.844744921,80887.7,80887.8,80887.75,2.797113657,80882.569011,80882.6690075,80882.61900924999,2.772175074
2026-09-04 03:47:15+00:00,80889.59,80893.64,80891.61499999999,2.778658867,80892.4,80892.41,80892.405,2.840359688,80887.7,80887.8,80887.75,2.793497086,80882.569011,80882.6690075,80882.61900924999,2.76196003
2026-09-04 03:47:18+00:00,80905.6,80905.61,80905.60500000001,2.65149498,80911.48,80911.49,80911.485,2.830339909,80888.7,80888.8,80888.75,2.782783985,80901.8683355,80901.968332,80901.91833375,2.760592937
2026-09-04 03:47:21+00:00,80922.0,80925.09,80923.545,2.635326385,80924.99,80925.0,80924.995,2.824419022,80910.5,80910.6,80910.55,2.774873495,80913.06794349999,80913.16794,80913.11794175,2.753598928
2026-09-04 03:47:24+00:00,80922.03,80926.06,80924.045,2.638550997,80931.29,80931.3,80931.295,2.822260618,80917.6,80917.7,80917.65,2.773304462,80917.967772,80918.0677685,80918.01777025001,2.757013559
2026-09-04 03:47:27+00:00,80922.03,80926.05,80924.04000000001,2.587436914,80927.81,80927.82,80927.815,2.809564114,80917.6,80917.7,80917.65,2.764637709,80917.563168,80917.663164,80917.613166,2.744318485
2026-09-04 03:47:30+00:00,80922.03,80926.05,80924.04000000001,2.596686602,80922.77,80926.18,80924.475,2.797216415,80917.6,80917.7,80917.65,2.750191212,80917.967772,80918.0677685,80918.01777025001,2.719127417
2026-09-04 03:47:33+00:00,80922.03,80926.05,80924.04000000001,2.732038498,80922.27,80922.28,80922.275,2.790938377,80917.6,80917.7,80917.65,2.741579533,80911.2680065,80911.368003,80911.31800475,2.721457005
2026-09-04 03:47:36+00:00,80922.03,80926.05,80924.04000000001,2.718080997,80924.64,80924.65,80924.64499999999,2.781446934,80917.6,80917.7,80917.65,2.730232954,80916.56782099999,80916.6678175,80916.61781925,2.698096037
2026-09-04 03:47:39+00:00,80922.03,80926.06,80924.045,2.584088087,80924.64,80924.65,80924.64499999999,2.775311947,80917.6,80917.7,80917.65,2.723072052,80916.56782099999,80916.6678175,80916.61781925,2.701493979
2026-09-04 03:47:42+00:00,80922.03,80926.06,80924.045,2.708058119,80926.88,80926.89,80926.88500000001,2.758143425,80917.6,80917.7,80917.65,2.720580101,80916.56782099999,80916.6678175,80916.61781925,2.69977951
2026-09-04 03:47:45+00:00,80922.03,80926.08,80924.055,2.571851492,80924.5,80926.88,80925.69,2.757022858,80917.6,80917.7,80917.65,2.704480171,80916.56782099999,80916.6678175,80916.61781925,2.68590045
2026-09-04 03:47:48+00:00,80922.03,80926.08,80924.055,2.673964024,80924.31,80925.86,80925.08499999999,2.737402917,80917.6,80917.7,80917.65,2.682360649,80916.56782099999,80916.6678175,80916.61781925,2.661369085
2026-09-04 03:47:51+00:00,80922.03,80926.08,80924.055,2.685683012,80923.7,80923.71,80923.705,2.740617514,80917.6,80917.7,80917.65,2.689496994,80916.56782099999,80916.6678175,80916.61781925,2.668916702
2026-09-04 03:47:54+00:00,80922.03,80926.08,80924.055,2.553940296,80924.29,80925.62,80924.95499999999,2.743546009,80917.6,80917.7,80917.65,2.570289612,80916.56782099999,80916.6678175,80916.61781925,2.671088457
2026-09-04 03:47:57+00:00,80922.03,80926.08,80924.055,2.674767494,80925.27,80925.28,80925.275,2.732414484,80917.6,80917.7,80917.65,2.682863235,80916.56782099999,80916.6678175,80916.61781925,2.662576437
2026-09-04 03:48:00+00:00,80923.83,80930.68,80927.255,2.528537989,80928.28,80930.54,80929.41,2.722593307,80917.6,80917.7,80917.65,2.672561407,80918.0677685,80918.167765,80918.11776675,2.650940418
2026-09-04 03:48:03+00:00,80925.27,80929.32,80927.29500000001,2.538156033,80931.29,80931.3,80931.295,2.720563412,80917.6,80917.7,80917.65,2.671955109,80923.46757950001,80923.56757599999,80923.51757775,2.646210194
2026-09-04 03:48:06+00:00,80940.35,80940.36,80940.35500000001,2.653931141,80931.29,80931.3,80931.295,2.712581635,80936.0,80936.1,80936.05,2.658922911,80941.16696,80941.26695650001,80941.21695825,2.641920567
2026-09-04 03:48:09+00:00,80941.04,80944.4,80942.72,2.640608072,80951.48,80951.49,80951.485,2.701830387,80936.0,80936.1,80936.05,2.652192593,80941.16696,80941.26695650001,80941.21695825,2.630057096
2026-09-04 03:48:12+00:00,80941.04,80944.39,80942.715,2.504775524,80934.52,80936.71,80935.615,2.69697094,80936.0,80936.1,80936.05,2.642460108,80927.967422,80928.0674185,80928.01742024999,2.626658916
2026-09-04 03:48:15+00:00,80941.04,80942.5,80941.76999999999,2.625098944,80935.25,80936.71,80935.98000000001,2.686496019,80936.0,80936.1,80936.05,2.63508749,80927.967422,80928.0674185,80928.01742024999,2.612341404
2026-09-04 03:48:18+00:00,80941.18,80945.09,80943.135,2.491519928,80948.3,80948.31,80948.305,2.68056345,80936.0,80936.1,80936.05,2.625941753,80936.06713849999,80936.167135,80936.11713674999,2.60866189
2026-09-04 03:48:21+00:00,80943.07,80947.12,80945.095,2.608267307,80951.49,80951.5,80951.495,2.663952112,80936.0,80936.1,80936.05,2.615498066,80941.16696,80941.26695650001,80941.21695825,2.595828056
2026-09-04 03:48:24+00:00,80949.99,80950.0,80949.995,2.476006986,80955.0,80955.01,80955.005,2.660773516,80936.0,80936.1,80936.05,2.609906197,80950.36663799999,80950.4666345,80950.41663625,2.590265751
2026-09-04 03:48:27+00:00,80949.99,80950.0,80949.995,2.594907045,80965.09,80965.1,80965.095,2.655619383,80958.5,80958.6,80958.55,2.604945421,80966.36607799999,80966.4660745,80966.41607625,2.580504894
2026-09-04 03:48:30+00:00,80949.99,80950.0,80949.995,2.463439941,80966.98,80966.99,80966.985,2.652559757,80964.5,80964.6,80964.55,2.60036993,80966.36607799999,80966.4660745,80966.41607625,2.577183485
2026-09-04 03:48:33+00:00,80949.99,80950.0,80949.995,2.583038807,80969.98,80969.99,80969.985,2.644281387,80964.5,80964.6,80964.55,2.593456507,80966.36607799999,80966.4660745,80966.41607625,2.569840431
2026-09-04 03:48:36+00:00,80949.99,80950.0,80949.995,2.461247444,80957.98,80957.99,80957.985,2.643387556,80964.5,80964.6,80964.55,2.590090036,80949.966652,80950.0666485,80950.01665025,2.571022987
2026-09-04 03:48:39+00:00,80949.99,80950.0,80949.995,2.446471691,80955.01,80955.02,80955.015,2.633993149,80964.5,80964.6,80964.55,2.583028316,80949.966652,80950.0666485,80950.01665025,2.554265022
2026-09-04 03:48:42+00:00,80949.99,80950.0,80949.995,2.437467575,80955.01,80955.02,80955.015,2.622293949,80964.5,80964.6,80964.55,2.569545031,80944.56684099999,80944.6668375,80944.61683925,2.545217037
2026-09-04 03:48:45+00:00,80949.99,80950.0,80949.995,2.55801487,80945.16,80945.17,80945.16500000001,2.618352413,80955.5,80955.6,80955.55,2.565006971,80944.56684099999,80944.6668375,80944.61683925,2.541162491
2026-09-04 03:48:48+00:00,80949.99,80950.0,80949.995,2.54509306,80945.16,80945.17,80945.16500000001,2.605398893,80955.5,80955.6,80955.55,2.556873083,80944.56684099999,80944.6668375,80944.61683925,2.530423641
2026-09-04 03:48:51+00:00,80949.99,80950.0,80949.995,2.53712368,80945.16,80945.17,80945.16500000001,2.597575665,80955.5,80955.6,80955.55,2.545983076,80944.56684099999,80944.6668375,80944.61683925,2.526230097
2026-09-04 03:48:54+00:00,80949.99,80950.0,80949.995,2.526525497,80941.4,80941.41,80941.405,2.588840485,80949.4,80949.5,80949.45,2.531916618,80933.767219,80933.8672155,80933.81721725,2.518840313
2026-09-04 03:48:57+00:00,80949.99,80950.0,80949.995,2.38664484,80941.4,80941.41,80941.405,2.577374935,80949.4,80949.5,80949.45,2.525708199,80932.96724700001,80933.06724349999,80933.01724525,2.507771969
2026-09-04 03:49:00+00:00,80949.99,80950.0,80949.995,2.379549503,80941.4,80941.41,80941.405,2.567815781,80949.4,80949.5,80949.45,2.512657166,80932.96724700001,80933.06724349999,80933.01724525,2.493455887
2026-09-04 03:49:03+00:00,80949.99,80950.0,80949.995,2.507277012,80941.4,80941.41,80941.405,2.564448357,80949.4,80949.5,80949.45,2.51642108,80931.76728900001,80931.86728549999,80931.81728725,2.496082067
2026-09-04 03:49:06+00:00,80949.99,80950.0,80949.995,2.372576475,80941.4,80941.41,80941.405,2.556334496,80949.4,80949.5,80949.45,2.503984928,80931.76728900001,80931.86728549999,80931.81728725,2.484805584
2026-09-04 03:49:09+00:00,80949.99,80950.0,80949.995,2.356122494,80941.4,80941.41,80941.405,2.547862053,80943.4,80943.5,80943.45,2.493807317,80931.362616,80931.46261199999,80931.412614,2.479376079
2026-09-04 03:49:12+00:00,80949.99,80950.0,80949.995,2.477785587,80941.4,80941.41,80941.405,2.538832426,80941.2,80941.3,80941.25,2.48445034,80931.76728900001,80931.86728549999,80931.81728725,2.466903925
2026-09-04 03:49:15+00:00,80949.99,80950.0,80949.995,2.342762947,80941.4,80941.41,80941.405,2.530537605,80941.2,80941.3,80941.25,2.468235493,80931.76728900001,80931.86728549999,80931.81728725,2.460574627
2026-09-04 03:49:18+00:00,80949.99,80950.0,80949.995,2.462573051,80937.89,80937.9,80937.89499999999,2.526146412,80941.2,80941.3,80941.25,2.469022989,80931.76728900001,80931.86728549999,80931.81728725,2.450965405
2026-09-04 03:49:21+00:00,80949.99,80950.0,80949.995,2.325328112,80937.89,80937.9,80937.89499999999,2.520205021,80941.2,80941.3,80941.25,2.463481903,80931.76728900001,80931.86728549999,80931.81728725,2.445635557
2026-09-04 03:49:24+00:00,80949.99,80950.0,80949.995,2.445796967,80937.89,80937.9,80937.89499999999,2.515299082,80940.2,80940.3,80940.25,2.413519382,80931.76728900001,80931.86728549999,80931.81728725,2.436308861
2026-09-04 03:49:27+00:00,80949.99,80950.0,80949.995,2.319619894,80937.89,80937.9,80937.89499999999,2.504919529,80936.2,80936.3,80936.25,2.457504511,80931.36730299999,80931.4672995,80931.41730125,2.433422089
2026-09-04 03:49:30+00:00,80949.99,80950.0,80949.995,2.439523935,80937.89,80937.9,80937.89499999999,2.49906683,80936.2,80936.3,80936.25,2.443388462,80931.36730299999,80931.4672995,80931.41730125,2.431273699
2026-09-04 03:49:33+00:00,80947.9,80950.0,80948.95,2.439553022,80937.89,80937.9,80937.89499999999,2.491930008,80936.2,80936.3,80936.25,2.450032949,80931.36730299999,80931.4672995,80931.41730125,2.42719841
2026-09-04 03:49:36+00:00,80922.24,80926.29,80924.265,2.294125557,80916.01,80916.02,80916.015,2.482340337,80925.5,80925.6,80925.55,2.428885937,80909.0680835,80909.16808,80909.11808175,2.38385582
2026-09-04 03:49:39+00:00,80922.24,80926.29,80924.265,2.295406342,80916.01,80916.02,80916.015,2.4739604,80925.5,80925.6,80925.55,2.427526474,80909.0680835,80909.16808,80909.11808175,2.405838013
2026-09-04 03:49:42+00:00,80922.24,80926.29,80924.265,2.274873972,80916.01,80916.02,80916.015,2.446557999,80917.2,80917.3,80917.25,2.412923098,80909.0680835,80909.16808,80909.11808175,2.395908833
2026-09-04 03:49:45+00:00,80922.24,80926.29,80924.265,2.397977829,80918.26,80918.27,80918.265,2.45747447,80917.2,80917.3,80917.25,2.404494286,80916.767814,80916.8678105,80916.81781225,2.388035774
2026-09-04 03:49:48+00:00,80923.27,80926.29,80924.78,2.265765905,80920.0,80920.01,80920.005,2.444521427,80917.2,80917.3,80917.25,2.396297932,80919.8677055,80919.96770200001,80919.91770375,2.370109081
2026-09-04 03:49:51+00:00,80923.27,80926.29,80924.78,2.254631519,80929.18,80929.19,80929.185,2.438886642,80920.0,80920.1,80920.05,2.387603521,80926.767464,80926.8674605,80926.81746225001,2.363740921
2026-09-04 03:49:54+00:00,80923.27,80927.32,80925.29500000001,2.243438959,80929.18,80929.19,80929.185,2.431557417,80920.0,80920.1,80920.05,2.381106853,80926.767464,80926.8674605,80926.81746225001,2.360650063
2026-09-04 03:49:57+00:00,80923.27,80927.32,80925.29500000001,2.364439011,80929.18,80929.19,80929.185,2.422340393,80920.0,80920.1,80920.05,2.37325716,80926.767464,80926.8674605,80926.81746225001,2.336578369
2026-09-04 03:50:00+00:00,80923.27,80927.32,80925.29500000001,2.352976799,80929.18,80929.19,80929.185,2.412014484,80920.0,80920.1,80920.05,2.36296916,80926.767464,80926.8674605,80926.81746225001,2.34030056
2026-09-04 03:50:03+00:00,80927.58,80931.38,80929.48000000001,2.344851017,80929.18,80929.19,80929.185,2.405359507,80928.1,80928.2,80928.15,2.345639706,80927.0674535,80927.16745,80927.11745175,2.315635443
2026-09-04 03:50:06+00:00,80927.58,80931.63,80929.60500000001,2.214396477,80931.41,80931.42,80931.41500000001,2.400112152,80928.1,80928.2,80928.15,2.346752882,80927.0674535,80927.16745,80927.11745175,2.317461014
2026-09-04 03:50:09+00:00,80935.01,80939.06,80937.035,2.332897663,80931.41,80931.42,80931.41500000001,2.391180515,80928.1,80928.2,80928.15,2.334167719,80927.967422,80928.0674185,80928.01742024999,2.31805706
2026-09-04 03:50:12+00:00,80935.01,80939.06,80937.035,2.194216967,80933.19,80933.2,80933.195,2.380173683,80928.1,80928.2,80928.15,2.330195904,80927.967422,80928.0674185,80928.01742024999,2.305837631
2026-09-04 03:50:15+00:00,80935.01,80939.05,80937.03,2.314150095,80933.19,80933.2,80933.195,2.376545906,80928.1,80928.2,80928.15,2.321975708,80927.967422,80928.0674185,80928.01742024999,2.290094852
2026-09-04 03:50:18+00:00,80935.01,80939.05,80937.03,2.178781033,80933.19,80933.2,80933.195,2.364822388,80928.1,80928.2,80928.15,2.313893795,80927.967422,80928.0674185,80928.01742024999,2.292736053
2026-09-04 03:50:21+00:00,80935.01,80939.05,80937.03,2.294386864,80933.19,80933.2,80933.195,2.360098839,80928.1,80928.2,80928.15,2.307301521,80927.967422,80928.0674185,80928.01742024999,2.284648895
2026-09-04 03:50:24+00:00,80935.01,80939.05,80937.03,2.166750431,80933.19,80933.2,80933.195,2.358494997,80928.1,80928.2,80928.15,2.305222034,80927.967422,80928.0674185,80928.01742024999,2.271467686
2026-09-04 03:50:27+00:00,80935.01,80939.05,80937.03,2.154867411,80933.19,80933.2,80933.195,2.344107151,80928.1,80928.2,80928.15,2.298390388,80927.967422,80928.0674185,80928.01742024999,2.273876429
2026-09-04 03:50:30+00:00,80935.01,80939.06,80937.035,2.277670383,80940.99,80941.0,80940.995,2.338587999,80935.2,80935.3,80935.25,2.285561085,80934.2672015,80934.36719799999,80934.31719974999,2.261863708
2026-09-04 03:50:33+00:00,80935.01,80939.06,80937.035,2.267107487,80940.99,80941.0,80940.995,2.324928284,80935.2,80935.3,80935.25,2.283725262,80934.2672015,80934.36719799999,80934.31719974999,2.24384737
2026-09-04 03:50:36+00:00,80935.01,80939.06,80937.035,2.263786316,80940.99,80941.0,80940.995,2.326167107,80935.2,80935.3,80935.25,2.27461338,80934.2672015,80934.36719799999,80934.31719974999,2.256662369
2026-09-04 03:50:39+00:00,80935.01,80939.06,80937.035,2.132095575,80942.6,80942.61,80942.60500000001,2.316271782,80935.2,80935.3,80935.25,2.267974377,80934.2672015,80934.36719799999,80934.31719974999,2.247786045
2026-09-04 03:50:42+00:00,80935.01,80939.06,80937.035,2.114012957,80942.6,80942.61,80942.60500000001,2.308651447,80935.2,80935.3,80935.25,2.229421139,80934.2672015,80934.36719799999,80934.31719974999,2.239604473
2026-09-04 03:50:45+00:00,80935.01,80939.06,80937.035,2.245374441,80942.6,80942.61,80942.60500000001,2.303721905,80935.2,80935.3,80935.25,2.25772953,80934.2672015,80934.36719799999,80934.31719974999,2.232494116
2026-09-04 03:50:48+00:00,80935.01,80946.92,80940.965,2.234509945,80942.6,80942.61,80942.60500000001,2.293462992,80935.2,80935.3,80935.25,2.238347054,80934.2672015,80934.36719799999,80934.31719974999,2.217462301
2026-09-04 03:50:51+00:00,80936.9,80940.95,80938.92499999999,2.097977161,80944.94,80944.95,80944.945,2.28694582,80935.2,80935.3,80935.25,2.236768007,80934.2672015,80934.36719799999,80934.31719974999,2.212785959
2026-09-04 03:50:54+00:00,80936.9,80940.95,80938.92499999999,2.088972569,80944.94,80944.95,80944.945,2.275778055,80941.3,80941.4,80941.35,2.224791527,80934.2672015,80934.36719799999,80934.31719974999,2.207877636
2026-09-04 03:50:57+00:00,80936.9,80940.95,80938.92499999999,2.216921568,80944.94,80944.95,80944.945,2.275317669,80941.3,80941.4,80941.35,2.230506897,80934.2672015,80934.36719799999,80934.31719974999,2.198266029
2026-09-04 03:51:00+00:00,80936.9,80940.95,80938.92499999999,2.20449543,80942.0,80942.01,80942.005,2.269559383,80941.3,80941.4,80941.35,2.214318752,80933.86251600001,80933.962512,80933.912514,2.197313786
2026-09-04 03:51:03+00:00,80936.9,80940.95,80938.92499999999,2.196184158,80943.6,80943.61,80943.60500000001,2.258249998,80941.3,80941.4,80941.35,2.204427719,80933.86251600001,80933.962512,80933.912514,2.183532715
2026-09-04 03:51:06+00:00,80936.9,80940.95,80938.92499999999,2.197660923,80943.6,80943.61,80943.60500000001,2.259373188,80941.3,80941.4,80941.35,2.209316492,80933.86251600001,80933.962512,80933.912514,2.1811831
2026-09-04 03:51:09+00:00,80936.9,80940.95,80938.92499999999,2.064842463,80943.6,80943.61,80943.60500000001,2.245390892,80941.3,80941.4,80941.35,2.197726011,80933.86251600001,80933.962512,80933.912514,2.176843882
2026-09-04 03:51:12+00:00,80936.9,80940.95,80938.92499999999,2.059800625,80941.72,80941.73,80941.725,2.236118078,80941.3,80941.4,80941.35,2.189577579,80933.86251600001,80933.962512,80933.912514,2.165677071
2026-09-04 03:51:15+00:00,80936.9,80940.95,80938.92499999999,2.056910038,80940.99,80941.0,80940.995,2.239683628,80941.3,80941.4,80941.35,2.189568996,80933.86251600001,80933.962512,80933.912514,2.161483526
2026-09-04 03:51:18+00:00,80940.55,80944.46,80942.505,2.176260471,80948.98,80948.99,80948.985,2.234972,80941.3,80941.4,80941.35,2.185038567,80940.16226399998,80940.26226,80940.21226199999,2.158027887
2026-09-04 03:51:21+00:00,80941.54,80944.46,80943.0,2.172262907,80940.99,80941.0,80940.995,2.230041027,80941.3,80941.4,80941.35,2.176902056,80926.062828,80926.16282399998,80926.112826,2.15647459
2026-09-04 03:51:24+00:00,80941.54,80944.46,80943.0,2.031742096,80940.99,80941.0,80940.995,2.221487999,80941.3,80941.4,80941.35,2.167168617,80930.062668,80930.16266399999,80930.112666,2.149329662
2026-09-04 03:51:27+00:00,80941.54,80944.46,80943.0,2.14370513,80940.99,80941.0,80940.995,2.159742117,80941.3,80941.4,80941.35,2.155478001,80930.062668,80930.16266399999,80930.112666,2.127361536
2026-09-04 03:51:30+00:00,80941.54,80944.46,80943.0,2.135732889,80940.99,80941.0,80940.995,2.199646473,80941.3,80941.4,80941.35,2.142143965,80930.062668,80930.16266399999,80930.112666,2.124606609
2026-09-04 03:51:33+00:00,80941.54,80944.56,80943.04999999999,2.130319118,80940.99,80941.0,80940.995,2.193339825,80942.1,80942.2,80942.15,2.140386105,80930.062668,80930.16266399999,80930.112666,2.120759487
2026-09-04 03:51:36+00:00,80941.54,80945.59,80943.565,2.118948936,80940.99,80941.0,80940.995,2.181975603,80942.1,80942.2,80942.15,2.093822479,80930.062668,80930.16266399999,80930.112666,2.108734608
2026-09-04 03:51:39+00:00,80941.54,80945.55,80943.545,2.118458509,80940.99,80941.0,80940.995,2.180016994,80942.1,80942.2,80942.15,2.128002644,80930.062668,80930.16266399999,80930.112666,2.110683441
2026-09-04 03:51:42+00:00,80944.82,80945.6,80945.21,1.97601366,80940.99,80941.0,80940.995,2.143235683,80942.1,80942.2,80942.15,2.118679047,80930.062668,80930.16266399999,80930.112666,2.101436615
2026-09-04 03:51:45+00:00,80944.82,80946.15,80945.485,1.969464064,80940.99,80941.0,80940.995,2.161762714,80942.1,80942.2,80942.15,2.106467485,80930.062668,80930.16266399999,80930.112666,2.089798927
2026-09-04 03:51:48+00:00,80944.81,80945.82,80945.315,2.088579178,80933.19,80933.2,80933.195,2.149286985,80942.1,80942.2,80942.15,2.09884429,80920.66304399999,80920.76303999999,80920.71304199999,2.074211597
2026-09-04 03:51:51+00:00,80944.81,80945.82,80945.315,1.951824903,80933.19,80933.2,80933.195,2.136802912,80942.1,80942.2,80942.15,2.083201885,80921.0676635,80921.16766,80921.11766175,2.069658518
2026-09-04 03:51:54+00:00,80944.81,80945.82,80945.315,1.942216873,80933.19,80933.2,80933.195,2.132212639,80942.1,80942.2,80942.15,2.083384991,80921.0676635,80921.16766,80921.11766175,2.052659512
2026-09-04 03:51:57+00:00,80944.81,80945.82,80945.315,2.059397697,80933.19,80933.2,80933.195,2.124106407,80942.1,80942.2,80942.15,2.06960535,80921.0676635,80921.16766,80921.11766175,2.049222946
2026-09-04 03:52:00+00:00,80944.81,80945.82,80945.315,2.05009985,80931.3,80931.31,80931.305,2.114271641,80942.1,80942.2,80942.15,2.060294628,80921.0676635,80921.16766,80921.11766175,2.044272423
2026-09-04 03:52:03+00:00,80944.81,80945.82,80945.315,2.041967154,80930.99,80931.0,80930.995,2.106944561,80941.3,80941.4,80941.35,2.054831028,80921.0676635,80921.16766,80921.11766175,2.034266472
2026-09-04 03:52:06+00:00,80944.81,80945.82,80945.315,1.900939703,80930.99,80931.0,80930.995,2.094966888,80941.3,80941.4,80941.35,2.041371584,80921.0676635,80921.16766,80921.11766175,2.022804737
2026-09-04 03:52:09+00:00,80944.81,80945.82,80945.315,1.895688295,80930.99,80931.0,80930.995,2.084616899,80928.7,80928.8,80928.75,2.035414219,80921.0676635,80921.16766,80921.11766175,1.999629021
2026-09-04 03:52:12+00:00,80944.81,80945.82,80945.315,1.899884939,80930.99,80931.0,80930.995,2.082311392,80928.7,80928.8,80928.75,2.030454159,80921.0676635,80921.16766,80921.11766175,2.006294012
2026-09-04 03:52:15+00:00,80944.81,80945.82,80945.315,2.01102829,80928.98,80928.99,80928.985,2.068221092,80928.7,80928.8,80928.75,2.01979351,80921.0676635,80921.16766,80921.11766175,1.998817444
2026-09-04 03:52:18+00:00,80944.81,80945.82,80945.315,1.878345013,80930.99,80931.0,80930.995,2.06271553,80928.6,80928.7,80928.65,2.01059103,80929.767359,80929.8673555,80929.81735725,1.991759777
2026-09-04 03:52:21+00:00,80944.81,80946.15,80945.48,1.868662834,80935.96,80935.97,80935.965,2.052104473,80935.9,80936.0,80935.95,2.004735947,80929.767359,80929.8673555,80929.81735725,1.984863997
2026-09-04 03:52:24+00:00,80944.81,80946.15,80945.48,1.982836962,80936.61,80936.62,80936.61499999999,2.0448246,80935.9,80936.0,80935.95,1.993387699,80929.767359,80929.8673555,80929.81735725,1.966101646
2026-09-04 03:52:27+00:00,80944.81,80946.15,80945.48,1.842999697,80937.0,80937.01,80937.005,2.029203415,80935.9,80936.0,80935.95,1.980211973,80929.767359,80929.8673555,80929.81735725,1.963619947
2026-09-04 03:52:30+00:00,80944.81,80946.15,80945.48,1.841350555,80937.0,80937.01,80937.005,2.025024891,80935.9,80936.0,80935.95,1.973845959,80929.767359,80929.8673555,80929.81735725,1.926103592
2026-09-04 03:52:33+00:00,80944.81,80946.15,80945.48,1.823934555,80937.0,80937.01,80937.005,2.013415575,80935.9,80936.0,80935.95,1.963366508,80929.767359,80929.8673555,80929.81735725,1.942306519
2026-09-04 03:52:36+00:00,80944.81,80946.15,80945.48,1.943365574,80937.0,80937.01,80937.005,2.004463673,80935.9,80936.0,80935.95,1.951859951,80929.767359,80929.8673555,80929.81735725,1.891217232
2026-09-04 03:52:39+00:00,80944.81,80946.11,80945.45999999999,1.802898884,80935.96,80935.97,80935.965,1.985604286,80935.9,80936.0,80935.95,1.939947605,80928.26741150001,80928.36740799999,80928.31740975,1.921806335
2026-09-04 03:52:42+00:00,80944.81,80946.11,80945.45999999999,1.92344141,80935.96,80935.97,80935.965,1.983654022,80935.9,80936.0,80935.95,1.932092905,80928.26741150001,80928.36740799999,80928.31740975,1.912074566
2026-09-04 03:52:45+00:00,80944.81,80946.11,80945.45999999999,1.720412493,80935.7,80935.71,80935.705,1.975958109,80935.9,80936.0,80935.95,1.922899961,80928.26741150001,80928.36740799999,80928.31740975,1.895357132
2026-09-04 03:52:48+00:00,80944.81,80946.11,80945.45999999999,1.777729988,80935.7,80935.71,80935.705,1.963736057,80935.9,80936.0,80935.95,1.916807175,80928.26741150001,80928.36740799999,80928.31740975,1.889091015
2026-09-04 03:52:51+00:00,80944.81,80946.11,80945.45999999999,1.892712593,80933.87,80933.88,80933.875,1.954188108,80935.9,80936.0,80935.95,1.903250933,80928.26741150001,80928.36740799999,80928.31740975,1.876898289
2026-09-04 03:52:54+00:00,80944.81,80946.11,80945.45999999999,1.883162022,80933.87,80933.88,80933.875,1.947207689,80935.9,80936.0,80935.95,1.896889448,80928.26741150001,80928.36740799999,80928.31740975,1.865963697
2026-09-04 03:52:57+00:00,80944.81,80946.11,80945.45999999999,1.837914467,80921.2,80921.21,80921.205,1.930490017,80924.4,80924.5,80924.45,1.837628365,80915.4678595,80915.567856,80915.51785775,1.837707996
2026-09-04 03:53:00+00:00,80944.81,80946.11,80945.45999999999,1.80765295,80918.21,80918.22,80918.215,1.894222736,80924.4,80924.5,80924.45,1.807579517,80915.4678595,80915.567856,80915.51785775,1.807998896
2026-09-04 03:53:03+00:00,80905.96,80924.38,80915.17000000001,1.829316616,80918.21,80918.22,80918.215,1.92825079,80911.3,80911.4,80911.35,1.874207497,80915.4678595,80915.567856,80915.51785775,1.82939291
2026-09-04 03:53:06+00:00,80905.96,80910.03,80907.995,1.849979401,80903.99,80904.0,80903.995,1.911863089,80911.3,80911.4,80911.35,1.860810995,80891.2687065,80891.368703,80891.31870475001,1.839711189
2026-09-04 03:53:09+00:00,80905.96,80910.02,80907.99,1.846627951,80901.01,80901.02,80901.015,1.922204494,80895.9,80896.0,80895.95,1.846467495,80891.2687065,80891.368703,80891.31870475001,1.846698999
2026-09-04 03:53:12+00:00,80905.96,80910.03,80907.995,1.728784561,80903.99,80904.0,80903.995,1.920941591,80895.9,80896.0,80895.95,1.870990515,80903.26374,80903.363736,80903.313738,1.851289988
2026-09-04 03:53:15+00:00,80943.56,80947.0,80945.28,1.733321905,80948.48,80948.49,80948.485,1.915891886,80933.4,80933.5,80933.45,1.871264458,80930.062668,80930.16266399999,80930.112666,1.844831944
2026-09-04 03:53:18+00:00,80945.84,80949.89,80947.86499999999,1.721576691,80948.48,80948.49,80948.485,1.91421175,80933.4,80933.5,80933.45,1.865475893,80930.062668,80930.16266399999,80930.112666,1.843265533
2026-09-04 03:53:21+00:00,80945.85,80949.89,80947.87,1.710866451,80945.25,80945.26,80945.255,1.898485184,80933.4,80933.5,80933.45,1.848122597,80930.4673345,80930.567331,80930.51733275,1.8214643
2026-09-04 03:53:24+00:00,80945.85,80949.89,80947.87,1.726085901,80945.25,80945.26,80945.255,1.91138792,80933.4,80933.5,80933.45,1.833371639,80930.062668,80930.16266399999,80930.112666,1.829663754
2026-09-04 03:53:27+00:00,80945.85,80949.89,80947.87,1.822265148,80945.26,80945.27,80945.265,1.908480167,80941.9,80942.0,80941.95,1.822179556,80930.062668,80930.16266399999,80930.112666,1.821945429
2026-09-04 03:53:30+00:00,80945.85,80949.89,80947.87,1.686851978,80945.26,80945.27,80945.265,1.902523041,80941.9,80942.0,80941.95,1.852766037,80930.062668,80930.16266399999,80930.112666,1.827557087
2026-09-04 03:53:33+00:00,80945.85,80949.9,80947.875,1.803128958,80945.26,80945.27,80945.265,1.862136841,80941.9,80942.0,80941.95,1.812855244,80930.062668,80930.16266399999,80930.112666,1.785841942
2026-09-04 03:53:36+00:00,80945.85,80949.9,80947.875,1.798571587,80945.26,80945.27,80945.265,1.895092487,80941.9,80942.0,80941.95,1.758881569,80930.062668,80930.16266399999,80930.112666,1.798633575
2026-09-04 03:53:39+00:00,80945.85,80949.9,80947.875,1.703910351,80945.26,80945.27,80945.265,1.874897003,80941.9,80942.0,80941.95,1.842357635,80930.062668,80930.16266399999,80930.112666,1.819381714
2026-09-04 03:53:42+00:00,80945.85,80949.9,80947.875,1.652218342,80945.26,80945.27,80945.265,1.886100054,80941.9,80942.0,80941.95,1.834857941,80930.062668,80930.16266399999,80930.112666,1.812585354
2026-09-04 03:53:45+00:00,80945.85,80949.9,80947.875,1.821291447,80945.26,80945.27,80945.265,1.882424593,80941.9,80942.0,80941.95,1.831366301,80929.65800149999,80929.757997,80929.70799925,1.810635567
2026-09-04 03:53:48+00:00,80945.85,80949.9,80947.875,1.815508366,80945.26,80945.27,80945.265,1.876931429,80941.9,80942.0,80941.95,1.825849056,80929.65800149999,80929.757997,80929.70799925,1.807562351
2026-09-04 03:53:51+00:00,80945.85,80949.9,80947.875,1.808449268,80945.26,80945.27,80945.265,1.868032456,80941.9,80942.0,80941.95,1.819147587,80929.65800149999,80929.757997,80929.70799925,1.798520088
2026-09-04 03:53:54+00:00,80945.85,80949.9,80947.875,1.803153992,80945.28,80945.29,80945.285,1.862705231,80941.9,80942.0,80941.95,1.812923908,80929.65800149999,80929.757997,80929.70799925,1.779555798
2026-09-04 03:53:57+00:00,80945.85,80949.9,80947.875,1.677289963,80945.28,80945.29,80945.285,1.861407518,80941.9,80942.0,80941.95,1.799606562,80929.65800149999,80929.757997,80929.70799925,1.793116093
2026-09-04 03:54:00+00:00,80945.85,80949.9,80947.875,1.797872066,80945.28,80945.29,80945.285,1.852235317,80941.9,80942.0,80941.95,1.806121111,80929.65800149999,80929.757997,80929.70799925,1.785099506
2026-09-04 03:54:03+00:00,80945.85,80949.65,80947.75,1.794489384,80945.28,80945.29,80945.285,1.85597229,80941.9,80942.0,80941.95,1.802694082,80929.65800149999,80929.757997,80929.70799925,1.776511431
2026-09-04 03:54:06+00:00,80945.85,80949.9,80947.875,1.639397621,80945.28,80945.29,80945.285,1.823263168,80941.9,80942.0,80941.95,1.770103693,80929.65800149999,80929.757997,80929.70799925,1.741045952
2026-09-04 03:54:09+00:00,80945.85,80948.05,80946.95000000001,1.660242081,80945.28,80945.29,80945.285,1.847796917,80941.9,80942.0,80941.95,1.762785912,80929.65800149999,80929.757997,80929.70799925,1.762326956
2026-09-04 03:54:12+00:00,80945.85,80949.9,80947.875,1.78420496,80945.28,80945.29,80945.285,1.846551418,80941.9,80942.0,80941.95,1.795930862,80929.65800149999,80929.757997,80929.70799925,1.76680851
2026-09-04 03:54:15+00:00,80945.85,80948.81,80947.33,1.784046412,80942.2,80942.21,80942.205,1.841626406,80941.9,80942.0,80941.95,1.796254158,80929.65800149999,80929.757997,80929.70799925,1.772336483
2026-09-04 03:54:18+00:00,80945.85,80949.9,80947.875,1.643329382,80942.2,80942.21,80942.205,1.801599026,80941.9,80942.0,80941.95,1.789424896,80929.253335,80929.35333,80929.3033325,1.765415668
2026-09-04 03:54:21+00:00,80945.85,80949.9,80947.875,1.638770103,80942.2,80942.21,80942.205,1.83228302,80941.9,80942.0,80941.95,1.783777714,80929.253335,80929.35333,80929.3033325,1.725196838
2026-09-04 03:54:24+00:00,80945.85,80949.9,80947.875,1.763977528,80942.2,80942.21,80942.205,1.826350927,80941.9,80942.0,80941.95,1.777705431,80929.253335,80929.35333,80929.3033325,1.752791405
2026-09-04 03:54:27+00:00,80945.85,80949.9,80947.875,1.635298491,80942.2,80942.21,80942.205,1.821661949,80941.9,80942.0,80941.95,1.774724007,80929.253335,80929.35333,80929.3033325,1.751418591
2026-09-04 03:54:30+00:00,80945.85,80947.84,80946.845,1.627082825,80942.2,80942.21,80942.205,1.817795992,80941.9,80942.0,80941.95,1.76154995,80929.253335,80929.35333,80929.3033325,1.750914097
2026-09-04 03:54:33+00:00,80945.85,80949.9,80947.875,1.622567177,80942.2,80942.21,80942.205,1.817811012,80937.7,80937.8,80937.75,1.76532197,80929.253335,80929.35333,80929.3033325,1.742849828
2026-09-04 03:54:36+00:00,80945.85,80946.88,80946.365,1.608364582,80942.2,80942.21,80942.205,1.801115513,80937.7,80937.8,80937.75,1.75842309,80929.253335,80929.35333,80929.3033325,1.737212896
2026-09-04 03:54:39+00:00,80945.85,80949.9,80947.875,1.72549057,80942.2,80942.21,80942.205,1.787138939,80937.7,80937.8,80937.75,1.740852118,80929.253335,80929.35333,80929.3033325,1.716845512
2026-09-04 03:54:42+00:00,80945.85,80948.73,80947.29000000001,1.612840176,80942.2,80942.21,80942.205,1.800444603,80937.7,80937.8,80937.75,1.723810911,80929.253335,80929.35333,80929.3033325,1.723136425
2026-09-04 03:54:45+00:00,80943.57,80948.57,80946.07,1.732933998,80942.2,80942.21,80942.205,1.795274496,80937.7,80937.8,80937.75,1.745064974,80929.65800149999,80929.757997,80929.70799925,1.724790573
2026-09-04 03:54:48+00:00,80935.68,80939.27,80937.475,1.734998465,80923.31,80923.32,80923.315,1.793323994,80937.7,80937.8,80937.75,1.746324062,80918.25851449999,80918.35850999999,80918.30851224999,1.72563982
2026-09-04 03:54:51+00:00,80935.68,80939.27,80937.475,1.549489975,80923.31,80923.32,80923.315,1.750658989,80937.7,80937.8,80937.75,1.702347994,80918.25851449999,80918.35850999999,80918.30851224999,1.677808762
2026-09-04 03:54:54+00:00,80935.68,80939.27,80937.475,1.594662189,80923.31,80923.32,80923.315,1.785137653,80937.7,80937.8,80937.75,1.732265711,80918.25851449999,80918.35850999999,80918.30851224999,1.683610916
2026-09-04 03:54:57+00:00,80935.68,80937.7,80936.69,1.560951233,80923.31,80923.32,80923.315,1.74882102,80937.7,80937.8,80937.75,1.699260235,80917.853905,80917.95390000001,80917.9039025,1.673836946
2026-09-04 03:55:00+00:00,80935.68,80939.27,80937.475,1.588748455,80923.31,80923.32,80923.315,1.776890993,80937.7,80937.8,80937.75,1.722944021,80917.853905,80917.95390000001,80917.9039025,1.696525574
2026-09-04 03:55:03+00:00,80935.68,80936.89,80936.285,1.707425117,80923.31,80923.32,80923.315,1.775866508,80937.7,80937.8,80937.75,1.717490196,80918.25851449999,80918.35850999999,80918.30851224999,1.686756611
2026-09-04 03:55:06+00:00,80911.81,80915.86,80913.83499999999,1.705913067,80901.0,80901.01,80901.005,1.768479824,80907.7,80907.8,80907.75,1.718729019,80891.05973849999,80891.159734,80891.10973624999,1.696274519
2026-09-04 03:55:09+00:00,80911.81,80915.29,80913.54999999999,1.573544502,80892.4,80892.41,80892.405,1.765462875,80901.9,80902.0,80901.95,1.704421043,80890.6597565,80890.75975199998,80890.70975424998,1.698186874
2026-09-04 03:55:12+00:00,80911.81,80915.29,80913.54999999999,1.614174843,80892.4,80892.41,80892.405,1.671278477,80901.9,80902.0,80901.95,1.627560616,80890.6597565,80890.75975199998,80890.70975424998,1.599217415
2026-09-04 03:55:15+00:00,80911.81,80915.29,80913.54999999999,1.682026863,80897.05,80897.06,80897.055,1.757651806,80899.7,80899.8,80899.75,1.681056499,80890.255285,80890.35527999999,80890.30528249999,1.680890083
2026-09-04 03:55:18+00:00,80911.81,80915.29,80913.54999999999,1.563854933,80897.05,80897.06,80897.055,1.754400969,80899.7,80899.8,80899.75,1.699897051,80890.255285,80890.35527999999,80890.30528249999,1.677526951
2026-09-04 03:55:21+00:00,80911.81,80915.29,80913.54999999999,1.692961216,80897.05,80897.06,80897.055,1.751430511,80899.7,80899.8,80899.75,1.701010466,80890.255285,80890.35527999999,80890.30528249999,1.677379131
2026-09-04 03:55:24+00:00,80911.81,80915.29,80913.54999999999,1.526800632,80897.05,80897.06,80897.055,1.711703777,80899.7,80899.8,80899.75,1.65946722,80890.255285,80890.35527999999,80890.30528249999,1.640248299
2026-09-04 03:55:27+00:00,80911.81,80915.29,80913.54999999999,1.64509058,80897.05,80897.06,80897.055,1.731612444,80899.7,80899.8,80899.75,1.642045975,80892.655165,80892.75516,80892.7051625,1.64287138
2026-09-04 03:55:30+00:00,80911.81,80915.29,80913.54999999999,1.673370838,80903.59,80903.6,80903.595,1.735134603,80899.7,80899.8,80899.75,1.678205967,80892.655165,80892.75516,80892.7051625,1.659431934
2026-09-04 03:55:33+00:00,80911.81,80912.89,80912.35,1.547787905,80905.05,80905.06,80905.055,1.730170012,80899.7,80899.8,80899.75,1.677761555,80892.75516,80892.855155,80892.8051575,1.660951138
2026-09-04 03:55:36+00:00,80911.81,80912.89,80912.35,1.542671442,80905.05,80905.06,80905.055,1.731561899,80899.7,80899.8,80899.75,1.681989193,80892.75516,80892.855155,80892.8051575,1.656722069
2026-09-04 03:55:39+00:00,80911.81,80912.89,80912.35,1.538190365,80905.05,80905.06,80905.055,1.724030018,80899.7,80899.8,80899.75,1.66988802,80892.75516,80892.855155,80892.8051575,1.604009151
2026-09-04 03:55:42+00:00,80911.81,80912.89,80912.35,1.533829689,80905.05,80905.06,80905.055,1.725361586,80899.7,80899.8,80899.75,1.674472809,80892.75516,80892.855155,80892.8051575,1.649592638
2026-09-04 03:55:45+00:00,80911.81,80912.89,80912.35,1.652142048,80905.05,80905.06,80905.055,1.708670616,80899.7,80899.8,80899.75,1.661744118,80892.75516,80892.855155,80892.8051575,1.629827499
2026-09-04 03:55:48+00:00,80911.81,80912.62,80912.215,1.530553102,80905.05,80905.06,80905.055,1.72232151,80899.0,80899.1,80899.05,1.648530483,80892.75516,80892.855155,80892.8051575,1.636164904
2026-09-04 03:55:51+00:00,80911.81,80912.62,80912.215,1.532488585,80905.05,80905.06,80905.055,1.718421936,80899.0,80899.1,80899.05,1.671028614,80892.75516,80892.855155,80892.8051575,1.650364399
2026-09-04 03:55:54+00:00,80911.81,80912.62,80912.215,1.5002563,80905.05,80905.06,80905.055,1.714375973,80899.0,80899.1,80899.05,1.662269354,80892.75516,80892.855155,80892.8051575,1.642081022
2026-09-04 03:55:57+00:00,80911.81,80912.62,80912.215,1.61361742,80903.59,80903.6,80903.595,1.670518398,80899.0,80899.1,80899.05,1.623924494,80892.75516,80892.855155,80892.8051575,1.603938103
2026-09-04 03:56:00+00:00,80911.81,80912.15,80911.98,1.52056694,80903.59,80903.6,80903.595,1.700581551,80899.0,80899.1,80899.05,1.611790419,80892.75516,80892.855155,80892.8051575,1.610713482
2026-09-04 03:56:03+00:00,80911.81,80912.62,80912.215,1.631984711,80903.58,80903.59,80903.58499999999,1.688203096,80899.0,80899.1,80899.05,1.64101696,80892.75516,80892.855155,80892.8051575,1.620232582
2026-09-04 03:56:06+00:00,80911.81,80912.62,80912.215,1.636240482,80903.58,80903.59,80903.58499999999,1.692734003,80899.0,80899.1,80899.05,1.645778418,80892.75516,80892.855155,80892.8051575,1.624356985
2026-09-04 03:56:09+00:00,80911.81,80912.62,80912.215,1.628381491,80903.58,80903.59,80903.58499999999,1.646243095,80899.0,80899.1,80899.05,1.637228012,80892.75516,80892.855155,80892.8051575,1.57435894
2026-09-04 03:56:12+00:00,80911.81,80912.62,80912.215,1.498829603,80903.58,80903.59,80903.58499999999,1.687573433,80899.0,80899.1,80899.05,1.638709068,80892.75516,80892.855155,80892.8051575,1.573579788
2026-09-04 03:56:15+00:00,80911.81,80912.38,80912.095,1.497783899,80903.58,80903.59,80903.58499999999,1.677152157,80899.0,80899.1,80899.05,1.634639978,80892.75516,80892.855155,80892.8051575,1.59649229
2026-09-04 03:56:18+00:00,80911.81,80911.82,80911.815,1.614241123,80887.51,80887.52,80887.515,1.674670458,80893.7,80893.8,80893.75,1.626655102,80871.75621,80871.85620499999,80871.80620749999,1.599351406
2026-09-04 03:56:21+00:00,80911.81,80911.82,80911.815,1.611902475,80883.0,80883.01,80883.005,1.676944971,80893.7,80893.8,80893.75,1.611524582,80871.75621,80871.85620499999,80871.80620749999,1.588876486
2026-09-04 03:56:24+00:00,80911.81,80911.82,80911.815,1.60772562,80883.0,80883.01,80883.005,1.66808629,80893.7,80893.8,80893.75,1.614908695,80871.75621,80871.85620499999,80871.80620749999,1.597599506
2026-09-04 03:56:27+00:00,80911.81,80911.82,80911.815,1.608714104,80883.0,80883.01,80883.005,1.663865089,80893.7,80893.8,80893.75,1.614451885,80871.75621,80871.85620499999,80871.80620749999,1.593292236
2026-09-04 03:56:30+00:00,80911.81,80911.82,80911.815,1.444099426,80883.07,80883.08,80883.07500000001,1.633209944,80893.7,80893.8,80893.75,1.583537579,80871.75621,80871.85620499999,80871.80620749999,1.565080643
2026-09-04 03:56:33+00:00,80911.81,80911.82,80911.815,1.577349186,80883.07,80883.08,80883.07500000001,1.656824589,80893.7,80893.8,80893.75,1.575953007,80871.75621,80871.85620499999,80871.80620749999,1.574673891
2026-09-04 03:56:36+00:00,80911.81,80911.82,80911.815,1.594803095,80883.07,80883.08,80883.07500000001,1.653087139,80893.7,80893.8,80893.75,1.498734475,80871.75621,80871.85620499999,80871.80620749999,1.578093052
2026-09-04 03:56:39+00:00,80911.81,80911.82,80911.815,1.585542917,80883.65,80883.66,80883.655,1.648368359,80893.7,80893.8,80893.75,1.600143433,80871.75621,80871.85620499999,80871.80620749999,1.576488495
2026-09-04 03:56:42+00:00,80911.81,80911.82,80911.815,1.578211308,80884.96,80884.97,80884.965,1.612238884,80887.9,80888.0,80887.95,1.589113712,80871.75621,80871.85620499999,80871.80620749999,1.570409775
2026-09-04 03:56:45+00:00,80911.81,80911.82,80911.815,1.448243618,80884.96,80884.97,80884.965,1.637618303,80885.6,80885.7,80885.65,1.585412502,80872.16058899999,80872.26058449999,80872.21058674999,1.536076069
2026-09-04 03:56:48+00:00,80911.81,80911.82,80911.815,1.584044933,80886.57,80886.58,80886.57500000001,1.641368389,80885.6,80885.7,80885.65,1.590983391,80872.16058899999,80872.26058449999,80872.21058674999,1.569200993
2026-09-04 03:56:51+00:00,80911.81,80911.82,80911.815,1.578983307,80883.07,80883.08,80883.07500000001,1.640134335,80885.6,80885.7,80885.65,1.58722496,80872.16058899999,80872.26058449999,80872.21058674999,1.560778618
2026-09-04 03:56:54+00:00,80911.81,80911.82,80911.815,1.578016758,80883.08,80883.09,80883.08499999999,1.636058092,80885.6,80885.7,80885.65,1.576941013,80872.16058899999,80872.26058449999,80872.21058674999,1.566818714
2026-09-04 03:56:57+00:00,80911.81,80911.82,80911.815,1.443953991,80883.08,80884.37,80883.725,1.636403084,80885.6,80885.7,80885.65,1.585510015,80872.16058899999,80872.26058449999,80872.21058674999,1.565732956
2026-09-04 03:57:00+00:00,80911.81,80911.82,80911.815,1.427414417,80883.09,80883.1,80883.095,1.629052162,80885.6,80885.7,80885.65,1.578779697,80872.16058899999,80872.26058449999,80872.21058674999,1.55168891
2026-09-04 03:57:03+00:00,80911.81,80911.82,80911.815,1.547893047,80883.09,80883.1,80883.095,1.609005928,80885.6,80885.7,80885.65,1.461585045,80872.16058899999,80872.26058449999,80872.21058674999,1.52742672
2026-09-04 03:57:06+00:00,80911.81,80911.82,80911.815,1.542839527,80895.24,80898.06,80896.65,1.628560305,80885.6,80885.7,80885.65,1.541791439,80890.159779,80890.2597745,80890.20977675,1.541699886
2026-09-04 03:57:09+00:00,80911.81,80911.82,80911.815,1.435972214,80886.86,80886.87,80886.86499999999,1.616823673,80885.6,80885.7,80885.65,1.568088293,80868.560751,80868.6607465,80868.61074875,1.542668819
2026-09-04 03:57:12+00:00,80911.81,80911.82,80911.815,1.558468819,80883.07,80883.08,80883.07500000001,1.614402294,80885.6,80885.7,80885.65,1.560953617,80868.560751,80868.6607465,80868.61074875,1.542035103
2026-09-04 03:57:15+00:00,80911.81,80911.82,80911.815,1.552647114,80883.07,80883.08,80883.07500000001,1.573784113,80885.6,80885.7,80885.65,1.467626572,80873.76051699999,80873.86051249999,80873.81051474999,1.537408113
2026-09-04 03:57:18+00:00,80911.81,80911.82,80911.815,1.541705132,80883.08,80884.38,80883.73000000001,1.602559566,80885.6,80885.7,80885.65,1.551333427,80873.76051699999,80873.86051249999,80873.81051474999,1.493888855
2026-09-04 03:57:21+00:00,80911.81,80911.82,80911.815,1.533203125,80883.09,80884.37,80883.73,1.588704586,80885.6,80885.7,80885.65,1.542333603,80873.76051699999,80873.86051249999,80873.81051474999,1.521091938
2026-09-04 03:57:24+00:00,80911.81,80911.82,80911.815,1.400592089,80883.09,80883.1,80883.095,1.583073139,80885.6,80885.7,80885.65,1.534976482,80873.76051699999,80873.86051249999,80873.81051474999,1.509880066
2026-09-04 03:57:27+00:00,80911.81,80911.82,80911.815,1.394750118,80883.09,80883.1,80883.095,1.574516296,80885.6,80885.7,80885.65,1.524974823,80873.76051699999,80873.86051249999,80873.81051474999,1.504425526
2026-09-04 03:57:30+00:00,80911.81,80911.82,80911.815,1.387974977,80883.09,80883.1,80883.095,1.575050116,80885.6,80885.7,80885.65,1.524149418,80873.76051699999,80873.86051249999,80873.81051474999,1.504027843
2026-09-04 03:57:33+00:00,80911.81,80911.82,80911.815,1.500535488,80883.97,80883.98,80883.975,1.560672998,80885.6,80885.7,80885.65,1.510741949,80873.76051699999,80873.86051249999,80873.81051474999,1.487722397
2026-09-04 03:57:36+00:00,80911.81,80911.82,80911.815,1.487618447,80883.97,80883.98,80883.975,1.544356108,80885.6,80885.7,80885.65,1.4927845,80873.76051699999,80873.86051249999,80873.81051474999,1.474838495
2026-09-04 03:57:39+00:00,80911.81,80911.82,80911.815,1.483376503,80883.97,80883.98,80883.975,1.565208912,80885.6,80885.7,80885.65,1.483337402,80873.76051699999,80873.86051249999,80873.81051474999,1.477959157
2026-09-04 03:57:42+00:00,80911.81,80911.82,80911.815,1.496481895,80883.97,80883.98,80883.975,1.556705713,80885.6,80885.7,80885.65,1.503070116,80873.76051699999,80873.86051249999,80873.81051474999,1.487309694
2026-09-04 03:57:45+00:00,80911.81,80911.82,80911.815,1.331742048,80883.97,80883.98,80883.975,1.549300432,80885.6,80885.7,80885.65,1.501338959,80873.76051699999,80873.86051249999,80873.81051474999,1.474858999
2026-09-04 03:57:48+00:00,80911.81,80911.82,80911.815,1.254342556,80883.97,80883.98,80883.975,1.473673106,80885.6,80885.7,80885.65,1.423310518,80873.76051699999,80873.86051249999,80873.81051474999,1.403608561
2026-09-04 03:57:51+00:00,80897.02,80900.5,80898.76000000001,1.440520287,80883.97,80883.98,80883.975,1.536209106,80885.6,80885.7,80885.65,1.44017601,80873.76051699999,80873.86051249999,80873.81051474999,1.440319538
2026-09-04 03:57:54+00:00,80897.02,80901.07,80899.04500000001,1.474370956,80895.88,80895.89,80895.88500000001,1.536062002,80885.6,80885.7,80885.65,1.487065316,80885.35999499999,80885.4599905,80885.40999275,1.462404013
2026-09-04 03:57:57+00:00,80897.02,80898.92,80897.97,1.352490902,80899.6,80899.61,80899.60500000001,1.530459404,80885.6,80885.7,80885.65,1.475969315,80886.25995449998,80886.35995,80886.30995224998,1.462814093
2026-09-04 03:58:00+00:00,80897.02,80898.92,80897.97,1.34794569,80896.92,80896.93,80896.92499999999,1.52896595,80885.6,80885.7,80885.65,1.47781086,80886.25995449998,80886.35995,80886.30995224998,1.457006931
2026-09-04 03:58:03+00:00,80897.02,80900.88,80898.95000000001,1.46756506,80896.92,80896.93,80896.92499999999,1.527884483,80885.6,80885.7,80885.65,1.479051113,80886.25995449998,80886.35995,80886.30995224998,1.453398705
2026-09-04 03:58:06+00:00,80897.02,80901.07,80899.04500000001,1.330402374,80896.92,80896.93,80896.92499999999,1.525326967,80887.9,80888.0,80887.95,1.471764088,80886.25995449998,80886.35995,80886.30995224998,1.450857639
2026-09-04 03:58:09+00:00,80897.02,80901.07,80899.04500000001,1.450328588,80896.92,80896.93,80896.92499999999,1.507422447,80887.9,80888.0,80887.95,1.460005522,80886.25995449998,80886.35995,80886.30995224998,1.423052788
2026-09-04 03:58:12+00:00,80897.02,80899.72,80898.37,1.335362911,80898.96,80901.25,80900.10500000001,1.518605232,80897.5,80897.6,80897.55,1.442276001,80886.25995449998,80886.35995,80886.30995224998,1.441336155
2026-09-04 03:58:15+00:00,80897.02,80901.07,80899.04500000001,1.320848465,80899.96,80899.97,80899.965,1.509678841,80897.5,80897.6,80897.55,1.46045351,80886.25995449998,80886.35995,80886.30995224998,1.439619541
2026-09-04 03:58:18+00:00,80897.02,80901.07,80899.04500000001,1.291793823,80899.96,80899.97,80899.965,1.509133816,80897.5,80897.6,80897.55,1.457069397,80886.25995449998,80886.35995,80886.30995224998,1.433861017
2026-09-04 03:58:21+00:00,80897.02,80899.45,80898.235,1.361805439,80896.82,80896.83,80896.82500000001,1.420558929,80897.5,80897.6,80897.55,1.369608879,80885.35999499999,80885.4599905,80885.40999275,1.34668684
2026-09-04 03:58:24+00:00,80897.02,80901.06,80899.04000000001,1.305267811,80894.26,80894.77,80894.515,1.491424561,80897.5,80897.6,80897.55,1.400057316,80885.35999499999,80885.4599905,80885.40999275,1.4001863
2026-09-04 03:58:27+00:00,80897.02,80899.19,80898.10500000001,1.433187008,80893.5,80893.51,80893.505,1.490212917,80897.5,80897.6,80897.55,1.437170506,80885.35999499999,80885.4599905,80885.40999275,1.420883656
2026-09-04 03:58:30+00:00,80897.02,80897.88,80897.45000000001,1.434636593,80892.01,80892.02,80892.015,1.49657631,80897.5,80897.6,80897.55,1.447124481,80884.960013,80885.06000849999,80885.01001075,1.42091465
2026-09-04 03:58:33+00:00,80897.02,80897.88,80897.45000000001,1.296194077,80892.0,80892.02,80892.01000000001,1.489763261,80897.5,80897.6,80897.55,1.440917492,80883.16009399999,80883.26008949999,80883.21009174999,1.41891551
2026-09-04 03:58:36+00:00,80897.02,80897.88,80897.45000000001,1.425848007,80892.0,80892.01,80892.005,1.486024857,80897.5,80897.6,80897.55,1.43266964,80883.16009399999,80883.26008949999,80883.21009174999,1.414665222
2026-09-04 03:58:39+00:00,80897.02,80897.88,80897.45000000001,1.424921036,80891.99,80892.01,80892.0,1.485264301,80897.5,80897.6,80897.55,1.436914921,80883.16009399999,80883.26008949999,80883.21009174999,1.413374424
2026-09-04 03:58:42+00:00,80897.02,80897.81,80897.41500000001,1.288565636,80892.0,80892.01,80892.005,1.471995592,80897.5,80897.6,80897.55,1.409614563,80883.16009399999,80883.26008949999,80883.21009174999,1.390006065
2026-09-04 03:58:45+00:00,80897.02,80897.67,80897.345,1.411962986,80892.0,80892.01,80892.005,1.483702183,80897.5,80897.6,80897.55,1.412551403,80883.16009399999,80883.26008949999,80883.21009174999,1.401454926
2026-09-04 03:58:48+00:00,80897.02,80897.88,80897.45000000001,1.29635644,80894.24,80894.25,80894.245,1.477621078,80897.5,80897.6,80897.55,1.42511797,80883.16009399999,80883.26008949999,80883.21009174999,1.40886116
2026-09-04 03:58:51+00:00,80897.02,80897.88,80897.45000000001,1.261523485,80893.7,80893.71,80893.705,1.474407673,80897.5,80897.6,80897.55,1.423139095,80883.16009399999,80883.26008949999,80883.21009174999,1.395663977
2026-09-04 03:58:54+00:00,80897.02,80897.88,80897.45000000001,1.24180603,80893.7,80893.71,80893.705,1.435749054,80897.5,80897.6,80897.55,1.384950161,80883.16009399999,80883.26008949999,80883.21009174999,1.360512733
2026-09-04 03:58:57+00:00,80897.02,80897.88,80897.45000000001,1.372569084,80893.7,80893.71,80893.705,1.467579842,80897.5,80897.6,80897.55,1.371583939,80883.16009399999,80883.26008949999,80883.21009174999,1.373258591
2026-09-04 03:59:00+00:00,80897.02,80897.88,80897.45000000001,1.279396296,80893.7,80893.71,80893.705,1.471220016,80897.5,80897.6,80897.55,1.414372683,80883.16009399999,80883.26008949999,80883.21009174999,1.394961357
2026-09-04 03:59:03+00:00,80897.02,80897.88,80897.45000000001,1.400645018,80893.7,80893.71,80893.705,1.464191915,80897.5,80897.6,80897.55,1.411581039,80883.16009399999,80883.26008949999,80883.21009174999,1.387034893
2026-09-04 03:59:06+00:00,80897.02,80897.67,80897.345,1.271611214,80885.49,80885.5,80885.495,1.461568117,80897.5,80897.6,80897.55,1.411171436,80874.6604765,80874.760472,80874.71047425,1.37340498
2026-09-04 03:59:09+00:00,80897.02,80897.67,80897.345,1.39705658,80885.48,80885.49,80885.485,1.457918406,80897.5,80897.6,80897.55,1.399949551,80874.6604765,80874.760472,80874.71047425,1.385489941
2026-09-04 03:59:12+00:00,80897.02,80897.67,80897.345,1.2633605,80885.48,80885.49,80885.485,1.454523563,80897.5,80897.6,80897.55,1.405220509,80874.6604765,80874.760472,80874.71047425,1.384851933
2026-09-04 03:59:15+00:00,80897.02,80897.67,80897.345,1.251960516,80885.48,80885.49,80885.485,1.438859701,80897.5,80897.6,80897.55,1.388812065,80874.6604765,80874.760472,80874.71047425,1.365593433
2026-09-04 03:59:18+00:00,80897.02,80897.67,80897.345,1.37688446,80885.48,80885.49,80885.485,1.447053909,80897.5,80897.6,80897.55,1.374748468,80874.6604765,80874.760472,80874.71047425,1.369801998
2026-09-04 03:59:21+00:00,80897.02,80897.67,80897.345,1.382138968,80885.48,80885.49,80885.485,1.442606926,80885.3,80885.4,80885.35,1.392019987,80874.6604765,80874.760472,80874.71047425,1.369390965
2026-09-04 03:59:24+00:00,80893.31,80897.67,80895.48999999999,1.227710962,80885.48,80885.49,80885.485,1.440126419,80885.3,80885.4,80885.35,1.393502474,80874.6604765,80874.760472,80874.71047425,1.366167545
2026-09-04 03:59:27+00:00,80893.31,80896.35,80894.83,1.343641281,80883.97,80883.98,80883.975,1.403716087,80885.3,80885.4,80885.35,1.356249094,80867.160814,80867.26080949999,80867.21081175,1.333157063
2026-09-04 03:59:30+00:00,80893.31,80896.35,80894.83,1.245745659,80880.8,80880.81,80880.805,1.435058117,80881.6,80881.7,80881.65,1.338346004,80867.160814,80867.26080949999,80867.21081175,1.338831902
2026-09-04 03:59:33+00:00,80893.31,80896.35,80894.83,1.237195492,80875.49,80875.5,80875.495,1.430152416,80881.6,80881.7,80881.65,1.26513958,80867.160814,80867.26080949999,80867.21081175,1.345390558
2026-09-04 03:59:36+00:00,80893.31,80896.35,80894.83,1.188899994,80873.99,80874.0,80873.995,1.425405025,80881.6,80881.7,80881.65,1.372058392,80867.160814,80867.26080949999,80867.21081175,1.351406097
2026-09-04 03:59:39+00:00,80893.31,80896.35,80894.83,1.364016294,80873.25,80873.26,80873.255,1.380050898,80881.6,80881.7,80881.65,1.374495029,80867.160814,80867.26080949999,80867.21081175,1.34167552
2026-09-04 03:59:42+00:00,80893.31,80896.35,80894.83,1.360545158,80875.49,80875.5,80875.495,1.421568394,80881.6,80881.7,80881.65,1.370841026,80865.66088149999,80865.760877,80865.71087925,1.30486536
2026-09-04 03:59:45+00:00,80893.31,80896.35,80894.83,1.2293365,80873.39,80873.4,80873.39499999999,1.416353941,80881.6,80881.7,80881.65,1.367522717,80865.66088149999,80865.760877,80865.71087925,1.33843255
2026-09-04 03:59:48+00:00,80874.97,80882.54,80878.755,1.34842658,80873.25,80873.26,80873.255,1.408801556,80881.6,80881.7,80881.65,1.356411934,80865.66088149999,80865.760877,80865.71087925,1.338654041
2026-09-04 03:59:51+00:00,80873.15,80874.24,80873.695,1.226775885,80861.54,80861.55,80861.545,1.410317421,80881.6,80881.7,80881.65,1.344322681,80852.16148899999,80852.26148449999,80852.21148674999,1.335480452
2026-09-04 03:59:54+00:00,80870.0,80873.3,80871.65,1.222920895,80861.54,80861.55,80861.545,1.408629417,80860.6,80860.7,80860.65,1.354453087,80846.561741,80846.6617365,80846.61173875,1.33613801
2026-09-04 03:59:57+00:00,80870.0,80873.3,80871.65,1.339782953,80850.5,80850.51,80850.505,1.399815083,80853.5,80853.6,80853.55,1.349740505,80840.26202449999,80840.36202,80840.31202225,1.327771902
2026-09-04 04:00:00+00:00,80870.0,80870.01,80870.005,1.311789036,80850.5,80850.51,80850.505,1.371756554,80853.5,80853.6,80853.55,1.315767527,80834.8622675,80834.962263,80834.91226525,1.300144434
2026-09-04 04:00:03+00:00,80870.0,80870.01,80870.005,1.209546566,80850.5,80850.51,80850.505,1.396656036,80853.5,80853.6,80853.55,1.306283951,80834.8622675,80834.962263,80834.91226525,1.306476116
2026-09-04 04:00:06+00:00,80870.0,80870.01,80870.005,1.333103895,80839.99,80840.0,80839.995,1.39478302,80851.7,80851.8,80851.75,1.341157913,80832.26238449999,80832.36237999999,80832.31238224999,1.32030797
2026-09-04 04:00:09+00:00,80849.24,80850.54,80849.89,1.327005386,80839.99,80840.0,80839.995,1.389419079,80851.7,80851.8,80851.75,1.339135885,80830.26247449999,80830.36247,80830.31247224999,1.314908981
2026-09-04 04:00:12+00:00,80849.24,80853.28,80851.26000000001,1.314503908,80844.76,80844.77,80844.765,1.344404697,80851.7,80851.8,80851.75,1.327565432,80830.26247449999,80830.36247,80830.31247224999,1.306747437
2026-09-04 04:00:15+00:00,80849.24,80853.28,80851.26000000001,1.319787502,80844.76,80844.77,80844.765,1.377664566,80851.7,80851.8,80851.75,1.328418493,80830.26247449999,80830.36247,80830.31247224999,1.270342112
2026-09-04 04:00:18+00:00,80841.19,80844.19,80842.69,1.315617085,80838.2,80838.21,80838.205,1.375706911,80845.7,80845.8,80845.75,1.321292639,80830.26247449999,80830.36247,80830.31247224999,1.30776
2026-09-04 04:00:21+00:00,80841.22,80842.34,80841.78,1.181221008,80838.2,80838.21,80838.205,1.367434025,80845.7,80845.8,80845.75,1.31825304,80830.26247449999,80830.36247,80830.31247224999,1.295061111
2026-09-04 04:00:24+00:00,80841.22,80842.33,80841.775,1.30648756,80838.2,80838.21,80838.205,1.363505363,80833.9,80834.0,80833.95,1.305290937,80830.26247449999,80830.36247,80830.31247224999,1.292062044
2026-09-04 04:00:27+00:00,80841.22,80842.33,80841.775,1.302430153,80838.2,80838.21,80838.205,1.361622095,80833.9,80834.0,80833.95,1.309799671,80830.26247449999,80830.36247,80830.31247224999,1.291209698
2026-09-04 04:00:30+00:00,80841.23,80842.33,80841.78,1.294125557,80838.2,80838.21,80838.205,1.35685873,80833.9,80834.0,80833.95,1.302805901,80830.26247449999,80830.36247,80830.31247224999,1.275768042
2026-09-04 04:00:33+00:00,80841.23,80841.29,80841.26,1.148337603,80838.2,80838.21,80838.205,1.328779221,80833.9,80834.0,80833.95,1.281651497,80830.26247449999,80830.36247,80830.31247224999,1.260324001
2026-09-04 04:00:36+00:00,80841.23,80842.33,80841.78,1.159843922,80838.2,80838.21,80838.205,1.347808599,80833.9,80834.0,80833.95,1.263816833,80830.26247449999,80830.36247,80830.31247224999,1.261722088
2026-09-04 04:00:39+00:00,80841.23,80843.3,80842.265,1.28787899,80841.56,80841.57,80841.565,1.349944115,80833.9,80834.0,80833.95,1.299765587,80825.4626905,80825.56268599999,80825.51268824999,1.267550945
2026-09-04 04:00:42+00:00,80841.23,80841.31,80841.26999999999,1.119842291,80841.56,80841.57,80841.565,1.344185829,80833.9,80834.0,80833.95,1.290531397,80825.4626905,80825.56268599999,80825.51268824999,1.269292116
2026-09-04 04:00:45+00:00,80841.23,80841.31,80841.26999999999,1.285912514,80841.56,80841.57,80841.565,1.309219122,80838.7,80838.8,80838.75,1.296528101,80825.4626905,80825.56268599999,80825.51268824999,1.269459486
2026-09-04 04:00:48+00:00,80841.22,80841.31,80841.265,1.230835438,80841.56,80841.57,80841.565,1.339862347,80838.7,80838.8,80838.75,1.28630662,80825.4626905,80825.56268599999,80825.51268824999,1.230759621
2026-09-04 04:00:51+00:00,80841.22,80841.31,80841.265,1.273045063,80841.56,80841.57,80841.565,1.330451012,80838.7,80838.8,80838.75,1.283608437,80825.4626905,80825.56268599999,80825.51268824999,1.249486923
2026-09-04 04:00:54+00:00,80841.23,80841.31,80841.26999999999,1.139347076,80836.82,80836.83,80836.82500000001,1.330607891,80838.7,80838.8,80838.75,1.275078058,80825.4626905,80825.56268599999,80825.51268824999,1.259365559
2026-09-04 04:00:57+00:00,80841.23,80841.31,80841.26999999999,1.137265205,80835.85,80835.86,80835.85500000001,1.323228598,80838.7,80838.8,80838.75,1.270786762,80825.4626905,80825.56268599999,80825.51268824999,1.2497437
2026-09-04 04:01:00+00:00,80841.23,80841.31,80841.26999999999,1.265148163,80840.37,80840.38,80840.375,1.326328993,80838.7,80838.8,80838.75,1.274796963,80825.4626905,80825.56268599999,80825.51268824999,1.250519037
2026-09-04 04:01:03+00:00,80841.22,80841.31,80841.265,1.236948013,80838.18,80838.19,80838.185,1.298336506,80838.7,80838.8,80838.75,1.247005939,80825.4626905,80825.56268599999,80825.51268824999,1.22358036
2026-09-04 04:01:06+00:00,80841.22,80841.31,80841.265,1.110508442,80838.18,80838.19,80838.185,1.300391674,80838.7,80838.8,80838.75,1.247217894,80825.4626905,80825.56268599999,80825.51268824999,1.22260952
2026-09-04 04:01:09+00:00,80830.73,80833.77,80832.25,1.236084461,80823.01,80823.02,80823.015,1.314218998,80838.7,80838.8,80838.75,1.23649931,80812.36327999999,80812.4632755,80812.41327774999,1.236513138
2026-09-04 04:01:12+00:00,80830.73,80831.54,80831.135,1.122554302,80822.99,80823.0,80822.995,1.302298069,80838.7,80838.8,80838.75,1.262268066,80808.26346449999,80808.36346,80808.31346225,1.225972176
2026-09-04 04:01:15+00:00,80830.65,80831.54,80831.095,1.254114151,80815.46,80815.47,80815.465,1.315095425,80836.1,80836.2,80836.15,1.264246464,80808.26346449999,80808.36346,80808.31346225,1.226430893
2026-09-04 04:01:18+00:00,80824.88,80828.86,80826.87,1.082175493,80814.71,80814.72,80814.715,1.268918037,80834.1,80834.2,80834.15,1.212323904,80807.76348699999,80807.86348249999,80807.81348474999,1.196257114
2026-09-04 04:01:21+00:00,80824.88,80824.92,80824.9,1.106918097,80814.71,80814.72,80814.715,1.300569057,80834.1,80834.2,80834.15,1.254473448,80807.76348699999,80807.86348249999,80807.81348474999,1.199917555
2026-09-04 04:01:24+00:00,80824.88,80824.92,80824.9,1.104085445,80813.99,80814.0,80813.995,1.29585886,80828.1,80828.2,80828.15,1.244934559,80807.76348699999,80807.86348249999,80807.81348474999,1.225311041
2026-09-04 04:01:27+00:00,80824.88,80828.28,80826.58,1.240128994,80825.0,80825.01,80825.005,1.301612377,80828.1,80828.2,80828.15,1.250870943,80820.962893,80821.06288849999,80821.01289074999,1.221933365
2026-09-04 04:01:30+00:00,80824.88,80828.63,80826.755,1.109586,80825.0,80825.01,80825.005,1.29458952,80825.1,80825.2,80825.15,1.238914967,80820.962893,80821.06288849999,80821.01289074999,1.221982479
2026-09-04 04:01:33+00:00,80824.88,80828.63,80826.755,1.102384329,80825.74,80825.75,80825.745,1.288954496,80825.1,80825.2,80825.15,1.234406948,80820.962893,80821.06288849999,80821.01289074999,1.212949514
2026-09-04 04:01:36+00:00,80824.88,80828.63,80826.755,1.222574472,80825.74,80825.75,80825.745,1.282445908,80825.1,80825.2,80825.15,1.229821444,80820.962893,80821.06288849999,80821.01289074999,1.208926916
2026-09-04 04:01:39+00:00,80824.88,80828.63,80826.755,1.073702097,80825.74,80825.75,80825.745,1.262324095,80825.1,80825.2,80825.15,1.212776423,80819.8629425,80819.962938,80819.91294025,1.192431927
2026-09-04 04:01:42+00:00,80824.88,80828.63,80826.755,1.202838898,80825.74,80825.75,80825.745,1.279157162,80825.1,80825.2,80825.15,1.203676224,80819.8629425,80819.962938,80819.91294025,1.197566032
2026-09-04 04:01:45+00:00,80824.88,80828.63,80826.755,1.208686113,80825.74,80825.75,80825.745,1.270781517,80825.1,80825.2,80825.15,1.220249414,80819.8629425,80819.962938,80819.91294025,1.200780869
2026-09-04 04:01:48+00:00,80824.88,80828.63,80826.755,1.207443953,80825.74,80825.75,80825.745,1.265863895,80825.1,80825.2,80825.15,1.216420889,80819.8629425,80819.962938,80819.91294025,1.186802387
2026-09-04 04:01:51+00:00,80824.88,80828.63,80826.755,1.166138411,80823.42,80823.43,80823.42499999999,1.229949951,80825.1,80825.2,80825.15,1.180583715,80819.8629425,80819.962938,80819.91294025,1.157783508
2026-09-04 04:01:54+00:00,80824.88,80828.63,80826.755,1.066802502,80823.42,80823.43,80823.42499999999,1.260929108,80825.1,80825.2,80825.15,1.165287018,80819.8629425,80819.962938,80819.91294025,1.163840294
2026-09-04 04:01:57+00:00,80824.89,80828.92,80826.905,1.064344406,80829.9,80829.91,80829.905,1.259418488,80825.1,80825.2,80825.15,1.20720005,80820.962893,80821.06288849999,80821.01289074999,1.187579155
2026-09-04 04:02:00+00:00,80824.89,80828.92,80826.905,1.193659306,80829.9,80829.91,80829.905,1.259147644,80825.1,80825.2,80825.15,1.205914021,80820.962893,80821.06288849999,80821.01289074999,1.185087681
2026-09-04 04:02:03+00:00,80824.89,80828.94,80826.91500000001,1.064582109,80829.9,80829.91,80829.905,1.251228094,80825.1,80825.2,80825.15,1.202147961,80816.06311349999,80816.163109,80816.11311124999,1.174890995
2026-09-04 04:02:06+00:00,80824.89,80828.77,80826.83,1.065936565,80813.99,80814.01,80814.0,1.2508986,80825.1,80825.2,80825.15,1.20044136,80816.06311349999,80816.163109,80816.11311124999,1.130113125
2026-09-04 04:02:09+00:00,80824.89,80826.66,80825.775,1.036763906,80813.99,80814.0,80813.995,1.220670462,80825.1,80825.2,80825.15,1.166287899,80807.86348249999,80807.963478,80807.91348024999,1.144451141
2026-09-04 04:02:12+00:00,80819.91,80820.86,80820.38500000001,1.035924911,80813.99,80814.0,80813.995,1.233740091,80825.1,80825.2,80825.15,1.179420948,80807.86348249999,80807.963478,80807.91348024999,1.158599138
2026-09-04 04:02:15+00:00,80819.91,80823.04,80821.475,1.166573048,80814.51,80814.52,80814.515,1.236716032,80825.1,80825.2,80825.15,1.164798498,80807.86348249999,80807.963478,80807.91348024999,1.153980017
2026-09-04 04:02:18+00:00,80819.91,80823.04,80821.475,1.048083782,80821.6,80821.61,80821.60500000001,1.231367111,80822.1,80822.2,80822.15,1.177454948,80814.36318999999,80814.4631855,80814.41318775,1.158917904
2026-09-04 04:02:21+00:00,80819.91,80823.04,80821.475,1.16946888,80821.6,80821.61,80821.60500000001,1.228871107,80822.1,80822.2,80822.15,1.176946878,80814.36318999999,80814.4631855,80814.41318775,1.157823563
2026-09-04 04:02:24+00:00,80819.91,80823.04,80821.475,1.004558086,80821.6,80821.61,80821.60500000001,1.193046093,80818.6,80818.7,80818.65,1.139892578,80814.36318999999,80814.4631855,80814.41318775,1.12143445
2026-09-04 04:02:27+00:00,80839.72,80839.74,80839.73000000001,1.003360033,80841.45,80843.4,80842.42499999999,1.186765909,80838.0,80838.1,80838.05,1.126186371,80837.162164,80837.2621595,80837.21216175,1.113014221
2026-09-04 04:02:30+00:00,80839.72,80839.8,80839.76000000001,1.029106379,80832.18,80832.19,80832.185,1.214951992,80838.0,80838.1,80838.05,1.170994282,80821.06288849999,80821.16288399999,80821.11288624999,1.131896496
2026-09-04 04:02:33+00:00,80839.72,80840.48,80840.1,1.158321381,80831.7,80831.71,80831.705,1.218777895,80838.0,80838.1,80838.05,1.165277481,80821.06288849999,80821.16288399999,80821.11288624999,1.084364891
2026-09-04 04:02:36+00:00,80839.72,80840.48,80840.1,1.027266979,80831.7,80831.71,80831.705,1.168028355,80838.0,80838.1,80838.05,1.163627148,80821.06288849999,80821.16288399999,80821.11288624999,1.142816067
2026-09-04 04:02:39+00:00,80839.72,80840.48,80840.1,1.024550438,80831.7,80831.71,80831.705,1.217196465,80838.0,80838.1,80838.05,1.161906958,80821.06288849999,80821.16288399999,80821.11288624999,1.095927715
2026-09-04 04:02:42+00:00,80839.75,80840.48,80840.11499999999,1.148994923,80831.7,80831.71,80831.705,1.209774971,80838.0,80838.1,80838.05,1.156975508,80830.26247449999,80830.36247,80830.31247224999,1.139154434
2026-09-04 04:02:45+00:00,80839.75,80841.0,80840.375,1.13812089,80831.7,80831.71,80831.705,1.201107025,80838.0,80838.1,80838.05,1.14854908,80830.26247449999,80830.36247,80830.31247224999,1.128703594
2026-09-04 04:02:48+00:00,80839.75,80843.77,80841.76000000001,1.02025342,80839.51,80839.52,80839.515,1.206096172,80838.0,80838.1,80838.05,1.134422302,80830.26247449999,80830.36247,80830.31247224999,1.134301186
2026-09-04 04:02:51+00:00,80839.75,80843.77,80841.76000000001,1.013751507,80839.51,80839.52,80839.515,1.201276779,80838.0,80838.1,80838.05,1.152457714,80830.26247449999,80830.36247,80830.31247224999,1.12838769
2026-09-04 04:02:54+00:00,80839.75,80842.57,80841.16,0.991538048,80838.75,80838.76,80838.755,1.203220844,80838.0,80838.1,80838.05,1.14889884,80816.36309999999,80816.4630955,80816.41309774999,1.118412971
2026-09-04 04:02:57+00:00,80834.95,80836.49,80835.72,1.101215363,80824.05,80824.06,80824.055,1.164411545,80838.0,80838.1,80838.05,1.114978075,80816.36309999999,80816.4630955,80816.41309774999,1.074365616
2026-09-04 04:03:00+00:00,80834.93,80836.36,80835.64499999999,1.007867575,80824.05,80824.06,80824.055,1.191730976,80838.0,80838.1,80838.05,1.146223545,80816.36309999999,80816.4630955,80816.41309774999,1.100560188
2026-09-04 04:03:03+00:00,80834.93,80835.02,80834.975,1.000127554,80824.05,80824.06,80824.055,1.195056915,80838.0,80838.1,80838.05,1.138175488,80816.36309999999,80816.4630955,80816.41309774999,1.120900393
2026-09-04 04:03:06+00:00,80834.93,80835.02,80834.975,0.948695421,80824.05,80824.06,80824.055,1.174605608,80838.0,80838.1,80838.05,1.131271362,80816.36309999999,80816.4630955,80816.41309774999,1.113981485
2026-09-04 04:03:09+00:00,80834.93,80835.0,80834.965,1.000204563,80824.05,80824.06,80824.055,1.138231039,80838.0,80838.1,80838.05,1.13140583,80816.36309999999,80816.4630955,80816.41309774999,1.100008965
2026-09-04 04:03:12+00:00,80828.82,80828.96,80828.89000000001,0.990147114,80820.2,80820.21,80820.205,1.17579031,80834.1,80834.2,80834.15,1.129571915,80807.86348249999,80807.963478,80807.91348024999,1.063102484
2026-09-04 04:03:15+00:00,80828.83,80828.96,80828.895,0.984894514,80815.0,80815.01,80815.005,1.175625086,80834.1,80834.2,80834.15,1.126948118,80816.36309999999,80816.4630955,80816.41309774999,1.10265851
2026-09-04 04:03:18+00:00,80828.83,80829.62,80829.225,1.107330799,80824.05,80824.06,80824.055,1.163948059,80834.1,80834.2,80834.15,1.113603592,80816.36309999999,80816.4630955,80816.41309774999,1.089253902
2026-09-04 04:03:21+00:00,80828.83,80831.75,80830.29000000001,0.980430603,80824.05,80824.06,80824.055,1.103061199,80834.1,80834.2,80834.15,1.101142883,80816.36309999999,80816.4630955,80816.41309774999,1.09906292
2026-09-04 04:03:24+00:00,80828.83,80831.75,80830.29000000001,1.105524063,80824.05,80824.06,80824.055,1.167761803,80834.1,80834.2,80834.15,1.114253521,80816.36309999999,80816.4630955,80816.41309774999,1.098524094
2026-09-04 04:03:27+00:00,80828.83,80831.75,80830.29000000001,1.10288763,80824.05,80824.06,80824.055,1.162817955,80834.1,80834.2,80834.15,1.106812954,80816.36309999999,80816.4630955,80816.41309774999,1.090722084
2026-09-04 04:03:30+00:00,80828.83,80831.75,80830.29000000001,0.937134504,80824.05,80824.06,80824.055,1.129658461,80823.8,80823.9,80823.85,1.032302856,80816.36309999999,80816.4630955,80816.41309774999,1.060342312
2026-09-04 04:03:33+00:00,80832.88,80832.89,80832.88500000001,0.962094784,80824.05,80824.06,80824.055,1.154505968,80823.8,80823.9,80823.85,1.063418865,80832.56237099999,80832.6623665,80832.61236875,1.06474638
2026-09-04 04:03:36+00:00,80838.12,80841.74,80839.93,1.087783098,80843.23,80843.24,80843.235,1.154080391,80838.6,80838.7,80838.65,1.099759579,80832.56237099999,80832.6623665,80832.61236875,1.074650288
2026-09-04 04:03:39+00:00,80838.12,80841.74,80839.93,1.090777397,80843.23,80843.24,80843.235,1.142258644,80838.6,80838.7,80838.65,1.096028805,80832.56237099999,80832.6623665,80832.61236875,1.06793499
2026-09-04 04:03:42+00:00,80838.12,80841.59,80839.855,0.951395512,80835.22,80835.23,80835.225,1.102891922,80838.6,80838.7,80838.65,1.092166901,80823.962758,80824.0627535,80824.01275575,1.070020199
2026-09-04 04:03:45+00:00,80838.12,80841.59,80839.855,1.074313641,80835.22,80835.23,80835.225,1.134896755,80829.4,80829.5,80829.45,1.080395937,80823.962758,80824.0627535,80824.01275575,1.029107571
2026-09-04 04:03:48+00:00,80838.12,80841.59,80839.855,1.071724415,80835.22,80835.23,80835.225,1.131068468,80829.4,80829.5,80829.45,1.08236742,80823.962758,80824.0627535,80824.01275575,1.068313599
2026-09-04 04:03:51+00:00,80838.12,80841.59,80839.855,0.942749977,80835.22,80835.23,80835.225,1.130768299,80830.4,80830.5,80830.45,1.080180645,80823.962758,80824.0627535,80824.01275575,1.06022501
2026-09-04 04:03:54+00:00,80838.12,80841.59,80839.855,0.941513538,80835.22,80835.23,80835.225,1.126816511,80828.7,80828.8,80828.75,1.065877438,80823.962758,80824.0627535,80824.01275575,1.05351305
2026-09-04 04:03:57+00:00,80838.12,80841.59,80839.855,1.06218195,80835.22,80835.23,80835.225,1.126013517,80828.7,80828.8,80828.75,1.075788498,80823.962758,80824.0627535,80824.01275575,1.040511608
2026-09-04 04:04:00+00:00,80838.12,80841.59,80839.855,1.062844753,80835.22,80835.23,80835.225,1.113926888,80828.7,80828.8,80828.75,1.06941247,80822.458675,80822.55867000001,80822.5086725,1.053629398
2026-09-04 04:04:03+00:00,80838.12,80841.59,80839.855,1.039676905,80832.52,80832.53,80832.525,1.095606804,80828.7,80828.8,80828.75,1.048657417,80822.458675,80822.55867000001,80822.5086725,1.0221138
2026-09-04 04:04:06+00:00,80838.15,80841.74,80839.945,1.031145096,80840.05,80840.99,80840.52,1.115121603,80828.7,80828.8,80828.75,1.031073093,80829.15834,80829.258335,80829.2083375,1.029251099
2026-09-04 04:04:09+00:00,80838.15,80841.74,80839.945,1.050488472,80839.62,80839.63,80839.625,1.107633114,80828.7,80828.8,80828.75,1.061358452,80829.56250599999,80829.6625015,80829.61250374999,1.03461194
2026-09-04 04:04:12+00:00,80838.15,80842.17,80840.16,1.047423363,80839.06,80839.07,80839.065,1.107663393,80828.7,80828.8,80828.75,1.056052446,80829.56250599999,80829.6625015,80829.61250374999,1.039266586
2026-09-04 04:04:15+00:00,80838.15,80842.17,80840.16,0.914089918,80841.24,80841.25,80841.245,1.069717884,80828.7,80828.8,80828.75,1.051290512,80831.4624205,80831.56241599999,80831.51241825,1.030637264
2026-09-04 04:04:18+00:00,80838.15,80842.2,80840.17499999999,0.992552757,80841.24,80841.25,80841.245,1.098371983,80828.7,80828.8,80828.75,1.04295969,80831.4624205,80831.56241599999,80831.51241825,0.991019487
2026-09-04 04:04:21+00:00,80838.15,80842.2,80840.17499999999,1.032869816,80841.24,80841.25,80841.245,1.094891071,80828.7,80828.8,80828.75,1.041487694,80831.4624205,80831.56241599999,80831.51241825,1.021971703
2026-09-04 04:04:24+00:00,80838.15,80842.2,80840.17499999999,0.901021004,80841.24,80841.25,80841.245,1.090640068,80828.7,80828.8,80828.75,1.038435936,80831.4624205,80831.56241599999,80831.51241825,1.012982368
2026-09-04 04:04:27+00:00,80838.15,80842.2,80840.17499999999,0.9055233,80841.24,80841.25,80841.245,1.084194422,80828.7,80828.8,80828.75,0.985464573,80831.4624205,80831.56241599999,80831.51241825,1.012938499
2026-09-04 04:04:30+00:00,80838.15,80842.2,80840.17499999999,1.018527508,80841.24,80841.25,80841.245,1.085556507,80828.7,80828.8,80828.75,1.033846378,80831.4624205,80831.56241599999,80831.51241825,1.009919882
2026-09-04 04:04:33+00:00,80838.15,80842.2,80840.17499999999,0.882920742,80841.24,80841.25,80841.245,1.080570459,80828.7,80828.8,80828.75,1.027261496,80831.4624205,80831.56241599999,80831.51241825,1.009048939
2026-09-04 04:04:36+00:00,80838.15,80842.2,80840.17499999999,1.000339031,80841.24,80841.25,80841.245,1.062160969,80828.7,80828.8,80828.75,0.999389648,80831.4624205,80831.56241599999,80831.51241825,0.990971565
2026-09-04 04:04:39+00:00,80838.15,80842.2,80840.17499999999,0.892740965,80841.24,80841.25,80841.245,1.078225613,80828.7,80828.8,80828.75,0.993126392,80831.4624205,80831.56241599999,80831.51241825,0.993316174
2026-09-04 04:04:42+00:00,80838.15,80842.2,80840.17499999999,1.012191296,80841.24,80841.25,80841.245,1.07330966,80838.2,80838.3,80838.25,1.021234035,80831.4624205,80831.56241599999,80831.51241825,0.99564743
2026-09-04 04:04:45+00:00,80838.15,80842.2,80840.17499999999,1.007082939,80839.74,80839.75,80839.745,1.064044476,80838.2,80838.3,80838.25,1.014619112,80831.4624205,80831.56241599999,80831.51241825,0.991170883
2026-09-04 04:04:48+00:00,80838.15,80842.2,80840.17499999999,0.834928036,80839.74,80839.75,80839.745,1.022707701,80838.2,80838.3,80838.25,0.973048687,80831.4624205,80831.56241599999,80831.51241825,0.943485498
2026-09-04 04:04:51+00:00,80838.15,80842.2,80840.17499999999,0.958295584,80839.74,80839.75,80839.745,1.054334879,80838.2,80838.3,80838.25,1.011482477,80831.4624205,80831.56241599999,80831.51241825,0.956473351
2026-09-04 04:04:54+00:00,80849.25,80850.92,80850.08499999999,1.000173092,80846.98,80846.99,80846.985,1.055963516,80848.7,80848.8,80848.75,1.006245136,80842.76191199999,80842.86190749999,80842.81190974999,0.984521389
2026-09-04 04:04:57+00:00,80849.25,80853.28,80851.265,0.870954991,80852.98,80852.99,80852.985,1.048105717,80848.7,80848.8,80848.75,1.000375986,80852.4614755,80852.561471,80852.51147325,0.968681574
2026-09-04 04:05:00+00:00,80850.1,80853.28,80851.69,0.989204884,80852.98,80852.99,80852.985,1.053573608,80848.7,80848.8,80848.75,0.996935844,80852.4614755,80852.561471,80852.51147325,0.976735592
2026-09-04 04:05:03+00:00,80850.1,80854.77,80852.435,0.86327076,80855.62,80855.63,80855.625,1.043130398,80853.5,80853.6,80853.55,0.998433113,80852.4614755,80852.561471,80852.51147325,0.974310875
2026-09-04 04:05:06+00:00,80850.1,80854.77,80852.435,0.858304024,80855.62,80855.63,80855.625,1.045882225,80853.5,80853.6,80853.55,0.991631031,80852.4614755,80852.561471,80852.51147325,0.9705863
2026-09-04 04:05:09+00:00,80850.1,80854.77,80852.435,0.966566563,80855.62,80855.63,80855.625,1.028860092,80853.5,80853.6,80853.55,0.974179506,80852.4614755,80852.561471,80852.51147325,0.952852488
2026-09-04 04:05:12+00:00,80850.1,80854.15,80852.125,0.839272499,80855.62,80855.63,80855.625,1.035972595,80853.5,80853.6,80853.55,0.958580017,80852.4614755,80852.561471,80852.51147325,0.959173918
2026-09-04 04:05:15+00:00,80850.1,80854.15,80852.125,0.96889782,80855.62,80855.63,80855.625,1.028968811,80853.5,80853.6,80853.55,0.972941399,80852.057195,80852.15719,80852.1071925,0.953374863
2026-09-04 04:05:18+00:00,80850.1,80854.15,80852.125,0.809621096,80855.62,80855.63,80855.625,1.029939413,80853.5,80853.6,80853.55,0.975215435,80850.457275,80850.55727,80850.50727249999,0.951833963
2026-09-04 04:05:21+00:00,80850.1,80854.15,80852.125,0.796939373,80858.33,80858.34,80858.33499999999,0.984828472,80853.5,80853.6,80853.55,0.933175087,80850.457275,80850.55727,80850.50727249999,0.910125256
2026-09-04 04:05:24+00:00,80850.1,80854.15,80852.125,0.831501961,80858.33,80858.34,80858.33499999999,1.018714428,80853.5,80853.6,80853.55,0.920081139,80850.457275,80850.55727,80850.50727249999,0.920352459
2026-09-04 04:05:27+00:00,80850.1,80854.15,80852.125,0.952823162,80858.33,80858.34,80858.33499999999,1.011353016,80853.5,80853.6,80853.55,0.924770355,80850.457275,80850.55727,80850.50727249999,0.935259104
2026-09-04 04:05:30+00:00,80850.1,80854.15,80852.125,0.952608585,80858.33,80858.34,80858.33499999999,1.014785767,80853.5,80853.6,80853.55,0.961250782,80850.457275,80850.55727,80850.50727249999,0.939654589
2026-09-04 04:05:33+00:00,80850.1,80854.15,80852.125,0.821037054,80856.71,80856.73,80856.72,1.010594368,80853.5,80853.6,80853.55,0.955514431,80850.457275,80850.55727,80850.50727249999,0.938965559
2026-09-04 04:05:36+00:00,80850.1,80859.87,80854.985,0.946055412,80856.71,80856.72,80856.715,1.005760908,80853.5,80853.6,80853.55,0.958844185,80850.457275,80850.55727,80850.50727249999,0.8574121
2026-09-04 04:05:39+00:00,80850.1,80854.15,80852.125,0.812040329,80856.71,80856.72,80856.715,1.001855612,80853.5,80853.6,80853.55,0.942306519,80850.457275,80850.55727,80850.50727249999,0.919998169
2026-09-04 04:05:42+00:00,80850.1,80858.19,80854.145,0.929909945,80856.71,80856.72,80856.715,0.989178419,80853.5,80853.6,80853.55,0.934872627,80850.457275,80850.55727,80850.50727249999,0.890008926
2026-09-04 04:05:45+00:00,80861.91,80865.92,80863.91500000001,0.925767422,80864.98,80864.99,80864.985,0.992950439,80853.5,80853.6,80853.55,0.923758507,80861.952348,80862.05234250001,80862.00234525002,0.912611008
2026-09-04 04:05:48+00:00,80861.91,80866.46,80864.185,0.808765411,80864.98,80864.99,80864.985,0.974688053,80853.5,80853.6,80853.55,0.938948154,80865.4521555,80865.55215,80865.50215275,0.91526556
2026-09-04 04:05:51+00:00,80862.34,80866.46,80864.4,0.928779602,80864.98,80864.99,80864.985,0.985012293,80853.5,80853.6,80853.55,0.935427905,80865.4521555,80865.55215,80865.50215275,0.914091587
2026-09-04 04:05:54+00:00,80864.07,80866.43,80865.25,0.895848513,80864.97,80864.98,80864.975,0.938483,80853.5,80853.6,80853.55,0.899260283,80859.4524855,80859.55248000001,80859.50248275002,0.877859116
2026-09-04 04:05:57+00:00,80872.1,80875.64,80873.87,0.886522293,80881.79,80881.8,80881.795,0.972158909,80873.3,80873.4,80873.35,0.882469654,80874.4516605,80874.551655,80874.50165774999,0.883321047
2026-09-04 04:06:00+00:00,80872.1,80875.64,80873.87,0.789314985,80876.95,80876.96,80876.955,0.97101593,80873.3,80873.4,80873.35,0.921629429,80871.951798,80872.0517925,80872.00179524999,0.81212306
2026-09-04 04:06:03+00:00,80872.1,80876.15,80874.125,0.908401966,80876.95,80876.96,80876.955,0.966410875,80873.3,80873.4,80873.35,0.921186447,80871.951798,80872.0517925,80872.00179524999,0.895235062
2026-09-04 04:06:06+00:00,80872.1,80876.15,80874.125,0.903343678,80876.95,80876.96,80876.955,0.924588919,80873.3,80873.4,80873.35,0.914316893,80871.951798,80872.0517925,80872.00179524999,0.89014864
2026-09-04 04:06:09+00:00,80872.1,80876.15,80874.125,0.905087709,80876.95,80876.96,80876.955,0.961215973,80877.0,80877.1,80877.05,0.91374445,80871.951798,80872.0517925,80872.00179524999,0.84730196
2026-09-04 04:06:12+00:00,80872.1,80876.52,80874.31,0.774089575,80876.95,80876.96,80876.955,0.959310293,80870.4,80870.5,80870.45,0.910305023,80866.752084,80866.85207850001,80866.80208125,0.883508205
2026-09-04 04:06:15+00:00,80872.1,80876.52,80874.31,0.894168854,80871.99,80873.17,80872.58,0.951872826,80870.4,80870.5,80870.45,0.903207541,80867.8520235,80867.952018,80867.90202075,0.8791852
2026-09-04 04:06:18+00:00,80872.1,80876.52,80874.31,0.889057159,80874.0,80874.01,80874.005,0.95550108,80870.4,80870.5,80870.45,0.887648106,80867.8520235,80867.952018,80867.90202075,0.874678851
2026-09-04 04:06:21+00:00,80872.1,80876.52,80874.31,0.885851622,80874.0,80874.01,80874.005,0.947751999,80870.4,80870.5,80870.45,0.896884441,80867.8520235,80867.952018,80867.90202075,0.86882949
2026-09-04 04:06:24+00:00,80872.88,80876.52,80874.70000000001,0.8861835,80874.0,80874.01,80874.005,0.945426464,80870.4,80870.5,80870.45,0.895663977,80867.8520235,80867.952018,80867.90202075,0.872838497
2026-09-04 04:06:27+00:00,80872.88,80876.94,80874.91,0.723754406,80874.0,80874.01,80874.005,0.917184114,80870.4,80870.5,80870.45,0.80456686,80867.8520235,80867.952018,80867.90202075,0.841631889
2026-09-04 04:06:30+00:00,80872.88,80876.94,80874.91,0.850737095,80874.0,80874.01,80874.005,0.937608957,80870.4,80870.5,80870.45,0.849155426,80867.8520235,80867.952018,80867.90202075,0.850306511
2026-09-04 04:06:33+00:00,80872.88,80876.94,80874.91,0.874008179,80874.0,80874.01,80874.005,0.934499979,80870.4,80870.5,80870.45,0.885482073,80867.8520235,80867.952018,80867.90202075,0.864155054
2026-09-04 04:06:36+00:00,80872.88,80876.94,80874.91,0.703598499,80874.0,80874.01,80874.005,0.928717613,80870.4,80870.5,80870.45,0.873604298,80867.8520235,80867.952018,80867.90202075,0.817513943
2026-09-04 04:06:39+00:00,80872.88,80876.94,80874.91,0.737307072,80879.64,80879.65,80879.64499999999,0.892868042,80870.4,80870.5,80870.45,0.879704475,80872.2517815,80872.35177600001,80872.30177875,0.857748032
2026-09-04 04:06:42+00:00,80872.88,80876.94,80874.91,0.744545698,80876.96,80876.97,80876.965,0.924361706,80872.9,80873.0,80872.95,0.878601074,80872.2517815,80872.35177600001,80872.30177875,0.817959547
2026-09-04 04:06:45+00:00,80872.88,80876.94,80874.91,0.856019974,80876.96,80876.97,80876.965,0.919867992,80872.9,80873.0,80872.95,0.865907431,80870.65186950001,80870.751864,80870.70186675001,0.802062511
2026-09-04 04:06:48+00:00,80872.88,80876.94,80874.91,0.667980433,80876.96,80876.97,80876.965,0.922769547,80872.9,80873.0,80872.95,0.868122578,80870.65186950001,80870.751864,80870.70186675001,0.849761486
2026-09-04 04:06:51+00:00,80872.88,80876.94,80874.91,0.727921963,80876.96,80876.97,80876.965,0.917205572,80872.9,80873.0,80872.95,0.855234861,80870.65186950001,80870.751864,80870.70186675001,0.841599703
2026-09-04 04:06:54+00:00,80872.88,80876.94,80874.91,0.851609707,80873.46,80873.47,80873.465,0.909111023,80872.9,80873.0,80872.95,0.861212015,80866.95207300001,80867.0520675,80867.00207025,0.831644297
2026-09-04 04:06:57+00:00,80872.88,80876.94,80874.91,0.843472004,80871.97,80871.98,80871.975,0.903569698,80872.9,80873.0,80872.95,0.854397535,80866.95207300001,80867.0520675,80867.00207025,0.831545115
2026-09-04 04:07:00+00:00,80872.88,80876.94,80874.91,0.824772835,80871.97,80871.98,80871.975,0.88283205,80872.9,80873.0,80872.95,0.830382824,80866.95207300001,80867.0520675,80867.00207025,0.811213493
2026-09-04 04:07:03+00:00,80872.88,80876.94,80874.91,0.818267107,80871.97,80871.98,80871.975,0.896300316,80872.9,80873.0,80872.95,0.816409588,80866.95207300001,80867.0520675,80867.00207025,0.815618992
2026-09-04 04:07:06+00:00,80872.88,80876.94,80874.91,0.707771063,80871.97,80871.98,80871.975,0.895924568,80872.9,80873.0,80872.95,0.844768047,80866.95207300001,80867.0520675,80867.00207025,0.80053997
2026-09-04 04:07:09+00:00,80872.88,80876.94,80874.91,0.830761909,80871.97,80871.98,80871.975,0.891079426,80872.9,80873.0,80872.95,0.843772411,80866.95207300001,80867.0520675,80867.00207025,0.812467098
2026-09-04 04:07:12+00:00,80876.63,80880.68,80878.655,0.829498291,80873.98,80873.99,80873.985,0.85784483,80872.9,80873.0,80872.95,0.843308449,80873.751699,80873.85169350001,80873.80169625001,0.816697598
2026-09-04 04:07:15+00:00,80876.63,80880.68,80878.655,0.704064846,80876.96,80876.97,80876.965,0.885236502,80877.5,80877.6,80877.55,0.838001013,80873.751699,80873.85169350001,80873.80169625001,0.779881954
2026-09-04 04:07:18+00:00,80876.63,80880.68,80878.655,0.817119598,80876.96,80876.97,80876.965,0.87765646,80877.5,80877.6,80877.55,0.834062099,80873.751699,80873.85169350001,80873.80169625001,0.796748877
2026-09-04 04:07:21+00:00,80881.46,80886.31,80883.88500000001,0.820127487,80876.96,80876.97,80876.965,0.877439022,80877.5,80877.6,80877.55,0.828724861,80873.751699,80873.85169350001,80873.80169625001,0.803628445
2026-09-04 04:07:24+00:00,80881.46,80885.51,80883.485,0.674459696,80876.96,80876.97,80876.965,0.867814064,80877.5,80877.6,80877.55,0.814662933,80873.751699,80873.85169350001,80873.80169625001,0.798487902
2026-09-04 04:07:27+00:00,80881.46,80885.51,80883.485,0.802342892,80876.96,80876.97,80876.965,0.865476608,80877.5,80877.6,80877.55,0.806493998,80873.751699,80873.85169350001,80873.80169625001,0.790751934
2026-09-04 04:07:30+00:00,80881.46,80885.51,80883.485,0.80159235,80876.96,80876.97,80876.965,0.863564968,80877.5,80877.6,80877.55,0.810120583,80873.751699,80873.85169350001,80873.80169625001,0.785753012
2026-09-04 04:07:33+00:00,80881.49,80885.51,80883.5,0.663585901,80876.96,80876.97,80876.965,0.836467266,80877.5,80877.6,80877.55,0.792962074,80873.751699,80873.85169350001,80873.80169625001,0.770523548
2026-09-04 04:07:36+00:00,80881.49,80885.51,80883.5,0.780200005,80876.96,80876.97,80876.965,0.85399437,80877.5,80877.6,80877.55,0.779275894,80873.751699,80873.85169350001,80873.80169625001,0.780556917
2026-09-04 04:07:39+00:00,80885.5,80886.24,80885.87,0.789330006,80876.96,80876.97,80876.965,0.847982407,80877.5,80877.6,80877.55,0.798400402,80873.751699,80873.85169350001,80873.80169625001,0.766204119
2026-09-04 04:07:42+00:00,80885.5,80886.24,80885.87,0.629620075,80876.96,80876.97,80876.965,0.850590944,80877.5,80877.6,80877.55,0.796518326,80873.751699,80873.85169350001,80873.80169625001,0.755111217
2026-09-04 04:07:45+00:00,80885.5,80886.11,80885.805,0.745838642,80876.96,80876.97,80876.965,0.807375908,80877.5,80877.6,80877.55,0.753126383,80873.751699,80873.85169350001,80873.80169625001,0.735693693
2026-09-04 04:07:48+00:00,80885.51,80886.11,80885.81,0.648792982,80875.34,80875.35,80875.345,0.839951515,80877.5,80877.6,80877.55,0.741415024,80873.751699,80873.85169350001,80873.80169625001,0.7410779
2026-09-04 04:07:51+00:00,80885.51,80886.11,80885.81,0.646842003,80875.34,80875.35,80875.345,0.838659048,80877.5,80877.6,80877.55,0.7856884,80870.15189700002,80870.25189150001,80870.20189425001,0.749979497
2026-09-04 04:07:54+00:00,80885.51,80886.11,80885.81,0.768098831,80875.34,80875.35,80875.345,0.830539703,80877.5,80877.6,80877.55,0.77498579,80870.15189700002,80870.25189150001,80870.20189425001,0.747230291
2026-09-04 04:07:57+00:00,80885.51,80885.87,80885.69,0.634474039,80875.34,80875.35,80875.345,0.778239489,80877.5,80877.6,80877.55,0.773663521,80870.15189700002,80870.25189150001,80870.20189425001,0.749503613
2026-09-04 04:08:00+00:00,80885.51,80885.87,80885.69,0.762979984,80875.34,80875.35,80875.345,0.822059155,80877.5,80877.6,80877.55,0.773264408,80870.15189700002,80870.25189150001,80870.20189425001,0.705990314
2026-09-04 04:08:03+00:00,80885.51,80885.87,80885.69,0.627872944,80875.34,80875.35,80875.345,0.818675995,80877.5,80877.6,80877.55,0.76027298,80870.15189700002,80870.25189150001,80870.20189425001,0.743819715
2026-09-04 04:08:06+00:00,80885.51,80885.87,80885.69,0.739800931,80875.34,80875.35,80875.345,0.762490511,80877.5,80877.6,80877.55,0.748477697,80870.15189700002,80870.25189150001,80870.20189425001,0.727338314
2026-09-04 04:08:09+00:00,80885.51,80885.87,80885.69,0.616069794,80875.34,80875.35,80875.345,0.810250759,80877.5,80877.6,80877.55,0.74237299,80870.15189700002,80870.25189150001,80870.20189425001,0.736749887
2026-09-04 04:08:12+00:00,80885.51,80885.87,80885.69,0.746024609,80875.34,80875.35,80875.345,0.808445692,80877.5,80877.6,80877.55,0.749623537,80870.15189700002,80870.25189150001,80870.20189425001,0.731361389
2026-09-04 04:08:15+00:00,80885.51,80885.87,80885.69,0.741900444,80875.34,80875.35,80875.345,0.804306507,80877.5,80877.6,80877.55,0.750985622,80870.15189700002,80870.25189150001,80870.20189425001,0.726933002
2026-09-04 04:08:18+00:00,80885.51,80885.79,80885.65,0.579355001,80875.34,80875.35,80875.345,0.765459061,80877.5,80877.6,80877.55,0.716476917,80870.15189700002,80870.25189150001,80870.20189425001,0.692890644
2026-09-04 04:08:21+00:00,80885.51,80885.87,80885.69,0.705379009,80875.34,80875.35,80875.345,0.793296337,80877.5,80877.6,80877.55,0.751145363,80870.15189700002,80870.25189150001,80870.20189425001,0.705717564
2026-09-04 04:08:24+00:00,80885.51,80885.87,80885.69,0.731444359,80875.34,80875.35,80875.345,0.789731503,80877.5,80877.6,80877.55,0.736546516,80870.15189700002,80870.25189150001,80870.20189425001,0.714153051
2026-09-04 04:08:27+00:00,80885.5,80885.51,80885.505,0.730112076,80858.26,80858.27,80858.265,0.790994644,80875.8,80875.9,80875.85,0.740407706,80849.15305200001,80849.2530465,80849.20304925,0.716040373
2026-09-04 04:08:30+00:00,80861.87,80863.47,80862.67,0.730401516,80858.25,80858.26,80858.255,0.744702816,80868.0,80868.1,80868.05,0.731239796,80849.15305200001,80849.2530465,80849.20304925,0.714663506
2026-09-04 04:08:33+00:00,80861.87,80863.47,80862.67,0.591672897,80858.25,80858.26,80858.255,0.781309128,80868.0,80868.1,80868.05,0.726467133,80849.961588,80850.06158349999,80850.01158575,0.668158293
2026-09-04 04:08:36+00:00,80861.87,80863.47,80862.67,0.719543934,80858.25,80858.26,80858.255,0.744984627,80868.0,80868.1,80868.05,0.727742434,80849.961588,80850.06158349999,80850.01158575,0.711400032
2026-09-04 04:08:39+00:00,80861.87,80863.47,80862.67,0.576947689,80858.25,80858.26,80858.255,0.771056175,80868.0,80868.1,80868.05,0.722805977,80849.961588,80850.06158349999,80850.01158575,0.689123154
2026-09-04 04:08:42+00:00,80861.87,80863.47,80862.67,0.704951286,80850.71,80854.22,80852.465,0.769612789,80853.9,80854.0,80853.95,0.703632832,80849.961588,80850.06158349999,80850.01158575,0.701998472
2026-09-04 04:08:45+00:00,80861.87,80863.07,80862.47,0.582104921,80853.0,80853.01,80853.005,0.767671585,80853.9,80854.0,80853.95,0.717400551,80846.561741,80846.6617365,80846.61173875,0.696442604
2026-09-04 04:08:48+00:00,80861.87,80863.07,80862.47,0.70488596,80850.27,80850.28,80850.275,0.763207912,80853.9,80854.0,80853.95,0.711699009,80846.561741,80846.6617365,80846.61173875,0.689507008
2026-09-04 04:08:51+00:00,80861.87,80863.24,80862.555,0.5469203,80856.38,80856.39,80856.38500000001,0.733016491,80853.9,80854.0,80853.95,0.682460308,80846.15749,80846.25748500001,80846.20748750001,0.662318468
2026-09-04 04:08:54+00:00,80861.87,80865.92,80863.89499999999,0.570142746,80856.38,80856.39,80856.38500000001,0.755462408,80853.9,80854.0,80853.95,0.668010473,80846.15749,80846.25748500001,80846.20748750001,0.668021441
2026-09-04 04:08:57+00:00,80861.87,80865.92,80863.89499999999,0.566514969,80870.69,80870.7,80870.695,0.734078407,80868.0,80868.1,80868.05,0.701488972,80866.160859,80866.26085449998,80866.21085675,0.671480179
2026-09-04 04:09:00+00:00,80880.3,80883.45,80881.875,0.687891483,80876.23,80876.24,80876.235,0.748986959,80876.3,80876.4,80876.35,0.69506216,80870.960643,80871.06063849998,80871.01064075,0.668111563
2026-09-04 04:09:03+00:00,80880.3,80884.06,80882.18,0.554363012,80876.23,80876.24,80876.235,0.708159208,80880.5,80880.6,80880.55,0.687320948,80876.760382,80876.8603775,80876.81037975,0.666978359
2026-09-04 04:09:06+00:00,80880.3,80884.35,80882.32500000001,0.516761065,80876.23,80876.24,80876.235,0.706557989,80880.5,80880.6,80880.55,0.629471064,80876.760382,80876.8603775,80876.81037975,0.629695415
2026-09-04 04:09:09+00:00,80880.3,80884.35,80882.32500000001,0.6713624,80876.23,80876.24,80876.235,0.732359887,80880.5,80880.6,80880.55,0.686078072,80876.760382,80876.8603775,80876.81037975,0.657618046
2026-09-04 04:09:12+00:00,80880.3,80884.35,80882.32500000001,0.668391943,80876.23,80876.24,80876.235,0.729404926,80880.5,80880.6,80880.55,0.675133944,80876.760382,80876.8603775,80876.81037975,0.65550518
2026-09-04 04:09:15+00:00,80880.3,80884.35,80882.32500000001,0.546101093,80878.46,80878.47,80878.465,0.730197906,80880.5,80880.6,80880.55,0.669209957,80876.760382,80876.8603775,80876.81037975,0.653131008
2026-09-04 04:09:18+00:00,80880.3,80884.35,80882.32500000001,0.509038448,80878.46,80878.47,80878.465,0.696829319,80880.5,80880.6,80880.55,0.646481514,80871.056245,80871.15624,80871.1062425,0.594587803
2026-09-04 04:09:21+00:00,80880.3,80884.35,80882.32500000001,0.657056093,80878.46,80878.47,80878.465,0.717773438,80880.5,80880.6,80880.55,0.666742086,80875.456025,80875.55602,80875.5060225,0.645582438
2026-09-04 04:09:24+00:00,80880.3,80884.35,80882.32500000001,0.636825085,80880.73,80880.74,80880.735,0.698835373,80880.5,80880.6,80880.55,0.647737503,80876.760382,80876.8603775,80876.81037975,0.626588106
2026-09-04 04:09:27+00:00,80880.3,80884.35,80882.32500000001,0.525577068,80880.73,80880.74,80880.735,0.713586092,80880.5,80880.6,80880.55,0.632275581,80876.760382,80876.8603775,80876.81037975,0.63258791
2026-09-04 04:09:30+00:00,80880.3,80884.35,80882.32500000001,0.514223099,80880.73,80880.74,80880.735,0.696895123,80880.5,80880.6,80880.55,0.660996914,80876.760382,80876.8603775,80876.81037975,0.637569427
2026-09-04 04:09:33+00:00,80880.3,80884.1,80882.20000000001,0.646705151,80880.73,80880.74,80880.735,0.709040165,80880.5,80880.6,80880.55,0.662125587,80872.8605575,80872.960553,80872.91055525,0.634884119
2026-09-04 04:09:36+00:00,80880.3,80883.15,80881.725,0.473500013,80876.23,80876.24,80876.235,0.647608519,80873.9,80874.0,80873.95,0.611360073,80867.76078699999,80867.86078249999,80867.81078474999,0.578906298
2026-09-04 04:09:39+00:00,80880.3,80883.15,80881.725,0.596194029,80876.23,80876.24,80876.235,0.694883823,80873.9,80874.0,80873.95,0.643599033,80863.16099399999,80863.26098949999,80863.21099174999,0.59577179
2026-09-04 04:09:42+00:00,80878.95,80879.35,80879.15,0.501953125,80852.9,80852.91,80852.905,0.693269491,80871.8,80871.9,80871.85,0.640548468,80853.26143949998,80853.361435,80853.31143725,0.612936497
2026-09-04 04:09:45+00:00,80878.95,80879.35,80879.15,0.498307944,80852.9,80852.91,80852.905,0.689586401,80859.2,80859.3,80859.25,0.636024952,80853.26143949998,80853.361435,80853.31143725,0.603772163
2026-09-04 04:09:48+00:00,80878.95,80879.35,80879.15,0.618432045,80864.78,80864.79,80864.785,0.67849493,80865.1,80865.2,80865.15,0.631236076,80862.56102099999,80862.6610165,80862.61101875,0.611697912
2026-09-04 04:09:51+00:00,80878.95,80879.35,80879.15,0.497226,80863.74,80863.75,80863.745,0.6845994,80865.1,80865.2,80865.15,0.634253025,80861.752359,80861.85235350001,80861.80235625,0.558768511
2026-09-04 04:09:54+00:00,80878.95,80879.35,80879.15,0.620348454,80863.74,80863.75,80863.745,0.683646917,80865.1,80865.2,80865.15,0.595165491,80861.752359,80861.85235350001,80861.80235625,0.604685307
2026-09-04 04:09:57+00:00,80878.95,80879.35,80879.15,0.599661589,80862.07,80862.08,80862.07500000001,0.661702633,80865.1,80865.2,80865.15,0.608937502,80861.752359,80861.85235350001,80861.80235625,0.585190058
2026-09-04 04:10:00+00:00,80878.95,80879.35,80879.15,0.59757185,80861.06,80861.07,80861.065,0.680023193,80865.1,80865.2,80865.15,0.597057819,80861.752359,80861.85235350001,80861.80235625,0.5976367
2026-09-04 04:10:03+00:00,80878.95,80879.35,80879.15,0.474683285,80861.06,80861.07,80861.065,0.66767931,80863.6,80863.7,80863.65,0.61985302,80861.752359,80861.85235350001,80861.80235625,0.591569901
2026-09-04 04:10:06+00:00,80878.95,80879.35,80879.15,0.446130753,80861.06,80861.07,80861.065,0.660740852,80863.6,80863.7,80863.65,0.612178087,80861.752359,80861.85235350001,80861.80235625,0.585672855
2026-09-04 04:10:09+00:00,80878.95,80879.35,80879.15,0.562520504,80861.06,80861.07,80861.065,0.626004457,80863.6,80863.7,80863.65,0.573714972,80861.752359,80861.85235350001,80861.80235625,0.552852631
2026-09-04 04:10:12+00:00,80878.95,80879.35,80879.15,0.55965209,80861.06,80861.07,80861.065,0.66031599,80863.6,80863.7,80863.65,0.603924036,80861.752359,80861.85235350001,80861.80235625,0.559848309
2026-09-04 04:10:15+00:00,80878.95,80879.35,80879.15,0.455482483,80861.06,80861.07,80861.065,0.651439905,80863.6,80863.7,80863.65,0.601347446,80861.752359,80861.85235350001,80861.80235625,0.551212072
2026-09-04 04:10:18+00:00,80878.95,80879.35,80879.15,0.585489988,80861.06,80861.07,80861.065,0.648644447,80863.6,80863.7,80863.65,0.599432468,80861.752359,80861.85235350001,80861.80235625,0.577544212
2026-09-04 04:10:21+00:00,80878.95,80879.48,80879.215,0.588882923,80869.9,80869.91,80869.905,0.648091793,80863.6,80863.7,80863.65,0.603412628,80869.65192450001,80869.751919,80869.70192175,0.579447031
2026-09-04 04:10:24+00:00,80878.95,80883.06,80881.005,0.45648694,80872.65,80872.66,80872.655,0.649030685,80875.6,80875.7,80875.65,0.59374404,80874.85163850001,80874.951633,80874.90163575001,0.576120377
2026-09-04 04:10:27+00:00,80878.95,80884.35,80881.65,0.585061073,80872.65,80872.66,80872.655,0.645237446,80875.6,80875.7,80875.65,0.594339848,80874.85163850001,80874.951633,80874.90163575001,0.563388348
2026-09-04 04:10:30+00:00,80878.97,80884.35,80881.66,0.451977491,80872.65,80872.66,80872.655,0.631397009,80875.6,80875.7,80875.65,0.584506512,80874.85163850001,80874.951633,80874.90163575001,0.562151432
2026-09-04 04:10:33+00:00,80878.97,80883.02,80880.995,0.574530602,80872.65,80872.66,80872.655,0.593641043,80875.6,80875.7,80875.65,0.579554558,80872.15178700001,80872.2517815,80872.20178425,0.558346748
2026-09-04 04:10:36+00:00,80878.97,80883.02,80880.995,0.519844294,80872.65,80872.66,80872.655,0.619227886,80874.9,80875.0,80874.95,0.564565897,80872.15178700001,80872.2517815,80872.20178425,0.518435955
2026-09-04 04:10:39+00:00,80878.97,80883.02,80880.995,0.568744898,80872.65,80872.66,80872.655,0.626209974,80874.9,80875.0,80874.95,0.575416088,80870.05190250001,80870.15189700002,80870.10189975,0.55737257
2026-09-04 04:10:42+00:00,80878.97,80883.02,80880.995,0.425041437,80872.65,80872.66,80872.655,0.61832571,80874.9,80875.0,80874.95,0.568370342,80870.05190250001,80870.15189700002,80870.10189975,0.547549486
2026-09-04 04:10:45+00:00,80878.97,80885.71,80882.34,0.43133831,80872.65,80872.66,80872.655,0.618830919,80874.9,80875.0,80874.95,0.554283619,80870.05190250001,80870.15189700002,80870.10189975,0.547302485
2026-09-04 04:10:48+00:00,80878.97,80882.01,80880.48999999999,0.426289558,80865.45,80865.46,80865.455,0.615711689,80874.9,80875.0,80874.95,0.5541749,80866.05212250001,80866.15211700002,80866.10211975002,0.541378975
2026-09-04 04:10:51+00:00,80878.95,80880.29,80879.62,0.405503511,80859.44,80859.45,80859.445,0.609825611,80874.9,80875.0,80874.95,0.559398174,80854.752744,80854.8527385,80854.80274125,0.536102295
2026-09-04 04:10:54+00:00,80878.95,80879.96,80879.455,0.396989107,80859.01,80859.02,80859.015,0.583601713,80874.9,80875.0,80874.95,0.5321877,80854.752744,80854.8527385,80854.80274125,0.511920452
2026-09-04 04:10:57+00:00,80878.95,80879.96,80879.455,0.416400433,80859.01,80859.02,80859.015,0.599547386,80874.9,80875.0,80874.95,0.518433094,80853.4528155,80853.55281000001,80853.50281275,0.51627636
2026-09-04 04:11:00+00:00,80878.95,80879.96,80879.455,0.407768965,80859.01,80859.02,80859.015,0.59497118,80874.9,80875.0,80874.95,0.540615559,80853.4528155,80853.55281000001,80853.50281275,0.517633438
2026-09-04 04:11:03+00:00,80878.95,80879.96,80879.455,0.532085419,80859.01,80859.02,80859.015,0.593790293,80874.9,80875.0,80874.95,0.542785168,80853.4528155,80853.55281000001,80853.50281275,0.520537615
2026-09-04 04:11:06+00:00,80878.95,80879.96,80879.455,0.484820366,80859.01,80859.02,80859.015,0.546086311,80874.9,80875.0,80874.95,0.494534492,80853.4528155,80853.55281000001,80853.50281275,0.476401092
2026-09-04 04:11:09+00:00,80878.95,80879.96,80879.455,0.395020485,80859.01,80859.02,80859.015,0.5867064,80874.9,80875.0,80874.95,0.533619404,80853.4528155,80853.55281000001,80853.50281275,0.481530905
2026-09-04 04:11:12+00:00,80878.95,80879.96,80879.455,0.396345139,80852.9,80852.91,80852.905,0.585862637,80863.7,80863.8,80863.75,0.529830933,80848.85306850002,80848.95306300001,80848.90306575001,0.500099897
2026-09-04 04:11:15+00:00,80878.95,80878.96,80878.955,0.39150095,80850.5,80850.51,80850.505,0.575013638,80863.7,80863.8,80863.75,0.52396512,80845.55325000001,80845.65324450002,80845.60324725002,0.502429008
2026-09-04 04:11:18+00:00,80878.95,80878.96,80878.955,0.511570454,80845.0,80845.01,80845.005,0.571217537,80859.7,80859.8,80859.75,0.520103693,80845.55325000001,80845.65324450002,80845.60324725002,0.496975422
2026-09-04 04:11:21+00:00,80878.95,80878.96,80878.955,0.379658699,80845.0,80845.01,80845.005,0.565788031,80859.7,80859.8,80859.75,0.517198086,80845.55325000001,80845.65324450002,80845.60324725002,0.493574619
2026-09-04 04:11:24+00:00,80883.0,80883.02,80883.01000000001,0.509368896,80881.64,80881.65,80881.64499999999,0.566208363,80877.2,80877.3,80877.25,0.515787601,80876.66038649999,80876.760382,80876.71038425,0.498932362
2026-09-04 04:11:27+00:00,80885.89,80888.9,80887.39499999999,0.353526592,80889.0,80889.01,80889.005,0.533902645,80883.7,80883.8,80883.75,0.496652603,80882.6601165,80882.76011199999,80882.71011424999,0.465960503
2026-09-04 04:11:30+00:00,80885.89,80889.94,80887.91500000001,0.374907494,80889.0,80889.01,80889.005,0.563131571,80883.7,80883.8,80883.75,0.484610558,80886.25995449998,80886.35995,80886.30995224998,0.480557442
2026-09-04 04:11:33+00:00,80885.89,80889.94,80887.91500000001,0.500216007,80892.24,80892.25,80892.245,0.557221889,80883.7,80883.8,80883.75,0.500869513,80883.560076,80883.6600715,80883.61007375,0.48473239
2026-09-04 04:11:36+00:00,80885.89,80889.94,80887.91500000001,0.493508101,80892.24,80892.25,80892.245,0.555335999,80883.7,80883.8,80883.75,0.505032301,80883.15564,80883.25563500001,80883.20563750001,0.483206511
2026-09-04 04:11:39+00:00,80889.52,80893.55,80891.535,0.451267004,80892.24,80892.25,80892.245,0.510926962,80883.7,80883.8,80883.75,0.458647966,80889.55532,80889.655315,80889.6053175,0.439831018
2026-09-04 04:11:42+00:00,80889.52,80893.55,80891.535,0.445839882,80892.24,80892.25,80892.245,0.544735909,80883.7,80883.8,80883.75,0.498640299,80889.959788,80890.0597835,80890.00978575,0.445804596
2026-09-04 04:11:45+00:00,80889.52,80898.91,80894.215,0.350241661,80892.24,80892.25,80892.245,0.54371357,80883.7,80883.8,80883.75,0.489857197,80889.959788,80890.0597835,80890.00978575,0.461107969
2026-09-04 04:11:48+00:00,80889.52,80893.57,80891.54500000001,0.296169281,80892.24,80892.25,80892.245,0.518985987,80883.7,80883.8,80883.75,0.473961353,80889.959788,80890.0597835,80890.00978575,0.451584339
2026-09-04 04:11:51+00:00,80889.52,80893.57,80891.54500000001,0.335270405,80892.24,80892.25,80892.245,0.530088902,80883.7,80883.8,80883.75,0.480924845,80889.150852,80889.2508465,80889.20084925,0.460517406
2026-09-04 04:11:54+00:00,80889.52,80893.57,80891.54500000001,0.46801281,80892.24,80892.25,80892.245,0.529683113,80883.7,80883.8,80883.75,0.480125428,80889.150852,80889.2508465,80889.20084925,0.453571081
2026-09-04 04:11:57+00:00,80889.52,80893.57,80891.54500000001,0.336167097,80892.24,80892.25,80892.245,0.526763439,80883.7,80883.8,80883.75,0.473814011,80889.150852,80889.2508465,80889.20084925,0.455250978
2026-09-04 04:12:00+00:00,80894.88,80897.61,80896.245,0.450952053,80892.24,80892.25,80892.245,0.513071537,80891.8,80891.9,80891.85,0.45723629,80894.4505605,80894.55055500001,80894.50055775,0.43799305
2026-09-04 04:12:03+00:00,80894.88,80898.93,80896.905,0.279275417,80892.24,80892.25,80892.245,0.521418095,80891.8,80891.9,80891.85,0.446325541,80894.4505605,80894.55055500001,80894.50055775,0.44647646
2026-09-04 04:12:06+00:00,80897.28,80901.33,80899.305,0.454916954,80894.48,80894.49,80894.485,0.513822556,80893.7,80893.8,80893.75,0.464631557,80894.4505605,80894.55055500001,80894.50055775,0.431318998
2026-09-04 04:12:09+00:00,80897.28,80901.33,80899.305,0.449245691,80894.48,80894.49,80894.485,0.512786865,80893.7,80893.8,80893.75,0.455971718,80894.4505605,80894.55055500001,80894.50055775,0.427607059
2026-09-04 04:12:12+00:00,80908.92,80913.05,80910.985,0.285231113,80909.99,80910.0,80909.995,0.477835655,80903.7,80903.8,80903.75,0.421652555,80908.2498015,80908.34979600001,80908.29979875,0.398532391
2026-09-04 04:12:15+00:00,80913.26,80916.18,80914.72,0.407162428,80921.98,80921.99,80921.985,0.506368637,80913.7,80913.8,80913.75,0.407369614,80910.64966950001,80910.749664,80910.69966675,0.407074451
2026-09-04 04:12:18+00:00,80916.08,80920.11,80918.095,0.311162949,80921.76,80921.77,80921.765,0.49486065,80913.7,80913.8,80913.75,0.44404006,80910.64966950001,80910.749664,80910.69966675,0.426036835
2026-09-04 04:12:21+00:00,80916.08,80920.11,80918.095,0.310178518,80921.76,80921.77,80921.765,0.48275137,80913.7,80913.8,80913.75,0.438896179,80916.64933950001,80916.74933400001,80916.69933675001,0.420009136
2026-09-04 04:12:24+00:00,80919.27,80923.32,80921.29500000001,0.391972065,80921.99,80922.0,80921.995,0.44726038,80913.7,80913.8,80913.75,0.402711391,80916.64933950001,80916.74933400001,80916.69933675001,0.373930454
2026-09-04 04:12:27+00:00,80919.27,80923.32,80921.29500000001,0.296933413,80921.99,80922.0,80921.995,0.482474089,80913.7,80913.8,80913.75,0.433234453,80916.64933950001,80916.74933400001,80916.69933675001,0.37155056
2026-09-04 04:12:30+00:00,80919.27,80923.32,80921.29500000001,0.418283939,80921.99,80922.0,80921.995,0.480223657,80923.7,80923.8,80923.75,0.417022705,80916.64933950001,80916.74933400001,80916.69933675001,0.406806469
2026-09-04 04:12:33+00:00,80919.27,80925.16,80922.215,0.28082037,80921.99,80922.0,80921.995,0.471615314,80923.7,80923.8,80923.75,0.419079304,80922.0490425,80922.14903700001,80922.09903975,0.387754917
2026-09-04 04:12:36+00:00,80921.26,80925.16,80923.20999999999,0.409480095,80921.99,80922.0,80921.995,0.474046707,80923.7,80923.8,80923.75,0.410012007,80921.04909750001,80921.149092,80921.09909475001,0.400533438
2026-09-04 04:12:39+00:00,80921.26,80925.16,80923.20999999999,0.282330513,80921.1,80921.11,80921.10500000001,0.472219944,80923.7,80923.8,80923.75,0.32643795,80916.64933950001,80916.74933400001,80916.69933675001,0.388452053
2026-09-04 04:12:42+00:00,80924.85,80930.23,80927.54000000001,0.260215044,80923.48,80923.49,80923.485,0.470266104,80923.7,80923.8,80923.75,0.418502092,80921.84905350002,80921.949048,80921.89905075001,0.396555424
2026-09-04 04:12:45+00:00,80924.85,80932.72,80928.785,0.246082067,80923.48,80923.49,80923.485,0.438485146,80923.7,80923.8,80923.75,0.387626648,80921.84905350002,80921.949048,80921.89905075001,0.364981174
2026-09-04 04:12:48+00:00,80924.85,80928.91,80926.88,0.375198841,80923.48,80923.49,80923.485,0.460309029,80923.7,80923.8,80923.75,0.374856949,80921.84905350002,80921.949048,80921.89905075001,0.375442505
2026-09-04 04:12:51+00:00,80924.85,80928.91,80926.88,0.264111042,80923.48,80923.49,80923.485,0.457719088,80923.7,80923.8,80923.75,0.403203011,80921.84905350002,80921.949048,80921.89905075001,0.388972282
2026-09-04 04:12:54+00:00,80924.85,80928.91,80926.88,0.391523361,80923.48,80923.49,80923.485,0.454900503,80923.7,80923.8,80923.75,0.294414997,80921.949048,80922.0490425,80921.99904525,0.380617619
2026-09-04 04:12:57+00:00,80924.85,80929.05,80926.95000000001,0.389332294,80923.48,80923.49,80923.485,0.412920475,80923.7,80923.8,80923.75,0.400202036,80921.84905350002,80921.949048,80921.89905075001,0.3763659
2026-09-04 04:13:00+00:00,80924.85,80929.05,80926.95000000001,0.256540298,80923.48,80923.49,80923.485,0.4499259,80923.7,80923.8,80923.75,0.337077618,80921.84905350002,80921.949048,80921.89905075001,0.337042809
2026-09-04 04:13:03+00:00,80926.66,80932.91,80929.785,0.256978512,80930.23,80930.24,80930.235,0.439408302,80923.7,80923.8,80923.75,0.389546394,80925.94882800001,80926.0488225,80925.99882525,0.324792385
2026-09-04 04:13:06+00:00,80926.68,80932.91,80929.795,0.376529694,80930.23,80930.24,80930.235,0.436476946,80923.7,80923.8,80923.75,0.388868093,80925.94882800001,80926.0488225,80925.99882525,0.357880592
2026-09-04 04:13:09+00:00,80926.68,80932.91,80929.795,0.238228798,80930.23,80930.24,80930.235,0.430583954,80923.7,80923.8,80923.75,0.370313168,80925.94882800001,80926.0488225,80925.99882525,0.360424519
2026-09-04 04:13:12+00:00,80926.68,80932.91,80929.795,0.369428635,80930.23,80930.24,80930.235,0.430154085,80923.7,80923.8,80923.75,0.351079702,80928.64867950001,80928.748674,80928.69867675,0.29857111
2026-09-04 04:13:15+00:00,80926.68,80932.91,80929.795,0.371169567,80930.23,80930.24,80930.235,0.428375959,80923.7,80923.8,80923.75,0.380590439,80927.83934850001,80927.939342,80927.88934525,0.347423553
2026-09-04 04:13:18+00:00,80926.68,80932.91,80929.795,0.210031033,80930.23,80930.24,80930.235,0.393629074,80923.7,80923.8,80923.75,0.353889942,80927.83934850001,80927.939342,80927.88934525,0.332640648
2026-09-04 04:13:21+00:00,80926.68,80938.92,80932.79999999999,0.235761642,80930.23,80930.24,80930.235,0.41920495,80923.7,80923.8,80923.75,0.333724022,80928.64867950001,80928.748674,80928.69867675,0.334906578
2026-09-04 04:13:24+00:00,80926.68,80938.92,80932.79999999999,0.223724842,80931.29,80931.3,80931.295,0.409316301,80923.7,80923.8,80923.75,0.360240459,80928.64867950001,80928.748674,80928.69867675,0.337470293
2026-09-04 04:13:27+00:00,80930.27,80934.94,80932.60500000001,0.187509537,80931.29,80931.3,80931.295,0.411175013,80923.7,80923.8,80923.75,0.356385946,80928.64867950001,80928.748674,80928.69867675,0.337071896
2026-09-04 04:13:30+00:00,80939.3,80941.0,80940.15,0.181570292,80931.29,80931.3,80931.295,0.365514517,80928.1,80928.2,80928.15,0.317663431,80928.84866850001,80928.948663,80928.89866575,0.294726849
2026-09-04 04:13:33+00:00,80940.99,80941.0,80940.995,0.34560895,80951.48,80951.49,80951.485,0.403758287,80943.4,80943.5,80943.45,0.35314393,80949.0475575,80949.14755200001,80949.09755475001,0.300585508
2026-09-04 04:13:36+00:00,80940.99,80941.0,80940.995,0.340326309,80951.48,80951.49,80951.485,0.400512457,80943.4,80943.5,80943.45,0.341567039,80948.64279,80948.74278400002,80948.692787,0.321819067
2026-09-04 04:13:39+00:00,80940.99,80941.0,80940.995,0.329734564,80951.48,80951.49,80951.485,0.389875889,80943.4,80943.5,80943.45,0.334110498,80949.0475575,80949.14755200001,80949.09755475001,0.315169096
2026-09-04 04:13:42+00:00,80940.99,80941.0,80940.995,0.293533087,80951.32,80951.33,80951.32500000001,0.335719585,80943.4,80943.5,80943.45,0.300114632,80949.14755200001,80949.2475465,80949.19754925,0.284829378
2026-09-04 04:13:45+00:00,80940.99,80941.0,80940.995,0.327376842,80951.32,80951.33,80951.32500000001,0.387673378,80943.7,80943.8,80943.75,0.337449074,80948.33801600001,80948.4380095,80948.38801275,0.312465906
2026-09-04 04:13:48+00:00,80940.99,80941.0,80940.995,0.324026108,80951.32,80951.33,80951.32500000001,0.389746428,80951.5,80951.6,80951.55,0.333380699,80948.33801600001,80948.4380095,80948.38801275,0.313628912
2026-09-04 04:13:51+00:00,80940.99,80941.0,80940.995,0.180221558,80958.99,80959.0,80958.995,0.367710114,80951.9,80952.0,80951.95,0.312575102,80955.03758050001,80955.137574,80955.08757725,0.296293497
2026-09-04 04:13:54+00:00,80956.99,80957.0,80956.995,0.30222559,80964.63,80966.53,80965.58,0.379171371,80951.9,80952.0,80951.95,0.301158428,80958.13737899999,80958.2373725,80958.18737575,0.300819397
2026-09-04 04:13:57+00:00,80956.99,80957.0,80956.995,0.313520908,80966.52,80966.53,80966.525,0.373955965,80951.9,80952.0,80951.95,0.327793598,80958.13737899999,80958.2373725,80958.18737575,0.305623055
2026-09-04 04:14:00+00:00,80956.99,80957.0,80956.995,0.154687405,80966.52,80966.53,80966.525,0.375329494,80951.9,80952.0,80951.95,0.298166513,80958.13737899999,80958.2373725,80958.18737575,0.307425022
2026-09-04 04:14:03+00:00,80956.99,80957.0,80956.995,0.143877029,80960.0,80960.01,80960.005,0.327398777,80951.9,80952.0,80951.95,0.275431156,80958.13737899999,80958.2373725,80958.18737575,0.257854462
2026-09-04 04:14:06+00:00,80956.99,80957.0,80956.995,0.17948842,80960.0,80960.01,80960.005,0.357062578,80951.9,80952.0,80951.95,0.313803911,80958.13737899999,80958.2373725,80958.18737575,0.264042377
2026-09-04 04:14:09+00:00,80956.99,80957.0,80956.995,0.297190428,80966.52,80966.53,80966.525,0.358083487,80951.9,80952.0,80951.95,0.305969715,80958.13737899999,80958.2373725,80958.18737575,0.284327984
2026-09-04 04:14:12+00:00,80956.99,80957.0,80956.995,0.168213367,80966.52,80966.53,80966.525,0.35487318,80952.8,80952.9,80952.85,0.304220915,80958.13737899999,80958.2373725,80958.18737575,0.285862446
2026-09-04 04:14:15+00:00,80956.99,80957.0,80956.995,0.171108484,80966.52,80966.53,80966.525,0.352564096,80952.8,80952.9,80952.85,0.303796291,80958.13737899999,80958.2373725,80958.18737575,0.268996477
2026-09-04 04:14:18+00:00,80956.99,80957.0,80956.995,0.289201498,80966.52,80966.53,80966.525,0.345927,80952.8,80952.9,80952.85,0.294193506,80958.13737899999,80958.2373725,80958.18737575,0.27562952
2026-09-04 04:14:21+00:00,80956.99,80957.0,80956.995,0.153181553,80964.23,80964.24,80964.235,0.333831072,80952.8,80952.9,80952.85,0.294276476,80958.13737899999,80958.2373725,80958.18737575,0.269824505
2026-09-04 04:14:24+00:00,80956.99,80957.0,80956.995,0.272727013,80964.23,80964.24,80964.235,0.33297801,80952.8,80952.9,80952.85,0.282875538,80958.13737899999,80958.2373725,80958.18737575,0.258572578
2026-09-04 04:14:27+00:00,80956.99,80957.0,80956.995,0.153764486,80964.23,80964.24,80964.235,0.343199492,80952.8,80952.9,80952.85,0.267303944,80958.13737899999,80958.2373725,80958.18737575,0.262281418
2026-09-04 04:14:30+00:00,80956.99,80957.0,80956.995,0.273993492,80964.23,80964.24,80964.235,0.332872391,80952.8,80952.9,80952.85,0.287799358,80958.13737899999,80958.2373725,80958.18737575,0.264199018
2026-09-04 04:14:33+00:00,80956.99,80957.0,80956.995,0.267305374,80964.23,80964.24,80964.235,0.331048965,80952.8,80952.9,80952.85,0.280130386,80958.13737899999,80958.2373725,80958.18737575,0.251471996
2026-09-04 04:14:36+00:00,80956.99,80957.0,80956.995,0.234246016,80963.75,80964.23,80963.98999999999,0.294393539,80955.5,80955.6,80955.55,0.242019892,80958.13737899999,80958.2373725,80958.18737575,0.224427938
2026-09-04 04:14:39+00:00,80956.99,80957.0,80956.995,0.139829159,80964.21,80964.22,80964.215,0.325508595,80963.4,80963.5,80963.45,0.229505539,80958.13737899999,80958.2373725,80958.18737575,0.22881937
2026-09-04 04:14:42+00:00,80956.99,80957.0,80956.995,0.134457111,80964.21,80964.22,80964.215,0.319885492,80963.4,80963.5,80963.45,0.098413706,80958.13737899999,80958.2373725,80958.18737575,0.250508308
2026-09-04 04:14:45+00:00,80956.99,80957.0,80956.995,0.26243639,80964.21,80964.22,80964.215,0.323890686,80963.4,80963.5,80963.45,0.279333115,80958.13737899999,80958.2373725,80958.18737575,0.252235413
2026-09-04 04:14:48+00:00,80956.99,80957.0,80956.995,0.123583078,80964.21,80964.22,80964.215,0.271367073,80963.4,80963.5,80963.45,0.267115593,80958.0373855,80958.13737899999,80958.08738225,0.244434357
2026-09-04 04:14:51+00:00,80956.99,80957.0,80956.995,0.128033161,80964.21,80964.22,80964.215,0.312212944,80965.8,80965.9,80965.85,0.261895418,80958.0373855,80958.13737899999,80958.08738225,0.195627689
2026-09-04 04:14:54+00:00,80956.99,80957.0,80956.995,0.24354744,80964.21,80964.22,80964.215,0.306003094,80965.8,80965.9,80965.85,0.252955437,80958.0373855,80958.13737899999,80958.08738225,0.233273029
2026-09-04 04:14:57+00:00,80956.99,80957.0,80956.995,0.231041431,80964.21,80964.22,80964.215,0.289203167,80965.8,80965.9,80965.85,0.241578579,80958.0373855,80958.13737899999,80958.08738225,0.220807076
2026-09-04 04:15:00+00:00,80956.99,80957.0,80956.995,0.106801987,80965.61,80965.62,80965.61499999999,0.294758081,80965.8,80965.9,80965.85,0.218609095,80958.0373855,80958.13737899999,80958.08738225,0.226383924
2026-09-04 04:15:03+00:00,80956.99,80957.0,80956.995,0.231881142,80965.61,80965.62,80965.61499999999,0.290284634,80965.8,80965.9,80965.85,0.240242004,80958.0373855,80958.13737899999,80958.08738225,0.216220379
2026-09-04 04:15:06+00:00,80956.99,80957.0,80956.995,0.079854965,80965.61,80965.62,80965.61499999999,0.288369656,80965.8,80965.9,80965.85,0.239364624,80958.0373855,80958.13737899999,80958.08738225,0.218058109
2026-09-04 04:15:09+00:00,80956.99,80957.0,80956.995,0.067632437,80965.61,80965.62,80965.61499999999,0.257791519,80965.8,80965.9,80965.85,0.204981804,80958.0373855,80958.13737899999,80958.08738225,0.181723595
2026-09-04 04:15:12+00:00,80956.99,80957.0,80956.995,0.191698551,80965.61,80965.62,80965.61499999999,0.268319607,80965.8,80965.9,80965.85,0.191575527,80958.0373855,80958.13737899999,80958.08738225,0.190701008
2026-09-04 04:15:15+00:00,80956.99,80957.0,80956.995,0.094449997,80965.61,80965.62,80965.61499999999,0.276907444,80965.8,80965.9,80965.85,0.223982811,80958.13737899999,80958.2373725,80958.18737575,0.204712868
2026-09-04 04:15:18+00:00,80956.99,80957.0,80956.995,0.045350313,80965.61,80965.62,80965.61499999999,0.272325516,80965.8,80965.9,80965.85,0.227722645,80948.33801600001,80948.4380095,80948.38801275,0.204175949
2026-09-04 04:15:21+00:00,80956.99,80957.0,80956.995,0.212748051,80959.51,80959.52,80959.515,0.231222153,80965.8,80965.9,80965.85,0.225322962,80948.33801600001,80948.4380095,80948.38801275,0.188222408
2026-09-04 04:15:24+00:00,80956.99,80957.0,80956.995,0.069834471,80959.51,80959.52,80959.515,0.266132116,80965.8,80965.9,80965.85,0.210943937,80948.33801600001,80948.4380095,80948.38801275,0.156775951
2026-09-04 04:15:27+00:00,80956.99,80957.0,80956.995,0.065506458,80957.26,80957.27,80957.265,0.261539698,80965.8,80965.9,80965.85,0.206859589,80948.33801600001,80948.4380095,80948.38801275,0.188218117
2026-09-04 04:15:30+00:00,80956.99,80957.0,80956.995,0.167422295,80957.26,80957.27,80957.265,0.259688854,80965.8,80965.9,80965.85,0.2085495,80948.33801600001,80948.4380095,80948.38801275,0.183911085
2026-09-04 04:15:33+00:00,80956.99,80957.0,80956.995,0.066038609,80957.26,80957.27,80957.265,0.25813961,80965.8,80965.9,80965.85,0.197209597,80948.33801600001,80948.4380095,80948.38801275,0.184174061
2026-09-04 04:15:36+00:00,80956.99,80957.0,80956.995,0.056766033,80957.26,80957.27,80957.265,0.249957085,80965.8,80965.9,80965.85,0.196197987,80948.33801600001,80948.4380095,80948.38801275,0.180130959
2026-09-04 04:15:39+00:00,80956.99,80957.0,80956.995,0.185156345,80946.01,80946.02,80946.015,0.248022556,80954.7,80954.8,80954.75,0.193238974,80945.83817850001,80945.938172,80945.88817525,0.169336796
2026-09-04 04:15:42+00:00,80956.99,80957.0,80956.995,0.161456108,80946.01,80946.02,80946.015,0.223067045,80954.7,80954.8,80954.75,0.174065113,80945.83817850001,80945.938172,80945.88817525,0.140361547
2026-09-04 04:15:45+00:00,80956.99,80957.0,80956.995,0.053286552,80946.01,80946.02,80946.015,0.241140842,80954.7,80954.8,80954.75,0.156100035,80945.83817850001,80945.938172,80945.88817525,0.156062365
2026-09-04 04:15:48+00:00,80956.99,80957.0,80956.995,0.177221537,80965.61,80965.62,80965.61499999999,0.236588478,80954.7,80954.8,80954.75,0.187282562,80958.13737899999,80958.2373725,80958.18737575,0.165512085
2026-09-04 04:15:51+00:00,80956.99,80957.0,80956.995,0.006807566,80965.61,80965.62,80965.61499999999,0.229461193,80957.2,80957.3,80957.25,0.176818848,80958.13737899999,80958.2373725,80958.18737575,0.15820694
2026-09-04 04:15:54+00:00,80956.99,80957.0,80956.995,3.006807566,80965.61,80965.62,80965.61499999999,0.185233355,80957.2,80957.3,80957.25,0.133815527,80958.13737899999,80958.2373725,80958.18737575,0.111835003
2026-09-04 04:15:57+00:00,80956.99,80957.0,80956.995,0.119390965,80967.85,80967.86,80967.85500000001,0.219029427,80973.6,80973.7,80973.65,0.170804501,80960.93719699999,80961.0371905,80960.98719375,0.117890835
2026-09-04 04:16:00+00:00,80956.99,80957.0,80956.995,0.158194304,80967.85,80967.86,80967.85500000001,0.222060919,80973.6,80973.7,80973.65,0.169184685,80962.13711899999,80962.2371125,80962.18711575,0.149070501
2026-09-04 04:16:03+00:00,80956.99,80957.0,80956.995,0.023418903,80977.48,80977.49,80977.485,0.215479612,80974.7,80974.8,80974.75,0.139111042,80974.63630649999,80974.7363,80974.68630325,0.134681702
2026-09-04 04:16:06+00:00,80956.99,80957.0,80956.995,0.148895025,80977.48,80977.49,80977.485,0.157320976,80979.5,80979.6,80979.55,0.155570507,80974.63630649999,80974.7363,80974.68630325,0.128070593
2026-09-04 04:16:09+00:00,80956.99,80957.0,80956.995,0.14693737,80981.79,80981.8,80981.795,0.204757929,80979.5,80979.6,80979.55,0.155618906,80978.63604649999,80978.73604,80978.68604325,0.080060005
2026-09-04 04:16:12+00:00,80967.3,80967.31,80967.305,0.137572289,80990.99,80991.0,80990.995,0.201711655,80983.5,80983.6,80983.55,0.148621559,80978.63604649999,80978.73604,80978.68604325,0.129515409
2026-09-04 04:16:15+00:00,80991.37,80995.03,80993.2,0.125224113,80993.89,80993.99,80993.94,0.18491745,80983.5,80983.6,80983.55,0.134779692,80984.6356565,80984.73565,80984.68565325,0.10192728
2026-09-04 04:16:18+00:00,80998.22,80998.23,80998.225,0.012523651,81001.99,81002.0,81001.995,0.198449373,81009.5,81009.6,81009.55,0.119380474,80993.6350715,80993.735065,80993.68506825,0.118968964
2026-09-04 04:16:21+00:00,80998.22,80998.23,80998.225,0.009650707,81001.99,81002.0,81001.995,0.19325161,81009.5,81009.6,81009.55,0.114747524,80994.6350065,80994.735,80994.68500325,0.121118069
2026-09-04 04:16:24+00:00,80998.22,80998.23,80998.225,3.009650707,81009.99,81010.0,81009.995,0.187427044,81009.5,81009.6,81009.55,0.137432098,81005.934272,81006.0342655,81005.98426875,0.115941048
2026-09-04 04:16:27+00:00,80998.22,80998.23,80998.225,0.090847492,81015.73,81015.74,81015.735,0.149250984,81028.5,81028.6,81028.55,0.044456959,81012.0440925,81012.14408700001,81012.09408975,0.077739716
2026-09-04 04:16:30+00:00,80998.22,80998.23,80998.225,0.085878372,81025.0,81029.24,81027.12,0.186983109,81028.5,81028.6,81028.55,0.084636927,81014.543955,81014.64394950001,81014.59395225,0.085449934
2026-09-04 04:16:33+00:00,80998.22,80998.23,80998.225,0.116898298,81025.51,81025.52,81025.515,0.180896997,81028.5,81028.6,81028.55,0.124228001,81014.543955,81014.64394950001,81014.59395225,0.11147809
2026-09-04 04:16:36+00:00,80998.22,80998.23,80998.225,0.119285107,81030.26,81030.59,81030.42499999999,0.178515434,81028.5,81028.6,81028.55,0.041293144,81018.54373500001,81018.6437295,81018.59373225001,0.106768608
2026-09-04 04:16:39+00:00,80998.22,80998.23,80998.225,3.119285107,81030.26,81030.27,81030.265,0.175136566,81028.5,81028.6,81028.55,0.123803139,81016.923275,81017.0232675,81016.97327125,0.10071516
2026-09-04 04:16:42+00:00,80999.99,81000.0,80999.995,0.047209024,81030.58,81030.59,81030.58499999999,0.129082441,81028.5,81028.6,81028.55,0.048995495,81017.32839,81017.428383,81017.3783865,0.045464993
2026-09-04 04:16:45+00:00,81032.36,81042.31,81037.33499999999,0.086121082,81034.0,81034.01,81034.005,0.144999027,81028.5,81028.6,81028.55,0.098588943,81042.8318735,81042.93186699999,81042.88187025,0.076915503
2026-09-04 04:16:48+00:00,81032.36,81042.31,81037.33499999999,3.086121082,81044.98,81044.99,81044.985,0.153161526,81037.1,81037.2,81037.15,0.098219395,81035.83232850001,81035.932322,81035.88232525,0.071568966
2026-09-04 04:16:51+00:00,81039.94,81044.0,81041.97,0.087888479,81052.19,81052.2,81052.195,0.159511089,81037.1,81037.2,81037.15,0.087198973,81039.8320685,81039.93206199999,81039.88206525,0.087340117
2026-09-04 04:16:54+00:00,81039.94,81044.0,81041.97,0.098062992,81049.59,81049.6,81049.595,0.156862497,81043.0,81043.1,81043.05,0.109400511,81039.8320685,81039.93206199999,81039.88206525,0.084815025
2026-09-04 04:16:57+00:00,81039.94,81044.0,81041.97,3.098062992,81048.01,81048.02,81048.015,0.086328983,81043.0,81043.1,81043.05,0.041260958,81037.03225050001,81037.132244,81037.08224725,0.017529964
2026-09-04 04:17:00+00:00,81039.8,81049.81,81044.805,0.061821938,81035.78,81038.25,81037.015,0.120086432,81043.0,81043.1,81043.05,0.015469074,81035.6323415,81035.73233500001,81035.68233825,0.039779663
2026-09-04 04:17:03+00:00,81040.75,81043.86,81042.305,0.050983429,81046.77,81048.02,81047.395,0.151968479,81043.0,81043.1,81043.05,0.047038555,81039.8320685,81039.93206199999,81039.88206525,0.049550056
2026-09-04 04:17:06+00:00,81068.17,81068.18,81068.17499999999,0.08761096,81056.98,81056.99,81056.985,0.147115946,81064.9,81065.0,81064.95,0.098864079,81056.4309895,81056.530983,81056.48098625001,0.073865891
2026-09-04 04:17:09+00:00,81078.17,81078.18,81078.17499999999,0.081337929,81070.59,81070.6,81070.595,0.141461849,81065.1,81065.2,81065.15,0.098679543,81060.530723,81061.330671,81060.930697,0.067288876
2026-09-04 04:17:12+00:00,81078.17,81078.18,81078.17499999999,3.081337929,81032.3,81032.31,81032.305,0.141656876,81043.0,81052.2,81047.6,0.086491108,81031.23262750001,81031.33262100001,81031.28262425002,0.069117546
2026-09-04 04:17:15+00:00,81052.77,81056.38,81054.57500000001,2.947644711,81044.95,81044.96,81044.955,0.134724617,81043.0,81043.1,81043.05,0.017962933,81039.732075,81039.8320685,81039.78207175,0.063834906
2026-09-04 04:17:18+00:00,81034.05,81038.83,81036.44,0.070746899,81022.2,81022.58,81022.39,0.133273125,81033.3,81033.4,81033.35,0.082036495,81014.0337455,81014.133739,81014.08374224999,0.059450626
2026-09-04 04:17:21+00:00,81034.05,81038.83,81036.44,3.070746899,81022.2,81022.21,81022.205,0.119635582,81021.4,81021.5,81021.45,0.063530922,81011.133934,81011.2339275,81011.18393075,0.034191132
2026-09-04 04:17:24+00:00,81027.45,81027.46,81027.455,0.0572083,81021.02,81021.03,81021.025,0.125935078,81021.1,81021.2,81021.15,0.020443439,81011.133934,81011.2339275,81011.18393075,0.050427437
2026-09-04 04:17:27+00:00,81027.45,81027.46,81027.455,0.061798096,81021.02,81021.03,81021.025,0.120276928,81021.1,81021.2,81021.15,0.072047949,81008.83408350001,81008.934077,81008.88408025,0.042000055
2026-09-04 04:17:30+00:00,81027.45,81027.46,81027.455,0.05496645,81021.02,81021.03,81021.025,0.108334064,81021.1,81021.2,81021.15,0.066158772,81008.83408350001,81008.934077,81008.88408025,0.044068098
2026-09-04 04:17:33+00:00,81027.45,81027.46,81027.455,3.05496645,81032.3,81032.31,81032.305,0.080780506,81029.2,81029.3,81029.25,0.032719135,81023.83310850001,81023.933102,81023.88310525,0.005549431
2026-09-04 04:17:36+00:00,81032.8,81036.71,81034.755,2.891775131,81042.39,81042.4,81042.39499999999,0.11182642,81037.1,81037.2,81037.15,0.016685486,81033.6324715,81033.73246500001,81033.68246825,0.017415524
2026-09-04 04:17:39+00:00,81040.78,81044.76,81042.76999999999,0.050867081,81044.95,81044.96,81044.955,0.108795166,81049.2,81049.3,81049.25,0.061903954,81037.83219850001,81037.932192,81037.88219525,0.038831949
2026-09-04 04:17:42+00:00,81040.78,81044.76,81042.76999999999,3.050867081,81044.4,81044.41,81044.405,0.10325551,81049.2,81049.3,81049.25,0.044829845,81032.53254300001,81032.6325365,81032.58253975,0.01955843
2026-09-04 04:17:45+00:00,81051.15,81056.72,81053.935,0.029236794,81052.49,81052.5,81052.495,0.051621437,81051.1,81051.2,81051.15,0.036702633,81053.63117149999,81053.731165,81053.68116825,0.019318581
2026-09-04 04:17:48+00:00,81051.15,81056.66,81053.905,0.022409916,81052.49,81052.5,81052.495,0.086530924,81051.1,81051.2,81051.15,0.03716445,81053.63117149999,81053.731165,81053.68116825,3.019318581
2026-09-04 04:17:51+00:00,81051.15,81056.66,81053.905,3.022409916,81041.43,81041.44,81041.435,0.075909138,81048.4,81048.5,81048.45,0.026329041,81034.33242600001,81034.4324195,81034.38242275,0.004162312
2026-09-04 04:17:54+00:00,81046.78,81048.81,81047.795,0.007816792,81033.03,81033.04,81033.035,0.067964554,81041.4,81041.5,81041.45,0.018886089,81034.33242600001,81034.4324195,81034.38242275,3.004162312
2026-09-04 04:17:57+00:00,81046.78,81048.81,81047.795,3.007816792,81033.03,81033.04,81033.035,0.066160917,81041.4,81041.5,81041.45,0.000601768,81031.53260800001,81031.6326015,81031.58260475,2.988923073
2026-09-04 04:18:00+00:00,81046.78,81048.3,81047.54000000001,2.877147198,81033.03,81033.04,81033.035,0.062013626,81041.4,81041.5,81041.45,0.012780428,81031.53260800001,81031.6326015,81031.58260475,2.993750095
2026-09-04 04:18:03+00:00,81046.78,81048.3,81047.54000000001,2.874812842,81033.03,81033.04,81033.035,0.059085131,81029.2,81029.3,81029.25,0.002636433,81031.53260800001,81031.6326015,81031.58260475,2.986633301
2026-09-04 04:18:06+00:00,81046.78,81048.3,81047.54000000001,2.998915195,81033.03,81033.04,81033.035,0.024346113,81029.2,81029.3,81029.25,3.002636433,81031.53260800001,81031.6326015,81031.58260475,2.977591038
2026-09-04 04:18:09+00:00,81046.78,81048.3,81047.54000000001,2.965970993,81033.03,81033.04,81033.035,0.04293251,81029.2,81029.3,81029.25,2.971883297,81031.53260800001,81031.6326015,81031.58260475,2.953052998
2026-09-04 04:18:12+00:00,81046.78,81048.3,81047.54000000001,2.860301971,81033.03,81033.04,81033.035,3.04293251,81029.2,81029.3,81029.25,2.941370964,81029.4327445,81029.53273800001,81029.48274125,2.95787859
2026-09-04 04:18:15+00:00,81044.01,81044.97,81044.48999999999,2.884460926,81038.86,81041.43,81040.14499999999,0.037202835,81029.2,81029.3,81029.25,2.883882999,81038.932127,81039.03212050001,81038.98212375,2.884196043
2026-09-04 04:18:18+00:00,81044.01,81048.06,81046.035,2.975330114,81038.86,81041.43,81040.14499999999,3.037202835,81041.2,81041.3,81041.25,2.984195949,81032.83252350001,81032.932517,81032.88252025,2.965014458
2026-09-04 04:18:21+00:00,81044.01,81048.06,81046.035,2.967503071,81050.2,81050.21,81050.205,0.018018484,81041.2,81048.1,81044.65,2.978699446,81038.932127,81039.03212050001,81038.98212375,2.9592731
2026-09-04 04:18:24+00:00,81045.63,81051.19,81048.41,2.835858107,81051.73,81051.74,81051.735,0.024366856,81047.5,81047.6,81047.55,2.97398901,81038.932127,81039.03212050001,81038.98212375,2.918303967
2026-09-04 04:18:27+00:00,81054.15,81056.4,81055.275,2.841768503,81062.14,81062.15,81062.14499999999,0.018789291,81047.5,81047.6,81047.55,2.972598553,81046.93160699999,81047.0316005,81046.98160375,2.948208332
2026-09-04 04:18:30+00:00,81054.15,81058.21,81056.18,2.829922438,81053.01,81053.02,81053.015,0.013058901,81047.5,81047.6,81047.55,2.961248398,81046.0316655,81046.13165899999,81046.08166225,2.942809105
2026-09-04 04:18:33+00:00,81054.15,81058.21,81056.18,2.826004505,81059.9,81061.99,81060.945,0.009931564,81049.2,81049.3,81049.25,2.955602646,81045.626409,81045.726402,81045.67640550001,2.940180302
2026-09-04 04:18:36+00:00,81057.19,81061.25,81059.22,2.946759701,81056.71,81061.08,81058.895,0.003957987,81049.2,81049.3,81049.25,2.88092351,81053.52053000001,81053.62052249999,81053.57052625,2.933636904
2026-09-04 04:18:39+00:00,81057.19,81061.25,81059.22,2.942212105,81056.71,81061.08,81058.895,3.003957987,81049.2,81049.3,81049.25,2.953493118,81053.52053000001,81053.62052249999,81053.57052625,2.920281887
2026-09-04 04:18:42+00:00,81057.19,81061.25,81059.22,2.923619509,81059.02,81059.03,81059.025,2.981853008,81054.2,81054.3,81054.25,2.933732986,81053.52053000001,81053.62052249999,81053.57052625,2.909684181
2026-09-04 04:18:45+00:00,81057.19,81061.25,81059.22,2.92002511,81060.02,81060.72,81060.37,2.999638081,81054.2,81054.3,81054.25,2.893013716,81053.925828,81054.025821,81053.9758245,2.918693066
2026-09-04 04:18:48+00:00,81057.19,81061.25,81059.22,2.803427935,81062.19,81062.2,81062.195,2.99227643,81054.2,81054.3,81054.25,2.945771694,81053.925828,81054.025821,81053.9758245,2.923356295
2026-09-04 04:18:51+00:00,81057.19,81060.24,81058.715,2.925438881,81050.2,81050.21,81050.205,2.992909431,81054.2,81054.3,81054.25,2.938863993,81041.426703,81041.526696,81041.4766995,2.909640551
2026-09-04 04:18:54+00:00,81057.19,81061.25,81059.22,2.887582302,81050.31,81053.81,81052.06,2.94914031,81053.0,81053.1,81053.05,2.898298502,81041.426703,81041.526696,81041.4766995,2.877036095
2026-09-04 04:18:57+00:00,81057.19,81061.25,81059.22,2.80422163,81051.28,81052.44,81051.86,2.988862991,81053.0,81053.1,81053.05,2.864653111,81041.426703,81041.526696,81041.4766995,2.88378191
2026-09-04 04:19:00+00:00,81054.17,81054.37,81054.26999999999,2.790285587,81051.4,81052.95,81052.17499999999,2.978401661,81053.0,81053.1,81053.05,2.927923203,81046.126374,81046.226367,81046.1763705,2.909133434
2026-09-04 04:19:03+00:00,81054.17,81073.18,81063.67499999999,2.787347317,81052.69,81052.7,81052.695,2.978456497,81053.0,81053.1,81053.05,2.930465937,81049.62082249999,81049.720815,81049.67081874999,2.909484386
2026-09-04 04:19:06+00:00,81054.17,81060.54,81057.355,2.788908482,81061.19,81061.2,81061.195,2.97526741,81053.0,81053.1,81053.05,2.91999197,81049.62082249999,81049.720815,81049.67081874999,2.905424595
2026-09-04 04:19:09+00:00,81062.36,81069.06,81065.70999999999,2.789036036,81067.48,81067.49,81067.485,2.9713099,81059.2,81059.3,81059.25,2.920824289,81053.52053000001,81053.62052249999,81053.57052625,2.897359848
2026-09-04 04:19:12+00:00,81064.51,81071.01,81067.76,2.771369696,81067.48,81067.49,81067.485,2.967442036,81059.2,81059.3,81059.25,2.919665098,81066.130359,81066.2303525,81066.18035575,2.890654087
2026-09-04 04:19:15+00:00,81075.18,81080.43,81077.805,2.888298988,81076.48,81076.49,81076.485,2.948723078,81059.2,81059.3,81059.25,2.895123959,81071.330021,81071.4300145,81071.38001775,2.879346371
2026-09-04 04:19:18+00:00,81075.19,81080.43,81077.81,2.884936571,81076.48,81076.49,81076.485,2.964737892,81059.2,81059.3,81059.25,2.884137154,81070.92463800001,81071.024631,81070.9746345,2.884636402
2026-09-04 04:19:21+00:00,81075.2,81080.43,81077.815,2.897053242,81076.48,81076.49,81076.485,2.957840443,81059.2,81059.3,81059.25,2.903243542,81063.625149,81063.725142,81063.67514549999,2.88572073
2026-09-04 04:19:24+00:00,81075.2,81080.43,81077.815,2.736073017,81076.48,81076.49,81076.485,2.954093933,81059.2,81059.3,81059.25,2.832638025,81064.0304955,81064.130489,81064.08049225001,2.880617142
2026-09-04 04:19:27+00:00,81075.2,81080.43,81077.815,2.849889278,81076.48,81076.49,81076.485,2.909457445,81059.2,81059.3,81059.25,2.860138416,81064.0304955,81064.130489,81064.08049225001,2.839462519
2026-09-04 04:19:30+00:00,81075.2,81080.43,81077.815,2.847110033,81076.48,81076.49,81076.485,2.943265438,81074.2,81074.3,81074.25,2.894879103,81064.0304955,81064.130489,81064.08049225001,2.846900463
2026-09-04 04:19:33+00:00,81075.2,81080.43,81077.815,2.757086754,81076.48,81076.49,81076.485,2.944659948,81074.2,81074.3,81074.25,2.895516396,81068.0302355,81068.130229,81068.08023225001,2.873275758
2026-09-04 04:19:36+00:00,81075.2,81080.43,81077.815,2.878553152,81074.45,81074.46,81074.455,2.941157103,81074.2,81074.3,81074.25,2.892678976,81068.0302355,81068.130229,81068.08023225001,2.867191076
2026-09-04 04:19:39+00:00,81075.22,81080.43,81077.825,2.873945714,81082.79,81082.8,81082.795,2.938372612,81074.2,81074.3,81074.25,2.88351202,81071.6300015,81071.729995,81071.67999825001,2.864836931
2026-09-04 04:19:42+00:00,81075.22,81080.43,81077.825,2.876029015,81082.79,81082.8,81082.795,2.935809374,81074.2,81074.3,81074.25,2.887951374,81071.6300015,81071.729995,81071.67999825001,2.862647057
2026-09-04 04:19:45+00:00,81075.22,81080.43,81077.825,2.736595393,81082.78,81082.79,81082.785,2.931037903,81078.5,81078.6,81078.55,2.880001068,81071.6300015,81071.729995,81071.67999825001,2.85936904
2026-09-04 04:19:48+00:00,81075.22,81080.43,81077.825,2.850891113,81077.81,81077.82,81077.815,2.914750099,81075.7,81075.8,81075.75,2.863984108,81071.6300015,81071.729995,81071.67999825001,2.84574604
2026-09-04 04:19:51+00:00,81080.41,81080.43,81080.42,2.733225584,81080.5,81080.51,81080.505,2.910577059,81078.7,81078.8,81078.75,2.84647131,81071.6300015,81071.729995,81071.67999825001,2.847354889
2026-09-04 04:19:54+00:00,81080.41,81080.43,81080.42,2.733940602,81082.79,81082.8,81082.795,2.913700581,81078.7,81078.8,81078.75,2.862564564,81075.2297675,81075.329761,81075.27976425001,2.841749907
2026-09-04 04:19:57+00:00,81080.41,81080.43,81080.42,2.698030949,81084.42,81084.43,81084.42499999999,2.908960104,81078.7,81078.8,81078.75,2.697316408,81075.63517000001,81075.73516400001,81075.68516700002,2.838276863
2026-09-04 04:20:00+00:00,81080.41,81080.43,81080.42,2.687268734,81084.42,81084.43,81084.42499999999,2.874238491,81078.7,81078.8,81078.75,2.825608492,81075.63517000001,81075.73516400001,81075.68516700002,2.798516035
2026-09-04 04:20:03+00:00,81080.41,81080.43,81080.42,2.717544079,81084.42,81084.43,81084.42499999999,2.907147408,81085.3,81085.4,81085.35,2.812987089,81075.63517000001,81075.73516400001,81075.68516700002,2.812953949
2026-09-04 04:20:06+00:00,81080.42,81080.43,81080.42499999999,2.838726997,81084.42,81084.43,81084.42499999999,2.900627613,81085.3,81085.4,81085.35,2.848506451,81076.93509200001,81077.035086,81076.98508900001,2.826893091
2026-09-04 04:20:09+00:00,81080.41,81080.43,81080.42,2.716575384,81084.42,81084.43,81084.42499999999,2.901346445,81085.3,81085.4,81085.35,2.852236509,81076.93509200001,81077.035086,81076.98508900001,2.82108736
2026-09-04 04:20:12+00:00,81080.41,81080.43,81080.42,2.837450504,81081.45,81081.46,81081.455,2.898875713,81085.3,81085.4,81085.35,2.844828606,81076.93509200001,81077.035086,81076.98508900001,2.823566437
2026-09-04 04:20:15+00:00,81080.42,81080.43,81080.42499999999,2.685054302,81080.43,81080.44,81080.435,2.853918076,81085.3,81085.4,81085.35,2.774043083,81076.93509200001,81077.035086,81076.98508900001,2.774327517
2026-09-04 04:20:18+00:00,81080.42,81080.43,81080.42499999999,2.828677177,81088.84,81088.85,81088.845,2.88892293,81085.3,81085.4,81085.35,2.841386318,81076.93509200001,81077.035086,81076.98508900001,2.78471756
2026-09-04 04:20:21+00:00,81080.42,81080.43,81080.42499999999,2.818271637,81094.52,81097.11,81095.815,2.871860028,81094.2,81094.3,81094.25,2.827093124,81093.728565,81093.82855850001,81093.77856175,2.803758621
2026-09-04 04:20:24+00:00,81080.42,81080.43,81080.42499999999,2.69885397,81103.5,81103.51,81103.505,2.883178473,81103.3,81103.4,81103.35,2.815372467,81093.728565,81093.82855850001,81093.77856175,2.808262825
2026-09-04 04:20:27+00:00,81080.42,81080.43,81080.42499999999,2.687726974,81103.5,81103.51,81103.505,2.880262852,81103.3,81103.4,81103.35,2.831686497,81093.728565,81093.82855850001,81093.77856175,2.807094097
2026-09-04 04:20:30+00:00,81080.42,81080.43,81080.42499999999,2.817061901,81103.5,81103.51,81103.505,2.875161886,81103.3,81103.4,81103.35,2.826820374,81093.728565,81093.82855850001,81093.77856175,2.806452513
2026-09-04 04:20:33+00:00,81080.42,81080.43,81080.42499999999,2.785277367,81103.5,81103.51,81103.505,2.844887018,81103.3,81103.4,81103.35,2.79619503,81094.6285065,81094.7285,81094.67850325,2.772453547
2026-09-04 04:20:36+00:00,81080.42,81080.43,81080.42499999999,2.780844212,81103.5,81103.51,81103.505,2.874543906,81103.3,81103.4,81103.35,2.779822111,81094.6285065,81094.7285,81094.67850325,2.780613422
2026-09-04 04:20:39+00:00,81080.42,81080.43,81080.42499999999,2.674091101,81103.5,81103.51,81103.505,2.867616177,81103.3,81103.4,81103.35,2.816801548,81094.6285065,81094.7285,81094.67850325,2.789941311
2026-09-04 04:20:42+00:00,81080.42,81080.43,81080.42499999999,2.771976948,81106.54,81106.55,81106.545,2.835592508,81103.3,81103.4,81103.35,2.78433156,81094.6285065,81094.7285,81094.67850325,2.765698433
2026-09-04 04:20:45+00:00,81080.42,81080.43,81080.42499999999,2.668262959,81106.54,81106.55,81106.545,2.816465378,81103.3,81103.4,81103.35,2.799972057,81094.6285065,81094.7285,81094.67850325,2.777215004
2026-09-04 04:20:48+00:00,81080.42,81080.43,81080.42499999999,2.664967537,81106.54,81106.55,81106.545,2.837716103,81103.3,81103.4,81103.35,2.766141415,81097.32833100001,81097.4283245,81097.37832775,2.766527176
2026-09-04 04:20:51+00:00,81080.42,81080.43,81080.42499999999,2.788056374,81093.6,81093.61,81093.60500000001,2.850750446,81103.3,81103.4,81103.35,2.800504923,81082.6292865,81082.72928,81082.67928325,2.775935173
2026-09-04 04:20:54+00:00,81080.42,81080.43,81080.42499999999,2.656650305,81093.6,81093.61,81093.60500000001,2.847156048,81103.3,81103.4,81103.35,2.799145937,81082.6292865,81082.72928,81082.67928325,2.777755022
2026-09-04 04:20:57+00:00,81080.42,81080.43,81080.42499999999,2.664906979,81093.6,81093.61,81093.60500000001,2.842975616,81103.3,81103.4,81103.35,2.783969402,81084.6291565,81084.72915,81084.67915325,2.778077126
2026-09-04 04:21:00+00:00,81080.42,81080.43,81080.42499999999,2.656445026,81102.53,81105.55,81104.04000000001,2.841200113,81103.3,81103.4,81103.35,2.783799171,81095.82842850001,81095.928422,81095.87842525,2.770597935
2026-09-04 04:21:03+00:00,81080.42,81080.43,81080.42499999999,2.635639429,81106.54,81106.55,81106.545,2.83939743,81103.3,81103.4,81103.35,2.734949589,81100.4281295,81100.52812300001,81100.47812625,2.760716438
2026-09-04 04:21:06+00:00,81080.42,81080.43,81080.42499999999,2.748256207,81110.79,81110.8,81110.795,2.808696747,81103.3,81103.4,81103.35,2.755525112,81100.4281295,81100.52812300001,81100.47812625,2.735336065
2026-09-04 04:21:09+00:00,81080.42,81080.43,81080.42499999999,2.747994424,81110.79,81110.8,81110.795,2.835116386,81103.3,81103.4,81103.35,2.745844364,81100.4281295,81100.52812300001,81100.47812625,2.745648384
2026-09-04 04:21:12+00:00,81080.42,81080.43,81080.42499999999,2.670644283,81110.79,81110.8,81110.795,2.746034622,81103.3,81103.4,81103.35,2.671550512,81100.4281295,81100.52812300001,81100.47812625,2.665638447
2026-09-04 04:21:15+00:00,81080.42,81080.43,81080.42499999999,2.59890604,81110.79,81110.8,81110.795,2.830219269,81103.3,81103.4,81103.35,2.778108597,81100.4281295,81100.52812300001,81100.47812625,2.756278992
2026-09-04 04:21:18+00:00,81080.42,81080.43,81080.42499999999,2.746415138,81110.79,81110.8,81110.795,2.746044159,81103.3,81103.4,81103.35,2.7434659,81100.4281295,81100.52812300001,81100.47812625,2.743901492
2026-09-04 04:21:21+00:00,81080.42,81080.43,81080.42499999999,2.630493641,81110.79,81110.8,81110.795,2.819056988,81103.3,81103.4,81103.35,2.768957615,81100.4281295,81100.52812300001,81100.47812625,2.709627628
2026-09-04 04:21:24+00:00,81080.42,81080.43,81080.42499999999,2.6219666,81110.79,81110.8,81110.795,2.813489437,81103.3,81103.4,81103.35,2.766271114,81100.4281295,81100.52812300001,81100.47812625,2.737111568
2026-09-04 04:21:27+00:00,81080.42,81080.43,81080.42499999999,2.622327089,81106.54,81106.55,81106.545,2.809851885,81103.3,81103.4,81103.35,2.761907578,81100.4281295,81100.52812300001,81100.47812625,2.738304615
2026-09-04 04:21:30+00:00,81080.42,81080.43,81080.42499999999,2.608137608,81106.54,81106.55,81106.545,2.807033062,81103.3,81103.4,81103.35,2.744603158,81100.4281295,81100.52812300001,81100.47812625,2.734707595
2026-09-04 04:21:33+00:00,81080.42,81080.43,81080.42499999999,2.737809897,81106.54,81106.55,81106.545,2.804797888,81103.3,81103.4,81103.35,2.750037193,81100.4281295,81100.52812300001,81100.47812625,2.734582424
2026-09-04 04:21:36+00:00,81080.42,81080.43,81080.42499999999,2.597862244,81106.54,81106.55,81106.545,2.798523426,81103.3,81103.4,81103.35,2.747083187,81100.4281295,81100.52812300001,81100.47812625,2.722332001
2026-09-04 04:21:39+00:00,81080.42,81080.43,81080.42499999999,2.716262102,81093.6,81093.61,81093.60500000001,2.77679491,81103.3,81103.4,81103.35,2.726938725,81085.82907850001,81085.929072,81085.87907525,2.700469017
2026-09-04 04:21:42+00:00,81080.42,81080.43,81080.42499999999,2.711256027,81093.6,81093.61,81093.60500000001,2.795151711,81103.3,81103.4,81103.35,2.71003437,81085.82907850001,81085.929072,81085.87907525,2.710302353
2026-09-04 04:21:45+00:00,81080.42,81080.43,81080.42499999999,2.734863997,81090.01,81090.98,81090.495,2.791824102,81103.3,81103.4,81103.35,2.74476409,81085.1346,81085.23459400001,81085.18459700001,2.72580409
2026-09-04 04:21:48+00:00,81080.42,81080.43,81080.42499999999,2.561927795,81090.02,81090.03,81090.025,2.786478996,81088.5,81088.6,81088.55,2.734953403,81083.934672,81084.03466599999,81083.984669,2.716727972
2026-09-04 04:21:51+00:00,81080.42,81080.43,81080.42499999999,2.723085403,81090.02,81090.03,81090.025,2.750213623,81088.5,81088.6,81088.55,2.680552959,81083.934672,81084.03466599999,81083.984669,2.71313262
2026-09-04 04:21:54+00:00,81080.42,81080.43,81080.42499999999,2.599372387,81090.02,81090.03,81090.025,2.783812046,81088.5,81088.6,81088.55,2.73388672,81083.934672,81084.03466599999,81083.984669,2.674525499
2026-09-04 04:21:57+00:00,81080.42,81080.43,81080.42499999999,2.593381882,81090.02,81090.03,81090.025,2.781831503,81088.5,81088.6,81088.55,2.731880904,81083.934672,81084.03466599999,81083.984669,2.713956356
2026-09-04 04:22:00+00:00,81080.42,81080.43,81080.42499999999,2.718677044,81090.02,81090.03,81090.025,2.782056093,81088.5,81088.6,81088.55,2.729570866,81081.534816,81081.63481,81081.584813,2.70775795
2026-09-04 04:22:03+00:00,81080.42,81080.43,81080.42499999999,2.590496302,81090.02,81090.03,81090.025,2.775802612,81088.5,81088.6,81088.55,2.717356443,81081.534816,81081.63481,81081.584813,2.706013441
2026-09-04 04:22:06+00:00,81080.42,81080.43,81080.42499999999,2.715778112,81090.02,81090.03,81090.025,2.771545887,81088.5,81088.6,81088.55,2.720021486,81081.534816,81081.63481,81081.584813,2.699432373
2026-09-04 04:22:09+00:00,81080.42,81080.43,81080.42499999999,2.708894014,81090.02,81090.03,81090.025,2.769069433,81088.5,81088.6,81088.55,2.716639996,81081.129384,81081.2293775,81081.17938074999,2.697847605
2026-09-04 04:22:12+00:00,81080.42,81080.43,81080.42499999999,2.556704283,81090.02,81090.03,81090.025,2.741894008,81088.5,81088.6,81088.55,2.637137413,81081.129384,81081.2293775,81081.17938074999,2.669240475
2026-09-04 04:22:15+00:00,81080.42,81080.43,81080.42499999999,2.67732501,81090.02,81090.03,81090.025,2.760577917,81088.5,81088.6,81088.55,2.675520897,81081.129384,81081.2293775,81081.17938074999,2.677880049
2026-09-04 04:22:18+00:00,81080.42,81080.43,81080.42499999999,2.692379713,81103.5,81103.51,81103.505,2.713373899,81100.6,81100.7,81100.65,2.696094513,81100.4281295,81100.52812300001,81100.47812625,2.679569483
2026-09-04 04:22:21+00:00,81096.41,81096.42,81096.41500000001,2.686995506,81119.99,81120.0,81119.995,2.745625496,81110.9,81111.0,81110.95,2.698388577,81110.82745350001,81110.927447,81110.87745025,2.673473835
2026-09-04 04:22:24+00:00,81102.59,81102.6,81102.595,2.645391703,81132.73,81132.74,81132.735,2.706247568,81118.5,81118.6,81118.55,2.65695405,81114.82719350001,81114.927187,81114.87719025,2.628227711
2026-09-04 04:22:27+00:00,81109.52,81109.53,81109.525,2.560071707,81132.73,81132.74,81132.735,2.741209507,81120.5,81120.6,81120.55,2.693393707,81124.62655649999,81124.72655,81124.67655325,2.641693592
2026-09-04 04:22:30+00:00,81109.52,81109.53,81109.525,2.677304506,81132.73,81132.74,81132.735,2.739486456,81123.4,81123.5,81123.45,2.686683893,81124.62655649999,81124.72655,81124.67655325,2.669911385
2026-09-04 04:22:33+00:00,81109.52,81109.53,81109.525,2.554143906,81134.8,81134.81,81134.805,2.735799551,81123.4,81123.5,81123.45,2.687281132,81124.526563,81124.62655649999,81124.57655975,2.663063526
2026-09-04 04:22:36+00:00,81131.14,81137.22,81134.18,2.54013443,81135.01,81136.02,81135.515,2.735312939,81126.4,81126.5,81126.45,2.679424286,81126.42643949999,81126.526433,81126.47643625,2.665522575
2026-09-04 04:22:39+00:00,81131.14,81137.22,81134.18,2.673077583,81132.73,81132.74,81132.735,2.737675429,81126.4,81126.5,81126.45,2.681434631,81123.532296,81123.63229000001,81123.58229300001,2.608088017
2026-09-04 04:22:42+00:00,81131.14,81137.22,81134.18,2.67085886,81132.73,81132.74,81132.735,2.733596802,81126.4,81126.5,81126.45,2.680451393,81123.532296,81123.63229000001,81123.58229300001,2.657289982
2026-09-04 04:22:45+00:00,81131.14,81137.22,81134.18,2.647983074,81132.73,81132.74,81132.735,2.7105937,81126.4,81126.5,81126.45,2.660971165,81123.532296,81123.63229000001,81123.58229300001,2.635579109
2026-09-04 04:22:48+00:00,81131.14,81137.22,81134.18,2.539612055,81132.73,81132.74,81132.735,2.647002697,81126.4,81126.5,81126.45,2.646017551,81123.532296,81123.63229000001,81123.58229300001,2.64496088
2026-09-04 04:22:51+00:00,81131.14,81137.22,81134.18,2.661124945,81132.73,81132.74,81132.735,2.718499899,81126.4,81126.5,81126.45,2.62232089,81123.532296,81123.63229000001,81123.58229300001,2.647364616
2026-09-04 04:22:54+00:00,81145.71,81148.93,81147.32,2.656192303,81151.16,81151.17,81151.16500000001,2.714935541,81142.6,81142.7,81142.65,2.666951656,81141.531216,81141.63121,81141.581213,2.645371437
2026-09-04 04:22:57+00:00,81145.71,81148.93,81147.32,2.615705967,81151.9,81151.91,81151.905,2.675679922,81142.6,81142.7,81142.65,2.625911951,81141.531216,81141.63121,81141.581213,2.60323
2026-09-04 04:23:00+00:00,81145.71,81148.93,81147.32,2.52629137,81151.9,81151.91,81151.905,2.713083506,81144.1,81144.2,81144.15,2.661916494,81142.531156,81142.63115,81142.581153,2.608419418
2026-09-04 04:23:03+00:00,81145.71,81148.92,81147.315,2.522951126,81143.16,81143.17,81143.16500000001,2.706318378,81144.1,81144.2,81144.15,2.653822422,81131.831798,81131.931792,81131.881795,2.630591393
2026-09-04 04:23:06+00:00,81145.71,81148.92,81147.315,2.584992409,81132.73,81132.74,81132.735,2.6437006,81142.9,81143.0,81142.95,2.594686508,81131.831798,81131.931792,81131.881795,2.566659689
2026-09-04 04:23:09+00:00,81144.22,81146.75,81145.485,2.633412838,81132.73,81132.74,81132.735,2.696728468,81129.3,81129.4,81129.35,2.646495104,81123.932272,81124.032266,81123.982269,2.628212929
2026-09-04 04:23:12+00:00,81148.3,81151.71,81150.005,2.631992817,81153.09,81154.24,81153.66500000001,2.693166971,81144.1,81144.2,81144.15,2.64554143,81142.831138,81142.93113200001,81142.881135,2.621803045
2026-09-04 04:23:15+00:00,81148.32,81151.71,81150.01500000001,2.49181056,81154.23,81154.24,81154.235,2.68804431,81145.5,81145.6,81145.55,2.63942337,81143.13112,81143.23111400001,81143.181117,2.614886999
2026-09-04 04:23:18+00:00,81149.18,81159.2,81154.19,2.603580952,81154.23,81154.24,81154.235,2.665769577,81147.0,81147.1,81147.05,2.612746,81143.13112,81143.23111400001,81143.181117,2.590744972
2026-09-04 04:23:21+00:00,81151.02,81153.51,81152.265,2.485135556,81154.23,81154.24,81154.235,2.678443432,81148.5,81148.6,81148.55,2.568089962,81143.13112,81143.23111400001,81143.181117,2.606635094
2026-09-04 04:23:24+00:00,81151.02,81153.51,81152.265,2.611788988,81153.66,81153.67,81153.66500000001,2.673429489,81148.5,81148.6,81148.55,2.622021675,81143.13112,81143.23111400001,81143.181117,2.605048418
2026-09-04 04:23:27+00:00,81151.02,81153.51,81152.265,2.605993986,81153.66,81153.67,81153.66500000001,2.67165041,81148.5,81148.6,81148.55,2.548923969,81143.13112,81143.23111400001,81143.181117,2.598473549
2026-09-04 04:23:30+00:00,81151.02,81153.5,81152.26000000001,2.440297604,81146.38,81146.39,81146.38500000001,2.636539698,81148.5,81148.6,81148.55,2.579386473,81143.13112,81143.23111400001,81143.181117,2.5575459
2026-09-04 04:23:33+00:00,81151.02,81153.5,81152.26000000001,2.476373912,81145.66,81145.67,81145.66500000001,2.652021885,81145.9,81146.0,81145.95,2.568015099,81143.13112,81143.23111400001,81143.181117,2.566526413
2026-09-04 04:23:36+00:00,81151.02,81153.5,81152.26000000001,2.602878571,81145.38,81145.39,81145.38500000001,2.660013437,81144.4,81144.5,81144.45,2.603850842,81134.231654,81134.331648,81134.281651,2.576620579
2026-09-04 04:23:39+00:00,81151.0,81153.09,81152.045,2.601546288,81136.76,81136.77,81136.765,2.658255577,81144.4,81144.5,81144.45,2.605460167,81134.231654,81134.331648,81134.281651,2.586579084
2026-09-04 04:23:42+00:00,81151.0,81152.07,81151.535,2.460850239,81136.74,81136.75,81136.745,2.657706499,81136.2,81136.3,81136.25,2.604197502,81134.231654,81134.331648,81134.281651,2.587934971
2026-09-04 04:23:45+00:00,81151.01,81152.07,81151.54000000001,2.586137295,81136.74,81136.75,81136.745,2.646960974,81136.2,81136.3,81136.25,2.598772049,81134.63734950002,81134.73734400001,81134.68734675001,2.533538103
2026-09-04 04:23:48+00:00,81151.01,81152.07,81151.54000000001,2.58245039,81136.74,81136.75,81136.745,2.64567399,81136.2,81136.3,81136.25,2.594891071,81134.63734950002,81134.73734400001,81134.68734675001,2.572119951
2026-09-04 04:23:51+00:00,81151.01,81153.5,81152.255,2.443972588,81145.38,81145.39,81145.38500000001,2.630394936,81144.4,81144.5,81144.45,2.585082293,81134.63734950002,81134.73734400001,81134.68734675001,2.552494049
2026-09-04 04:23:54+00:00,81151.01,81153.51,81152.26,2.571473122,81145.38,81145.39,81145.38500000001,2.638596296,81144.4,81144.5,81144.45,2.571112633,81138.63712950001,81138.737124,81138.68712675001,2.567707062
2026-09-04 04:23:57+00:00,81151.01,81153.5,81152.255,2.573583126,81145.38,81145.39,81145.38500000001,2.635188103,81146.2,81146.3,81146.25,2.588392496,81138.63712950001,81138.737124,81138.68712675001,2.562081575
2026-09-04 04:24:00+00:00,81151.01,81153.5,81152.255,2.571362019,81145.38,81145.39,81145.38500000001,2.632488489,81146.2,81146.3,81146.25,2.577192783,81138.63712950001,81138.737124,81138.68712675001,2.549198627
2026-09-04 04:24:03+00:00,81151.01,81153.5,81152.255,2.539644241,81145.38,81145.39,81145.38500000001,2.494628906,81146.2,81146.3,81146.25,2.444717646,81138.63712950001,81138.737124,81138.68712675001,2.417794228
2026-09-04 04:24:06+00:00,81151.01,81153.5,81152.255,2.437995911,81145.38,81145.39,81145.38500000001,2.624906063,81146.2,81146.3,81146.25,2.534337044,81138.63712950001,81138.737124,81138.68712675001,2.534228086
2026-09-04 04:24:09+00:00,81151.01,81153.5,81152.255,2.437829971,81145.38,81145.39,81145.38500000001,2.622219563,81146.2,81146.3,81146.25,2.567486286,81138.737124,81138.83711850001,81138.78712125,2.545042992
2026-09-04 04:24:12+00:00,81151.01,81153.5,81152.255,2.556528568,81145.38,81145.39,81145.38500000001,2.616590023,81146.2,81146.3,81146.25,2.566563368,81138.737124,81138.83711850001,81138.78712125,2.541354895
2026-09-04 04:24:15+00:00,81151.01,81153.5,81152.255,2.426632404,81145.38,81145.39,81145.38500000001,2.573644638,81146.2,81146.3,81146.25,2.560903072,81138.737124,81138.83711850001,81138.78712125,2.533443928
2026-09-04 04:24:18+00:00,81151.01,81153.5,81152.255,2.498713018,81145.38,81145.39,81145.38500000001,2.607316971,81146.2,81146.3,81146.25,2.555804729,81138.737124,81138.83711850001,81138.78712125,2.494983435
2026-09-04 04:24:21+00:00,81151.01,81153.3,81152.155,2.419371605,81144.36,81144.37,81144.36499999999,2.605810165,81146.2,81146.3,81146.25,2.553382397,81138.737124,81138.83711850001,81138.78712125,2.52887249
2026-09-04 04:24:24+00:00,81151.01,81153.29,81152.15,2.404806376,81144.36,81144.37,81144.36499999999,2.590960503,81146.2,81146.3,81146.25,2.543919563,81138.737124,81138.83711850001,81138.78712125,2.511281013
2026-09-04 04:24:27+00:00,81151.01,81153.3,81152.155,2.536037922,81144.36,81144.37,81144.36499999999,2.597917557,81140.7,81140.8,81140.75,2.535571098,81138.737124,81138.83711850001,81138.78712125,2.518805504
2026-09-04 04:24:30+00:00,81151.16,81153.51,81152.33499999999,2.403520107,81161.8,81161.81,81161.805,2.589578152,81147.9,81148.0,81147.95,2.536323547,81146.83667850001,81146.936673,81146.88667575,2.45597887
2026-09-04 04:24:33+00:00,81151.18,81153.51,81152.345,2.527230978,81161.8,81161.81,81161.805,2.582290649,81149.9,81150.0,81149.95,2.530912399,81146.83667850001,81146.936673,81146.88667575,2.513890982
2026-09-04 04:24:36+00:00,81153.5,81153.51,81153.505,2.37046957,81174.99,81175.0,81174.995,2.553814888,81158.0,81158.1,81158.05,2.511327982,81167.13556200001,81167.2355565,81167.18555925,2.483485222
2026-09-04 04:24:39+00:00,81153.5,81153.51,81153.505,2.496134996,81171.02,81172.14,81171.58,2.576484919,81158.0,81158.1,81158.05,2.493498325,81170.93535300001,81171.0353475,81170.98535025,2.486819983
2026-09-04 04:24:42+00:00,81153.5,81153.51,81153.505,2.377817154,81183.79,81183.8,81183.795,2.521587372,81167.8,81167.9,81167.85,2.520698309,81174.935133,81175.03512750001,81174.98513025002,2.497543097
2026-09-04 04:24:45+00:00,81174.78,81174.79,81174.785,2.506848574,81178.4,81181.9,81180.15,2.568087578,81167.8,81167.9,81167.85,2.514378309,81173.13523200002,81173.23522650001,81173.18522925001,2.493034364
2026-09-04 04:24:48+00:00,81174.78,81174.79,81174.785,2.460688591,81180.76,81180.89,81180.825,2.516829014,81167.8,81167.9,81167.85,2.470444918,81171.923482,81172.0234755,81171.97347875,2.27108717
2026-09-04 04:24:51+00:00,81174.78,81174.79,81174.785,2.264932394,81169.43,81170.9,81170.165,2.445358992,81167.8,81167.9,81167.85,2.39939642,81158.72434,81158.8243335,81158.77433675001,2.380323887
2026-09-04 04:24:54+00:00,81174.78,81174.79,81174.785,2.493006229,81172.51,81172.52,81172.515,2.555840969,81174.9,81175.0,81174.95,2.503653049,81168.523703,81168.6236965,81168.57369975,2.471039772
2026-09-04 04:24:57+00:00,81174.78,81174.79,81174.785,2.48948002,81183.8,81183.81,81183.805,2.550654888,81176.2,81176.3,81176.25,2.499238491,81171.6235015,81171.723495,81171.67349824999,2.47660923
2026-09-04 04:25:00+00:00,81174.78,81174.79,81174.785,2.48388195,81181.96,81181.97,81181.965,2.546884298,81177.5,81177.6,81177.55,2.494857311,81171.6235015,81171.723495,81171.67349824999,2.469798088
2026-09-04 04:25:03+00:00,81203.11,81203.13,81203.12,2.356545448,81206.24,81210.91,81208.57500000001,2.540407896,81197.0,81197.1,81197.05,2.490247488,81200.121649,81200.22164250001,81200.17164575,2.466603279
2026-09-04 04:25:06+00:00,81203.11,81203.13,81203.12,2.471292019,81206.13,81211.04,81208.58499999999,2.535974979,81197.0,81197.1,81197.05,2.344026566,81196.121909,81196.22190250001,81196.17190575,2.458864212
2026-09-04 04:25:09+00:00,81197.95,81202.02,81199.985,2.337243557,81206.12,81206.13,81206.125,2.519515038,81200.9,81201.0,81200.95,2.468339443,81188.82238350001,81188.922377,81188.87238025,2.446750641
2026-09-04 04:25:12+00:00,81197.95,81201.0,81199.475,2.336061954,81193.89,81193.9,81193.89499999999,2.52697897,81197.0,81197.1,81197.05,2.456393957,81178.523053,81178.6230465,81178.57304975,2.444609642
2026-09-04 04:25:15+00:00,81197.95,81200.56,81199.255,2.329485893,81193.89,81193.9,81193.89499999999,2.522507906,81197.0,81197.1,81197.05,2.459830046,81176.32319600001,81176.4231895,81176.37319275,2.438344002
2026-09-04 04:25:18+00:00,81185.63,81189.69,81187.66,2.455946445,81180.46,81180.47,81180.465,2.517251015,81192.8,81192.9,81192.85,2.465991021,81172.123469,81172.2234625,81172.17346575,2.435565948
2026-09-04 04:25:21+00:00,81185.63,81189.69,81187.66,2.297894478,81180.46,81180.47,81180.465,2.485076905,81180.6,81180.7,81180.65,2.42972517,81172.123469,81172.2234625,81172.17346575,2.411359787
2026-09-04 04:25:24+00:00,81185.63,81189.69,81187.66,2.325386047,81180.46,81180.47,81180.465,2.510306835,81180.6,81180.7,81180.65,2.417832851,81172.123469,81172.2234625,81172.17346575,2.416175365
2026-09-04 04:25:27+00:00,81185.63,81189.69,81187.66,2.445842505,81180.46,81180.47,81180.465,2.504210949,81180.6,81180.7,81180.65,2.452764034,81172.0234755,81172.123469,81172.07347224999,2.433858871
2026-09-04 04:25:30+00:00,81185.63,81189.69,81187.66,2.440917492,81180.46,81180.47,81180.465,2.494167089,81180.6,81180.7,81180.65,2.451755524,81172.0234755,81172.123469,81172.07347224999,2.427677631
2026-09-04 04:25:33+00:00,81174.81,81177.86,81176.33499999999,2.437915802,81168.76,81168.77,81168.765,2.4579041,81180.6,81180.7,81180.65,2.45202446,81156.2245025,81156.324496,81156.27449925,2.41601038
2026-09-04 04:25:36+00:00,81174.8,81177.86,81176.33,2.429893017,81168.76,81168.77,81168.765,2.495349884,81174.7,81174.8,81174.75,2.43771553,81151.524808,81151.6248015,81151.57480475001,2.382623672
2026-09-04 04:25:39+00:00,81174.8,81174.95,81174.875,2.433763027,81157.51,81157.52,81157.515,2.490115882,81168.6,81168.7,81168.65,2.440598965,81146.0251655,81146.125159,81146.07516225,2.412569046
2026-09-04 04:25:42+00:00,81174.8,81174.95,81174.875,2.301473141,81157.51,81157.52,81157.515,2.484283448,81148.2,81148.3,81148.25,2.435269833,81144.72525,81144.8252435,81144.77524675001,2.412857533
2026-09-04 04:25:45+00:00,81174.94,81174.95,81174.945,2.302022457,81157.51,81157.52,81157.515,2.486638069,81148.2,81148.3,81148.25,2.422472477,81188.122429,81188.2224225,81188.17242575,2.406136513
2026-09-04 04:25:48+00:00,81187.63,81189.72,81188.675,2.420372009,81183.78,81183.79,81183.785,2.480868816,81180.2,81180.3,81180.25,2.431735992,81174.7233,81174.82329350001,81174.77329675,2.397818089
2026-09-04 04:25:51+00:00,81187.63,81191.69,81189.66,2.272561073,81183.78,81183.79,81183.785,2.478000641,81184.6,81184.7,81184.65,2.427103043,81174.7233,81174.82329350001,81174.77329675,2.400762558
2026-09-04 04:25:54+00:00,81187.63,81191.69,81189.66,2.258368492,81177.74,81177.75,81177.745,2.44897294,81184.6,81184.7,81184.65,2.39444685,81174.7233,81174.82329350001,81174.77329675,2.364599943
2026-09-04 04:25:57+00:00,81187.63,81191.69,81189.66,2.278238773,81179.55,81181.78,81180.66500000001,2.466256618,81184.6,81184.7,81184.65,2.380403996,81174.7233,81174.82329350001,81174.77329675,2.381063938
2026-09-04 04:26:00+00:00,81181.14,81185.2,81183.17,2.397377968,81177.74,81177.75,81177.745,2.458729506,81184.6,81184.7,81184.65,2.408769846,81174.7233,81174.82329350001,81174.77329675,2.385885239
2026-09-04 04:26:03+00:00,81181.14,81185.2,81183.17,2.39486289,81177.74,81177.75,81177.745,2.45742631,81184.6,81184.7,81184.65,2.408070087,81174.7233,81174.82329350001,81174.77329675,2.381906033
2026-09-04 04:26:06+00:00,81181.14,81185.2,81183.17,2.221016884,81177.74,81177.75,81177.745,2.412438393,81184.6,81184.7,81184.65,2.360246897,81170.2235925,81170.32358600001,81170.27358925,2.331587553
2026-09-04 04:26:09+00:00,81181.14,81185.2,81183.17,2.257447243,81177.74,81177.75,81177.745,2.449400902,81184.6,81184.7,81184.65,2.397257805,81170.2235925,81170.32358600001,81170.27358925,2.344761848
2026-09-04 04:26:12+00:00,81181.14,81185.2,81183.17,2.383635998,81177.74,81177.75,81177.745,2.441401482,81184.6,81184.7,81184.65,2.392784595,81170.2235925,81170.32358600001,81170.27358925,2.3621099
2026-09-04 04:26:15+00:00,81181.14,81185.2,81183.17,2.376481056,81177.74,81177.75,81177.745,2.437196016,81184.6,81184.7,81184.65,2.390608072,81174.7233,81174.82329350001,81174.77329675,2.363526821
2026-09-04 04:26:18+00:00,81181.14,81185.2,81183.17,2.244478941,81177.74,81177.75,81177.745,2.437031984,81184.6,81184.7,81184.65,2.378550291,81174.7233,81174.82329350001,81174.77329675,2.361022472
2026-09-04 04:26:21+00:00,81181.14,81185.2,81183.17,2.242725372,81177.74,81177.75,81177.745,2.427880049,81184.6,81184.7,81184.65,2.379959106,81174.7233,81174.82329350001,81174.77329675,2.303442955
2026-09-04 04:26:24+00:00,81181.14,81185.2,81183.17,2.228933811,81177.75,81177.76,81177.755,2.408541203,81179.7,81179.8,81179.75,2.376595497,81174.7233,81174.82329350001,81174.77329675,2.351262569
2026-09-04 04:26:27+00:00,81197.93,81197.94,81197.935,2.35227108,81188.98,81188.99,81188.985,2.408410072,81197.1,81197.2,81197.15,2.356573582,81191.2222275,81191.32222100001,81191.27222425,2.334339142
2026-09-04 04:26:30+00:00,81203.12,81203.13,81203.125,2.34397459,81208.97,81212.05,81210.51000000001,2.417765141,81206.1,81206.2,81206.15,2.343967438,81200.121649,81200.22164250001,81200.17164575,2.340966225
2026-09-04 04:26:33+00:00,81203.12,81203.13,81203.125,2.224087238,81212.04,81212.05,81212.045,2.409963608,81206.1,81206.2,81206.15,2.366433144,81202.121519,81202.22151250001,81202.17151575,2.329121113
2026-09-04 04:26:36+00:00,81205.59,81210.97,81208.28,2.346535921,81208.1,81208.11,81208.10500000001,2.409588099,81206.1,81206.2,81206.15,2.35145092,81190.122299,81191.02224050001,81190.57226975,2.338991404
2026-09-04 04:26:39+00:00,81195.65,81206.76,81201.20499999999,2.177658081,81194.98,81194.99,81194.985,2.371300459,81206.1,81206.2,81206.15,2.320702076,81183.2227475,81183.32274100001,81183.27274425,2.294047832
2026-09-04 04:26:42+00:00,81195.66,81198.13,81196.895,2.220480919,81194.98,81194.99,81194.985,2.405094624,81184.6,81184.7,81184.65,2.304904461,81176.72317,81176.82316350001,81176.77316675,2.305752993
2026-09-04 04:26:45+00:00,81195.66,81199.43,81197.545,2.338099957,81183.8,81183.81,81183.805,2.398039818,81184.6,81184.7,81184.65,2.348522902,81182.2228125,81182.32280600001,81182.27280925,2.322701693
2026-09-04 04:26:48+00:00,81195.66,81199.43,81197.545,2.339047909,81184.19,81184.2,81184.195,2.398830891,81184.6,81184.7,81184.65,2.341950417,81175.123274,81175.2232675,81175.17327075,2.327672005
2026-09-04 04:26:51+00:00,81195.66,81199.43,81197.545,2.212419987,81183.8,81183.81,81183.805,2.395317554,81184.6,81184.7,81184.65,2.336564064,81175.123274,81175.2232675,81175.17327075,2.314936399
2026-09-04 04:26:54+00:00,81195.66,81196.08,81195.87,2.204406023,81183.8,81183.81,81183.805,2.387779951,81184.6,81184.7,81184.65,2.339130878,81175.123274,81175.2232675,81175.17327075,2.316994429
2026-09-04 04:26:57+00:00,81195.66,81196.08,81195.87,2.314777374,81183.8,81183.81,81183.805,2.372975111,81184.6,81184.7,81184.65,2.323763847,81175.123274,81175.2232675,81175.17327075,2.299445391
2026-09-04 04:27:00+00:00,81195.66,81196.08,81195.87,2.310866833,81183.8,81183.81,81183.805,2.373316288,81184.6,81184.7,81184.65,2.320940971,81175.123274,81175.2232675,81175.17327075,2.298661947
2026-09-04 04:27:03+00:00,81198.27,81207.28,81202.775,2.19026041,81183.8,81183.81,81183.805,2.378398418,81184.6,81184.7,81184.65,2.305958509,81176.6231765,81176.72317,81176.67317324999,2.303462982
2026-09-04 04:27:06+00:00,81201.18,81207.28,81204.23,2.312263966,81203.62,81203.63,81203.625,2.371693134,81206.6,81206.7,81206.65,2.32073307,81198.22177250001,81198.32176600001,81198.27176925002,2.288054943
2026-09-04 04:27:09+00:00,81202.87,81207.28,81205.075,2.309038877,81203.62,81203.63,81203.625,2.368818998,81206.6,81206.7,81206.65,2.31605649,81202.121519,81202.22151250001,81202.17151575,2.29472208
2026-09-04 04:27:12+00:00,81203.69,81207.28,81205.485,2.144683361,81203.62,81203.63,81203.625,2.338210583,81206.6,81206.7,81206.65,2.290258408,81202.22151250001,81202.32150600001,81202.27150925001,2.261354923
2026-09-04 04:27:15+00:00,81203.69,81207.28,81205.485,2.1746099,81203.62,81203.63,81203.625,2.363250732,81206.6,81206.7,81206.65,2.26948905,81202.121519,81202.22151250001,81202.17151575,2.248972416
2026-09-04 04:27:18+00:00,81203.69,81213.33,81208.51000000001,2.166848898,81203.62,81203.63,81203.625,2.346350908,81206.6,81206.7,81206.65,2.308974981,81202.121519,81202.22151250001,81202.17151575,2.281219006
2026-09-04 04:27:21+00:00,81212.45,81213.33,81212.89,2.289814949,81203.62,81203.63,81203.625,2.352861404,81206.6,81206.7,81206.65,2.306324005,81202.22151250001,81202.32150600001,81202.27150925001,2.272959709
2026-09-04 04:27:24+00:00,81212.47,81214.66,81213.565,2.288870096,81211.38,81211.39,81211.38500000001,2.35297966,81206.7,81206.8,81206.75,2.29983449,81204.92133699999,81205.0213305,81204.97133375,2.276390076
2026-09-04 04:27:27+00:00,81212.45,81214.66,81213.555,2.158761024,81216.52,81216.53,81216.525,2.349894285,81206.7,81206.8,81206.75,2.299525976,81208.92107699999,81209.0210705,81208.97107375,2.23268795
2026-09-04 04:27:30+00:00,81214.64,81214.66,81214.65,2.276062965,81207.83,81207.84,81207.83499999999,2.340323925,81206.7,81206.8,81206.75,2.289859056,81205.721285,81205.8212785,81205.77128175,2.267959595
2026-09-04 04:27:33+00:00,81214.65,81214.66,81214.655,2.273377895,81238.52,81238.53,81238.525,2.336041689,81216.5,81216.6,81216.55,2.286761045,81218.62044649999,81218.72044,81218.67044325,2.251306295
2026-09-04 04:27:36+00:00,81214.65,81214.66,81214.655,2.148541689,81225.73,81225.74,81225.735,2.33014822,81216.5,81216.6,81216.55,2.267681122,81220.4203295,81220.520323,81220.47032625001,2.257342339
2026-09-04 04:27:39+00:00,81214.65,81214.66,81214.655,2.267919064,81236.2,81236.21,81236.205,2.325106859,81224.9,81225.0,81224.95,2.2771101,81224.62005649999,81224.72005,81224.67005325,2.250742912
2026-09-04 04:27:42+00:00,81214.65,81214.66,81214.655,2.123354435,81230.08,81230.09,81230.08499999999,2.333445072,81226.1,81226.2,81226.15,2.278717995,81224.12008899999,81224.2200825,81224.17008575,2.258597374
2026-09-04 04:27:45+00:00,81214.65,81214.66,81214.655,2.239479065,81217.06,81217.07,81217.065,2.298422813,81219.0,81219.1,81219.05,2.250668049,81208.42110949999,81208.521103,81208.47110625,2.226561069
2026-09-04 04:27:48+00:00,81214.65,81214.66,81214.655,2.231957436,81217.06,81217.07,81217.065,2.320878029,81219.0,81219.1,81219.05,2.233718395,81209.721025,81209.8210185,81209.77102175,2.232505083
2026-09-04 04:27:51+00:00,81214.64,81214.66,81214.65,2.261016369,81211.39,81211.4,81211.39499999999,2.324225903,81209.6,81209.7,81209.65,2.273229122,81205.42130449999,81205.521298,81205.47130125,2.246047497
2026-09-04 04:27:54+00:00,81214.65,81214.66,81214.655,2.086044312,81205.0,81205.01,81205.005,2.32011199,81207.8,81207.9,81207.85,2.269668579,81202.32150600001,81202.4214995,81202.37150275,2.248348236
2026-09-04 04:27:57+00:00,81214.65,81214.66,81214.655,2.250297546,81222.39,81222.4,81222.39499999999,2.275228024,81223.5,81223.6,81223.55,2.262192726,81217.12054399999,81217.2205375,81217.17054075,2.22990942
2026-09-04 04:28:00+00:00,81214.65,81214.66,81214.655,2.125191689,81230.79,81230.8,81230.795,2.311433554,81223.5,81223.6,81223.55,2.263300896,81217.12054399999,81217.2205375,81217.17054075,2.199271679
2026-09-04 04:28:03+00:00,81222.27,81222.28,81222.275,2.121134281,81244.39,81244.4,81244.39499999999,2.307140112,81226.2,81226.3,81226.25,2.245206356,81224.62005649999,81224.72005,81224.67005325,2.229136467
2026-09-04 04:28:06+00:00,81225.39,81225.4,81225.39499999999,2.117460489,81246.98,81246.99,81246.985,2.289484978,81251.7,81251.9,81251.79999999999,2.250446081,81244.518763,81244.6187565,81244.56875975,2.219077826
2026-09-04 04:28:09+00:00,81258.61,81258.62,81258.61499999999,2.228955507,81258.9,81264.8,81261.85,2.288603544,81251.7,81251.8,81251.75,2.237117052,81250.4309805,81250.530975,81250.48097775,2.213019848
2026-09-04 04:28:12+00:00,81274.54,81274.55,81274.545,2.237715483,81270.21,81271.38,81270.79500000001,2.295490503,81272.6,81272.7,81272.65,2.162918091,81281.0292975,81281.12929200001,81281.07929475,2.22222662
2026-09-04 04:28:15+00:00,81274.54,81274.55,81274.545,2.234944105,81276.3,81283.0,81279.65,2.295943022,81275.0,81275.1,81275.05,2.245537758,81276.62953950002,81276.729534,81276.67953675002,2.224271536
2026-09-04 04:28:18+00:00,81274.54,81274.55,81274.545,2.076109409,81277.77,81277.78,81277.775,2.263634443,81275.0,81275.1,81275.05,2.212612391,81276.62953950002,81276.729534,81276.67953675002,2.190366983
2026-09-04 04:28:21+00:00,81274.54,81274.55,81274.545,2.197156429,81271.85,81272.42,81272.13500000001,2.283405781,81275.0,81275.1,81275.05,2.194340467,81272.32977600001,81272.4297705,81272.37977325001,2.19689703
2026-09-04 04:28:24+00:00,81274.54,81274.55,81274.545,2.090886593,81272.41,81272.42,81272.41500000001,2.283103704,81275.0,81275.1,81275.05,2.229819775,81271.51700800001,81271.6170015,81271.56700475,2.210788727
2026-09-04 04:28:27+00:00,81274.54,81274.55,81274.545,2.220673561,81272.41,81272.42,81272.41500000001,2.283816338,81275.0,81275.1,81275.05,2.228419542,81270.4170795,81270.51707300001,81270.46707625,2.198355198
2026-09-04 04:28:30+00:00,81274.54,81274.55,81274.545,1.977935076,81272.41,81272.42,81272.41500000001,2.188360929,81275.0,81275.1,81275.05,2.1415236,81270.4170795,81270.51707300001,81270.46707625,2.125547409
2026-09-04 04:28:33+00:00,81270.48,81273.54,81272.01,2.162293434,81251.6,81252.77,81252.185,2.262912512,81263.6,81263.7,81263.65,2.214880466,81249.4184445,81249.518438,81249.46844125,2.162411213
2026-09-04 04:28:36+00:00,81270.48,81273.54,81272.01,2.076151133,81250.23,81250.24,81250.235,2.269031048,81263.6,81263.7,81263.65,2.212768078,81249.4184445,81249.518438,81249.46844125,2.194108486
2026-09-04 04:28:39+00:00,81270.48,81274.54,81272.51,2.205048084,81255.58,81255.59,81255.58499999999,2.26631403,81263.6,81263.7,81263.65,2.213679552,81253.4181845,81253.518178,81253.46818125,2.183756828
2026-09-04 04:28:42+00:00,81270.48,81274.54,81272.51,2.197354078,81265.26,81265.27,81265.265,2.267932415,81263.6,81263.7,81263.65,2.20414114,81262.117619,81262.2176125,81262.16761574999,2.191863537
2026-09-04 04:28:45+00:00,81273.81,81274.54,81274.17499999999,2.063333511,81264.69,81264.7,81264.695,2.254482985,81263.6,81263.7,81263.65,2.204271555,81262.117619,81262.2176125,81262.16761574999,2.185014009
2026-09-04 04:28:48+00:00,81273.8,81273.81,81273.805,2.057600975,81247.51,81247.52,81247.515,2.25581789,81263.6,81263.7,81263.65,2.205155849,81244.6187565,81244.71875,81244.66875325001,2.180799961
2026-09-04 04:28:51+00:00,81273.8,81273.81,81273.805,2.171354294,81236.26,81236.36,81236.31,2.231409073,81257.6,81257.7,81257.65,2.178521633,81234.7194,81234.8193935,81234.76939675,2.149274588
2026-09-04 04:28:54+00:00,81273.8,81273.81,81273.805,2.167490482,81237.15,81237.16,81237.155,2.248962879,81257.6,81257.7,81257.65,2.166385889,81234.7194,81234.8193935,81234.76939675,2.167045593
