Date,vix,implied k=1,implied k=snapshot,realised 21d,pairwise 21d,realised 63d,pairwise 63d,gap k=1 vs 21d,gap k=snapshot vs 21d,gap k=snapshot vs 63d
2015-04-06,14.739999771118164,0.28690421088240525,0.07039133030544382,0.24889520244614136,0.46904156485933995,0.10722245628671828,0.3822805285199439,0.0380090084362639,-0.17850387214069752,-0.03683112598127446
2015-04-07,14.779999732971191,0.30767658379388674,0.08093095199905903,0.20936163872720318,0.44516325726200834,0.09184005293399926,0.3635389225704562,0.09831494506668356,-0.12843068672814414,-0.010909100934940227
2015-04-08,13.979999542236328,0.24881507447605333,0.04155271870929522,0.20456980936027075,0.4357552512435946,0.09269675339780743,0.3554548888128715,0.044245265115782584,-0.16301709065097553,-0.05114403468851221
2015-04-09,13.09000015258789,0.22567166233960953,0.015135811773026931,0.1612435962007425,0.394778448864078,0.08274362575079086,0.3560175467901246,0.06442806613886704,-0.14610778442771558,-0.06760781397776393
2015-04-10,12.579999923706056,0.1973016439197272,-0.005220003336336244,0.17493127978418344,0.3983405139559198,0.075821765368187,0.3358047867256363,0.022370364135543774,-0.18015128312051967,-0.08104176870452323
2015-04-13,13.9399995803833,0.3323071968869611,0.07694820157900015,0.15264906057237404,0.4114942412243974,0.07330079836345134,0.3330988576474414,0.17965813631458705,-0.07570085899337389,0.0036474032155488084
2015-04-14,13.670000076293944,0.31030379423514876,0.06165708497154325,0.1402789277696116,0.39521069921273827,0.07171496390313631,0.3190204163618182,0.17002486646553716,-0.07862184279806834,-0.010057878931593059
2015-04-15,12.84000015258789,0.25109827503365995,0.020389379516450076,0.08835140761065707,0.35399548586158375,0.0719362477482377,0.3139336722610822,0.16274686742300287,-0.067962028094207,-0.051546868231787626
2015-04-16,12.600000381469728,0.2432755212467441,0.01394187331148549,0.09252146121661164,0.3497759277002748,0.06975473722701225,0.3130685401004439,0.15075406003013245,-0.07857958790512615,-0.05581286391552676
2015-04-17,13.890000343322754,0.335308187501025,0.08007458392899237,0.08510635917693431,0.38176250797148403,0.07381128984890754,0.323706637728966,0.25020182832409066,-0.005031775247941933,0.00626329408008483
2015-04-20,13.300000190734863,0.2341833644877232,0.02504288915274827,0.07652422314060842,0.42660893404376465,0.06378304300233319,0.32443541808159665,0.15765914134711478,-0.051481333987860145,-0.038740153849584916
2015-04-21,13.25,0.24080259648318364,0.02807290314490831,0.05908229132541891,0.4306549186162489,0.06546846612942525,0.3256793576526859,0.18172030515776472,-0.0310093881805106,-0.03739556298451694
2015-04-22,12.710000038146973,0.21933719317557496,0.015353237423241968,0.07856143806231326,0.44381511619664793,0.06689736280488545,0.32733018804140285,0.14077575511326168,-0.06320820063907129,-0.051544125381643484
2015-04-23,12.479999542236328,0.20803968688811034,0.008048877935511784,0.07378767436087429,0.44581688172361755,0.06061060448492324,0.2947656670568635,0.13425201252723606,-0.0657387964253625,-0.05256172654941146
2015-04-24,12.289999961853027,0.09467661221236806,-0.0485644339188179,-0.044716680280499306,0.29562321630877025,0.022662093675708095,0.28118151968563476,0.13939329249286736,-0.003847753638318595,-0.071226527594526
2015-04-27,13.119999885559082,0.1289680222341852,-0.024155140934127465,-0.04470128325354364,0.2823780654719919,0.022210305773277095,0.2798848468851004,0.17366930548772883,0.020546142319416174,-0.046365446707404556
2015-04-28,12.40999984741211,0.09274136571087394,-0.0480755241406951,-0.04429326825906116,0.27637744533835396,0.03798949128937796,0.24287847458126047,0.1370346339699351,-0.0037822558816339447,-0.08606501543007306
2015-04-29,13.390000343322754,0.14970784875208237,-0.012719673142789833,-0.07322702358151988,0.24933442851925625,0.039824766309309256,0.25051400660578116,0.22293487233360226,0.06050735043873004,-0.05254443945209909
2015-04-30,14.550000190734863,0.21077415803187216,0.029885874185618763,-0.06741653554918131,0.24065888872291868,0.04360509588668446,0.25422435480465194,0.27819069358105347,0.09730240973480007,-0.013719221701065695
2015-05-01,12.699999809265137,0.09137547445470676,-0.04646328027900515,-0.05206357985799603,0.25212393194956156,0.0685447387421342,0.2944848138072723,0.1434390543127028,0.005600299578990879,-0.11500801902113934
2015-05-04,12.850000381469728,0.09974862549185823,-0.04032285736405418,-0.051595060580027795,0.24054544217155815,0.061611210964948315,0.2877537828117639,0.15134368607188603,0.011272203215973615,-0.1019340683290025
2015-05-05,14.3100004196167,0.17234196722347542,0.009800644282005624,-0.030790326292184,0.2726957626921259,0.05209736095803984,0.29713630774034383,0.20313229351565942,0.04059097057418962,-0.04229671667603421
2015-05-06,15.149999618530272,0.21005793169579584,0.03624806799568673,-0.031867047012956,0.2761623461047429,0.05048921308114312,0.29873236061132574,0.24192497870875185,0.06811511500864273,-0.014241145085456389
2015-05-07,15.130000114440918,0.20126730570751605,0.031143886178961265,-0.03398419000341418,0.29243714939456655,0.043573635486608975,0.29626346242006424,0.23525149571093024,0.06512807618237546,-0.01242974930764771
2015-05-08,12.859999656677246,0.026401320869987286,-0.08152628376477632,-0.04792956962091495,0.2525371839270797,0.030230186850050227,0.28789359949386245,0.07433089049090223,-0.03359671414386137,-0.11175647061482655
2015-05-11,13.850000381469728,0.06198013753269238,-0.05694729865183234,-0.04939511762592432,0.2625422349807465,0.02987738218334462,0.29247884232889654,0.11137525515861671,-0.007552181025908017,-0.08682468083517696
2015-05-12,13.859999656677246,0.06117958013703388,-0.05721941175821264,-0.05187896536204059,0.2632994208176953,0.026231663369375255,0.2873686946310003,0.11305854549907447,-0.005340446396172052,-0.0834510751275879
2015-05-13,13.760000228881836,0.05944601849277089,-0.059122683593841104,-0.05171400086251972,0.27117765143913863,0.02793642867308007,0.28920374815244526,0.1111600193552906,-0.007408682731321385,-0.08705911226692117
2015-05-14,12.739999771118164,0.0138033030418163,-0.08760956639096694,-0.04242106756265333,0.3164750648393693,0.044987849111352965,0.29674836268821025,0.05622437060446964,-0.045188498828313606,-0.1325974155023199
2015-05-15,12.380000114440918,0.0015883380425913635,-0.09592939091773488,-0.04250984737308345,0.3291585779133032,0.044413157408572095,0.29888131842737836,0.04409818541567481,-0.05341954354465143,-0.14034254832630697
2015-05-18,12.729999542236328,0.01905267621228871,-0.08596638676019001,-0.05925725636767541,0.28332321183410025,0.045338674114833964,0.29987073544379744,0.07830993257996412,-0.026709130392514602,-0.13130506087502397
2015-05-19,12.850000381469728,0.036767856050156214,-0.07707119127698928,-0.06613443534518312,0.2674645922204012,0.04608688909509989,0.3012083506987381,0.10290229139533934,-0.010936755931806152,-0.12315808037208917
2015-05-20,12.880000114440918,0.03834429624436982,-0.07632464822617921,-0.0662708078472998,0.268319512241457,0.047157164421285015,0.3074340991277124,0.10461510409166963,-0.010053840378879408,-0.12348181264746422
2015-05-21,12.109999656677246,0.011069165534430868,-0.09498169356143166,-0.06858929207997375,0.26450462329069374,0.04479815034991924,0.30450773617714066,0.07965845761440461,-0.02639240148145791,-0.1397798439113509
2015-05-22,12.130000114440918,0.013089924969520278,-0.09489460582292823,-0.06867531560440236,0.2773263939621054,0.048308348989155606,0.3148734675919231,0.08176524057392263,-0.02621929021852587,-0.14320295481208384
2015-05-26,14.0600004196167,0.28235707373218233,0.05627313818549499,0.04800990391161166,0.3814606642479072,0.05564962933270261,0.32732302204228414,0.23434716982057066,0.008263234273883327,0.0006235088527923802
2015-05-27,13.270000457763672,0.16814953699782062,-0.02043046939910037,0.02629183724174007,0.4361352154605029,0.05177316509697184,0.3444764397932728,0.14185769975608054,-0.04672230664084044,-0.07220363449607221
2015-05-28,13.3100004196167,0.18445656392405274,-0.014465347833075022,0.030268613196557128,0.4681498119345972,0.05284481490422001,0.34799823396630325,0.1541879507274956,-0.04473396102963215,-0.06731016273729504
2015-05-29,13.84000015258789,0.21572136028471556,0.00793239372302885,0.03493274341424993,0.49390407503066347,0.05483265195648125,0.34740203904680833,0.18078861687046563,-0.02700034969122108,-0.0469002582334524
2015-06-01,13.970000267028809,0.2551322545533307,0.02700757634744951,0.019208624594436455,0.4740295758442562,0.05534171426779344,0.34819840900562765,0.23592362995889427,0.007798951753013053,-0.028334137920343932
2015-06-02,14.239999771118164,0.303745941425099,0.055661378636330625,-0.005365864561577308,0.4532288769419549,0.0540463627278015,0.3474563015043412,0.30911180598667626,0.061027243197907935,0.0016150159085291244
2015-06-03,13.65999984741211,0.2556782908974103,0.023260835193505053,-0.007434514919790535,0.4680485906078304,0.05295308575373405,0.3481159847114375,0.2631128058172008,0.030695350113295588,-0.029692250560229
2015-06-04,14.710000038146973,0.37185825361395775,0.09831566625720058,-0.014770582229369314,0.4475242392857212,0.05955194398402302,0.35228239117727106,0.3866288358433271,0.1130862484865699,0.03876372227317756
2015-06-05,14.210000038146973,0.35307223751080336,0.07994802385893841,-0.013543473123663373,0.4408849163469812,0.045386301502311335,0.3405669937728514,0.36661571063446674,0.09349149698260178,0.03456172235662708
2015-06-08,15.289999961853027,0.44985495603668646,0.14501262263495396,-0.00815031436557413,0.43378642824548314,0.04432297715721282,0.3438065788210769,0.4580052704022606,0.15316293700052808,0.10068964547774115
2015-06-09,14.470000267028809,0.6675962295188553,0.2804819330302169,0.054241166427617324,0.4765615791188406,0.028224930708088014,0.3274787749699612,0.613355063091238,0.22624076660259956,0.2522570023221289
2015-06-10,13.220000267028809,0.46745569758712924,0.15290740802003758,0.0915422283651649,0.4774142674846111,0.03723527959224147,0.33386225261688585,0.37591346922196434,0.061365179654872676,0.11567212842779612
2015-06-11,12.850000381469728,0.43645725334008956,0.13069133866037363,0.09478991460311892,0.479375889939841,0.02756437929024511,0.33434583085088965,0.34166733873697064,0.035901424057254716,0.10312695937012853
2015-06-12,13.779999732971191,0.4911870232365413,0.16959042219705475,0.09933139859372096,0.5181989977841408,0.026485212395357283,0.3411621739187697,0.3918556246428203,0.07025902360333379,0.14310520980169747
2015-06-15,15.390000343322754,0.7948498681384156,0.3608844627183466,0.09370124953707955,0.45164765834760284,0.013935428114799371,0.3350753600343026,0.701148618601336,0.2671832131812671,0.34694903460354726
2015-06-16,14.8100004196167,0.7146216017039368,0.30495798893781395,0.10554341004911652,0.4817269745961115,0.016569945440498026,0.3431837079561274,0.6090781916548204,0.19941457888869743,0.28838804349731595
2015-06-17,14.5,0.678274628643846,0.2785550166420271,0.10149290442995478,0.48040769351875034,0.006725957787463413,0.3363209916804193,0.5767817242138913,0.1770621122120723,0.27182905885456365
2015-06-18,13.1899995803833,0.4526398841102423,0.13852565938500525,0.12594622046106935,0.5249386050623097,0.01241220612746946,0.35297081022305127,0.32669366364917296,0.012579438923935898,0.12611345325753578
2015-06-19,13.960000038146973,0.5159960293514938,0.18470019218616635,0.12745843215749852,0.5347013285695141,0.00813048536680694,0.357637149104235,0.3885375971939953,0.05724176002866782,0.1765697068193594
2015-06-22,12.739999771118164,0.3953336719467697,0.10382482135870488,0.1383054195861005,0.5414490620283534,0.014485439743820097,0.36074830762392757,0.25702825236066923,-0.034480598227395604,0.08933938161488479
2015-06-23,12.109999656677246,0.29687085326398777,0.043711820403371134,0.1105751299181239,0.5151025842062763,0.009606625587179405,0.3605556987875005,0.18629572334586386,-0.06686330951475278,0.03410519481619173
2015-06-24,13.260000228881836,0.42576558228667793,0.12435010334065741,0.09340330106002162,0.47834060571911513,0.01662238765318395,0.34060463637016475,0.33236228122665634,0.030946802280635788,0.10772771568747345
2015-06-25,14.010000228881836,0.7127332545687465,0.3047626623735433,0.1566370612307592,0.4286469741202838,0.017046579762189925,0.3365502612162412,0.5560961933379873,0.1481256011427841,0.2877160826113534
2015-06-26,14.020000457763672,0.6890350637125139,0.29058053369812914,0.14451177109463925,0.43077490471567514,0.016568893112357447,0.3398469240048892,0.5445232926178747,0.1460687626034899,0.2740116405857717
2015-06-29,18.850000381469727,1.1742308592230362,0.6510557406271084,0.28365103722266316,0.5387318027363707,0.039009695455280144,0.3632628479027951,0.890579822000373,0.3674047034044452,0.6120460451718283
2015-06-30,18.229999542236328,1.0932130060221055,0.5926260274701871,0.2879596431846948,0.5314429992760394,0.03660780342487334,0.35209367039345285,0.8052533628374107,0.3046663842854923,0.5560182240453138
2015-07-01,16.09000015258789,0.8033165706264707,0.3891201820338105,0.31787587766631104,0.5348778534478729,0.04003048606777077,0.35090440815730756,0.4854406929601596,0.07124430436749946,0.3490896959660397
2015-07-02,16.790000915527344,0.9137242054424985,0.4645797197384013,0.3249915469234488,0.5264748335089064,0.04002789843903432,0.35119925935308327,0.5887326585190498,0.1395881728149525,0.42455182129936697
2015-07-06,17.010000228881836,0.9828362742913548,0.509144701731393,0.3118171898704357,0.5313534386092289,0.04343552695182812,0.3476375311581821,0.6710190844209191,0.19732751186095732,0.4657091747795649
2015-07-07,16.09000015258789,0.8417608045838197,0.41004890791872517,0.3194614341604845,0.5281266898201549,0.04534783152240879,0.345469421307403,0.5222993704233352,0.09058747375824067,0.3647010763963164
2015-07-08,19.65999984741211,1.2820569663009187,0.7346574827883733,0.4146247597969074,0.5504645677773848,0.06788990519608314,0.36247079095236745,0.8674322065040113,0.3200327229914659,0.6667675775922901
2015-07-09,19.969999313354492,1.250495317576965,0.719083968027564,0.38462288380140014,0.5275319372019136,0.06624161924132983,0.3561321945865089,0.865872433775565,0.3344610842261639,0.6528423487862342
2015-07-10,16.829999923706055,0.8008693512009726,0.3998637536691329,0.3730440243340581,0.5645512537044219,0.07125822543577452,0.37094684870480427,0.4278253268669145,0.026819729335074816,0.32860552823335837
2015-07-13,13.899999618530272,0.4050095968258891,0.1391873194211417,0.3487429816771918,0.5868188413563474,0.0734771615270463,0.38037535418674245,0.056266615148697297,-0.2095556622560501,0.06571015789409541
2015-07-14,13.369999885559082,0.37499229978410425,0.11989691397021224,0.34792293821514886,0.5612407116699807,0.0740089757624039,0.38651205379110565,0.027069361568955397,-0.22802602424493662,0.04588793820780834
2015-07-15,13.229999542236328,0.36634683101509297,0.11316372419246339,0.34386735978684796,0.5551509334527704,0.07313946143475725,0.39235832102582513,0.022479471228245007,-0.23070363559438456,0.04002426275770614
2015-07-16,12.109999656677246,0.22684823388398784,0.02731560621277063,0.2981332938386099,0.5512434929550475,0.0706909965585205,0.4014690029592995,-0.07128505995462209,-0.2708176876258393,-0.04337539034574987
2015-07-17,11.949999809265137,0.006560500787540306,-0.11733548733518268,0.058112330593658966,0.4623863102114399,0.007590838245091026,0.3341385968850601,-0.05155182980611866,-0.17544781792884165,-0.1249263255802737
2015-07-20,12.25,0.019750678221394622,-0.10952322580273197,0.03570668775512411,0.4263019656907224,0.004274366096030379,0.3217996098487811,-0.015956009533729488,-0.14522991355785608,-0.11379759189876235
2015-07-21,12.220000267028809,0.01938926382221585,-0.11084080740745783,0.035953500543393656,0.41396859073858694,0.005051473425243637,0.3221840354899437,-0.016564236721177805,-0.1467943079508515,-0.11589228083270146
2015-07-22,12.119999885559082,-0.007229554292899752,-0.11920074325200973,0.006687106067838929,0.384070092046004,-0.003123878584765711,0.3147279887587605,-0.013916660360738681,-0.12588784931984867,-0.11607686466724403
2015-07-23,12.640000343322754,0.014998246901919882,-0.10725911727826065,0.014544518872205661,0.39326332365985395,-0.002994601816649807,0.31834328059005745,0.00045372802971422113,-0.12180363615046631,-0.10426451546161085
2015-07-24,13.739999771118164,0.03279381979388156,-0.08614538577780326,0.0011164358643243047,0.3267546010877144,0.02945681903526157,0.33595020466806075,0.031677383929557254,-0.08726182164212756,-0.11560220481306482
2015-07-27,15.600000381469728,0.10537762555468577,-0.03506584921793254,0.0031890326741403643,0.34680746204521373,0.031166729233438606,0.34183697519224704,0.10218859288054541,-0.038254881892072906,-0.06623257845137115
2015-07-28,13.4399995803833,0.018429679502096397,-0.09259324107374815,0.027030374399028615,0.3420072884580892,0.042437444535064504,0.3462921363502035,-0.008600694896932218,-0.11962361547277676,-0.13503068560881265
2015-07-29,12.5,-0.004295739651776221,-0.11130288323559097,-0.0295195743733124,0.26362688135375295,0.044104851988473366,0.3511780988679661,0.02522383472153618,-0.08178330886227857,-0.15540773522406434
2015-07-30,12.130000114440918,-0.01819850678106317,-0.11991280872306155,-0.03093021931355193,0.26265063815834633,0.03975377784298291,0.3398049120115454,0.01273171253248876,-0.08898258940950962,-0.15966658656604446
2015-07-31,12.119999885559082,-0.017277387239869955,-0.11888001064014987,-0.0402057191250286,0.2631714021361579,0.03517240890665391,0.33243801184873106,0.022928331885158644,-0.07867429151512127,-0.15405241954680376
2015-08-03,12.5600004196167,-0.00745274589901533,-0.1111594766616502,-0.04300575938941281,0.2589779237568134,0.03259710219466845,0.33466701402517196,0.03555301349039748,-0.06815371727223739,-0.14375657885631865
2015-08-04,13.0,0.0020747461836079155,-0.10348221278238821,-0.04819577798918261,0.25033292373472193,0.023770285561810447,0.3192082277933537,0.05027052417279053,-0.0552864347932056,-0.12725249834419866
2015-08-05,12.510000228881836,-0.014671082098650413,-0.11480344204593061,-0.05280433128507846,0.26191991953626603,0.023960117387609062,0.3232376440566493,0.03813324918642805,-0.061999110760852155,-0.13876355943353968
2015-08-06,13.770000457763672,0.03383821410100446,-0.08280215179390703,-0.08611905475724851,0.22775998229761357,0.029087277966713482,0.31858008448549857,0.11995726885825297,0.0033169029633414865,-0.11188942976062051
2015-08-07,13.390000343322754,-0.05856537672771417,-0.1407517163718315,-0.13613335358115164,0.19682743766252705,-0.0106503686907666,0.31481408233059693,0.07756797685343747,-0.00461836279067987,-0.1301013476810649
2015-08-10,12.229999542236328,-0.09226502135759694,-0.16330335297444054,-0.13919621757687065,0.1730762307578122,-0.007202230553189713,0.3121472883123572,0.046931196219273705,-0.024107135397569895,-0.15610112242125082
2015-08-11,13.710000038146973,-0.06295820407956919,-0.14291918905229264,-0.14842610779369422,0.15129244040829437,-0.011728788421508776,0.3053103287065163,0.08546790371412503,0.0055069187414015786,-0.13119040063078385
2015-08-12,13.609999656677246,-0.06474650873033956,-0.14401432549588108,-0.14974662411914932,0.14052804036376287,-0.012032686591231457,0.30043030632609785,0.08500011538880976,0.005732298623268239,-0.13198163890464962
2015-08-13,13.489999771118164,-0.06785761537961574,-0.14635121781041702,-0.1498528752811745,0.14349584285608177,-0.016261873543678914,0.286202611028044,0.08199525990155876,0.00350165747075748,-0.1300893442667381
2015-08-14,12.829999923706056,-0.0794594641581808,-0.155354219963838,-0.15350327918157355,0.12714597180172357,-0.015280532774233125,0.2872665225716902,0.07404381502339276,-0.001850940782264443,-0.14007368718960486
2015-08-17,13.020000457763672,-0.0038959333037976995,-0.11476977891256468,-0.1116158644291067,0.12627878584282254,-0.013952980338014924,0.2874390128591392,0.107719931125309,-0.0031539144834579758,-0.10081679857454975
2015-08-18,13.789999961853027,0.030687310511612106,-0.09251613256560164,-0.10793780879964428,0.13121263222952198,-0.013650395472877032,0.2866616278270873,0.13862511931125637,0.015421676234042642,-0.0788657370927246
2015-08-19,15.25,0.08969710877135255,-0.05117692009807296,-0.09983614762704436,0.14363152013404928,-0.009928780799549437,0.29202915897021375,0.1895332563983969,0.0486592275289714,-0.04124813929852352
2015-08-20,19.13999938964844,0.27375093767250347,0.08114022326182029,-0.025114700494246828,0.2734623227898957,0.012792025886201727,0.3326068295265773,0.29886563816675027,0.10625492375606711,0.06834819737561856
2015-08-21,28.030000686645508,0.595071908917671,0.3412236796983985,0.052181099843237155,0.4555285937175051,0.04474471164355899,0.41129878329332625,0.5428908090744339,0.28904257985516135,0.29647896805483953
2015-08-24,40.7400016784668,1.3933511078586431,0.9630037639688566,0.24179197738617886,0.603168589702353,0.12585688558142463,0.46820764781143476,1.1515591304724642,0.7212117865826777,0.837146878387432
2015-08-25,36.02000045776367,1.0269503602435601,0.6785005557349456,0.24788776155038425,0.5932753470542895,0.1371405175384162,0.4571319972059123,0.7790625986931758,0.43061279418456133,0.5413600381965294
2015-08-26,30.31999969482422,0.43626737378742564,0.24186299593611846,0.23712401567416105,0.7161135237653855,0.15381979083260736,0.5395929655302703,0.19914335811326458,0.004738980261957404,0.0880432051035111
2015-08-27,26.100000381469727,0.24700996020753688,0.10050038731574376,0.2603954484033655,0.7348711906019566,0.1693379774245856,0.5577190027185126,-0.013385488195828604,-0.15989506108762172,-0.06883759010884183
2015-08-28,26.049999237060547,0.24616110547015255,0.09968721854353493,0.26132207007479474,0.7369720284068725,0.1693990475209989,0.5565454539436047,-0.015160964604642196,-0.1616348515312598,-0.06971182897746397
2015-08-31,28.43000030517578,0.3316518540402752,0.16415037294963042,0.26527492086219606,0.7471649520216709,0.17222418692234884,0.5576760712538794,0.06637693317807913,-0.10112454791256564,-0.008073813972718419
2015-09-01,31.399999618530273,0.4004232442429774,0.22026135574055675,0.2969513756837541,0.7694773830480157,0.19324768163357098,0.5813702494584801,0.1034718685592233,-0.07669001994319738,0.02701367410698577
2015-09-02,26.09000015258789,0.19541547353334907,0.06617487102683937,0.3007708750210955,0.7869242934249019,0.19332498893741296,0.591771350594227,-0.10535540148774644,-0.23459600399425612,-0.12715011791057357
2015-09-03,25.61000061035156,0.18107627278404995,0.055289460057613656,0.30048002830363557,0.7855883202942275,0.1921727175937388,0.5915787383622221,-0.11940375551958562,-0.24519056824602192,-0.13688325753612515
2015-09-04,27.799999237060547,0.24568146460305287,0.10417113120323294,0.30727391206864285,0.7897359982518726,0.19893545999288478,0.5947533106834791,-0.06159244746558998,-0.2031027808654099,-0.09476432878965184
2015-09-08,24.899999618530273,0.2055139767817937,0.07596774608419872,0.4157435081109854,0.8454903078000631,0.21108495693796914,0.6053141882793396,-0.21022953132919173,-0.3397757620267867,-0.13511721085377043
2015-09-09,26.229999542236328,0.2571541544451904,0.11470720346847414,0.428725128869532,0.8478624710885779,0.21273787210300496,0.6049812343338322,-0.1715709744243416,-0.3140179254010579,-0.09803066863453082
2015-09-10,24.3700008392334,0.2145125380835889,0.08178687404714263,0.4523380807634532,0.8767986531499886,0.21122634765073367,0.6069737954447646,-0.23782554267986433,-0.3705512067163106,-0.12943947360359104
2015-09-11,23.200000762939453,0.17712878466091314,0.053929055941202175,0.4539151566537794,0.882726372761476,0.21178317646894318,0.6055143730369278,-0.27678637199286626,-0.39998610071257723,-0.157854120527741
2015-09-14,24.25,0.2098837574608925,0.07837556256217146,0.4537379806073888,0.8824957849525705,0.21154760550370955,0.6056014201592465,-0.2438542231464963,-0.3753624180452173,-0.1331720429415381
2015-09-15,22.540000915527344,0.15248283623524403,0.03613267105910373,0.45771258322758634,0.8805263380371844,0.21483716575003048,0.6059772615914438,-0.3052297469923423,-0.4215799121684826,-0.17870449469092675
2015-09-16,21.350000381469727,0.11827713467571467,0.01096078078457985,0.4618035462380211,0.8830129419815893,0.2177191464198684,0.606787572299697,-0.34352641156230646,-0.45084276545344126,-0.20675836563528854
2015-09-17,21.13999938964844,0.10963896082560666,0.004910920162956858,0.45547463983931563,0.8747595994944416,0.2143384383835683,0.598886218859879,-0.345835679013709,-0.4505637196763588,-0.20942751822061145
2015-09-18,22.280000686645508,0.14120444822490044,0.028405282888885993,0.4694389814024862,0.8741810510011558,0.22342904868624291,0.5973063690522912,-0.3282345331775858,-0.4410336985136002,-0.19502376579735692
2015-09-21,20.13999938964844,0.09387311444969146,-0.007665276341404716,0.4653169823447616,0.8762115564488258,0.22207778552690954,0.600538249534949,-0.3714438678950701,-0.47298225868616633,-0.22974306186831425
2015-09-22,22.440000534057617,0.21705058854440168,0.07773708103611335,0.49914631145092103,0.8608536733352445,0.2277850248925217,0.609203091773661,-0.28209572290651935,-0.4214092304148077,-0.15004794385640835
2015-09-23,22.1299991607666,0.26302402338804415,0.10451478488967411,0.39794512050772374,0.8398539981325265,0.2266468574062154,0.6117964337577498,-0.1349210971196796,-0.29343033561804965,-0.12213207251654129
2015-09-24,23.469999313354492,0.3279583676008645,0.15180491071816754,0.39316002285174045,0.8417969655528795,0.22591844621024323,0.6128584218813221,-0.06520165525087596,-0.2413551121335729,-0.0741135354920757
2015-09-25,23.6200008392334,0.625932335039399,0.35054439721297137,0.46790573786890394,0.7453371107508093,0.22532785188026738,0.6035002374477381,0.1580265971704951,-0.11736134065593257,0.125216545332704
2015-09-28,27.6299991607666,0.9749316510674608,0.6105914142103248,0.5073578719219869,0.7195020752757691,0.23345697940152862,0.6019969790120483,0.46757377914547393,0.10323354228833792,0.37713443480879616
2015-09-29,26.829999923706055,0.8676785558658966,0.5321131821212849,0.48085575695495736,0.6984107064497864,0.2291097629388785,0.5967905289664864,0.38682279891093924,0.05125742516632753,0.30300341918240636
2015-09-30,24.5,0.6243976844432131,0.3546578992384804,0.473522618907039,0.7199788478782789,0.23169572300423688,0.6045039054444761,0.15087506553617408,-0.1188647196685586,0.12296217623424352
2015-10-01,22.549999237060547,0.6480596416634509,0.35904605145236074,0.4357522774296284,0.6477238546810854,0.23012892549140004,0.6034709849410594,0.21230736423382246,-0.07670622597726767,0.1289171259609607
2015-10-02,20.940000534057617,0.6110808441199406,0.3247683697768706,0.4742245080590891,0.6178021260748745,0.23361613134915463,0.6047248424183534,0.13685633606085146,-0.1494561382822185,0.091152238427716
2015-10-05,19.540000915527344,0.4751765141984511,0.229065955174315,0.5076851445251032,0.6352355175551991,0.23995769268107603,0.6100373478845124,-0.03250863032665208,-0.27861918935078817,-0.010891737506761034
2015-10-06,19.399999618530273,0.49011348007174727,0.23775600626836307,0.48596808680585035,0.6061624530904015,0.23171330821016597,0.6025832890290039,0.004145393265896913,-0.24821208053748728,0.006042698058197099
2015-10-07,18.399999618530273,0.5411911650132311,0.2635988000509778,0.47609560789076455,0.5502284461300905,0.23548328143072697,0.6039277726714978,0.06509555712246651,-0.21249680783978675,0.02811551862025083
2015-10-08,17.420000076293945,0.48977196051654265,0.22453884513734884,0.4733889926386106,0.5400490719467326,0.23616945175749596,0.5989482926164087,0.01638296787793203,-0.24885014750126178,-0.011630606620147116
2015-10-09,17.079999923706055,0.4698677404834879,0.21026033350485754,0.4717373390305547,0.5099674810476665,0.2344916670196,0.5925876988859302,-0.0018695985470668086,-0.2614770055256972,-0.024231333514742465
2015-10-12,16.170000076293945,0.40141710769819033,0.16213732655922397,0.46539595205575734,0.5044383742070698,0.2343245093036965,0.5923851996859439,-0.06397884435756701,-0.3032586254965334,-0.07218718274447253
2015-10-13,17.670000076293945,0.5204603695751062,0.24570091146557185,0.47804469648396325,0.5037904722162854,0.2361850915158425,0.5932362487441208,0.04241567309114297,-0.2323437850183914,0.00951581994972936
2015-10-14,18.030000686645508,0.5288640898906491,0.2509726403673695,0.42415361324017375,0.4788286781717028,0.23553859706888375,0.5874172937325776,0.10471047665047539,-0.17318097287280426,0.015434043298485745
2015-10-15,16.049999237060547,0.3517335862082961,0.13034369288637287,0.4327857930576737,0.4770425245080997,0.2990347753826688,0.6225435818531524,-0.08105220684937758,-0.3024421001713008,-0.16869108249629594
2015-10-16,15.050000190734863,0.2947873238525313,0.08931099914848188,0.44728516136633006,0.49543644597184733,0.301822175693046,0.6281599229540589,-0.15249783751379875,-0.35797416221784817,-0.21251117654456408
2015-10-19,14.979999542236328,0.30391053258549616,0.09263926843569394,0.39490869622909097,0.4772786464475845,0.30133150749647836,0.6273827482965771,-0.09099816364359481,-0.30226942779339705,-0.20869223906078443
2015-10-20,15.75,0.3447622175385297,0.12192353664408669,0.3766111322033559,0.4438586073317741,0.3088984624049718,0.6304588494028632,-0.0318489146648262,-0.25468759555926923,-0.18697492576088515
2015-10-21,16.700000762939453,0.44611672327857244,0.19037829064057898,0.3737369502630305,0.419561918718532,0.3119066975164556,0.6337906789541645,0.07237977301554194,-0.18335865962245151,-0.12152840687587663
2015-10-22,14.449999809265137,0.23714290176213504,0.05138598261983541,0.3827114226591397,0.43022339378756114,0.32930612714054364,0.6512884509767967,-0.14556852089700467,-0.3313254400393043,-0.27792014452070823
2015-10-23,14.460000038146973,0.10453859991812703,-0.021207597571778238,0.22003258724485208,0.40539838383128535,0.28981030701075094,0.6381398529938512,-0.11549398732672506,-0.24124018481663032,-0.3110179045825292
2015-10-26,15.289999961853027,0.12784180581382626,-0.004379000818705383,0.20790137911751322,0.3987897202260069,0.2802747668462648,0.6355338170052639,-0.08005957330368696,-0.2122803799362186,-0.2846537676649702
2015-10-27,15.43000030517578,0.1547829867425715,0.010623179497551361,0.12409178190297797,0.3233819940873267,0.27986365231168003,0.633703372944598,0.03069120483959352,-0.11346860240542661,-0.26924047281412866
2015-10-28,14.329999923706056,0.10421438524333257,-0.023367726720167577,0.14191445577329762,0.32776956383020467,0.2797403270385873,0.6330198103576273,-0.037700070529965046,-0.16528218249346519,-0.3031080537587549
2015-10-29,14.609999656677246,0.13102817654872695,-0.00813680209619043,0.09742626954142779,0.29095685633826107,0.2757075210657192,0.6339652738887122,0.03360190700729916,-0.10556307163761822,-0.28384432316190966
2015-10-30,15.06999969482422,0.14586407814921742,0.0031693670248415856,0.09493455054358159,0.29878812038552344,0.275184133812181,0.6332064638240054,0.050929527605635835,-0.09176518351874001,-0.2720147667873394
2015-11-02,14.149999618530272,0.1163149348245751,-0.01738718870824395,0.08986187165322475,0.2988569066297573,0.2818909264378202,0.6364710061202051,0.02645306317135035,-0.1072490603614687,-0.29927811514606417
2015-11-03,14.539999961853027,0.14901863110613003,0.0028403939216513027,0.045839015724721655,0.2754936780990459,0.28254264211721897,0.6349197924429911,0.10317961538140838,-0.042998621803070354,-0.27970224819556766
2015-11-04,15.510000228881836,0.19051974651475984,0.0319731689335927,0.042412114233049726,0.2728068233321617,0.27939805305026544,0.631680974948679,0.14810763228171012,-0.010438945299457027,-0.24742488411667274
2015-11-05,15.050000190734863,0.1603061062428799,0.013459288201970383,0.02641253700841553,0.25583443640525727,0.328160663292327,0.6500431826437028,0.13389356923446435,-0.012953248806445146,-0.3147013750903566
2015-11-06,14.329999923706056,-0.008102259397204346,-0.10766456044560582,-0.09284300157755539,0.23727264261381736,0.2671861300540798,0.6233201521009532,0.08474074218035105,-0.014821558868050436,-0.37485069049968567
2015-11-09,16.520000457763672,0.06905139958952258,-0.05439265703672093,-0.07999834883393712,0.26966156759358983,0.28088145358986494,0.6368480988701573,0.1490497484234597,0.025605691797216196,-0.33527411062658585
2015-11-10,15.289999961853027,0.018960808064648175,-0.08853860787570236,-0.08324364692589323,0.2626701593984675,0.27694607115771613,0.634169839825043,0.1022044549905414,-0.0052949609498091355,-0.3654846790334185
2015-11-11,16.059999465942383,0.04349828391740767,-0.07103436078823283,-0.08704834627411737,0.2634526653551172,0.2765923467623771,0.6326699589282413,0.13054663019152504,0.016013985485884535,-0.3476267075506099
2015-11-12,18.3700008392334,0.13853609153244859,-0.0026309005935392514,-0.05750254262463602,0.29544834179304835,0.2830023081854901,0.6340187515067511,0.1960386341570846,0.05487164203109677,-0.28563320877902937
2015-11-13,20.079999923706055,0.19806169514707417,0.041387208193433056,-0.0756724856195677,0.33055834114408145,0.27877238858597514,0.6378540639888706,0.27373418076664185,0.11705969381300076,-0.23738518039254208
2015-11-16,18.15999984741211,0.11543743941343625,-0.01729783935285119,-0.05122335450469894,0.34472052305288287,0.2841865646265578,0.6407754746126872,0.16666079391813518,0.033925515151847746,-0.30148440397940895
2015-11-17,18.84000015258789,0.14156614473885104,0.001452507160080022,-0.05126023406895732,0.3467366798483278,0.28268364672412477,0.6404173857870334,0.19282637880780837,0.052712741229037345,-0.2812311395640448
2015-11-18,16.850000381469727,0.05921286343235511,-0.05591000883834103,-0.02599830436185817,0.39530049590333444,0.2780036481490395,0.6357289040272546,0.08521116779421328,-0.029911704476482864,-0.3339136569873805
2015-11-19,16.989999771118164,0.06490855742516671,-0.051393163768093386,-0.02949988109454264,0.3803361936071863,0.27793837652241415,0.6016005784507731,0.09440843851970936,-0.021893282673550746,-0.32933154029050754
2015-11-20,15.470000267028809,0.024137729487762594,-0.08133512159358984,-0.0559317269236015,0.383784525884565,0.21939879893195793,0.5634027196263971,0.08006945641136409,-0.02540339466998834,-0.30073392052554776
2015-11-23,15.619999885559082,0.10370456056325202,-0.05108396232692948,-0.04059443499443605,0.3747066965677313,0.2152966587912034,0.5654295183325727,0.14429899555768808,-0.010489527332493427,-0.2663806211181329
2015-11-24,15.93000030517578,0.13700144827394709,-0.03342406435041116,-0.03408981404994635,0.395864708510524,0.21040697517508672,0.5046369922235519,0.17109126232389343,0.0006657496995351869,-0.2438310395254979
2015-11-25,15.1899995803833,0.09975798169746174,-0.05955998724949723,-0.03493837263915307,0.40122677217939823,0.19156082531247481,0.4845395998975702,0.1346963543366148,-0.024621614610344157,-0.25112081256197205
2015-11-27,15.119999885559082,0.11636539292904574,-0.05415836196612602,-0.051631235011174316,0.3977240173021958,0.19207263379147335,0.48579930220786643,0.16799662794022005,-0.0025271269549517056,-0.24623099575759938
2015-11-30,16.1299991607666,0.18742145919958936,-0.003977488552639545,-0.03704849484815581,0.4023847936154886,0.1901788104505675,0.4824934427004611,0.22446995404774517,0.033071006295516264,-0.19415629900320705
2015-12-01,14.670000076293944,0.09318901887849676,-0.06557598195971846,-0.029351982466935295,0.4198815331757323,0.15807965895095397,0.4423691169014667,0.12254100134543205,-0.03622399949278317,-0.22365564091067242
2015-12-02,15.90999984741211,0.16454179888326134,-0.018284840311010214,-0.03391456568701474,0.40772487487094566,0.15939127908426592,0.4273962124206095,0.19845636457027607,0.015629725376004523,-0.17767611939527614
2015-12-03,18.11000061035156,0.287730974075033,0.07133002919128581,0.0046340795886944276,0.44345569439927035,0.17143589927830777,0.437833734318373,0.28309689448633857,0.06669594960259138,-0.10010587008702196
2015-12-04,14.8100004196167,0.07004717412260816,-0.07447145424746725,0.049226346880705936,0.49067913565379084,0.16965774621469165,0.43968344076599025,0.020820827241902228,-0.12369780112817319,-0.2441292004621589
2015-12-07,15.84000015258789,0.12154381527317662,-0.04193602414750931,0.057450424610038214,0.5247421827947586,0.1485288316653645,0.4251205071420292,0.0640933906631384,-0.09938644875754753,-0.1904648558128738
2015-12-08,17.600000381469727,0.5135858087967854,0.24036188447976853,0.30169420564179733,0.5828130399318434,0.14273098718512586,0.417943145270828,0.21189160315498806,-0.0613323211620288,0.09763089729464267
2015-12-09,19.61000061035156,0.6303260648516521,0.3272897380966349,0.2642478355341234,0.5754012943851783,0.14155593722618884,0.42013250466140584,0.3660782293175287,0.06304190256251152,0.18573380087044608
2015-12-10,19.34000015258789,0.6578041787189635,0.3435308856064422,0.2942713607004117,0.6051910380134672,0.14150236491549623,0.41981626599763056,0.36353281801855175,0.04925952490603047,0.20202852069094596
2015-12-11,24.38999938964844,1.0418055168832685,0.634725101179987,0.34626344147773747,0.6350707137423066,0.1575978040200535,0.4332902986446544,0.695542075405531,0.2884616597022496,0.4771272971599335
2015-12-14,22.729999542236328,0.8493791824082638,0.49476526293818174,0.2897519716514808,0.6224487407935348,0.1489998708652721,0.4312144727215872,0.559627210756783,0.20501329128670093,0.3457653920729096
2015-12-15,20.950000762939453,0.7664819301467647,0.42754978315430875,0.3244660464909329,0.5760554934345495,0.14867007712214494,0.42273362102844275,0.4420158836558318,0.10308373666337584,0.27887970603216383
2015-12-16,17.860000610351562,0.5091761040062823,0.24242181167547147,0.32156023505325443,0.561567313589867,0.1607306779218601,0.4311022639660223,0.1876158689530279,-0.07913842337778296,0.08169113375361137
2015-12-17,18.940000534057617,0.5690904566022319,0.28729904122920075,0.36338370888236815,0.5732809325460793,0.1574774331589504,0.43351790150113795,0.20570674771986375,-0.0760846676531674,0.12982160807025034
2015-12-18,20.700000762939453,0.7302031672460736,0.4038478626451201,0.39327052418791614,0.5628560474401265,0.1695212461929877,0.4455612135815192,0.33693264305815745,0.010577338457203989,0.23432661645213243
2015-12-21,18.700000762939453,0.5466083814509233,0.27110054128288014,0.39570303690109593,0.604195177443901,0.1665081949627038,0.43958860540530587,0.15090534454982735,-0.12460249561821579,0.10459234632017633
2015-12-22,16.600000381469727,0.4054832551989566,0.16905617875432608,0.4255987024284597,0.6067535676457638,0.17115540086529818,0.43949387783917593,-0.02011544722950309,-0.25654252367413366,-0.0020992221109721043
2015-12-23,15.56999969482422,0.33919214481429255,0.12294526655168285,0.46811719407094965,0.6142768971143656,0.17984577769833107,0.43921262303723624,-0.1289250492566571,-0.3451719275192668,-0.05690051114664822
2015-12-24,15.739999771118164,0.3577657616635067,0.13493646209453672,0.4773073200084302,0.625765608699656,0.1831951603634858,0.44730768249404473,-0.11954155834492347,-0.34237085791389343,-0.048258698268949074
2015-12-28,16.90999984741211,0.42383971701662854,0.1833174914076529,0.46130404669474484,0.6137159488394003,0.1499504105711576,0.4283617293713443,-0.037464329678116304,-0.27798655528709193,0.03336708083649531
2015-12-29,16.079999923706055,0.3392095261697957,0.1269139565932977,0.45593917888159824,0.6235163173741357,0.15826523157968295,0.4371493477931304,-0.11672965271180252,-0.32902522228830056,-0.031351274986385236
2015-12-30,17.290000915527344,0.4217932141818366,0.18479837520800996,0.46625587934546203,0.6425203054089585,0.15115942379347427,0.42878468047148655,-0.04446266516362546,-0.2814575041374521,0.033638951414535684
2015-12-31,18.209999084472656,0.5284100596700813,0.25710715194363204,0.5090889461514682,0.6443209664088047,0.1554559756080305,0.4372994552288567,0.019321113518613098,-0.2519817942078361,0.10165117633560153
2016-01-04,20.700000762939453,0.6415079581689938,0.3476052996775462,0.46125976985836553,0.645038662767513,0.15055062132214567,0.43772021115513055,0.18024818831062822,-0.11365447018081931,0.19705467835540055
2016-01-05,19.34000015258789,0.5356351014948332,0.26938503809252046,0.41390254718752806,0.631344484179242,0.13409945040241758,0.42824637893886236,0.12173255430730512,-0.1445175090950076,0.13528558769010288
2016-01-06,20.59000015258789,0.6842309101973896,0.3715244479589516,0.4003948668774422,0.5856502293528543,0.13549930259317725,0.4336229244665928,0.2838360433199474,-0.02887041891849057,0.23602514536577437
2016-01-07,24.989999771118164,0.8327139689388172,0.49912161286893747,0.3888902259736,0.6431987768428845,0.1451889710657567,0.4668054398420177,0.4438237429652172,0.11023138689533746,0.35393264180318074
2016-01-08,27.010000228881836,0.9874411499711387,0.6161676824517607,0.3954147930157112,0.6524709432786284,0.14627037218967406,0.47026221697939463,0.5920263569554276,0.22075288943604948,0.4698973102620866
2016-01-11,24.299999237060547,0.8124989242954767,0.4813503294019484,0.41317546217789675,0.6481259017871926,0.1475397880039963,0.47226189895343584,0.3993234621175799,0.06817486722405164,0.3338105413979521
2016-01-12,22.469999313354492,0.6441535069626012,0.3586012066916052,0.40750158789642255,0.656992683121026,0.1494441690923351,0.47641108338771804,0.23665191906617866,-0.04890038120481732,0.20915703759927012
2016-01-13,25.219999313354492,0.7610524448746772,0.45266034356528834,0.39781911380726903,0.6620023488411042,0.16591406204740344,0.4910412163342981,0.3632333310674081,0.054841229758019305,0.2867462815178849
2016-01-14,23.950000762939453,0.6355301020700082,0.361689166410664,0.4161995714949361,0.6653652888637167,0.17734267215403868,0.5009363701728694,0.21933053057507207,-0.05451040508427207,0.18434649425662533
2016-01-15,27.020000457763672,0.7038395922569384,0.4209007186601497,0.3774332590743078,0.7027038475052508,0.17124202669471228,0.5190352728016085,0.32640633318263057,0.04346745958584192,0.24965869196543744
2016-01-19,26.049999237060547,0.6578912919555113,0.3847520823685184,0.35741104512532296,0.6800980535143678,0.1708484414340766,0.5150313937629735,0.30048024683018837,0.02734103724319542,0.21390364093444178
2016-01-20,27.59000015258789,0.7683671557249696,0.4685122102378575,0.3525485862198965,0.6465500624182522,0.1785522734467226,0.5083489664146377,0.4158185695050731,0.11596362401796101,0.2899599367911349
2016-01-21,26.690000534057617,0.7634615937050705,0.45966372386223525,0.3384883539142017,0.6402527397511136,0.18355180436159574,0.5139490455378729,0.4249732397908688,0.12117536994803357,0.2761119195006395
2016-01-22,22.34000015258789,0.3987724398037159,0.19553342222484452,0.324416023585846,0.6726040323403841,0.18476783254208556,0.5282542881973243,0.07435641621786993,-0.12888260136100146,0.010765589682758953
2016-01-25,24.149999618530273,0.48343183845906906,0.25985029614133165,0.33499082779060785,0.6679022646642363,0.1875378442393372,0.5361625446879184,0.14844101066846122,-0.0751405316492762,0.07231245190199445
2016-01-26,22.5,0.3941119606010388,0.19382854450972373,0.3384596673211888,0.6678526113427968,0.23610270956888538,0.5472881387039856,0.055652293279849996,-0.1446311228114651,-0.04227416505916165
2016-01-27,23.11000061035156,0.3554257628661483,0.16942647598753555,0.2917450121800376,0.6587740391416143,0.22647849556421498,0.558400122462467,0.06368075068611068,-0.12231853619250208,-0.057052019576679436
2016-01-28,22.420000076293945,0.24915476763744276,0.10100733369368096,0.22497531279592456,0.6081807049140094,0.19396959641208153,0.5318108864282027,0.024179454841518205,-0.1239679791022436,-0.09296226271840057
2016-01-29,20.200000762939453,0.12583985759531136,0.015063793187503853,0.21667199465672196,0.5678628922482782,0.19278439229327224,0.5129249203019915,-0.0908321370614106,-0.2016082014692181,-0.17772059910576837
2016-02-01,19.979999542236328,0.11824697082940971,0.009823604368514776,0.210669025319794,0.5599365871821759,0.19624728346500445,0.5130318348956077,-0.09242205449038429,-0.20084542095127922,-0.18642367909648966
2016-02-02,21.979999542236328,0.16231168304595342,0.04318507833776029,0.21066688915886617,0.559190277141681,0.20098116205863384,0.5184092913033733,-0.048355206112912746,-0.1674818108211059,-0.15779608372087356
2016-02-03,21.649999618530273,0.1502597860345211,0.03483168098706851,0.19463272283780386,0.5209988645497685,0.1894408157472039,0.49624028313872587,-0.044372936803282775,-0.15980104185073535,-0.15460913476013538
2016-02-04,21.84000015258789,0.1565698759254165,0.0399128305245313,0.19504416030243543,0.5142437083988008,0.18785882695149345,0.49228505299355607,-0.03847428437701894,-0.15513132977790414,-0.14794599642696216
2016-02-05,23.3799991607666,0.16709360523975214,0.05000708688099661,0.17382790106195486,0.5324095899728861,0.1776082914113096,0.506005156054603,-0.006734295822202724,-0.12382081418095825,-0.12760120453031298
2016-02-08,26.0,0.26756436738305894,0.12323347157229068,0.156931394444632,0.49497175027701285,0.17845983479041674,0.5050890309707595,0.11063297293842694,-0.033697922872341315,-0.05522636321812606
2016-02-09,26.540000915527344,0.2907864197559943,0.14037568097190894,0.15039951162906354,0.4947617471326981,0.2334738690874209,0.5287403772918755,0.14038690812693075,-0.010023830657154592,-0.09309818811551196
2016-02-10,26.290000915527344,0.2819521753286608,0.13383807358101155,0.15046559172288146,0.49193917301660683,0.22956312705818477,0.5260554782397049,0.13148658360577933,-0.016627518141869913,-0.09572505347717322
2016-02-11,28.13999938964844,0.35045322041119237,0.18589617886623522,0.1603550717275188,0.46806205473909607,0.2403050302741528,0.5224955426210253,0.19009814868367356,0.025541107138716407,-0.05440885140791757
2016-02-12,25.399999618530273,0.27481958825894465,0.12809812354958872,0.15995304833066298,0.43608493631889894,0.25461067171420626,0.5167562324485927,0.11486653992828166,-0.03185492478107427,-0.12651254816461754
2016-02-16,24.11000061035156,0.21935407082888175,0.08617684113092941,0.1513923309691666,0.4328700064682258,0.24559796757886374,0.5181105493768039,0.06796173985971515,-0.06521548983823719,-0.15942112644793432
2016-02-17,22.309999465942383,0.1881992739733893,0.06193491231950745,0.15845951494969027,0.41464288541359234,0.2526597212407846,0.5201514046013684,0.029739759023699047,-0.09652460263018281,-0.19072480892127716
2016-02-18,21.63999938964844,0.12584180137003578,0.015588957748749683,0.11950546057776709,0.3981036262094374,0.22069683561743597,0.49939593499402996,0.006336340792268691,-0.1039165028290174,-0.20510787786868628
2016-02-19,20.530000686645508,0.09447792785728538,-0.008065292920288373,0.1061416351302279,0.41264082026176957,0.21987444763833153,0.49943442720245973,-0.011663707272942511,-0.11420692805051627,-0.2279397405586199
2016-02-22,19.3799991607666,0.05555209290775163,-0.035978678493790155,0.11060629436243861,0.42063889556993095,0.2187262701764213,0.4942654797555247,-0.055054201454686987,-0.14658497285622876,-0.25470494867021143
2016-02-23,20.979999542236328,0.11500990265832146,0.005792302014670132,0.10783936024017346,0.4040723867342695,0.2214354231293924,0.506969408251636,0.007170542418148004,-0.10204705822550333,-0.21564312111472228
2016-02-24,20.719999313354492,0.11032251903654992,0.001466888735969372,0.09284897290843344,0.3934627873974418,0.22273944891184586,0.5072414988634019,0.017473546128116482,-0.09138208417246407,-0.2212725601758765
2016-02-25,19.11000061035156,0.06531054791364274,-0.0314554244892021,0.08971275860165281,0.39308904578990306,0.22924982023557042,0.5096336551488464,-0.024402210688010073,-0.12116818309085492,-0.2607052447247725
2016-02-26,19.809999465942383,0.11237465683778058,-0.001325129931724616,0.10738901336960069,0.37948931322387924,0.2296523111948993,0.51022723152513,0.0049856434681798956,-0.10871414330132531,-0.2309774411266239
2016-02-29,20.549999237060547,0.18523256172336133,0.042609840443356216,0.1553796918076061,0.3863704092396822,0.23151676774087776,0.5077104408228478,0.029852869915755226,-0.11276985136424988,-0.18890692729752154
2016-03-01,17.700000762939453,0.09400713648511015,-0.025411710994052258,0.16428077651638565,0.46517075702660143,0.23326763443087478,0.5254674743119259,-0.0702736400312755,-0.1896924875104379,-0.25867934542492704
2016-03-02,17.09000015258789,0.07588165623036047,-0.03914933062044543,0.1704606978633624,0.47478007979977627,0.23424520711613853,0.526756623012557,-0.09457904163300193,-0.20961002848380783,-0.27339453773658395
2016-03-03,16.700000762939453,0.08548693104030126,-0.03465270002193725,0.1613352260452788,0.45512981432141164,0.23765392255008624,0.5232452788136103,-0.07584829500497754,-0.19598792606721605,-0.2723066225720235
2016-03-04,16.860000610351562,0.10936524188219442,-0.02260282547494026,0.18183570534747545,0.5062198838164952,0.2339342555699594,0.5240996553275089,-0.07247046346528103,-0.2044385308224157,-0.25653708104489964
2016-03-07,17.350000381469727,0.12502478342788442,-0.010710065109500993,0.1771536355911154,0.5016519662503296,0.22402299251576702,0.5176396376478324,-0.05212885216323099,-0.1878637007006164,-0.234733057625268
2016-03-08,18.670000076293945,0.28089152490409725,0.0912494583877682,0.23552386342893647,0.44867721037918634,0.22392496892182853,0.5084643398314386,0.045367661475160775,-0.14427440504116829,-0.13267551053406035
2016-03-09,18.34000015258789,0.2984812696099018,0.10283330584931351,0.23996511021856673,0.4498603735507608,0.2231061648077277,0.5062302527083583,0.05851615939133506,-0.1371318043692532,-0.1202728589584142
2016-03-10,18.049999237060547,0.28179610177559655,0.09121449526963939,0.23949241807161362,0.4496315587903892,0.2217278347162774,0.5088902236400805,0.042303683703982936,-0.14827792280197422,-0.130513339446638
2016-03-11,16.5,0.190441428818576,0.027805772221116947,0.27302086480212356,0.47002645010632427,0.23174795927102196,0.5115070197090997,-0.08257943598354756,-0.24521509258100663,-0.20394218704990502
2016-03-14,16.920000076293945,0.21802217452901873,0.04546048609094432,0.25076647778098754,0.4854555769686923,0.2317022017884432,0.5111237454385532,-0.03274430325196881,-0.2053059916900432,-0.18624171569749887
2016-03-15,16.84000015258789,0.22527105929526678,0.04677519708070991,0.18587023502279723,0.5043268903473261,0.2207389938942852,0.504189597431317,0.03940082427246955,-0.13909503794208733,-0.1739637968135753
2016-03-16,14.989999771118164,0.16384146110205303,0.0015499943427963424,0.1707436115635608,0.4936752265055588,0.22012566393565663,0.5021887644383356,-0.006902150461507772,-0.16919361722076445,-0.2185756695928603
2016-03-17,14.4399995803833,0.15848121460776285,-0.005600068327533628,0.146932615302295,0.44573402367214165,0.21841791122458037,0.5032643814521934,0.011548599305467838,-0.15253268362982864,-0.224017979552114
2016-03-18,14.020000457763672,0.23917100832159227,0.05021362178381397,0.25074088804233946,0.4815056932930858,0.2088745160416477,0.4959989708958114,-0.01156987972074719,-0.2005272662585255,-0.15866089425783372
2016-03-21,13.789999961853027,0.23126389646444698,0.04430434386189269,0.25745790445208155,0.4858407598775071,0.20125724440024736,0.4943268437320415,-0.026194007987634577,-0.21315356059018886,-0.15695290053835467
2016-03-22,14.170000076293944,0.31411498121190384,0.0943146062109457,0.2561465877186587,0.4764375956966249,0.1939937731473679,0.4874485349877837,0.05796839349324512,-0.16183198150771302,-0.0996791669364222
2016-03-23,14.9399995803833,0.4062491213381566,0.1517128267429475,0.24700035909712278,0.42489862034238857,0.19441645367544616,0.48389425681364656,0.15924876224103382,-0.09528753235417528,-0.042703626932498656
2016-03-24,14.739999771118164,0.3920932894614304,0.1421200988600463,0.24182851361328164,0.4211036914960242,0.19057247121218937,0.48289108139233977,0.15026477584814876,-0.09970841475323533,-0.04845237235214306
2016-03-28,15.239999771118164,0.43666846788547553,0.17175295265271887,0.1980415984935796,0.41140540235991885,0.18420053413002485,0.48179970758615015,0.23862686939189592,-0.02628864584086074,-0.012447581477305986
2016-03-29,13.81999969482422,0.28595043868859876,0.07385581689175647,0.19178286300536396,0.4132117128422742,0.18304054523225713,0.4830286817038548,0.0941675756832348,-0.11792704611360749,-0.10918472834050066
2016-03-30,13.5600004196167,0.26576804774626167,0.059195578086381546,0.17642642263133887,0.39719095848037833,0.18417345755671666,0.48511640572510245,0.0893416251149228,-0.11723084454495733,-0.12497787947033512
2016-03-31,13.949999809265137,0.545057392826706,0.2179721709270496,0.12745670857452213,0.20921735012488232,0.18258026356149187,0.4823992746577397,0.41760068425218383,0.09051546235252747,0.03539190736555772
2016-04-01,13.100000381469728,0.4371470821498231,0.14800939700301544,0.12837914757369276,0.2238000289999562,0.1818258682020819,0.481384995718804,0.3087679345761304,0.019630249429322677,-0.03381647119906647
2016-04-04,14.119999885559082,0.5287352683671923,0.21209173925825783,0.12345645157621106,0.22597805063294898,0.17986494606179487,0.4772687166508983,0.40527881679098127,0.08863528768204677,0.03222679319646296
2016-04-05,15.420000076293944,0.6493157960124949,0.2978187077028357,0.15643808435879952,0.2878637115810698,0.18135956261201772,0.4744144151162915,0.49287771165369537,0.14138062334403617,0.11645914509081798
2016-04-06,14.09000015258789,0.5498197469805985,0.22323451517365397,0.22601364023382228,0.33312911934562045,0.1874696325354768,0.4786356997572269,0.32380610674677623,-0.002779125060168308,0.035764882638177176
2016-04-07,16.15999984741211,0.7523609261657458,0.36707382445649545,0.22478833225352465,0.37919206544517825,0.19149048645219582,0.48161774810802355,0.5275725939122211,0.1422854922029708,0.17558333800429962
2016-04-08,15.359999656677246,0.6915631076950298,0.32105476660428217,0.23153071102274428,0.37230563224699187,0.18365428769239708,0.455178877133847,0.46003239667228557,0.08952405558153789,0.1374004789118851
2016-04-11,16.260000228881836,0.8095435094602605,0.40187939029673503,0.23862956860716067,0.374942449542053,0.18039939444629696,0.45316403335519356,0.5709139408530999,0.16324982168957436,0.22147999585043807
2016-04-12,14.850000381469728,0.7042460351933992,0.32097422364434175,0.1866360844868689,0.3474962650975942,0.18439652804192688,0.45609071353707586,0.5176099507065304,0.13433813915747286,0.13657769560241487
2016-04-13,13.84000015258789,0.5089085887892575,0.19698675845887711,0.19135742090275273,0.3809969069173505,0.18456155499877733,0.4559721529470967,0.3175511678865047,0.005629337556124381,0.012425203460099787
2016-04-14,13.720000267028809,0.5169553696087448,0.20053537814064834,0.201931073801455,0.38680488168536803,0.16895449487358832,0.4374122991367476,0.31502429580728974,-0.0013956956608066617,0.03158088326706002
2016-04-15,13.619999885559082,0.5486723232784201,0.2193437265926214,0.2129654817843315,0.3887208576990653,0.16092354544801443,0.43288398669789624,0.3357068414940886,0.006378244808289912,0.05842018114460698
2016-04-18,13.350000381469728,0.5029835713987889,0.18947694388325229,0.20628679832750982,0.4096761938904331,0.15844703239251104,0.4055153347280139,0.29669677307127906,-0.016809854444257533,0.031029911490741247
2016-04-19,13.239999771118164,0.5331488522934933,0.2063459872570599,0.22939316463662046,0.4104527946541264,0.15771862490511637,0.4059182322697494,0.30375568765687283,-0.02304717737956055,0.04862736235194354
2016-04-20,13.279999732971191,0.5284449928963406,0.2049051761576659,0.2242456936984209,0.39396486255726537,0.1494398020469722,0.4098573032648159,0.3041992991979197,-0.019340517540754998,0.055465374110693716
2016-04-21,13.949999809265137,0.5970295708683168,0.25187360733321235,0.2358051188072275,0.3920420025520396,0.14980535204350515,0.4113955738106007,0.3612244520610893,0.01606848852598486,0.1020682552897072
2016-04-22,13.220000267028809,0.2897528946229132,0.07284674499294923,0.08390681283384616,0.34017738759026483,0.12417594132017588,0.37530207750724304,0.20584608178906705,-0.011060067840896928,-0.051329196327226656
2016-04-25,14.079999923706056,0.35817081593501654,0.11799686494797808,0.08674407360601892,0.34950140633818355,0.11428493508154565,0.36726113410159766,0.2714267423289976,0.03125279134195916,0.0037119298664324285
2016-04-26,13.960000038146973,0.33752740367394274,0.10520373777023263,0.08131578208099323,0.3499910539481681,0.10367055953533152,0.36508728503194277,0.2562116215929495,0.023887955689239404,0.0015331782349011086
2016-04-27,13.770000457763672,0.2510661134129033,0.0508202817481247,0.015517712079627363,0.29034665468195325,0.10019317933238671,0.341984815604494,0.23554840133327593,0.03530256966849734,-0.049372897584262006
2016-04-28,15.220000267028809,0.27510293489422,0.07739184188383044,0.004731007731862556,0.27094993084857,0.1167187182053458,0.33917929658899654,0.2703719271623574,0.07266083415196789,-0.03932687632151535
2016-04-29,15.699999809265137,0.23373015840721775,0.059260636623227746,-0.01476299705598877,0.21702790292505023,0.09910884124797814,0.3305639979137043,0.24849315546320652,0.07402363367921652,-0.039848204624750395
2016-05-02,14.68000030517578,0.17645865507240924,0.019995009003849706,-0.01388799613871682,0.23384975299092625,0.10181116206445802,0.33661812723615764,0.19034665121112607,0.03388300514256653,-0.08181615306060831
2016-05-03,15.600000381469728,0.2164582990934462,0.04836929871885645,-0.0037118449661635742,0.23246739120661988,0.0966917108761956,0.3204557602207064,0.22017014405960977,0.05208114368502002,-0.04832241215733915
2016-05-04,16.049999237060547,0.2350344816009257,0.06138167820365096,-0.020109939595124856,0.21158441585498483,0.10340798493925787,0.3417882787909041,0.2551444211960505,0.08149161779877581,-0.042026306735606915
2016-05-05,15.90999984741211,0.2340411882067198,0.059769869482756,-0.041358804994843304,0.19001787511004156,0.10545370416559818,0.34751068426171355,0.2753999932015631,0.1011286744775993,-0.045683834682842185
2016-05-06,14.720000267028809,0.17844926455388532,0.02060138367068685,-0.06591373458713101,0.1681834073189824,0.11494533382797432,0.31097214717888494,0.24436299914101633,0.08651511825781787,-0.09434395015728747
2016-05-09,14.56999969482422,0.17250812199225132,0.016052901214790916,-0.06719663975144954,0.1681862856153782,0.11482088301125391,0.31061280194944835,0.23970476174370087,0.08324954096624046,-0.098767981796463
2016-05-10,13.630000114440918,0.11350401950492855,-0.022073077641839783,-0.0437917619943689,0.20742726326244332,0.12156240790829428,0.3203265749693371,0.15729578149929746,0.021718684352529116,-0.14363548555013406
2016-05-11,14.6899995803833,0.16260800307459472,0.011293164387612019,-0.04314013648429257,0.20058358715531022,0.12810214236171538,0.3260021734308014,0.2057481395588873,0.05443330087190459,-0.11680897797410336
2016-05-12,14.40999984741211,0.15837861975893722,0.005874325720832951,-0.061455641123207186,0.16798386081482333,0.11412198122926842,0.3289202937391498,0.21983426088214442,0.06732996684404013,-0.10824765550843547
2016-05-13,15.039999961853027,0.002254921840080049,-0.10466545191373731,-0.15299681525296852,0.12829148072017962,0.018687857989640885,0.307370285699352,0.15525173709304857,0.0483313633392312,-0.1233533099033782
2016-05-16,14.68000030517578,-0.01845497658448433,-0.11836787811799994,-0.14504171318000297,0.14622329665451547,0.01095548512917814,0.3005155807627435,0.12658673659551864,0.026673835062003035,-0.12932336324717808
2016-05-17,15.56999969482422,0.01131741035983584,-0.09767367169851549,-0.13935591756201163,0.1549404870887675,0.0029614682700485205,0.28784752811308023,0.15067332792184746,0.04168224586349614,-0.100635139968564
2016-05-18,15.949999809265137,0.022474771839392813,-0.08972716090519356,-0.14131995026590422,0.16048533602088794,0.02353461961734675,0.2953191040432079,0.16379472210529702,0.051592789360710656,-0.11326178052254031
2016-05-19,16.329999923706055,0.03572150938964204,-0.08075915701751475,-0.14027572111861678,0.16219124135194463,0.02504481353743073,0.2959309364226933,0.17599723050825883,0.059516564101102024,-0.10580397055494548
2016-05-20,15.199999809265137,-0.004354926216364503,-0.10894944952465913,-0.1404330173403458,0.16614964861068052,0.01870052753384748,0.285767914791386,0.1360780911239813,0.031483567815686675,-0.12764997705850661
2016-05-23,15.81999969482422,0.05260685031178706,-0.08804389088605331,-0.14576948696308017,0.2262975809834021,0.01001996857180498,0.2717915212912188,0.19837633727486723,0.05772559607702686,-0.0980638594578583
2016-05-24,14.420000076293944,-0.014160592178544347,-0.1289541955104786,-0.12124720456638576,0.2577105011402452,0.0160329850671201,0.28361321171498644,0.10708661238784141,-0.0077069909440928425,-0.14498718057759868
2016-05-25,13.899999618530272,-0.03221419433514171,-0.14299352317833508,-0.11557675578792097,0.27148199164429815,0.008476399669039058,0.281712361237238,0.08336256145277926,-0.027416767390414112,-0.15146992284737415
2016-05-26,13.43000030517578,-0.026372037579498426,-0.145716069951474,-0.10279519268331848,0.2851564516118655,0.008001842377242224,0.28011408041930025,0.07642315510382006,-0.04292087726815551,-0.1537179123287162
2016-05-27,13.119999885559082,-0.0225860887166989,-0.15720450913275086,-0.11092953725628645,0.33260894496780974,0.004868777707873672,0.28040635260318714,0.08834344853958755,-0.04627497187646441,-0.16207328684062453
2016-05-31,14.1899995803833,0.053313303461991604,-0.11869751988883363,-0.11002198708197115,0.35848268826842755,-0.020934664450299158,0.21780666806504118,0.16333529054396276,-0.00867553280686248,-0.09776285543853447
2016-06-01,14.199999809265137,0.061842198399867924,-0.11793706136749812,-0.12343377187831431,0.34099785730228466,-0.022502950678634774,0.21753642880510757,0.18527597027818224,0.005496710510816183,-0.09543411068886334
2016-06-02,13.630000114440918,0.03636154719550886,-0.14010972163821267,-0.14011916714426062,0.31634641613008363,-0.02271282275255774,0.21619935242248453,0.17648071433976947,9.445506047950358e-06,-0.11739689888565494
2016-06-03,13.470000267028809,0.03007786713098947,-0.14235331309729374,-0.1418461331466753,0.3204244456740228,-0.02338059946795179,0.21983168883437235,0.17192400027766477,-0.0005071799506184416,-0.11897271362934195
2016-06-06,13.649999618530272,0.040454949806597335,-0.13533576801012676,-0.13526853373059028,0.31606661871962766,-0.01924642779632654,0.2267742383351621,0.1757234835371876,-6.723427953647665e-05,-0.11608934021380021
2016-06-07,14.050000190734863,0.0707330165502551,-0.1191995104802554,-0.13824710104682797,0.3107437507619002,-0.027257869843490816,0.22251474428914406,0.20898011759708307,0.01904759056657257,-0.09194164063676458
2016-06-08,14.079999923706056,0.07034945343212384,-0.11769957469554082,-0.13518846028287526,0.3024949309923253,-0.027583579672589658,0.22233510709138116,0.2055379137149991,0.01748888558733444,-0.09011599502295116
2016-06-09,14.640000343322754,0.11685511068900019,-0.09868124348910942,-0.18503633404717915,0.25450729196027405,-0.029530083365473647,0.22255807854837056,0.30189144473617935,0.08635509055806972,-0.06915116012363577
2016-06-10,17.030000686645508,0.2807798645921218,0.01551227238764037,-0.19017252919019592,0.30146882471520053,-0.04331083441142361,0.22233797723594775,0.4709523937823177,0.20568480157783628,0.05882310679906398
2016-06-13,20.969999313354492,0.608497878914814,0.2560109902429933,-0.170250344013626,0.3226843598897509,-0.04044511952562769,0.22566864396501596,0.7787482229284399,0.4262613342566193,0.29645610976862097
2016-06-14,20.5,1.3422978858497487,0.7797538401637235,0.09638644415438163,0.36745846093344625,-0.03934156560920518,0.22439653823231506,1.2459114416953672,0.6833673960093418,0.8190954057729287
2016-06-15,20.13999938964844,1.5564103817198396,0.9134459800054916,0.10857043812247344,0.360655218283974,-0.038524033812403956,0.22582876840168484,1.4478399435973661,0.8048755418830181,0.9519700138178956
2016-06-16,19.3700008392334,1.4990532540288393,0.863036493209531,0.07652179261289652,0.3367099571140164,-0.040879356989203496,0.2323080279877436,1.4225314614159428,0.7865147005966345,0.9039158501987345
2016-06-17,19.40999984741211,1.3935709640800709,0.7988171479281407,0.06785218959748293,0.3790879519809127,-0.04095118639752935,0.2491902252766244,1.325718774482588,0.7309649583306578,0.8397683343256701
2016-06-20,18.3700008392334,1.2078941313296054,0.6659258208400072,0.07643643901912615,0.38550339341182305,-0.038713494386119304,0.2514927150041684,1.1314576923104793,0.5894893818208811,0.7046393152261264
2016-06-21,18.479999542236328,1.2231939639791145,0.6785172424082183,0.06333054097954377,0.37621617451139466,-0.038781183842549076,0.2514828316574976,1.1598634229995708,0.6151867014286745,0.7172984262507673
2016-06-22,21.170000076293945,1.7169719512444304,1.0326674875434172,0.07022333852791239,0.3838785943233629,-0.04099268665370889,0.25470642704860413,1.646748612716518,0.9624441490155048,1.0736601741971261
2016-06-23,17.25,1.1677619821405918,0.6240167955007879,0.09022640307179067,0.36377956700364344,-0.030092310412582493,0.2667905906056531,1.077535579068801,0.5337903924289973,0.6541091059133705
2016-06-24,25.760000228881836,1.5390195553336725,0.9734461608879902,0.3700258721851816,0.6137974095995073,0.048543755496729166,0.3504705586788783,1.1689936831484908,0.6034202887028086,0.924902405391261
2016-06-27,23.850000381469727,1.203033973464139,0.730981163984182,0.43580070573688723,0.6320441708406277,0.0674654067025376,0.35285406193025176,0.7672332677272519,0.2951804582472948,0.6635157572816444
2016-06-28,18.75,0.6004028947067444,0.29899884652646574,0.4700735146189816,0.6685369276287397,0.0852825790798228,0.37428535584197115,0.13032938008776274,-0.17107466809251587,0.21371626744664296
2016-06-29,16.639999389648438,0.42318358349528284,0.1741354191788628,0.5359216770186396,0.7147160366805098,0.10209379902614088,0.3820480151517825,-0.11273809352335673,-0.3617862578397768,0.07204162015272192
2016-06-30,15.630000114440918,0.3433577670065136,0.11928576327644662,0.5730212794491392,0.7219495491200391,0.11163753644587253,0.38409333250721106,-0.22966351244262556,-0.45373551617269253,0.00764822683057409
2016-07-01,14.770000457763672,0.286346093402647,0.07974096711986008,0.5721838458846108,0.7242425364109475,0.11208493233040513,0.3835516387042492,-0.2858377524819638,-0.49244287876475074,-0.032343965210545056
2016-07-05,15.579999923706056,0.3399938513697731,0.11717436411944833,0.5829176731325713,0.7132309665131216,0.10880998210854026,0.3747848826058029,-0.24292382176279814,-0.46574330901312294,0.00836438201090807
2016-07-06,14.960000038146973,0.2952548715762335,0.0870659067407722,0.5796082378006304,0.7177863706075731,0.10439007511621054,0.3730878466021567,-0.28435336622439694,-0.49254233105985823,-0.017324168375438334
2016-07-07,14.760000228881836,0.2691844135818023,0.06897258802269528,0.5601161994389053,0.7106218726230762,0.09500485369310895,0.3621059417740342,-0.29093178585710305,-0.49114361141621005,-0.026032265670413668
2016-07-08,13.199999809265137,0.146799366277951,-0.013950353626451993,0.5583616769185198,0.7416465639586967,0.10234671457202908,0.3724885714506499,-0.4115623106405688,-0.5723120305449718,-0.11629706819848107
2016-07-11,13.539999961853027,0.16509455712883736,-0.0010192667213375615,0.5595754491200965,0.7405771978311181,0.10035395011401126,0.3727089179960775,-0.39448089199125913,-0.560594715841434,-0.10137321683534882
2016-07-12,13.550000190734863,0.17491107522141086,0.005004390611065477,0.56804043499986,0.7273514262710447,0.09792298948833612,0.36851236221818334,-0.39312935977844915,-0.5630360443887945,-0.09291859887727065
2016-07-13,13.039999961853027,0.16068240878857606,-0.006623634285636196,0.5831320991333252,0.7293959802090412,0.09544505913531116,0.3620582778584586,-0.4224496903447491,-0.5897557334189614,-0.10206869342094736
2016-07-14,12.81999969482422,0.14057491593238935,-0.018985459312602402,0.571909499342964,0.7202300173307007,0.09575651597760726,0.3603742509943695,-0.4313345834105746,-0.5908949586555664,-0.11474197529020966
2016-07-15,12.670000076293944,0.1323799196613299,-0.024510579360039454,0.5715605747403176,0.7180347233796978,0.09732427674197236,0.3613791934155638,-0.43918065507898774,-0.596071154100357,-0.12183485610201181
2016-07-18,12.4399995803833,0.11498698119779699,-0.034930553486125886,0.5570697071900846,0.708919751615386,0.09481606066602703,0.3603599202265302,-0.44208272599228765,-0.5920002606762105,-0.1297466141521529
2016-07-19,11.970000267028809,0.10977810818936216,-0.04158737151073702,0.6027609004663956,0.6907060440766332,0.09566058833749519,0.3647460483413572,-0.49298279227703345,-0.6443482719771326,-0.1372479598482322
2016-07-20,11.770000457763672,0.08061657702888796,-0.05768992920856461,0.5457662364972776,0.6653746937549888,0.09047006797572862,0.3620702863823916,-0.46514965946838965,-0.6034561657058423,-0.14815999718429324
2016-07-21,12.739999771118164,0.12909168899926643,-0.026572214362940796,0.5499088398982511,0.6743762321026054,0.08852582090963584,0.3647640825377705,-0.4208171508989847,-0.5764810542611919,-0.11509803527257664
2016-07-22,12.020000457763672,0.08104693333881471,-0.058586105736502345,0.5306776734893385,0.667148172925458,0.11146721586233029,0.3911931990792711,-0.44963074015052373,-0.5892637792258408,-0.17005332159883263
2016-07-25,12.869999885559082,0.1309275510058482,-0.025907857984231397,0.507383848566498,0.6458251247398205,0.10990303033172322,0.3892661640713909,-0.3764562975606498,-0.5332917065507294,-0.13581088831595461
2016-07-26,13.050000190734863,0.3205113772836939,0.07495014064143934,0.3846850283356001,0.45137670052399226,0.1114315660151991,0.39241244675888326,-0.0641736510519062,-0.30973488769416074,-0.03648142537375976
2016-07-27,12.829999923706056,0.22675052869272888,0.019398806832609066,0.19246860184997555,0.3310843009868636,0.11409524223949524,0.390254939913771,0.03428192684275333,-0.1730697950173665,-0.09469643540688617
2016-07-28,12.720000267028809,0.2520489294536366,0.027763171265433446,0.11026086863666018,0.24640109259622467,0.12231277334514777,0.4197288927178562,0.14178806081697642,-0.08249769737122674,-0.09454960207971433
2016-07-29,11.869999885559082,0.1809999334586133,-0.017267956791313512,0.005351438297949172,0.17786157351938808,0.13342634383634644,0.43842332469517675,0.1756484951606641,-0.022619395089262685,-0.15069430062765996
2016-08-01,12.4399995803833,0.21881980756204442,0.007976421111398926,-0.05835905119076321,0.1569904831211921,0.13009142132347187,0.4258287099377132,0.2771788587528076,0.06633547230216214,-0.12211500021207294
2016-08-02,13.369999885559082,0.2831931236251351,0.050632628348160014,-0.048372333668103805,0.17052100408787688,0.1294194619707516,0.4232491551399844,0.3315654572932389,0.09900496201626383,-0.07878683362259159
2016-08-03,12.859999656677246,0.2528628727856331,0.028452631434973587,-0.06170167973460476,0.16184520168959174,0.1295947017345744,0.42087357107672796,0.31456455252023785,0.09015431116957835,-0.10114207029960082
2016-08-04,12.420000076293944,0.21716668438452197,0.003000058027137809,-0.07801008515817953,0.14454607085246726,0.1283544613288811,0.42085973049369374,0.2951767695427015,0.08101014318531734,-0.12535440330174327
2016-08-05,11.390000343322754,0.1429687385872761,-0.0417181636781313,-0.05274849456566961,0.1596106701394285,0.13214007760842258,0.42415809487131234,0.1957172331529457,0.011030330887538312,-0.1738582412865539
2016-08-08,11.5,0.200478913671451,-0.010138442677289814,-0.11132995305681688,0.10949009586978364,0.1318629217200271,0.42467788823561536,0.31180886672826785,0.10119151037952706,-0.1420013643973169
2016-08-09,11.65999984741211,0.23371829747054249,0.009179730569210176,-0.10945399367987949,0.10277165956178409,0.1257659637368903,0.4162619478042547,0.34317229115042197,0.11863372424908966,-0.11658623316768013
2016-08-10,12.050000190734863,0.27575782926302433,0.034909783654135336,-0.12612594664840912,0.12058002520715519,0.1197160798370395,0.4209471874415234,0.4018837759114334,0.16103573030254445,-0.08480629618290417
2016-08-11,11.68000030517578,0.23595911699765404,0.008638145442678654,-0.12223763835637025,0.1313484136446816,0.1237499800628366,0.4261920622706095,0.3581967553540243,0.1308757837990489,-0.11511183462015795
2016-08-12,11.550000190734863,0.15997080475243594,-0.04049281773598044,-0.1627974857958493,0.1232727066600357,0.22332577948242702,0.4600089814782666,0.32276829054828526,0.12230466805986887,-0.26381859721840745
2016-08-15,11.8100004196167,0.17845473352791547,-0.028081129824471956,-0.1597323005533522,0.12294923296316371,0.23092019291204585,0.458972502731487,0.33818703408126766,0.13165117072888025,-0.2590013227365178
2016-08-16,12.640000343322754,0.25967955292119804,0.019830945265004847,-0.15400495397507866,0.1431559597543734,0.22942650320201227,0.4571215542676096,0.41368450689627667,0.1738358992400835,-0.20959555793700743
2016-08-17,12.1899995803833,0.21668605523668577,-0.009432778718076637,-0.15773484513321603,0.14607612962180386,0.23269352452499983,0.4542485519279826,0.37442090036990183,0.1483020664151394,-0.24212630324307646
2016-08-18,11.43000030517578,0.22083988388116432,-0.030461208942756442,-0.1716974462232569,0.15553566138723826,0.23146829029481342,0.4536680251564452,0.3925373301044212,0.14123623728050044,-0.26192949923756986
2016-08-19,11.34000015258789,0.22421200188666476,-0.028655243942292647,-0.17291654130111325,0.142321980341502,0.2310378149206869,0.4531693999942006,0.397128543187778,0.1442612973588206,-0.25969305886297955
2016-08-22,12.270000457763672,0.34773905154386137,0.047546774442389715,-0.17500433290903333,0.1345530055069879,0.23310076031012733,0.45364152715963524,0.5227433844528947,0.22255110735142306,-0.1855539858677376
2016-08-23,12.380000114440918,0.3805247301133693,0.06663061110721932,-0.1725341368047955,0.12592575408835502,0.2311503687675294,0.44067129955023215,0.5530588669181649,0.23916474791201484,-0.16451975766031007
2016-08-24,13.449999809265137,0.49635182467490035,0.14530026635909118,-0.15760917310477413,0.14301187515409217,0.2298034727091366,0.44006517143408114,0.6539609977796745,0.3029094394638653,-0.0845032063500454
2016-08-25,13.630000114440918,0.7988185245686853,0.31458906993902425,-0.11478700643936407,0.18272401609574476,0.23149886441787204,0.4411982256987906,0.9136055310080493,0.4293760763783883,0.0830902055211522
2016-08-26,13.649999618530272,0.8475770087451586,0.3375980102909737,-0.11428289190604356,0.17433919926433142,0.23014424492018162,0.4395090731944084,0.9618599006512022,0.45188090219701726,0.10745376537079207
2016-08-29,12.9399995803833,0.9200641918945416,0.3508290180182252,-0.0820665771893076,0.21581921521547123,0.237840460959227,0.44814069439808696,1.0021307690838492,0.4328955952075328,0.11298855705899818
2016-08-30,13.119999885559082,1.0689877988497658,0.42684756268841795,-0.07532361621171732,0.25936408331930794,0.23842811733696911,0.45070466483157534,1.144311415061483,0.5021711789001353,0.18841944535144883
2016-08-31,13.420000076293944,1.2097173325828585,0.5099304287344498,-0.09945330597451707,0.26002250346695516,0.24007821002107066,0.4550718868944206,1.3091706385573756,0.6093837347089669,0.26985221871337917
2016-09-01,13.479999542236328,1.1971277679103973,0.48881079770609837,-0.14215658249443855,0.27226833724713634,0.23559685801042035,0.45390216870640554,1.339284350404836,0.6309673802005369,0.253213939695678
2016-09-02,11.979999542236328,0.9078979799683269,0.29086231300013177,-0.11487636916073748,0.28278421544113075,0.23458393469967176,0.4552667614003747,1.0227743491290644,0.4057386821608693,0.05627837830046001
2016-09-06,12.020000457763672,0.9531335724200717,0.3173156596630136,-0.1666976512762534,0.16447224949838832,0.2298361429302433,0.45207319652220673,1.119831223696325,0.484013310939267,0.08747951673277032
2016-09-07,11.9399995803833,0.9229902524742448,0.29763694299115956,-0.1720384473729319,0.16613786614720547,0.22873688341750678,0.4568300828130475,1.0950286998471768,0.46967539036409145,0.06890005957365278
2016-09-08,12.510000228881836,0.8873945515529363,0.3055975441370501,-0.17057411042075737,0.16000135874368304,0.22869183853281935,0.4545725590930724,1.0579686619736937,0.47617165455780747,0.07690570560423074
2016-09-09,17.5,1.1967055150097312,0.6027142296112109,0.13690276821162317,0.4599770243931833,0.2563075099037607,0.48249464480729665,1.0598027467981082,0.46581146139958773,0.3464067197074502
2016-09-12,15.15999984741211,0.7105013305799057,0.2838326413144578,0.20050106021077807,0.5162230328605492,0.26927857131646354,0.4949195791439234,0.5100002703691277,0.08333158110367972,0.014554069997994246
2016-09-13,17.850000381469727,1.1634420077514662,0.6154695046040191,0.36589322459724216,0.5313015655029616,0.28231512775820833,0.49760504882463785,0.7975487831542241,0.2495762800067769,0.33315437684581073
2016-09-14,18.13999938964844,1.108552935595503,0.5850053746781674,0.31739105216563324,0.5282325689181265,0.2725862045262803,0.4929195361237953,0.7911618834298698,0.26761432251253414,0.3124191701518871
2016-09-15,16.299999237060547,0.6758330474877123,0.2941301043732799,0.2541647623866153,0.558559542231618,0.26146795426714947,0.5036537701850066,0.42166828510109705,0.039965341986664626,0.03266215010613044
2016-09-16,15.369999885559082,0.5860354463960009,0.23307502117185494,0.2704088212746325,0.5265764755920334,0.2743500742717842,0.48706035149652765,0.3156266251213684,-0.037333800102777565,-0.041275053099929265
2016-09-19,15.529999732971191,0.5981215003973389,0.2423873485245269,0.2652955484868045,0.5251216905939154,0.2703703138280059,0.4870617311512468,0.33282595191053443,-0.02290819996227758,-0.027982965303479018
2016-09-20,15.920000076293944,0.6371763916839817,0.26990626276709573,0.26192247250616435,0.5186796961561909,0.2728487011138406,0.487765528238932,0.3752539191778173,0.007983790260931378,-0.0029424383467448467
2016-09-21,13.300000190734863,0.32963969559891193,0.06430463072964418,0.2779861453739043,0.5377119078210666,0.2768174601976879,0.491422364699294,0.051653550225007616,-0.21368151464426013,-0.2125128294680437
2016-09-22,12.020000457763672,0.21334034464905524,-0.009195295838324685,0.2794857382934014,0.5363362595944936,0.26961121525956305,0.48406957310473653,-0.06614539364434616,-0.2886810341317261,-0.27880651109788773
2016-09-23,12.289999961853027,0.2332087623246959,0.005274070336364289,0.2796769527214966,0.5426708701119924,0.18951992838454051,0.39239306866389534,-0.046468190396800724,-0.27440288238513233,-0.18424585804817623
2016-09-26,14.5,0.4004923476024696,0.12218858348285161,0.28968740557608585,0.553164934926638,0.16273118842740936,0.3842333399362908,0.11080494202638375,-0.16749882209323425,-0.04054260494455775
2016-09-27,13.100000381469728,0.24159120654867916,0.018940319209465508,0.2591586874431457,0.5684453963834104,0.12488178911515926,0.36158805192550336,-0.017567480894466525,-0.24021836823368017,-0.10594146990569375
2016-09-28,12.390000343322754,0.185392769460495,-0.016322674767477608,0.252550742832238,0.5437977696571269,0.09414240932254014,0.3395889014697879,-0.06715797337174301,-0.2688734175997156,-0.11046508409001775
2016-09-29,14.020000457763672,0.29154146216355176,0.05728606542444669,0.267284156367005,0.5626819616124759,0.08015299668477337,0.3460957624680444,0.02425730579654678,-0.20999809094255828,-0.022866931260326677
2016-09-30,13.289999961853027,0.2299393854990788,0.016395394772848588,0.27392929616791845,0.567611114061941,0.08593574456553614,0.35245292250651616,-0.043989910668839644,-0.2575339013950699,-0.06954034979268756
2016-10-03,13.56999969482422,0.26874204990958517,0.04308466559396383,0.29540727821715906,0.5729504397024113,0.08251536510537633,0.3590612640005426,-0.026665228307573896,-0.2523226126231952,-0.039430699511412495
2016-10-04,13.630000114440918,0.2771912075355536,0.04872132284257341,0.3015009789168526,0.5702538251411499,0.08284940843614143,0.35546224417106986,-0.024309771381299028,-0.2527796560742792,-0.03412808559356802
2016-10-05,12.989999771118164,0.24356755824660598,0.022696047110596567,0.3202415571240525,0.5832701516166967,0.08990311561807653,0.3557239788761328,-0.07667399887744653,-0.2975455100134559,-0.06720706850747996
2016-10-06,12.84000015258789,0.2344023637727874,0.0161858091431383,0.322543468784497,0.5875179518111121,0.073292854928461,0.3404426244083845,-0.08814110501170963,-0.30635765964135875,-0.05710704578532269
2016-10-07,13.479999542236328,0.30046150798235,0.05872772251855074,0.344603861079895,0.5942573210819496,0.07846455670658437,0.3394427945353982,-0.044142353097544995,-0.28587613856134425,-0.019736834188033625
2016-10-10,13.380000114440918,0.43209962409534963,0.13348037279837538,0.2517268765732736,0.5096531690015234,0.07379004670352568,0.3471862890248031,0.18037274752207605,-0.1182465037748982,0.0596903260948497
2016-10-11,15.359999656677246,0.689515784583861,0.3052684662487552,0.26086765598027783,0.5033506293985764,0.0944425092630925,0.3640300228053411,0.42864812860358315,0.044400810268477364,0.2108259569856627
2016-10-12,15.90999984741211,0.8440568847061269,0.40186779488912194,0.19772299416063294,0.48938866854109825,0.09355042662185276,0.3641576920657289,0.6463338905454941,0.204144800728489,0.3083173682672692
2016-10-13,16.690000534057617,1.0171478638778428,0.5181174441256564,0.22969654130687514,0.5283586113094761,0.0928267174954307,0.37244766859093753,0.7874513225709677,0.2884209028187813,0.4252907266302257
2016-10-14,16.1200008392334,1.2427850335880795,0.6479557858081486,0.2936489139948881,0.49201301852114204,0.09575400110444886,0.3766881971176392,0.9491361195931913,0.3543068718132605,0.5522017847036997
2016-10-17,16.209999084472656,1.278031015137977,0.6693655101945792,0.2962618936072407,0.5265417571632826,0.09911859611992165,0.38185646605516155,0.9817691215307363,0.37310361658733854,0.5702469140746576
2016-10-18,15.279999732971191,1.0459119479468826,0.518203319224929,0.2995927512899387,0.5058307529699849,0.11497736362165216,0.3939411894044696,0.7463191966569439,0.21861056793499034,0.40322595560327684
2016-10-19,14.40999984741211,0.9097005367593097,0.4250182638278257,0.3059069341562005,0.5009068232018248,0.11691169908486075,0.3902364237913682,0.6037936026031092,0.11911132967162519,0.30810656474296494
2016-10-20,13.75,0.8906071764828871,0.4028081797196226,0.2635533343734969,0.48007021098553077,0.11909392353513362,0.3897952701163158,0.6270538421093903,0.13925484534612576,0.283714256184489
2016-10-21,13.34000015258789,0.7250432861960902,0.3057099859414888,0.1950761012690594,0.4217131629875359,0.11017654549518624,0.3699409036761858,0.5299671849270308,0.1106338846724294,0.19553344044630255
2016-10-24,13.020000457763672,0.5178588336987674,0.17599540921538212,0.10086091597719503,0.43116136947558487,0.09119785196464794,0.37443862372885917,0.41699791772157235,0.07513449323818709,0.08479755725073418
2016-10-25,13.460000038146973,0.5802605535309759,0.21381180759810717,0.07297918838440132,0.4120612819014333,0.12129710864916586,0.3879441059271858,0.5072813651465746,0.14083261921370585,0.0925146989489413
2016-10-26,14.239999771118164,0.7269120471620947,0.3140894720976747,0.08106769464732498,0.3825419540827429,0.11938705712411794,0.39001505964795974,0.6458443525147697,0.2330217774503497,0.19470241497355673
2016-10-27,15.359999656677246,0.870935316202525,0.4095350342723602,0.06074662739191946,0.4089423343591756,0.12640917545570712,0.40764131270937315,0.8101886888106055,0.34878840688044077,0.2831258588166531
2016-10-28,16.190000534057617,0.9019402653357237,0.4446311937981723,0.009080179253375857,0.3549799246340669,0.12120484613594117,0.40480184137516545,0.8928600860823478,0.43555101454479644,0.3234263476622311
2016-10-31,17.059999465942383,1.0303439734320223,0.5354957566266295,-0.016894491374880704,0.32246787339041577,0.11545704540197801,0.4000750682283102,1.047238464806903,0.5523902480015103,0.42003871122465153
2016-11-01,18.559999465942383,1.128972383384477,0.6151935580077792,-0.01844092363273459,0.33580694891108015,0.11315851589080259,0.4081995788985633,1.1474133070172114,0.6336344816405138,0.5020350421169766
2016-11-02,19.31999969482422,1.1541395578148923,0.6432164181735754,-0.022032497010219313,0.3484256227894742,0.11598407637938661,0.41071612657237105,1.1761720548251116,0.6652489151837948,0.5272323417941889
2016-11-03,22.079999923706055,1.4423257011585322,0.8668543933316615,-0.02830655046316528,0.3267517730358891,0.10826580672279472,0.38950811894757675,1.4706322516216974,0.8951609437948268,0.7585885866088667
2016-11-04,22.510000228881836,1.49290278132203,0.9061953398946953,-0.027335434346039075,0.3288766390402441,0.10745302180364973,0.3907402290305093,1.520238215668069,0.9335307742407343,0.7987423180910456
2016-11-07,18.709999084472656,0.6656357253933197,0.3331824275385619,0.06090780284189531,0.48241878820395945,0.13272599225586648,0.44929295087298987,0.6047279225514244,0.27227462469666663,0.20045643528269544
2016-11-08,18.739999771118164,0.6920140614186074,0.34901362066013586,0.06459181710541587,0.476882522611452,0.13376928699449342,0.44987929830138906,0.6274222443131916,0.28442180355472,0.21524433366564244
2016-11-09,14.380000114440918,0.30678298161311973,0.08228158839363015,0.04530292903220846,0.39745547810660814,0.14153550081257882,0.4160197181582473,0.2614800525809113,0.03697865936142169,-0.05925391241894867
2016-11-10,14.739999771118164,0.23602504219316792,0.04847688889519635,0.005382033572577647,0.3087285105853717,0.13303113401289365,0.3656396226416724,0.23064300862059026,0.043094855322618704,-0.0845542451176973
2016-11-11,14.170000076293944,-0.2798792404065505,-0.37091978162184325,-0.3821515894308915,0.2330483674368922,-0.15593262637289737,0.31344885585121207,0.10227234902434101,0.011231807809048255,-0.21498715524894588
2016-11-14,14.479999542236328,-0.2657507013447889,-0.35139627526871536,-0.36727872922443716,0.2165966336724822,-0.16201050846412826,0.2917845818023415,0.10152802787964826,0.015882453955721798,-0.1893857668045871
2016-11-15,13.369999885559082,-0.2870861991745944,-0.35909489237512343,-0.3504415033181562,0.221287090382171,-0.15714003433706702,0.2959782658867274,0.06335530414356183,-0.00865338905696722,-0.2019548580380564
2016-11-16,13.720000267028809,-0.28929022746246486,-0.36185715244504824,-0.3625728976239114,0.19670306842724913,-0.16568109298361366,0.288200675557917,0.07328267016144657,0.0007157451788631919,-0.19617605946143457
2016-11-17,13.350000381469728,-0.29623131907557226,-0.3653673391018701,-0.3583885692117438,0.19551443340981345,-0.16371634279161124,0.28734736311016934,0.062157250136171516,-0.006978769890126302,-0.20165099631025885
2016-11-18,12.850000381469728,-0.3057907143382414,-0.37110803076398763,-0.3565666149067001,0.1966441578142183,-0.16341061637975712,0.2876709373515945,0.05077590056845871,-0.01454141585728752,-0.2076974143842305
2016-11-21,12.420000076293944,-0.31804329129048464,-0.38113882710687425,-0.35440427775934275,0.2248987202924102,-0.15829025292331905,0.29260137920399165,0.0363609864688581,-0.0267345493475315,-0.2228485741835552
2016-11-22,12.40999984741211,-0.3175665373923423,-0.38296650788873127,-0.35659470335496307,0.2237576946521777,-0.15934019051793924,0.29175911166143564,0.039028165962620764,-0.026371804533768195,-0.22362631737079203
2016-11-23,12.43000030517578,-0.31521789082717033,-0.3805527001449924,-0.3557266128740037,0.22270373893529122,-0.15917906781304106,0.2916684455988771,0.04050872204683337,-0.024826087270988673,-0.22137363233195131
2016-11-25,12.34000015258789,-0.32218740086239894,-0.3883779428337909,-0.36056990880624606,0.21905371218427466,-0.15847508309479189,0.2928231374258301,0.03838250794384712,-0.027808034027544837,-0.22990285973899902
2016-11-28,13.149999618530272,-0.30218882100961403,-0.3749033845658799,-0.3578751268739492,0.2153319564604211,-0.15859512464862682,0.2919983216064094,0.05568630586433515,-0.017028257691930726,-0.21630825991725308
2016-11-29,12.899999618530272,-0.31645716589029765,-0.389886118872757,-0.36865640970854585,0.21177097006986587,-0.15841407975075256,0.28996706881090695,0.0521992438182482,-0.02122970916421113,-0.23147203912200442
2016-11-30,13.329999923706056,-0.3023305624334885,-0.37799936631261394,-0.3635081513145762,0.21126845048909862,-0.15798020912611288,0.2849356805407092,0.06117758888108771,-0.014491214998037738,-0.22001915718650106
2016-12-01,14.06999969482422,-0.28605052990823937,-0.36590027253338736,-0.3685037973927184,0.19371372170506432,-0.15998937513280206,0.27712809774041897,0.08245326748447901,0.002603524859331019,-0.2059108974005853
2016-12-02,14.119999885559082,-0.28978110779132904,-0.3720213348992562,-0.3796257786484164,0.18079742290697093,-0.16128893173151387,0.27667139620787734,0.08984467085708736,0.007604443749160195,-0.21073240316774233
2016-12-05,12.140000343322754,-0.3443752411778338,-0.41040574239842653,-0.3840146842630127,0.1683322376144049,-0.1623816780463672,0.27839341826984587,0.039639443085178916,-0.026391058135413814,-0.24802406435205934
2016-12-06,11.789999961853027,-0.3544462577154688,-0.4180775727016789,-0.3854817939057817,0.15798464173248036,-0.16186922660653993,0.2787800753927176,0.031035536190312907,-0.0325957787958972,-0.256208346095139
2016-12-07,12.220000267028809,-0.35154240829682937,-0.42338974800254325,-0.43200098530872905,0.07154074843760765,-0.1513998987971266,0.28609249976350204,0.08045857701189968,0.008611237306185793,-0.2719898492054167
2016-12-08,12.640000343322754,-0.3428841820976613,-0.4183503311924551,-0.43558373435213243,0.06908844185506915,-0.1850916866481233,0.2511326704529098,0.09269955225447113,0.017233403159677307,-0.23325864454433182
2016-12-09,11.75,-0.36676967372206826,-0.4349071004320139,-0.4468745255866033,0.07333077064317076,-0.19618247937866662,0.2429467234022865,0.08010485186453503,0.011967425154589373,-0.2387246210533473
2016-12-12,12.640000343322754,-0.3838698855867697,-0.4712096696659376,-0.5022499516893447,0.11060139835347553,-0.21195314861023318,0.23617424533992315,0.11838006610257501,0.03104028202340714,-0.2592565210557044
2016-12-13,12.720000267028809,0.08816811656859755,-0.06755019062873359,-0.1155973415312253,0.15682386002039,-0.2096929114434994,0.24692330231950174,0.20376545809982285,0.04804715090249172,0.1421427208147658
2016-12-14,13.1899995803833,0.13402348337492923,-0.04921651812403914,-0.10282413978101512,0.17875062301197953,-0.21820084893907252,0.24011057154361692,0.23684762315594435,0.05360762165697598,0.1689843308150334
2016-12-15,12.789999961853027,0.143623800379637,-0.053219282208624194,-0.10897039301400556,0.1663031030496527,-0.21964980582048635,0.2423268321606599,0.2525941933936426,0.055751110805381365,0.16643052361186217
2016-12-16,12.199999809265137,0.1908614929740687,-0.024097173426909493,-0.05985082690002071,0.19202896553165394,-0.2196672491338855,0.24050918961235715,0.25071231987408943,0.03575365347311121,0.195570075706976
2016-12-19,11.710000038146973,0.15272008036013993,-0.04885249936711257,-0.06926607262857704,0.18696467606351316,-0.21873328514563478,0.23803487368115256,0.22198615298871696,0.020413573261464465,0.16988078577852223
2016-12-20,11.449999809265137,0.1164531783086237,-0.07501237112330465,-0.08018927039684856,0.17941798344394813,-0.22792053241137078,0.23370121655393813,0.19664244870547226,0.0051768992735439084,0.1529081612880661
2016-12-21,11.270000457763672,0.12514555432311197,-0.08156448471866956,-0.09767777938723687,0.16928359536778048,-0.23103772744439519,0.23384349603483415,0.22282333371034885,0.016113294668567313,0.14947324272572562
2016-12-22,11.43000030517578,0.13320982520066454,-0.07563560340059418,-0.09938458895425352,0.17013929755089888,-0.23401670281112497,0.23069326583632557,0.23259441415491805,0.02374898555365934,0.1583810994105308
2016-12-23,11.4399995803833,0.12525711100489378,-0.08351015958112033,-0.10698617471549547,0.16652341223174838,-0.24058640538659906,0.2243080172942398,0.23224328572038927,0.02347601513437514,0.15707624580547874
2016-12-27,11.989999771118164,0.0785820824749437,-0.12174063615893134,-0.16942758120344256,0.16106017380404786,-0.25173047643021024,0.21943523575239388,0.24800966367838628,0.04768694504451122,0.1299898402712789
2016-12-28,12.949999809265137,0.06252911928322309,-0.14398648224524424,-0.21511129018871744,0.18945026603403495,-0.2618190783402316,0.23001132257138027,0.2776404094719405,0.0711248079434732,0.11783259609498736
2016-12-29,13.369999885559082,0.08824617657577787,-0.12911443772460515,-0.22155601197021998,0.19522763253931974,-0.26980735505934045,0.22211447057789255,0.30980218854599784,0.09244157424561483,0.1406929173347353
2016-12-30,14.039999961853027,0.11259335166846987,-0.11928848630814641,-0.24171334533238978,0.2404083921712597,-0.2753278506209826,0.22424561506659543,0.35430669700085965,0.12242485902424337,0.15603936431283616
2017-01-03,12.850000381469728,0.040095957011279125,-0.17502421373321256,-0.22895415858661694,0.2860956400523056,-0.2750066996661874,0.22296547828040666,0.26905011559789604,0.05392994485340438,0.09998248593297485
2017-01-04,11.850000381469728,-0.03540298186078743,-0.2244203664468233,-0.22130406333904337,0.2749194906941089,-0.275414896113072,0.22131978095184845,0.18590108147825596,-0.0031163031077799386,0.050994529666248706
2017-01-05,11.670000076293944,-0.03300479075564583,-0.2274971777960798,-0.22847980124207237,0.26696913969656755,-0.27681047808871556,0.21483371380729122,0.19547501048642654,0.0009826234459925642,0.04931330029263575
2017-01-06,11.31999969482422,-0.05698959667716782,-0.23405474833564988,-0.21979025637602032,0.274326457967074,-0.27408352111312456,0.2156276938503199,0.1628006596988525,-0.01426449195962956,0.040028772777474686
2017-01-09,11.5600004196167,-0.05705724287942609,-0.251440242871252,-0.3020825642139886,0.23055697943930487,-0.27670622052755056,0.21262601029286082,0.2450253213345625,0.05064232134273661,0.025265977656298566
2017-01-10,11.489999771118164,-0.057638226427784434,-0.2547417232533002,-0.30555793127393727,0.2444550279636224,-0.28070804129253624,0.20911794440822232,0.24791970484615283,0.05081620802063708,0.025966318039236047
2017-01-11,11.260000228881836,-0.06850419338416908,-0.2741094578181914,-0.3287293193582963,0.24538960504446392,-0.29131038740712334,0.20215011768382535,0.2602251259741272,0.0546198615401049,0.017200929588931935
2017-01-12,11.539999961853027,-0.043161746419564904,-0.2571632629913498,-0.3234374757732841,0.26731782597168663,-0.29109167251688056,0.20232248037584158,0.2802757293537192,0.0662742127819343,0.03392840952553078
2017-01-13,11.229999542236328,-0.05832327470569116,-0.2862269209889801,-0.36002935413433107,0.2178192041388214,-0.29135916245992105,0.19577299263648454,0.3017060794286399,0.07380243314535095,0.005132241470940935
2017-01-17,11.869999885559082,0.045117246356501384,-0.2018204735672209,-0.3341955488645913,0.20697027759457529,-0.289815712745293,0.19738550553135592,0.3793127952210927,0.1323750752973704,0.08799523917807209
2017-01-18,12.479999542236328,0.10478765414477356,-0.1635886270244133,-0.33817155255490183,0.20343737228585526,-0.2908801411371048,0.19610049258939743,0.44295920669967537,0.17458292553048854,0.12729151411269152
2017-01-19,12.779999732971191,0.12969572796319098,-0.14843712516887747,-0.33727913321344133,0.22254319396391778,-0.29538714849335906,0.19230549370405217,0.46697486117663234,0.18884200804456386,0.1469500233244816
2017-01-20,11.539999961853027,0.026925476849882935,-0.22878366888669205,-0.34898738740025637,0.25272236636066275,-0.29524448453209134,0.19196395177234157,0.3759128642501393,0.12020371851356432,0.0664608156453993
2017-01-23,11.770000457763672,0.06291085656863714,-0.1916599955146007,-0.3246357202394424,0.23237598550771685,-0.29302826054831255,0.18832452978947012,0.3875465768080796,0.13297572472484173,0.10136826503371185
2017-01-24,11.06999969482422,-0.006392082085590167,-0.23262688147840527,-0.30977116370469987,0.24691578912508266,-0.296270485149346,0.19979852026324424,0.3033790816191097,0.0771442822262946,0.06364360367094074
2017-01-25,10.8100004196167,-0.028492822248735644,-0.23149273240568305,-0.26215732908591605,0.2991144761392895,-0.2883346639489719,0.20432377492549678,0.2336645068371804,0.030664596680232997,0.05684193154328884
2017-01-26,10.630000114440918,-0.03594728197724947,-0.23361631231803764,-0.25642535252259213,0.30904654520663927,-0.28895552903480853,0.2049170125565777,0.22047807054534266,0.022809040204554487,0.05533921671677089
2017-01-27,10.579999923706056,0.03080918821445114,-0.17018521171748568,-0.19274960041943942,0.27294951543691925,-0.29030553313387986,0.19924558375281068,0.22355878863389056,0.022564388701953736,0.12012032141639417
2017-01-30,11.880000114440918,0.23063975001479056,-0.023224269876907185,-0.12968346339801065,0.2602175693466515,-0.28629359346281874,0.20237353268400113,0.3603232134128012,0.10645919352110347,0.26306932358591156
2017-01-31,11.989999771118164,0.2458412794214206,-0.011034654339124778,-0.12367833407456734,0.2793888648355176,-0.2915762465194373,0.2060344984222686,0.36951961349598794,0.11264367973544256,0.28054159218031255
2017-02-01,11.8100004196167,0.13731725513353515,-0.055459001164438235,-0.13842622866090035,0.2031198133966792,-0.2833854932358716,0.19106756673921993,0.2757434837944355,0.08296722749646211,0.22792649207143334
2017-02-02,11.93000030517578,0.19279415827363625,-0.019086349557853394,-0.13574628366057367,0.1988158401024262,-0.28566864088326327,0.1851102680401611,0.32854044193420995,0.11665993410272028,0.2665822913254099
2017-02-03,10.970000267028809,0.12184530377021185,-0.05849050553382962,-0.12456970539032987,0.17054289970415415,-0.284731730353104,0.1743201795726537,0.2464150091605417,0.06607919985650025,0.2262412248192744
2017-02-06,11.369999885559082,0.1582205627268614,-0.03921394706880281,-0.12448517689082421,0.18055678024296162,-0.29111238273792844,0.17346768020442518,0.28270573961768564,0.0852712298220214,0.2518984356691256
2017-02-07,11.289999961853027,0.1625056191981842,-0.04097937236888543,-0.1308951437253488,0.1631792951431509,-0.29200447700546617,0.16966826673414065,0.293400762923533,0.08991577135646336,0.25102510463658073
2017-02-08,11.449999809265137,0.2142302381335653,-0.006093426514477228,-0.11313352543286671,0.16720739363740098,-0.3290384783087078,0.1133946183567795,0.327363763566432,0.10704009891838949,0.32294505179423055
2017-02-09,10.880000114440918,0.15985749756657777,-0.04002855088823882,-0.1038887224321673,0.15714728225881178,-0.32905694360094023,0.11215000083524791,0.2637462199987451,0.06386017154392848,0.2890283927127014
2017-02-10,10.850000381469728,0.15036086763228207,-0.047764845631226224,-0.1070032836948934,0.14712565892776866,-0.3407987144713456,0.11797004845408704,0.2573641513271755,0.05923843806366717,0.29303386884011934
2017-02-13,11.06999969482422,0.12148914462435388,-0.0685795008342352,-0.1247268590700628,0.14467927127461186,-0.36071352624195085,0.14901834298512126,0.24621600369441668,0.0561473582358276,0.29213402540771566
2017-02-14,10.739999771118164,0.09668342218499387,-0.08409404900684148,-0.1221368529772978,0.1473136823329659,-0.16864717565714452,0.16284358184906192,0.2188202751622917,0.038042803970456326,0.08455312665030304
2017-02-15,11.970000267028809,0.19990450419595884,-0.02042879951636754,-0.11148259424097817,0.13852288640495572,-0.1595183439675159,0.17987378370606533,0.311387098436937,0.09105379472461063,0.13908954445114838
2017-02-16,11.760000228881836,0.1858813142846329,-0.029975985408389725,-0.11271144915741982,0.1484973754867043,-0.16601053312285186,0.17047274529847445,0.2985927634420527,0.0827354637490301,0.13603454771446213
2017-02-17,11.489999771118164,0.17581728206732372,-0.03528310397026923,-0.11018910055611582,0.12870881895069894,-0.15014813115619483,0.17870056449901467,0.2860063826234395,0.0749059965858466,0.11486502718592559
2017-02-21,11.56999969482422,0.1545046764564528,-0.05006376234614931,-0.11756831614399899,0.1399474667145122,-0.154658265873103,0.18175859725018073,0.2720729926004518,0.06750455379784967,0.10459450352695368
2017-02-22,11.739999771118164,0.17931128168324117,-0.03769535024754167,-0.11836395233505541,0.1498221586094655,-0.15462241988892422,0.17860117130573785,0.2976752340182966,0.08066860208751374,0.11692706964138255
2017-02-23,11.710000038146973,0.01514003273959664,-0.16122658868699227,-0.238466123963366,0.1285618630072004,-0.20430744844128948,0.16272096282916632,0.25360615670296266,0.07723953527637373,0.04308085975429721
2017-02-24,11.470000267028809,0.004792051619246009,-0.17596586653468957,-0.2715515406996456,0.08805271609906862,-0.20468148955411944,0.16370853387428966,0.2763435923188916,0.09558567416495603,0.02871562301942987
2017-02-27,12.09000015258789,0.03710621938026625,-0.15672344007726802,-0.2774592578643344,0.0817398468234485,-0.208070196746317,0.16403345395022653,0.31456547724460066,0.12073581778706638,0.051346756669048976
2017-02-28,12.920000076293944,0.09731619303532141,-0.12711877379747447,-0.2922792316107299,0.10010052321559526,-0.21192659143829537,0.1654071054048131,0.3895954246460513,0.16516045781325542,0.0848078176408209
2017-03-01,12.539999961853027,0.06515278644083314,-0.142236239726749,-0.23201987014269337,0.19671903840266405,-0.1887242454843649,0.20014149066529296,0.29717265658352654,0.08978363041594437,0.046488005757615886
2017-03-02,11.8100004196167,-0.006466686604432023,-0.18918968176798637,-0.23137714466068895,0.20361316495047532,-0.18984730420247822,0.21251951090697918,0.22491045805625692,0.04218746289270259,0.0006576224344918558
2017-03-03,10.960000038146973,0.01404111312432208,-0.21571264933469617,-0.22801047311482928,0.28462089196212137,-0.19222026353910138,0.2181940494077069,0.24205158623915135,0.01229782378013311,-0.02349238579559479
2017-03-06,11.239999771118164,0.04153806860128407,-0.20261627030631973,-0.22656163708649316,0.29287821817161513,-0.18534851100220792,0.23107844635957323,0.26809970568777725,0.02394536678017342,-0.017267759304111813
2017-03-07,11.449999809265137,0.07557531862180547,-0.20633400536221547,-0.26621181964119933,0.3474531147747414,-0.1844432773466634,0.23083793344249842,0.3417871382630048,0.059877814278983865,-0.021890728015552058
2017-03-08,11.859999656677246,0.13306403291601165,-0.16557333847639846,-0.25269443371458095,0.34374275744363264,-0.18473669231888334,0.23172841900584223,0.3857584666305926,0.08712109523818248,0.01916335384248488
2017-03-09,12.300000190734863,0.19286115305545082,-0.1310369432623407,-0.2510364812947378,0.35269490114044116,-0.18466229292318734,0.2320926125943014,0.44389763435018864,0.11999953803239713,0.053625349660846644
2017-03-10,11.65999984741211,0.12771085605643107,-0.17929066950805359,-0.25041400277994935,0.36861587857564526,-0.20663456125277377,0.2184521575409044,0.3781248588363804,0.07112333327189577,0.027343891744720183
2017-03-13,11.350000381469728,0.08943294390940512,-0.21119539112300464,-0.28147534783376477,0.37203470537034555,-0.2098765088465588,0.22028351040426838,0.37090829174316986,0.07027995671076012,-0.0013188822764458319
2017-03-14,12.300000190734863,0.21353475371165442,-0.13051522779979885,-0.2722216778274774,0.3870303290762779,-0.2136174002072398,0.21912849904993562,0.48575643153913184,0.14170645002767857,0.08310217240744094
2017-03-15,11.630000114440918,0.21244112160180723,-0.13163683277317528,-0.20362030658335598,0.39705596369660207,-0.202135894750812,0.22694434213938458,0.41606142818516323,0.07198347381018069,0.07049906197763672
2017-03-16,11.210000038146973,0.1689698615146327,-0.16918444204831284,-0.21845495966508507,0.4072316362910769,-0.20983786431390083,0.2122780038471941,0.38742482117971777,0.04927051761677223,0.04065342226558799
2017-03-17,11.279999732971191,0.16266566029899052,-0.17600925825374494,-0.24547657320069288,0.4119554824111141,-0.20620855116078274,0.21317027547066864,0.40814223349968337,0.06946731494694794,0.030199292907037795
2017-03-20,11.34000015258789,0.14084506126891994,-0.18763649338083385,-0.25865632784909537,0.39475513416984515,-0.21078489225967148,0.212891827048092,0.3995013891180153,0.07101983446826152,0.023148398878837628
2017-03-21,12.470000267028809,0.19578135642977582,-0.11930259509254375,-0.16962217180755004,0.477311023763379,-0.18896954714285655,0.24305707806946028,0.36540352823732586,0.050319576715006295,0.0696669520503128
2017-03-22,12.8100004196167,0.2514116904354245,-0.07801053540610603,-0.16838573322287578,0.46905543433847163,-0.19129190635790752,0.24965660537773107,0.4197974236583003,0.09037519781676975,0.11328137095180149
2017-03-23,13.119999885559082,0.2824301958928962,-0.058203116820931454,-0.17134219315708382,0.49111475017472894,-0.18764080392707466,0.24975279746868467,0.45377238904998,0.11313907633615236,0.1294376871061432
2017-03-24,12.960000038146973,0.646440787896745,0.20339651858661958,0.06951816428652138,0.5365053340948422,-0.18827313215816077,0.2498455954788906,0.5769226236102236,0.1338783543000982,0.39166965074478033
2017-03-27,12.5,0.5879316433866537,0.16263806259756752,0.07157899419012805,0.5392008628298675,-0.188385841039386,0.25178243139124845,0.5163526491965257,0.09105906840743948,0.3510239036369535
2017-03-28,11.529999732971191,0.4520479721806545,0.08637272681035593,0.11614473606849894,0.5411959599917687,-0.17805195768145976,0.25877562986398356,0.33590323611215556,-0.02977200925814301,0.26442468449181566
2017-03-29,11.420000076293944,0.4487518786931893,0.09488057553534752,0.12874640860414857,0.5027438689997401,-0.15578362122668382,0.25286959998927283,0.3200054700890407,-0.033865833068801046,0.25066419676203133
2017-03-30,11.539999961853027,0.5730950611782278,0.14119478737559377,0.02711209835139023,0.3897671816796289,-0.13899925663770132,0.24222478767406128,0.5459829628268376,0.11408268902420354,0.28019404401329506
2017-03-31,12.369999885559082,0.8494410354418608,0.3146841729913718,0.06153082961063105,0.35525088052985637,-0.13583760026462538,0.24260476320746271,0.7879102058312297,0.25315334338074075,0.4505217732559972
2017-04-03,12.380000114440918,0.8393607816363876,0.31051238223811584,0.06154629568824003,0.3514811186533883,-0.12759424059684993,0.2289623083680131,0.7778144859481476,0.24896608654987581,0.43810662283496576
2017-04-04,11.789999961853027,0.3978623728038307,0.02259904869601765,-0.1209539256131836,0.31193265553096056,-0.15481910292384116,0.22540463036232208,0.5188162984170143,0.14355297430920125,0.1774181516198588
2017-04-05,12.890000343322754,0.5440408188365422,0.12119232229875497,-0.11900689109245226,0.3146484615054913,-0.1564077794645237,0.22860126689530602,0.6630477099289944,0.24019921339120723,0.27760010176327865
2017-04-06,12.390000343322754,0.47699142913453085,0.0746484445240801,-0.1181738837675351,0.3138589977025732,-0.1533360362557622,0.23473840547405425,0.595165312902066,0.1928223282916152,0.2279844807798423
2017-04-07,12.869999885559082,0.5462161795533703,0.11930576519204547,-0.11928500439078336,0.3197693098429068,-0.15579792079049895,0.22986058505402623,0.6655011839441537,0.23859076958282882,0.2751036859825444
2017-04-10,14.050000190734863,0.6822691029517055,0.21144895124961263,-0.1432588406241424,0.3131442962807534,-0.1523490961644994,0.2333127276852552,0.8255279435758479,0.354707791873755,0.36379804741411204
2017-04-11,15.06999969482422,0.866052758172514,0.341971319190692,-0.1243264772071473,0.31218486386689176,-0.1519968279364958,0.2331942125881588,0.9903792353796613,0.4662977963978393,0.49396814712718784
2017-04-12,15.770000457763672,0.9773310404679804,0.41940494273605966,-0.12321503129678153,0.31209690132346407,-0.15021081314156715,0.2310337938467852,1.100546071764762,0.5426199740328412,0.5696157558776268
2017-04-13,15.960000038146973,0.9851529625227472,0.42662833218212004,-0.14972591734596688,0.3109992852043222,-0.1449239050119568,0.2442725106508859,1.1348788798687142,0.5763542495280869,0.5715522371940769
2017-04-17,14.65999984741211,0.6289290057169076,0.20052831516932235,-0.13174093969671433,0.39248350099045665,-0.1411278065746008,0.2634732216022634,0.7606699454136219,0.33226925486603665,0.3416561217439231
2017-04-18,14.420000076293944,0.6199964057841535,0.1940751492380972,-0.11853696317222247,0.39588436953097683,-0.139782251032714,0.2672156399114244,0.738533368956376,0.31261211241031966,0.33385740027081123
2017-04-19,14.93000030517578,0.7425111848843724,0.2785489801655252,-0.09395837064818024,0.39706768129768427,-0.13816385082359456,0.26854822701373077,0.8364695555325526,0.37250735081370545,0.41671283098911976
2017-04-20,14.149999618530272,0.7506821973951082,0.2651934020059382,-0.1372139735921564,0.3672954618792872,-0.12881789643981753,0.27858815909051216,0.8878961709872646,0.4024073755980946,0.3940112984457558
2017-04-21,14.630000114440918,0.8626137785392602,0.3399693885482609,-0.1229617322600811,0.34851090364325593,-0.12852333146951084,0.2771473345664738,0.9855755107993414,0.46293112080834203,0.46849272001777176
2017-04-24,10.84000015258789,0.25859896396213283,-0.03290335405673649,-0.05179097693314753,0.4117091346210857,-0.1108879785778397,0.3019320880315958,0.3103899408952804,0.018887622876411034,0.07798462452110322
2017-04-25,10.760000228881836,0.23199219146168476,-0.04677899818727365,-0.04147200688080048,0.4270106362077424,-0.11120755441465133,0.3043653797915243,0.27346419834248525,-0.00530699130647317,0.06442855622737767
2017-04-26,10.850000381469728,0.24058008792798954,-0.041207062525310624,-0.041999955903492196,0.43045394542439824,-0.12322683584281723,0.2950293051725401,0.2825800438314817,0.0007928933781815722,0.0820197733175066
2017-04-27,10.359999656677246,0.20727936452095005,-0.07337863099392668,-0.0725701722878117,0.4267919563871053,-0.12298372195855253,0.2906563929799615,0.27984953680876173,-0.0008084587061149839,0.049605090964625856
2017-04-28,10.81999969482422,0.21285573401277094,-0.057974071442157646,-0.08266258401237508,0.41022452163389383,-0.12169126675399625,0.28720621059772655,0.29551831802514605,0.02468851257021744,0.0637171953118386
2017-05-01,10.109999656677246,0.1133597506005587,-0.10413505508189376,-0.0908064841687261,0.42397084136103624,-0.12809153857671876,0.2874286246295199,0.2041662347692848,-0.013328570913167664,0.023956483494825
2017-05-02,10.59000015258789,0.13161055302734537,-0.0973270655528976,-0.11092355099371778,0.42558982318602756,-0.13332710413969937,0.2791869813448922,0.24253410402106315,0.013596485440820191,0.03600003858680177
2017-05-03,10.68000030517578,0.13684082483837862,-0.09318617237984024,-0.11208956367226168,0.4094675194433377,-0.1183924560298271,0.3153337033718814,0.2489303885106403,0.01890339129242144,0.025206283649986866
2017-05-04,10.460000038146973,0.28992030177346323,0.01244660751459687,0.0036289323999237023,0.4423051375520259,-0.1176455624610917,0.32009721006895286,0.28629136937353955,0.008817675114673167,0.13009216997568857
2017-05-05,10.56999969482422,0.2903550511157933,0.01568886826267679,0.003959334321935827,0.4231028467237852,-0.12431597246935835,0.33615691843398693,0.28639571679385745,0.011729533940740965,0.14000484073203515
2017-05-08,9.770000457763672,0.18047185668936416,-0.044760581149876535,-0.016023446123901355,0.405318918355368,-0.12172828021162421,0.33117980738357805,0.19649530281326552,-0.02873713502597518,0.07696769906174768
2017-05-09,9.960000038146973,0.19508666220162188,-0.03491812182116078,-0.016320850736494686,0.4032757831944381,-0.11975127900511118,0.33363366476153733,0.21140751293811658,-0.018597271084666096,0.0848331571839504
2017-05-10,10.210000038146973,-0.22888751470211446,-0.364376886246812,-0.3605674329486899,0.3539514026619607,-0.2757710634033659,0.32725581652452645,0.13167991824657546,-0.0038094532981221008,-0.08860582284344615
2017-05-11,10.600000381469728,-0.22676931390816596,-0.3657305300064047,-0.37327476825621664,0.3299770975080542,-0.2871156211691148,0.32386891302243226,0.14650545434805068,0.00754423824981193,-0.07861490883728989
2017-05-12,10.399999618530272,-0.23468465191167776,-0.36714953048446003,-0.37300188555355196,0.3112864752189889,-0.28517635546567016,0.3215659897420227,0.1383172336418742,0.00585235506909193,-0.08197317501878987
2017-05-15,10.420000076293944,-0.2583460840463814,-0.3908545980896894,-0.4006542532050431,0.2593051650769496,-0.2885179066214377,0.321349640535825,0.14230816915866173,0.00979965511535369,-0.1023366914682517
2017-05-16,10.649999618530272,-0.23828114908299308,-0.3792505039179644,-0.4186361802865795,0.20764684347899365,-0.2896678786052391,0.31313384573778785,0.18035503120358642,0.03938567636861512,-0.08958262531272526
2017-05-17,15.59000015258789,-0.011929426597200378,-0.19699211950084394,-0.31684194377274744,0.36672148260740073,-0.2516818273186882,0.37037529071600817,0.30491251717554707,0.1198498242719035,0.05468970781784427
2017-05-18,14.65999984741211,-0.0790737940047513,-0.24163809512395015,-0.32009283914466374,0.3721733023323823,-0.2531948909638006,0.37455611242254655,0.24101904513991246,0.07845474402071359,0.011556795839850448
2017-05-19,12.039999961853027,-0.20499686842190784,-0.3293595854264479,-0.3307193226868587,0.35892235932313826,-0.25135503896371747,0.38133995993936276,0.12572245426495088,0.0013597372604108315,-0.07800454646273042
2017-05-22,10.93000030517578,-0.25216910473817156,-0.35941411631406966,-0.32870479488947874,0.36962525208780445,-0.248444074846919,0.3841683464080911,0.07653569015130718,-0.03070932142459093,-0.11097004146715067
2017-05-23,10.720000267028809,-0.2729670407401018,-0.384638763802327,-0.3721231257781908,0.3429391083792646,-0.24938098633553746,0.38862912740861705,0.09915608503808898,-0.012515638024136189,-0.13525777746678952
2017-05-24,10.020000457763672,-0.3001216525016145,-0.4024556423505133,-0.3790841567012218,0.3262315325801408,-0.20761604231585526,0.39521091959509985,0.07896250419960732,-0.02337148564929148,-0.19483960003465803
2017-05-25,9.989999771118164,-0.2943814369206351,-0.3933112140286018,-0.3650360197244275,0.32186300749731706,-0.20301415993856783,0.3937011742192932,0.07065458280379239,-0.0282751943041743,-0.19029705409003397
2017-05-26,9.8100004196167,-0.30596099886399364,-0.40279851381833337,-0.3705111458076368,0.32598380154979717,-0.20286984332198968,0.39410651398929014,0.06455014694364314,-0.03228736801069659,-0.1999286704963437
2017-05-30,10.380000114440918,-0.3031672266155036,-0.4167734400949869,-0.39697265921567937,0.362869591405601,-0.20182628644131242,0.39246685984214125,0.09380543260017576,-0.019800780879307533,-0.21494715365367448
2017-05-31,10.40999984741211,-0.3081140415071587,-0.4287990138501279,-0.41025906058628614,0.37226027069924883,-0.2312827319240131,0.37022842732510863,0.10214501907912743,-0.01853995326384178,-0.1975162819261148
2017-06-01,9.890000343322754,-0.320921213656708,-0.43368316945182545,-0.3852839014769723,0.3760973805084627,-0.2226704816848103,0.3623132252380779,0.06436268782026427,-0.048399267974853166,-0.21101268776701515
2017-06-02,9.75,-0.31643141137225606,-0.42208937735552665,-0.37007961439336057,0.3632247095633646,-0.2178042935660581,0.3533662964446975,0.05364820302110451,-0.052009762962166084,-0.20428508378946855
2017-06-05,10.06999969482422,-0.3103840340625815,-0.41952928437317355,-0.3762000750608073,0.3622521095409511,-0.2221906179301122,0.3519025166051206,0.0658160409982258,-0.043329209312366224,-0.19733866644306136
2017-06-06,10.449999809265137,-0.2950591108862463,-0.41074408328796497,-0.37817992990525184,0.3545676957839317,-0.22099459598529952,0.34654082890511106,0.08312081901900553,-0.032564153382713124,-0.18974948730266544
2017-06-07,10.390000343322754,-0.3088327457123851,-0.43049611265504173,-0.393433335627339,0.3738801538152037,-0.22193606961606296,0.34915351720775556,0.0846005899149539,-0.03706277702770272,-0.20856004303897877
2017-06-08,10.15999984741211,-0.3609060656630663,-0.47389551486248904,-0.4324946018910132,0.36315319734644486,-0.24317627891776875,0.34420383945480637,0.07158853622794686,-0.041400912971475856,-0.2307192359447203
2017-06-09,10.699999809265137,-0.10911841236012673,-0.22675031547239693,-0.2008642162764789,0.27949686172896515,-0.24537880053071157,0.3050175678064678,0.09174580391635218,-0.025886099195918028,0.01862848505831463
2017-06-12,11.460000038146973,-0.06104540786729533,-0.18993946304039158,-0.1863372923251369,0.28474291191625595,-0.2406139873460432,0.3035369760299896,0.12529188445784156,-0.0036021707152546767,0.050674524305651614
2017-06-13,10.420000076293944,-0.10485169288169112,-0.21628936441298866,-0.17966258779876623,0.3020166608355685,-0.23816318181739757,0.30707342786508157,0.07481089491707511,-0.03662677661422242,0.021873817404408913
2017-06-14,10.640000343322754,-0.07318038179672424,-0.1914957182949658,-0.16648278790777502,0.31032106447913066,-0.2456398663942406,0.3058504548120059,0.09330240611105077,-0.025012930387190796,0.054144148099274786
2017-06-15,10.899999618530272,-0.058171409759184944,-0.18259914998523413,-0.16370330733138427,0.33274561055279694,-0.24441905880765838,0.3085807306884065,0.10553189757219933,-0.01889584265384986,0.06181990882242425
2017-06-16,10.380000114440918,-0.013464364398162494,-0.16204867090763692,-0.2198114106104611,0.1760193955635455,-0.2416069178548873,0.3038404765578746,0.20634704621229863,0.057762739702824195,0.07955824694725039
2017-06-19,10.369999885559082,-0.017031384303287295,-0.15925871121998136,-0.19855505595333467,0.19557644692941376,-0.23302197236557995,0.31204488080533244,0.18152367165004737,0.039296344733353306,0.07376326114559859
2017-06-20,10.859999656677246,0.013967317554883786,-0.137582568130966,-0.19205492412457187,0.20812515413784388,-0.24421565284967844,0.2969992514864575,0.20602224167945565,0.054472355993605864,0.10663308471871244
2017-06-21,10.75,0.011858830922669487,-0.1391821902134299,-0.19819046885410743,0.18628155442647884,-0.24403158672370026,0.2958979205166393,0.21004929977677692,0.059008278640677536,0.10484939651027037
2017-06-22,10.479999542236328,-0.00028580532062496856,-0.14683467610451698,-0.198434680963539,0.1910243508091721,-0.24427755180260485,0.2959839642894539,0.19814887564291403,0.051600004859022025,0.09744287569808788
2017-06-23,10.020000457763672,-0.0346714682121836,-0.16869288786709838,-0.20562369109759118,0.18324611431955937,-0.2460459998326381,0.29074422475650435,0.17095222288540757,0.036930803230492804,0.07735311196553973
2017-06-26,9.899999618530272,-0.04163873686171253,-0.17434748806719053,-0.21452443230085427,0.18745346667648305,-0.2452551236294126,0.2923078789463903,0.17288569543914173,0.04017694423366375,0.07090763556222207
2017-06-27,11.0600004196167,-0.0018681702734807046,-0.1431018549061934,-0.19650746611501382,0.2036475327248159,-0.24560549748297894,0.2944729244103903,0.1946392958415331,0.053405611208820425,0.10250364257678554
2017-06-28,10.029999732971191,-0.061611031529090164,-0.17834610643011728,-0.17937060289456885,0.2612323247291389,-0.24065541705964583,0.31473920653737225,0.11775957136547868,0.0010244964644515742,0.06230931062952855
2017-06-29,11.4399995803833,-0.016485907969648023,-0.1474619776146375,-0.16809430023290972,0.26352466332796576,-0.23382860357650065,0.31907883343003507,0.1516083922632617,0.02063232261827222,0.08636662596186315
2017-06-30,11.18000030517578,-0.03121056615933359,-0.15770503794653445,-0.1849295262087925,0.2562774267397579,-0.23521056530791992,0.31681921462978624,0.1537189600494589,0.02722448826225804,0.07750552736138547
2017-07-03,11.220000267028809,-0.04066911430834125,-0.16610054835753538,-0.19602435208684424,0.26027372823405626,-0.23716284795582315,0.3044239718382308,0.155355237778503,0.029923803729308862,0.07106229959828778
2017-07-05,11.06999969482422,-0.04604178113229598,-0.1667791276734752,-0.1908851161212572,0.262242876306689,-0.22123301582596627,0.30849165005735524,0.1448433349889612,0.024105988447782,0.05445388815249108
2017-07-06,12.539999961853027,0.020338639690220327,-0.12299070127699699,-0.17334848836915506,0.2798632148300635,-0.21367260088949447,0.31536161604211727,0.19368712805937538,0.050357787092158074,0.09068189961249748
2017-07-07,11.1899995803833,-0.04678702347604869,-0.16523771132962944,-0.1665177472769365,0.2906143874678917,-0.21090727866046066,0.3221504583270074,0.11973072380088781,0.001280035947307051,0.04566956733083122
2017-07-10,11.109999656677246,-0.02419260125540751,-0.14548991805427278,-0.14439463609395553,0.29062124893044344,-0.21637756722919635,0.31715438320536854,0.12020203483854802,-0.001095281960317246,0.07088764917492357
2017-07-11,10.890000343322754,0.05233276786135251,-0.10806759187703546,-0.09901363748348907,0.3605352279085071,-0.21496519620290228,0.31709166635077546,0.1513464053448416,-0.009053954393546393,0.10689760432586681
2017-07-12,10.300000190734863,-0.0021904713792359814,-0.14619440194784442,-0.10012914866622384,0.3761301874289605,-0.2138626093856279,0.3179648593442628,0.09793867728698787,-0.046065253281620575,0.06766820743778348
2017-07-13,9.899999618530272,-0.02280357620669692,-0.16059423455916078,-0.1075350182989104,0.3535292970594195,-0.21520160474951183,0.3145373273529749,0.08473144209221349,-0.05305921626025037,0.05460737019035106
2017-07-14,9.510000228881836,-0.05233428743484948,-0.17931536440070894,-0.10985283436105474,0.349981305332167,-0.2183602910181589,0.30295739677435274,0.057518546926205255,-0.0694625300396542,0.03904492661744996
2017-07-17,9.81999969482422,-0.03659755206192345,-0.17024536724929865,-0.1107621145221451,0.33714162408305826,-0.22245062575264,0.2925806874936273,0.07416456246022166,-0.059483252727153546,0.052205258503341345
2017-07-18,9.890000343322754,-0.03275735554608729,-0.16990247725845,-0.11158348726413837,0.3508213495759487,-0.22272099340410206,0.2898714607112545,0.07882613171805108,-0.058318989994311635,0.052818516145652056
2017-07-19,9.789999961853027,-0.00835458873163029,-0.16122419805781166,-0.10557726163635583,0.3333069422779725,-0.22045405081786795,0.2904055765497985,0.09722267290472554,-0.05564693642145582,0.059229852760056295
2017-07-20,9.579999923706056,-0.021350106078146726,-0.17163242032795642,-0.12402708014819863,0.3150207255729244,-0.2270551819977782,0.28302173715313644,0.10267697407005191,-0.04760534017975779,0.05542276166982177
2017-07-21,9.359999656677246,-0.028987012374085196,-0.1776393564571757,-0.12110303885801481,0.32866409715460987,-0.22844450087879428,0.2847780453090433,0.09211602648392961,-0.056536317599160904,0.05080514442161857
2017-07-24,9.43000030517578,-0.028580664702679736,-0.17533289035498267,-0.12249503493344008,0.32026584564347893,-0.24224915255716792,0.2672165005518265,0.09391437023076034,-0.052837855421542596,0.06691626220218524
2017-07-25,9.43000030517578,-0.021364269569164474,-0.16568700966898245,-0.11217085766852015,0.3152717443439081,-0.2425167468524092,0.2534683213879169,0.09080658809935568,-0.053516152000462294,0.07682973718342676
2017-07-26,9.600000381469728,-0.010177414962485086,-0.15989762363729904,-0.11166865933137007,0.3049098519452589,-0.2424171888717292,0.2519746397175187,0.10149124436888499,-0.04822896430592896,0.08251956523443016
2017-07-27,10.109999656677246,0.02883953725499535,-0.1371608769963434,-0.12952175761478757,0.2609970497406939,-0.2430689724745871,0.24729560826866812,0.15836129486978293,-0.007639119381555842,0.1059080954782437
2017-07-28,10.289999961853027,0.06094386830941264,-0.11745746855135496,-0.14632489024029105,0.17882363532876033,-0.24489587625352488,0.24986085063344513,0.2072687585497037,0.028867421688936093,0.1274384077021699
2017-07-31,10.260000228881836,0.08844378665144977,-0.1017166205683663,-0.16285970020289095,0.13119360256555976,-0.24411294016510396,0.24173444743479022,0.25130348685434073,0.061143079634524644,0.14239631959673765
2017-08-01,10.09000015258789,0.07754921938860113,-0.10738736654965048,-0.16040202078726706,0.13654311199298236,-0.24106410844450404,0.24413304928542767,0.2379512401758682,0.05301465423761659,0.13367674189485357
2017-08-02,10.279999732971191,0.08462261016151199,-0.09347314781822008,-0.15182802765677963,0.14927416851201739,-0.23892571186093475,0.24025539692783346,0.23645063781829162,0.058354879838559554,0.14545256404271467
2017-08-03,10.4399995803833,0.11341213059639031,-0.07858100313433893,-0.14769039201255943,0.14755576057190847,-0.23901130157975609,0.23877685448487232,0.2611025226089497,0.0691093888782205,0.16043029844541717
2017-08-04,10.029999732971191,0.08686618425143752,-0.09584034073293038,-0.180532970554938,0.09619479494419478,-0.23999278196381268,0.24036052630535937,0.26739915480637555,0.08469262982200762,0.1441524412308823
2017-08-07,9.93000030517578,0.07605186172377305,-0.10628816262699496,-0.20346198511148714,0.059822824779402914,-0.24283166355014005,0.24090760365320527,0.2795138468352602,0.09717382248449218,0.1365435009231451
2017-08-08,10.960000038146973,0.20989605909805822,-0.02222052155140991,-0.17853001197452392,0.07803583576313607,-0.24279050202449795,0.23951967663326726,0.38842607107258215,0.156309490423114,0.22056998047308804
2017-08-09,11.109999656677246,0.2231982919144071,-0.013309209075325276,-0.17776020717426583,0.07813719352650818,-0.15866930754123093,0.2514196785316729,0.4009584990886729,0.16445099809894054,0.14536009846590564
2017-08-10,16.040000915527344,0.6407399019863721,0.2764593237485281,-0.1233738214276566,0.2247646296182254,-0.1393039265207189,0.28747732556341227,0.7641137234140287,0.39983314517618473,0.415763250269247
2017-08-11,15.510000228881836,0.46417160684562736,0.15839000792138191,-0.15895599445524403,0.20215668257449915,-0.14911312634286794,0.2822913020632917,0.6231276013008714,0.3173460023766259,0.30750313426424986
2017-08-14,12.329999923706056,0.09049736352643008,-0.09695532677829213,-0.1889960646954846,0.25324996943665323,-0.1539681005001864,0.29441188195489615,0.2794934282219147,0.09204073791719247,0.057012773721894255
2017-08-15,12.039999961853027,0.07135822731571757,-0.11053230588545679,-0.19090443769585216,0.2590009223827936,-0.1537330944833825,0.3021100849035087,0.26226266501156975,0.08037213181039538,0.0432007885979257
2017-08-16,11.739999771118164,0.05483645102878097,-0.12297609058004791,-0.19134301103191165,0.2582493463370034,-0.1716351209133031,0.25249217464390283,0.24617946206069263,0.06836692045186374,0.04865903033325519
2017-08-17,15.550000190734863,0.2857740812848336,0.041316319263352594,-0.1279614775307358,0.33272024561881774,-0.14328407688251088,0.27997548147630247,0.41373555881556945,0.1692777967940884,0.1846003961458635
2017-08-18,14.260000228881836,0.1974415742654802,-0.019640394954523886,-0.12505052371694897,0.32717558592090346,-0.145551953227471,0.2764967564341814,0.32249209798242917,0.10541012876242509,0.12591155827294712
2017-08-21,13.1899995803833,0.12265296484883689,-0.0704136785982505,-0.12736738557116126,0.3259339875357977,-0.147546537979571,0.27069700832359667,0.25002035041999815,0.05695370697291076,0.07713285938132051
2017-08-22,11.350000381469728,0.003199745905968193,-0.144318395537109,-0.10083421606358973,0.38760594597139836,-0.13795213048640156,0.287347517868159,0.10403396196955793,-0.04348417947351928,-0.006366265050707448
2017-08-23,12.25,0.05631283722284278,-0.11659031483409023,-0.10201602239969015,0.42106232400678717,-0.1382293423542779,0.2882322637080153,0.15832885962253293,-0.014574292434400074,0.021639027520187662
2017-08-24,12.229999542236328,0.05717507249109019,-0.11600634215788294,-0.09902659111295116,0.4287709632412638,-0.14022471953440446,0.2912854538107824,0.15620166360404136,-0.016979751044931782,0.02421837737652152
2017-08-25,11.279999732971191,0.025359092124532783,-0.1404922505379854,-0.083254824151591,0.4617771427369769,-0.13743860206036138,0.2904311507790328,0.10861391627612378,-0.0572374263863944,-0.003053648477624016
2017-08-28,11.31999969482422,0.03413570614520322,-0.13844519127192007,-0.08118179330080849,0.49593083861985404,-0.136360896166695,0.2915557247443149,0.11531749944601172,-0.057263397971111574,-0.0020842951052250647
2017-08-29,11.699999809265137,0.06789840167892588,-0.12397406293327515,-0.07895293381012873,0.5320183045347331,-0.13655864003557283,0.2846793535571323,0.1468513354890546,-0.04502112912314642,0.012584577102297684
2017-08-30,11.220000267028809,0.03611780967555329,-0.14138827578155086,-0.07156279437404263,0.5202727104380303,-0.14086705104897346,0.28334366003112016,0.10768060404959592,-0.06982548140750823,-0.0005212247325774022
2017-08-31,10.59000015258789,0.012691603935733398,-0.1624499014294702,-0.048794091107334986,0.5520558609266929,-0.1401447495422896,0.29428238041392524,0.06148569504306838,-0.1136558103221352,-0.022305151887180602
2017-09-01,10.130000114440918,-0.0127028997281545,-0.17864789068796594,-0.046676420929931885,0.5518915666127697,-0.13659898796584435,0.29365240870950565,0.033973521201777386,-0.13197146975803406,-0.042048902722121584
2017-09-05,12.229999542236328,0.10724472267334688,-0.09757614551270723,-0.041912391575706504,0.538285936068203,-0.13437834329010526,0.3037127889466203,0.14915711424905337,-0.05566375393700072,0.03680219777739803
2017-09-06,11.630000114440918,0.08674789030990175,-0.11040358023368482,-0.022442433617092396,0.538302210623777,-0.13280437062842765,0.3023618981950739,0.10919032392699415,-0.08796114661659243,0.022400790394742826
2017-09-07,11.550000190734863,0.0794296080066057,-0.11120741204373494,-0.023950567838141753,0.5103597907891699,-0.11401276051598318,0.3024879316413669,0.10338017584474746,-0.08725684420559318,0.0028053484722482397
2017-09-08,12.119999885559082,0.10736851290055291,-0.09011440301454678,-0.02969432290435826,0.5080874371190145,-0.09379515765274825,0.3338876971067327,0.13706283580491116,-0.06042008011018851,0.003680754638201472
2017-09-11,10.729999542236328,0.05345765470671878,-0.1352616787207007,-0.0358376776787139,0.47551974661688534,-0.08437242667622014,0.35093461053347286,0.08929533238543269,-0.09942400104198679,-0.050889252044480554
2017-09-12,10.579999923706056,0.11297413321768214,-0.09503530323418083,0.027813637312326733,0.500442926531688,-0.0850991187242937,0.34211807097014135,0.0851604959053554,-0.12284894054650757,-0.009936184509887133
2017-09-13,10.5,0.30114664994261653,0.028442880541346072,0.1414490961486382,0.48390062410991513,-0.0853988859311211,0.34106143150120416,0.15969755379397832,-0.11300621560729214,0.11384176647246717
2017-09-14,10.4399995803833,0.28957537572462483,0.02337573189900368,0.13828421277224287,0.49052547464348784,-0.08602116499584535,0.34014675504955116,0.15129116295238196,-0.11490848087323918,0.10939689689484902
2017-09-15,10.170000076293944,0.14284648784584647,-0.07371411932491817,0.036297537802595585,0.4708490281064824,-0.10260435202688101,0.34308112553549186,0.10654895004325088,-0.11001165712751376,0.028890232701962837
2017-09-18,10.149999618530272,0.1389281640626895,-0.09206455808300969,-0.09487052121796548,0.3488557680743689,-0.10991451592878639,0.3295894142470618,0.233798685280655,0.002805963134955791,0.0178499578457767
2017-09-19,10.18000030517578,0.13716133238110875,-0.09002200402287584,-0.09503379502035508,0.32592046320032403,-0.11479562592649502,0.3186108233765506,0.23219512740146384,0.00501179099747924,0.024773621903619175
2017-09-20,9.779999732971191,0.09833100232793598,-0.10938137113746169,-0.09491596021647837,0.3076557549413633,-0.11464195799621597,0.3179999065473257,0.19324696254441437,-0.014465410920983315,0.0052605868587542876
2017-09-21,9.670000076293944,0.09595539347058903,-0.12053391212199478,-0.15054064779783294,0.27436685143093925,-0.11747994954124061,0.3230235753256825,0.24649604126842195,0.030006735675838156,-0.0030539625807541743
2017-09-22,9.59000015258789,0.09472748801391312,-0.11927498094486835,-0.15181323544863645,0.2896629007274865,-0.11447734981962024,0.33147224223981425,0.24654072346254957,0.0325382545037681,-0.004797631125248114
2017-09-25,10.210000038146973,0.07448681852591708,-0.12235839577371395,-0.17702022026154587,0.27664361539841437,-0.12149331229603354,0.325665633809567,0.25150703878746294,0.054661824487831925,-0.0008650834776804117
2017-09-26,10.170000076293944,0.06814354336264807,-0.1250942686555612,-0.17940880545405913,0.2729134373941574,-0.1233980123639086,0.31945273206676483,0.24755234881670718,0.05431453679849793,-0.001696256291652598
2017-09-27,9.869999885559082,0.028868255225618637,-0.14120837660999863,-0.17335933840937398,0.3201065736860577,-0.12776281429177347,0.3161919991286495,0.20222759363499263,0.03215096179937535,-0.013445562318225163
2017-09-28,9.550000190734863,0.010279489426474825,-0.15328526281207147,-0.17335860872915176,0.3260174955562556,-0.1319463821483083,0.3100831733414571,0.1836380981556266,0.020073345917080293,-0.02133888066376316
2017-09-29,9.510000228881836,0.004269838179871011,-0.15973508554059487,-0.1823857050578463,0.33034278816151047,-0.13122857717842265,0.31086054076941455,0.1866555432377173,0.02265061951725142,-0.028506508362172223
2017-10-02,9.449999809265137,0.0129612073327319,-0.15591141242476186,-0.18409560049720025,0.31208198198206455,-0.1236950667067139,0.3228706856284911,0.19705680782993215,0.028184188072438388,-0.03221634571804796
2017-10-03,9.510000228881836,0.018101796348813447,-0.15381300355353175,-0.18355099595307928,0.31683444707270086,-0.12094378789912373,0.3257371792301998,0.20165279230189273,0.029737992399547525,-0.03286921565440802
2017-10-04,9.630000114440918,0.04442273739838308,-0.14134309816394344,-0.19992328689932296,0.27675428429707905,-0.13184368644605543,0.3136405477067057,0.24434602429770602,0.05858018873537951,-0.009499411717888012
2017-10-05,9.1899995803833,0.003543072210731579,-0.15710949552629858,-0.18512944727278985,0.2795664236663046,-0.13015988294011255,0.3048943773477354,0.18867251948352143,0.028019951746491273,-0.026949612586186028
2017-10-06,9.649999618530272,0.036162316938589095,-0.14158756400680297,-0.18811244697389998,0.312996303366465,-0.12016648747812962,0.30969012815993935,0.22427476391248907,0.046524882967097,-0.021421076528673352
2017-10-09,10.329999923706056,0.08849503055824878,-0.11446227395945144,-0.19224255548645355,0.2962155669750653,-0.12140832013527159,0.3099415468026158,0.28073758604470234,0.07778028152700212,0.0069460461758201475
2017-10-10,10.079999923706056,0.09778835432014611,-0.11478290098353179,-0.2359720648290928,0.24627435365501024,-0.12142864505474334,0.3038301599076065,0.33376041914923893,0.12118916384556101,0.006645744071211546
2017-10-11,9.850000381469728,0.07191762233034318,-0.12848843179456526,-0.23982464791723093,0.2427267216752022,-0.12119686540607415,0.3052905885968103,0.3117422702475741,0.11133621612266567,-0.007291566388491114
2017-10-12,9.90999984741211,0.07982244541087705,-0.125217750333156,-0.24004313787405773,0.24525299120029698,-0.12013925313605942,0.3048065384613948,0.31986558328493475,0.11482538754090174,-0.005078497197096576
2017-10-13,9.609999656677246,0.05378968194414091,-0.144327915497739,-0.24563986800588278,0.23279025553857116,-0.12170202209421017,0.3070274388379113,0.2994295499500237,0.10131195250814379,-0.022625893403528816
2017-10-16,9.90999984741211,0.16297988825067022,-0.06552337167754797,-0.1927990010186422,0.2510803903962732,-0.12295171888410834,0.311787525113591,0.35577888926931245,0.1272756293410942,0.05742834720656037
2017-10-17,10.3100004196167,0.25813562980650817,-0.0034918566958864286,-0.16680220156812486,0.26533143505533935,-0.1258304600948027,0.29926603923062345,0.42493783137463303,0.16331034487223844,0.12233860339891627
2017-10-18,10.06999969482422,0.23769947604423547,-0.017328528639102492,-0.16770681646120322,0.2709088822442292,-0.12468307472184743,0.2987929830545354,0.4054062925054387,0.15037828782210072,0.10735454608274494
2017-10-19,10.050000190734863,0.22592688371598277,-0.022077356858363605,-0.16761909869365313,0.29342325511796286,-0.12590936092591354,0.2997745313596499,0.3935459824096359,0.14554174183528953,0.10383200406754993
2017-10-20,9.970000267028809,0.25716970757865315,-0.002671177668114543,-0.14094760633785955,0.262162255517428,-0.12122130808246354,0.3050224966988385,0.3981173139165127,0.13827642866974502,0.11855013041434899
2017-10-23,11.06999969482422,0.3529557241669108,0.062076148065721426,-0.13082534259364953,0.24425429795472378,-0.11961027888984926,0.3162623643974537,0.4837810667605603,0.19290149065937096,0.1816864269555707
2017-10-24,11.15999984741211,0.5468995704556682,0.16699114438496432,-0.09058404147220037,0.24118166600670946,-0.11900406640458784,0.3199053188487259,0.6374836119278685,0.25757518585716466,0.28599521078955215
2017-10-25,11.229999542236328,0.5299738935234419,0.15539923331525698,-0.08513063203298304,0.284715234696101,-0.11296074557294856,0.33102407342956897,0.6151045255564249,0.24052986534824003,0.26835997888820556
2017-10-26,11.300000190734863,0.64788695256361,0.214927133549998,-0.0783408969633351,0.2224842813987996,-0.11239460178708569,0.34059052392898936,0.7262278495269451,0.2932680305133331,0.3273217353370837
2017-10-27,9.800000190734863,0.04071888722597454,-0.09113553779549331,-0.13085255569384896,0.32588089103471973,-0.11430877918810683,0.353648302638149,0.1715714429198235,0.03971701789835565,0.023173241392613522
2017-10-30,10.5,0.07453447537616992,-0.06930291468841668,-0.13005611479582152,0.3192907736103552,-0.11389343760014858,0.3485216565682449,0.20459059017199144,0.06075320010740484,0.044590522911731906
2017-10-31,10.18000030517578,0.05264770515653657,-0.08326355091625502,-0.13788395924129607,0.33679205333636175,-0.1115068140011482,0.3553553596220276,0.19053166439783265,0.054620408325041045,0.02824326308489318
2017-11-01,10.199999809265137,0.05091690297115657,-0.08348460524538204,-0.13878027421895342,0.32374425500524584,-0.11116320677642325,0.35442543499923534,0.18969717719010998,0.05529566897357138,0.027678601531041208
2017-11-02,9.93000030517578,0.037206541303103226,-0.09118395012341501,-0.13832897416486986,0.3060634646518509,-0.11151060028403713,0.34986836947078953,0.17553551546797308,0.04714502404145485,0.020326650160622114
2017-11-03,9.140000343322754,-0.0017681961391370674,-0.1160242815815237,-0.14806043672174135,0.28936590227839,-0.10877916021679926,0.3497562539146376,0.1462922405826043,0.032036155140217654,-0.007245121364724438
2017-11-06,9.399999618530272,0.008644128159566946,-0.10943060927749955,-0.1478462719301899,0.28366882386921743,-0.10881240101143916,0.3473429486157048,0.15649040008975684,0.03841566265269035,-0.000618208266060391
2017-11-07,9.890000343322754,0.03555995074130847,-0.09238270834296242,-0.1456410928381455,0.28802238872656233,-0.10865952583236853,0.34591478329665687,0.18120104357945396,0.05325838449518308,0.016276817489406112
2017-11-08,9.779999732971191,0.03160834168201348,-0.09446767025782594,-0.14575252401525843,0.3043316415074568,-0.12182013140198769,0.3128897347663063,0.1773608656972719,0.05128485375743248,0.027352461144161747
2017-11-09,10.5,0.06544363295923038,-0.07382127213070983,-0.1437805005652547,0.29924241705710997,-0.10986048876535649,0.3209456818251232,0.2092241335244851,0.06995922843454488,0.03603921663464667
2017-11-10,11.289999961853027,0.0648446040967572,-0.07353891826161547,-0.1604345784775322,0.27027721347350475,-0.10736910540399826,0.3078847453148483,0.22527918257428942,0.08689566021591673,0.033830187142382784
2017-11-13,11.5,0.0767546309517951,-0.06602276662970706,-0.160214543602629,0.26882733681436255,-0.1079023424778399,0.3076166831094782,0.2369691745544241,0.09419177697292193,0.041879575848132844
2017-11-14,11.59000015258789,0.08654503141520006,-0.06037010632162499,-0.15823285652337196,0.2696363869186714,-0.10769095067068782,0.310404480827383,0.24477788793857203,0.09786275020174698,0.04732084434906283
2017-11-15,13.130000114440918,0.16067112679915446,-0.01165272508111495,-0.1557503632543189,0.3150623571046333,-0.13378833884121552,0.2847929158306847,0.31642149005347336,0.14409763817320395,0.12213561376010057
2017-11-16,11.760000228881836,0.08293737742766497,-0.062133944454610436,-0.13789612127701692,0.31355364294302845,-0.12576714186317503,0.2834903843514949,0.22083349870468189,0.07576217682240649,0.0636331974085646
2017-11-17,11.43000030517578,0.07254481511351528,-0.06970974098904344,-0.1340179932602706,0.3250145526377572,-0.12401232013226059,0.2896311694005819,0.20656280837378588,0.06430825227122718,0.05430257914321715
2017-11-20,10.649999618530272,0.03457054655917077,-0.09519875794746298,-0.14209110895288476,0.3218804688587552,-0.13534904270971776,0.2742294960024619,0.17666165551205554,0.04689235100542179,0.04015028476225478
2017-11-21,9.729999542236328,-0.00994307828127773,-0.12241720960038145,-0.13628037893675798,0.3519535749533547,-0.1307124893452282,0.2815543099090831,0.12633730065548027,0.013863169336376532,0.008295279744846742
2017-11-22,9.880000114440918,-0.003745478797199917,-0.11879065721670116,-0.13717114071600855,0.3421915660867963,-0.13157293264657163,0.2766686636588101,0.13342566191880864,0.01838048349930739,0.012782275429870468
2017-11-24,9.670000076293944,-0.007825480552193497,-0.1208826143238208,-0.1390544817222072,0.3345923266307656,-0.1319105435644407,0.27819091592598216,0.13122900117001368,0.018171867398386388,0.011027929240619905
2017-11-27,9.869999885559082,-0.0018399485747731135,-0.11654173479871309,-0.13999733530643219,0.3249191114569538,-0.13233973107940303,0.2759917123002882,0.13815738673165906,0.023455600507719096,0.015797996280689938
2017-11-28,10.029999732971191,0.22589770090629144,-0.027225950437693,-0.06710945550151509,0.1640317799283896,-0.11992878252292997,0.2703813189805432,0.2930071564078065,0.03988350506382209,0.09270283208523697
2017-11-29,10.699999809265137,0.10106472111075386,-0.09097495413666684,-0.1518935363446378,0.12730922305633993,-0.1403725669936504,0.2456185297290847,0.25295825745539163,0.060918582207970945,0.04939761285698355
2017-11-30,11.279999732971191,0.13178695509232594,-0.06843692881407758,-0.12522952149400957,0.1886455430758849,-0.1355926505476658,0.2566422560514695,0.25701647658633553,0.05679259267993199,0.06715572173358823
2017-12-01,11.43000030517578,0.13872205212987998,-0.06426960217804986,-0.12664024137672056,0.19749911823241104,-0.13604298411077434,0.2576593791515076,0.26536229350660057,0.062370639198670697,0.07177338193272448
2017-12-04,11.68000030517578,0.06945072693137833,-0.10072404396480172,-0.16048339587025737,0.20555208856662774,-0.14990139132495975,0.24258025757460977,0.2299341228016357,0.05975935190545564,0.049177347360158025
2017-12-05,11.329999923706056,0.06121650326487756,-0.10980006625718072,-0.1581025864674085,0.20924147333920212,-0.15012094412942323,0.24524087873196138,0.21931908973228606,0.04830252021022777,0.040320877872242505
2017-12-06,11.020000457763672,0.03971708376842359,-0.12176505966692859,-0.15837505893678624,0.20321768700970486,-0.15045600370138884,0.24517060711602234,0.19809214270520983,0.036609999269857654,0.02869094403446025
2017-12-07,10.15999984741211,-0.009539358810528533,-0.15210131518475292,-0.15584790147906233,0.20406363915551995,-0.14895215539588402,0.24124815443529665,0.1463085426685338,0.0037465862943094064,-0.0031491597888688994
2017-12-08,9.579999923706056,-0.037811326371780314,-0.16823942267276953,-0.14572206566435772,0.2084404209861222,-0.15430005449112918,0.22818822172036282,0.10791073929257741,-0.022517357008411815,-0.01393936818164035
2017-12-11,9.34000015258789,-0.05118982914286192,-0.17393678003059615,-0.14634808639030916,0.20327660086858426,-0.15563561054297478,0.2278561899911968,0.09515825724744724,-0.027588693640286988,-0.018301169487621366
2017-12-12,9.920000076293944,0.007466458630370282,-0.13225663499853135,-0.12026083712139429,0.21023861855763198,-0.15616933928310106,0.22598371134433917,0.12772729575176459,-0.01199579787713706,0.023912704284569708
2017-12-13,10.18000030517578,0.01586454081822195,-0.1272597653812131,-0.12402588294323258,0.20836642835572378,-0.15789117591971988,0.22255994818586053,0.13989042376145452,-0.003233882437980534,0.030631410538506765
2017-12-14,10.489999771118164,0.03526764836327931,-0.11587789509204476,-0.1195117573518109,0.20559911211829235,-0.14396376743517264,0.22581504305918534,0.1547794057150902,0.0036338622597661407,0.028085872343127885
2017-12-15,9.420000076293944,-0.028489032584606236,-0.15422205322563623,-0.11127853824111884,0.19691517511214457,-0.13421602907909372,0.23632792099392463,0.08278950565651261,-0.042943514984517386,-0.02000602414654251
2017-12-18,9.529999732971191,-0.03693946306069057,-0.16118686318175496,-0.13188774438115888,0.20403200851245856,-0.13415325087287314,0.23942963545224924,0.09494828132046831,-0.029299118800596075,-0.02703361230888182
2017-12-19,10.029999732971191,-0.013545430437848319,-0.14720889873592355,-0.13082603053750375,0.20671212199096045,-0.1324390256475316,0.24977168002568367,0.11728060009965542,-0.016382868198419803,-0.01476987308839195
2017-12-20,9.720000267028809,-0.02708381287883824,-0.15478256804342339,-0.12993964319243526,0.20896854874652096,-0.1302727661829313,0.2433854892921665,0.10285583031359702,-0.02484292485098813,-0.024509801860492092
2017-12-21,9.619999885559082,-0.025251966150496533,-0.15782171816513124,-0.14048030729578498,0.1885928253300942,-0.12924222273889185,0.23776462644104698,0.11522834114528845,-0.017341410869346263,-0.028579495426239387
2017-12-22,9.899999618530272,-0.008913554126635491,-0.14941824786290084,-0.1408176650037597,0.19978683028193794,-0.12294466731284942,0.24262645979244424,0.1319041108771242,-0.008600582859141143,-0.026473580550051418
2017-12-26,10.25,0.004224345522602966,-0.13985575180440718,-0.14390256006766272,0.1984314782361099,-0.12367512898021966,0.2436024284230603,0.1481269055902657,0.004046808263255541,-0.016180622824187516
2017-12-27,10.470000267028809,0.020892538865265115,-0.13059842624787088,-0.1422192743225949,0.20345870879013306,-0.12359329214494418,0.23058894101399766,0.16311181318786003,0.011620848074724022,-0.007005134102926705
2017-12-28,10.18000030517578,0.011940565910312817,-0.14043376048410378,-0.1744760552418865,0.1959431387419527,-0.12328173892760864,0.2315698624311732,0.1864166211521993,0.034042294757782726,-0.01715202155649513
2017-12-29,11.039999961853027,0.1984055160875767,-0.03296410790672091,-0.11567893563952265,0.29773365000837626,-0.12347803062882215,0.24277475139551413,0.31408445172709937,0.08271482773280174,0.09051392272210124
2018-01-02,9.770000457763672,0.07959342255624233,-0.10290577299280869,-0.13318749960326,0.28204603341087403,-0.12344088889144215,0.25305647329044867,0.21278092215950234,0.030281726610451323,0.020535115898633466
2018-01-03,9.149999618530272,-0.03238203902281827,-0.17702128983304993,-0.16892857415842097,0.32636214338174085,-0.13357287751217886,0.2645254574079391,0.1365465351356027,-0.008092715674628964,-0.04344841232087107
2018-01-04,9.220000267028809,0.05456052645798544,-0.13364658212853728,-0.11864460353892706,0.35297350908449676,-0.13168364670111402,0.2663170200320036,0.1732051299969125,-0.015001978589610221,-0.0019629354274232624
2018-01-05,9.220000267028809,0.04559681869003079,-0.1340187466685074,-0.10580973371194369,0.3590756878539451,-0.13100644973355696,0.2658993616970652,0.15140655240197448,-0.028209012956563723,-0.003012296934950448
2018-01-08,9.520000457763672,0.0527374650224177,-0.13503853617065295,-0.11800015162480855,0.3595166342457192,-0.13386941806259048,0.26377067390836906,0.17073761664722625,-0.0170383845458444,-0.0011691181080624724
2018-01-09,10.079999923706056,0.10395265814877498,-0.10681361993652148,-0.11734409472528887,0.3694983781401848,-0.13188644006377237,0.26472219284288145,0.22129675287406386,0.010530474788767383,0.025072820127250886
2018-01-10,9.81999969482422,0.0894587837589324,-0.11976096418399078,-0.1308903168212428,0.36929922552732536,-0.13111576154469082,0.26292823444625035,0.2203491005801752,0.011129352637252024,0.011354797360700039
2018-01-11,9.880000114440918,0.10926879262857052,-0.10911728147499263,-0.10205631114058857,0.37845733883379484,-0.1254351863206242,0.26515873503484627,0.21132510376915908,-0.00706097033440406,0.016317904845631573
2018-01-12,10.15999984741211,0.11118689904572254,-0.08860208434239662,-0.07799406381755059,0.34523036101681065,-0.12061524638383447,0.2539817282327279,0.18918096286327313,-0.010608020524846037,0.03201316204143785
2018-01-16,11.65999984741211,0.2368773905914377,-0.006346803579855682,-0.06601059973537673,0.3487164736554012,-0.11896528872850906,0.2540326946830681,0.30288799032681446,0.05966379615552105,0.11261848514865339
2018-01-17,11.90999984741211,0.22457421190283505,-0.0081281307580438,-0.046905516203837316,0.34560833510207645,-0.11046926161259547,0.2588508849712215,0.27147972810667237,0.03877738544579352,0.10234113085455167
2018-01-18,12.220000267028809,0.299608011943407,0.03382644661913317,-0.056273835617029935,0.33137508808745186,-0.11056897236499444,0.26450103939797776,0.35588184756043695,0.0901002822361631,0.1443954189841276
2018-01-19,11.270000457763672,0.24228426893112595,-0.0065779575415180445,-0.05381881386845961,0.3321980799833131,-0.11075054621107741,0.26323279080413003,0.2961030827995856,0.04724085632694157,0.10417258866955936
2018-01-22,11.029999732971191,0.18931926303529759,-0.030252191221557312,-0.03958448210284832,0.31525795019997294,-0.10456356024439944,0.2663749288350391,0.2289037451381459,0.009332290881291005,0.07431136902284213
2018-01-23,11.100000381469728,0.1718427076282191,-0.038391070690488624,-0.04886972734056603,0.29730703918451806,-0.10878299798049068,0.2646647550058221,0.22071243496878512,0.010478656650077404,0.07039192729000206
2018-01-24,11.470000267028809,0.18854626216150214,-0.026275713485670496,-0.05566565773172651,0.3146319284925706,-0.11087507990489603,0.26310941305694563,0.24421191989322866,0.029389944246056017,0.08459936641922554
2018-01-25,11.579999923706056,0.18335159086633346,-0.02623922854218947,-0.05965212704229431,0.2941976320660211,-0.11137955651839634,0.25987047587506573,0.24300371790862776,0.03341289850010484,0.08514032797620688
2018-01-26,11.079999923706056,0.13770028994666397,-0.05687375049326056,-0.01827971624034995,0.2925054961776841,-0.10169689299974718,0.26213656610124125,0.1559800061870139,-0.03859403425291061,0.04482314250648663
2018-01-29,13.84000015258789,0.3253417718711097,0.07118097234714195,-0.011119011144450141,0.31624614866250417,-0.0984048052391409,0.26593532039818846,0.3364607830155598,0.0822999834915921,0.16958577758628285
2018-01-30,14.789999961853027,0.3817756455390251,0.1137001437292817,0.016767295032156213,0.3523344590611058,-0.07586745385831802,0.24502817826907422,0.36500835050686886,0.09693284869712548,0.18956759758759972
2018-01-31,13.539999961853027,0.2793948298096554,0.04587943487078858,0.013115707097664886,0.2977149425431272,-0.07742304804627483,0.2482823225675623,0.2662791227119905,0.03276372777312369,0.1233024829170634
2018-02-01,13.470000267028809,0.28158343498329363,0.0486535548054922,0.002550271683694997,0.24821391200329598,-0.07899514205227336,0.2308646885693986,0.27903316329959865,0.046103283121797206,0.12764869685776556
2018-02-02,17.309999465942383,0.4771971648964886,0.2147279824147499,0.11508819683613869,0.3546136773039056,-0.03886641459703396,0.28440020893503376,0.3621089680603499,0.09963978557861122,0.2535943970117839
2018-02-05,37.31999969482422,1.7102487641956274,1.181003104630401,0.2832264649214374,0.5755741283374791,0.07971811708035702,0.4375715135423159,1.42702229927419,0.8977766397089637,1.1012849875500441
2018-02-06,29.979999542236328,0.8482080124235174,0.5291542369769627,0.2559916509715606,0.593562693300514,0.08551271343808359,0.458521945938135,0.5922163614519568,0.2731625860054021,0.44364152353887915
2018-02-07,27.729999542236328,0.6726103186565703,0.39880749323461046,0.24967387629470433,0.5939437266421934,0.08132042068961971,0.4600744470280755,0.42293644236186595,0.14913361693990612,0.31748707254499076
2018-02-08,33.459999084472656,0.8336962349329955,0.5358755247634239,0.32938940587819243,0.6472571631238556,0.15067308538015176,0.5215545058362563,0.5043068290548031,0.2064861188852315,0.38520243938327214
2018-02-09,29.059999465942383,0.49867354068463415,0.28292902645959384,0.29329198714832544,0.6512320773313396,0.13978149972555537,0.529045053724198,0.20538155353630871,-0.010362960688731604,0.14314752673403847
2018-02-12,25.61000061035156,0.3187407764950314,0.14923650733779897,0.2875816528420309,0.6443964723954614,0.14383032929989312,0.5285918245683779,0.031159123653000498,-0.13834514550423194,0.005406178037905857
2018-02-13,24.969999313354492,0.29822710353649967,0.1324610276433815,0.28919694854858924,0.6614126235766103,0.15117927955274904,0.5298226627311199,0.009030154987910433,-0.15673592090520774,-0.018718251909367545
2018-02-14,19.260000228881836,0.08242787179312591,-0.025434875485952354,0.28551010669347116,0.6759010808496746,0.15276456509195477,0.5378894750154941,-0.20308223490034524,-0.3109449821794235,-0.17819944057790713
2018-02-15,19.1299991607666,0.0741157413862513,-0.030988238367235455,0.2843035596817494,0.6730007506923837,0.1552606952372491,0.5333682878136353,-0.21018781829549812,-0.3152917980489849,-0.18624893360448458
2018-02-16,19.459999084472656,0.0828616986389263,-0.02462339966734627,0.2824777257405077,0.6701633083216567,0.15539331529766404,0.5306351121533122,-0.19961602710158144,-0.307101125407854,-0.18001671496501032
2018-02-20,20.600000381469727,0.11792105299683113,0.0010740353654216364,0.2842602997323566,0.6691561236067068,0.15245992424569002,0.5289677043199826,-0.16633924673552547,-0.283186264366935,-0.15138588888026838
2018-02-21,20.020000457763672,0.09932473785525059,-0.013365132506481232,0.2810255661599828,0.6608662952429551,0.14973561362190646,0.5244798131843809,-0.18170082830473222,-0.29439069866646406,-0.16310074612838768
2018-02-22,18.719999313354492,0.06451054944340932,-0.03888029721265868,0.287493803972987,0.6584623095108546,0.14987406102824238,0.5235742715228107,-0.22298325452957768,-0.3263741011856457,-0.18875435824090106
2018-02-23,16.489999771118164,0.0009491542296930734,-0.08330721664772321,0.3024875576213672,0.6715106165458179,0.15999631798238298,0.5285301877409818,-0.30153840339167415,-0.3857947742690904,-0.24330353463010618
2018-02-26,15.800000190734863,-0.016888095444672246,-0.09507281742455265,0.309638896915009,0.6753637253711848,0.16466611692249442,0.5323267616803542,-0.32652699235968125,-0.40471171433956166,-0.2597389343470471
2018-02-27,18.59000015258789,0.058378662002918066,-0.04127374643839296,0.31623592005150714,0.6738654078574926,0.17242663312147502,0.5361802952036528,-0.25785725804858906,-0.3575096664899001,-0.21370037955986798
2018-02-28,19.850000381469727,0.0960404552024124,-0.014081758321273286,0.32330558601935505,0.6815005249458309,0.17776681498821784,0.5411624070137331,-0.22726513081694266,-0.33738734434062834,-0.19184857330949112
2018-03-01,22.469999313354492,0.1662707147966272,0.03754844720591082,0.3148684847789422,0.6963120643785525,0.17535227082869906,0.5549339690105369,-0.148597769982315,-0.27732003757303136,-0.13780382362278823
2018-03-02,19.59000015258789,0.07745633231266653,-0.0278062782593836,0.3184876516239894,0.6976257286226013,0.2016665528490948,0.5782376707985709,-0.24103131931132288,-0.346293929883373,-0.22947283110847838
2018-03-05,18.729999542236328,0.0580453036843359,-0.04283581316529249,0.3417366025490843,0.7310872661573449,0.2072169791792877,0.5774476281458956,-0.28369129886474836,-0.3845724157143768,-0.25005279234458017
2018-03-06,18.36000061035156,0.07163866909562587,-0.037869075227807636,0.35186004677288235,0.7519822686215276,0.20591704657456283,0.5770834385883016,-0.28022137767725647,-0.38972912200069,-0.24378612180237047
2018-03-07,17.760000228881836,0.13560777980751806,0.0017060076591039587,0.2810209869653177,0.6523633872905265,0.2254790844514358,0.5838816043750421,-0.14541320715779962,-0.27931497930621374,-0.22377307679233185
2018-03-08,16.540000915527344,0.1421011728814319,0.0016113025808913895,0.31009182570817934,0.6502739084275789,0.22547270086937457,0.5838849955650871,-0.16799065282674744,-0.30848052312728796,-0.22386139828848317
2018-03-09,14.640000343322754,0.06641108581081077,-0.050541173239097764,0.3481538277160123,0.6654484147009967,0.23633206350536917,0.5887758045581599,-0.2817427419052015,-0.39869500095511,-0.28687323674446696
2018-03-12,15.779999732971191,0.20387152515242907,0.03000159006757583,0.22791121865635408,0.5323958018136803,0.23554689207901144,0.5882718692371808,-0.024039693503925014,-0.19790962858877825,-0.20554530201143562
2018-03-13,16.350000381469727,0.3336427540361163,0.11688302238047979,0.28282737525484264,0.531771251619884,0.23259786004192873,0.5879480458255824,0.05081537878127368,-0.16594435287436285,-0.11571483766144894
2018-03-14,17.229999542236328,0.4586693156454328,0.1978138947709335,0.28724398094895515,0.5424089707399784,0.23603235491492647,0.5877002424945483,0.17142533469647764,-0.08943008617802164,-0.038218460143992966
2018-03-15,16.59000015258789,0.43324588975577544,0.17756984788455923,0.30391088576628433,0.5474133516783783,0.2379285127184775,0.5885478094028713,0.1293350039894911,-0.1263410378817251,-0.060358664833918274
2018-03-16,15.800000190734863,0.45624855627822464,0.1848608596485315,0.31974166251542485,0.5118051452455509,0.2398270170817544,0.5896800827313511,0.13650689376279979,-0.13488080286689336,-0.05496615743322292
2018-03-19,19.020000457763672,0.6701540071924622,0.3440168701583559,0.2840738924477167,0.5715053807408251,0.2326534401311071,0.59721258927233,0.3860801147447455,0.05994297771063922,0.11136343002724883
2018-03-20,18.200000762939453,0.5467304054302956,0.25882323035810045,0.2525396854155311,0.5584567437387218,0.22801092248177232,0.592707893465825,0.2941907200147645,0.00628354494256933,0.030812307876328132
2018-03-21,17.860000610351562,0.5156050265308975,0.23829842809220375,0.24206205496557148,0.5488477554592255,0.22919873262945858,0.5890465141436021,0.273542971565326,-0.0037636268733677314,0.009099695462745166
2018-03-22,23.34000015258789,0.8816199918110973,0.5183202574598998,0.3433781697245618,0.6279938901998582,0.24982039035846146,0.6032797287510154,0.5382418220865355,0.17494208773533804,0.26849986710143836
2018-03-23,24.8700008392334,0.8517183487300868,0.5090058276757933,0.36007452089081016,0.6534054003391714,0.25811657192078363,0.6147376988570576,0.4916438278392766,0.14893130678498312,0.25088925575500964
2018-03-26,21.030000686645508,0.3807821587909138,0.1769513104443837,0.30478685402653566,0.6703203122179489,0.2546407247549495,0.6271904980297467,0.07599530476437816,-0.12783554358215196,-0.07768941431056578
2018-03-27,22.5,0.32045155911700857,0.13850435483954843,0.21280194125278612,0.6630136789477319,0.2268374839305002,0.6333587987021261,0.10764961786422245,-0.07429758641323769,-0.08833312909095178
2018-03-28,22.8700008392334,0.3286198298666118,0.14564759178063347,0.18766947250088983,0.6421764900168268,0.22515719595718256,0.6304729442132,0.14095035736572198,-0.042021880720256366,-0.07950960417654909
2018-03-29,19.969999313354492,0.17700707605779312,0.03581742815346494,0.1700417890275143,0.6390180637394426,0.22026757371395406,0.6272378369772635,0.006965287030278822,-0.13422436087404935,-0.1844501455604891
2018-04-02,23.6200008392334,0.31137121214271074,0.13667083926986232,0.1863894152042831,0.6273713477094682,0.22509161905534533,0.6268209445536637,0.12498179693842765,-0.04971857593442078,-0.08842077978548302
2018-04-03,21.100000381469727,0.20370458920877949,0.058055532427645856,0.198250569582823,0.6397358277381686,0.2305068328914984,0.6281655192188452,0.0054540196259564855,-0.14019503715517714,-0.17245130046385254
2018-04-04,20.059999465942383,0.15893861498034512,0.026013554741622587,0.19009939810709806,0.6357183412948395,0.2350122023032445,0.6270495514418462,-0.03116078312675294,-0.16408584336547546,-0.2089986475616219
2018-04-05,18.940000534057617,0.1183877689035443,-0.00245267613338935,0.19411583972379606,0.6334143477033888,0.24650479553299182,0.6253808823002632,-0.07572807082025176,-0.1965685158571854,-0.24895747166638116
2018-04-06,21.489999771118164,0.18916735542629845,0.05074532505883979,0.22535774608184275,0.6672343519976465,0.2567284194397787,0.6330059436050206,-0.0361903906555443,-0.17461242102300295,-0.20598309438093892
2018-04-09,21.770000457763672,0.19979713679281672,0.0585069769608745,0.22585136260921546,0.6690822768934803,0.25713498332235324,0.6325409045205412,-0.02605422581639874,-0.16734438564834095,-0.19862800636147873
2018-04-10,20.469999313354492,0.1358885589065771,0.011008776764667294,0.20142542967067373,0.6918154984692191,0.2549048638188464,0.6427522199676049,-0.06553687076409662,-0.19041665290600643,-0.24389608705417912
2018-04-11,20.239999771118164,0.12911938711734575,0.006373973576866449,0.2048820481429279,0.6915054671579172,0.2545929864617147,0.6408312719815817,-0.07576266102558216,-0.19850807456606145,-0.24821901288484824
2018-04-12,18.489999771118164,0.06856836034672606,-0.03798673027502371,0.2014478885525848,0.6934506858762152,0.2512559127058047,0.6406755879685881,-0.13287952820585874,-0.23943461882760853,-0.2892426429808284
2018-04-13,17.40999984741211,0.03638632748032902,-0.060973180047455076,0.1988196991984647,0.6936291429919408,0.24883421944292652,0.6365637204091948,-0.16243337171813568,-0.25979287924591976,-0.3098073994903816
2018-04-16,16.559999465942383,0.012212641206698694,-0.07787555461166133,0.2036963096825017,0.6942103704461161,0.25326875439872065,0.6433635293321928,-0.191483668475803,-0.28157186429416303,-0.331144309010382
2018-04-17,15.25,-0.0286698750745045,-0.10505457437070868,0.1969629080315522,0.6935279943836651,0.2491814511135686,0.645642833133155,-0.2256327831060567,-0.3020174824022609,-0.3542360254842773
2018-04-18,15.600000381469728,-0.009254520751699854,-0.09343561249452395,0.20414273158459273,0.6835683657979807,0.24849704917184587,0.6448217719978716,-0.2133972523362926,-0.29757834407911665,-0.3419326616663698
2018-04-19,15.960000038146973,-0.0015114360791996845,-0.08735129275050878,0.20250034790457724,0.6730324981275477,0.242867970956494,0.6381239039985014,-0.20401178398377692,-0.289851640655086,-0.3302192637070028
2018-04-20,16.8799991607666,0.017564951679877316,-0.0729310502427733,0.19842500969045745,0.6743769524139543,0.24008450707806314,0.6360790360610064,-0.18086005801058014,-0.27135605993323075,-0.3130155573208364
2018-04-23,16.34000015258789,0.012881916629716867,-0.07962972150298422,0.15675712627688354,0.6502578482479437,0.23977291169062476,0.6349775407574856,-0.14387520964716669,-0.23638684777986776,-0.31940263319360895
2018-04-24,18.020000457763672,0.06427399935001783,-0.042100915778792734,0.13045458570570745,0.627712555229295,0.2385263288212918,0.6352505228972211,-0.06618058635568962,-0.1725555014845002,-0.28062724460008454
2018-04-25,17.84000015258789,0.11000726025326424,-0.01689936221122381,0.10806247168580749,0.598954329836522,0.238816005578853,0.6352979041740322,0.001944788567456751,-0.1249618338970313,-0.2557153677900768
2018-04-26,16.239999771118164,0.10658456721345422,-0.019498979664377393,0.14106359442849556,0.5612388350086378,0.23157592698247592,0.633526853233511,-0.03447902721504134,-0.16056257409287295,-0.25107490664685334
2018-04-27,15.40999984741211,0.07760516195478674,-0.03891371848516949,0.14143020405799783,0.5332068413166725,0.22682691832990617,0.6225971359842002,-0.06382504210321109,-0.18034392254316733,-0.26574063681507565
2018-04-30,15.93000030517578,0.11850960594457981,-0.01096645807809874,0.15102566255089095,0.5292171188380266,0.2269000007448825,0.6215153986568468,-0.03251605660631114,-0.16199212062898968,-0.23786645882298124
2018-05-01,15.489999771118164,0.13269244075979153,-0.0035059556097663956,0.11040430006278552,0.5054333328909456,0.2214596533651326,0.6244498162674644,0.022288140697006006,-0.11391025567255192,-0.224965608974899
2018-05-02,15.970000267028809,0.1402358181817177,0.0027469931117411603,0.08078819616278338,0.4733496889827725,0.21830737722358085,0.6165313370579205,0.05944762201893433,-0.07804120305104222,-0.2155603841118397
2018-05-03,15.899999618530272,0.13930990253633316,0.00016556446423424755,0.06446412183193413,0.468608104320418,0.22049123739234727,0.624848780761873,0.07484578070439903,-0.06429855736769989,-0.22032567292811303
2018-05-04,14.770000457763672,0.07940766287899784,-0.040386654567811694,0.06757005976608042,0.48423089272803627,0.21935824209097635,0.6298447349996122,0.011837603112917414,-0.10795671433389212,-0.259744896658788
2018-05-07,14.75,0.08842704068549712,-0.03781540501114447,-0.00323337149315724,0.4189384710192075,0.18165494430799484,0.59219806494064,0.09166041217865435,-0.03458203351798723,-0.2194703493191393
2018-05-08,14.710000038146973,0.08778214519575454,-0.03831867294889484,-0.00645138557071624,0.4165633005171216,0.18479954522499978,0.5895146023895212,0.09423353076647079,-0.0318672873781786,-0.22311821817389463
2018-05-09,13.420000076293944,0.06655124089405043,-0.05308571003774048,-0.009913133096269273,0.36644123962045744,0.18843438908419505,0.5909875025574831,0.0764643739903197,-0.043172576941471204,-0.24152009912193553
2018-05-10,13.229999542236328,0.05523605488679874,-0.060698828876287546,-0.002896356322675466,0.3664383789424741,0.1505015334455232,0.5620310054521535,0.058132411209474204,-0.05780247255361208,-0.21120036232181075
2018-05-11,12.649999618530272,0.04551826064062779,-0.06850613083751764,-0.0032471985156767302,0.3619948213669387,0.15907511263961274,0.557777879519727,0.04876545915630452,-0.0652589323218409,-0.22758124347713038
2018-05-14,12.93000030517578,0.05923235750103259,-0.06025495646861192,-0.002832643748259332,0.3603772205642087,0.15649395800022756,0.5583991391842099,0.06206500124929192,-0.057422312720352586,-0.21674891446883948
2018-05-15,14.630000114440918,0.11090924307060841,-0.025270495505852,-0.020358932728297568,0.3860440096853803,0.15427029130079534,0.5634811372108999,0.13126817579890598,-0.004911562777554432,-0.17954078680664734
2018-05-16,13.420000076293944,0.08483304838156444,-0.04735450239835097,-0.023243289669746245,0.37004164285282065,0.15440520706623698,0.5586531800113109,0.10807633805131069,-0.024111212728604725,-0.20175970946458793
2018-05-17,13.43000030517578,0.0854962531011645,-0.04728923736009867,-0.0233547398259947,0.37585217736602344,0.15247589716003565,0.5622993558997791,0.1088509929271592,-0.023934497534103972,-0.19976513452013434
2018-05-18,13.420000076293944,0.10593138513768012,-0.03446752057124031,-0.013886465637331617,0.40558243996375676,0.15292170861274237,0.5634425684877443,0.11981785077501174,-0.020581054933908688,-0.18738922918398268
2018-05-21,13.079999923706056,0.10792910611537311,-0.03459754591513549,-0.005574799269791544,0.3992826480544979,0.15452337773483635,0.5674821140584316,0.11350390538516465,-0.029022746645343944,-0.18912092364997185
2018-05-22,13.220000267028809,0.11974055770367649,-0.026460845912728598,5.816117369383741e-05,0.3984656193833749,0.15741890712257187,0.5703441993481512,0.11968239652998265,-0.026519007086422436,-0.18387975303530046
2018-05-23,12.579999923706056,0.12334971399158441,-0.03245445309927958,-0.023201160740540336,0.3409360115072862,0.155548362888689,0.5684191465841474,0.14655087473212475,-0.009253292358739243,-0.18800281598796859
2018-05-24,12.529999732971191,0.12742195500152076,-0.02920317686811604,-0.0185753031451263,0.3591357399863446,0.14706364510172285,0.5615550775802953,0.14599725814664705,-0.01062787372298974,-0.1762668219698389
2018-05-25,13.220000267028809,0.25214340342488545,0.03696036996290749,-0.012254766540489745,0.35411002315335466,0.14344890022942333,0.5581243980959741,0.2643981699653752,0.04921513650339723,-0.10648853026651584
2018-05-29,17.020000457763672,0.5986010367288155,0.2709551509736655,0.039092608314352156,0.4167924432014131,0.14257390793725752,0.5509674119278332,0.5595084284144634,0.23186254265931336,0.128381243036408
2018-05-30,14.9399995803833,0.41970499156393143,0.14458355260683317,0.0828456049992405,0.42564831831160865,0.14589042939572247,0.5482067241206184,0.33685938656469094,0.06173794760759267,-0.0013068767888892996
2018-05-31,15.43000030517578,0.4912081365532343,0.19119578752195449,0.10855437011622066,0.40820015329664583,0.14497155915997667,0.5383532297747903,0.38265376643701365,0.08264141740573383,0.046224228361977815
2018-06-01,13.460000038146973,0.3339012238800327,0.08051122179846677,0.13377701729250352,0.4706827936719401,0.14418671710462833,0.5402456384952766,0.20012420658752916,-0.05326579549403675,-0.06367549530616155
2018-06-04,12.739999771118164,0.2664408862633559,0.03783623623390377,0.13402215134337495,0.46582490267668464,0.13558183810802832,0.5364553753949985,0.13241873491998093,-0.09618591510947118,-0.09774560187412455
2018-06-05,12.399999618530272,0.32677678696666657,0.06540520782866027,0.1293879312660339,0.44635799956741223,0.13726092529714687,0.5374385511556053,0.19738885570063266,-0.06398272343737363,-0.0718557174684866
2018-06-06,11.640000343322754,0.32010603799108533,0.060646195502200385,0.20329549909422176,0.4297697636115455,0.14161726776458344,0.5393083356128401,0.11681053889686357,-0.14264930359202138,-0.08097107226238306
2018-06-07,12.130000114440918,0.3504015745397718,0.08320026035094756,0.19319225671664575,0.4230533143180584,0.1399853401305364,0.5381459268715968,0.15720931782312603,-0.10999199636569819,-0.05678507977958884
2018-06-08,12.18000030517578,0.4163743837485589,0.11864516822955419,0.1953112417855884,0.3984857370520635,0.1303024408514965,0.5361703426045891,0.2210631419629705,-0.0766660735560342,-0.011657272621942313
2018-06-11,12.350000381469728,0.47556652026231516,0.15185773419255982,0.17622689956666288,0.3621109689614889,0.13151956507956297,0.5367478263270976,0.2993396206956523,-0.024369165374103052,0.02033816911299685
2018-06-12,12.34000015258789,0.49604563041997823,0.1646194936655979,0.18618477782080814,0.3729767591441311,0.13237317330569914,0.5378359924830047,0.30986085259917007,-0.02156528415521025,0.032246320359898745
2018-06-13,12.9399995803833,0.5594556488189723,0.20760990050260672,0.18898105862915107,0.3821246266918937,0.13189412143292892,0.5396071292010539,0.3704745901898212,0.018628841873455648,0.0757157790696778
2018-06-14,12.119999885559082,0.5606349797161663,0.20288971502352135,0.22560243898711677,0.3227871154594377,0.13017328164886768,0.5364501519819107,0.33503254072904953,-0.022712723963595416,0.07271643337465367
2018-06-15,11.979999542236328,0.5301039788845996,0.18486790724303998,0.20860531611213684,0.3354687061398073,0.1300315654526052,0.5375453015465798,0.32149866277246275,-0.023737408869096865,0.054836341790434784
2018-06-18,12.3100004196167,0.5553806180884762,0.20290083929426578,0.2027176202211159,0.33255366691011473,0.13097518086494586,0.5273003352199886,0.3526629978673603,0.00018321907314988728,0.07192565842931992
2018-06-19,13.350000381469728,0.6427753196914515,0.26514513142043117,0.18731655056436464,0.32687358116505183,0.13516290879289683,0.5332179392530277,0.4554587691270869,0.07782858085606653,0.12998222262753434
2018-06-20,12.789999961853027,0.5828507520478966,0.2242504270428387,0.16165523488562963,0.31535958980159434,0.1362374581735594,0.5358370507717504,0.421195517162267,0.06259519215720907,0.08801296886927931
2018-06-21,14.640000343322754,0.7711873479055812,0.3556330929609987,0.15944048695443322,0.3295628252756334,0.11058673596817632,0.5127557005987451,0.6117468609511479,0.1961926060065655,0.2450463569928224
2018-06-22,13.770000457763672,0.6698727928161488,0.28391345633996456,0.15904476494929293,0.3141114168005968,0.09279037366292604,0.48825937200488856,0.5108280278668558,0.12486869139067164,0.19112308267703854
2018-06-25,17.329999923706055,0.812218181261516,0.4097419144328077,0.1302116492801516,0.4187927849030652,0.07613240072240317,0.480672020715243,0.6820065319813644,0.2795302651526561,0.33360951371040454
2018-06-26,15.920000076293944,0.625519980339989,0.28190539413469357,0.11958940824498407,0.4216738697063075,0.09728674914798158,0.457091211560875,0.5059305720950049,0.1623159858897095,0.184618644986712
2018-06-27,17.90999984741211,0.8088669675772657,0.41170006760303474,0.07754500667837612,0.42922943156652277,0.10195243656659686,0.462789389873649,0.7313219608988896,0.33415506092465863,0.3097476310364379
2018-06-28,16.850000381469727,0.6836592058726039,0.32188133536152636,0.017559099078333952,0.38779136426004257,0.10366395227152479,0.4605484865690939,0.6661001067942699,0.3043222362831924,0.21821738309000155
2018-06-29,16.09000015258789,0.6213598230985944,0.27381687059958976,0.004570037579085904,0.4074432659139331,0.08435607643091583,0.4502198568095168,0.6167897855195085,0.26924683302050384,0.18946079416867392
2018-07-02,15.600000381469728,0.6279993356241141,0.26996061951035194,-0.02035874695161821,0.3853329297144499,0.07047377171616509,0.4432476078304328,0.6483580825757324,0.29031936646197015,0.19948684779418685
2018-07-03,16.139999389648438,0.6559668860072396,0.296155562056185,-0.025754021908512014,0.41766966250942333,0.06050280481224277,0.4491267696190698,0.6817209079157517,0.321909583964697,0.23565275724394222
2018-07-05,14.970000267028809,0.4880384562029202,0.18365840202069605,-0.014911611072572615,0.45092490907381194,0.059834501695853144,0.4551591358049835,0.5029500672754929,0.19857001309326866,0.12382390032484292
2018-07-06,13.369999885559082,0.3220379473541416,0.07161097986942502,-0.025139193315036418,0.45872249792977077,0.03077686299769628,0.4253045173366305,0.34717714066917804,0.09675017318446144,0.04083411687172875
2018-07-09,12.6899995803833,0.2596229179263783,0.032766150602834304,0.002638530168635468,0.5062974167895293,0.03456328387823487,0.4299790850360753,0.25698438775774285,0.030127620434198837,-0.0017971332754005628
2018-07-10,12.640000343322754,0.2532551981538183,0.02757133298720693,0.0014520634672829892,0.5075488221710115,0.031479733637698376,0.4033800691738284,0.2518031346865353,0.02611926951992394,-0.003908400650491445
2018-07-11,13.630000114440918,0.31419758202945874,0.0687065952007824,0.01052334681108756,0.5112713782321492,0.031974602761569104,0.40108258565476873,0.30367423521837117,0.05818324838969484,0.036731992439213296
2018-07-12,12.579999923706056,0.19603609386385518,-0.0022263856377440013,0.019222590634621024,0.5224449439471837,0.03568700455570985,0.40462926456419923,0.17681350322923414,-0.021448976272365024,-0.03791339019345385
2018-07-13,12.18000030517578,0.16760091343274705,-0.020579857972688093,0.014908249866789002,0.5171520711474251,0.03552887497537887,0.4051980411242503,0.15269266356595804,-0.0354881078394771,-0.05610873294806697
2018-07-16,12.829999923706056,0.2186905713909917,0.013501120837965348,0.019007179330303364,0.5098057093171205,0.02950975974800796,0.3954923493759169,0.19968339206068836,-0.005506058492338015,-0.016008638910042613
2018-07-17,12.0600004196167,0.15714043434669786,-0.02683803853706445,0.016192839308115586,0.4751382686424046,0.027384854380310908,0.37827161384849767,0.14094759503858229,-0.04303087784518003,-0.05422289291737536
2018-07-18,12.100000381469728,0.1554691816149637,-0.023383571032371857,0.016706117959297457,0.41643312905238244,0.02696738183826386,0.3603255145839657,0.13876306365566624,-0.040089688991669314,-0.05035095287063572
2018-07-19,12.869999885559082,0.2098321067882901,0.013564732274247966,0.021446544305954586,0.4190440342858365,0.03322468767191002,0.37374775578348124,0.1883855624823355,-0.00788181203170662,-0.019659955397662056
2018-07-20,12.859999656677246,0.20932647331950116,0.013339009659348127,0.021167480391945347,0.4158569050814315,0.03353352910613484,0.3682409460239582,0.1881589929275558,-0.00782847073259722,-0.020194519446786716
2018-07-23,12.619999885559082,0.19946477362706627,0.0076462709625219095,0.014845623264475248,0.3990409440973467,0.03495012296402985,0.36554232823841276,0.18461915036259102,-0.007199352301953338,-0.02730385200150794
2018-07-24,12.40999984741211,0.1731783335440865,-0.005601380153318974,0.0161266611127372,0.4104525252600607,0.02693250607657215,0.3469566555428842,0.1570516724313493,-0.021728041266056174,-0.032533886229891125
2018-07-25,12.289999961853027,0.22694686094737943,0.02728928638669212,0.01897896244332901,0.3040712910266243,0.031570455853736475,0.35036641019859827,0.20796789850405042,0.008310323943363108,-0.004281169467044356
2018-07-26,12.140000343322754,0.11895778212341757,-0.025054115748655428,-0.026110834215180526,0.2410437326767279,0.015134517847754271,0.3001909920402835,0.14506861633859808,0.001056718466525098,-0.0401886335964097
2018-07-27,13.029999732971191,0.16423915868441147,0.00652818669882783,-0.02978389612304869,0.2466719781666981,0.018571812814853126,0.3168927442636039,0.19402305480746015,0.03631208282187652,-0.012043626116025295
2018-07-30,14.260000228881836,0.21462467994998927,0.04130017435742532,-0.038865767766614344,0.2648026467219067,0.011267773702002618,0.3202601479477051,0.2534904477166036,0.08016594212403966,0.030032400655422703
2018-07-31,12.829999923706056,0.1433038189915617,-0.006778857351482186,-0.03139548709787711,0.26626046286980054,0.017398429957540505,0.32053187944168565,0.1746993060894388,0.024616629746394923,-0.02417728730902269
2018-08-01,13.149999618530272,0.12547592820206763,-0.013343670279258727,-0.045363673030465415,0.22932009019768362,0.009210686395476377,0.3204048227789655,0.17083960123253306,0.032020002751206686,-0.022554356674735106
2018-08-02,12.1899995803833,0.08322123088592202,-0.04133810933376373,-0.04169574624158867,0.20911072194824476,0.010145134472990668,0.32520587677402724,0.1249169771275107,0.0003576369078249417,-0.0514832438067544
2018-08-03,11.640000343322754,0.0728939605093496,-0.04919496794790834,-0.0444056245091599,0.19887546191032712,0.005868264341190094,0.31548943431709003,0.1172995850185095,-0.004789343438748442,-0.055063232289098436
2018-08-06,11.270000457763672,0.06254658037886279,-0.055721828653667545,-0.05350014961340533,0.19572576708681327,0.012681965845793218,0.31419899405269225,0.11604672999226812,-0.0022216790402622144,-0.06840379449946077
2018-08-07,10.93000030517578,0.04928920748056985,-0.06504649725057027,-0.06933345987833707,0.1732857157892211,0.012367822568407232,0.3153088958259173,0.11862266735890692,0.004286962627766802,-0.0774143198189775
2018-08-08,10.850000381469728,0.04796048567899692,-0.06586871986005492,-0.07096513021799412,0.1759191007139731,0.008024926483943873,0.31013727186751777,0.11892561589699105,0.005096410357939202,-0.0738936463439988
2018-08-09,11.270000457763672,0.072997044630346,-0.05049068776571894,-0.07920624780719562,0.16515689676978165,0.001886934984271574,0.3008387328886262,0.1522032924375416,0.028715560041476684,-0.05237762274999051
2018-08-10,13.15999984741211,0.1850616762324999,0.020336479144001204,-0.08201022273999899,0.16820785359887447,0.007206410637825004,0.3092601537606578,0.2670718989724989,0.10234670188400019,0.0131300685061762
2018-08-13,14.779999732971191,0.27963991174794606,0.08457037306904404,-0.07834484733682445,0.17219765608715656,0.008225949635155692,0.31010653958377876,0.3579847590847705,0.16291522040586848,0.07634442343388835
2018-08-14,13.3100004196167,0.186400137596808,0.02081494707676618,-0.0728577651848058,0.19385289584877294,0.0141355591092529,0.3019959253659353,0.2592579027816138,0.09367271226157198,0.00667938796751328
2018-08-15,14.640000343322754,0.26477435629790247,0.0743928990227921,-0.06148791980745245,0.2545658432495543,0.015785533679081355,0.31040150926894094,0.3262622761053549,0.13588081883024455,0.05860736534371075
2018-08-16,13.449999809265137,0.2002464885345616,0.02759794704081161,-0.04866436506693215,0.277632163102484,0.021491241296226503,0.30882798846688503,0.24891085360149373,0.07626231210774376,0.006106705744585106
2018-08-17,12.640000343322754,0.11259732307325565,-0.028984966059517007,-0.07120788075499196,0.2472148802681496,0.009007050734495235,0.2997242692736806,0.1838052038282476,0.042222914695474956,-0.03799201679401224
2018-08-20,12.489999771118164,0.10515850972101821,-0.034647070402169286,-0.07160563632256858,0.2515389571803959,0.004077932494639781,0.2944177803185866,0.1767641460435868,0.0369585659203993,-0.038725002896809066
2018-08-21,12.859999656677246,0.12008050279464,-0.025847202893485507,-0.07415537003287034,0.2533918073956291,0.001848732182814043,0.2918757224054743,0.19423587282751034,0.048308167139384836,-0.02769593507629955
2018-08-22,12.25,0.08809339651805632,-0.050957834069122535,-0.0864637533915587,0.2451679964099639,-0.002522171796557746,0.29120981147142955,0.17455714990961502,0.03550591932243617,-0.04843566227256479
2018-08-23,12.40999984741211,0.1085104817306422,-0.042110786034418306,-0.10248568443661016,0.23542790794962584,-0.0037657991684415786,0.28759908076546514,0.21099616616725236,0.06037489840219185,-0.038344986865976725
2018-08-24,11.989999771118164,0.17371599082026387,-0.02315213736799517,-0.07678329075870328,0.2959977841062521,-0.0029313463853874516,0.29058465181911947,0.25049928157896717,0.05363115339070812,-0.020220790982607716
2018-08-27,12.15999984741211,0.19906142323962328,-0.009864133080077784,-0.06804791640158728,0.332232311796335,-0.011109317851649304,0.29418248372869166,0.26710933964121053,0.058183783321509495,0.00124518477157152
2018-08-28,12.5,0.27839159668591534,0.033812014514616774,-0.060655661536632266,0.31515990414605183,-0.0269927783092195,0.28292541496368795,0.3390472582225476,0.09446767605124903,0.06080479282383627
2018-08-29,12.25,0.22058983506737295,0.0038920687305702435,-0.06830782394138808,0.3078597985198656,-0.03015863751755839,0.2867197745355086,0.288897659008761,0.07219989267195832,0.034050706248128636
2018-08-30,13.529999732971191,0.4295967208951338,0.13190591043990638,-0.02716150343727824,0.32878859843527264,-0.03278979606487029,0.27877930779914284,0.45675822433241203,0.15906741387718462,0.16469570650477666
2018-08-31,12.859999656677246,0.41549663201695,0.11358958459180983,-0.02735664378698366,0.29989481916961036,-0.032409890809618334,0.27907795916482675,0.44285327580393363,0.1409462283787935,0.14599947540142816
2018-09-04,13.15999984741211,0.4219354369219653,0.12201131854931482,-0.03997515918458829,0.292107482364973,-0.03317093417812435,0.2777639571319928,0.46191059610655355,0.16198647773390312,0.15518225272743918
2018-09-05,13.90999984741211,0.4576277193388284,0.15016795689748724,-0.054581282128629414,0.2956948397643282,-0.04286974127472319,0.27266097261791283,0.5122090014674578,0.20474923902611666,0.19303769817221045
2018-09-06,14.649999618530272,0.5003536164988414,0.18327781838233495,-0.06260921881668281,0.3057908359771679,-0.044178424088169924,0.2757030011391309,0.5629628353155242,0.24588703719901778,0.2274562424705049
2018-09-07,14.880000114440918,0.5224718820689013,0.19892295962250992,-0.06082220746452349,0.2950149563753959,-0.044613477614180885,0.2746101925657477,0.5832940895334248,0.25974516708703344,0.2435364372366908
2018-09-10,14.15999984741211,0.43679251610590647,0.1429549358582847,-0.06242783938800092,0.2720336756054663,-0.04516399460737541,0.2702161292398925,0.4992203554939074,0.20538277524628562,0.1881189304656601
2018-09-11,13.220000267028809,0.3125347922791206,0.06609329746816597,-0.08320285227886409,0.2733585246175337,-0.046734125114913254,0.2749732985624072,0.3957376445579847,0.14929614974703007,0.11282742258307923
2018-09-12,13.140000343322754,0.28803783252185505,0.05159013190138768,-0.09368793950195088,0.2835364613792119,-0.04950518699521026,0.2734232588978094,0.3817257720238059,0.14527807140333857,0.10109531889659794
2018-09-13,12.369999885559082,0.2246702942593275,0.011238841598566487,-0.09552461268634728,0.27010527075084784,-0.04742818468090871,0.27694721382887455,0.32019490694567476,0.10676345428491377,0.0586670262794752
2018-09-14,12.06999969482422,0.21110157853723752,-0.002168588432634566,-0.11841453867611715,0.21588078506779332,-0.048670069111260254,0.2731376837647351,0.32951611721335466,0.11624595024348258,0.04650148067862569
2018-09-17,13.68000030517578,0.3049579035508164,0.0641925226239178,-0.13701581714427805,0.2355630845667167,-0.04890328650138545,0.27601856037500533,0.44197372069509444,0.20120833976819585,0.11309580912530325
2018-09-18,12.789999961853027,0.3079240992989805,0.06619827179884497,-0.09992205177566055,0.24992939311744825,-0.0463944453555837,0.27339313922544684,0.40784615107464106,0.1661203235745055,0.11259271715442867
2018-09-19,11.75,0.2225137345782624,0.014121914845602218,-0.09716878608162642,0.24137516630344547,-0.04628508269746648,0.2710454846846057,0.31968252065988884,0.11129070092722863,0.0604069975430687
2018-09-20,11.800000190734863,0.21442493004464347,0.011534187407093992,-0.07720994671015412,0.23924094879871163,-0.04464414300637325,0.26512953336328277,0.2916348767547976,0.0887441341172481,0.056178330413467245
2018-09-21,11.68000030517578,0.23119649255014876,0.023146785063680585,-0.06334424707932057,0.26096864077432225,-0.04412066992894008,0.27150217642962216,0.29454073962946936,0.08649103214300116,0.06726745499262066
2018-09-24,12.199999809265137,0.26399774299762263,0.04634807425368522,-0.05996413895324165,0.2492589469400209,-0.04986687050438222,0.23230851064413013,0.3239618819508643,0.10631221320692688,0.09621494475806744
2018-09-25,12.420000076293944,0.28670785501854823,0.06126975154791144,-0.06995153872592327,0.23048332725000104,-0.050012278118664474,0.2293035988456003,0.35665939374447153,0.13122129027383472,0.11128202966657591
2018-09-26,12.890000343322754,0.34328342756397306,0.09590596942348074,-0.0861037626182065,0.18566385054746562,-0.052660101711447464,0.22611825244805048,0.4293871901821796,0.18200973204168724,0.1485660711349282
2018-09-27,12.40999984741211,0.28985995536923254,0.062122291279616555,-0.0869383665034559,0.19072215234352344,-0.05415080851506232,0.22608299886288732,0.37679832187268847,0.14906065778307245,0.11627309979467887
2018-09-28,12.119999885559082,0.22405465753189704,0.018572039188489823,-0.11695811519408382,0.15777144489050127,-0.06242472019783342,0.22019959153987234,0.34101277272598085,0.13553015438257365,0.08099675938632324
2018-10-01,12.0,0.1948191074949397,-0.0003473011488423095,-0.12709801553862674,0.1729579747493218,-0.06248630736039411,0.22036852926219863,0.32191712303356645,0.1267507143897844,0.0621390062115518
2018-10-02,12.050000190734863,0.20271745556086498,0.0042144028873370995,-0.12604951431514683,0.17342242582105846,-0.060800071587262666,0.20715843143318544,0.32876696987601184,0.13026391720248393,0.06501447447459976
2018-10-03,11.609999656677246,0.18113917908884639,-0.011633382191720103,-0.1263331972326561,0.18209628198515201,-0.064333623188452,0.20051433869245477,0.3074723763215025,0.11469981504093599,0.052700240996731894
2018-10-04,14.220000267028809,0.347035446332121,0.1011828777622932,-0.11437406326992422,0.19805398059375132,-0.06817340940065403,0.20569977533446232,0.46140950960204524,0.21555694103221743,0.16935628716294723
2018-10-05,14.81999969482422,0.3848959384301958,0.12484303935422222,-0.11542777798013469,0.20358912932123466,-0.0769363903816611,0.19937075499190163,0.5003237164103305,0.2402708173343569,0.2017794297358833
2018-10-08,15.6899995803833,0.4436081126887426,0.16702274715512802,-0.11898504664667277,0.20190178208735504,-0.07836067620216286,0.19751557818968163,0.5625931593354154,0.2860077938018008,0.24538342335729088
2018-10-09,15.949999809265137,0.4685115017721591,0.1840095145195374,-0.11905142702670857,0.21968032785424108,-0.0817482991351236,0.1949551761439211,0.5875629287988677,0.30306094154624597,0.265757813654661
2018-10-10,22.959999084472656,0.5975831378590656,0.3179133910197267,0.02892652944283294,0.5487951117248634,-0.030949929043045502,0.3258129425029474,0.5686566084162327,0.2889868615768938,0.3488633200627722
2018-10-11,24.979999542236328,0.6937713068168292,0.39312672637898577,0.10142319585282794,0.540769875221853,-0.0001132342621581556,0.3425590746859163,0.5923481109640012,0.29170353052615783,0.3932399606411439
2018-10-12,21.309999465942383,0.3667045149911394,0.15723581173177406,0.0863096918477991,0.5389572197963332,-0.0011153841912909643,0.3538733658203106,0.2803948231433403,0.07092611988397496,0.158351195923065
2018-10-15,21.299999237060547,0.3316348685047145,0.13276730744132673,0.07045604952965019,0.540858222274366,-0.006904594768875689,0.3671140865966799,0.26117881897506434,0.062311257911676535,0.13967190221020243
2018-10-16,17.6200008392334,0.12868244681931656,-0.010813257407849206,0.11039901953886842,0.5977421513113169,0.01373640033086232,0.40847481429187654,0.018283427280448142,-0.12121227694671763,-0.024549657738711525
2018-10-17,17.399999618530273,0.12076844270208226,-0.01661293226707127,0.10724456811333305,0.5891268174309116,0.013012224800663238,0.40337111528639796,0.013523874588749207,-0.12385750038040431,-0.029625157067734505
2018-10-18,20.059999465942383,0.2155767562486776,0.054065135148171496,0.12126810111537684,0.5973249636485064,0.021974263010939472,0.41143406369608715,0.09430865513330075,-0.06720296596720535,0.032090872137232024
2018-10-19,19.88999938964844,0.19789264946574642,0.0400030459994325,0.10345143223420146,0.5877963428393334,0.01592564361120511,0.4093701693017786,0.09444121723154496,-0.06344838623476895,0.024077402388227392
2018-10-22,19.63999938964844,0.18968629040022864,0.033807782535625434,0.1079909654394131,0.5794301207727529,0.018046367827772664,0.40488966352719025,0.08169532496081554,-0.07418318290378767,0.01576141470785277
2018-10-23,20.709999084472656,0.22032951431992187,0.05527313551000519,0.09626041324753541,0.574907841666479,0.010935112817475673,0.39973630306110836,0.12406910107238646,-0.04098727773753022,0.04433802269252952
2018-10-24,25.229999542236328,0.26120177851440474,0.09536731616807162,0.09385294152096652,0.6500734235450868,0.03418452752300523,0.5041735127857733,0.16734883699343822,0.0015143746471051045,0.06118278864506639
2018-10-25,24.219999313354492,0.1713738314096332,0.034985892567525705,0.08530161127745692,0.6839068582324592,0.03374093373488182,0.5306002944520067,0.08607222013217627,-0.05031571870993121,0.0012449588326438818
2018-10-26,24.15999984741211,0.1437408300905875,0.0168779274078253,0.089208459897349,0.6844452987256335,0.040727794075486316,0.5426587222391592,0.05453237019323849,-0.0723305324895237,-0.023849866667661018
2018-10-29,24.700000762939453,0.13291698585691955,0.011302035373215093,0.06871132292077803,0.6747597628380952,0.021288585272687077,0.5335335271881333,0.06420566293614152,-0.057409287547562936,-0.009986549899471984
2018-10-30,23.350000381469727,0.06597525897927506,-0.039861586148832236,0.0561510037013333,0.6723122040870183,0.01864241609147228,0.545786839523911,0.009824255277941757,-0.09601258985016553,-0.05850400224030451
2018-10-31,21.229999542236328,0.0008425971903648303,-0.08583614644976542,0.049854584156351946,0.6975071059130455,0.016285025033893563,0.5609218690371597,-0.04901198696598712,-0.13569073060611736,-0.10212117148365898
2018-11-01,19.34000015258789,-0.04477816816594591,-0.11912982625896382,0.05145566392694909,0.6915148393005268,0.01672327344477633,0.5572613615949034,-0.096233832092895,-0.1705854901859129,-0.13585309970374015
2018-11-02,19.510000228881836,-0.045566222073267215,-0.11793851931436265,0.04191043958771371,0.6676891422151269,0.009575796633483563,0.5457997420914957,-0.08747666166098092,-0.15984895890207637,-0.1275143159478462
2018-11-05,19.959999084472656,-0.035410327597902434,-0.10919396270666087,0.04177998515155354,0.6415966706932911,0.008448925502491645,0.5289274623700675,-0.07719031274945598,-0.1509739478582144,-0.11764288820915252
2018-11-06,19.90999984741211,-0.03593720711570194,-0.1095127450011003,0.04473578723390286,0.6485394412106326,0.00995580421282915,0.5309225426634873,-0.0806729943496048,-0.15424853223500315,-0.11946854921392945
2018-11-07,16.360000610351562,-0.10374633522193914,-0.15590085176516844,0.05958819880314109,0.6638221117215519,0.02222828835672011,0.5446590971572094,-0.16333453402508025,-0.21548905056830953,-0.17812914012188855
2018-11-08,16.719999313354492,-0.081750514395627,-0.14373382099147505,0.03173923672103932,0.6034680011896204,0.017573740915258013,0.5396788512796155,-0.11348975111666632,-0.17547305771251437,-0.16130756190673307
2018-11-09,17.360000610351562,-0.06657160454269732,-0.1331115381424844,0.009803090894153595,0.6189232848654478,0.019518590755579674,0.54360084790499,-0.07637469543685092,-0.14291462903663799,-0.15263012889806407
2018-11-12,20.450000762939453,-0.017242920292872322,-0.09807032308151448,0.003969754130459044,0.657400258621461,0.013704319562708647,0.5595613042275194,-0.021212674423331367,-0.10204007721197351,-0.11177464264422313
2018-11-13,20.020000457763672,-0.02594348500158942,-0.10478386259196273,0.0029238395510538993,0.6367191068100163,0.007736382804090188,0.5498686747750318,-0.028867324552643316,-0.10770770214301663,-0.11252024539605292
2018-11-14,21.25,0.009154397858703775,-0.08013569712167468,-0.01715686800845629,0.6040746399283633,0.0057361384809531514,0.550515250135294,0.026311265867160066,-0.06297882911321839,-0.08587183560262783
2018-11-15,19.979999542236328,-0.02364618329820737,-0.1034404258559041,-0.013905597230032173,0.6135258770844405,0.011843418993479874,0.555216551288934,-0.009740586068175197,-0.08953482862587192,-0.11528384484938398
2018-11-16,18.13999938964844,-0.15719834978123443,-0.21518897860466163,-0.12825343960418634,0.5626476771135951,-0.057780900709922846,0.5237484475898431,-0.02894491017704809,-0.08693553900047529,-0.1574080778947388
2018-11-19,20.100000381469727,-0.14951784101996346,-0.2096139094053146,-0.14001570070141492,0.5621694241177492,-0.07257912560051144,0.5248446094576543,-0.009502140318548541,-0.06959820870389968,-0.13703478380480316
2018-11-20,22.479999542236328,-0.1106491916688029,-0.17904063978081564,-0.12569279865079486,0.5600859853121497,-0.06268218757676235,0.5207800330428565,0.015043606981991961,-0.05334784113002078,-0.11635845220405329
2018-11-21,20.799999237060547,-0.13712337846573025,-0.19816775504764303,-0.12439493295805075,0.5636226733509474,-0.0633680682494819,0.5194017438743048,-0.0127284455076795,-0.07377282208959228,-0.13479968679816112
2018-11-23,21.520000457763672,-0.10480726326674938,-0.1776866278650992,-0.15203141831645306,0.5060796154610944,-0.06295039077038356,0.5167452721993405,0.047224155049703676,-0.02565520954864614,-0.11473623709471564
2018-11-26,18.899999618530273,-0.1557322466718164,-0.21858285490046847,-0.15920471611102077,0.5132397203087893,-0.061434907813000886,0.5286039343038264,0.003472469439204373,-0.0593781387894477,-0.1571479470874676
2018-11-27,19.020000457763672,-0.15091512052013012,-0.21824542571252115,-0.1748355121953487,0.496629303663053,-0.06100419215681753,0.5283406189190665,0.02392039167521859,-0.04340991351717244,-0.15724123355570363
2018-11-28,18.489999771118164,-0.15505264422864565,-0.2199484496616716,-0.14020546430922798,0.541587996149102,-0.05047554251895937,0.544349552007193,-0.014847179919417669,-0.07974298535244362,-0.16947290714271224
2018-11-29,18.790000915527344,-0.13288347803892905,-0.20193911631160438,-0.13631591664692283,0.5352757370644365,-0.051099723443423395,0.5440420885784009,0.0034324386079937763,-0.06562319966468155,-0.150839392868181
2018-11-30,18.06999969482422,-0.14865653636534215,-0.21768726963418733,-0.1427759950345056,0.5144230527435484,-0.0515255204010558,0.5461749278568763,-0.005880541330836542,-0.07491127459968172,-0.16616174923313154
2018-12-03,16.440000534057617,-0.1799271870872886,-0.23891659005819144,-0.14009528763617415,0.5327330316003666,-0.04957705366217445,0.5535899473156056,-0.039831899451114455,-0.09882130242201728,-0.18933953639601697
2018-12-04,20.739999771118164,-0.10519954506597136,-0.1813263213460787,-0.08535306799451832,0.6055694447045284,-0.03006466109854768,0.5815488901374334,-0.01984647707145304,-0.09597325335156039,-0.15126166024753102
2018-12-06,21.190000534057617,-0.09524517915765765,-0.17524702539061346,-0.08615030647151019,0.6235005456623447,-0.02969508194840966,0.57829787888054,-0.009094872686147462,-0.08909671891910327,-0.1455519434422038
2018-12-07,23.229999542236328,-0.06559843229258869,-0.15109709806560406,-0.07064687430480211,0.6330911689786649,-0.023462253692497645,0.5882421827321693,0.005048442012213425,-0.08045022376080195,-0.1276348443731064
2018-12-10,22.63999938964844,-0.07671945799571671,-0.1635136792608497,-0.09497541438376712,0.5968608747122943,-0.024470658810756437,0.5852007817946087,0.018255956388050415,-0.06853826487708257,-0.13904302045009326
2018-12-11,21.760000228881836,-0.09425515548401064,-0.17655430185858803,-0.0935275190652981,0.6055616342620466,-0.024620285424186424,0.5832258064592245,-0.0007276364187125406,-0.08302678279328993,-0.1519340164344016
2018-12-12,21.459999084472656,-0.10030915034634189,-0.18205067283298282,-0.09735238022800899,0.6083887161574972,-0.02349268653211206,0.584491954182742,-0.0029567701183328965,-0.08469829260497383,-0.15855798630087076
2018-12-13,20.649999618530273,-0.09890748104215326,-0.18362877949906725,-0.1003738636644902,0.5862828180978898,-0.023794708273703214,0.5860256679385694,0.001466382622336948,-0.08325491583457705,-0.15983407122536403
2018-12-14,21.6299991607666,-0.07247251543192106,-0.16028145924577802,-0.07398236193213137,0.6043152961087598,-0.0165168419076648,0.5891817132423979,0.0015098465002103129,-0.08629909731364666,-0.14376461733811322
2018-12-17,24.520000457763672,-0.004021377810273957,-0.10781562875417063,-0.05327692591639509,0.6162165775445833,-0.007919088469149679,0.5946917979567595,0.04925554810612113,-0.05453870283777554,-0.09989654028502094
2018-12-18,25.579999923706055,0.025160370566999816,-0.08612968650825806,-0.05876988584536073,0.5927097424486838,-0.009518111403837612,0.5849256741443719,0.08393025641236054,-0.02735980066289733,-0.07661157510442045
2018-12-19,25.579999923706055,0.1585923220633358,0.028620928680968,0.07674891073562076,0.6455910601588446,-0.009293675134764921,0.5866199956367347,0.08184341132771503,-0.04812798205465276,0.037914603815732924
2018-12-20,28.3799991607666,0.3788920221780149,0.19412378814434178,0.1662287428645791,0.676500744165104,-0.005045482959554548,0.5854049479037369,0.2126632793134358,0.027895045279762692,0.19916927110389632
2018-12-21,30.11000061035156,0.4233995195146697,0.23063332559488306,0.15669632947165474,0.706169616055936,6.960096890512662e-05,0.5914641256800581,0.26670319004301496,0.07393699612322832,0.23056372462597793
2018-12-24,36.06999969482422,0.6730954569174289,0.4253573480217995,0.20549517137713594,0.7107702202109297,0.01498354943222514,0.5944066309418689,0.467600285540293,0.21986217664466354,0.41037379858957435
2018-12-26,30.40999984741211,0.29199742051480115,0.14399020069382756,0.2777565988026688,0.7912862867985151,0.05406326587615655,0.6398489925796368,0.014240821712132368,-0.13376639810884122,0.08992693481767101
2018-12-27,29.959999084472656,0.30829340983419745,0.15486328702487234,0.295102575592819,0.7745500475749055,0.05492603673940381,0.6403886863979142,0.013190834241378457,-0.14023928856794665,0.09993725028546854
2018-12-28,28.34000015258789,0.2529089480745132,0.11274118941270388,0.2921723288315619,0.7743163141878319,0.054924963414696035,0.6391611153524608,-0.039263380757048716,-0.17943113941885802,0.05781622599800784
2018-12-31,25.420000076293945,0.19431336426610082,0.0661752843786744,0.29987922190436583,0.7566773770699066,0.059149894653853854,0.6424051027410556,-0.10556585763826501,-0.23370393752569144,0.007025389724820544
2019-01-02,23.219999313354492,0.12670018359807605,0.016263743840216487,0.2951651549745027,0.7450362621164119,0.058985941997506154,0.6365921461113457,-0.16846497137642663,-0.2789014111342862,-0.04272219815728967
2019-01-03,25.450000762939453,0.1288546587241066,0.021132018720168136,0.24985445660457445,0.732389286786861,0.054760886523085604,0.6390801513601444,-0.12099979788046786,-0.22872243788440633,-0.03362886780291747
2019-01-04,21.3799991607666,0.015486702141366606,-0.06095918404882045,0.26866679014595357,0.7577994098097268,0.06658716398113962,0.6531256606819283,-0.25318008800458697,-0.329625974194774,-0.12754634802996007
2019-01-07,21.399999618530273,0.04065423848257294,-0.04491893801165664,0.25855909249570674,0.7407722463519774,0.06565687105239118,0.6557033102909058,-0.2179048540131338,-0.3034780305073634,-0.11057580906404782
2019-01-08,20.469999313354492,0.017958171214708947,-0.06165810655256027,0.26036068675127355,0.7441934635493195,0.06700409255551691,0.6548527389343699,-0.2424025155365646,-0.3220187933038338,-0.1286621991080772
2019-01-09,19.979999542236328,0.030197348162463264,-0.05349464355257864,0.26932799120196027,0.737172792396635,0.06712407234970648,0.6563758824549416,-0.239130643039497,-0.32282263475453893,-0.12061871590228512
2019-01-10,19.5,0.02267771430380681,-0.05946326981985546,0.2776256217394273,0.7526599469587976,0.06729812600554737,0.656895717857476,-0.25494790743562046,-0.33708889155928273,-0.12676139582540283
2019-01-11,18.190000534057617,-0.006375570547734079,-0.0803400316652555,0.2766501167443271,0.7508088463073199,0.05971279604279486,0.6417106482069834,-0.2830256872920612,-0.3569901484095826,-0.14005282770805036
2019-01-14,19.06999969482422,0.011656883840660841,-0.06740355830286993,0.2757179694768941,0.7475864390020633,0.05226240690619771,0.6447013047314163,-0.26406108563623326,-0.343121527779764,-0.11966596520906764
2019-01-15,18.600000381469727,-0.003531059550509698,-0.07720546939761301,0.27036560509398055,0.7430995830231254,0.05406798501559023,0.6478993198852395,-0.27389666464449025,-0.3475710744915936,-0.13127345441320323
2019-01-16,19.040000915527344,0.0124670244608603,-0.06653170814044172,0.26289901657680875,0.7355100929222702,0.05652672302351329,0.6469046848538922,-0.25043199211594847,-0.3294307247172505,-0.12305843116395501
2019-01-17,18.059999465942383,-0.004281545992350098,-0.07986805254353332,0.2524260282618125,0.7289860604624098,0.051669427518487326,0.6409193444100415,-0.2567075742541626,-0.33229408080534584,-0.13153748006202065
2019-01-18,17.799999237060547,-0.010874877936760766,-0.08474859687056675,0.2634358161782313,0.7480792867282265,0.0540094945290356,0.6444734864820062,-0.2743106941149921,-0.34818441304879805,-0.13875809139960235
2019-01-22,20.799999237060547,0.062205214661546285,-0.03242866915109738,0.2677346019075393,0.7563255369514993,0.05060551821683786,0.6476495409080891,-0.205529387245993,-0.30016327105863666,-0.08303418736793525
2019-01-23,19.520000457763672,0.036479657327054216,-0.05160766733762517,0.25908361887859244,0.7512368084993175,0.05285760935272862,0.647814215146909,-0.22260396155153822,-0.3106912862162176,-0.10446527669035378
2019-01-24,18.88999938964844,0.030728796923669748,-0.05934397525011,0.25153110472220963,0.7306891317412055,0.049315339661433276,0.6499603492006184,-0.22080230779853988,-0.3108750799723196,-0.10865931491154328
2019-01-25,17.420000076293945,-0.002252007564673347,-0.08446736793380168,0.20822902041450128,0.7208808725830553,0.05117726539320718,0.653121954528235,-0.21048102797917462,-0.29269638834830297,-0.13564463332700885
2019-01-28,18.8700008392334,-0.004841698260843106,-0.11165772017639596,-0.02897894472788358,0.611257935757579,0.025964641962398297,0.6347894482662813,0.024137246467040473,-0.08267877544851238,-0.13762236213879425
2019-01-29,19.1299991607666,-0.0078115832339280865,-0.11333486458165158,-0.04398339030140689,0.6085822760010112,0.022938944820837845,0.6276375623523195,0.0361718070674788,-0.06935147428024468,-0.13627380940248943
2019-01-30,17.65999984741211,-0.06738015219440936,-0.15043258364747283,-0.04268508020551354,0.6238757274660907,0.018912368092181095,0.6289910646798342,-0.024695071988895825,-0.1077475034419593,-0.16934495173965392
2019-01-31,16.56999969482422,-0.09762029582886078,-0.16755531824253952,-0.051333656967996896,0.5776653412571563,0.023894354293321346,0.6234191378073356,-0.046286638860863885,-0.11622166127454263,-0.19144967253586087
2019-02-01,16.139999389648438,-0.10550696654425651,-0.17162653979233736,-0.05142455235901839,0.5555336144214322,0.026722661608555014,0.6116886751588512,-0.05408241418523812,-0.12020198743331897,-0.19834920140089238
2019-02-04,15.729999542236328,-0.09035127933866066,-0.16775954685979735,-0.06288683678989682,0.4623146498767636,0.02728995618727988,0.6025152074442773,-0.027464442548763845,-0.10487271006990054,-0.19504950304707724
2019-02-05,15.56999969482422,-0.0738921356884071,-0.1662487914283591,-0.1524369286936881,0.3606935694140336,0.026669015426766963,0.6038322193849799,0.078544793005281,-0.013811862734670999,-0.19291780685512608
2019-02-06,15.380000114440918,-0.06942653537517,-0.16103716442177513,-0.14993696180655922,0.364775901192749,0.02945692194569613,0.6080005406975226,0.08051042643138921,-0.01110020261521591,-0.19049408636747125
2019-02-07,16.3700008392334,-0.04420091006602077,-0.1431789198841181,-0.15162571778735356,0.4015021796950734,0.03022481584562425,0.6219501102850131,0.1074248077213328,0.008446797903235465,-0.17340373572974235
2019-02-08,15.720000267028809,-0.060516125051420754,-0.15445104622867384,-0.15186729335318466,0.40068514514908965,0.029476686207931296,0.6187289094534643,0.0913511683017639,-0.002583752875489176,-0.18392773243660512
2019-02-11,15.970000267028809,-0.05231711741222092,-0.14836376174922397,-0.15213777014374041,0.3973116499158747,0.02318693770884921,0.6130713178285516,0.0998206527315195,0.0037740083945164427,-0.1715506994580732
2019-02-12,15.43000030517578,-0.07008549443961286,-0.15876666074310042,-0.13470082555401042,0.42002177874402685,0.026656272451978432,0.6184514643103616,0.06461533111439756,-0.02406583518909,-0.18542293319507885
2019-02-13,15.649999618530272,-0.06319283883801646,-0.15473805585822603,-0.13753631890409945,0.4252472194095919,0.02551666256229809,0.6180607007268861,0.07434348006608299,-0.01720173695412658,-0.18025471842052412
2019-02-14,16.219999313354492,-0.042181638256345994,-0.14535509086003923,-0.15341754431819268,0.41348972050768623,0.028914299225255638,0.6085067293048234,0.11123590606184669,0.008062453458153457,-0.17426939008529485
2019-02-15,14.90999984741211,-0.08148960339747445,-0.171321160931576,-0.1399759937861996,0.4011399718945581,0.03417631707578122,0.6078159373405361,0.05848639038872515,-0.03134516714537641,-0.20549747800735724
2019-02-19,14.880000114440918,-0.080676729773461,-0.1706369404513213,-0.14470698156297124,0.4006206417253069,0.03432752971088488,0.6091342007320404,0.06403025178951023,-0.025929958888350063,-0.20496447016220617
2019-02-20,14.020000457763672,-0.10068584149915973,-0.18539142086758967,-0.1621433907780073,0.3868845974790927,0.03355271589770341,0.6091658108044383,0.06145754927884757,-0.023248030089582372,-0.21894413676529306
2019-02-21,14.460000038146973,-0.07439766988932618,-0.16906776038058274,-0.17448953156410293,0.3347533949894552,0.09138671715070158,0.6308664491340595,0.10009186167477675,0.005421771183520191,-0.2604544775312843
2019-02-22,13.510000228881836,-0.10418994351304123,-0.1889637210864381,-0.17168817735945874,0.3298145306064241,0.11728124650554664,0.633297424281379,0.06749823384641751,-0.01727554372697937,-0.3062449675919847
2019-02-25,14.850000381469728,-0.04907576671847753,-0.1486871340370583,-0.157961690090657,0.33364087531801595,0.11356854532639132,0.6378234688379261,0.10888592337217948,0.009274556053598698,-0.2622556793634496
2019-02-26,15.170000076293944,-0.033764903049847,-0.1405447662744882,-0.1666364843347727,0.32486286508394996,0.11520523491666564,0.6398504865556439,0.1328715812849257,0.026091718060284513,-0.2557500011911538
2019-02-27,14.699999809265137,0.11896436897033037,-0.020717600955890002,-0.052366490235643555,0.3135987093400878,0.1151445699519372,0.6325642493735523,0.17133085920597393,0.03164888927975355,-0.1358621709078272
2019-02-28,14.779999732971191,0.15606550444360215,0.004171946906683429,-0.0322577214692164,0.32781693057346234,0.1171707224483146,0.622877236266357,0.18832322591281855,0.036429668375899824,-0.11299877554163117
2019-03-01,13.56999969482422,0.21412397522146165,0.02921231063169727,-0.024351033415868605,0.26182892954967757,0.11676389673559676,0.6251863596176828,0.23847500863733026,0.053563344047565874,-0.08755158610389949
2019-03-04,14.630000114440918,0.4133153673619718,0.14974669181096922,0.0019687710155485475,0.2812147127779843,0.11194017417327909,0.6094770725302827,0.41134659634642323,0.14777792079542068,0.037806517637690135
2019-03-05,14.739999771118164,0.4856298792974624,0.18861187025253143,0.017460655088946626,0.33218917257842195,0.11208754685679925,0.6086796780016567,0.46816922420851576,0.1711512151635848,0.07652432339573217
2019-03-06,15.739999771118164,0.6976524373495088,0.32015746100959874,0.03979846932819751,0.3565104270504864,0.11348578900707737,0.6087285163408928,0.6578539680213112,0.2803589916814012,0.20667167200252137
2019-03-07,16.59000015258789,0.7725863691527962,0.3745057998299025,0.054590254815390836,0.368922887274193,0.11512931961091456,0.6055084955963828,0.7179961143374054,0.3199155450145117,0.25937648021898796
2019-03-08,16.049999237060547,0.7777605808868917,0.37082087670231983,0.07608542361859866,0.3774411706465399,0.10339869093188231,0.582674721360282,0.7016751572682931,0.2947354530837212,0.2674221857704375
2019-03-11,14.329999923706056,0.37617953900466417,0.10917622353015421,0.029454207139204804,0.4093129799824033,0.09826520947045218,0.5958559793651207,0.34672533186545934,0.07972201639094942,0.010911014059702032
2019-03-12,13.770000457763672,0.3221426469603304,0.07316242698512801,0.030194974528259318,0.4068075555266423,0.09551119852835456,0.5839994617044779,0.2919476724320711,0.04296745245686869,-0.02234877154322655
2019-03-13,13.40999984741211,0.26215786165231053,0.032159889170341995,0.0240035475906611,0.41310900048807153,0.09712576342049342,0.5929967990666933,0.23815431406164944,0.008156341579680895,-0.06496587425015143
2019-03-14,13.5,0.3180224110085383,0.06175212775753352,-0.012751541432600612,0.36794505484331674,0.0975824282595814,0.5928357614878111,0.3307739524411389,0.07450366919013413,-0.03583030050204788
2019-03-15,12.880000114440918,0.23987000679582265,0.013337414261509821,-0.020166128990415047,0.35490304411717927,0.09587681773980981,0.5903944613927125,0.2600361357862377,0.03350354325192487,-0.0825394034783
2019-03-18,13.100000381469728,0.24266161137558884,0.02021883512536183,-0.019856840783030686,0.34402722391924695,0.0954485346534995,0.5871390588403895,0.2625184521586195,0.04007567590839252,-0.07522969952813768
2019-03-19,13.5600004196167,0.2572274074074753,0.024713732014321872,-0.07745820654770712,0.35679302131617374,0.0850603886649686,0.5785207148926564,0.3346856139551824,0.102171938562029,-0.06034665665064672
2019-03-20,13.90999984741211,0.262207827709416,0.03442160966014852,-0.07731547945818194,0.321938074899199,0.07432706906487344,0.5613217439277203,0.33952330716759793,0.11173708911833047,-0.03990545940472492
2019-03-21,13.630000114440918,0.15587429360360378,-0.030979658413667573,-0.08112761261288397,0.311679599085005,0.07273217650221492,0.5651289247694692,0.23700190621648776,0.050147954199216395,-0.10371183491588248
2019-03-22,16.479999542236328,0.2894736660913617,0.06987161429323537,-0.005792835655916988,0.43575220923108254,0.08359304766052682,0.5696641855297867,0.2952665017472787,0.07566444994915235,-0.013721433367291452
2019-03-25,16.329999923706055,0.28523542037957583,0.06536633575514099,-0.013534908803518916,0.4464435242935184,0.07594233260834296,0.5640962865568485,0.29877032918309476,0.0789012445586599,-0.010575996853201972
2019-03-26,14.68000030517578,0.17654940955944892,-0.010170322952270348,-0.0044583038704973325,0.43578601525633387,0.07390135466468735,0.5460600161926901,0.18100771342994626,-0.005712019081773016,-0.08407167761695769
2019-03-27,15.149999618530272,0.20136013516698276,0.008306189527799818,0.0012423480601797053,0.4392734882288563,0.05105270008979012,0.5375726268910792,0.20011778710680306,0.007063841467620112,-0.0427465105619903
2019-03-28,14.43000030517578,0.161500579595061,-0.01969262473211119,0.0057219268841059625,0.4467458366581616,-0.027660725001825367,0.45506509288480235,0.15577865271095503,-0.025414551616217154,0.007968100269714177
2019-03-29,13.710000038146973,0.11980985983665221,-0.04839585416532594,0.012993551344893836,0.44157021634732785,-0.028496073798120494,0.4574123618416903,0.10681630849175837,-0.06138940551021978,-0.01989978036720545
2019-04-01,13.399999618530272,0.10083754358891231,-0.059052871564440806,0.03577870271888281,0.4389743589403555,-0.022124702844833997,0.4596289322899248,0.0650588408700295,-0.09483157428332362,-0.03692816871960681
2019-04-02,13.359999656677246,0.0978708267814146,-0.06164076864468923,0.031722500928352236,0.4544148560210837,-0.025846285916313952,0.45963555275843276,0.06614832585306235,-0.09336326957304147,-0.03579448272837528
2019-04-03,13.739999771118164,0.10872823791000442,-0.05664976999894388,0.022946762560600534,0.4638478632024726,-0.0265085610898203,0.4647635116761724,0.08578147534940389,-0.07959653255954441,-0.03014120890912358
2019-04-04,13.579999923706056,0.11119963967820326,-0.05399410540237707,0.02561468216946453,0.4513266570072796,-0.02797184802514818,0.42956237834820493,0.08558495750873873,-0.0796087875718416,-0.02602225737722889
2019-04-05,12.81999969482422,0.08031841530679817,-0.0780615244221568,0.020851675242223106,0.4400627890307221,-0.07456111253807039,0.3770764647610568,0.05946674006457507,-0.0989131996643799,-0.00350041188408641
2019-04-08,13.18000030517578,0.0974115339914581,-0.0660924236240688,0.018442827852283062,0.44253556158183566,-0.07168538400487165,0.37988856976921964,0.07896870613917505,-0.08453525147635185,0.0055929603808028555
2019-04-09,14.279999732971191,0.2882848483741328,0.055266122898281866,0.053247836633757865,0.3717154620658617,-0.07379803305287409,0.38238609031314486,0.23503701174037495,0.002018286264524001,0.12906415595115595
2019-04-10,13.300000190734863,0.2214003175257827,0.008289280301985813,0.05359824146890425,0.37114301698258473,-0.07362282695137001,0.3822607393994538,0.16780207605687847,-0.04530896116691843,0.08191210725335582
2019-04-11,13.020000457763672,0.22989178800328397,0.015605347380531641,0.06183169979607947,0.3424606791398721,-0.0734619405140631,0.37758763545078344,0.1680600882072045,-0.04622635241554783,0.08906728789459474
2019-04-12,12.010000228881836,0.1600056319365176,-0.025715783973492737,0.07787739814836636,0.2998143273511442,-0.0682903510360933,0.3595544519495536,0.08212823378815123,-0.1035931821218591,0.04257456706260056
2019-04-15,12.31999969482422,0.18698782555517227,-0.011050577504298437,0.07418807256455538,0.3013071957114158,-0.0719046034351436,0.35931715523340085,0.11279975299061688,-0.08523865006885382,0.060854025930845164
2019-04-16,12.18000030517578,0.1833456735983589,-0.018315005226913185,0.0719843657603515,0.31710651152480945,-0.07927010180115596,0.34950219636870694,0.1113613078380074,-0.09029937098726468,0.06095509657424277
2019-04-17,12.600000381469728,0.24003361816485178,0.02215699919262063,0.09724684829182759,0.3206806347728578,-0.07940045174594261,0.34626138864831996,0.1427867698730242,-0.07508984909920696,0.10155745093856325
2019-04-18,12.09000015258789,0.22224590065266292,0.004405269841033089,0.10766420804732463,0.34556242953422484,-0.0819801451743684,0.34386024451091435,0.11458169260533829,-0.10325893820629153,0.08638541501540149
2019-04-22,12.420000076293944,0.3879819631680798,0.10728990935935068,0.15759927872577295,0.3570544894493294,-0.09115251564618963,0.3392138456929189,0.23038268444230686,-0.050309369366422274,0.19844242500554032
2019-04-23,12.279999732971191,0.5179910076618723,0.17406696131081206,0.07789129706636597,0.1958575203736561,-0.09035007563947003,0.3188572706998042,0.44009971059550634,0.0961756642444461,0.26441703695028207
2019-04-24,13.140000343322754,0.6594493389741556,0.26675866010527466,0.09802256451560905,0.2162599133198069,-0.09024357713012522,0.3230791619573305,0.5614267744585465,0.16873609558966562,0.35700223723539987
2019-04-25,13.25,0.5484371196397871,0.21258307943242136,0.03450024523846643,0.18297858523840532,-0.08341853414133726,0.31968791609208413,0.5139368744013207,0.17808283419395493,0.29600161357375865
2019-04-26,12.729999542236328,0.3805328479848645,0.10454025062397457,-0.020252959875200306,0.12794876893456544,-0.09113093616409337,0.30650879600052716,0.4007858078600648,0.12479321049917487,0.19567118678806794
2019-04-29,13.109999656677246,0.4016581710831207,0.12151109405480476,-0.028090163010004703,0.12325639609147447,-0.027024250901209045,0.30167533932854546,0.4297483340931254,0.14960125706480945,0.1485353449560138
2019-04-30,13.119999885559082,0.24556531895069666,0.03770593775880032,-0.08593963821751553,0.11286718235768183,-0.029595522547983134,0.28368743684091824,0.3315049571682122,0.12364557597631586,0.06730146030678345
2019-05-01,14.800000190734863,0.30915520419643244,0.08785651371974242,-0.120602456866341,0.05960157712483003,-0.030574667320401684,0.24055373422327705,0.42975766106277347,0.20845897058608343,0.1184311810401441
2019-05-02,14.420000076293944,0.2825566170250124,0.06891559680937116,-0.120869870247305,0.07235598582450492,-0.025879327351317993,0.24955859353142545,0.4034264872723174,0.18978546705667615,0.09479492416068916
2019-05-03,12.869999885559082,0.17763441530935775,0.003624515203676694,-0.08901297918262499,0.09430794581535673,-0.01690330568732459,0.2778176986381962,0.2666473944919827,0.09263749438630169,0.020527820891001285
2019-05-06,15.4399995803833,0.3241253015201299,0.1055855116209023,-0.08931038141186248,0.10864968714574769,-0.013459121972416176,0.27882734727928804,0.4134356829319924,0.19489589303276478,0.11904463359331847
2019-05-07,19.31999969482422,0.5310256976327286,0.25873976012553246,-0.04218660956508697,0.18047730006933302,0.0028888991531202555,0.3010774497952675,0.5732123071978156,0.3009263696906194,0.2558508609724122
2019-05-08,19.399999618530273,0.5441082467535453,0.2675062319706306,-0.04041759644355918,0.18027235384506674,0.006460413637829216,0.30316432146053784,0.5845258431971044,0.3079238284141898,0.2610458183328014
2019-05-09,19.100000381469727,0.5133489926326715,0.2453080090417506,-0.04778411086203845,0.18378706121709018,0.004748291440559321,0.28794126390029134,0.56113310349471,0.29309211990378903,0.24055971760119127
2019-05-10,16.040000915527344,0.30170079256928584,0.0951973734655274,-0.04450134735315307,0.18002886533848345,0.006174186073697325,0.28546966041203836,0.3462021399224389,0.13969872081868046,0.08902318739183007
2019-05-13,20.549999237060547,0.3951679161627536,0.1762840098575932,0.01543444237607927,0.3031156149049978,0.028961153812295568,0.3384062653159233,0.3797334737866743,0.16084956748151394,0.14732285604529766
2019-05-14,18.059999465942383,0.2553414522893812,0.0728250274294395,0.017002750327137436,0.33076625332600884,0.026018630512311004,0.32309556671242157,0.23833870196224377,0.05582227710230206,0.0468063969171285
2019-05-15,16.440000534057617,0.16265336721266327,0.009699150478620404,0.016735560061493706,0.3329308904038816,0.022053221066342107,0.32166421719368243,0.14591780715116956,-0.007036409582873302,-0.012354070587721703
2019-05-16,15.289999961853027,0.11049756192791303,-0.0258317982095403,0.030166934277405872,0.3510307992574118,0.02721613975715323,0.3236867958403032,0.08033062765050716,-0.05599873248694617,-0.053047937966693534
2019-05-17,15.960000038146973,0.13542442849918748,-0.008838384776030774,0.03281946703478532,0.37150185230511434,0.020034722805097712,0.3284009820125128,0.10260496146440216,-0.04165785181081609,-0.028873107581128488
2019-05-20,16.309999465942383,0.12920278570430005,-0.012292907332975202,0.02326734188690588,0.3660886965207689,0.015430390923358477,0.32794213816829054,0.10593544381739417,-0.03556024921988108,-0.027723298256333677
2019-05-21,14.949999809265137,0.06986490783599666,-0.05428768671332359,0.03183380743949843,0.3630585184768698,0.019149923276015383,0.3312821356933994,0.038031100396498235,-0.08612149415282203,-0.07343760998933897
2019-05-22,14.75,0.061894548056839804,-0.06075679473889939,0.02027553400113661,0.33965481613306436,0.018964223429797818,0.33327667239208536,0.041619014055703195,-0.08103232874003599,-0.0797210181686972
2019-05-23,16.920000076293945,0.13389860594116895,-0.008689423074515158,0.030688185136066328,0.3710559775309285,0.024410134141695846,0.3540257454451989,0.10321042080510262,-0.039377608210581484,-0.033099557216211
2019-05-24,15.850000381469728,0.10461390957965232,-0.03403123382127407,0.0415702228287668,0.3936698767162275,0.02406113431910998,0.3533471049783939,0.06304368675088551,-0.07560145665004087,-0.05809236814038405
2019-05-28,17.5,0.20598819939593674,0.03680432470295738,0.0732796338603441,0.4097086311653,0.030329812618546618,0.35219760375947373,0.13270856553559263,-0.03647530915738672,0.006474512084410761
2019-05-29,17.899999618530273,0.22001150361461683,0.0466823458043762,0.07595628340426194,0.4134015626986013,0.0315942163415919,0.35736893928139357,0.14405522021035488,-0.029273937599885745,0.015088129462784296
2019-05-30,17.299999237060547,0.2552573144446852,0.06385533490252453,0.12349963531093887,0.45293719789905745,0.03203555936523077,0.35369350047751785,0.1317576791337463,-0.05964430040841434,0.03181977553729376
2019-05-31,18.709999084472656,0.35255237886816104,0.1328216809301695,0.1591060854454006,0.5138908414945038,0.039766941195257,0.36291905987121226,0.19344629342276043,-0.02628440451523112,0.09305473973491249
2019-06-03,18.86000061035156,0.2628165022437839,0.08469746475965134,0.10067595232695072,0.44262158931569645,0.023494582836069304,0.3560150427004812,0.1621405499168332,-0.015978487567299374,0.06120288192358204
2019-06-04,16.969999313354492,0.12041145533449142,-0.015852985868091564,0.10752109514476366,0.512379281237032,0.034154115654541115,0.38659662958620206,0.012890360189727765,-0.12337408101285521,-0.05000710152263268
2019-06-05,16.09000015258789,0.08579281909135918,-0.0405633876650246,0.1154828062158535,0.5401799743313548,0.03743140229162535,0.3830396273439575,-0.02968998712449432,-0.1560461938808781,-0.07799478995664995
2019-06-06,15.93000030517578,0.0959867490886967,-0.03453611159612528,0.09748232206942677,0.5314862491117409,0.03634812494438461,0.38386579432016554,-0.0014955729807300672,-0.13201843366555205,-0.07088423654050989
2019-06-07,16.299999237060547,0.09479124949163972,-0.032184680320857674,0.0958945027928299,0.5382203045968311,0.03724552336844185,0.38802696112932034,-0.0011032533011901824,-0.12807918311368757,-0.06943020368929953
2019-06-10,15.9399995803833,0.07761294972482151,-0.04299276635294628,0.0936135120219968,0.5459187098270153,0.043094004240895704,0.3714697897082438,-0.016000562297175294,-0.13660627837494307,-0.08608677059384198
2019-06-11,15.989999771118164,0.07896694705805242,-0.042218267348345336,0.08969621714844937,0.5425112381523503,0.041986865815130815,0.3697055416781282,-0.010729270090396953,-0.13191448449679471,-0.08420513316347615
2019-06-12,15.90999984741211,0.14934493237349775,0.0005141960610465079,0.05655116310628034,0.49709214755604214,0.04079324196316147,0.36949483518993725,0.09279376926721741,-0.05603696704523383,-0.04027904590211496
2019-06-13,15.81999969482422,0.15176057119941222,0.001790209301049437,0.050516978419318764,0.5129996579062464,0.04244530729605545,0.3722008886358261,0.10124359278009346,-0.04872676911826933,-0.040655097995006016
2019-06-14,15.279999732971191,0.14027011455363075,-0.009061786439350178,0.05363500894059319,0.522660583703815,0.04189614332709289,0.37393102469650646,0.08663510561303756,-0.06269679537994337,-0.05095792976644307
2019-06-17,15.350000381469728,0.14683135570927525,-0.004953628790418015,0.04058142601303559,0.5108980480374007,0.041607644352967064,0.3750051577507953,0.10624992969623966,-0.04553505480345361,-0.04656127314338508
2019-06-18,15.149999618530272,0.10893684630614786,-0.03151133027220337,0.0289516170143588,0.52203954327696,0.04282853475252571,0.3821417744142495,0.07998522929178906,-0.060462947286562166,-0.07433986502472908
2019-06-19,14.329999923706056,0.09689364717115186,-0.041636601808608786,0.041348088219497925,0.5397406618414072,0.044514321304234994,0.38927189391650846,0.05554555895165393,-0.08298469002810671,-0.08615092311284378
2019-06-20,14.75,0.12268629558558251,-0.023872823966498615,0.04913072577908008,0.5343904745349094,0.056557338462545376,0.3928308336630186,0.07355556980650244,-0.0730035497455787,-0.080430162429044
2019-06-21,15.399999618530272,0.15810960989133668,0.0003675848309901265,0.05145914061608067,0.5218716166786088,0.03894814337109162,0.3651816968000897,0.10665046927525601,-0.051091555785090545,-0.03858055854010149
2019-06-24,15.260000228881836,0.1745861182973384,0.009454730018963776,0.038620525165762205,0.48216660605443395,0.041049351414435935,0.36498463482019355,0.1359655931315762,-0.02916579514679843,-0.03159462139547216
2019-06-25,16.280000686645508,0.20592959962446694,0.03553506235223608,0.04502424602927309,0.49092049829412143,0.040531236902084246,0.3693010790660653,0.16090535359519387,-0.009489183677037008,-0.004996174549848166
2019-06-26,16.209999084472656,0.16935675457431074,0.009148642012608581,0.005112990616895929,0.476254527359016,0.02907541314124994,0.3637291138304063,0.1642437639574148,0.004035651395712652,-0.019926771128641357
2019-06-27,15.81999969482422,0.15205938066772867,-0.0032149070351453857,-9.89770332768884e-05,0.455761367786103,0.026891519778224605,0.36158830512640255,0.15215835770100555,-0.0031159300018684974,-0.03010642681336999
2019-06-28,15.079999923706056,0.11597529956524934,-0.027204533080638492,0.0026438115305490164,0.43971164299141374,0.026153563661521474,0.3566662862505865,0.11333148803470032,-0.02984834461118751,-0.053358096742159966
2019-07-01,14.0600004196167,0.08026588436440803,-0.052641855116484074,-0.009708079779039785,0.3843251391668745,0.02221227939944683,0.3523788572959078,0.08997396414344781,-0.04293377533744429,-0.0748541345159309
2019-07-02,12.93000030517578,0.08155553194382612,-0.07305747421543803,0.024160019979134743,0.3817989727305988,0.021230191472907816,0.35287269772220065,0.05739551196469137,-0.09721749419457276,-0.09428766568834585
2019-07-03,12.56999969482422,0.16250398251478096,-0.02516151328363092,-0.00669850075745233,0.2792254278975392,0.028301316994952846,0.35501336175340653,0.16920248327223328,-0.01846301252617859,-0.05346283027858377
2019-07-05,13.279999732971191,0.22056344960709753,0.010438227352862397,-0.025040130997602942,0.29288239117430354,0.027166951252533447,0.3547566489458568,0.24560358060470047,0.03547835835046534,-0.01672872389967105
2019-07-08,13.960000038146973,0.2644113604731061,0.03994140870048562,-0.03129908540579634,0.2960044386652876,0.025853364307063406,0.3538520043948826,0.29571044587890244,0.07124049410628196,0.014088044393422212
2019-07-09,14.09000015258789,0.33494222768917326,0.07491058788898627,-0.04842197700934592,0.27042203102007634,0.026044770683618587,0.3528740990257573,0.3833642046985192,0.12333256489833219,0.04886581720536769
2019-07-10,13.029999732971191,0.26393397952067127,0.023099540708163266,-0.04463328336363726,0.25868264502934174,0.024429112469220634,0.3541150644550042,0.3085672628843085,0.06773282407180053,-0.001329571761057368
2019-07-11,12.93000030517578,0.22612005816318492,-0.0018067106138936354,-0.05963667272249827,0.24863165010855964,0.019798786639602002,0.3514973466515534,0.2857567308856832,0.05782996210860464,-0.02160549725349564
2019-07-12,12.390000343322754,0.20481722568657412,-0.015052660326700986,-0.041037477424610495,0.2029030667810336,0.02093579305169283,0.3565485085617698,0.24585470311118462,0.025984817097909507,-0.03598845337839382
2019-07-15,12.68000030517578,0.23295406115074685,0.003103353708364671,-0.043926651867162964,0.20341305102545085,0.018553546247226757,0.37408198784316177,0.27688071301790984,0.04703000557552763,-0.015450192538862087
2019-07-16,12.859999656677246,0.26004554522341183,0.02253985104243845,-0.0310951760208656,0.21370491114044554,0.02158598792108314,0.37549676837604756,0.2911407212442774,0.05363502706330405,0.0009538631213553105
2019-07-17,13.970000267028809,0.352890051367701,0.08275564117821672,-0.016415230229725804,0.2560305020054234,0.024887279008737943,0.378635814186336,0.3693052815974268,0.09917087140794253,0.057868362169478785
2019-07-18,13.529999732971191,0.43428023819877654,0.13290746547785962,0.005406465927843105,0.2292461461805287,0.026409083592233967,0.3838485814486753,0.42887377227093343,0.1275009995500165,0.10649838188562565
2019-07-19,14.449999809265137,0.49990847480552936,0.1813663693216955,0.008519134261109326,0.2590848544334644,0.0272511552938859,0.388727532315527,0.49138934054442,0.1728472350605862,0.1541152140278096
2019-07-22,13.529999732971191,0.3775449074610476,0.10223443589847091,-0.03747291456532749,0.2564773034199485,0.025684307723393352,0.3857711520080292,0.41501782202637505,0.1397073504637984,0.07655012817507756
2019-07-23,12.609999656677246,0.28598785648044683,0.040723115544074484,-0.02531061382295832,0.2800392447532246,0.02325285933506916,0.3810647200730224,0.31129847030340513,0.0660337293670328,0.017470256209005323
2019-07-24,12.06999969482422,0.23389380454944353,0.006745784161972495,-0.022156704752986114,0.27695264285388366,0.023484008569859334,0.37868163659477927,0.2560505093024296,0.02890248891495861,-0.01673822440788684
2019-07-25,12.739999771118164,0.32975983662707953,0.05185304365972008,-0.05335557583878587,0.2637204853614789,0.026484999479283546,0.3908769949495373,0.3831154124658654,0.10520861949850595,0.025368044180436533
2019-07-26,12.15999984741211,0.1834520077200633,-0.020561711427639254,-0.06084156598929451,0.23045552592956414,0.019211928303008143,0.39134407531309745,0.24429357370935778,0.040279854561655254,-0.039773639730647396
2019-07-29,12.829999923706056,0.24078739806535868,0.018663358674378783,-0.05710901101753355,0.2348431386397524,0.01941900466843437,0.39094533333502995,0.2978964090828922,0.07577236969191234,-0.0007556459940555871
2019-07-30,13.9399995803833,0.3344880200703656,0.07889205942206849,-0.06468458211088954,0.25438675262747357,0.03314234799098527,0.3986127448082266,0.39917260218125517,0.14357664153295802,0.04574971143108322
2019-07-31,16.1200008392334,0.44498611198819543,0.16428035826551288,-0.06999610238971173,0.2551247242972843,0.037375926920206554,0.4114701282017444,0.5149822143779071,0.23427646065522462,0.12690443134530632
2019-08-01,17.8700008392334,0.5642049778413282,0.2555202032063195,-0.049802298713896326,0.2813550748090454,0.039771226555274916,0.4132136373461833,0.6140072765552245,0.3053225019202158,0.2157489766510446
2019-08-02,17.610000610351562,0.49796631216925097,0.21309324976912036,-0.06117792406628198,0.28168975511495026,0.03641912195177099,0.4111229294700689,0.559144236235533,0.27427117383540234,0.17667412781734937
2019-08-05,24.59000015258789,0.7389003731710538,0.4186539645430447,0.06539121962967394,0.45574526330734455,0.06845145694500071,0.46672062584904295,0.6735091535413799,0.3532627449133708,0.350202507598044
2019-08-06,20.170000076293945,0.4177187826606846,0.183554414234649,0.09615808021063471,0.49299226268860163,0.06885713693540388,0.4648529065491576,0.32156070245004986,0.08739633402401428,0.11469727729924512
2019-08-07,19.489999771118164,0.3753870127762555,0.15251384233947043,0.0956159096562173,0.48814887700092746,0.06795228934229501,0.4602271813149972,0.2797711031200382,0.05689793268325313,0.08456155299717542
2019-08-08,16.90999984741211,0.20099915778737237,0.03192726386050964,0.14060690506846316,0.525983627998233,0.08506870464194867,0.47454607088415235,0.06039225271890922,-0.10867964120795351,-0.05314144078143903
2019-08-09,17.969999313354492,0.2634638973857918,0.07635681082082284,0.15454213701984756,0.5503522220286621,0.08397671715842145,0.47837484935371455,0.10892176036594423,-0.07818532619902473,-0.0076199063375986115
2019-08-12,21.09000015258789,0.43422999437906906,0.20104812269486333,0.17135199585974667,0.5506974014607137,0.08157698819322728,0.4595732032462228,0.26287799851932236,0.02969612683511666,0.11947113450163604
2019-08-13,17.520000457763672,0.19171703252853362,0.030411801415524263,0.17455077847680311,0.5969849335146852,0.08373309760743367,0.47807362909101475,0.0171662540517305,-0.14413897706127884,-0.0533212961919094
2019-08-14,22.100000381469727,0.3525230424022879,0.1556439674231888,0.2515663201452285,0.6513292463583985,0.12920443552290956,0.5188738983787862,0.10095672225705937,-0.0959223527220397,0.026439531900279256
2019-08-15,21.18000030517578,0.31066390350445394,0.12432044894179989,0.2496324016352943,0.6620053263758348,0.1260550811701174,0.5173437667824979,0.06103150186915965,-0.1253119526934944,-0.0017346322283175175
2019-08-16,18.469999313354492,0.1368621104902355,-0.001317816909769112,0.22065940265703102,0.674126685311337,0.1187393675253257,0.5234527506711582,-0.08379729216679552,-0.22197721956680014,-0.1200571844350948
2019-08-19,16.8799991607666,0.04583278425361778,-0.06720444244103213,0.19291418055208615,0.676587004670623,0.1139160158296548,0.532146346786745,-0.14708139629846836,-0.2601186229931183,-0.18112045827068693
2019-08-20,17.5,0.06944480758441149,-0.05078804538142239,0.20295714746361299,0.6839299232221686,0.1136340487212109,0.5343337559286293,-0.1335123398792015,-0.2537451928450354,-0.16442209410263328
2019-08-21,15.800000190734863,0.013758027842400928,-0.08980418178091966,0.20543069666566569,0.68538792638349,0.11738344528871034,0.5370646735236677,-0.19167266882326475,-0.29523487844658536,-0.20718762706963
2019-08-22,16.68000030517578,0.044017712103843365,-0.06818887939566462,0.20480395184446182,0.6749686105014006,0.1144842818864824,0.5235017937447076,-0.16078623974061845,-0.2729928312401264,-0.182673161282147
2019-08-23,19.8700008392334,0.11786466549283439,-0.011076620611618694,0.2269170530866218,0.6975519875319415,0.1300159289371757,0.547635500755299,-0.10905238759378741,-0.23799367369824048,-0.14109254954879438
2019-08-26,19.31999969482422,0.135035651431912,-0.005137563922188954,0.2894865296589045,0.7597588907311235,0.12918410002275188,0.5547909102055141,-0.15445087822699247,-0.2946240935810934,-0.13432166394494083
2019-08-27,20.309999465942383,0.17131372304232448,0.020907991591828795,0.28737468876932626,0.7558218617716392,0.12782273709826428,0.5531369291585017,-0.11606096572700178,-0.2664666971774975,-0.10691474550643548
2019-08-28,19.350000381469727,0.13379689425208,-0.006360098694458965,0.2933654151821418,0.7574919732085953,0.1303229539333102,0.553839664934197,-0.15956852093006182,-0.2997255138766008,-0.13668305262776917
2019-08-29,17.8799991607666,0.08235049386945856,-0.0433872921197439,0.30334351733355197,0.785374094261737,0.12759760044800325,0.5546362925505164,-0.2209930234640934,-0.3467308094532959,-0.17098489256774715
2019-08-30,18.979999542236328,0.1324784912454858,-0.00860645543750505,0.3079695750751518,0.7992353645005192,0.14995454847233916,0.5764661480932437,-0.17549108382966602,-0.31657603051265687,-0.1585610039098442
2019-09-03,19.65999984741211,0.1614397329721641,0.012418592036798033,0.3072007904444627,0.8017318200101687,0.1452064581132662,0.5615616358959711,-0.1457610574722986,-0.2947821984076647,-0.13278786607646817
2019-09-04,17.329999923706055,0.13650579776548405,-0.012781235608134897,0.2993017854523743,0.7684680569951744,0.14638941394119914,0.5648440196253336,-0.16279598768689024,-0.31208302106050917,-0.15917064954933405
2019-09-05,16.270000457763672,0.05835942173922497,-0.06872074788449949,0.24772234066862286,0.7752835275211456,0.1362491668813847,0.5762912221006112,-0.18936291892939788,-0.31644308855312236,-0.20496991476588416
2019-09-06,15.0,0.012646207443937933,-0.10073431740990686,0.24945732208637428,0.781786385047789,0.1379504147175938,0.5753931347963606,-0.23681111464243634,-0.3501916394962811,-0.2386847321275007
2019-09-09,15.270000457763672,0.03656322989131852,-0.08783579695046069,0.2225583609534817,0.7647565409738216,0.14026869551966215,0.5708915897589154,-0.18599513106216317,-0.31039415790394237,-0.22810449247012282
2019-09-10,15.199999809265137,0.03820321511156197,-0.08695818819644087,0.22216927780609602,0.7596303354429494,0.13996816658563105,0.5686628987787786,-0.18396606269453405,-0.3091274660025369,-0.2269263547820719
2019-09-11,14.609999656677246,0.013565812272872155,-0.10377441280656931,0.20326890271205555,0.7443928428997586,0.1427640720418312,0.5652980432138274,-0.1897030904391834,-0.30704331551862485,-0.24653848484840052
2019-09-12,14.220000267028809,0.018808406457909002,-0.1036273458159255,0.20279557370422735,0.7253001584527874,0.1428608190501257,0.5620839737304518,-0.18398716724631836,-0.3064229195201529,-0.2464881648660512
2019-09-13,13.739999771118164,0.02903290141637946,-0.1091188565739946,0.09326454325211522,0.643124845850256,0.14331345229024847,0.5594252253259157,-0.06423164183573576,-0.2023833998261098,-0.25243230886424306
2019-09-16,14.670000076293944,0.07031364894305443,-0.07994669458413226,0.09187609685007919,0.6361905343895862,0.14426150513971564,0.562135825387351,-0.02156244790702476,-0.17182279143421145,-0.2242081997238479
2019-09-17,14.4399995803833,0.12112993876505855,-0.04335559858184714,0.11232086164590942,0.6214075648626775,0.15164421409147597,0.5594522296360868,0.008809077119149133,-0.15567646022775655,-0.19499981267332311
2019-09-18,13.949999809265137,0.16790015076317782,-0.010921118936291361,0.15113116340698907,0.6174641718216278,0.1507692902768181,0.560208105218327,0.016768987356188758,-0.16205228234328042,-0.16169040921310945
2019-09-19,14.050000190734863,0.17365151636879336,-0.007429985958980506,0.13641003633944176,0.5829516213623294,0.14320475730100743,0.5562548642338814,0.0372414800293516,-0.14384002229842227,-0.15063474325998794
2019-09-20,15.31999969482422,0.24456757494409145,0.041618522433332174,0.12095598753202186,0.5889250362881865,0.1419520450899991,0.5618314328089368,0.1236115874120696,-0.07933746509868969,-0.10033352265666692
2019-09-23,14.90999984741211,0.2179716734888605,0.022580971911214637,0.11954085940286298,0.5919635522279384,0.14134809739431645,0.5620415264210423,0.09843081408599753,-0.09695988749164834,-0.11876712548310181
2019-09-24,17.049999237060547,0.5507081172537529,0.2389326277172392,0.03954808643173387,0.5100669236500485,0.14247111841842652,0.5683361890679808,0.511160030822019,0.1993845412855053,0.09646150929881267
2019-09-25,15.960000038146973,0.430486226746204,0.15499901562307647,0.0001773642546454663,0.4927567312989592,0.14909573610220803,0.5741091574523876,0.43030886249155853,0.154821651368431,0.005903279520868443
2019-09-26,16.06999969482422,0.45078257537436095,0.16987604926528524,0.0035570246730906615,0.5012251860552068,0.15025130537723153,0.5792480121982757,0.4472255507012703,0.16631902459219458,0.019624743888053714
2019-09-27,17.219999313354492,0.5093982618276606,0.2131036447708391,-0.019451557961602202,0.49432188690474704,0.146111946149409,0.5812934584152162,0.5288498197892628,0.2325552027324413,0.06699169862143009
2019-09-30,16.239999771118164,0.4753525249449347,0.18421141547249853,-0.047522073296058884,0.42851609366063964,0.14254277573393842,0.5784768227911455,0.5228745982409936,0.23173348876855743,0.04166863973856011
2019-10-01,18.559999465942383,0.6684789598250662,0.32538693187140244,-0.004112113259464713,0.43641511786440446,0.15314338871293423,0.5796585598617626,0.6725910730845309,0.32949904513086714,0.1722435431584682
2019-10-02,20.559999465942383,0.8346525960592538,0.4515075175462144,0.0786009147029179,0.4622969341488877,0.16421173066765046,0.5824502665730148,0.7560516813563359,0.37290660284329646,0.28729578687856394
2019-10-03,19.1200008392334,0.6549387337101534,0.32085259218745954,0.04174676459115388,0.46202619223599994,0.15905904932609044,0.5824983892218006,0.6131919691189995,0.27910582759630564,0.1617935428613691
2019-10-04,17.040000915527344,0.610765732539363,0.2834001082265103,0.11718310448978968,0.43202160993987165,0.16713123400701613,0.5913936357047919,0.49358262804957326,0.1662170037367206,0.11626887421949417
2019-10-07,17.860000610351562,0.6901261730669714,0.33934648020156793,0.12178870159275863,0.4335225591458886,0.16858544060621847,0.5935513903879277,0.5683374714742128,0.21755777860880932,0.17076103959534947
2019-10-08,20.280000686645508,0.8498820265299861,0.46039012349124614,0.16347975606632306,0.4744442212553697,0.17704682111272918,0.5985559150919978,0.6864022704636631,0.29691036742492305,0.28334330237851696
2019-10-09,18.63999938964844,0.6627626003902837,0.3273517021830983,0.181848736257252,0.5124184213821438,0.185209318581119,0.612993499609713,0.48091386413303167,0.14550296592584627,0.14214238360197928
2019-10-10,17.56999969482422,0.5948351799355367,0.2751021569021184,0.19534526618872167,0.5176952299584907,0.1860756416454748,0.6132745365730663,0.39948991374681503,0.07975689071339676,0.08902651525664362
2019-10-11,15.579999923706056,0.39525484175571146,0.13714678499911545,0.2069526290212881,0.5361982234356839,0.18857187695030453,0.614503212138446,0.18830221273442335,-0.06980584402217266,-0.05142509195118908
2019-10-14,14.56999969482422,0.3351750996717258,0.0932578484634199,0.22069708798875254,0.5613467969106345,0.1887972314325117,0.6165359432907983,0.11447801168297328,-0.12743923952533265,-0.0955393829690918
2019-10-15,13.539999961853027,0.18941382464006903,-0.0005417333994055172,0.17961995590214075,0.6110095669460957,0.1784318788584663,0.6227362642928641,0.009793868737928285,-0.18016168930154627,-0.1789736122578718
2019-10-16,13.68000030517578,0.1965531140398828,0.004170302441095582,0.17705441716821932,0.6110339802381217,0.17760543725848607,0.6226199507356356,0.019498696871663473,-0.17288411472712373,-0.17343513481739048
2019-10-17,13.789999961853027,0.2045656234998827,0.009716064851438137,0.18042496644061978,0.6107364322493434,0.17794996723059014,0.6201447528886879,0.02414065705926291,-0.17070890158918164,-0.168233902379152
2019-10-18,14.25,0.22875323198316136,0.027381596268356265,0.18113340294686842,0.6215797899975168,0.17940196271717734,0.61958129919683,0.04761982903629294,-0.15375180667851215,-0.15202036644882108
2019-10-21,14.0,0.2049996587668775,0.012749403544423272,0.18005945873848322,0.622800182880103,0.17631812996948248,0.6195197261266188,0.024940200028394283,-0.16731005519405995,-0.1635687264250592
2019-10-22,14.460000038146973,0.22668838670394312,0.030701809453196723,0.1770950353295965,0.6023754050078174,0.17486414625738733,0.6127890586682146,0.04959335137434662,-0.14639322587639977,-0.1441623368041906
2019-10-23,14.010000228881836,0.20999861350521845,0.016242400494450325,0.172833640716272,0.5732555060324125,0.17676229750208172,0.6102274663847177,0.037164972788946454,-0.15659124022182166,-0.1605198970076314
2019-10-24,13.710000038146973,0.22139709714523606,0.022068210416148745,0.19245969958076634,0.5636174946433011,0.20407311751502172,0.6424756318671028,0.028937397564469725,-0.1703914891646176,-0.18200490709887296
2019-10-25,12.649999618530272,0.13160691615079742,-0.040146372584652874,0.17056678304359132,0.545408951569462,0.1989422029056754,0.6436339561891405,-0.038959866892793904,-0.2107131556282442,-0.23908857549032828
2019-10-28,13.109999656677246,0.16430207350412238,-0.015181428829969928,0.1768791495280559,0.5423105965503902,0.1966776654050802,0.6423491918264785,-0.012577076023933514,-0.1920605783580258,-0.21185909423505012
2019-10-29,13.199999809265137,0.15928697930252708,-0.016899566785769614,0.1606951697682362,0.5394384312752714,0.1950074640552405,0.6400095410397793,-0.0014081904657091138,-0.17759473655400582,-0.21190703084101012
2019-10-30,12.329999923706056,0.11366693210429142,-0.04860910626722894,0.1288144364345337,0.5259118908207724,0.19589510299765872,0.6431174700822312,-0.01514750433024227,-0.17742354270176264,-0.24450420926488767
2019-10-31,13.220000267028809,0.1819548983583759,-0.008876907279937105,0.05567020503367676,0.47002031117272985,0.19569434979527348,0.6405543680194467,0.12628469332469913,-0.06454711231361387,-0.20457125707521057
2019-11-01,12.300000190734863,0.15144913825846992,-0.0249376409247382,0.08455213147410205,0.47479334701747977,0.17871969414271582,0.6099502772413061,0.06689700678436787,-0.10948977239884025,-0.20365733506745404
2019-11-04,12.829999923706056,0.17546131483425412,-0.0136165355505979,0.02677519385845255,0.4549147781614721,0.16224300301600092,0.604850768208041,0.14868612097580156,-0.04039172940905045,-0.1758595385665988
2019-11-05,13.100000381469728,0.19538244638340824,0.0001532508615424035,0.023974156937680596,0.438068989991517,0.16341454654553506,0.6065834063426451,0.17140828944572764,-0.023820906076138192,-0.16326129568399264
2019-11-06,12.619999885559082,0.20704371807163446,0.00498479028733084,-0.02577348043961071,0.37453712718995597,0.14730635717257698,0.5967766202624699,0.23281719851124516,0.03075827072694155,-0.14232156688524614
2019-11-07,12.729999542236328,0.22987763540946124,0.01850281157817993,-0.044059389079949204,0.3584362901578517,0.14841552862992513,0.5924537507723815,0.27393702448941043,0.06256220065812913,-0.1299127170517452
2019-11-08,12.06999969482422,0.19037961426847935,-0.00763033244645222,-0.05377815989253413,0.35580945620271154,0.14021593565751583,0.5834722700271215,0.24415777416101347,0.04614782744608191,-0.14784626810396806
2019-11-11,12.6899995803833,0.25861824820333806,0.03425609980468444,-0.08088597619705092,0.35980941819053,0.13729498307176718,0.5743606646806805,0.33950422440038897,0.11514207600173536,-0.10303888326708274
2019-11-12,12.68000030517578,0.25217757565499704,0.031473473758262545,-0.08031131452375392,0.3467452294037026,0.08406313345593809,0.5282162929703738,0.33248889017875094,0.11178478828201646,-0.052589659697675546
2019-11-13,13.0,0.3964395216762277,0.1173547064444591,-0.07989912970286692,0.2727894252273583,0.0834260104153009,0.5320770156710934,0.4763386513790946,0.197253836147326,0.0339286960291582
2019-11-14,13.050000190734863,0.4024044079212248,0.12140510237027448,-0.07941834454103769,0.26235683848500957,0.09154825989202298,0.5269334077170976,0.48182275246226247,0.20082344691131215,0.029856842478251502
2019-11-15,12.050000190734863,0.26851713325371934,0.03769642252090024,-0.07557776199001681,0.265579494871147,0.10460351343757399,0.5181128898738292,0.34409489524373615,0.11327418451091706,-0.06690709091667374
2019-11-18,12.460000038146973,0.28017966613159057,0.04171752057399943,-0.09846858726641333,0.23060605892628563,0.09319415220843591,0.5068981105942065,0.3786482533980039,0.14018610784041277,-0.05147663163443648
2019-11-19,12.859999656677246,0.35225109754368783,0.08280916453418959,-0.11112650144813774,0.20976830467448346,0.08802539522063753,0.5055577087507088,0.46337759899182557,0.1939356659823273,-0.005216230686447942
2019-11-20,12.779999732971191,0.3563166754153777,0.07891771154877984,-0.1162010428003342,0.22459049222278027,0.08777356868284265,0.5069547004447048,0.4725177182157119,0.19511875434911405,-0.008855857134062811
2019-11-21,13.130000114440918,0.4058485438793385,0.1088168927619111,-0.11742971592315063,0.22267045687170087,0.055699644925417464,0.4564921875479539,0.5232782598024891,0.22624660868506175,0.05311724783649364
2019-11-22,12.34000015258789,0.34804411059507084,0.06639762222631981,-0.11518937078282131,0.23133213487141646,0.04842056905423821,0.45084848636699887,0.46323348137789216,0.1815869930091411,0.017977053172081606
2019-11-25,11.869999885559082,0.2644503220552115,0.014302064787075987,-0.11036524653801223,0.2602780737982523,0.04159955235770223,0.4482668974003085,0.37481556859322374,0.12466731132508822,-0.02729748757062624
2019-11-26,11.539999961853027,0.2580376811739678,0.0006376221600703247,-0.12570046944265253,0.2457841800248316,0.034433541661103836,0.44553058527715755,0.3837381506166203,0.12633809160272286,-0.033795919501033514
2019-11-27,11.75,0.32063398120498426,0.03453584512759183,-0.10576436364684408,0.23456778532381797,0.02826711676032661,0.4302217282909619,0.42639834485182837,0.1403002087744359,0.006268728367265219
2019-11-29,12.619999885559082,0.41397165592009466,0.0938675867185535,-0.10500168420197864,0.26837349689313883,0.02925686438479368,0.43352442845591005,0.5189733401220733,0.19886927092053214,0.06461072233375982
2019-12-02,14.90999984741211,0.6366473721305265,0.24390266509195013,-0.0914946460949826,0.3230478822458872,0.030246936355798858,0.4313887649889663,0.7281420182255091,0.3353973111869327,0.21365572873615127
2019-12-03,15.960000038146973,0.8446577049215772,0.37530425258500905,-0.10940064733468711,0.3145536881345582,0.025763501824883475,0.432627564601154,0.9540583522562643,0.4847048999196962,0.3495407507601256
2019-12-04,14.800000190734863,0.7480179080592153,0.30951828507148865,-0.06854210218037969,0.2759990466042072,0.03802575852999623,0.4097113634586324,0.816560010239595,0.37806038725186836,0.2714925265414924
2019-12-05,14.520000457763672,0.6897358718342519,0.27234084029754063,-0.0708611926660091,0.2822604411693153,0.03753194393909671,0.408714957166443,0.760597064500261,0.34320203296354973,0.23480889635844393
2019-12-06,13.619999885559082,0.5220854909113963,0.16738440021576628,-0.03747462016122408,0.31737868787982826,0.04432010240056645,0.41912602712433905,0.5595601110726204,0.20485902037699036,0.12306429781519984
2019-12-09,15.859999656677246,0.816546736178194,0.3671153890843149,-0.03803644339530122,0.3188230729299415,0.047152947806627904,0.4242710211996821,0.8545831795734952,0.4051518324796161,0.319962441277687
2019-12-10,15.68000030517578,0.8040783861747784,0.3550545081547879,-0.04170615724690304,0.3300370659427218,0.046516553504998503,0.4254508942223305,0.8457845434216815,0.3967606654016909,0.3085379546497894
2019-12-11,14.989999771118164,0.704185902095095,0.2849262574658542,-0.04422680237225104,0.32462164108465275,0.045363263317958445,0.42920263203406867,0.7484127044673461,0.3291530598381052,0.23956299414789575
2019-12-12,13.9399995803833,0.5075647203608963,0.15810007342479832,-0.029131689619476226,0.30949284346690914,0.05024928404528548,0.4292752822236593,0.5366964099803725,0.18723176304427455,0.10785078937951284
2019-12-13,12.630000114440918,0.36338942965842463,0.06242257948818295,-0.029654354346247653,0.2919774034367817,0.049706086109211414,0.4304945190994698,0.39304378400467227,0.09207693383443061,0.012716493378971537
2019-12-16,12.140000343322754,0.29853698329452294,0.024503953623382816,-0.01267629976963213,0.3198734460342763,0.05260018643608952,0.4373230204906047,0.3112132830641551,0.03718025339301495,-0.028096232812706703
2019-12-17,12.289999961853027,0.3639089526769628,0.057933716223511816,-0.019357013420348738,0.3382019171645157,0.051844288760514765,0.4360402860990693,0.38326596609731156,0.07729072964386055,0.006089427462997052
2019-12-18,12.579999923706056,0.4608139082136218,0.12216328365710459,0.017562755234432657,0.34318589423268336,0.0548455114612624,0.43932524029172576,0.4432511529791891,0.10460052842267194,0.06731777219584219
2019-12-19,12.5,0.4342693745296208,0.10661971125320172,0.01918007539499164,0.33755391905231374,0.05556142877694879,0.4322244588372231,0.4150892991346291,0.08743963585821007,0.05105828247625292
2019-12-20,12.510000228881836,0.4388989620825489,0.10908247381992563,0.023230011067772227,0.3216742708177168,0.057060983262764174,0.43049993039749446,0.4156689510147767,0.0858524627521534,0.05202149055716145
2019-12-23,12.609999656677246,0.4429971531129374,0.11195955860717072,0.01928808273918334,0.32805717516637534,0.0532460932489763,0.4101042341809896,0.42370907037375405,0.09267147586798738,0.05871346535819442
2019-12-24,12.670000076293944,0.4527002040956586,0.11761474267510018,0.017361227125488796,0.33941149265093823,0.06081820442152071,0.4111081607798576,0.43533897697016977,0.10025351554961139,0.05679653825357947
2019-12-26,12.649999618530272,0.49829807872180043,0.16062285873229373,0.04401102110885479,0.33614697012180605,0.056948346586281694,0.3985299254289997,0.45428705761294563,0.11661183762343894,0.10367451214601203
2019-12-27,13.43000030517578,0.6174421747733363,0.23805294537809052,0.052159430033155686,0.3481225313617039,0.06125690552784493,0.39939411363848154,0.5652827447401806,0.18589351534493484,0.17679603985024558
2019-12-30,14.81999969482422,0.764598343476941,0.341596501070025,0.04788118991982028,0.38053789665858506,0.06301053183786483,0.40857703638999177,0.7167171535571207,0.2937153111502047,0.27858596923216017
2019-12-31,13.779999732971191,0.6310577235183162,0.2491750130952253,0.04154852616379241,0.3663977763021295,0.04592537179322395,0.4032095714385886,0.5895091973545238,0.20762648693143287,0.20324964130200135
2020-01-02,12.470000267028809,0.44587503501714526,0.13811006694053424,0.04793066131155922,0.38933566777251016,0.013696898121290737,0.3889718120134895,0.39794437370558605,0.09017940562897502,0.1244131688192435
2020-01-03,14.020000457763672,0.603667362368537,0.2457101033296025,0.050248774317056676,0.4190393588544604,0.024862193928312074,0.4022295225670755,0.5534185880514804,0.19546132901254581,0.22084790940129043
2020-01-06,13.850000381469728,0.5619478844488984,0.22102929725872064,0.033253131686082425,0.419649192929901,0.005050131656009556,0.3897214889334493,0.528694752762816,0.1877761655726382,0.21597916560271108
2020-01-07,13.789999961853027,0.5557896378926148,0.2169134814560355,0.0357991656855632,0.4349050748878403,0.003520836238805316,0.38916554358940153,0.5199904722070516,0.18111431577047232,0.2133926452172302
2020-01-08,13.449999809265137,0.53816237751474,0.20367313799918693,0.017312812113143238,0.39944338519854355,-0.01628008435262186,0.356853834707094,0.5208495654015968,0.1863603258860437,0.21995322235180878
2020-01-09,12.539999961853027,0.40954533385988817,0.12255669251578062,0.023213855658442792,0.3957911773515899,-0.021500459587978842,0.351726266869251,0.38633147820144537,0.09934283685733783,0.14405715210375947
2020-01-10,12.5600004196167,0.40913445233757284,0.12332165304053169,0.026578413069894967,0.39835042701412554,-0.025161055709634686,0.3519821399632486,0.3825560392676779,0.09674323997063672,0.1484827087501664
2020-01-13,12.31999969482422,0.3309607127946442,0.07726962941494807,0.019084995638727294,0.377033739182221,-0.036769753007576636,0.3473651429914845,0.3118757171559169,0.058184633776220775,0.1140393824225247
2020-01-14,12.390000343322754,0.36643150884794584,0.0961228679611485,-0.0011440125971475062,0.41507244802999527,-0.03970247753232133,0.34959971943650875,0.36757552144509337,0.097266880558296,0.13582534549346983
2020-01-15,12.420000076293944,0.37196429896967664,0.09969037523712143,0.0023368162942947407,0.4116820601374171,-0.03557694947031562,0.3121019093259074,0.3696274826753819,0.09735355894282668,0.13526732470743705
2020-01-16,12.31999969482422,0.3572982758852565,0.0900097086103683,0.008930899531490732,0.39503457463620284,-0.027828708614157163,0.3121056769645783,0.34836737635376575,0.08107880907887757,0.11783841722452547
2020-01-17,12.100000381469728,0.32895262063764436,0.07357577504305068,0.010990619817681053,0.39143778069323415,-0.029255703278007375,0.3102673333699952,0.3179620008199633,0.06258515522536963,0.10283147832105806
2020-01-21,12.850000381469728,0.39375656638758977,0.11661324323496695,0.011477589410772388,0.40649272719291457,-0.028310489979120005,0.30483152829774085,0.3822789769768174,0.10513565382419457,0.14492373321408697
2020-01-22,12.90999984741211,0.43157982836266934,0.1391734237147896,0.01755563179770058,0.41633561053620727,-0.028538905813273577,0.29737866560186277,0.41402419656496875,0.12161779191708902,0.1677123295280632
2020-01-23,12.979999542236328,0.44911335789212214,0.14984147661951336,0.013526776350548332,0.4275082642216201,-0.02968551688924191,0.30523232846483095,0.4355865815415738,0.13631470026896503,0.17952699350875528
2020-01-24,14.5600004196167,0.5938139413631865,0.25220303736179694,0.04548116679443348,0.482239651174973,-0.018764000884749013,0.32783923767189144,0.5483327745687531,0.20672187056736346,0.27096703824654594
2020-01-27,18.229999542236328,0.7761362734969292,0.40000468093953,0.07945651615660722,0.5684766360917822,0.0013821490708069194,0.38533976611513204,0.696679757340322,0.3205481647829228,0.3986225318687231
2020-01-28,16.280000686645508,0.5485880011662714,0.2374639369320299,0.08915218140638413,0.5899408796039022,0.012170500648422442,0.39773754397597766,0.45943581975988723,0.1483117555256458,0.22529343628360748
2020-01-29,16.389999389648438,0.526980680722151,0.22665040142556717,0.07816641168244902,0.5714581821952955,0.008716051283688058,0.3926153229212728,0.44881426903970195,0.14848398974311816,0.21793435014187912
2020-01-30,15.489999771118164,0.41564354824015265,0.157919659001972,0.06467705725113215,0.4795052856337233,0.012485667392595289,0.36697523538878307,0.3509664909890205,0.09324260175083984,0.1454339916093767
2020-01-31,18.84000015258789,0.4737014205769297,0.2216383409368685,0.07450864120077558,0.4332420076083404,0.023960312061912035,0.35733520784533246,0.39919277937615416,0.1471296997360929,0.19767802887495645
2020-02-03,17.969999313354492,0.41532741009302504,0.18033857370744258,0.06916685818658888,0.377494860255503,0.024995856522965758,0.34811423627368526,0.34616055190643613,0.1111717155208537,0.15534271718447681
2020-02-04,16.049999237060547,0.2428343274662531,0.06396746274471252,0.07647034115440067,0.35494232514678437,0.030194152312256,0.3374625604702294,0.16636398631185245,-0.012502878409688153,0.033773310432456516
2020-02-05,15.149999618530272,0.197875479758686,0.03318581184358366,0.10234342174813148,0.3378408043217747,0.05004601453821813,0.33296552752749486,0.09553205801055452,-0.06915760990454782,-0.016860202694634473
2020-02-06,14.960000038146973,0.17853440820073643,0.02103766202418325,0.09553873829599788,0.3371407149501073,0.04668491988042895,0.3338011925065691,0.08299566990473856,-0.07450107627181463,-0.0256472578562457
2020-02-07,15.470000267028809,0.20575399532367894,0.03943669452178234,0.09670537010747814,0.33663586100044957,0.048625760100818295,0.3321192648948783,0.1090486252162008,-0.057268675585695795,-0.009189065579035954
2020-02-10,15.039999961853027,0.15463305371342434,0.005174097754337844,0.07461457771691696,0.3306309866897669,0.03927821398141435,0.33046558836378304,0.08001847599650738,-0.06944047996257911,-0.03410411622707651
2020-02-11,15.18000030517578,0.15227644400599785,0.004455817045294851,0.06684993947438028,0.3151882216601301,0.03553658195843643,0.32365515166565373,0.08542650453161757,-0.06239412242908543,-0.03108076491314158
2020-02-12,13.739999771118164,0.09662861685096792,-0.033613976954531735,0.07253658218883202,0.3226923059132703,0.035802315522598736,0.32310708098112706,0.0240920346621359,-0.10615055914336376,-0.06941629247713046
2020-02-13,14.149999618530272,0.12022789483625229,-0.017942744373485343,0.07767540373185665,0.3241248229035003,0.03559283066452012,0.3264764424765375,0.04255249110439564,-0.095618148105342,-0.05353557503800546
2020-02-14,13.68000030517578,0.05534742761695729,-0.06460148330873641,0.03472257869189198,0.3156755022974945,0.014180376144923715,0.3157075431514731,0.02062484892506531,-0.09932406200062839,-0.07878185945366013
2020-02-18,14.829999923706056,0.09809833808731935,-0.035486411569932166,0.02097841752793122,0.30180199340892727,0.01113093204730273,0.3107127708692589,0.07711992055938813,-0.056464829097863385,-0.046617343617234894
2020-02-19,14.380000114440918,0.05079076816641749,-0.07063648753688694,-0.0027917527382640673,0.30679935147629234,-0.002825404185600277,0.3167961154248624,0.05358252090468156,-0.06784473479862287,-0.06781108335128666
2020-02-20,15.5600004196167,0.09360731618386499,-0.04107668769773284,-0.004163750202808469,0.3180951981360223,0.0030983728066418434,0.32705459522795916,0.09777106638667346,-0.03691293749492437,-0.04417506050437468
2020-02-21,17.079999923706055,0.12011527311709436,-0.019615791847383407,-0.012577360540111354,0.34347273472606765,-0.0010883031709262626,0.34346750770734336,0.1326926336572057,-0.007038431307272053,-0.018527488676457145
2020-02-24,25.030000686645508,0.35013980268608486,0.160683665224579,0.06605785318690414,0.5071148089953524,0.050543864645538485,0.4632795700262361,0.2840819494991807,0.09462581203767485,0.11013980057904052
2020-02-25,27.850000381469727,0.43981889014143993,0.23166111834234263,0.13637290910970748,0.5364817648510065,0.1043556155956754,0.4985177572630412,0.3034459810317325,0.09528820923263515,0.12730550274666724
2020-02-26,27.559999465942383,0.45764909752419036,0.2431106165366365,0.12754550144870042,0.5134606307430412,0.10189698775325769,0.49466901873211105,0.33010359607548995,0.11556511508793607,0.1412136287833788
2020-02-27,39.15999984741211,0.8549407527398916,0.5647777047956938,0.22765516565163565,0.5981072684797567,0.18201585455523417,0.5663471567821502,0.6272855870882559,0.3371225391440581,0.3827618502404596
2020-02-28,40.11000061035156,0.8483389799979724,0.5608838179506463,0.20203809909809553,0.5683845602487249,0.16376222725476694,0.5442724483260019,0.6463008808998768,0.3588457188525508,0.3971215906958794
2020-03-02,33.41999816894531,0.417296488586619,0.23431471890965785,0.2654955502156602,0.6489115018734087,0.21007742906241875,0.579483294331682,0.15180093837095882,-0.031180831306002327,0.024237289847239107
2020-03-03,36.81999969482422,0.551231793692084,0.33816084808569774,0.2994248241271761,0.7266006108444036,0.22564792485627125,0.6078590593070318,0.2518069695649079,0.03873602395852166,0.11251292322942649
2020-03-04,31.989999771118164,0.31524361083993396,0.15870132087003838,0.3584016469219587,0.7608730885159259,0.2698843340702973,0.6303670925253451,-0.04315803608202473,-0.1997003260519203,-0.11118301320025895
2020-03-05,39.619998931884766,0.5688988073738036,0.3574226217650934,0.3929369988688176,0.7851475336847465,0.2936270687474164,0.6463781849448366,0.175961808504986,-0.03551437710372424,0.06379555301767698
2020-03-06,41.939998626708984,0.64603890792623,0.4188076892729609,0.39001473016585864,0.7904745512799822,0.2963593998447401,0.6484098982813044,0.25602417776037134,0.02879295910710228,0.12244828942822084
2020-03-09,54.459999084472656,0.919595781436689,0.647782076666614,0.564487606047848,0.8169623749394342,0.44021920293152844,0.6948362539353021,0.355108175388841,0.08329447061876605,0.20756287373508558
2020-03-10,47.29999923706055,0.5487915497576129,0.3588055723828801,0.5790509299541322,0.8358772316811506,0.4624109963476958,0.714006214819969,-0.030259380196519303,-0.22024535757125213,-0.1036054239648157
2020-03-11,53.900001525878906,0.7238703468202559,0.4996506136406824,0.6337173905580024,0.8410875107799681,0.5009285648625258,0.7218408661137067,0.0901529562622535,-0.13406677691731994,-0.0012779512218433764
2020-03-12,75.47000122070312,1.1580889174861193,0.8581883012798707,0.7154428150405792,0.8768162588789221,0.5922103691540364,0.7757498692593583,0.44264610244554015,0.1427454862392915,0.2659779321258343
2020-03-13,57.83000183105469,0.4354392499913788,0.2857824389992491,0.6782266701050501,0.8904529687956213,0.5806426991976681,0.7969534179161788,-0.24278742011367133,-0.392444231105801,-0.294860260198419
2020-03-16,82.69000244140625,0.7225452855626389,0.523092681410706,0.6431518182282855,0.9026553801211135,0.5746255624722099,0.8341865852335789,0.07939346733435337,-0.12005913681757951,-0.05153288106150389
2020-03-17,75.91000366210938,0.5409752099095321,0.37769463852285784,0.6457148258925351,0.9086915461014707,0.5731495856973239,0.8399585091128947,-0.10473961598300308,-0.2680201873696773,-0.19545494717446604
2020-03-18,76.44999694824219,0.5304380493260161,0.3701080190748124,0.6619563435938352,0.8905310662778241,0.5878459747886358,0.8279674433621521,-0.13151829426781902,-0.29184832451902276,-0.21773795571382337
2020-03-19,72.0,0.4475237231328043,0.3035349342533105,0.6602930134711819,0.8889100102645956,0.5815126529066188,0.8269206763062769,-0.21276929033837755,-0.35675807921787134,-0.2779777186533083
2020-03-20,66.04000091552734,0.3348872246708704,0.21339504913367316,0.6714155051362428,0.887467538585957,0.591930799958041,0.8278051081213267,-0.3365282804653724,-0.4580204560025697,-0.37853575082436786
2020-03-23,61.59000015258789,0.2672496290188913,0.15939873265945045,0.6813368030957903,0.8814254709228927,0.5953228577602547,0.8203424553217824,-0.41408717407689893,-0.5219380704363398,-0.43592412510080425
2020-03-24,61.66999816894531,0.2289753552115416,0.1292869635121244,0.6956799775649196,0.888608055516387,0.606299327366987,0.8297759253506104,-0.466704622353378,-0.5663930140527952,-0.47701236385486256
2020-03-25,63.95000076293945,0.263402705629585,0.15695107004732986,0.6896401586646759,0.8750965198261519,0.6052618504692476,0.8193116254169813,-0.42623745303509086,-0.532689088617346,-0.44831078042191774
2020-03-26,61.0,0.21132576793147953,0.1158369466556905,0.7083803599857905,0.8784359093561117,0.622189086248601,0.8226279961123112,-0.497054592054311,-0.5925434133301,-0.5063521395929105
2020-03-27,65.54000091552734,0.284748004117435,0.17443398060370735,0.7121011629994616,0.8789282892320428,0.6233179146035002,0.8254050517414334,-0.4273531588820266,-0.5376671823957542,-0.4488839339997928
2020-03-30,57.08000183105469,0.16615903954547692,0.08001099580344109,0.7169459992045897,0.8841643979145325,0.6207109729717902,0.8262286895273062,-0.5507869596591127,-0.6369350034011486,-0.5406999771683492
2020-03-31,53.540000915527344,0.13283771343333503,0.05299334485239775,0.7248873049142568,0.8819915224321156,0.6229507976850095,0.8250758473034092,-0.5920495914809217,-0.6718939600618591,-0.5699574528326118
2020-04-01,57.060001373291016,0.17074312658742585,0.08298915219611225,0.72839649191543,0.8799548210629319,0.6249019501920128,0.8254400876847247,-0.5576533653280041,-0.6454073397193177,-0.5419127979959005
2020-04-02,50.90999984741211,0.10030277450955366,0.026842588433825587,0.7259200976546368,0.8751663777961161,0.6271228995024191,0.8226203160135046,-0.6256173231450832,-0.6990775092208112,-0.6002803110685935
2020-04-03,46.79999923706055,0.056149617174394574,-0.008360736777409481,0.7217673556137714,0.8741146121670763,0.6249995804335015,0.8224801206156278,-0.6656177384393768,-0.7301280923911808,-0.6333603172109109
2020-04-06,45.2400016784668,0.025201587532958928,-0.03230974986259431,0.7200868179751087,0.8786721701863407,0.6286153055716128,0.827916677245448,-0.6948852304421497,-0.7523965678377029,-0.6609250554342071
2020-04-07,46.70000076293945,0.05345012281837595,-0.011299428147546687,0.6878128418813048,0.874164684112466,0.6267805726926947,0.8260548392435135,-0.6343627190629288,-0.6991122700288515,-0.6380800008402414
2020-04-08,43.349998474121094,0.02558908153165488,-0.03361957035378394,0.6967453774190536,0.8708481130138017,0.6333053305746602,0.8263983898088205,-0.6711562958873988,-0.7303649477728376,-0.6669249009284441
2020-04-09,41.66999816894531,0.013359541699164437,-0.043426197365197816,0.6841565829207111,0.8643139046199192,0.6343412809720144,0.821955465174207,-0.6707970412215467,-0.727582780285909,-0.6777674783372122
2020-04-13,41.16999816894531,0.03688490922018276,-0.026485319082858772,0.6375180890028278,0.8313291602548856,0.629564708469963,0.815464157343348,-0.6006331797826451,-0.6640034080856866,-0.6560500275528218
2020-04-14,37.7599983215332,0.02551071731981254,-0.037819609462238515,0.6457580055563544,0.8168372425345213,0.6253266440766584,0.8135536088874459,-0.6202472882365418,-0.6835776150185929,-0.6631462535388969
2020-04-15,40.84000015258789,0.2041341235090768,0.09627995746417832,0.6998040708232791,0.7423818441102638,0.6291547082891079,0.8112455712403025,-0.49566994731420233,-0.6035241133591008,-0.5328747508249296
2020-04-16,40.11000061035156,0.2275086645316492,0.11305537300084974,0.697897399212905,0.7148921834059256,0.6234683891494188,0.8070932024403281,-0.47038873468125575,-0.5848420262120552,-0.510413016148569
2020-04-17,38.150001525878906,0.20651672622502554,0.09558987767136452,0.6772920589371397,0.6823382105796796,0.6264664205716579,0.7963549189681393,-0.4707753327121142,-0.5817021812657752,-0.5308765429002934
2020-04-20,43.83000183105469,0.342806544916148,0.20212086638153834,0.6987578349237291,0.689504312303596,0.6278074648450948,0.7966916414442861,-0.35595129000758113,-0.49663696854219075,-0.4256865984635564
2020-04-21,45.40999984741211,0.38264232568528816,0.23303922943892597,0.6665400480672368,0.6871610994887496,0.6257172882709869,0.7969305599335629,-0.2838977223819486,-0.4335008186283108,-0.39267805883206097
2020-04-22,41.97999954223633,0.28644632008553306,0.15753634030211236,0.6412824694268583,0.6940399339371723,0.6203675121846031,0.7959181159010604,-0.35483614934132524,-0.4837461291247459,-0.4628311718824907
2020-04-23,41.380001068115234,0.4526796609872298,0.2815984391554199,0.6149220367262281,0.6387020638720757,0.6197152870371184,0.7947331327254467,-0.16224237573899836,-0.33332359757080826,-0.33811684788169855
2020-04-24,35.93000030517578,0.2963345710698281,0.15920839227264844,0.6176411212863595,0.6658222494351901,0.6194049551836182,0.7946089764491494,-0.32130655021653143,-0.45843272901371107,-0.4601965629109697
2020-04-27,33.290000915527344,0.2673103395074341,0.13367102520679247,0.5464782302580269,0.6361146907073547,0.6222143272501074,0.7925306333625121,-0.2791678907505928,-0.4128072050512344,-0.4885433020433149
2020-04-28,33.56999969482422,0.2948450415264983,0.1528538283656829,0.5326404338473611,0.5959712138727608,0.6208767959845505,0.790096497911178,-0.23779539232086283,-0.37978660548167825,-0.4680229676188676
2020-04-29,31.229999542236328,0.22351757793990984,0.09899413995139293,0.5041169577919763,0.5861585138749471,0.6132141718127246,0.7877457871714518,-0.28059937985206646,-0.40512281784058335,-0.5142200318613317
2020-04-30,34.150001525878906,0.2959508945252395,0.15564873379633776,0.4833940089554341,0.5694168554303328,0.6123233715149635,0.787694353151994,-0.18744311443019462,-0.32774527515909635,-0.45667463771862576
2020-05-01,37.189998626708984,0.42906870945494996,0.2587072425608944,0.4566360894378102,0.5523887100356101,0.6165394261457345,0.7940052090810433,-0.02756737998286024,-0.1979288468769158,-0.35783218358484015
2020-05-04,35.970001220703125,0.39985681359786757,0.23582592492214866,0.4403654055452879,0.5469029059123744,0.6159868988851207,0.7937653216976325,-0.04050859194742035,-0.20453948062313926,-0.38016097396297205
2020-05-05,33.61000061035156,0.3383263317419283,0.188003578089587,0.44831956391896216,0.5297020470754815,0.6184015934568906,0.7953448396501535,-0.10999323217703388,-0.26031598582937515,-0.4303980153673036
2020-05-06,34.119998931884766,0.5581820871841314,0.3477501678642665,0.3708848643390731,0.446025074574214,0.6176424048497702,0.7960675337745217,0.18729722284505834,-0.023134696474806593,-0.2698922369855037
2020-05-07,31.440000534057617,0.45275260183143506,0.26662228730424936,0.386454476506078,0.45191897645438955,0.6188954523867151,0.7964367464511295,0.06629812532535706,-0.11983218920182864,-0.3522731650824657
2020-05-08,27.979999542236328,0.33454357091872283,0.17498167484589658,0.33620035412088667,0.4280236236968812,0.6197398427100373,0.7964309628328478,-0.0016567832021638362,-0.1612186792749901,-0.4447581678641408
2020-05-11,27.56999969482422,0.31591044351627223,0.16015865214182357,0.3145760539544929,0.4399629838165594,0.621027483243937,0.7965150575829363,0.0013343895617793367,-0.15441740181266933,-0.4608688311021134
2020-05-12,33.040000915527344,0.5400220262971317,0.33019068780029526,0.34502338346257244,0.4732229863177757,0.6228802800798421,0.7980025301500869,0.19499864283455925,-0.014832695662277184,-0.29268959227954683
2020-05-13,35.279998779296875,0.7574666549876353,0.49256603621491984,0.37319786605955424,0.4859371113068305,0.6249363434472706,0.7979335008705954,0.3842687889280811,0.1193681701553656,-0.13237030723235071
2020-05-14,32.61000061035156,0.6181170935082169,0.3844336988908252,0.34130476297170287,0.49889804465380366,0.6246814596256096,0.7976412772608976,0.276812330536514,0.04312893591912231,-0.24024776073478443
2020-05-15,31.88999938964844,0.5954091742728571,0.3650258453211718,0.348150612750607,0.5180992447275858,0.6259647584100213,0.797961052782328,0.24725856152225012,0.016875232570564835,-0.2609389130888495
2020-05-18,29.299999237060547,0.47162452912996966,0.26942963102250866,0.3632069440856182,0.5677746285904961,0.63192775449826,0.7968978458411929,0.10841758504435145,-0.09377731306310955,-0.36249812347575133
2020-05-19,30.530000686645508,0.5438812488454428,0.32339170173787046,0.35536727506110705,0.5569226456208922,0.6363896245240487,0.7967240353824159,0.1885139737843357,-0.031975573323236584,-0.3129979227861782
2020-05-20,27.989999771118164,0.4942923122513284,0.2829280403561525,0.346596747679065,0.5142349734352987,0.6358668570027156,0.7961097023702031,0.1476955645722634,-0.06366870732291252,-0.3529388166465631
2020-05-21,29.530000686645508,0.6725816759858846,0.4132060723354128,0.36871416141164015,0.5034111567517575,0.6398870669685778,0.7969687100478626,0.30386751457424444,0.04449191092377264,-0.226680994633165
2020-05-22,28.15999984741211,0.5908347044967353,0.350614634978283,0.36506058284115933,0.516116926556483,0.6455520571141915,0.7942404555977349,0.22577412165557592,-0.01444594786287634,-0.2949374221359085
2020-05-26,28.010000228881836,0.5767863780624856,0.34027842067284114,0.3559583217370993,0.4712827616207153,0.6409814810830449,0.7882197755739344,0.22082805632538627,-0.01567990106425815,-0.3007030604102037
2020-05-27,27.6200008392334,0.552808524124094,0.32291938602811043,0.35576441237251755,0.4592858283609739,0.642398742448866,0.7856315875828069,0.19704411175157643,-0.03284502634440711,-0.31947935642075553
2020-05-28,28.59000015258789,0.6440113233026238,0.3893838511684021,0.38011126413133445,0.460208035635351,0.6455555776969862,0.7822834895915148,0.26390005917128934,0.009272587037067626,-0.25617172652858416
2020-05-29,27.510000228881836,0.7833732748709771,0.4750874485860596,0.42196483592068285,0.4455226136997292,0.6495262381782868,0.7844228454029033,0.36140843895029423,0.05312261266537677,-0.1744387895922272
2020-06-01,28.229999542236328,0.8964578263343239,0.5556354672464427,0.4457016969449698,0.46837244193592453,0.6520745520067855,0.7833007787358,0.4507561293893541,0.10993377030147294,-0.0964390847603428
2020-06-02,26.84000015258789,1.0122704786359298,0.6222420858272099,0.45164884250588255,0.38129040036681044,0.6548492770372308,0.7804304297916428,0.5606216361300472,0.1705932433213273,-0.03260719121002098
2020-06-03,25.65999984741211,0.9604890077255365,0.579827887965689,0.5199952423880704,0.3820873196583991,0.6531337382643303,0.7770411778793295,0.4404937653374661,0.05983264557761858,-0.07330585029864134
2020-06-04,25.809999465942383,0.9792335771690469,0.5937789220205313,0.5067524341254829,0.397756521975585,0.6508717399921697,0.7738185410534241,0.47248114304356403,0.08702648789504841,-0.057092817971638454
2020-06-05,24.520000457763672,0.7693373753327375,0.44732169688615836,0.5620996110297328,0.45961746664688247,0.6533980921275211,0.7731893972960963,0.20723776430300467,-0.11477791414357447,-0.20607639524136273
2020-06-08,25.809999465942383,0.8905360094974161,0.5375780904198445,0.5745111006516843,0.4587369492255553,0.6270677221516235,0.7617133231449861,0.31602490884573176,-0.03693301023183981,-0.08948963173177904
2020-06-09,27.56999969482422,0.9887098738145286,0.6164887204254624,0.5015571269659453,0.4155400528257302,0.6217952300008576,0.754055169286157,0.48715274684858323,0.11493159345951709,-0.005306509575395135
2020-06-10,27.56999969482422,0.911965653412206,0.5652222131518503,0.46359915568965965,0.37285398395986796,0.6047270509699542,0.7454796034590435,0.4483664977225464,0.10162305746219064,-0.03950483781810388
2020-06-11,40.790000915527344,1.5601779485976477,1.0939590207713956,0.6826824445978339,0.5764932002685763,0.5868923320740017,0.7288095893343915,0.8774955039998138,0.4112765761735617,0.5070666886973939
2020-06-12,36.09000015258789,1.205001284886894,0.8153612463514014,0.6737571818272549,0.5661008850984423,0.5967032676182431,0.7127472464700191,0.5312441030596392,0.14160406452414653,0.2186579787331583
2020-06-15,34.400001525878906,1.0858966325751696,0.7228298402717304,0.6721028553658541,0.5717140204889768,0.611933079560917,0.6499118082834863,0.4137937772093154,0.05072698490587624,0.11089676071081334
2020-06-16,33.66999816894531,1.0616630158236908,0.7053443777837926,0.7403375371327601,0.5821113356611091,0.619523338004381,0.6357701619351173,0.32132547869093075,-0.03499315934896752,0.08582103977941158
2020-06-17,33.470001220703125,1.1026847044855457,0.7335650141909102,0.6612563055624249,0.5705570613667079,0.5964280618999845,0.6287451700453293,0.4414283989231208,0.07230870862848537,0.1371369522909257
2020-06-18,32.939998626708984,1.0680914131365142,0.7064438106473866,0.6501734886959328,0.5716857693095491,0.6063930500799197,0.6288873140943437,0.4179179244405814,0.05627032195145376,0.10005076056746687
2020-06-19,35.119998931884766,1.339407099284108,0.909115854092016,0.6708800046235195,0.5653819218463993,0.5912503535745097,0.6215033021622621,0.6685270946605886,0.23823584946849652,0.3178655005175063
2020-06-22,31.770000457763672,1.0166000337153773,0.6632436146506296,0.6372234387401862,0.5602451445085127,0.5808958275306432,0.6265845526005576,0.37937659497519116,0.026020175910443477,0.08234778711998647
2020-06-23,31.3700008392334,0.9828548722058134,0.6384838858914199,0.6378755377061919,0.5641885128952762,0.5542524020684889,0.5792074285803412,0.3449793344996215,0.0006083481852280359,0.084231483822931
2020-06-24,33.84000015258789,1.1576670989176938,0.7745016851714374,0.702256385431757,0.6282861001985741,0.5652809705168765,0.6011215721002187,0.45541071348593687,0.07224529973968041,0.20922071465456082
2020-06-25,32.220001220703125,1.0299096285900908,0.6758006767324133,0.6846599909030788,0.6600828514089558,0.5205225652791123,0.5873556418253454,0.345249637687012,-0.008859314170665544,0.15527811145330095
2020-06-26,34.72999954223633,0.9886822393968401,0.6583628375133137,0.6075411071900505,0.6808770866920834,0.5090544451827214,0.580967645126147,0.3811411322067896,0.0508217303232632,0.14930839233059234
2020-06-29,31.780000686645508,0.8215001655903439,0.5294914188634086,0.6481814644532061,0.6855991196643111,0.5137180938761767,0.5749876194486543,0.17331870113713777,-0.11869004558979757,0.01577332498723183
2020-06-30,30.43000030517578,0.7025989323581606,0.4405779337666359,0.631438805439518,0.6946273767655495,0.5056945849144617,0.5776037776102253,0.0711601269186426,-0.19086087167288213,-0.06511665114782583
2020-07-01,28.6200008392334,0.5760941023693126,0.34689925085258916,0.6021815334439348,0.6729165553276915,0.48834013533732423,0.5533824464923598,-0.02608743107462219,-0.2552822825913456,-0.14144088448473507
2020-07-02,27.68000030517578,0.5302130264281333,0.3115077728121506,0.5887671781320921,0.6873762585963346,0.48516930209343084,0.5528709471181896,-0.058554151703958834,-0.27725940531994153,-0.17366152928128026
2020-07-06,27.940000534057617,0.49892850458861565,0.29122422258022085,0.5646903020744654,0.7051618154327461,0.4828517861638779,0.5497317302533641,-0.0657617974858497,-0.2734660794942445,-0.19162756358365707
2020-07-07,29.43000030517578,0.6088216399271273,0.3716821145572299,0.5441612570281189,0.7088714504626729,0.4560310953450284,0.5155024054195234,0.06466038289900844,-0.17247914247088902,-0.08434898078779851
2020-07-08,28.079999923706055,0.5125972521788767,0.29971843860771336,0.5083782457910655,0.7224544354161198,0.4542728756015266,0.5193389800388554,0.004219006387811253,-0.20865980718335214,-0.15455443699381327
2020-07-09,29.260000228881836,0.5844969736904528,0.3534689649836775,0.5181215860896702,0.7265988084967726,0.4232614843489818,0.5083403473299629,0.06637538760078265,-0.16465262110599266,-0.06979251936530428
2020-07-10,27.290000915527344,0.5262715876533273,0.3070468569417411,0.567895464829453,0.7452860416040538,0.42067783392887803,0.5123258321237493,-0.0416238771761257,-0.26084860788771186,-0.11363097698713692
2020-07-13,32.189998626708984,1.0983929727817494,0.7239601841711101,0.28627134186831116,0.57058865093245,0.419632873917608,0.514415269358944,0.8121216309134383,0.4376888423027989,0.30432731025350207
2020-07-14,29.520000457763672,0.8679574334932652,0.549198169160152,0.27681661063093244,0.5622314198848991,0.42898545105169417,0.5141983020686315,0.5911408228623327,0.2723815585292195,0.1202127181084578
2020-07-15,27.760000228881836,0.7572028912931974,0.4649020056603827,0.2822704137266805,0.5512308695164995,0.41635192444416314,0.517710240837931,0.4749324775665169,0.1826315919337022,0.048550081216219565
2020-07-16,28.0,0.8060899611402689,0.4994938060186405,0.24480844655762007,0.5473282545054744,0.43130863195922675,0.5293846722157222,0.5612815145826489,0.25468535946102044,0.06818517405941377
2020-07-17,25.68000030517578,0.658588563032433,0.38767959246501704,0.24791447600433134,0.5555871323918923,0.4127982906793514,0.547642668966985,0.4106740870281016,0.1397651164606857,-0.02511869821433438
2020-07-20,24.459999084472656,0.47936430484468007,0.261637891884681,0.1992437670197116,0.5275516806494753,0.3840855059088017,0.5327454147674,0.2801205378249685,0.0623941248649694,-0.12244761402412069
2020-07-21,24.84000015258789,0.4852039877302893,0.26729302418001066,0.18768287102241069,0.4992992995150652,0.3768116991963848,0.5086504210980827,0.2975211167078786,0.07961015315759998,-0.10951867501637413
2020-07-22,24.31999969482422,0.48988294550983374,0.26874773483840736,0.2055554779224445,0.5010797798453511,0.38808146378071545,0.5018002874742483,0.28432746758738925,0.06319225691596286,-0.11933372894230809
2020-07-23,26.079999923706055,0.4992046139344231,0.28186985180723234,0.17486892249114436,0.49660384012243164,0.36947537431741984,0.5047000494880078,0.3243356914432788,0.10700092931608798,-0.0876055225101875
2020-07-24,25.84000015258789,0.52091236951218,0.2950556892238291,0.11363073020194046,0.4530907167535508,0.36970527169422457,0.5038407774577877,0.40728163931023953,0.1814249590218886,-0.07464958247039549
2020-07-27,24.739999771118164,0.4598666444221992,0.24953280443802273,0.10467088598411206,0.43110265422677985,0.36127470855239474,0.5050178782287034,0.35519575843808715,0.14486191845391067,-0.11174190411437201
2020-07-28,25.440000534057617,0.6229249641311225,0.3595678293848878,0.07258493034759664,0.30952525994540653,0.36691950570108267,0.5046681531131881,0.5503400337835259,0.28698289903729113,-0.007351676316194877
2020-07-29,24.100000381469727,0.5399661327986736,0.2969832194299521,0.061880784756784796,0.32344664844800075,0.3860359096323461,0.5078859871190937,0.47808534804188874,0.2351024346731673,-0.08905269020239398
2020-07-30,24.760000228881836,0.6108655672445036,0.3485016079737852,0.05054759823674531,0.3012963350684111,0.3908487110928945,0.5149645149533573,0.5603179690077583,0.2979540097370399,-0.042347103119109275
2020-07-31,24.459999084472656,0.421798985200555,0.21822104624620195,-0.004400835458833043,0.24850700816574434,0.33219231786848064,0.46134818105745956,0.426199820659388,0.222621881705035,-0.11397127162227869
2020-08-03,24.280000686645508,0.3671673916301506,0.18053943676229942,-0.017613964539246813,0.23882543186138458,0.3239743224158682,0.4562576864006657,0.3847813561693974,0.19815340130154624,-0.1434348856535688
2020-08-04,23.760000228881836,0.3756916091943487,0.18356427047878082,-0.035103460360324794,0.19117095629877678,0.3211435326444485,0.45578724748716465,0.4107950695546735,0.21866773083910562,-0.13757926216566768
2020-08-05,22.989999771118164,0.34082241251503215,0.157427478358248,-0.04332547455156586,0.17343533406587142,0.32171858821863536,0.4571418797634305,0.384147887066598,0.20075295290981385,-0.16429110986038736
2020-08-06,22.649999618530273,0.32611629662519065,0.14783575862683748,-0.04184892852493646,0.16990683552647268,0.3123233050925787,0.4552092013486567,0.3679652251501271,0.18968468715177395,-0.16448754646574124
2020-08-07,22.209999084472656,0.31312430846010225,0.1373555449348402,-0.04430195789441451,0.17157451697862883,0.3021471765934738,0.4484723623891688,0.35742626635451674,0.18165750282925472,-0.16479163165863359
2020-08-10,22.1299991607666,0.31258320555518326,0.13544830958240717,-0.05763489987212844,0.15873777211252704,0.3063187805736666,0.4484546329875997,0.3702181054273117,0.1930832094545356,-0.17087047099125946
2020-08-11,24.030000686645508,0.4162499686783578,0.21110661498030583,-0.056053358034730105,0.1734811654237623,0.29138931209576374,0.4393995262244506,0.4723033267130879,0.2671599730150359,-0.08028269711545791
2020-08-12,22.280000686645508,0.29348460606207344,0.1216845852516422,-0.06630619642818165,0.16204413893746378,0.2724578868796881,0.43290917863677186,0.3597908024902551,0.18799078167982386,-0.15077330162804586
2020-08-13,22.1299991607666,0.289625638154712,0.11841098563310738,-0.07559342034339521,0.16815635899378306,0.27044312505483153,0.4337829920324589,0.3652190584981072,0.1940044059765026,-0.15203213942172417
2020-08-14,22.049999237060547,0.28906459282960034,0.11779780845019212,-0.07601743231449072,0.16834356471639017,0.28179081885156143,0.4391225645643318,0.36508202514409105,0.19381524076468284,-0.16399301040136932
2020-08-17,21.350000381469727,0.2164088570503921,0.06620529487796438,-0.0913107654835211,0.14607743877499035,0.23711908715531904,0.4263448730580821,0.30771962253391316,0.15751606036148547,-0.17091379227735465
2020-08-18,21.510000228881836,0.2649948453711956,0.09669667575948773,-0.09041736955841458,0.15253257599882922,0.22945532230938423,0.4218745461555185,0.35541221492961017,0.18711404531790232,-0.1327586465498965
2020-08-19,22.540000915527344,0.32153971559515726,0.13688522435235548,-0.08795852191191701,0.1729678239309774,0.22515154558788694,0.4185252920288423,0.40949823750707426,0.2248437462642725,-0.08826632123553146
2020-08-20,22.719999313354492,0.31936641078224126,0.13646448418505666,-0.09256411911963067,0.1669889769033944,0.2219523911928234,0.4126358372730263,0.41193052990187196,0.22902860330468733,-0.08548790700776673
2020-08-21,22.540000915527344,0.3355437559199007,0.14272738263818233,-0.11234447577965956,0.11338881102319154,0.2120341014007414,0.40847614182524283,0.44788823169956027,0.25507185841784186,-0.06930671876255906
2020-08-24,22.3700008392334,0.321181276552024,0.13359059927851055,-0.10356763468743839,0.10678419071965489,0.2151433458375998,0.4176677470657467,0.4247489112394624,0.23715823396594893,-0.08155274655908926
2020-08-25,22.030000686645508,0.31254046241798905,0.1275024970855731,-0.10506324984217062,0.10624381544433975,0.20783442738600166,0.42284597624913,0.4176037122601597,0.23256574692774373,-0.08033193030042857
2020-08-26,23.270000457763672,0.3537442076606018,0.16206298498334692,-0.09554476459616446,0.08263638332076917,0.20462048996285742,0.41289812701973777,0.44928897225676623,0.2576077495795114,-0.042557504979510496
2020-08-27,24.469999313354492,0.4141823740195139,0.2077764559959394,-0.11142409932846911,0.05521094735036021,0.20789559395920484,0.4096156706946146,0.525606473347983,0.3192005553244085,-0.00011913796326543102
2020-08-28,22.959999084472656,0.329019125122115,0.14366451668387806,-0.11392604664704396,0.042218444814143496,0.20471550481535006,0.41056270837781084,0.442945171769159,0.257590563330922,-0.061050988131472
2020-08-31,26.40999984741211,0.6743498503479679,0.3913925939473814,-0.09457645649316852,0.07459253915015675,0.1982329024807466,0.407945818920298,0.7689263068411364,0.48596905044054994,0.1931596914666348
2020-09-01,26.1200008392334,0.6930666318430873,0.40136303846817073,-0.08666327424487023,0.08677812381298856,0.18844339055140988,0.41287019191422286,0.7797299060879574,0.488026312713041,0.21291964791676085
2020-09-02,26.56999969482422,0.6572892644338248,0.3794752209439052,-0.06696095075038733,0.10189022221511689,0.18829851141103562,0.41194211478765336,0.7242502151842122,0.4464361716942925,0.19117670953286955
2020-09-03,33.599998474121094,0.7051951319912326,0.4358133136816272,-0.01285679983966231,0.25105242217854495,0.16107065954629457,0.4203527785639795,0.7180519318308949,0.4486701135212895,0.2747426541353326
2020-09-04,30.75,0.5537557299365973,0.31907613166862275,-0.011712438368574152,0.24837697279302628,0.15426273440593272,0.4203366283724213,0.5654681683051714,0.3307885700371969,0.16481339726269004
2020-09-08,31.459999084472656,0.4640841709530232,0.2582930480304169,0.01923569717946848,0.3521762340194918,0.15694146188953662,0.4484425548061644,0.4448484737735547,0.23905735085094842,0.1013515861408803
2020-09-09,28.809999465942383,0.3037474803138829,0.1376341647767366,0.02432730630186233,0.3765532221808019,0.1593665120620436,0.4648025221974876,0.2794201740120206,0.11330685847487426,-0.021732347285307013
2020-09-10,29.709999084472656,0.3327977714592813,0.1600958030753474,0.04041522725404917,0.4228493285823091,0.07085669929031718,0.3934656277097914,0.29238254420523213,0.11968057582129824,0.08923910378503022
2020-09-11,26.8700008392334,0.25533949451303917,0.10040605312992223,0.04159183255978131,0.41240646974675127,0.06604648971720445,0.39191948045637937,0.21374766195325787,0.05881422057014093,0.034359563412717786
2020-09-14,25.850000381469727,0.19890535154340608,0.057638287455791574,0.04029107817812132,0.4134998383669451,0.06329654753786872,0.38926057466553304,0.15861427336528477,0.017347209277670257,-0.005658260082077142
2020-09-15,25.59000015258789,0.18587938452361769,0.048946203419115875,0.040277514143991826,0.40464783304080537,0.05286580563558074,0.3834527685338962,0.14560187037962585,0.008668689275124049,-0.003919602216464868
2020-09-16,26.040000915527344,0.20710242984590777,0.06623847553519772,0.04677195975451736,0.40844211017041593,0.04855655487631982,0.3790554461234242,0.1603304700913904,0.019466515780680364,0.017681920658877907
2020-09-17,26.459999084472656,0.22418086241421226,0.07851977134402716,0.05382497093898043,0.42709335798546466,0.05015597568542056,0.382949208742211,0.17035589147523184,0.024694800405046728,0.028363795658606597
2020-09-18,25.829999923706055,0.1926472753991766,0.055488063178301066,0.05595594614910005,0.42515985124596195,0.05044983786607273,0.3838911061585196,0.13669132925007654,-0.00046788297079898566,0.005038225312228334
2020-09-21,27.780000686645508,0.2537288377944668,0.10192721255974997,0.061617943612183805,0.4132907517495811,0.05366289493508724,0.37836578040477997,0.192110894182283,0.04030926894756617,0.04826431762466273
2020-09-22,26.86000061035156,0.2283069322826933,0.08517427729168232,0.0755563694436493,0.39621470343395254,0.054002674922145145,0.37074668731731614,0.152750562839044,0.009617907848033028,0.03117160236953718
2020-09-23,28.579999923706055,0.2541344084488467,0.10675027218504728,0.087083155178482,0.4252728964163411,0.04395696604145021,0.37103870700536795,0.1670512532703647,0.019667117006565274,0.06279330614359707
2020-09-24,28.510000228881836,0.2528287734666824,0.10506829124621571,0.08669508541836166,0.4318131138277562,0.04136811415008782,0.366368623899674,0.16613368804832077,0.018373205827854053,0.06370017709612788
2020-09-25,26.3799991607666,0.17957703227615568,0.04747565050420973,0.0924330302378169,0.49024463328526463,0.03447708645732425,0.3371790425658995,0.08714400203833877,-0.044957379733607174,0.012998564046885479
2020-09-28,26.190000534057617,0.17356318358991438,0.042589627223535334,0.11108979278577776,0.5275744773505585,0.0363855331971713,0.33994956699996287,0.06247339080413662,-0.06850016556224242,0.006204094026364036
2020-09-29,26.270000457763672,0.1814497660579511,0.049074032045174874,0.11526646089060233,0.5072871586256369,0.034402243067942824,0.33239891661546,0.06618330516734877,-0.06619242884542745,0.01467178897723205
2020-09-30,26.3700008392334,0.188041747948216,0.053679432202302306,0.12125782699110421,0.5243137800499654,0.03497562939800627,0.33784016202611344,0.06678392095711178,-0.0675783947888019,0.018703802804296038
2020-10-01,26.700000762939453,0.2081734584839041,0.0693002350785896,0.12633126785661183,0.5149749323359448,0.03509596072028226,0.336301428034369,0.08184219062729226,-0.05703103277802224,0.034204274358307335
2020-10-02,27.6299991607666,0.23522077002952602,0.08957810044334594,0.11474353439531171,0.5050912003808784,0.02848002671349869,0.3269705638087387,0.12047723563421431,-0.02516543395196577,0.06109807372984725
2020-10-05,27.959999084472656,0.3751516825014128,0.18922467016221714,0.12642540821237347,0.5268485879472705,0.03030947284562137,0.33277726724064577,0.24872627428903932,0.06279926194984367,0.15891519731659576
2020-10-06,29.479999542236328,0.4439727357320822,0.24153252322087757,0.14057973286704578,0.5496946525293461,0.036094893686945635,0.33734615357363246,0.3033930028650364,0.10095279035383178,0.20543762953393194
2020-10-07,28.059999465942383,0.5043132182426414,0.2790694501744574,0.16301209663683977,0.5193686262198252,0.045588260468537874,0.3477050691811035,0.3413011216058016,0.11605735353761762,0.23348118970591952
2020-10-08,26.36000061035156,0.5042954739805331,0.27604894840168337,0.180632809074757,0.5022494098158506,0.044685450971736373,0.34718599661417965,0.3236626649057761,0.09541613932692636,0.231363497429947
2020-10-09,25.0,0.458290704147755,0.240236464025125,0.16798065615827004,0.46456307369954397,0.047962199367158856,0.35320379449080314,0.290310047989485,0.07225580786685495,0.19227426465796615
2020-10-12,25.06999969482422,0.37673226863912407,0.18541265155719008,0.14813834861029676,0.4770352074488986,0.042815043809000114,0.3574484285016093,0.2285939200288273,0.03727430294689332,0.14259760774818997
2020-10-13,26.06999969482422,0.4641066303103559,0.25034517461360106,0.15871039263742623,0.480958234065009,0.0411577718386272,0.35885309006102334,0.30539623767292967,0.09163478197617483,0.20918740277497386
2020-10-14,26.399999618530273,0.48817210246157233,0.2674882083589253,0.1635372955784397,0.5028175202372027,0.042173860064962154,0.361256170706118,0.3246348068831326,0.10395091278048557,0.22531434829396313
2020-10-15,26.969999313354492,0.564802010527841,0.32248979568505215,0.18620468173333057,0.5218495774537846,0.041852250708779085,0.35894691179364047,0.37859732879451036,0.13628511395172158,0.2806375449762731
2020-10-16,27.40999984741211,0.6008805971910594,0.3483793059410898,0.18067742573326223,0.5111236248062865,0.0470326366271569,0.36777250029383185,0.4202031714577971,0.16770188020782756,0.3013466693139329
2020-10-19,29.18000030517578,0.6994494179991118,0.42430951480168017,0.1911773168495875,0.5430368512532329,0.05280306716161901,0.3855103197419738,0.5082721011495243,0.23313219795209267,0.37150644764006113
2020-10-20,29.350000381469727,0.7450668433917944,0.45660084028789255,0.19173798105852222,0.572402254899228,0.05203218272439141,0.3874136570806798,0.5533288623332722,0.26486285922937036,0.40456865756350113
2020-10-21,28.649999618530273,0.7351265865073885,0.44634287599815115,0.19261910018851294,0.5876134715088183,0.05488911038340429,0.38224091802091914,0.5425074863188756,0.25372377580963823,0.3914537656147469
2020-10-22,28.11000061035156,0.8323127151628134,0.5119966983077522,0.1711306804745216,0.5043889827528661,0.05368599815841086,0.3802628827212535,0.6611820346882917,0.34086601783323056,0.45831070014934133
2020-10-23,27.549999237060547,0.7862678890670315,0.47793935587069275,0.17058593363666483,0.503744921347412,0.05339054421159818,0.3834770661684901,0.6156819554303666,0.30735342223402795,0.4245488116590946
2020-10-26,32.459999084472656,1.1869542072151233,0.7842398634125659,0.19465251224418179,0.5216029785378689,0.06135744938800147,0.3960919840585894,0.9923016949709416,0.5895873511683841,0.7228824140245644
2020-10-27,33.349998474121094,1.267680881747005,0.8460013131802586,0.15485033030668022,0.49343091158153324,0.0569566112487097,0.3864697485923896,1.112830551440325,0.6911509828735785,0.789044701931549
2020-10-28,40.279998779296875,1.4236801064693425,0.989613915919104,0.21124502167875253,0.6101861085780413,0.07920947379473635,0.43321099805941593,1.21243508479059,0.7783688942403515,0.9104044421243677
2020-10-29,37.59000015258789,1.1388584381828948,0.7718751810546561,0.19448646116544147,0.6116205890919963,0.0933354919262068,0.4514959786106831,0.9443719770174533,0.5773887198892147,0.6785396891284493
2020-10-30,38.02000045776367,1.0046188231211481,0.6754244096764431,0.1528116495254548,0.572158117608724,0.0892880167040766,0.44483855426663954,0.8518071735956934,0.5226127601509883,0.5861363929723665
2020-11-02,37.130001068115234,1.0287005901098631,0.6908631920438782,0.1830868565650649,0.5677845981227053,0.09364483834587681,0.4458881725589229,0.8456137335447982,0.5077763354788134,0.5972183536980015
2020-11-03,35.54999923706055,0.9568711131064689,0.6341547328589524,0.19429247678457484,0.5509425078304749,0.09918231002520275,0.44865653074952594,0.762578636321894,0.43986225607437757,0.5349724228337497
2020-11-04,29.56999969482422,0.46611465139346725,0.2676026865424055,0.15369730711523555,0.5117929676072649,0.09590003769494658,0.4410411770643687,0.3124173442782317,0.11390537942716994,0.1717026488474589
2020-11-05,27.579999923706055,0.3646412561910124,0.19165829224420175,0.15000829955728529,0.5131479259977949,0.10406308828506344,0.45108394571006527,0.2146329566337271,0.041649992686916465,0.0875952039591383
2020-11-06,24.86000061035156,0.2601739916667549,0.11242025815399827,0.14168637785212249,0.5117201983796048,0.10338415407085161,0.45361793949021656,0.11848761381463244,-0.02926611969812422,0.00903610408314666
2020-11-09,25.75,0.22900580088065034,0.0966987807547002,0.10644877541543535,0.3856465664843263,0.0937518517622595,0.40158563546204606,0.12255702546521499,-0.009749994660735145,0.0029469289924407005
2020-11-10,24.799999237060547,0.2056507188198849,0.07763676780446581,0.09120821386187573,0.3611323961064642,0.08653151287286961,0.38863724123373783,0.11444250495800916,-0.013571446057409925,-0.008894745068403806
2020-11-11,23.450000762939453,0.1475723071675268,0.03459693854986051,0.07790110763546819,0.35109923116824165,0.0820592721454062,0.38551002508337623,0.06967119953205862,-0.04330416908560768,-0.04746233359554569
2020-11-12,25.350000381469727,0.20536000279059483,0.07763461726339445,0.08307782882360826,0.3496195603108694,0.08472173738123288,0.3864626043141463,0.12228217396698657,-0.005443211560213809,-0.007087120117838436
2020-11-13,23.100000381469727,0.13809928869154464,0.027558489453321844,0.09589676246069123,0.3510276477308212,0.0961505915211013,0.3924202807986674,0.04220252623085341,-0.06833827300736939,-0.06859210206777945
2020-11-16,22.450000762939453,0.11957794200805676,0.01419789468375561,0.10655043126863502,0.35555422550894594,0.10128619732608743,0.39756647968472286,0.013027510739421738,-0.09235253658487941,-0.08708830264233182
2020-11-17,22.709999084472656,0.1359302979990835,0.02551469490268635,0.0998910668625558,0.3354359347907524,0.10157764621118265,0.39695332991372073,0.03603923113652768,-0.07437637195986946,-0.0760629513084963
2020-11-18,23.84000015258789,0.1684878235933459,0.04990957112120739,0.1096406803516874,0.3466346538779108,0.10663483387551223,0.40374087087558386,0.0588471432416585,-0.059731109230480015,-0.05672526275430484
2020-11-19,23.11000061035156,0.1504699087075113,0.036062107966550204,0.11349525750873395,0.350773720545951,0.11348840102151031,0.4062628907575027,0.03697465119877737,-0.07743314954218375,-0.0774262930549601
2020-11-20,23.700000762939453,0.16550269033408974,0.046855581502370125,0.11261153680380395,0.3592627698316095,0.11087268511069065,0.40902750449740655,0.052891153530285784,-0.06575595530143383,-0.06401710360832052
2020-11-23,22.65999984741211,0.13316249985898346,0.023397676551661303,0.11246815404756087,0.35399014780436017,0.11064766014031432,0.4077936271904342,0.020694345811422585,-0.08907047749589957,-0.08724998358865302
2020-11-24,21.63999938964844,0.11066044421034249,0.007071810086472554,0.11110001114354064,0.3457256864429828,0.11646349562151806,0.4205980232227033,-0.0004395669331981461,-0.10402820105706809,-0.10939168553504551
2020-11-25,21.25,0.10179191294416011,0.00023025383002743392,0.11207493057615349,0.34941069025362925,0.11705276432650116,0.42357435089699896,-0.01028301763199338,-0.11184467674612605,-0.11682251049647373
2020-11-27,20.84000015258789,0.145883817306022,0.027665772910909284,0.06213062489338723,0.23740151375794444,0.11880504399780498,0.4219651652455858,0.08375319241263479,-0.034464851982477944,-0.09113927108689569
2020-11-30,20.56999969482422,0.15244858769889505,0.03141425281889443,0.0660189808562652,0.2413443904574083,0.11993297226130363,0.42448237561925917,0.08642960684262985,-0.034604728037370774,-0.0885187194424092
2020-12-01,20.770000457763672,0.20301507028870425,0.06434696106140121,0.09894794253808889,0.2614181776619324,0.12281565737955087,0.4277095004144315,0.10406712775061536,-0.03460098147668768,-0.05846869631814966
2020-12-02,21.170000076293945,0.2159983230653576,0.07387207462610067,0.08464761120641683,0.2623876762015138,0.12188082173906398,0.4285999241143327,0.13135071185894076,-0.010775536580316158,-0.04800874711296331
2020-12-03,21.280000686645508,0.23580267276599123,0.0876078406951221,0.06181765585294883,0.25953674711162894,0.12424265971744677,0.41591481912982153,0.1739850169130424,0.025790184842173276,-0.03663481902232467
2020-12-04,20.790000915527344,0.36938061279420564,0.16782033774106442,0.08656138818620485,0.1992264872309075,0.12835404876268336,0.41674366595658696,0.2828192246080008,0.08125894955485957,0.03946628897838106
2020-12-07,21.299999237060547,0.45295916854925217,0.22367913102841794,0.049329954204490545,0.1723037316396625,0.1269116371344798,0.3969794959499837,0.4036292143447616,0.1743491768239274,0.09676749389393813
2020-12-08,20.68000030517578,0.42059373129488664,0.20026913964056112,0.05379332850771737,0.17321114105241237,0.12921088214696225,0.3930861178412349,0.3668004027871693,0.14647581113284375,0.07105825749359887
2020-12-09,22.270000457763672,0.7275678253597947,0.4051600942345967,0.1029195416259981,0.3251168601811157,0.12281924917113739,0.3861339683732403,0.6246482837337965,0.3022405526085986,0.2823408450634593
2020-12-10,22.520000457763672,1.0107584038615782,0.5974125411788563,0.19633846309542113,0.3719592618815331,0.12347374110391536,0.38471280827655624,0.8144199407661571,0.4010740780834352,0.473938800074941
2020-12-11,23.309999465942383,1.4271013468861198,0.8834153939039489,0.28498226557904643,0.3819671970637092,0.12617308262403895,0.3860358970867306,1.1421190813070734,0.5984331283249025,0.7572423112799099
2020-12-14,24.719999313354492,1.5523727317275449,0.9813153784123393,0.23859222756774054,0.3628810326257523,0.12581843742883964,0.3876348479146535,1.3137805041598043,0.7427231508445987,0.8554969409834996
2020-12-15,22.88999938964844,1.1890398923982706,0.7180813785357375,0.1966228816619161,0.3696855366760365,0.134593634716861,0.38950915773077566,0.9924170107363545,0.5214584968738214,0.5834877438188765
2020-12-16,22.5,1.1223738406427914,0.6712131022900355,0.14546319208190184,0.3371625255742999,0.13215468363707633,0.38358966485564083,0.9769106485608896,0.5257499102081337,0.5390584186529592
2020-12-17,21.93000030517578,1.0669622027758976,0.6292786170918526,0.1482461888607436,0.3242739392540448,0.13283174635995595,0.38173088608870315,0.918716013915154,0.48103242823110903,0.49644687073189664
2020-12-18,21.56999969482422,1.0442871086327385,0.6100348911900575,0.1097858015880522,0.30170330546993934,0.132564401637587,0.3887107008074766,0.9345013070446864,0.5002490896020053,0.4774704895524705
2020-12-21,25.15999984741211,1.439993476520161,0.9077035664031363,0.10145091538095422,0.2980014032969773,0.13351613662359058,0.3933106222374667,1.3385425611392068,0.8062526510221821,0.7741874297795457
2020-12-22,24.229999542236328,1.351325836333996,0.8390907313507476,0.09306271639517613,0.2578604961601631,0.12382067182878889,0.3725383336293545,1.25826311993882,0.7460280149555715,0.7152700595219588
2020-12-23,23.309999465942383,1.252492944588572,0.7647268511328371,0.08609402516838184,0.2609674619563943,0.12334049135264182,0.3708006190609584,1.16639891942019,0.6786328259644553,0.6413863597801953
2020-12-24,21.530000686645508,1.1777599515016313,0.6942383355587746,0.024592784731795145,0.21745011219242597,0.1224526857697127,0.36413767855014617,1.1531671667698362,0.6696455508269794,0.5717856497890619
2020-12-28,21.700000762939453,1.0704116561140373,0.6270764909760884,0.028560817665332968,0.265310661757314,0.11102202494214151,0.3618187059953977,1.0418508384487044,0.5985156733107555,0.5160544660339469
2020-12-29,23.079999923706055,1.2341056127114063,0.7476156785297302,0.025962518681424743,0.26807284802537507,0.11047003894164104,0.362413228772688,1.2081430940299815,0.7216531598483055,0.6371456395880892
2020-12-30,22.770000457763672,1.2327065907218626,0.7429368117773805,0.02448379676491949,0.25769356363700247,0.10888347278698944,0.36136245156618235,1.2082227939569432,0.718453015012461,0.6340533389903911
2020-12-31,22.75,1.3539579414635932,0.8224311812932357,0.010537127425375306,0.2169007941655885,0.10924150604124323,0.36248283602718695,1.3434208140382178,0.8118940538678604,0.7131896752519924
2021-01-04,26.969999313354492,1.8763808116113319,1.2195066172888156,0.06229657421459518,0.2331721203117416,0.12102833879449437,0.3601894138361672,1.8140842373967367,1.1572100430742205,1.0984782784943212
2021-01-05,25.34000015258789,1.5644955605706752,0.9901546851034789,0.06742447607236524,0.23506004028071112,0.11681202295450314,0.35045482996728883,1.49707108449831,0.9227302090311137,0.8733426621489758
2021-01-06,25.06999969482422,1.0995425619581636,0.671323519993214,-0.016361021261883532,0.16937959716535372,0.09834669000623557,0.3296423847289863,1.115903583220047,0.6876845412550976,0.5729768299869785
2021-01-07,22.3700008392334,0.6441673791491999,0.34638357142990267,-0.015019517091056029,0.2569112583948928,0.08402087601406767,0.3359632952117593,0.6591868962402558,0.3614030885209587,0.262362695415835
2021-01-08,21.559999465942383,0.5887107091931996,0.3054067053182515,-0.007956272366984242,0.2578922651613029,0.0826061754025941,0.33561840463904585,0.5966669815601838,0.31336297768523574,0.22280052991565738
2021-01-11,24.079999923706055,0.7805080821543704,0.44925137393437825,-0.013207562344087166,0.2125324096558754,0.07923049042881396,0.3334499663295967,0.7937156444984576,0.4624589362784654,0.3700208835055643
2021-01-12,23.329999923706055,0.710635446997647,0.39845800031385403,-0.014239906285213336,0.21385547848659564,0.08336131510679286,0.326009186861515,0.7248753532828603,0.41269790659906735,0.3150966852070612
2021-01-13,22.209999084472656,0.6204785485733247,0.33195340361823256,-0.014373058648539432,0.2157838178684712,0.08262021955708951,0.3270583244987106,0.6348516072218642,0.346326462266772,0.24933318406114305
2021-01-14,23.25,0.686640299120877,0.38185055312286886,-0.01899911082412817,0.2227326835300301,0.07936811427057759,0.3240647344415031,0.7056394099450052,0.40084966394699706,0.30248243885229126
2021-01-15,24.34000015258789,0.8001143056532,0.4652947215298173,-0.03668322812985879,0.2249621371136725,0.0796058515292641,0.3247558544828197,0.8367975337830588,0.5019779496596761,0.38568887000055324
2021-01-19,23.239999771118164,0.6838279143255713,0.38155084131706873,-0.029098572702483633,0.24452154114972074,0.08019960827470066,0.32581211534861954,0.712926487028055,0.41064941401955235,0.3013512330423681
2021-01-20,21.579999923706055,0.43330973289476105,0.21017977551547454,-0.02863414178437241,0.243780481909949,0.07110390542067803,0.3119115058590007,0.46194387467913345,0.23881391729984694,0.1390758700947965
2021-01-21,21.31999969482422,0.3813050986992337,0.1736013756709317,-0.04459842495415598,0.21965772777753512,0.06546092543199424,0.3084272519639895,0.4259035236533897,0.21819980062508768,0.10814045023893747
2021-01-22,21.90999984741211,0.41891211972428094,0.20003258670047758,-0.045079293827987886,0.22893914146169925,0.06655900065342171,0.31161737146668017,0.4639914135522688,0.24511188052846547,0.13347358604705586
2021-01-25,23.190000534057617,0.49452935736041836,0.25578401540755064,-0.04316613357311049,0.22244252706488013,0.06522502372681739,0.3104416435421481,0.5376954909335289,0.29895014898066113,0.19055899168073326
2021-01-26,23.020000457763672,0.48876158750312937,0.25112739715342197,-0.041879151892686754,0.22821230700376532,0.06525396413659919,0.309634211337256,0.5306407393958161,0.29300654904610873,0.1858734330168228
2021-01-27,37.209999084472656,1.4235306762862243,0.9720062110763275,0.026089354469862335,0.3011628418306034,0.07362851126557267,0.31157223190985206,1.397441321816362,0.9459168566064651,0.8983776998107548
2021-01-28,30.209999084472656,0.8745480315674,0.5482020981149542,0.026831463398532693,0.27105534219900257,0.07406936609002686,0.30922768959924524,0.8477165681688673,0.5213706347164215,0.4741327320249274
2021-01-29,33.09000015258789,1.0227868858453415,0.6661910624673875,0.0705769692290807,0.30881010328567854,0.058621115483630234,0.2626789774793679,0.9522099166162608,0.5956140932383067,0.6075699469837572
2021-02-01,30.239999771118164,0.7567717051536473,0.4676148061920452,0.08985163563086548,0.3212940649032316,0.06750751679920086,0.2620424539925237,0.6669200695227818,0.3777631705611797,0.40010728939284435
2021-02-02,25.559999465942383,0.47132172245348575,0.25239438013748905,0.10590916456649305,0.3401822799380898,0.0874427560734115,0.2739991063556229,0.3654125578869927,0.146485215570996,0.16495162406407754
2021-02-03,22.90999984741211,0.31076196731718886,0.1346737973762526,0.06715685300037184,0.30943409686921386,0.07203947546705868,0.2629094116848155,0.24360511431681703,0.06751694437588075,0.06263432190919392
2021-02-04,21.770000457763672,0.26094083663573175,0.09812314522919136,0.07685496829159719,0.30316934136758944,0.06677477255155999,0.25523098527119664,0.18408586834413457,0.02126817693759417,0.03134837267763137
2021-02-05,20.8700008392334,0.28488955941103117,0.11118583873487009,0.11557201336959715,0.3732759566095979,0.07211485756270211,0.22893977467348464,0.169317546041434,-0.004386174634727055,0.03907098117216798
2021-02-08,21.239999771118164,0.3243296593781931,0.13763008428732093,0.10586460389891855,0.32280181526998,0.05200110764938639,0.2192502658574398,0.21846505547927453,0.03176548038840238,0.08562897663793453
2021-02-09,21.6299991607666,0.3429369893697713,0.15146278107040964,0.10110451566020116,0.3107664117642116,0.053600564246162545,0.218600735459344,0.24183247370957012,0.05035826541020848,0.09786221682424709
2021-02-10,21.989999771118164,0.3766575324227443,0.17360298288295825,0.10109356533368366,0.3184455376608677,0.065660741734308,0.2730927974873139,0.2755639670890606,0.07250941754927459,0.10794224114865025
2021-02-11,21.25,0.3298433872638553,0.13874272531437745,0.0952103302220015,0.3206904895959057,0.08154471163794473,0.2874505053187401,0.23463305704185383,0.043532395092375956,0.05719801367643272
2021-02-12,19.969999313354492,0.2666167751024151,0.09238444351569697,0.09705347062650586,0.31260297965996087,0.09318946109090148,0.2901686888791223,0.16956330447590923,-0.004669027110808896,-0.0008050175752045141
2021-02-16,21.459999084472656,0.3437595369723207,0.14826280635366984,0.09728865470528797,0.3054686442079019,0.0838165014571079,0.2862291404502384,0.24647088226703273,0.05097415164838187,0.06444630489656195
2021-02-17,21.5,0.3474151876019705,0.1498995023364841,0.08926897607973694,0.2960538017169383,0.06887577917679519,0.28403727910871723,0.25814621152223355,0.06063052625674717,0.08102372315968892
2021-02-18,22.489999771118164,0.4213068066474219,0.20206175707762852,0.09255360711630259,0.29633244597595676,0.06145691808469589,0.28129328957724015,0.32875319953111937,0.10950814996132593,0.14060483899293263
2021-02-19,22.049999237060547,0.48702678105747044,0.2421402443026454,0.10484487646833705,0.2852196780759205,0.05891231037379881,0.27909409255902345,0.38218190458913337,0.13729536783430835,0.18322793392884662
2021-02-22,23.450000762939453,0.5606784041464845,0.2987695837561007,0.10871415169569743,0.27769100164602767,0.04438124625881053,0.2614706858591797,0.4519642524507871,0.19005543206040326,0.2543883374972902
2021-02-23,23.11000061035156,0.5401321294426367,0.283399849354762,0.10758412731040218,0.27885747904789987,0.04274829115582385,0.2617456837794754,0.4325480021322345,0.1758157220443598,0.24065155819893813
2021-02-24,21.34000015258789,0.4317922304728055,0.20257738982124704,0.12555542678725717,0.2950337471362187,0.04789956489632867,0.2539441936139036,0.30623680368554834,0.07702196303398987,0.15467782492491838
2021-02-25,28.88999938964844,0.7268109226245844,0.4317306596772487,0.12498757816681808,0.39928944762389984,0.05317140352232283,0.29710644114990614,0.6018233444577663,0.3067430815104306,0.3785592561549259
2021-02-26,27.950000762939453,0.7296453359566903,0.4285281371543222,0.062339415156367345,0.3133181329138122,0.03977504139393716,0.2788783175715555,0.667305920800323,0.3661887219979548,0.388753095760385
2021-03-01,23.350000381469727,0.4083683488063806,0.1914933612413684,0.12149849647989759,0.37890817684718947,0.06488084713288089,0.30142209996047004,0.28686985232648304,0.0699948647614708,0.1266125141084875
2021-03-02,24.100000381469727,0.4681429840929302,0.23207444417798181,0.07669827898317602,0.34907178854438814,0.06346189879981405,0.3076521821439374,0.39144470510975415,0.1553761651948058,0.16861254537816778
2021-03-03,26.670000076293945,0.619539276709804,0.34299697746491,0.05420843066579461,0.35032241418605164,0.06340736716719855,0.3053969698323311,0.5653308460440094,0.28878854679911536,0.27958961029771146
2021-03-04,28.56999969482422,0.7347118011930414,0.430250432180524,0.04267715115241399,0.31122229074671687,0.06477890497394745,0.294098781528468,0.6920346500406274,0.38757328102811,0.36547152720657655
2021-03-05,24.65999984741211,0.5373854975232214,0.275480907411933,0.11294149656607466,0.3928424862171656,0.07972587877832325,0.3062726855796955,0.42444400095714674,0.16253941084585832,0.19575502863360972
2021-03-08,25.469999313354492,0.45949478551870254,0.22409039216075335,0.03750168351148228,0.38990369072804415,0.0576996739754908,0.30078798838361526,0.4219931020072203,0.18658870864927107,0.16639071818526255
2021-03-09,24.030000686645508,0.28832284905958944,0.10096610976556923,0.011764897759939663,0.3803460401591467,0.042926102319593734,0.30281118977401067,0.2765579512996498,0.08920121200562957,0.0580400074459755
2021-03-10,22.559999465942383,0.24885180036116258,0.07318468121682185,0.030301549860506618,0.3798783752873448,0.04457568951279807,0.3026087194881733,0.21855025050065596,0.04288313135631523,0.028608991704023784
2021-03-11,21.90999984741211,0.19397662055299658,0.03541823214200749,0.02649804649389866,0.36755748515069886,0.04285057475554951,0.30064739104637445,0.1674785740590979,0.008920185648108831,-0.007432342613542017
2021-03-12,20.690000534057617,0.14767663941370743,0.0030292791846869495,0.030024918283502948,0.3638131459697276,0.04249463034574885,0.29229714124198186,0.11765172113020447,-0.026995639098816,-0.0394653511610619
2021-03-15,20.030000686645508,0.12086637266673733,-0.01550373709286685,0.0329871253995025,0.35337866458966377,0.0416362841195121,0.288442640388647,0.08787924726723484,-0.04849086249236935,-0.05714002121237895
2021-03-16,19.790000915527344,0.11092060680837913,-0.021841158457189598,0.03009309166159236,0.34710613197847157,0.040928503421070725,0.2855768871648341,0.08082751514678677,-0.05193425011878196,-0.06276966187826033
2021-03-17,19.229999542236328,0.09602125971717548,-0.03295207720215947,0.03563008080770158,0.34880304711616217,0.041961725516330386,0.28607225076825354,0.0603911789094739,-0.06858215800986106,-0.07491380271848985
2021-03-18,21.579999923706055,0.15483993127686208,0.013921287500840674,0.03922807760219854,0.335770134128411,0.03721600261242423,0.2836780158633636,0.11561185367466353,-0.02530679010135787,-0.023294715111583555
2021-03-19,20.950000762939453,0.12961693908388403,-0.003684391843571547,0.036476124099052556,0.32682044934881416,0.03771205874213741,0.28297184044869633,0.09314081498483147,-0.040160515942624105,-0.041396450585708955
2021-03-22,18.8799991607666,0.05303070904581474,-0.059194840088128295,0.0361069050273277,0.31849773442875673,0.03559574578794813,0.279256437467035,0.016923804018487046,-0.095301745115456,-0.09479058587607642
2021-03-23,20.299999237060547,0.1176629744789681,-0.014035776440853421,0.051341942613670054,0.3341323524568437,0.03797749604323145,0.27610821820508075,0.06632103186529806,-0.06537771905452347,-0.052013272484084876
2021-03-24,21.200000762939453,0.14085845375531844,0.003420763771867024,0.046480171175331056,0.3271664345994125,0.03579668939337133,0.2771754953970439,0.09437828257998739,-0.043059407403464034,-0.032375925621504306
2021-03-25,19.809999465942383,0.09526261512917447,-0.029838680226776486,0.040259936001050683,0.321678616995133,0.03824838288894064,0.2780660689385698,0.05500267912812379,-0.07009861622782718,-0.06808706311571713
2021-03-26,18.86000061035156,0.1205809786163658,-0.01230451996100751,0.053810371173804286,0.2714005849168838,0.049096648888784615,0.28495611992559006,0.06677060744256151,-0.0661148911348118,-0.061401168849792125
2021-03-29,20.739999771118164,0.20175159783923166,0.04643309541469507,0.05624581603004351,0.27572279181163156,0.04801008431612776,0.2835588159614324,0.14550578180918816,-0.009812720615348443,-0.0015769889014326868
2021-03-30,19.61000061035156,0.18627911819805973,0.030127274522785828,0.002751718552207026,0.22563630236480045,0.04898408757641476,0.2813590184829686,0.1835273996458527,0.0273755559705788,-0.01885681305362893
2021-03-31,19.399999618530273,0.17444019308265232,0.02173398900346418,-0.0048908048441626585,0.20627403415775697,0.04566908641457817,0.277531167999919,0.17933099792681498,0.026624793847626838,-0.02393509741111399
2021-04-01,17.329999923706055,0.10150890668156634,-0.030653891629471113,-0.005580196105296232,0.21414994980845922,0.04621624538613105,0.28005910264630307,0.10708910278686257,-0.02507369552417488,-0.07687013701560216
2021-04-05,17.90999984741211,0.11541760184225623,-0.017163944587619863,-0.0025386430188136535,0.22863849912887524,0.048953151170159005,0.28460498687443336,0.11795624486106988,-0.014625301568806209,-0.06611709575777887
2021-04-06,18.1200008392334,0.13549086760064083,-0.0064270257618617745,-0.041619791311935314,0.18671204415269513,0.04311976622777878,0.2811345300547207,0.17711065891257616,0.03519276555007354,-0.04954679198964056
2021-04-07,17.15999984741211,0.1667891527569097,0.013160334273816446,-0.00018551866566540243,0.21189562586839353,0.04087524591417447,0.28485398730124556,0.1669746714225751,0.013345852939481848,-0.027714911640358025
2021-04-08,16.950000762939453,0.2618869408126512,0.07608554986574333,0.033255284000572746,0.20227771075297413,0.05182623519590161,0.30289935056184397,0.22863165681207842,0.04283026586517058,0.024259314669841714
2021-04-09,16.690000534057617,0.2398821704242802,0.061303072473305464,0.03166210646213232,0.22844525056147064,0.05522663583152081,0.2899249853511497,0.20822006396214787,0.029640966011173144,0.006076436641784658
2021-04-12,16.90999984741211,0.25577917057137634,0.06832146324837025,0.009333697065756742,0.21716660298879364,0.04660197964162902,0.2869551453854301,0.2464454735056196,0.05898776618261351,0.02171948360674123
2021-04-13,16.649999618530273,0.23095886972537208,0.049826207245909054,0.0028222049069278705,0.21969616724860294,0.04591852226819786,0.28970942438854574,0.22813666481844422,0.047004002338981186,0.003907684977711191
2021-04-14,16.989999771118164,0.24860528239277005,0.06273031613440863,-0.0016697114616812422,0.23161233468832584,0.04427225125860819,0.2924049644416648,0.2502749938544513,0.06440002759608987,0.018458064875800442
2021-04-15,16.56999969482422,0.18382505944442806,0.016688043573075628,-0.008162201348425074,0.26855343985467023,0.04123791143711737,0.29832207814502676,0.19198726079285314,0.024850244921500703,-0.024549867864041744
2021-04-16,16.25,0.16755049431125804,0.004749079449344925,-0.009128254003909405,0.2692984045771434,0.043317418733805346,0.2993832930334057,0.17667874831516744,0.013877333453254329,-0.03856833928446042
2021-04-19,17.290000915527344,0.2852155546547128,0.07811189589753677,-0.02101766786965498,0.26781290530434554,0.04125737982949343,0.29925951093342346,0.3062332225243678,0.09912956376719174,0.03685451606804334
2021-04-20,18.68000030517578,0.3751905168194118,0.14130293238216443,-0.010879171191751094,0.3027789683698529,0.0428549947771628,0.3005918422362939,0.38606968801116287,0.15218210357391554,0.09844793760500163
2021-04-21,17.5,0.3338359043587093,0.10757795698564408,0.0085489443462224,0.3246962950620014,0.04915526305223684,0.3035289404724319,0.3252869600124869,0.09902901263942168,0.058422693933407245
2021-04-22,18.709999084472656,0.38515055479171045,0.14615306460063518,-0.0002678863776003371,0.3720552540950243,0.055706759155816105,0.31833717291802655,0.3854184411693108,0.14642095097823551,0.09044630544481908
2021-04-23,17.329999923706055,0.29793626253958655,0.08424333432689372,0.02109919397452572,0.40718911586769385,0.05783663435371886,0.3248947930820114,0.27683706856506085,0.06314414035236801,0.026406699973174866
2021-04-26,17.639999389648438,0.316503302421399,0.09722703536580109,0.014392530865893276,0.4081616718719387,0.05849214998861865,0.32608868033276805,0.30211077155550575,0.08283450449990781,0.038734885377182435
2021-04-27,17.559999465942383,0.3307670093135867,0.10460671489526785,-0.03486621148652286,0.3967018048149825,0.059307119393873994,0.32780926726335613,0.36563322080010957,0.1394729263817907,0.045299595501393855
2021-04-28,17.280000686645508,0.2898570828151113,0.07955957589748067,-0.04094189803595783,0.3747560383191967,0.035017458073790426,0.29829547398303047,0.3307989808510691,0.12050147393343849,0.04454211782369024
2021-04-29,17.610000610351562,0.2903046594128134,0.08605798774896392,-0.03480738092813585,0.342139891312118,0.03598698470743404,0.30388894062872696,0.32511204034094926,0.12086536867709977,0.05007100304152988
2021-04-30,18.61000061035156,0.3715054939954888,0.14337730236420776,-0.020246760118196535,0.4023254982220602,0.02010653144593335,0.2947886977961469,0.39175225411368536,0.1636240624824043,0.1232707709182744
2021-05-03,18.309999465942383,0.40038694421262094,0.15993551240570736,-0.026666229000458695,0.368129571458121,0.011106243596042988,0.28907020885960466,0.4270531732130796,0.18660174140616606,0.14882926880966438
2021-05-04,19.479999542236328,0.4969848601669901,0.22348429140574824,-0.07015988678378147,0.3417823364501396,-0.0013913312035711068,0.28030883228331466,0.5671447469507715,0.2936441781895297,0.22487562260931934
2021-05-05,19.149999618530273,0.46689448272810596,0.20309800480720439,-0.0697950422847322,0.32857495073382936,0.005986894789561229,0.29153155095160865,0.5366895250128382,0.27289304709193657,0.19711111001764314
2021-05-06,18.38999938964844,0.4183010540168084,0.16893339368501387,-0.0511814457822546,0.33499716407931934,0.003155220261515658,0.3010500659268894,0.469482499799063,0.22011483946726845,0.1657781734234982
2021-05-07,16.690000534057617,0.30692077008399543,0.08854976218155146,-0.04428446938627225,0.34330172960676447,0.0045201389820271965,0.30382453283087707,0.35120523947026766,0.1328342315678237,0.08402962319952426
2021-05-10,19.65999984741211,0.4437405068382021,0.192701022298718,-0.053008686897639705,0.35489857786457846,0.00900462907936924,0.3092881159830788,0.4967491937358418,0.2457097091963577,0.18369639321934875
2021-05-11,21.84000015258789,0.6615560091380601,0.3538654976071514,-0.00721523797216023,0.3732206587185291,0.01337529542088326,0.3150041221005794,0.6687712471102204,0.36108073557931164,0.34049020218626813
2021-05-12,27.59000015258789,1.0655839279379666,0.6639996529258385,0.06874141070780533,0.42464132367962815,0.032536682008915095,0.32742381884655763,0.9968425172301613,0.5952582422180331,0.6314629709169234
2021-05-13,23.1299991607666,0.7020934228373279,0.39093412411276474,0.10227581855206232,0.4287399461192535,0.04104922805176468,0.33018560246362577,0.5998176042852655,0.28865830556070243,0.34988489606100004
2021-05-14,18.809999465942383,0.40407028839540177,0.1748205759474982,0.13592674607834337,0.45291022133373127,0.045283780876415575,0.34252022420292455,0.2681435423170584,0.03889382986915482,0.12953679507108262
2021-05-17,19.719999313354492,0.4601334909679694,0.21626921169662766,0.1337927610515609,0.44753344867873507,0.04732656052744346,0.34330005530723817,0.3263407299164085,0.08247645064506676,0.1689426511691842
2021-05-18,21.34000015258789,0.5880809344953415,0.3106467193733878,0.1544641590705401,0.4577792252976666,0.05282144534108539,0.350714711991709,0.43361677542480137,0.1561825603028477,0.2578252740323024
2021-05-19,22.18000030517578,0.6646084794564435,0.3656702476958805,0.1501476803504236,0.46268281995351157,0.05250505101376785,0.3502628718428324,0.5144607991060199,0.2155225673454569,0.3131651966821127
2021-05-20,20.670000076293945,0.506708507720953,0.25173775152708316,0.13100565933710553,0.4490342020116792,0.05396066513444571,0.3512191432225548,0.3757028483838475,0.12073209218997763,0.19777708639263747
2021-05-21,20.149999618530273,0.48867578073701506,0.237242966585213,0.12280435077449973,0.41527566898529167,0.056774441996591096,0.35800927386719217,0.3658714299625153,0.11443861581071325,0.1804685245886219
2021-05-24,18.399999618530273,0.350211681128085,0.13846334077149472,0.10509172900483314,0.4048725899978572,0.05535442372828967,0.3612686365692128,0.24511995212325183,0.03337161176666158,0.08310891704320506
2021-05-25,18.84000015258789,0.38305181851195724,0.16170586982486068,0.10874231929375926,0.4058589900550409,0.05154196272362383,0.36118721850337965,0.27430949921819797,0.052963550531101425,0.11016390710123686
2021-05-26,17.360000610351562,0.296187923876592,0.09933356625253742,0.11027759610140314,0.4086204465385031,0.04724527247671872,0.3325106752720927,0.18591032777518884,-0.010944029848865722,0.0520882937758187
2021-05-27,16.739999771118164,0.2779869734087945,0.08339634417183628,0.12061803098207498,0.4288853933565525,0.047790419031664956,0.3363417618288851,0.15736894242671956,-0.0372216868102387,0.03560592514017132
2021-05-28,16.760000228881836,0.2671801765465192,0.0689020755088477,0.09812563018843523,0.41844078103698035,0.01811330149518819,0.3148692753070116,0.16905454635808398,-0.029223554679587538,0.0507887740136595
2021-06-01,17.899999618530273,0.3498653741891305,0.1270624302116635,0.09758948337227048,0.3913119625779295,0.01859804804390271,0.30814750341059477,0.25227589081686,0.029472946839393013,0.10846438216776079
2021-06-02,17.479999542236328,0.31910340694438327,0.10243504234984323,0.091344267995933,0.40701542219445547,0.01575820935010905,0.3105488423722698,0.2277591389484503,0.011090774353910232,0.08667683299973418
2021-06-03,18.040000915527344,0.41178997284017416,0.16323193842419334,0.11733859431951657,0.4315973775368842,0.010594966097719035,0.31489384805480825,0.2944513785206576,0.04589334410467677,0.1526369723264743
2021-06-04,16.420000076293945,0.2667646487914815,0.0620136956655815,0.11092664891131339,0.43511895834805403,-0.007205281907620029,0.29672571698662326,0.1558379998801681,-0.04891295324573189,0.06921897757320153
2021-06-07,16.420000076293945,0.27613696393576054,0.0662000378184024,0.1020661233716096,0.41008743892057703,0.014691545189121915,0.3052627553169658,0.17407084056415095,-0.035866085553207194,0.05150849262928049
2021-06-08,17.06999969482422,0.3195648360020172,0.09793412324162061,0.09241945179249786,0.3953440810160974,0.027662268286384253,0.3017357160467084,0.22714538420951932,0.005514671449122752,0.07027185495523636
2021-06-09,17.889999389648438,0.471276863740116,0.1944203537510568,0.11686275902669832,0.40525322391345425,0.02540591981004603,0.3059238254250825,0.3544141047134177,0.07755759472435847,0.16901443394101076
2021-06-10,16.100000381469727,0.33297837329060875,0.09630464988815601,0.09873237452306127,0.36622782461302034,0.028647060472047698,0.3039081484390087,0.23424599876754748,-0.0024277246349052595,0.06765758941610832
2021-06-11,15.649999618530272,0.3908945967489806,0.12379340402542394,0.009308388481587151,0.2777728981197618,0.028807473655645774,0.3066470850657691,0.3815862082673934,0.11448501554383679,0.09498593036977816
2021-06-14,16.389999389648438,0.4507830950143753,0.16508639878860568,-0.0357132995896784,0.25310359504073754,0.028317591055098863,0.308862200439473,0.4864963946040537,0.20079969837828407,0.1367688077335068
2021-06-15,17.020000457763672,0.6271596937185996,0.27689740707621713,-0.08407722735575783,0.13770434722537164,0.0290499670626425,0.3108268072512904,0.7112369210743574,0.36097463443197497,0.24784744001357462
2021-06-16,18.149999618530273,0.7619705322362008,0.37092330363565634,-0.07361513143695572,0.14636461756067187,0.030719967772055483,0.3115780339910814,0.8355856636731566,0.44453843507261204,0.34020333586360085
2021-06-17,17.75,0.6202215742697968,0.2753751208093019,-0.126088123844944,0.07970245902879694,0.021572652863035804,0.3034148568191047,0.7463096981147408,0.4014632446542459,0.2538024679462661
2021-06-18,20.700000762939453,0.8963940160674204,0.48097705847579125,-0.0670782791558583,0.17470058189806806,0.03588355304379509,0.3233266396397428,0.9634722952232787,0.5480553376316496,0.44509350543199616
2021-06-21,17.889999389648438,0.6511899824913567,0.30385764485845707,-0.01708040785522795,0.18542049198140234,0.05142350116719068,0.33403302240445215,0.6682703903465846,0.32093805271368503,0.2524341436912664
2021-06-22,16.65999984741211,0.5294881420873314,0.218670167487362,-0.007341320338423674,0.2127941485263329,0.04576207854052899,0.33617050688660893,0.5368294624257551,0.22601148782578567,0.17290808894683302
2021-06-23,16.31999969482422,0.6358618363425378,0.2785379916657859,-0.0032472688091453508,0.16601697216158567,0.05038502029618519,0.34016426046000925,0.6391091051516832,0.28178526047493124,0.22815297136960072
2021-06-24,15.970000267028809,0.5919495800679667,0.24848364844963144,0.006394265224486583,0.1635303431568695,0.05104643118123758,0.3406088146304283,0.5855553148434801,0.24208938322514487,0.19743721726839386
2021-06-25,15.619999885559082,0.545844927343169,0.2180264764942909,0.00749997904385574,0.1526066561061843,0.03424104261814967,0.33196410865622994,0.5383449482993133,0.21052649745043517,0.18378543387614124
2021-06-28,15.760000228881836,0.46941727150022194,0.1685731133339308,-0.029728498441307316,0.15099636505576358,0.024348431369657284,0.32737907786280795,0.49914576994152926,0.1983016117752381,0.14422468196427352
2021-06-29,16.020000457763672,0.5565052702388736,0.23177641540464586,0.004001501655227377,0.15469172028946282,0.024305511635380247,0.32448875914109876,0.5525037685836462,0.2277749137494185,0.2074709037692656
2021-06-30,15.829999923706056,0.5497018695105769,0.2245345384395605,0.005644315274651994,0.16289082967719395,0.03038565226761725,0.32997443862336484,0.5440575542359248,0.2188902231649085,0.19414888617194326
2021-07-01,15.479999542236328,0.5424078782130353,0.22042469393799294,0.031641991796096655,0.1680241748253738,0.032774594322508656,0.32666312155118854,0.5107658864169387,0.1887827021418963,0.1876500996154843
2021-07-02,15.06999969482422,0.44840225495957353,0.16457820125496725,0.03247961649634576,0.18379530609220732,0.025041574621085604,0.3206554532213356,0.41592263846322775,0.1320985847586215,0.13953662663388164
2021-07-06,16.440000534057617,0.6082405696370128,0.27752165516848826,0.0226833939160226,0.1597655176283455,0.021738719773957693,0.30795682493387483,0.5855571757209902,0.25483826125246567,0.25578293539453056
2021-07-07,16.200000762939453,0.5674614298909421,0.24943917814585365,0.019396764195702514,0.1590482755957347,0.023822649978545937,0.3010271342080746,0.5480646656952396,0.23004241395015113,0.2256165281673077
2021-07-08,19.0,0.8210642371881144,0.43282109981561134,0.03327089821872428,0.20577660181643687,0.02656368466343053,0.30867343132117236,0.7877933389693901,0.39955020159688703,0.40625741515218083
2021-07-09,16.18000030517578,0.5188839500170924,0.22144735590178316,0.06603099130898128,0.21359641867618354,0.033032763389759016,0.3064968863776733,0.45285295870811115,0.1554163645928019,0.18841459251202414
2021-07-12,16.170000076293945,0.5205694461042326,0.21957631389609528,0.05986320473999352,0.2195709722622815,0.04526905941913732,0.3112681251182587,0.4607062413642391,0.15971310915610176,0.17430725447695794
2021-07-13,17.1200008392334,0.6118959960457819,0.28544842487040106,0.06674146725329584,0.22081085878722714,0.050597463154388594,0.3133705073906663,0.545154528792486,0.21870695761710524,0.23485096171601247
2021-07-14,16.329999923706055,0.5353024690992283,0.23024524149030356,0.06253157978897465,0.21942300126027459,0.051137451667240943,0.3090369380498228,0.47277088931025363,0.1677136617013289,0.17910778982306264
2021-07-15,17.010000228881836,0.5388560621119604,0.232480181030398,0.03408302245401155,0.2316392074570696,0.04926948377291193,0.29485131889221444,0.5047730396579488,0.19839715857638646,0.18321069725748607
2021-07-16,18.450000762939453,0.6017994307723457,0.27925603802936433,0.0128981447922112,0.271357964389288,0.044876509976330095,0.3053367954086555,0.5889012859801345,0.26635789323715314,0.23437952805303425
2021-07-19,22.5,0.9989536076359369,0.5739867402527852,0.08402197580458626,0.3459927462915712,0.05789687298497134,0.31930725347150213,0.9149316318313506,0.4899647644481989,0.5160898672678138
2021-07-20,19.729999542236328,0.6956873711652342,0.35308421855204386,0.08127886422313459,0.3280924981294972,0.06857632311674448,0.32503687860810854,0.6144085069420996,0.2718053543289093,0.28450789543529936
2021-07-21,17.90999984741211,0.5054774164000203,0.2136077739583502,0.023372698820239204,0.33089754349691053,0.058811028410678486,0.32851655791771267,0.48210471757978113,0.190235075138111,0.15479674554767173
2021-07-22,17.690000534057617,0.49647097261024103,0.2081193158474785,0.023092450006359358,0.31480181142552105,0.057004396477354245,0.31120643235596845,0.4733785226038817,0.18502686584111916,0.15111491937012425
2021-07-23,17.200000762939453,0.394365321303535,0.14801058255380517,0.034723319456116404,0.30720404243212307,0.05669811679088692,0.2982198453961324,0.3596420018474186,0.11328726309768877,0.09131246576291825
2021-07-26,17.579999923706055,0.41892887658194633,0.16558759072120613,0.02595833364055857,0.3001050510733386,0.057055996761881424,0.2978398049804706,0.3929705429413878,0.13962925708064755,0.10853159395932471
2021-07-27,19.36000061035156,0.5383222158894494,0.25368422009461494,0.02363824023738085,0.3154956844640075,0.056641138335224536,0.3003317075152006,0.5146839756520686,0.2300459798572341,0.1970430817593904
2021-07-28,18.309999465942383,0.5025472946337602,0.2273530205255394,0.04565120497091381,0.3112065227942585,0.05750217640033177,0.30406452450378785,0.45689608966284645,0.1817018155546256,0.16985084412520762
2021-07-29,17.700000762939453,0.447990940650119,0.19003890070390625,0.04829909268588287,0.2977763282002102,0.05796433241773087,0.2996698358860473,0.3996918479642361,0.14173980801802338,0.13207456828617536
2021-07-30,18.239999771118164,0.41467092131945743,0.1764353399302132,0.030537580433763714,0.31442908362877714,0.05049512743101072,0.2940184614662955,0.38413334088569373,0.1458977594964495,0.12594021249920248
2021-08-02,19.459999084472656,0.501728053019187,0.23861598407897835,0.02455562209340812,0.3083414279144552,0.051578115877288444,0.29895879991615815,0.4771724309257789,0.21406036198557024,0.1870378682016899
2021-08-03,18.040000915527344,0.43585097259494227,0.18679254869196504,0.037668649329792796,0.3128172453994247,0.06495484616737171,0.31005839669270857,0.39818232326514946,0.14912389936217224,0.12183770252459333
2021-08-04,17.969999313354492,0.4475196206395709,0.1920289220908422,0.04698084381020676,0.3232021426237456,0.06503167245638616,0.31097826689872804,0.4005387768293641,0.14504807828063546,0.12699724963445605
2021-08-05,17.280000686645508,0.4005459998489807,0.1584859299782812,0.055079527895841605,0.31668080163231965,0.06307631917381264,0.2995708049113104,0.3454664719531391,0.10340640208243959,0.09540961080446857
2021-08-06,16.149999618530273,0.3354792537015719,0.11195164973813936,0.04604316332739181,0.2909459341242724,0.05961889594446234,0.29297911893658957,0.28943609037418006,0.06590848641074754,0.052332753793677016
2021-08-09,16.719999313354492,0.38662717922807954,0.1453734240273178,0.02080852173971446,0.2822886406521349,0.0660287150664922,0.2887882470464371,0.36581865748836506,0.12456490228760334,0.07934470896082559
2021-08-10,16.790000915527344,0.39750389226808475,0.15302338949704986,0.021089434442220393,0.27442323164092514,0.05831368879847294,0.2795997464083013,0.37641445782586436,0.13193395505482947,0.09470970069857691
2021-08-11,16.170000076293945,0.3609003770695864,0.1258419797217271,0.021856307425769966,0.2812107594700349,0.030643711536357962,0.255899150648256,0.3390440696438164,0.10398567229595712,0.09519826818536913
2021-08-12,15.59000015258789,0.33045302350686395,0.10409325966633311,0.02888548808557688,0.2923009342746585,0.017848070086742,0.25297912453953625,0.30156753542128706,0.07520777158075623,0.08624518957959111
2021-08-13,15.449999809265137,0.36419741628452784,0.1277769640194998,0.05292927511429465,0.2833712411459543,0.006570284027856631,0.2261625710923564,0.3112681411702332,0.07484768890520516,0.12120667999164318
2021-08-16,16.1200008392334,0.47051521265422064,0.2001133012567079,0.06517797224781481,0.23923524931056686,0.006099448260552353,0.2282695005993368,0.40533724040640584,0.1349353290088931,0.19401385299615553
2021-08-17,17.90999984741211,0.7120549389948948,0.3618223900633676,0.03097247927205876,0.1960440262345522,0.0005669326550248772,0.22272137114785193,0.681082459722836,0.3308499107913088,0.3612554574083427
2021-08-18,21.56999969482422,1.104164861232493,0.645931054115038,-0.0017351636296597925,0.22622754431504805,0.007239609365278379,0.23828563473886916,1.1059000248621529,0.6476662177446978,0.6386914447497597
2021-08-19,21.670000076293945,1.1147778841272933,0.6550125844590275,-0.020007134472680134,0.1764525149345032,-0.002837408891495336,0.22884934246042815,1.1347850185999735,0.6750197189317076,0.6578499933505229
2021-08-20,18.559999465942383,0.6522414807377682,0.3249108155092092,-0.03630889783801306,0.20355235150025935,-0.006133831289542752,0.2366642381478639,0.6885503785757813,0.36121971334722225,0.33104464679875195
2021-08-23,17.149999618530273,0.4925219490975216,0.20373399322264854,-0.07383114226139045,0.2130788884525794,-0.011937045674903312,0.2292995406407372,0.5663530913589121,0.277565135484039,0.21567103889755185
2021-08-24,17.219999313354492,0.5022623965774026,0.2104281791424515,-0.0736643639614045,0.21458321041762743,-0.012728993878807656,0.22840501273843256,0.5759267605388071,0.284092543103856,0.22315717302125915
2021-08-25,16.790000915527344,0.4778384909767504,0.18975993834634722,-0.07998367585739412,0.2014416279218531,-0.014491512221601891,0.2261386387630586,0.5578221668341445,0.2697436142037413,0.2042514505679491
2021-08-26,18.84000015258789,0.7283731472576982,0.3598233479881966,-0.06296107837973193,0.2436742963937758,-0.009808909398355495,0.23255666306905265,0.7913342256374302,0.4227844263679285,0.3696322573865521
2021-08-27,16.389999389648438,0.4715256795692008,0.17705394506276506,-0.052145022866650285,0.28281373689174916,0.0040527395409203975,0.2405332285520447,0.523670702435851,0.22919896792941535,0.17300120552184467
2021-08-30,16.190000534057617,0.5130117314595086,0.19438275592827653,-0.04612651891307454,0.25208092960452316,0.002166596849551832,0.24072212929993717,0.5591382503725831,0.24050927484135107,0.1922161590787247
2021-08-31,16.479999542236328,0.532071405864153,0.20936304821237217,-0.048230665932488676,0.25350886681702717,0.005386090137649846,0.242318363659572,0.5803020717966417,0.2575937141448609,0.20397695807472233
2021-09-01,16.110000610351562,0.5124943999639042,0.19234977670837536,-0.06991446231654913,0.239299760406754,0.005651825660528736,0.24439207451976605,0.5824088622804533,0.26226423902492446,0.18669795104784662
2021-09-02,16.40999984741211,0.5509034400868936,0.22055543627916907,-0.06887716400343301,0.22658089844790363,0.006555847653668675,0.23582797822115203,0.6197806040903266,0.2894326002826021,0.2139995886255004
2021-09-03,16.40999984741211,0.5595642706802589,0.2241711065519748,-0.08426770985243988,0.22668728683620004,0.005040038588609362,0.23766024680488781,0.6438319805326989,0.3084388164044147,0.21913106796336546
2021-09-07,18.13999938964844,0.745861875957222,0.35520573903702873,-0.08165778367734841,0.23418275620821444,0.006103367988438123,0.23771777213780515,0.8275196596345704,0.4368635227143771,0.3491023710485906
2021-09-08,17.959999084472656,0.715081650042111,0.33366495778808103,-0.08472079541760691,0.24550988704964866,0.004894602871911698,0.24111874985303428,0.7998024454597179,0.41838575320568794,0.32877035491616935
2021-09-09,18.799999237060547,0.8145880818564049,0.40550062574330564,-0.07543983033625541,0.25955766857003737,0.005513722439490892,0.24663197370521184,0.8900279121926603,0.48094045607956104,0.39998690330381476
2021-09-10,20.950000762939453,0.9714645099479359,0.5299157799436547,-0.06704503561409376,0.2865088620435612,0.008323192052443357,0.2508202398555055,1.0385095455620297,0.5969608155577485,0.5215925878912113
2021-09-13,19.3700008392334,0.7991602016715122,0.4045397896195823,-0.06528200192631203,0.2867213471356177,0.010265826996466764,0.2544922088080664,0.8644422035978243,0.4698217915458943,0.39427396262311554
2021-09-14,19.459999084472656,0.8097524273623203,0.4129990305084029,-0.05447205555782966,0.29398654774741256,0.013534855050337259,0.25900459723007735,0.86422448292015,0.46747108606623256,0.3994641754580657
2021-09-15,18.18000030517578,0.660614202974818,0.3090804552953793,-0.03225791680154653,0.31210536554203777,0.01613860354556419,0.26226960332370325,0.6928721197763645,0.34133837209692586,0.29294185174981513
2021-09-16,18.690000534057617,0.7658482523553625,0.37904477933265307,-0.035047455241423935,0.30307596177013685,0.02931429438703634,0.2754406364132632,0.8008957075967864,0.414092234574077,0.3497304849456167
2021-09-17,20.809999465942383,1.0009473796430568,0.5523223139537998,-0.040697208960586054,0.27174786100904375,0.01670420676779985,0.2655581253098609,1.041644588603643,0.5930195229143859,0.535618107186
2021-09-20,25.709999084472656,1.502282663574884,0.9389521132407924,0.042822898882744584,0.4211657422007613,0.0159221015654347,0.29865827826605645,1.4594597646921394,0.8961292143580478,0.9230300116753577
2021-09-21,24.36000061035156,1.5681161241389319,0.9733262776091572,0.07567515589512584,0.41510736170668994,0.017241931038402266,0.29530145377937606,1.492440968243806,0.8976511217140314,0.956084346570755
2021-09-22,20.8700008392334,1.1896645366550316,0.6902256518354716,0.11737768846239012,0.37568085298281917,0.019221941114826113,0.2892792235727119,1.0722868481926415,0.5728479633730814,0.6710037107206455
2021-09-23,18.6299991607666,0.8547256680050674,0.4527028062930131,0.1543021539951027,0.4025646080807311,0.027121374265108193,0.2951275513845087,0.7004235140099647,0.29840065229791046,0.42558143202790494
2021-09-24,17.75,0.760480128870167,0.38512718959023307,0.1552116319341945,0.40560255599778,0.025106878977584082,0.2968228920809114,0.6052684969359725,0.22991555765603858,0.360020310612649
2021-09-27,18.760000228881836,0.8276017778133922,0.43749191138454724,0.13068632258417165,0.37179368373219407,0.03578088082558297,0.29432478239306803,0.6969154552292205,0.30680558880037556,0.4017110305589643
2021-09-28,23.25,1.0431100519179426,0.6197220078521358,0.15320703669383198,0.40903576718201173,0.05329205712188603,0.32062260050680724,0.8899030152241106,0.46651497115830387,0.5664299507302498
2021-09-29,22.559999465942383,1.042103610308407,0.611897631291571,0.16818271579682542,0.42886539213292146,0.052776413855388164,0.32050869509892316,0.8739208945115815,0.4437149154947456,0.5591212174361829
2021-09-30,23.13999938964844,1.1024401645024249,0.6576029356931284,0.21184451081710787,0.43338126342199657,0.06323269881604213,0.32271617984225415,0.890595653685317,0.4457584248760206,0.5943702368770863
2021-10-01,21.100000381469727,0.8244579571398563,0.4595216555589901,0.23022810321854,0.460060046213391,0.07292476285611561,0.3284173054077263,0.5942298539213162,0.2292935523404501,0.3865968927028745
2021-10-04,22.959999084472656,0.8126188985612722,0.4640342948336104,0.19150098164403204,0.4935942836318572,0.07250089767035076,0.3539613025728814,0.6211179169172402,0.2725333131895784,0.39153339716325963
2021-10-05,21.299999237060547,0.6152051625538779,0.32298997992518463,0.18853394296373369,0.5342239977450962,0.07390623691246134,0.37015349469753456,0.4266712195901442,0.13445603696145095,0.2490837430127233
2021-10-06,21.0,0.5882102845497317,0.30357570281141943,0.18749123368763376,0.5448016175685103,0.07143768440603404,0.36727609414865114,0.4007190508620979,0.11608446912378567,0.2321380184053854
2021-10-07,19.540000915527344,0.4725126175448482,0.2204640209154979,0.19805265940738176,0.5449637736522497,0.06708788599087984,0.3671771607641005,0.27445995813746643,0.02241136150811615,0.15337613492461807
2021-10-08,18.770000457763672,0.4210791236826322,0.18307961143004672,0.19531297948066886,0.5446922712338829,0.06841592565220704,0.366611062204276,0.2257661442019633,-0.01223336805062214,0.11466368577783968
2021-10-11,20.0,0.545098438744952,0.26937405362659916,0.21530710846013545,0.5631350878255098,0.07282442659359734,0.37333637466344843,0.32979133028481655,0.05406694516646371,0.19654962703300183
2021-10-12,19.850000381469727,0.5354036529693742,0.26227071716569317,0.21616918225547518,0.5647363747140868,0.07635838261749676,0.37971558887630225,0.319234470713899,0.046101534910217984,0.1859123345481964
2021-10-13,18.63999938964844,0.4422934027907257,0.19543462166551473,0.20880280804491994,0.5556637234806197,0.08505350863893187,0.37770448846753085,0.23349059474580577,-0.013368186379405206,0.11038111302658286
2021-10-14,16.860000610351562,0.2813834440384844,0.08369522472483835,0.21751391712827406,0.5733004607049064,0.10174433377986697,0.3899294841079806,0.06386952691021036,-0.1338186924034357,-0.018049109055028614
2021-10-15,16.299999237060547,0.23797397363423548,0.05595158888557135,0.2183431836158169,0.567470016741897,0.09683179373898497,0.3817197221995674,0.01963079001841858,-0.16239159473024556,-0.04088020485341362
2021-10-18,16.309999465942383,0.24588624868013143,0.060513108847950046,0.20755646044932385,0.5511606666077355,0.08062879614613712,0.3755049641303668,0.03832978823080757,-0.1470433516013738,-0.020115687298187072
2021-10-19,15.699999809265137,0.2559480622791436,0.06289918371824157,0.20004455975539848,0.493809678472879,0.08883362357634873,0.3721496206126903,0.0559035025237451,-0.1371453760371569,-0.02593443985810716
2021-10-20,15.489999771118164,0.23994871471289883,0.052592643591861075,0.20000047747166694,0.48173414010703636,0.09133557384953572,0.37303720614498403,0.03994823724123189,-0.14740783387980586,-0.03874293025767465
2021-10-21,15.010000228881836,0.23227466821685225,0.044014045476054385,0.19835395651138724,0.49199614189011537,0.08593262547461535,0.3732374726210702,0.03392071170546501,-0.15433991103533284,-0.04191857999856096
2021-10-22,15.43000030517578,0.24307237675191548,0.055709130714420234,0.15436167286738614,0.44841864368736367,0.07965852099440608,0.36312912938570124,0.08871070388452934,-0.0986525421529659,-0.023949390279985848
2021-10-25,15.239999771118164,0.23241653004907073,0.048162083332982566,0.1602918461300735,0.45155305817230745,0.08145623470823106,0.36198154174529307,0.07212468391899723,-0.11212976279709093,-0.03329415137524849
2021-10-26,15.979999542236328,0.2161421093683783,0.035118342981005364,0.10887679162629248,0.4565192551842647,0.0640610025641071,0.3655307080964282,0.10726531774208582,-0.0737584486452871,-0.028942659583101736
2021-10-27,16.979999542236328,0.3074673358399103,0.09853980900893612,0.04872352407028499,0.35000539152049065,0.05269928426842731,0.34061049626881185,0.25874381176962535,0.04981628493865113,0.045840524740508815
2021-10-28,16.530000686645508,0.26055151585139896,0.06845356795123782,0.05781291203123415,0.3446343461368761,0.06420602087049598,0.3499827315944809,0.20273860382016481,0.01064065592000367,0.004247547080741834
2021-10-29,16.260000228881836,0.22327647307756826,0.04442635232069696,0.01540896656935855,0.2992899584794742,0.05771639382019155,0.33951783284495757,0.2078675065082097,0.029017385751338408,-0.013290041499494594
2021-11-01,16.40999984741211,0.2312589793373558,0.04893438900103193,-0.013194136130519124,0.27998842900605525,0.04928386580693623,0.33123908016327824,0.24445311546787493,0.06212852513155106,-0.00034947680590429603
2021-11-02,16.030000686645508,0.2740367941282514,0.07261318232381878,-0.01665086092975174,0.208439800891667,0.04819402118221221,0.3327975663750383,0.29068765505800315,0.08926404325357051,0.02441916114160657
2021-11-03,15.100000381469728,0.24956730257427834,0.053874010723668236,-0.017088480013117965,0.17588613448508003,0.0484552361545936,0.33465986664272107,0.2666557825873963,0.0709624907367862,0.005418774569074636
2021-11-04,15.4399995803833,0.10038994099796125,-0.058385352811966856,-0.12458036538770964,0.15681202081330667,-0.0008812996135386927,0.32893190808962314,0.2249703063856709,0.06619501257574278,-0.05750405319842816
2021-11-05,16.479999542236328,0.15946012981439342,-0.017935506524416528,-0.13446424964478984,0.15316624154585337,-4.31940894893329e-05,0.3291536886323685,0.29392437945918326,0.11652874312037331,-0.017892312434927195
2021-11-08,17.219999313354492,0.18698010296494627,0.0006173600674170366,-0.14257016911398854,0.15414232610512688,-0.0032747307132290956,0.3300085150441894,0.32955027207893484,0.14318752918140557,0.0038920907806461323
2021-11-09,17.780000686645508,0.217079798071575,0.02215137727656092,-0.15069593872767553,0.11193159761847314,-0.0029602040262174984,0.3286688544928225,0.3677757367992505,0.17284731600423645,0.025111581302778418
2021-11-10,18.729999542236328,0.23670791436744149,0.039582428310141644,-0.14856878438766236,0.16725137831894837,-0.005402849436987392,0.34481748434512366,0.38527669875510384,0.188151212697804,0.044985277747129036
2021-11-11,17.65999984741211,0.17503166058988515,-0.006963268614686218,-0.15715434136259457,0.17126341185155627,-0.008073964975638916,0.34619633537683153,0.3321860019524797,0.15019107274790836,0.0011106963609526987
2021-11-12,16.290000915527344,0.12522939298285585,-0.04352904881481288,-0.19044330825675726,0.10765304421812899,-0.005303458385378781,0.3485340759203911,0.3156727012396131,0.1469142594419444,-0.038225590429434096
2021-11-15,16.489999771118164,0.14080146388095735,-0.03568207127780196,-0.20497373270210906,0.09644047502558305,-0.006227114340191833,0.34355740465485,0.34577519658306644,0.1692916614243071,-0.029454956937610126
2021-11-16,16.3700008392334,0.14122341242414407,-0.03691154707304618,-0.2037579438788334,0.10051808630360214,-0.010974484892365478,0.33218022120821483,0.34498135630297744,0.16684639680578722,-0.025937062180680703
2021-11-17,17.110000610351562,0.17075779414973852,-0.0172718505648568,-0.22083337601431127,0.0930565712084322,-0.008897837907829796,0.33781278583095387,0.39159117016404976,0.20356152544945447,-0.008374012657027002
2021-11-18,17.59000015258789,0.11601311301067228,-0.05458318812487774,-0.24919852569094916,0.08848000771660872,-0.02714238220315066,0.3275789612488087,0.36521163870162143,0.1946153375660714,-0.02744080592172708
2021-11-19,17.90999984741211,0.11833838065921312,-0.05068554646625882,-0.2500262206432431,0.09142485146188425,-0.028330892709678045,0.31555532575470513,0.3683646013024562,0.19934067417698426,-0.022354653756580776
2021-11-22,19.170000076293945,0.18208598491807135,-0.008835190337038635,-0.25782342243225403,0.08527169580077715,-0.03181461246823676,0.30456845721584785,0.43990940735032535,0.2489882320952154,0.022979422131198128
2021-11-23,19.3799991607666,0.19333521925824063,0.0013725517108777844,-0.2573891252897303,0.08636346125621815,-0.03085490615091768,0.30387080178079684,0.45072434454797095,0.2587616770006081,0.03222745786179546
2021-11-24,18.579999923706055,0.19170527649647368,-0.0007313229736407502,-0.24372461913304025,0.08759470463881579,-0.03515463213374276,0.3013408747389622,0.43542989562951395,0.2429932961593995,0.03442330916010201
2021-11-26,28.6200008392334,0.8919837577742333,0.5159942385713672,-0.16643551980148144,0.29270070645435436,-0.010732212507363543,0.33597535101600107,1.0584192775757149,0.6824297583728486,0.5267264510787307
2021-11-29,22.959999084472656,0.4057458355851509,0.153526999797909,-0.17286407080339433,0.2975847277823818,-0.0122570757272577,0.34723277026840943,0.5786099063885453,0.32639107060130335,0.1657840755251667
2021-11-30,27.190000534057617,0.6648170167414246,0.35355877302877786,-0.10774247279635482,0.34399523660668835,0.00842099387290252,0.35169853347404356,0.7725594895377794,0.46130124582513266,0.34513777915587535
2021-12-01,31.1200008392334,0.9680439582776719,0.5817149269512304,-0.09577834817642389,0.36628046790255175,0.011199002013714151,0.35524636796583836,1.0638223064540957,0.6774932751276543,0.5705159249375162
2021-12-02,27.950000762939453,0.7159525692332451,0.3902352535236565,-0.0607399330934955,0.3679316041011712,0.024086365954118377,0.35740815563055095,0.7766925023267406,0.450975186617152,0.3661488875695381
2021-12-03,30.670000076293945,0.882650069476635,0.5184793837444533,-0.06817481113765397,0.37077176836271913,0.022524422983300495,0.3619524464186399,0.950824880614289,0.5866541948821073,0.49595496076115286
2021-12-06,27.18000030517578,0.7944121791253694,0.45646623807481407,0.041299840393839445,0.40563556233142173,0.028000890654614967,0.3698030154449155,0.7531123387315299,0.41516639768097463,0.4284653474201991
2021-12-07,21.88999938964844,0.3027452016415812,0.09711019686835416,0.04255820733841796,0.4559827413652691,0.0305639573906489,0.3871169321083655,0.2601869943031632,0.0545519895299362,0.06654623947770526
2021-12-08,19.899999618530273,0.2026345366079658,0.02562323718339747,0.04622788305993534,0.45395108552778224,0.02797466198323659,0.3832327799576131,0.15640665354803046,-0.020604645876537868,-0.00235142479983912
2021-12-09,21.579999923706055,0.27328177513424035,0.07532728812896759,0.03954121546368293,0.4583087124579062,0.025525552181008028,0.3820754687833325,0.2337405596705574,0.03578607266528466,0.049801735947959565
2021-12-10,18.690000534057617,0.14468131695731093,-0.017622960166609712,0.05276532098218899,0.4267132581209023,0.027842864024265068,0.3787431010570624,0.09191599597512194,-0.07038828114879869,-0.045465824190874776
2021-12-13,20.309999465942383,0.17931119046382868,0.007498077937514133,0.031922045842199605,0.4290505421938135,0.01608032407284029,0.37918357635932537,0.14738914462162908,-0.02442396790468547,-0.008582246135326157
2021-12-14,21.88999938964844,0.2543886333152375,0.06264700212831273,0.03010966802671611,0.40764774540103293,0.013710129456046025,0.36891241887405934,0.22427896528852137,0.03253733410159662,0.04893687267226671
2021-12-15,19.290000915527344,0.0851634929811638,-0.05958576468976913,0.021974010740239778,0.42455774776712457,0.01030587398842193,0.37098071242441477,0.06318948224092402,-0.0815597754300089,-0.06989163867819106
2021-12-16,20.56999969482422,0.08916994010023264,-0.05386000245782929,-0.008174992765156703,0.4048002513693739,-0.0051563374708031625,0.3579877581887395,0.09734493286538935,-0.04568500969267259,-0.04870366498702613
2021-12-17,21.56999969482422,0.1296263379498824,-0.022338527197979723,0.006395794090474423,0.41371157718880425,-0.01020124769108455,0.34069899131320114,0.12323054385940799,-0.028734321288454146,-0.012137279506895172
2021-12-20,22.8700008392334,0.2371664951361375,0.05778314687399981,0.05860203337474342,0.4440321772312175,-0.004771455950260421,0.34811935043477915,0.17856446176139407,-0.0008188865007436111,0.06255460282426023
2021-12-21,21.010000228881836,0.14627599336296146,-0.008133731648224288,0.08730068584856363,0.5043835758865046,0.0027692703815296433,0.36486224047564536,0.058975307514397834,-0.09543441749678791,-0.010903002029753932
2021-12-22,18.6299991607666,0.059283800476821864,-0.07186518576226478,0.10379284016442639,0.5309611398939811,0.0004701885278768238,0.36258096482682195,-0.04450903968760452,-0.17565802592669116,-0.0723353742901416
2021-12-23,17.959999084472656,0.035343737070048856,-0.09002769438505101,0.10918877293609015,0.5452718946995869,0.0029841390391339806,0.36412762095056245,-0.0738450358660413,-0.19921646732114118,-0.093011833424185
2021-12-27,17.68000030517578,0.014995873507924418,-0.10296916759192692,0.11772501422316546,0.5513515266495782,0.008015345032097493,0.37497645029038035,-0.10272914071524104,-0.22069418181509237,-0.11098451262402442
2021-12-28,17.540000915527344,0.02596468228283454,-0.10099348712807778,0.07903200067846267,0.4908960827046723,-0.004398922057386425,0.3604475568282639,-0.05306731839562813,-0.18002548780654043,-0.09659456507069135
2021-12-29,16.950000762939453,0.030775065220683247,-0.09881718919720112,0.09077401632630518,0.49194076016868865,-0.004361549333519975,0.36069852227323324,-0.05999895110562193,-0.18959120552350628,-0.09445563986368113
2021-12-30,17.329999923706055,0.0605385360615814,-0.0846967459907448,0.05425416585347477,0.48437860118226816,-0.0121442075157987,0.3570504695093711,0.006284370208106627,-0.13895091184421957,-0.0725525384749461
2021-12-31,17.219999313354492,0.06821013857515329,-0.07972512877876425,0.04868236187512284,0.47923444148095073,-0.01837901628006952,0.35498962312761856,0.019527776700030447,-0.1284074906538871,-0.06134611249869473
2022-01-03,16.600000381469727,0.03714202201644905,-0.09999643120059586,0.014658590182734353,0.4755773734633089,-0.019537612200038336,0.3451753101094265,0.022483431833714693,-0.11465502138333021,-0.08045881900055751
2022-01-04,16.90999984741211,0.05781454515123203,-0.08171625968186391,0.011781244980269424,0.39585912763171194,-0.023777491724095323,0.31726148878991933,0.046033300170962604,-0.09349750466213333,-0.05793876795776859
2022-01-05,19.729999542236328,0.12960966808804422,-0.023435173952525166,0.00980903904536839,0.39931091819379766,-0.01780469518855574,0.32811842134050007,0.11980062904267583,-0.033244212997893555,-0.005630478763969427
2022-01-06,19.61000061035156,0.18614331172785376,0.016047752594102162,-0.0024342668481238503,0.328013216984491,-0.022019554777854305,0.31531011536269377,0.1885775785759776,0.01848201944222601,0.03806730737195647
2022-01-07,18.760000228881836,0.14539402057183123,-0.014524989699650787,-0.0036361209970995926,0.3307344060045996,-0.023656186352763595,0.31105683042034804,0.14903014156893082,-0.010888868702551194,0.009131196653112808
2022-01-10,19.399999618530273,0.1894386037625305,0.018551050534868784,0.001697600954975055,0.32604420788472316,-0.026324366598901666,0.304665673410052,0.18774100280755543,0.01685344957989373,0.044875417133770454
2022-01-11,18.40999984741211,0.14795619238451108,-0.011629724048267698,0.0036662165141929074,0.34445176106633435,-0.02319332857142502,0.3048579206725675,0.14428997587031817,-0.015295940562460605,0.011563604523157323
2022-01-12,17.6200008392334,0.16137000704139384,-0.0008714287256695332,0.03132652502490346,0.34144560055450407,-0.023183207035520383,0.3078499312715569,0.13004348201649038,-0.032197953750572994,0.02231177830985085
2022-01-13,20.309999465942383,0.25032577513926535,0.06532210483582836,0.02593811280881957,0.3755655859957717,-0.031682494695963875,0.30378248142227743,0.22438766233044577,0.03938399202700879,0.09700459953179223
2022-01-14,19.190000534057617,0.2559476298710484,0.07112459057495861,0.03269070850964861,0.3457042140724117,-0.034707312936471,0.2901037271040022,0.2232569213613998,0.03843388206531,0.10583190351142961
2022-01-18,22.790000915527344,0.5237854678777156,0.2675782600222696,0.10921183250997904,0.40805376969559615,-0.02357698184142384,0.30951868164490765,0.4145736353677366,0.15836642751229055,0.2911552418636934
2022-01-19,23.850000381469727,0.5801961228113045,0.30951465478421947,0.10051644053631634,0.40062280408590983,-0.02391061126233209,0.30949599835375036,0.47967968227498814,0.20899821424790313,0.33342526604655154
2022-01-20,25.59000015258789,0.6692299858194426,0.37675193320430356,0.08729291881686954,0.3941026018287282,-0.022113099427549746,0.3146019793482895,0.5819370670025731,0.28945901438743404,0.3988650326318533
2022-01-21,28.850000381469727,0.8695390328088073,0.5349729223697297,0.09804121609983961,0.3890470710736037,-0.007728530052814403,0.3326367761938942,0.7714978167089677,0.4369317062698901,0.5427014524225441
2022-01-24,29.899999618530273,0.9775384655484779,0.6151695001985054,0.09189634245050717,0.3817008565430094,-0.005051887264532465,0.3409209989309495,0.8856421230979707,0.5232731577479982,0.6202213874630378
2022-01-25,31.15999984741211,0.9572349239640947,0.6067535683267058,0.07753861120950586,0.3630994776461947,-0.005664656316841105,0.33432710621229866,0.8796963127545888,0.5292149571171999,0.6124182246435469
2022-01-26,31.959999084472656,1.062385332536588,0.6858709680837292,0.06256441918627276,0.33315321650763724,0.002095346326818409,0.3346801030911712,0.9998209133503152,0.6233065488974564,0.6837756217569108
2022-01-27,30.489999771118164,0.9266659861670886,0.5823753483263365,0.058613025214674444,0.32798805316089646,0.004305385860055296,0.35090129833193706,0.8680529609524141,0.523762323111662,0.5780699624662813
2022-01-28,27.65999984741211,0.5600844343381342,0.3171979824837267,0.08640528920603162,0.3628668953856852,0.015870691026464163,0.3616186202141993,0.4736791451321025,0.23079269327769508,0.30132729145726256
2022-01-31,24.829999923706055,0.3429960114568392,0.15629063148776923,0.08361113093015225,0.37837570600101184,0.020055689326530284,0.37639136205787466,0.25938488052668696,0.07267950055761697,0.13623494216123894
2022-02-01,21.959999084472656,0.215874279694161,0.06315917794568339,0.08589471714662023,0.3814154174297955,0.02290391328627042,0.379432844645674,0.12997956254754078,-0.022735539200936836,0.04025526465941297
2022-02-02,22.09000015258789,0.19386257756988015,0.050313249148215736,0.07401796466936536,0.3619744372259489,0.019121779367744,0.3717645600164705,0.11984461290051479,-0.023704715521149625,0.031191469780471735
2022-02-03,24.350000381469727,0.1611952864154953,0.041922707156960386,0.05289392766151775,0.3556760847433257,0.012860047776701035,0.3546043982786738,0.10830135875397755,-0.010971220504557365,0.02906265938025935
2022-02-04,23.219999313354492,0.1342496828125689,0.023597456391200148,0.03304576642600741,0.332528915746038,0.026466825457790204,0.3452636647996021,0.10120391638656151,-0.00944831003480726,-0.0028693690665900565
2022-02-07,22.86000061035156,0.12249691040097412,0.01488255231012323,0.032340993391402686,0.34131131846409885,0.024504074166416177,0.3418886417026873,0.09015591700957143,-0.017458441081279457,-0.009621521856292947
2022-02-08,21.440000534057617,0.08604550927727875,-0.0114697874431054,0.037398940134015395,0.35433589356561424,0.027474436477508156,0.3408345375879165,0.04864656914326335,-0.048868727577120796,-0.03894422392061356
2022-02-09,19.959999084472656,0.03357519075184466,-0.050058401615851573,0.036496393071881204,0.3537868159532452,0.027175255320276155,0.34263645622539135,-0.0029212023200365436,-0.08655479468773278,-0.07723365693612773
2022-02-10,23.90999984741211,0.12456107663854328,0.017317339531566243,0.04720829654256745,0.3588031692756186,0.03611874041961093,0.34394632699287464,0.07735278009597582,-0.02989095701100121,-0.01880140088804469
2022-02-11,27.36000061035156,0.18642912728113714,0.06425617128603095,0.04746077588548929,0.35971491874649614,0.038261384258127244,0.34845809594498756,0.13896835139564784,0.01679539540054166,0.025994787027903705
2022-02-14,28.329999923706055,0.2378038075124631,0.1020359909974961,0.050208769235577266,0.3522510782019207,0.0374776992391308,0.34674341175558354,0.18759503827688584,0.05182722176191884,0.0645582917583653
2022-02-15,25.700000762939453,0.13054130146444198,0.01918846152586442,0.041379251870254236,0.3796560549959934,0.0326784424750648,0.3482395092083056,0.08916204959418775,-0.022190790344389817,-0.013489980949200384
2022-02-16,24.290000915527344,0.10633532020153229,-0.0005075441495543169,0.030622163369650415,0.37031645046016876,0.03230305426143104,0.34865121110419295,0.07571315683188187,-0.03112970751920473,-0.03281059841098536
2022-02-17,28.11000061035156,0.18317267288797698,0.05777157132598008,0.032130864677271,0.4000168990395153,0.03561793124097239,0.36162685503308256,0.15104180821070598,0.02564070664870908,0.022153640085007684
2022-02-18,27.75,0.17418851494292611,0.05084184027101473,0.027885995222814187,0.3981819310442811,0.045618709438620494,0.36695434424187273,0.14630251972011193,0.022955845048200543,0.005223130832394236
2022-02-22,28.809999465942383,0.2190419071013329,0.08353434321954664,0.018099508278088358,0.3799910718988209,0.05158986769497989,0.37459517397984793,0.20094239882324455,0.06543483494145828,0.03194447552456675
2022-02-23,31.020000457763672,0.26788925447970874,0.12214077514729549,0.026709228557018506,0.39368351729649587,0.05802905143534204,0.38528932618790873,0.24118002592269022,0.09543154659027699,0.06411172371195345
2022-02-24,30.31999969482422,0.22755925291386636,0.09290873417131768,0.021674668135632933,0.3731211334611368,0.05375877949964813,0.37133046144300896,0.20588458477823343,0.07123406603568475,0.03914995467166955
2022-02-25,27.59000015258789,0.15025930232000922,0.0350012955389698,0.04940044591816974,0.3948072923894907,0.06731207564820205,0.38378952615314615,0.10085885640183948,-0.014399150379199942,-0.032310780109232246
2022-02-28,30.149999618530273,0.22546136573805634,0.0927578913100379,0.05191355739889842,0.38690962966298637,0.05755835932558407,0.3630830372236471,0.17354780833915792,0.04084433391113947,0.03519953198445382
2022-03-01,33.31999969482422,0.36609392818453107,0.19604470646324507,0.04657803472983025,0.38720252751762363,0.06402132675254307,0.3638115562571003,0.31951589345470083,0.14946667173341482,0.132023379710702
2022-03-02,30.739999771118164,0.30155706149194944,0.1468033962772523,0.062495311854844166,0.39322863847416073,0.06342037345593689,0.3710655065024595,0.23906174963710528,0.08430808442240814,0.08338302282131542
2022-03-03,30.479999542236328,0.29325449503373807,0.13961796543872818,0.060132327289376,0.3871738053336218,0.06180137355473286,0.3687568872979334,0.23312216774436206,0.07948563814935217,0.07781659188399531
2022-03-04,31.979999542236328,0.3668297794860351,0.19351391279707952,0.06728637166814141,0.37850746257989076,0.05464095862012279,0.36155715415876405,0.2995434078178937,0.1262275411289381,0.13887295417695672
2022-03-07,36.45000076293945,0.6640270333602633,0.4102289499703126,0.1258520181350934,0.40884968297245755,0.06798024392178925,0.3691450201731173,0.5381750152251699,0.2843769318352192,0.34224870604852337
2022-03-08,35.130001068115234,0.6908278756455263,0.422255766621358,0.16245721891633352,0.42214567718248414,0.0669167936075375,0.36343142832682784,0.5283706567291928,0.2597985477050245,0.3553389730138205
2022-03-09,32.45000076293945,0.46271385402532655,0.25291945557370543,0.17389334941558748,0.4458865834327125,0.07330741272112733,0.355110576578779,0.28882050460973907,0.07902610615811795,0.1796120428525781
2022-03-10,30.229999542236328,0.3555090427507106,0.17258934131291884,0.16248140404977965,0.4300498557483631,0.07189339652389645,0.3512657142933193,0.19302763870093095,0.010107937263139188,0.10069594478902238
2022-03-11,30.75,0.3915841353861492,0.2013855147296366,0.1710836985842685,0.43571992918669983,0.07514655247999467,0.35564008080347365,0.22050043680188072,0.030301816145368088,0.12623896224964193
2022-03-14,31.770000457763672,0.42975841242171864,0.23108742094779575,0.14655062779572303,0.4241506512135075,0.07167439600119672,0.35512431391659754,0.2832077846259956,0.08453679315207271,0.15941302494659904
2022-03-15,29.829999923706055,0.3427506613386117,0.16594027810618212,0.14866754603703505,0.42475725973502493,0.07827385281814947,0.35330389498768944,0.19408311530157665,0.017272732069147062,0.08766642528803265
2022-03-16,26.670000076293945,0.18758116026628033,0.05109695392251531,0.15050104113934495,0.4435585871743275,0.0810408096660107,0.36484283840323,0.037080119126935374,-0.09940408721682964,-0.02994385574349539
2022-03-17,25.670000076293945,0.19199676238062696,0.05657778150959294,0.1783822826392114,0.4595268842247325,0.08770382275735986,0.3701130221296447,0.013614479741415553,-0.12180450112961846,-0.031126041247766918
2022-03-18,23.8700008392334,0.11172675110015301,-0.003460547241007562,0.16084407027871536,0.45009015028948846,0.09189840957567064,0.3749019576244758,-0.04911731917856235,-0.16430461751972292,-0.09535895681667819
2022-03-21,23.530000686645508,0.1387735768992977,0.01657409212049213,0.16607907843767356,0.43056887040842484,0.08949797414742452,0.37299844830577356,-0.027305501538375854,-0.14950498631718143,-0.0729238820269324
2022-03-22,22.940000534057617,0.12150242201507783,0.0050724561791828365,0.17343994322238926,0.4210810809200834,0.08847031109860755,0.368585443834812,-0.05193752120731143,-0.16836748704320642,-0.08339785491942471
2022-03-23,23.56999969482422,0.13592974811641823,0.015477400887643352,0.1726955464414275,0.4158350368321725,0.0873046444920056,0.36199139532659286,-0.036765798325009286,-0.15721814555378416,-0.07182724360436225
2022-03-24,21.670000076293945,0.056584392719182475,-0.046086941870192695,0.13827444959434657,0.399375710222989,0.07733241521558429,0.36414414925291844,-0.08169005687516409,-0.18436139146453925,-0.12341935708577698
2022-03-25,20.809999465942383,0.06073857125827885,-0.04621595627439879,0.15981130502504795,0.43121364288207914,0.0765410104291479,0.36412385822025894,-0.0990727337667691,-0.20602726129944673,-0.12275696670354669
2022-03-28,19.6299991607666,0.027910870071529786,-0.07098120385604734,0.1254794931384423,0.4154786371897415,0.07530951920076694,0.36051690038041817,-0.09756862306691252,-0.19646069699448965,-0.1462907230568143
2022-03-29,18.899999618530273,0.006320640689066503,-0.08641127190654589,0.13431522636345944,0.4133743155463247,0.07884017069309944,0.35783811890204253,-0.12799458567439292,-0.22072649827000534,-0.16525144259964533
2022-03-30,19.329999923706055,0.020013628598911884,-0.07740955292396595,0.12210558306556346,0.3978492528626851,0.07802563934514667,0.3558114970745754,-0.10209195446665158,-0.1995151359895294,-0.15543519226911262
2022-03-31,20.559999465942383,0.05601382732233602,-0.0505152479885853,0.11605792700518455,0.41534275709255297,0.08263393020353851,0.3635534512504686,-0.06004409968284853,-0.16657317499376986,-0.13314917819212382
2022-04-01,19.6299991607666,0.03153347536249416,-0.06905913010270817,0.11716237446757773,0.41883861676286727,0.08230746445588137,0.36246632398545076,-0.08562889910508356,-0.1862215045702859,-0.15136659455858953
2022-04-04,18.56999969482422,0.003449333575709462,-0.08863231069557262,0.11739584340413772,0.41682192770408627,0.08240077184351992,0.35518743647145923,-0.11394650982842826,-0.20602815409971034,-0.17103308253909255
2022-04-05,21.030000686645508,0.10222116316213391,-0.022321452814666756,0.08444174056396467,0.3796128928669458,0.08350286345855754,0.36274619670476904,0.01777942259816924,-0.10676319337863142,-0.10582431627322429
2022-04-06,22.100000381469727,0.10737851215060429,-0.016814348875912117,0.06108575369680559,0.3645663594885266,0.07775782992606713,0.35831665816069047,0.046292758453798696,-0.0779001025727177,-0.09457217880197924
2022-04-07,21.549999237060547,0.14384013258642905,0.0030683815787190816,0.04051815111733235,0.34740162285671156,0.07957254160334527,0.3653014196409764,0.10332198146909671,-0.037449769538613266,-0.07650416002462619
2022-04-08,21.15999984741211,0.12626739014833385,-0.012509273099764009,0.034659964322039834,0.3528306880848928,0.07691631070560795,0.3641246264743889,0.09160742582629403,-0.047169237421803845,-0.08942558380537195
2022-04-11,24.3700008392334,0.2244745056973989,0.06181459497005111,0.03072267039165013,0.38117948607936863,0.07684957460859615,0.37410465487004246,0.19375183530574877,0.03109192457840098,-0.01503497963854504
2022-04-12,24.260000228881836,0.24027125934140078,0.07101868932986585,0.03774257924351154,0.38600286564025466,0.07534733621377471,0.3690617193562892,0.20252868009788924,0.03327611008635431,-0.004328646883908854
2022-04-13,21.81999969482422,0.1880020078474693,0.02974321147162222,0.033035839813170334,0.37434791696819536,0.07579768732032499,0.36461301507296207,0.15496616803429897,-0.003292628341548115,-0.04605447584870277
2022-04-14,22.700000762939453,0.2551971999653005,0.07633111221803952,0.011572484103358507,0.36332372978380023,0.07602584808575048,0.36453743581784703,0.24362471586194198,0.06475862811468101,0.00030526413228904037
2022-04-18,22.170000076293945,0.23366707417039506,0.05826634308180525,-0.008530236468192402,0.3346294449935874,0.07631623947500825,0.3731617292456321,0.24219731063858746,0.06679657954999765,-0.018049896393203
2022-04-19,21.3700008392334,0.22965590234966224,0.05713513691564037,0.032546803003858565,0.3530308461342239,0.07720186965140545,0.36961302844893595,0.19710909934580367,0.024588333911781807,-0.020066732735765078
2022-04-20,20.31999969482422,0.16522325847804922,0.01274411027799277,0.02181500382115839,0.3278468374098877,0.07365751624835873,0.3671501886659166,0.14340825465689083,-0.00907089354316562,-0.06091340597036596
2022-04-21,22.68000030517578,0.23208306685948063,0.06201285107642504,0.009686544507458435,0.3673589256128811,0.07135010689352018,0.37407867566797337,0.2223965223520222,0.052326306568966606,-0.009337255817095144
2022-04-22,28.209999084472656,0.45512196869673327,0.23536746453422072,0.0642747720868537,0.4297971711193672,0.0800745956816149,0.38196064558313175,0.39084719660987954,0.17109269244736702,0.15529286885260582
2022-04-25,27.020000457763672,0.4745981612323022,0.2518970695139238,0.09236630579046479,0.3910777633656398,0.0785257602315903,0.3804058106533838,0.3822318554418374,0.15953076372345903,0.17337130928233352
2022-04-26,33.52000045776367,0.7117056769180771,0.4406639927877533,0.1355602517115808,0.42315451546034055,0.0911277567365132,0.3978134013318299,0.5761454252064963,0.30510374107617255,0.3495362360512401
2022-04-27,31.600000381469727,0.5743646065481317,0.33807227009749197,0.1187368391027848,0.4073561088356333,0.08855389585739548,0.39162430941014603,0.4556277674453469,0.21933543099470715,0.24951837424009649
2022-04-28,29.989999771118164,0.37292968558478196,0.19380489581647384,0.10028968310872297,0.4911948579152516,0.0887240351143661,0.40923946009114964,0.272640002476059,0.09351521270775087,0.10508086070210773
2022-04-29,33.400001525878906,0.38057882150810884,0.20978316899341637,0.13444889689944342,0.5337028036563165,0.09694232220789707,0.4282823647758433,0.24612992460866542,0.07533427209397295,0.1128408467855193
2022-05-02,32.34000015258789,0.33173015884322715,0.17180720061128585,0.11270603712493266,0.5147677560108956,0.09383726883206023,0.4201467787344824,0.2190241217182945,0.05910116348635319,0.07796993177922562
2022-05-03,29.25,0.23326259808823707,0.09683782572142362,0.11435748250734219,0.5145427191363429,0.093782243930769,0.4182125354265593,0.11890511558089488,-0.017519656785918575,0.003055581790654613
2022-05-04,25.420000076293945,0.11158844330584257,0.006808750898107661,0.15141323897391828,0.5741277937844784,0.11122677041780005,0.43943430045947635,-0.039824795668075716,-0.1446044880758106,-0.10441801951969239
2022-05-05,31.200000762939453,0.22013825184441116,0.0930331330663549,0.17223443498452615,0.6183719198049636,0.13448794993715374,0.47744377881347533,0.04790381685988501,-0.07920130191817125,-0.04145481687079884
2022-05-06,30.190000534057617,0.21612607361639952,0.08924098800284551,0.1907336632123885,0.639887649944642,0.1438835160126559,0.4873503850459406,0.025392410404011023,-0.10149267520954298,-0.054642528009810384
2022-05-09,34.75,0.2872222613510004,0.14558365008098723,0.19367837910511043,0.6525434144250656,0.15055297846220192,0.5141468597103432,0.09354388224588994,-0.048094729024123206,-0.004969328381214694
2022-05-10,32.9900016784668,0.24129276817835374,0.11011878132239471,0.19647992987723498,0.6664390975425617,0.14758072984443715,0.5140251902878435,0.04481283830111876,-0.08636114855484027,-0.037461948522042446
2022-05-11,32.560001373291016,0.2236024946761379,0.09678998456171761,0.18889214390721415,0.6525213298432339,0.1442817515720891,0.5095560579038131,0.03471035076892376,-0.09210215934549654,-0.0474917670103715
2022-05-12,31.770000457763672,0.19842297265839973,0.07769245752682179,0.18401546669631655,0.6485634540166588,0.13791568943998117,0.5050846050188669,0.014407505962083178,-0.10632300916949476,-0.060223231913159384
2022-05-13,28.8700008392334,0.10210568690466094,0.003740099057682243,0.17551595845410425,0.6831926404869966,0.1368563752382058,0.5143626463735426,-0.07341027154944331,-0.171775859396422,-0.13311627618052355
2022-05-16,27.469999313354492,0.07914065859742947,-0.014104009551027582,0.1786370876076404,0.6821659972133333,0.13599721876682977,0.5152331817653489,-0.09949642901021094,-0.192741097158668,-0.15010122831785735
2022-05-17,26.100000381469727,0.041899967615349226,-0.041739755704240405,0.18534739179816037,0.6884828296068511,0.1448281381442709,0.521753519863252,-0.14344742418281115,-0.22708714750240078,-0.1865678938485113
2022-05-18,30.959999084472656,0.11539046067311173,0.015953510317613197,0.2097541815638531,0.7027586560032835,0.1627211327031754,0.537784941262449,-0.09436372089074135,-0.1938006712462399,-0.1467676223855622
2022-05-19,29.350000381469727,0.08498212758079135,-0.00755040954168076,0.21611948265801903,0.7104890557477346,0.16451418115137395,0.5314536240985426,-0.13113735507722768,-0.2236698921996998,-0.17206459069305471
2022-05-20,29.43000030517578,0.09837215496091942,0.0023027539747199643,0.22235691660127127,0.7060651816701112,0.1648517338798358,0.5308032482618693,-0.12398476164035185,-0.2200541626265513,-0.16254897990511583
2022-05-23,28.479999542236328,0.08080402746645936,-0.010735395272279177,0.2063625862735038,0.6943106651517972,0.16549274916554077,0.5334193477981602,-0.12555855880704442,-0.21709798154578297,-0.17622814443781995
2022-05-24,29.450000762939453,0.09150471015361515,-0.0018688574788816245,0.1943304984007762,0.6899243751599309,0.1569373792270496,0.5236848032003332,-0.10282578824716106,-0.19619935587965784,-0.15880623670593122
2022-05-25,28.3700008392334,0.08057505928140679,-0.011613581812094239,0.17641047412197072,0.679014221902515,0.16109173674435864,0.535425822561085,-0.09583541484056393,-0.18802405593406496,-0.17270531855645288
2022-05-26,27.5,0.060187087070756304,-0.02816985258005785,0.19169574232023784,0.7080498682415494,0.15501282410786255,0.5356952751242857,-0.13150865524948152,-0.2198655949002957,-0.1831826766879204
2022-05-27,25.719999313354492,0.03675145363633983,-0.04830473596218631,0.21298970515444915,0.7085578685247873,0.15857646636478034,0.5445856768657323,-0.17623825151810932,-0.26129444111663547,-0.20688120232696666
2022-05-31,26.190000534057617,0.08495883871546583,-0.01662454524662382,0.20193524294826157,0.6769282574776943,0.1559119220930735,0.5404524840384963,-0.11697640423279573,-0.2185597881948854,-0.17253646733969732
2022-06-01,25.690000534057617,0.08288025826286897,-0.018497835951985325,0.21709154407418516,0.6909146108563642,0.15193339529679345,0.5349534887688064,-0.1342112858113162,-0.23558938002617047,-0.17043123124877876
2022-06-02,24.719999313354492,0.042978686123777185,-0.04830814113048638,0.21139368210098447,0.6882091089025868,0.151792884455276,0.5375571115268694,-0.16841499597720727,-0.25970182323147084,-0.20010102558576237
2022-06-03,24.790000915527344,0.045895905962680776,-0.04767669606703244,0.18156173010687623,0.6702769044596563,0.15265653124397874,0.5458587973356354,-0.13566582414419545,-0.22923842617390866,-0.20033322731101116
2022-06-06,25.06999969482422,0.09749737463831275,-0.013873453264175615,0.16454763407593692,0.6271180540890624,0.14700092316101837,0.5443500727600612,-0.06705025943762417,-0.17842108734011253,-0.16087437642519398
2022-06-07,24.020000457763672,0.06864197306776196,-0.035031654081429754,0.1664393520397468,0.6272956979615325,0.14733091599086162,0.5479673603814778,-0.09779737897198484,-0.20147100612117655,-0.18236257007229137
2022-06-08,23.959999084472656,0.11763613283495968,-0.0007000509758301369,0.16225429617407935,0.5707939228052725,0.1479902236746095,0.5535483480135877,-0.04461816333911968,-0.1629543471499095,-0.14869027465043966
2022-06-09,26.09000015258789,0.17038407944923212,0.041459459818560335,0.19091205374312484,0.6150185161226804,0.15717756630647242,0.5673881240283597,-0.02052797429389272,-0.1494525939245645,-0.11571810648791209
2022-06-10,27.75,0.2098392170236269,0.07369480231314132,0.22038578562262434,0.6654715724852432,0.1617243384642908,0.5788288099062469,-0.010546568598997441,-0.14669098330948302,-0.08802953615114947
2022-06-13,34.02000045776367,0.35162046254818635,0.18633632297356548,0.2577258262385908,0.7206739078758858,0.17807101980175763,0.6055451948501946,0.09389463630959555,-0.07138950326502533,0.008265303171807847
2022-06-14,32.689998626708984,0.3684341577924532,0.19814955629674139,0.27783145939683573,0.6992013346943865,0.18028189627335234,0.613974374231669,0.09060269839561746,-0.07968190310009435,0.017867660023389048
2022-06-15,29.6200008392334,0.24536555440125443,0.10542288022787166,0.2701071150335987,0.7004657172107461,0.17830153531697196,0.6116050013152049,-0.024741560632344256,-0.16468423480572703,-0.0728786550891003
2022-06-16,32.95000076293945,0.3343236267095982,0.17525378293634347,0.2966229499476131,0.7062384054806984,0.1888259375785427,0.6184953230076087,0.037700676761985075,-0.12136916701126965,-0.013572154642199241
2022-06-17,31.1299991607666,0.35077909300103266,0.18327684469779243,0.2575166005500971,0.6578653951027452,0.19269021143272316,0.6119651482493463,0.09326249245093554,-0.07423975585230469,-0.009413366734930734
2022-06-21,30.190000534057617,0.28794664355119354,0.13791431570049126,0.2696330016588944,0.662297654220268,0.19793133241313046,0.6159402536928449,0.018313641892299115,-0.13171868595840316,-0.060017016712639204
2022-06-22,28.950000762939453,0.2502695506273761,0.1094359573830487,0.272158254687229,0.6606241058354515,0.19709174053193107,0.6136263142509297,-0.02188870405985288,-0.16272229730418028,-0.08765578314888237
2022-06-23,29.049999237060547,0.26557949262360686,0.11941010292208477,0.26810047071189963,0.6557048635088225,0.19563881505708966,0.6096704673905161,-0.002520978088292769,-0.14869036778981487,-0.07622871213500489
2022-06-24,27.229999542236328,0.19745986632231857,0.06891106159030769,0.31661876995389965,0.6886724356383109,0.21344462391603952,0.6121259795266453,-0.11915890363158108,-0.24770770836359196,-0.14453356232573183
2022-06-27,26.950000762939453,0.19743966486761602,0.06950451637223057,0.32217519831644675,0.6778654722076383,0.21241349444559868,0.610198226733372,-0.12473553344883073,-0.25267068194421616,-0.1429089780733681
2022-06-28,28.36000061035156,0.22644262465903348,0.09285312484099151,0.30732248572041626,0.6542686378517805,0.2110860355106343,0.6094844204215843,-0.08087986106138279,-0.21446936087942475,-0.11823291066964278
2022-06-29,28.15999984741211,0.2486535726558904,0.10813417002084517,0.3010004961136963,0.6350421834613689,0.20744073202846805,0.6073612873908385,-0.052346923457805894,-0.1928663260928511,-0.09930656200762288
2022-06-30,28.709999084472656,0.2610515834025685,0.11773485376916357,0.29760885611362703,0.6491412709964984,0.20702899175994444,0.6102233101143049,-0.03655727271105852,-0.17987400234446346,-0.08929413799078087
2022-07-01,26.700000762939453,0.18903862369403354,0.06327183207013774,0.2894659454313485,0.6452096813186402,0.20300864404639354,0.606293347368445,-0.10042732173731497,-0.22619411336121076,-0.13973681197625581
2022-07-05,27.540000915527344,0.22735910779228374,0.09325082207564046,0.28009004141846233,0.6204214660254611,0.1982592513148516,0.5964313527967975,-0.05273093362617859,-0.18683921934282188,-0.10500842923921112
2022-07-06,26.729999542236328,0.22546627371016778,0.09068464018749155,0.28833418330864413,0.6237270587160255,0.19960791760246388,0.5989155221404892,-0.06286790959847635,-0.19764954312115257,-0.10892327741497233
2022-07-07,26.079999923706055,0.18751352813169955,0.06263935688235961,0.28200371358874404,0.6268097897955001,0.20018363678388695,0.6033288378683854,-0.09449018545704449,-0.21936435670638443,-0.13754427990152734
2022-07-08,24.63999938964844,0.14877250242080517,0.03312521615626986,0.27998312237466133,0.6257903883996832,0.2072817294784511,0.6103164449288975,-0.13121061995385616,-0.2468579062183915,-0.17415651332218124
2022-07-11,26.170000076293945,0.17758744258663348,0.05535558683287936,0.2618013755178087,0.6293677672092751,0.20403189246360998,0.6115468833048098,-0.08421393293117521,-0.20644578868492933,-0.14867630563073062
2022-07-12,27.290000915527344,0.22622081432354157,0.0906851074386233,0.24469261063793987,0.6075353331221014,0.20718962288926582,0.6157147582386877,-0.018471796314398298,-0.15400750319931655,-0.11650451545064251
2022-07-13,26.81999969482422,0.2657248814494851,0.116317350952177,0.2376439578369387,0.5792966083872296,0.20972416003454689,0.6115393382391766,0.028080923612546382,-0.1213266068847617,-0.09340680908236988
2022-07-14,26.399999618530273,0.34322840572960805,0.1697038450677108,0.18818236630098353,0.4849104261665155,0.20889294490194912,0.6077220145069643,0.15504603942862452,-0.018478521233272732,-0.03918909983423832
2022-07-15,24.229999542236328,0.24565788239589292,0.09835878893527333,0.2095684666330348,0.5087749831167863,0.21397533651902795,0.6159146422973838,0.036089415762858124,-0.11120967769776147,-0.11561654758375461
2022-07-18,25.299999237060547,0.3118035067444691,0.14605737246081327,0.2193498415681838,0.4942357865422027,0.2161072374174384,0.6133663967774637,0.09245366517628531,-0.07329246910737053,-0.07004986495662513
2022-07-19,24.5,0.2919152182907871,0.1299557070907539,0.18826002471534084,0.48164021323931244,0.22158427524715144,0.6228758977469773,0.10365519357544625,-0.05830431762458693,-0.09162856815639753
2022-07-20,23.8799991607666,0.251097916226648,0.0995068218699586,0.17731424719277608,0.48148898948649027,0.2149485224848396,0.6179068648015095,0.07378366903387193,-0.07780742532281748,-0.11544170061488099
2022-07-21,23.11000061035156,0.26166854488403135,0.10346937941021424,0.15848634853384225,0.46252202752260035,0.2200281032873996,0.6225773585374679,0.1031821963501891,-0.05501696912362801,-0.11655872387718537
2022-07-22,23.030000686645508,0.2184091712978017,0.07418163669811487,0.1347474373836407,0.4676740983944602,0.21713502995249312,0.617553279508286,0.08366173391416101,-0.060565800685525834,-0.14295339325437825
2022-07-25,23.36000061035156,0.23857541082921857,0.08767346798368225,0.1313075428945999,0.4773601942960548,0.20731327218769727,0.6095239547755436,0.10726786793461868,-0.04363407491091764,-0.11963980420401502
2022-07-26,24.690000534057617,0.3322421924503036,0.15448661774143055,0.07121584205168104,0.4631253463125002,0.20699173470212137,0.6133224556122037,0.2610263503986226,0.08327077568974951,-0.05250511696069082
2022-07-27,23.239999771118164,0.1694829448294561,0.04115646061447637,0.06509193418409037,0.5108339817870697,0.19173229178409448,0.6131786686320981,0.10439101064536574,-0.023935473569614,-0.15057583116961812
2022-07-28,22.329999923706055,0.17335347627737432,0.041951368650610464,0.06661127674960764,0.5079487349072518,0.19772548059658057,0.6185904784337377,0.10674219952776669,-0.024659908098997173,-0.1557741119459701
2022-07-29,21.329999923706055,0.1186174414957719,0.006054610245534915,0.06848648514289853,0.5099352077946396,0.2011657587005093,0.612714948570238,0.050130956352873374,-0.06243187489736361,-0.19511114845497438
2022-08-01,22.84000015258789,0.17283322992558364,0.045432385744963485,0.06932176381006297,0.49291445989716964,0.1962837356027812,0.6037925119546977,0.10351146611552067,-0.023889378065099484,-0.15085134985781773
2022-08-02,23.93000030517578,0.22436527023166666,0.08337903931915659,0.07439608180157445,0.5092698365518454,0.202197578754601,0.6090582771900709,0.14996918843009222,0.008982957517582144,-0.11881853943544442
2022-08-03,21.950000762939453,0.154951941427581,0.033218700789709024,0.09347265504070347,0.5233858437347619,0.2010815276861223,0.6072443205141853,0.06147928638687754,-0.060253954250994446,-0.1678628268964133
2022-08-04,21.440000534057617,0.13812314008357185,0.02105831080490184,0.09183052719984547,0.5220702362104832,0.18927658596057687,0.5957028323833888,0.04629261288372638,-0.07077221639494363,-0.16821827515567503
2022-08-05,21.149999618530273,0.14998838350380722,0.029059921747223865,0.09071147795293116,0.5017161742430636,0.18353735955639552,0.5771363247299686,0.05927690555087606,-0.061651556205707295,-0.15447743780917167
2022-08-08,21.290000915527344,0.12981357923709355,0.013719910169102036,0.06924728082478368,0.4902801105255539,0.17645440785689429,0.5749668414409874,0.06056629841230987,-0.05552737065568164,-0.16273449768779225
2022-08-09,21.770000457763672,0.15586066774242666,0.03166811152773316,0.06742611855091035,0.46555495260948954,0.1710398737433778,0.5563224616241064,0.0884345491915163,-0.03575800702317719,-0.13937176221564465
2022-08-10,19.739999771118164,0.07293331004720885,-0.02870465850259587,0.07849781158386439,0.4815717551657118,0.17532723966712147,0.5632494901909667,-0.005564501536655539,-0.10720247008646025,-0.20403189816971734
2022-08-11,20.200000762939453,0.0867919305848176,-0.018629446728668352,0.07702611039765617,0.4727594381823233,0.1812531157282577,0.5654306079084275,0.009765820187161434,-0.09565555712632452,-0.19988256245692604
2022-08-12,19.530000686645508,0.058890190797706354,-0.039285262731773476,0.09067914189713043,0.4916254353209828,0.18633914118387876,0.5713231596790972,-0.031788951099424076,-0.1299644046289039,-0.22562440391565225
2022-08-15,19.950000762939453,0.07650027424632196,-0.028446392521256185,0.06817223577779102,0.48591059609932086,0.1920920905286685,0.5654314888084808,0.008328038468530932,-0.09661862829904722,-0.22053848304992468
2022-08-16,19.690000534057617,0.07506546567038917,-0.030136399668906647,0.06839748273698225,0.4904121830793465,0.19344035805316276,0.566383495495776,0.006667982933406924,-0.0985338824058889,-0.22357675772206942
2022-08-17,19.899999618530273,0.10635138716433767,-0.010056852006958047,0.029216886346128415,0.4446029041930022,0.18982837885611833,0.5623337567425264,0.07713450081820926,-0.039273738353086465,-0.19988523086307639
2022-08-18,19.559999465942383,0.11017545765250163,-0.00802211543000237,0.037795002388628304,0.4661993996316426,0.16884719841513937,0.541724564181481,0.07238045526387332,-0.045817117818630675,-0.17686931384514173
2022-08-19,20.600000381469727,0.12405007642934021,0.0029274585244253716,0.03004026754093471,0.4810197247512252,0.16708369252785485,0.5473984208255528,0.0940098088884055,-0.027112809016509337,-0.1641562340034295
2022-08-22,23.799999237060547,0.2430800628201488,0.08969969802754431,0.06742166714187461,0.500878226152634,0.17208688579919243,0.5532053847829682,0.17565839567827418,0.022278030885669695,-0.08238718777164812
2022-08-23,24.11000061035156,0.2569950429882615,0.1001463628935648,0.06931962186418829,0.5006434645252661,0.169004284475448,0.5514231533182314,0.1876754211240732,0.030826741029376506,-0.0688579215818832
2022-08-24,22.81999969482422,0.23270265163484105,0.07949744965089386,0.07175096663923536,0.4885406697559736,0.178579765428816,0.5593449873793434,0.1609516849956057,0.007746483011658506,-0.09908231577792215
2022-08-25,21.780000686645508,0.3166613596003444,0.12827613460086737,0.09429800945082405,0.46635706316872233,0.18174763453566625,0.5631134809666722,0.22236335014952036,0.03397812515004332,-0.05347149993479888
2022-08-26,25.559999465942383,0.34157822096325746,0.15411019953072347,0.11930326346735659,0.5769770192656813,0.1821768231376933,0.5749547111468554,0.22227495749590087,0.03480693606336688,-0.02806662360696982
2022-08-29,26.209999084472656,0.43266259235605814,0.21316192721911237,0.1291422582069381,0.5823519972993627,0.1777493964813065,0.5689097340988846,0.30352033414912005,0.08401966901217428,0.03541253073780587
2022-08-30,26.209999084472656,0.4283575239203049,0.21018639270471057,0.14006078235893973,0.5937082267187995,0.1804460471822691,0.574735923655351,0.2882967415613652,0.07012561034577083,0.02974034552244148
2022-08-31,25.8700008392334,0.4015030989938952,0.19055249000495603,0.1360273189387593,0.5885485010659887,0.17928518305024052,0.5744932369307146,0.2654757800551359,0.054525171066196726,0.011267306954715506
2022-09-01,25.559999465942383,0.38462897851016575,0.16694942061200707,0.09344446260338413,0.5839552434693475,0.1694836918777953,0.5676220854626461,0.2911845159067816,0.07350495800862294,-0.0025342712657882294
2022-09-02,25.469999313354492,0.3711666440409822,0.15797961294139742,0.1026018541915301,0.6019828398469536,0.17189943609543445,0.5664802935791297,0.2685647898494521,0.05537775874986732,-0.013919823154037031
2022-09-06,26.90999984741211,0.44751478328585903,0.2149871341018601,0.1035728139386216,0.6156036146746089,0.1722154379474165,0.5669441290273517,0.3439419693472374,0.1114143201632385,0.042771696154443595
2022-09-07,24.63999938964844,0.3480812450230736,0.14447521977472164,0.16008159066829983,0.62667087836661,0.17721830825853255,0.5676043914348479,0.18799965435477375,-0.015606370893578192,-0.03274308848381091
2022-09-08,23.61000061035156,0.30655821228045543,0.11439992642392793,0.1711300659443654,0.6261714863805027,0.17459303034506538,0.5668015174278807,0.13542814633609004,-0.056730139520437456,-0.06019310392113744
2022-09-09,22.790000915527344,0.3031362179675739,0.1099055948528362,0.1753776458609135,0.6168194325683423,0.16929354316791664,0.5615658375140874,0.1277585721066604,-0.0654720510080773,-0.059387948315080444
2022-09-12,23.8700008392334,0.3366670619682073,0.1378522934426419,0.1760782273944832,0.6226326209046001,0.16253673758449205,0.5474686761198616,0.16058883457372408,-0.03822593395184129,-0.024684444141850143
2022-09-13,27.270000457763672,0.2970549915695164,0.12710725682725915,0.20643731424408154,0.6961162046872806,0.15852338650907155,0.5535104479515026,0.09061767732543488,-0.07933005741682239,-0.0314161296818124
2022-09-14,26.15999984741211,0.25454865274462474,0.09539789475610023,0.2066731741969358,0.6992029850630496,0.15897982807403843,0.5554684703084912,0.04787547854768895,-0.11127527944083555,-0.0635819333179382
2022-09-15,26.270000457763672,0.24681030829048903,0.09137412731154661,0.2069503549678431,0.6695545779663092,0.1623984803983844,0.549664372753943,0.03985995332264594,-0.11557622765629648,-0.07102435308683779
2022-09-16,26.299999237060547,0.2515460200710487,0.09492058156562236,0.21100895001161152,0.6679831385788183,0.14372613711348564,0.5345949098655014,0.040537070059437186,-0.11608836844598916,-0.04880555554786328
2022-09-19,25.760000228881836,0.22953098660899324,0.07899371991817244,0.21326096776635506,0.6694504484919707,0.14579114749813157,0.5399241215289545,0.01627001884263818,-0.1342672478481826,-0.06679742757995913
2022-09-20,27.15999984741211,0.30275353987953074,0.13340250961782613,0.22784651533775963,0.6664680240545184,0.13948629926666806,0.5316792283368662,0.07490702454177112,-0.0944440057199335,-0.006083789648841931
2022-09-21,27.989999771118164,0.3600897555470861,0.17614842273681458,0.23603053743422833,0.6629335127600735,0.14650324264973807,0.5384799010132557,0.12405921811285778,-0.05988211469741375,0.029645180087076506
2022-09-22,27.350000381469727,0.31466284516727844,0.14082437463807365,0.2249804924021931,0.6655284375089278,0.14269699398434244,0.5418188716679431,0.08968235276508535,-0.08415611776411944,-0.0018726193462687835
2022-09-23,29.920000076293945,0.4090802585628531,0.21451657259466972,0.24001019451353575,0.6590515374932009,0.13371356859674435,0.5388014861716848,0.16907006404931738,-0.025493621918866033,0.08080300399792537
2022-09-26,32.2599983215332,0.5345853603594432,0.3095029193872711,0.24507867539981443,0.6281094422580662,0.1365103128375845,0.5424858778549935,0.2895066849596287,0.06442424398745666,0.1729926065496866
2022-09-27,32.599998474121094,0.7611681235327301,0.47358232904971503,0.24600951430976878,0.5880896715616339,0.13606430832588154,0.5462539303043432,0.5151586092229613,0.22757281473994626,0.3375180207238335
2022-09-28,30.18000030517578,0.5906333684861924,0.34671173510469516,0.2675857182934649,0.6146347998209744,0.1459511858410783,0.5546865841496657,0.3230476501927275,0.07912601681123027,0.20076054926361686
2022-09-29,31.84000015258789,0.6142934011754795,0.3686788595972264,0.262691951873341,0.6199958524421525,0.15090307276711823,0.5537859491181759,0.3516014493021385,0.10598690772388542,0.21777578683010818
2022-09-30,31.6200008392334,0.5933975621645748,0.35372177166287155,0.27574174118863426,0.6329324853516817,0.15705720304316645,0.5585599664269387,0.3176558209759406,0.0779800304742373,0.1966645686197051
2022-10-03,30.100000381469727,0.5311334397765897,0.3102965181792299,0.35516668284652975,0.7015527039542914,0.1776929365244626,0.5864593986190686,0.17596675693005992,-0.04487016466729987,0.13260358165476727
2022-10-04,29.06999969482422,0.4299659370186838,0.23670774341265388,0.38588573126591946,0.7324344938813201,0.1946312971325718,0.6003168083791353,0.044080205752764334,-0.14917798785326558,0.042076446280082086
2022-10-05,28.549999237060547,0.41012600364036605,0.22172159604645586,0.3874994468804719,0.7236394992203355,0.19656419935691635,0.5950854695203988,0.022626556759894167,-0.16577785083401603,0.025157396689539507
2022-10-06,30.520000457763672,0.5117380310334658,0.2981674687092528,0.3807451829798206,0.7147145468183604,0.19937294778500778,0.5921919562111835,0.13099284805364525,-0.08257771427056776,0.09879452092424504
2022-10-07,31.36000061035156,0.43543717316615294,0.2448383108009234,0.3488245659326813,0.7340475107786981,0.2014974523693775,0.6021809541222243,0.08661260723347164,-0.10398625513175791,0.04334085843154589
2022-10-10,32.45000076293945,0.49066954166037385,0.2859952640594822,0.34216458165569774,0.7286483231809846,0.20130993251687154,0.6063940635179612,0.1485049600046761,-0.05616931759621552,0.08468533154261068
2022-10-11,33.630001068115234,0.5505073550856766,0.33190555400665994,0.34248902386981345,0.7193481513561837,0.20102625223220177,0.6085109853708379,0.20801833121586316,-0.010583469863153505,0.13087930177445817
2022-10-12,33.56999969482422,0.9029024735916773,0.5833913470068406,0.37051150345108547,0.6515284260266141,0.2033076842781522,0.6137320287732333,0.5323909701405918,0.21287984355575512,0.3800836627286884
2022-10-13,31.940000534057617,0.7129291468153921,0.44328780160051373,0.3938704509852445,0.6757883415510278,0.20691120574318833,0.6161804602345908,0.3190586958301476,0.04941735061526925,0.2363765958573254
2022-10-14,32.02000045776367,0.6380757976220335,0.3887123569045953,0.37967236123633974,0.690541133544418,0.2086238657661058,0.6176747152959283,0.25840343638569374,0.009039995668255585,0.18008849113848951
2022-10-17,31.3700008392334,0.5065594991058712,0.29464595535869703,0.3604658207117071,0.7180740485957361,0.20270647390164775,0.6167521183731088,0.1460936783941641,-0.06581986535301004,0.09193948145704928
2022-10-18,30.5,0.47062211742805404,0.2672126716829822,0.3698731778061901,0.7165653863699821,0.2112550283875454,0.6256208888846166,0.10074893962186393,-0.10266050612320793,0.05595764329543679
2022-10-19,30.760000228881836,0.4894107712867782,0.2811838159824117,0.36865958420804085,0.7139067823713989,0.2101190739398733,0.6233100947215375,0.12075118707873733,-0.08747576822562914,0.0710647420425384
2022-10-20,29.979999542236328,0.47182876684596725,0.2657683469029999,0.3615869027537828,0.7066034290193344,0.22237196244075508,0.6263498425856325,0.11024186409218445,-0.09581855585078292,0.04339638446224481
2022-10-21,29.690000534057617,0.45538970724657113,0.25617792866838607,0.4050542260448161,0.719890180941411,0.2341709334073703,0.6312628378363263,0.05033548120175502,-0.14887629737643004,0.022006995261015766
2022-10-24,29.850000381469727,0.4675798000024793,0.26462223404184837,0.39719692942671353,0.7186152761246738,0.24052117984957774,0.6314718002579733,0.07038287057576575,-0.13257469538486516,0.024101054192270627
2022-10-25,28.459999084472656,0.37914292676439354,0.19841698404171612,0.38308636896895126,0.6988887763761282,0.2583421886636937,0.6242567296959948,-0.003943442204557723,-0.18466938492723514,-0.05992520462197756
2022-10-26,27.280000686645508,0.23648797052989332,0.09982275572696041,0.28142157280568336,0.6479692638631606,0.22146110543111258,0.6026696679490555,-0.04493360227579005,-0.18159881707872294,-0.12163834970415217
2022-10-27,27.38999938964844,0.18408017489530945,0.06812399492776812,0.19838547961081296,0.5897015272253672,0.19564252990486905,0.5676336142333196,-0.014305304715503508,-0.13026148468304483,-0.12751853497710092
2022-10-28,25.75,0.11744825250843544,0.02044123559764195,0.17569283873899555,0.5448173678584525,0.1869066930773052,0.5527000896813262,-0.058244586230560114,-0.1552516031413536,-0.16646545747966326
2022-10-31,25.8799991607666,0.11979739491621991,0.022068656748568657,0.16470727921371847,0.5424257902070844,0.18419053075497227,0.5531356697308744,-0.044909884297498565,-0.1426386224651498,-0.1621218740064036
2022-11-01,25.809999465942383,0.12052292715722927,0.02248563040743386,0.1314621398075866,0.5101798906227454,0.17916720623097093,0.5494327811209541,-0.010939212650357313,-0.10897650940015273,-0.15668157582353706
2022-11-02,25.86000061035156,0.1240878445278998,0.025280717781245774,0.11828809734698459,0.49718243259472206,0.1869250328135386,0.5625510583312621,0.005799747180915207,-0.09300737956573882,-0.16164431503229282
2022-11-03,25.299999237060547,0.09870481486684837,0.007052723604534952,0.11101713878299228,0.4965199490656257,0.1823527332937174,0.5591242566938726,-0.01231232391614391,-0.10396441517845734,-0.17530000968918244
2022-11-04,24.549999237060547,0.06953738113145642,-0.014625620344593441,0.10198719920936636,0.5081660681112526,0.1861809541202856,0.5602978407603527,-0.032449818077909934,-0.1166128195539598,-0.20080657446487904
2022-11-07,24.350000381469727,0.09656479468336263,0.004726291692657818,0.09737449993114008,0.47724458434281114,0.18815107732360206,0.5629290530059656,-0.0008097052477774591,-0.09264820823848227,-0.18342478563094425
2022-11-08,25.540000915527344,0.1282125421228509,0.028228849624252653,0.09941770316279151,0.4764870645219753,0.18751436143610178,0.5582351989927953,0.028794838960059396,-0.07118885353853886,-0.15928551181184913
2022-11-09,26.09000015258789,0.12171026733928646,0.024207300405475033,0.10286498653677038,0.4854227717108021,0.1877631478984079,0.5596637789821644,0.018845280802516073,-0.07865768613129535,-0.16355584749293287
2022-11-10,23.530000686645508,-0.01239301341194533,-0.07251042621817481,0.12439615867081077,0.5411870851293751,0.18625888269431037,0.5803430819390409,-0.1367891720827561,-0.1969065848889856,-0.2587693089124852
2022-11-11,22.520000457763672,-0.02632877816149561,-0.08342022912572163,0.10475518045848324,0.4922054617521919,0.1833769658914395,0.5666273229410096,-0.13108395861997885,-0.18817540958420487,-0.26679719501716115
2022-11-14,23.729999542236328,0.0022751412734435357,-0.062231848742985374,0.10141764069132675,0.4971340038696025,0.1839691853381996,0.5668845045030005,-0.09914249941788321,-0.16364948943431212,-0.24620103408118496
2022-11-15,24.540000915527344,0.027279077738077535,-0.04446194590153775,0.09340179159376434,0.46701659843009546,0.18444730314223268,0.5635172339823102,-0.0661227138556868,-0.1378637374953021,-0.2289092490437704
2022-11-16,24.11000061035156,0.015480665185705834,-0.05361202829567559,0.08501358524632363,0.46094129996514904,0.18278525068001228,0.5611178577555381,-0.0695329200606178,-0.1386256135419992,-0.23639727897568785
2022-11-17,23.93000030517578,0.01182567616139564,-0.056518913562691835,0.08271032967366464,0.4710021959908868,0.18416437838217395,0.5598154744849425,-0.070884653512269,-0.13922924323635646,-0.2406832919448658
2022-11-18,23.1200008392334,-0.0021186396048465655,-0.06683354546045223,0.07996529577902364,0.4694156303422523,0.18140693332959337,0.5537779965155859,-0.08208393538387021,-0.14679884123947587,-0.2482404787900456
2022-11-21,22.36000061035156,-0.012490635072880328,-0.07552972322529497,0.059618282353142045,0.466664362830259,0.1805240671387096,0.557696209978568,-0.07210891742602238,-0.135148005578437,-0.25605379036400455
2022-11-22,21.290000915527344,-0.032890430161148454,-0.09069832958558993,0.05635764289723838,0.4755346383605371,0.18014455148929634,0.5612103847898193,-0.08924807305838683,-0.1470559724828283,-0.2708428810748863
2022-11-23,20.350000381469727,-0.04296522355774365,-0.0979551646293843,0.05287964653310968,0.47877853259559255,0.17929834858786367,0.557928622359581,-0.09584487009085332,-0.15083481116249398,-0.277253513217248
2022-11-25,20.5,-0.02438190265795324,-0.0873238704203657,0.07876533449586993,0.5095550217088929,0.17590407870582564,0.5431629447249884,-0.10314723715382318,-0.16608920491623563,-0.26322794912619135
2022-11-28,22.209999084472656,0.02480096563420268,-0.05740322103955694,0.12253944999034441,0.5521637008901218,0.1791449438378815,0.5466866896069789,-0.09773848435614173,-0.17994267102990136,-0.23654816487743843
2022-11-29,21.88999938964844,0.04706040025002786,-0.044009729088867244,0.12963728608488523,0.5693060343405496,0.17668060803252544,0.5450409595528215,-0.08257688583485737,-0.17364701517375247,-0.2206903371213927
2022-11-30,20.579999923706055,-0.014434493155609069,-0.08704691202907608,0.13582641934032635,0.6048740420665897,0.1751661854918176,0.5566590712674209,-0.15026091249593543,-0.22287333136940243,-0.26221309752089367
2022-12-01,19.84000015258789,-0.023885648955171958,-0.0952155985705179,0.1455924024302994,0.6225962734116883,0.18413377841207748,0.5618780542286699,-0.16947805138547134,-0.24080800100081728,-0.2793493769825954
2022-12-02,19.059999465942383,-0.030716370531793123,-0.10229696728066161,0.12517272631212753,0.6007607695812788,0.1830274315853166,0.5621290830999529,-0.15588909684392066,-0.22746969359278912,-0.2853243988659782
2022-12-05,20.75,0.011852049884886673,-0.07225856200377366,0.15129463417222633,0.6271289105908153,0.1884345684938227,0.5629913788791951,-0.13944258428733966,-0.223553196176,-0.26069313049759635
2022-12-06,22.170000076293945,0.04828778948917954,-0.04472161022858368,0.15526351085714218,0.633708632131437,0.18242694061970108,0.5639969024750969,-0.10697572136796264,-0.19998512108572586,-0.22714855084828475
2022-12-07,22.68000030517578,0.06382620207288181,-0.03432426891660594,0.15442507219154109,0.6289497456379204,0.181680722492324,0.5636555599596516,-0.09059887011865927,-0.18874934110814703,-0.21600499140892995
2022-12-08,22.290000915527344,0.040929946662984336,-0.0518310426432436,0.14029713006727146,0.6238196040795415,0.17478072605894976,0.5611597423618457,-0.09936718340428713,-0.19212817271051505,-0.22661176870219335
2022-12-09,22.829999923706055,0.07387873498579547,-0.028880414303815802,0.14011618831324596,0.6315932399615349,0.17565382228936746,0.5607443345245127,-0.06623745332745049,-0.16899660261706176,-0.20453423659318326
2022-12-12,25.0,0.42569102791665553,0.21203198850004704,0.10660061951558769,0.5372487419172722,0.1671179308382331,0.5327800025846255,0.31909040840106784,0.10543136898445934,0.044914057661813944
2022-12-13,22.549999237060547,0.31982327730125804,0.13116187657582515,0.11063985166205888,0.5641849483297744,0.16524134305990057,0.5323784767987991,0.20918342563919917,0.02052202491376627,-0.03407946648407542
2022-12-14,21.13999938964844,0.25393532691934967,0.08160286353795732,0.10577916386998625,0.566252034532992,0.16456777445885598,0.5377783736918643,0.1481561630493634,-0.02417630033202893,-0.08296491092089867
2022-12-15,22.829999923706055,0.26724546035036056,0.09886167884824032,0.12950143705240807,0.6279968227023223,0.1673704403474744,0.548156991017522,0.1377440232979525,-0.030639758204167755,-0.06850876149923407
2022-12-16,22.6200008392334,0.27023697029672084,0.10149874070335653,0.1488231401067024,0.636346769439049,0.16887395557542187,0.547856156211521,0.12141383019001845,-0.04732439940334586,-0.06737521487206534
2022-12-19,22.420000076293945,0.24952607702598467,0.08790579710808777,0.14704057777972038,0.6320934379525374,0.16630267225626397,0.5485049397017804,0.1024854992462643,-0.05913478067163261,-0.0783968751481762
2022-12-20,21.479999542236328,0.21304151165877935,0.06094421260415785,0.14649560408349196,0.6431231472668849,0.16143859003249833,0.5447096985557472,0.06654590757528739,-0.0855513914793341,-0.10049437742834047
2022-12-21,20.06999969482422,0.15418854996194625,0.01802498457410443,0.1651791693429121,0.6551887966476813,0.1671110028717955,0.5511580053741268,-0.01099061938096585,-0.14715418476880768,-0.14908601829769108
2022-12-22,21.969999313354492,0.19346833134912986,0.0474981369539171,0.13767526484020098,0.6530315755036558,0.15638707688011774,0.5543405311619073,0.055793066508928874,-0.09017712788628388,-0.10888893992620063
2022-12-23,20.8700008392334,0.15702683407349546,0.021355421464056917,0.14117745034951729,0.6468419960873447,0.15545822809412285,0.55509929712106,0.015849383723978178,-0.11982202888546037,-0.13410280663006593
2022-12-27,21.649999618530273,0.1500925548449473,0.015213512863349387,0.10965328681261233,0.6357042837319532,0.14727867244741055,0.5530526489613453,0.04043926803233497,-0.09443977394926294,-0.13206515958406118
2022-12-28,22.13999938964844,0.17329336834102904,0.03181420184970053,0.10437124884604997,0.6301513095644519,0.14415074546826953,0.549964350555056,0.06892211949497908,-0.07255704699634943,-0.112336543618569
2022-12-29,21.440000534057617,0.12897119363880186,0.001010564574757887,0.11720906189164271,0.6539441595284095,0.14324571244543222,0.5487962938073468,0.011762131747159149,-0.11619849731688482,-0.14223514787067432
2022-12-30,21.670000076293945,0.25413161097021597,0.08152044622367863,0.10874446658819219,0.5955159145218656,0.14024500191809253,0.5467806737340324,0.14538714438202377,-0.02722402036451356,-0.0587245556944139
2023-01-03,22.899999618530273,0.2879894770274432,0.10916059380387946,0.09697835251275493,0.5622746860297733,0.1277824911911865,0.529117324084711,0.19101112451468827,0.012182241291124538,-0.018621897387307046
2023-01-04,22.010000228881836,0.22692369812901605,0.06696752090190686,0.08979970340824996,0.519961673648587,0.11262588262550749,0.5094602380953375,0.13712399472076608,-0.0228321825063431,-0.04565836172360063
2023-01-05,22.459999084472656,0.2370882473219137,0.07393094967809584,0.06058769981216056,0.518502822381533,0.1124568134152198,0.5113720691357025,0.17650054750975314,0.013343249865935276,-0.038525863737123967
2023-01-06,21.1299991607666,0.18607247216895725,0.0346248780584762,0.09611814548010582,0.5396784574838617,0.1170012563395472,0.5190752116855335,0.08995432668885144,-0.06149326742162962,-0.082376378281071
2023-01-09,21.969999313354492,0.20471870926664154,0.04728136936979619,0.08252069573144226,0.5248112912854923,0.11120511447265234,0.5005741836429074,0.12219801353519928,-0.03523932636164607,-0.06392374510285614
2023-01-10,20.579999923706055,0.17523136803575748,0.027139668410791032,0.10419799007532916,0.5297168065257455,0.11209213524551837,0.49930269175140335,0.07103337796042831,-0.07705832166453813,-0.08495246683472733
2023-01-11,21.09000015258789,0.17139693153846242,0.028940757615493785,0.09742042875018277,0.5311062464226973,0.11158049535641153,0.5010121109491711,0.07397650278827965,-0.06847967113468897,-0.08263973774091773
2023-01-12,18.829999923706055,0.09511198607743822,-0.02773091426373214,0.0810704324176079,0.5189212144209304,0.11022739933145453,0.5016389544358891,0.014041553659830314,-0.10880134668134005,-0.13795831359518668
2023-01-13,18.350000381469727,0.08449409823117589,-0.03618744372468338,0.08212785879120557,0.5101645900663685,0.09950987122828628,0.4921615289284085,0.0023662394399703163,-0.11831530251588895,-0.13569731495296966
2023-01-17,19.36000061035156,0.10915894128424863,-0.018782081061695897,0.06788524645193512,0.4947787460656504,0.09309017228943499,0.4901359995690305,0.04127369483231351,-0.08666732751363102,-0.11187225335113088
2023-01-18,20.34000015258789,0.1958868549302488,0.03744525353656092,0.06201911125424139,0.43697676615007,0.09322318781917963,0.4779052364330951,0.1338677436760074,-0.024573857717680468,-0.05577793428261871
2023-01-19,20.520000457763672,0.1952039852848822,0.03730321267237814,0.04504278016072903,0.413135581188265,0.08909379375768119,0.4735343135034522,0.15016120512415315,-0.00773956748835089,-0.051790581085303045
2023-01-20,19.850000381469727,0.12389157644937532,-0.012064313562268962,0.04347821607981525,0.44296249583665,0.08646952499851747,0.4828872724975491,0.08041336036956007,-0.05554252964208421,-0.09853383856078643
2023-01-23,19.809999465942383,0.08609562844997623,-0.04062610762573263,0.027046744595872665,0.44319424184972633,0.0802814937314583,0.48309569259571716,0.05904888385410356,-0.0676728522216053,-0.12090760135719093
2023-01-24,19.200000762939453,0.0709762029077123,-0.0523335884141632,0.008560018249292633,0.4196859101748477,0.06945706319496035,0.4779290421737295,0.062416184658419666,-0.06089360666345583,-0.12179065160912356
2023-01-25,19.079999923706055,0.10664551829893962,-0.026776990889633364,0.01884078767028874,0.36884716533542067,0.06622917506454029,0.4765686729830787,0.08780473062865088,-0.045617778559922106,-0.09300616595417366
2023-01-26,18.729999542236328,0.08213748568611808,-0.04187252809257942,0.020240502079202763,0.3812032066771361,0.06507375221828884,0.4779307855573689,0.06189698360691531,-0.062113030171782185,-0.10694628031086827
2023-01-27,18.510000228881836,0.10269620115740183,-0.02443361655913461,0.04487287242006774,0.3753513834800111,0.0780094819337384,0.49080421185958767,0.05782332873733409,-0.06930648897920234,-0.102443098492873
2023-01-30,19.940000534057617,0.13016518988074294,-0.005604654404545539,0.024149521885905273,0.3970306397141106,0.09258290955204754,0.5240406025392994,0.10601566799483766,-0.029754176290450813,-0.09818756395659307
2023-01-31,19.399999618530273,0.12829298633411357,-0.00881606634455541,0.025192083799446607,0.38894570511220533,0.0993729205765462,0.5415364761016586,0.10310090253466696,-0.03400815014400202,-0.10818898692110161
2023-02-01,17.8700008392334,0.04093987906628733,-0.0726122683186907,0.008091159361820035,0.38246600517785156,0.0952310619819721,0.539812881535584,0.032848719704467295,-0.08070342768051074,-0.1678433303006628
2023-02-02,18.729999542236328,0.017620760071819147,-0.07282634087447319,-0.012594742669465146,0.31686968886153905,0.08198457663062007,0.5021907263994125,0.030215502741284293,-0.06023159820500805,-0.15481091750509327
2023-02-03,18.329999923706055,0.0003571594002138787,-0.08328571999437871,-0.014606741548693479,0.3094669411273788,0.06814242615215364,0.47814023573755704,0.014963900948907358,-0.06867897844568524,-0.15142814614653236
2023-02-06,19.43000030517578,0.033649643748492705,-0.059701987641437505,-0.01672373359800732,0.29538951260825713,0.07112912962717849,0.48227174937039724,0.05037337734650002,-0.042978254043430184,-0.130831117268616
2023-02-07,18.65999984741211,0.007982413094719932,-0.07815463301959846,-0.04922439129365203,0.3020480514410429,0.06912056041437552,0.4867824101510304,0.057206804388371967,-0.02893024172594643,-0.147275193433974
2023-02-08,19.6299991607666,0.025463641099863776,-0.06292474486945013,-0.04302205860471632,0.3158908313837179,0.06481638461979787,0.4803586153185713,0.0684856997045801,-0.019902686264733807,-0.12774112948924798
2023-02-09,20.709999084472656,0.04893719078629666,-0.04551445881160047,-0.04325297995754415,0.322525682853569,0.06428708426310983,0.4792468880752852,0.09219017074384081,-0.002261478854056316,-0.1098015430747103
2023-02-10,20.530000686645508,0.044770462566820976,-0.05082966873917158,-0.056575019487013656,0.29376999086988415,0.05765839946861486,0.4666583683402857,0.10134548205383463,0.005745350747842076,-0.10848806820778645
2023-02-13,20.34000015258789,0.037992206452077314,-0.054563596342598955,-0.04765622676722324,0.29674958601187557,0.030236822882398894,0.4157319240202712,0.08564843321930055,-0.006907369575375716,-0.08480041922499784
2023-02-14,18.90999984741211,-0.002892460334008299,-0.0854241302141444,-0.05480987079885366,0.2995182985203566,0.027231390504506972,0.4190889722406832,0.05191741046484536,-0.030614259415290737,-0.11265552071865137
2023-02-15,18.229999542236328,-0.01252905924055216,-0.09175988580219852,-0.048982799080334344,0.2970163286651721,0.02501128458145917,0.41574814227294427,0.03645373983978219,-0.04277708672186417,-0.11677117038365768
2023-02-16,20.170000076293945,0.028537439177665505,-0.06259180606460131,-0.05768063819294779,0.28776904804482945,0.02741120621973838,0.4233842600876396,0.0862180773706133,-0.004911167871653521,-0.09000301228433968
2023-02-17,20.020000457763672,0.0274356035049393,-0.06323193138122082,-0.059074123567236445,0.2940837065824338,0.027734489051469552,0.42163164389003377,0.08650972707217575,-0.004157807813984379,-0.09096642043269038
2023-02-21,22.8700008392334,0.12164332875690081,0.006135510293983994,-0.041828177023136105,0.307027964746504,0.03696682661678869,0.4307094307655213,0.1634715057800369,0.0479636873171201,-0.030831316322804697
2023-02-22,22.290000915527344,0.1346421703680865,0.015920061301642828,-0.033597510283470716,0.30402503657980107,0.036883338286944053,0.4330109417544755,0.16823968065155723,0.049517571585113544,-0.020963276985301225
2023-02-23,21.13999938964844,0.03143330867625054,-0.06440924107863345,-0.08369149793070801,0.2980262464120938,0.012473228134839367,0.4246830325585442,0.11512480660695856,0.01928225685207456,-0.07688246921347282
2023-02-24,21.670000076293945,0.04218806761104548,-0.055749968727393406,-0.07640729062597912,0.29701704569593657,0.012558917277403967,0.4178206877498271,0.1185953582370246,0.020657321898585712,-0.06830888600479737
2023-02-27,20.950000762939453,0.03023462072088164,-0.06596398511729248,-0.08146859748200458,0.28406475247370877,0.013039352764208293,0.4164907906153115,0.11170321820288621,0.015504612364712095,-0.07900333788150078
2023-02-28,20.700000762939453,0.028355864632391457,-0.06778277541687809,-0.07819559690440435,0.2880947761279911,0.013981774168494112,0.41725951207758166,0.1065514615367958,0.010412821487526258,-0.0817645495853722
2023-03-01,20.579999923706055,0.04015192258477817,-0.05897138992792867,-0.0786865709700284,0.2676466499634469,0.00783334713808013,0.4098674579850341,0.11883849355480658,0.01971518104209973,-0.0668047370660088
2023-03-02,19.59000015258789,0.014362497328670782,-0.07848280004023063,-0.09147360606889986,0.23404048992385512,0.008917576044278824,0.41198467704337216,0.10583610339757064,0.012990806028669227,-0.08740037608450946
2023-03-03,18.489999771118164,-0.0020023505084558043,-0.08673639010102814,-0.06907994606340452,0.26911224685133567,0.0017964073439767794,0.39113321394904166,0.06707759555494872,-0.01765644403762362,-0.08853279744500492
2023-03-06,18.61000061035156,0.05166948180488117,-0.06569859066896981,-0.06654589607274204,0.3516402626533329,0.0011381940989464397,0.38833577742158626,0.1182153778776232,0.0008473054037722305,-0.06683678476791625
2023-03-07,19.59000015258789,0.11499053497618691,-0.027678058032581044,-0.040737325058592906,0.41260190790626666,0.008653417628033188,0.39332950408655465,0.1557278600347798,0.013059267026011862,-0.03633147566061423
2023-03-08,19.11000061035156,0.09091663437089736,-0.04667973466308059,-0.0504834470975042,0.41315863003231973,-0.0029102495867601363,0.38635315121265207,0.14140008146840155,0.003803712434423609,-0.043769485076320454
2023-03-09,22.61000061035156,0.27043329426394075,0.08284375928573387,-0.011956479940416256,0.38555155028261195,0.0038985007231929075,0.385349179049265,0.282389774204357,0.09480023922615012,0.07894525856254096
2023-03-10,24.799999237060547,0.4531358315481438,0.20843797089129218,0.02103272541401887,0.3995005727870472,0.009987543802599254,0.38330236994655037,0.43210310613412495,0.1874052454772733,0.19845042708869293
2023-03-13,26.520000457763672,0.5946553371699199,0.3097700964427709,0.01788317259426307,0.40094610577320366,0.014130664874073953,0.37865946399597866,0.5767721645756568,0.29188692384850784,0.295639431568697
2023-03-14,23.729999542236328,0.3739523164060757,0.15383261110340798,0.04477590909967267,0.4643062890557376,0.015375115635624199,0.38550779838528515,0.329176407306403,0.10905670200373532,0.1384574954677838
2023-03-15,26.13999938964844,0.5156248793267032,0.2616959200569543,0.036093351876147664,0.4037996763678838,0.011410847646133732,0.36724880369037616,0.47953152745055555,0.22560256818080665,0.25028507241082054
2023-03-16,22.989999771118164,0.2843710129567505,0.09942600963553533,0.054691153378543265,0.45475233032189466,0.013607929482647415,0.3775550504321935,0.22967985957820722,0.04473485625699206,0.08581808015288792
2023-03-17,25.510000228881836,0.40451913618554064,0.19070342822421008,0.07015234213747962,0.449823557997747,0.01690652116717447,0.3738783809284999,0.334366794048061,0.12055108608673046,0.1737969070570356
2023-03-20,24.149999618530273,0.35043066854650456,0.1501403919201231,0.06680904697831072,0.4187884268127843,0.00810649111589631,0.3457162092996035,0.2836216215681938,0.08333134494181238,0.1420339008042268
2023-03-21,21.3799991607666,0.2130353654587411,0.05152262666520459,0.08318725000184225,0.46562029868030397,0.008417979711599466,0.35159770567963994,0.12984811545689884,-0.031664623336637665,0.04310464695360512
2023-03-22,22.260000228881836,0.2775909369031648,0.09662829157753057,0.08587615797716597,0.4575584977655242,0.017136452472364273,0.3569561040540655,0.1917147789259988,0.010752133600364602,0.0794918391051663
2023-03-23,22.61000061035156,0.2801370149046817,0.0995178800697754,0.07783123290541424,0.450214061105797,0.01564849013422359,0.3557270470975214,0.20230578199926744,0.021686647164361153,0.0838693899355518
2023-03-24,21.739999771118164,0.42404024863290923,0.20962255830649884,0.22123184789253408,0.47312598262502575,0.011392279117075976,0.3494788626162525,0.20280840074037515,-0.011609289586035243,0.19823027918942288
2023-03-27,20.600000381469727,0.3673280387405238,0.16765147986941162,0.20791630063568511,0.437872042168817,0.013902531153176563,0.33107820977161084,0.15941173810483866,-0.040264820766273496,0.15374894871623507
2023-03-28,19.969999313354492,0.3331092763983324,0.14303064310977703,0.20630307938187417,0.43413492581478436,0.013237852726702987,0.3315097872134751,0.1268061970164582,-0.06327243627209714,0.12979279038307404
2023-03-29,19.1200008392334,0.2721966883944321,0.10086245266337111,0.22080810671984819,0.4374300740580312,0.02755212601264065,0.3339481277609702,0.05138858167458393,-0.11994565405647707,0.07331032665073046
2023-03-30,19.020000457763672,0.27348259587265783,0.10146904481687034,0.229223687653436,0.43984002067404165,0.024478866296106475,0.33205730010829043,0.04425890821922182,-0.12775464283656568,0.07699017852076387
2023-03-31,18.700000762939453,0.25705326312283794,0.0904887904489896,0.24865117304710982,0.4481901158443409,0.024282672879756717,0.32748112400753365,0.00840209007572812,-0.1581623825981202,0.06620611756923288
2023-04-03,18.549999237060547,0.28801866089361294,0.10901413172812809,0.24747597057905713,0.41001488597020236,0.024121539277224775,0.3265499554228033,0.04054269031455582,-0.13846183885092905,0.0848925924509033
2023-04-04,19.0,0.31766261173091404,0.12934064238017975,0.2581775368822924,0.4214297320240555,0.027262139740969624,0.3340637801766035,0.059485074848621644,-0.12883689450211264,0.10207850263921013
2023-04-05,19.079999923706055,0.3168062694752003,0.1288488208292348,0.21546693425976624,0.3726433854088937,0.027744973009293836,0.33751339522150803,0.10133933521543406,-0.08661811343053144,0.10110384781994096
2023-04-06,18.399999618530273,0.2799442837246123,0.1042791080208168,0.2165289873327052,0.3764211540479866,0.025072092515651897,0.33293295895842095,0.06341529639190707,-0.1122498793118884,0.0792070155051649
2023-04-10,18.969999313354492,0.3279292316862553,0.13654161188314684,0.17340383871048712,0.31859274604811716,0.010928702803628378,0.32675239177668586,0.1545253929757682,-0.03686222682734028,0.12561290907951847
2023-04-11,19.100000381469727,0.34007186968990105,0.14492421825014054,0.14101068480171638,0.30854141927833767,0.014332662585441826,0.32698548354966667,0.19906118488818467,0.003913533448424156,0.1305915556646987
2023-04-12,19.09000015258789,0.3378441515810076,0.14234684304129366,0.14132275964311014,0.31840645843586024,0.012928515034155654,0.3267454174406102,0.19652139193789747,0.001024083398183523,0.129418328007138
2023-04-13,17.799999237060547,0.29537516242297046,0.11162628486012069,0.14442528055277942,0.3019737382719464,0.01388299836912285,0.32500305213537606,0.15094988187019104,-0.03279899569265873,0.09774328649099784
2023-04-14,17.06999969482422,0.2624071204670091,0.0876038856904035,0.1419582661833024,0.29692920046088767,0.01463117274911134,0.31412785121848175,0.12044885428370669,-0.054354380492898896,0.07297271294129216
2023-04-17,16.950000762939453,0.36490634858562543,0.15168885141696534,0.15963604199849454,0.2410133285753398,0.015200935204402145,0.3133269882707207,0.20527030658713089,-0.007947190581529207,0.1364879162125632
2023-04-18,16.829999923706055,0.3649867282821659,0.1479480338007199,0.13005285048618884,0.2369196327641891,0.017993767923124928,0.3139744701105422,0.23493387779597705,0.017895183314531077,0.12995426587759498
2023-04-19,16.459999084472656,0.3592918817934922,0.14094093662511117,0.11778738715831404,0.2584441136399586,0.009368204171606895,0.3040395083440689,0.24150449463517815,0.023153549466797138,0.1315727324535043
2023-04-20,17.170000076293945,0.4274701443820233,0.18500306904481956,0.09118274542671848,0.22670095166346724,0.009874541111858594,0.3075339767711408,0.3362873989553048,0.09382032361810108,0.17512852793296096
2023-04-21,16.770000457763672,0.4068866619901369,0.16923449022747378,0.019960888724382817,0.18245287710951175,0.008507996736721809,0.2950951164869769,0.38692577326575406,0.14927360150309096,0.16072649349075196
2023-04-24,16.889999389648438,0.4526326643599791,0.19878865932705087,0.03302081743010999,0.19761684342976246,0.01401423807508826,0.2934749740703547,0.41961184692986914,0.16576784189694088,0.1847744212519626
2023-04-25,18.760000228881836,0.5332326195242174,0.26206007587345315,0.06566254897688721,0.264845539355043,0.021288276857201516,0.30195347924350463,0.4675700705473302,0.19639752689656592,0.24077179901625162
2023-04-26,18.84000015258789,0.45674230762217577,0.21375770229207422,0.03811521900161167,0.2307098012825708,0.016492910251507578,0.2900404513513019,0.4186270886205641,0.17564248329046256,0.19726479204056663
2023-04-27,17.030000686645508,0.23470478780744733,0.0724566089637039,0.06576279102583849,0.26882806343736865,0.022437928918373477,0.3014087652458325,0.16894199678160884,0.006693817937865415,0.05001868004533042
2023-04-28,15.779999732971191,0.1829156677143021,0.03534371904855135,0.04634867151986819,0.25471960886186856,0.025958995912907432,0.30171189879826044,0.1365669961944339,-0.011004952471316838,0.00938472313564392
2023-05-01,16.079999923706055,0.17525225885887663,0.031086183198951716,0.027143717848850654,0.24158228481771288,0.025157453627044215,0.2882664553183937,0.14810854101002596,0.003942465350101062,0.005928729571907501
2023-05-02,17.780000686645508,0.2550467453675619,0.08721813967434965,0.01679996695417204,0.25179211810247054,0.022203747849794186,0.2846095065992837,0.23824677841338984,0.07041817272017761,0.06501439182455546
2023-05-03,18.34000015258789,0.28537713799619385,0.10756398359274615,0.021820668908835748,0.2619627144299003,0.029347894323412522,0.2894215415997457,0.2635564690873581,0.0857433146839104,0.07821608926933363
2023-05-04,20.09000015258789,0.379893129043681,0.1761815820178028,0.026663894553330476,0.26931867909704466,0.04902368033696511,0.3245671214707707,0.35322923449035054,0.1495176874644723,0.12715790168083768
2023-05-05,17.190000534057617,0.19145979680653885,0.044621227711886396,0.05553373203091009,0.3098330402807083,0.061108579661137204,0.3422903603616184,0.13592606477562877,-0.010912504319023693,-0.016487351949250807
2023-05-08,16.979999542236328,0.19387982777343848,0.04451323440976432,0.060050452571474594,0.3121488473918041,0.059435024530582664,0.34258624954960243,0.1338293752019639,-0.015537218161710276,-0.014921790120818346
2023-05-09,17.709999084472656,0.23190535409851368,0.07088283903204169,0.06591065221945062,0.3201296761834488,0.064271229019066,0.33182242999715456,0.16599470187906307,0.004972186812591067,0.006611610012975694
2023-05-10,16.940000534057617,0.183188849027871,0.038325063195068704,0.060689025059516614,0.31243522551233277,0.06760232646153722,0.331190367565746,0.12249982396835438,-0.02236396186444791,-0.029277263266468512
2023-05-11,16.93000030517578,0.17469450723028035,0.033793734439963516,0.0538519903837339,0.29983800503881947,0.06475130822921885,0.32649271017411075,0.12084251684654645,-0.020058255943770385,-0.03095757378925533
2023-05-12,17.030000686645508,0.20820620453294056,0.053677885960143924,0.04470200808336518,0.27880108973757667,0.07075042783802284,0.3339812173052626,0.16350419644957537,0.008975877876778747,-0.017072541877878912
2023-05-15,17.1200008392334,0.21848727825145156,0.05772167009705134,0.04642995429098609,0.31826206307158744,0.06756230158168212,0.32982448036211465,0.17205732396046547,0.01129171580606525,-0.009840631484630782
2023-05-16,17.989999771118164,0.2600658540986403,0.08738387471940064,0.05151575839275288,0.32545692482092614,0.07564320114183393,0.33000849292311857,0.20855009570588742,0.035868116326647756,0.01174067357756671
2023-05-17,16.8700008392334,0.19738648557532235,0.04391547675754766,0.06953678557298197,0.35138425902745857,0.08064668194449427,0.3390423544315472,0.12784970000234036,-0.025621308815434313,-0.036731205186946614
2023-05-18,16.049999237060547,0.13305186721157958,-0.0012479641993828022,0.06078026827828573,0.3655101636995006,0.07335102885056165,0.33194316193750917,0.07227159893329385,-0.06202823247766853,-0.07459899304994445
2023-05-19,16.809999465942383,0.17316287751636758,0.0269932943151389,0.0632378431150201,0.3669136754414836,0.07581487412501087,0.33473868082358205,0.10992503440134747,-0.036244548799881204,-0.048821579809871965
2023-05-22,17.209999084472656,0.19086797014685955,0.03939311380307899,0.06322068437080236,0.3688891252398921,0.06177959535206568,0.31873932809524386,0.1276472857760572,-0.023827570567723368,-0.02238648154898669
2023-05-23,18.530000686645508,0.2399325933743799,0.07563807259704351,0.07562385541005377,0.3773178885270874,0.0658855293340629,0.32028243040316384,0.1643087379643261,1.421718698974006e-05,0.009752543262980612
2023-05-24,20.030000686645508,0.3413701771185085,0.1468341911225996,0.0593686146291058,0.34754619282360727,0.12123435021301839,0.332121867494571,0.28200156248940267,0.08746557649349379,0.025599840909581215
2023-05-25,19.13999938964844,-0.024306951311507875,-0.14633682473028847,-0.17664237784695455,0.34750720323069906,-0.006911288209888993,0.298990794885548,0.15233542653544668,0.03030555311666608,-0.1394255365203995
2023-05-26,17.950000762939453,-0.0630253018136502,-0.19585066551032854,-0.2268682294538154,0.29176471924643893,-0.002885292543997906,0.3025180084164196,0.16384292764016523,0.03101756394348687,-0.19296537296633062
2023-05-30,17.459999084472656,-0.08396438729927101,-0.21385166128713223,-0.24142371369099624,0.29860031972396633,-0.00509810218568789,0.30272796146410663,0.15745932639172522,0.02757205240386401,-0.20875355910144433
2023-05-31,17.940000534057617,-0.07522716966555816,-0.21159798944442168,-0.24870855131212358,0.3150102444699842,-0.00969746053909385,0.30191464121984696,0.1734813816465654,0.0371105618677019,-0.20190052890532784
2023-06-01,15.649999618530272,-0.16824165770116456,-0.27803225816812555,-0.26123693161900763,0.317265320660406,-0.01203014993938429,0.3078308427930583,0.09299527391784307,-0.016795326549117917,-0.26600210822874126
2023-06-02,14.600000381469728,-0.20048251418238278,-0.29890583028640644,-0.23870830115894928,0.28727962865265977,-0.010248259682147782,0.299828187027668,0.038225786976566506,-0.060197529127457156,-0.2886575706042587
2023-06-05,14.729999542236328,-0.19720501040692331,-0.2974861276415429,-0.24573341790852982,0.2665621844246939,-0.009098514801007004,0.30308111344852934,0.0485284075016065,-0.0517527097330131,-0.28838761284053593
2023-06-06,13.960000038146973,-0.22943505690794544,-0.3347159243432226,-0.30593157335494786,0.24806506739955805,-0.019399545882243005,0.28990240746475643,0.07649651644700242,-0.028784350988274754,-0.3153163784609796
2023-06-07,13.9399995803833,-0.22134142253658695,-0.3159579658783328,-0.2880609641150716,0.2508023086994492,-0.02131472914026975,0.2904573875376312,0.06671954157848464,-0.02789700176326121,-0.29464323673806303
2023-06-08,13.649999618530272,-0.22921578330990036,-0.3193129526885105,-0.28393729377888116,0.2411277929939468,-0.03435517488403873,0.2733817609420858,0.0547215104689808,-0.03537565890962935,-0.2849577778044718
2023-06-09,13.829999923706056,-0.2302750860860643,-0.3285226435040847,-0.29704877214240744,0.2525342703979246,-0.0422728686109681,0.2713921613723235,0.06677368605634312,-0.031473871361677286,-0.28624977489311665
2023-06-12,15.010000228881836,-0.19208310031975054,-0.30440494462546525,-0.28859001142547025,0.25660300489568005,-0.039475482128735605,0.2723222511285251,0.09650691110571971,-0.015814933199994996,-0.26492946249672966
2023-06-13,14.609999656677246,-0.214080484899202,-0.3221100886169831,-0.2910010660613286,0.2526969166077176,-0.0463530140393155,0.26175796412121766,0.07692058116212658,-0.03110902255565451,-0.27575707457766757
2023-06-14,13.880000114440918,-0.24492306593078725,-0.34349458969622326,-0.2981272432423596,0.2538222122276052,-0.05183205154474885,0.26745314474149684,0.05320417731157237,-0.045367346453863644,-0.2916625381514744
2023-06-15,14.5,-0.22150165572513286,-0.3243296181477235,-0.27897170243929914,0.2740988401285406,-0.050989592708124344,0.25383645421379936,0.05747004671416628,-0.045357915708424346,-0.2733400254395991
2023-06-16,13.539999961853027,-0.2498821831058302,-0.34482805038333464,-0.2960525108916931,0.2734509025713583,-0.057327993043973124,0.25839521077417416,0.046170327785862886,-0.04877553949164154,-0.2875000573393615
2023-06-20,13.880000114440918,-0.23450611994790482,-0.3366834589122354,-0.3027316334554022,0.2560891734147399,-0.061363228056581426,0.2637539039426298,0.06822551350749739,-0.03395182545683317,-0.27532023085565394
2023-06-21,13.199999809265137,-0.25414742565535464,-0.34735262525497496,-0.29624524358605414,0.25273701760643946,-0.06823860069622648,0.25172919885154993,0.0420978179306995,-0.051107381668920815,-0.27911402455874845
2023-06-22,12.90999984741211,-0.2542982653247889,-0.3399862699096702,-0.2842044136797494,0.23408306585374,-0.08314878958020201,0.2355794788992194,0.029906148354960527,-0.05578185622992077,-0.2568374803294682
2023-06-23,13.4399995803833,-0.24454213361068436,-0.3382311225193929,-0.3008397544443422,0.2282118462446326,-0.07954101431283352,0.24080523094534023,0.05629762083365783,-0.037391368075050724,-0.2586901082065594
2023-06-26,14.25,-0.21983765459810756,-0.315872682460123,-0.30160811878883353,0.23153964987461867,-0.08410874135702126,0.24359088251433908,0.08177046419072598,-0.014264563671289476,-0.23176394110310175
2023-06-27,13.739999771118164,0.07043890091840839,-0.07265389303702316,-0.02489830361684526,0.27701848065700835,-0.07979459179702691,0.2535686160423248,0.09533720453525366,-0.0477555894201779,0.007140698760003755
2023-06-28,13.43000030517578,0.07152684026269256,-0.07715073308915757,-0.05145978670020975,0.2552814156720631,-0.08069355102190408,0.25182121640715394,0.1229866269629023,-0.025690946388947818,0.0035428179327465087
2023-06-29,13.539999961853027,0.08591688715401431,-0.0651886069670137,-0.03967549869600553,0.24490433763763494,-0.08890636405851193,0.24541275210920507,0.12559238585001983,-0.025513108271008174,0.02371775709149823
2023-06-30,13.59000015258789,0.10350295660305403,-0.047389682414008524,-0.0005978314639323047,0.2599135932754835,-0.08598270338731998,0.25168364299980645,0.10410078806698633,-0.04679185095007622,0.03859302097331145
2023-07-03,13.56999969482422,0.1432351434336962,-0.02135353443707452,0.009670100968859984,0.22536953973774804,-0.09478448196539636,0.24678146810660925,0.13356504246483622,-0.031023635405934502,0.07343094752832184
2023-07-05,14.18000030517578,0.17861237732417498,0.0018486041237275718,-0.03838592778645641,0.1962543794643923,-0.0959237581671587,0.2453316101457004,0.2169983051106314,0.04023453191018398,0.09777236229088627
2023-07-06,15.4399995803833,0.24726913281294713,0.050800572803818445,-0.025381218560044556,0.21867841885364242,-0.0937060155614602,0.2481985071818834,0.2726503513729917,0.076181791363863,0.14450658836527863
2023-07-07,14.829999923706056,0.21293073105868854,0.026663140897646792,-0.02439949065042,0.2276289687335427,-0.09303591390467128,0.25379272605226694,0.23733022170910853,0.05106263154806679,0.11969905480231807
2023-07-10,15.06999969482422,0.28076809458137064,0.06651632659101021,-0.0032952718888131192,0.2301498496530398,-0.09312739978630476,0.2522392040886176,0.28406336647018376,0.06981159847982334,0.15964372637731497
2023-07-11,14.84000015258789,0.28823051307854586,0.07053406023042286,0.009983809301346692,0.2344049001315016,-0.09003395439945186,0.254038622482736,0.2782467037771992,0.06055025092907616,0.16056801462987472
2023-07-12,13.539999961853027,0.17036018974673928,-0.006858969867939661,0.006143315732693083,0.2440881344829168,-0.08855018555192848,0.25551546135551456,0.1642168740140462,-0.013002285600632744,0.08169121568398882
2023-07-13,13.609999656677246,0.1291062758796961,-0.033648294314414635,-0.028729641227800567,0.23327149983371778,-0.09050718766398363,0.25053375797029714,0.15783591710749664,-0.004918653086614069,0.056858893349569
2023-07-14,13.34000015258789,0.12950313270325822,-0.02988490343429011,-0.025372918544709303,0.22159957575645686,-0.09795794994717337,0.23355394115818112,0.15487605124796752,-0.0045119848895808085,0.06807304651288326
2023-07-17,13.479999542236328,0.157660869115412,-0.008571467007712255,-0.006464770843574646,0.22828505969322224,-0.09927004310186088,0.2478400603488437,0.16412563995898663,-0.0021066961641376097,0.09069857609414862
2023-07-18,13.300000190734863,0.14225321416620473,-0.02007939843616808,-0.0347861164402338,0.20187455369074248,-0.09806924520528532,0.24876500938912244,0.17703933060643853,0.01470671800406572,0.07798984676911724
2023-07-19,13.760000228881836,0.16466846043550165,-0.00448960515035511,-0.037382367661294824,0.17430788033558642,-0.09691701665877786,0.24793288783470055,0.20205082809679648,0.03289276251093971,0.09242741150842275
2023-07-20,13.989999771118164,0.14451674304393564,-0.012199850040894515,-0.04602763196565419,0.1621336782575002,-0.09722886059466122,0.24180566630552933,0.19054437500958982,0.03382778192475967,0.08502901055376672
2023-07-21,13.600000381469728,0.1230576841145441,-0.02714602968582563,-0.053497907614815675,0.16372466184694145,-0.09831148365626631,0.24155340119479338,0.17655559172935978,0.026351877928990044,0.07116545397044068
2023-07-24,13.90999984741211,0.15687108862602656,-0.008515748252743155,-0.04608306525333871,0.18782963137912065,-0.097245984957618,0.24261702560482953,0.20295415387936527,0.037567317000595554,0.08873023670487486
2023-07-25,13.859999656677246,0.15083090437434835,-0.01262124384739165,-0.05958389001391877,0.17078288414119072,-0.09806757157849513,0.2429016590736851,0.2104147943882671,0.04696264616652712,0.08544632773110349
2023-07-26,13.1899995803833,0.11169561818417346,-0.03584488152228881,-0.06252463637046193,0.12965185988516006,-0.11078775602008369,0.2190419585229128,0.1742202545546354,0.026679754848173122,0.07494287449779488
2023-07-27,14.40999984741211,0.18707304907916344,0.015394105392039201,-0.0719541840370357,0.1140186279560224,-0.1072769964772845,0.23102391433906458,0.25902723311619913,0.0873482894290749,0.1226711018693237
2023-07-28,13.329999923706056,0.11289406766389327,-0.030553936376710913,-0.05626704486055718,0.1232896754575288,-0.12518328662396613,0.20131067532040275,0.16916111252445046,0.02571310848384627,0.09462935024725522
2023-07-31,13.630000114440918,0.12868696898689921,-0.020472589765071318,-0.058586096718064216,0.13227108964984133,-0.1281446148260431,0.2029134155888373,0.18727306570496344,0.0381135069529929,0.10767202506097179
2023-08-01,13.93000030517578,0.1757120259264303,0.007598378236247541,-0.07504450822070947,0.10556236862023892,-0.1247440593187889,0.20924394793594023,0.2507565341471398,0.08264288645695701,0.13234243755503644
2023-08-02,16.09000015258789,0.23188941512353545,0.050398402607858626,-0.05847717608690923,0.1697922309464012,-0.1252148034191503,0.2164577213491599,0.29036659121044467,0.10887557869476785,0.17561320602700894
2023-08-03,15.920000076293944,0.225578574203999,0.0455995603261869,-0.05628577330888455,0.17106206508883498,-0.12719521331902453,0.20809622755241988,0.28186434751288353,0.10188533363507145,0.17279477364521142
2023-08-04,17.100000381469727,0.21450079490904322,0.05094642355700237,-0.07790078315718031,0.11001628284338973,-0.12817511495212003,0.17899886074893429,0.2924015780662235,0.12884720671418268,0.1791215385091224
2023-08-07,15.770000457763672,0.13963891483733043,0.0011453329718745014,-0.06943138132001142,0.1136204525900167,-0.1392580659006048,0.1638104297389454,0.20907029615734185,0.07057671429188592,0.1404033988724793
2023-08-08,15.989999771118164,0.15382644097714168,0.010205712533443437,-0.06610446232742506,0.11894558102112865,-0.13808835219790638,0.16535879903151243,0.21993090330456674,0.0763101748608685,0.14829406473134982
2023-08-09,15.960000038146973,0.12535999732028777,-0.009392108382067756,-0.0796091744002263,0.13784490008895045,-0.14003041175941458,0.1722787718049347,0.20496917172051407,0.07021706601815855,0.13063830337734683
2023-08-10,15.850000381469728,0.13908399418863363,-0.0010118547824902754,-0.08178861675480242,0.13584162803676342,-0.14074598791658247,0.1751667536172201,0.22087261094343605,0.08077676197231215,0.1397341331340922
2023-08-11,14.84000015258789,0.1238270370163053,-0.01389970778419847,-0.08085201100549524,0.13938398510794378,-0.1429680970526002,0.17745132748579384,0.20467904802180054,0.06695230322129678,0.12906838926840172
2023-08-14,14.81999969482422,0.0788871743691323,-0.048861590086625856,-0.10569159821163997,0.16531525411780162,-0.15042554118707452,0.17861651429083103,0.18457877258077227,0.05683000812501411,0.10156395110044866
2023-08-15,16.459999084472656,0.1506483092423172,0.0021156277600413286,-0.08252356965234905,0.2020937973003719,-0.14243404247126346,0.1946915660336963,0.23317187889466626,0.08463919741239039,0.14454967023130477
2023-08-16,16.780000686645508,0.17834645160152132,0.019831718246784497,-0.07856709885803247,0.22623918432839304,-0.14185357998116535,0.20277154346798681,0.2569135504595538,0.09839881710481696,0.16168529822794986
2023-08-17,17.889999389648438,0.23033226224265413,0.05769342673694569,-0.06884455644296013,0.22749610478406046,-0.14460616842616678,0.1930481677818551,0.29917681868561424,0.12653798317990583,0.20229959516311247
2023-08-18,17.299999237060547,0.23686090529179904,0.05825028921419235,-0.0649662113327756,0.2402684417589531,-0.14520387021496953,0.186578899207799,0.3018271166245746,0.12321650054696795,0.20345415942916187
2023-08-21,17.1299991607666,0.16044860296909239,0.0017734070019405754,-0.09679738478735574,0.23792092098831358,-0.15518186101704207,0.18625190475726672,0.25724598775644814,0.09857079178929631,0.15695526801898263
2023-08-22,16.969999313354492,0.14710516841494087,-0.00843964928260205,-0.10321399565905853,0.23185118324990425,-0.15613560717049868,0.18781640378115558,0.2503191640739994,0.09477434637645649,0.14769595788789663
2023-08-23,15.979999542236328,0.09110617283034676,-0.04591167994841795,-0.08932682557497974,0.24556320699287856,-0.15768994554054666,0.18670444183632082,0.1804329984053265,0.04341514562656179,0.11177826559212871
2023-08-24,17.200000762939453,0.1647171695645734,0.0008816483445043312,-0.052930361791194654,0.30078605963797617,-0.1497667000327499,0.19590818054472423,0.21764753135576806,0.05381201013569899,0.15064834837725422
2023-08-25,15.68000030517578,0.09413243351054021,-0.05125769793305778,-0.05530172952778933,0.3222541839319791,-0.04858016162372507,0.2138087898439284,0.14943416303832954,0.004044031594731545,-0.0026775363093327134
2023-08-28,15.079999923706056,0.08139431674475542,-0.06592070412429633,-0.060823605556471635,0.33099275323535193,-0.05425572774033941,0.2081863649453026,0.14221792230122704,-0.005097098567824698,-0.011664976383956922
2023-08-29,14.449999809265137,0.030055216888703523,-0.09959961351315953,-0.0421816875079053,0.3649580375384452,-0.04471974059535539,0.21873325830128643,0.07223690439660882,-0.057417926005254236,-0.05487987291780414
2023-08-30,13.880000114440918,0.004891796693346586,-0.11637958611967415,-0.042513847638627755,0.36789123339969365,-0.03720415845418302,0.2162997608185477,0.04740564433197434,-0.0738657384810464,-0.07917542766549113
2023-08-31,13.56999969482422,0.02131547942552632,-0.10808629224941733,-0.05384900493153227,0.320791653932319,-0.03530736854127817,0.20414766802938525,0.07516448435705858,-0.05423728731788507,-0.07277892370813917
2023-09-01,13.09000015258789,-0.0009333220919955232,-0.1232566219679102,-0.056876619912760634,0.32090972047794664,-0.04915517859453598,0.1984797047427636,0.05594329782076511,-0.06638000205514956,-0.07410144337337421
2023-09-05,14.010000228881836,0.0808419128963393,-0.08417511284018629,-0.03512991574680414,0.3780619807540621,-0.04807129861731984,0.19668386078255296,0.11597182864314343,-0.049045197093382155,-0.03610381422286645
2023-09-06,14.449999809265137,0.09470410418591182,-0.07870907023047986,-0.05248790840131429,0.38257832432675054,-0.04963196391345563,0.19878235518698262,0.1471920125872261,-0.026221161829165576,-0.02907710631702423
2023-09-07,14.399999618530272,0.08228012367191355,-0.08478682036712004,-0.0596866546756616,0.36080127478570084,-0.045864050385769475,0.1976657515705256,0.14196677834757515,-0.02510016569145844,-0.038922769981350566
2023-09-08,13.84000015258789,0.0820018238364333,-0.08597769684776148,-0.04819669605517541,0.3452963906338048,-0.04619394635633393,0.19635483054501238,0.13019851989160872,-0.03778100079258607,-0.03978375049142755
2023-09-11,13.800000190734863,0.07001551271702422,-0.0882585053206512,-0.041607028826327594,0.33347558595095467,-0.04448470444898299,0.1955559298938196,0.11162254154335181,-0.04665147649432361,-0.04377380087166821
2023-09-12,14.229999542236328,0.0983136778283839,-0.06357167065362095,-0.026270718304503636,0.31231791383908275,-0.04699440478842491,0.19225435653421513,0.12458439613288755,-0.03730095234911731,-0.016577265865196034
2023-09-13,13.479999542236328,0.1125921602130588,-0.048705475499332115,0.012209900824757869,0.29447111759266403,-0.047064214723326954,0.19105825493894782,0.10038225938830093,-0.060915376324089984,-0.0016412607760051615
2023-09-14,12.81999969482422,0.08225063288238081,-0.07094852299636717,-0.0008121438733625767,0.2609723041101795,-0.03642517524530613,0.20049886477575266,0.08306277675574339,-0.07013637912300459,-0.03452334775106104
2023-09-15,13.789999961853027,0.10619022432600957,-0.0520324156091219,0.0016841572228592696,0.26604699418537786,-0.04044346365625039,0.2016494471587807,0.1045060671031503,-0.05371657283198117,-0.011588951952871504
2023-09-18,14.0,0.12094372462104531,-0.04417748363688634,-0.010025415717871506,0.2604195434821532,-0.041118871810685964,0.1974885602405585,0.13096914033891682,-0.03415206791901483,-0.0030586118262003748
2023-09-19,14.109999656677246,0.12818172986762652,-0.0403523581215414,-0.008970509521537573,0.27544412123162304,-0.04114435129839645,0.2000067165594994,0.1371522393891641,-0.03138184860000383,0.0007919931768550492
2023-09-20,15.140000343322754,0.25032256747693993,0.052168144125259795,0.054042209632185104,0.3020280953959495,-0.040834211970055274,0.20712953513343196,0.19628035784475484,-0.0018740655069253084,0.09300235609531507
2023-09-21,17.540000915527344,0.373708475329698,0.14361459746613475,0.10229481939575506,0.312936753689121,-0.025576937183188812,0.21905641429185774,0.2714136559339429,0.04131977807037969,0.16919153464932357
2023-09-22,17.200000762939453,0.39557864441124957,0.15517450765894644,0.09905065630171435,0.29477739129640634,-0.028362779048593273,0.21544220260020142,0.29652798810953523,0.056123851357232094,0.18353728670753972
2023-09-25,16.899999618530273,0.4113795993724073,0.1606999484060485,0.06999829637738694,0.29266515123481185,-0.022483023508781428,0.21801018157587937,0.34138130299502034,0.09070165202866157,0.18318297191482993
2023-09-26,18.940000534057617,0.536126809601369,0.2551593148972909,0.10311240086538641,0.3290822072285471,-0.015348870158207644,0.2245847647845988,0.4330144087359826,0.15204691403190446,0.2705081850554985
2023-09-27,18.219999313354492,0.47799856954672365,0.21441755276641034,0.09314593693024933,0.314719704659544,-0.01494454589820195,0.22490004714962059,0.3848526326164743,0.121271615836161,0.2293620986646123
2023-09-28,17.34000015258789,0.4870851986036503,0.2153693778720291,0.0846222827377593,0.2806325571358456,-0.014336299246702327,0.23200648637764598,0.402462915865891,0.1307470951342698,0.2297056771187314
2023-09-29,17.520000457763672,0.5009120358869872,0.2266116788475948,0.08348118193141196,0.27097926174900283,-0.018259554111030474,0.22049607891074222,0.4174308539555752,0.14313049691618285,0.24487123295862528
2023-10-02,17.610000610351562,0.45088709959994117,0.196001262706384,0.05878523918764333,0.2712413096254822,-0.022812680418564022,0.21973019311566516,0.39210186041229783,0.13721602351874065,0.218813943124948
2023-10-03,19.780000686645508,0.5606179496289987,0.2804696638962806,0.08173203125223132,0.3059383766894925,-0.015022409179092849,0.23357505295059613,0.47888591837676736,0.19873763264404926,0.29549207307537345
2023-10-04,18.579999923706055,0.44848045460813857,0.20230819432014854,0.08044796238050632,0.3020896719990551,-0.016832109547922528,0.22865224382524948,0.36803249222763224,0.12186023193964222,0.21914030386807107
2023-10-05,18.489999771118164,0.49802784854718785,0.2338444054896805,0.09597466965028292,0.30499090593668177,-0.01737746683065873,0.22875036994143977,0.40205317889690495,0.13786973583939757,0.2512218723203392
2023-10-06,17.450000762939453,0.41142218381087725,0.17357762553365444,0.1221769258757228,0.35005745213903,-0.010434253820660455,0.23826491109083664,0.28924525793515443,0.051400699657931634,0.1840118793543149
2023-10-09,17.700000762939453,0.42946234679792733,0.18688287319708893,0.13229680351062117,0.3569907975368564,-0.010743155727761022,0.2377107889213844,0.29716554328730616,0.05458606968646776,0.19762602892484996
2023-10-10,17.030000686645508,0.3999324729425847,0.16334951826114252,0.13683604061922044,0.36148105213112447,-0.008934021895624394,0.23707524083276993,0.26309643232336427,0.02651347764192208,0.17228354015676692
2023-10-11,16.09000015258789,0.33224497205498577,0.11491321045693245,0.1298103668663143,0.37879001748421354,-0.0036445358421698,0.23986038585754485,0.20243460518867146,-0.014897156409381856,0.11855774629910225
2023-10-12,16.690000534057617,0.3876489702691992,0.15238154063833176,0.14780577647509802,0.38678773519893567,-0.0007998993586339122,0.25021755649239696,0.23984319379410118,0.004575764163233742,0.15318143999696568
2023-10-13,19.31999969482422,0.5437537485744497,0.2661659375387495,0.1155016527122616,0.3385651959428282,-0.002033787837104755,0.2416884701671629,0.4282520958621881,0.15066428482648792,0.26819972537585424
2023-10-16,17.209999084472656,0.4372617673372605,0.1860831935208643,0.13273706461293508,0.32999076368940666,0.003922084273528794,0.24450665642203737,0.3045247027243254,0.053346128907929224,0.1821611092473355
2023-10-17,17.8799991607666,0.4376015634621279,0.18606438430194414,0.10165725737033454,0.3226176218740968,-0.002633300938398485,0.24584840502061636,0.3359443060917934,0.0844071269316096,0.1886976852403426
2023-10-18,19.219999313354492,0.4866804833831332,0.22378218599707805,0.11669747430869697,0.33888748641905786,0.007819097300666827,0.25941960867831126,0.3699830090744362,0.10708471168838109,0.21596308869641123
2023-10-19,21.399999618530273,0.7589426405340421,0.4131164442976631,0.15394234831957268,0.3437616668503664,0.0160125792377056,0.26052438453782556,0.6050002922144695,0.2591740959780904,0.3971038650599575
2023-10-20,21.709999084472656,0.8283874110728716,0.46176668705126644,0.13811525726460605,0.38109587303726195,0.02282143108913574,0.2736203196948012,0.6902721538082656,0.3236514297866604,0.4389452559621307
2023-10-23,20.3700008392334,0.663488106640896,0.34229807536521084,0.1176931178608551,0.3716041772903819,0.019875681858672018,0.27064419768334064,0.5457949887800408,0.22460495750435575,0.32242239350653884
2023-10-24,18.969999313354492,0.5411923264816665,0.25408887717352013,0.12518067447706177,0.36078407939120855,0.03183743178836344,0.29118638105524736,0.4160116520046047,0.12890820269645836,0.22225144538515668
2023-10-25,20.190000534057617,0.4016403786527987,0.1712203005030951,0.021503574476501905,0.28045257730170253,0.012818738372776242,0.2719663226854045,0.3801368041762968,0.1497167260265932,0.15840156213031886
2023-10-26,20.68000030517578,0.36647798689985095,0.15316274077407452,0.023290081747706644,0.29174639810111547,0.011276672001013031,0.276487841561795,0.3431879051521443,0.12987265902636788,0.14188606877306148
2023-10-27,21.270000457763672,0.3660244501094349,0.1589904155809172,0.012880546230730896,0.23891334638270878,0.008672452692569084,0.25718677011702096,0.35314390387870404,0.1461098693501863,0.15031796288834812
2023-10-30,19.75,0.2687764074663311,0.09013765119280276,0.025797287880284882,0.2821987908747615,0.01341318076118473,0.27238319119690224,0.2429791195860462,0.06434036331251788,0.07672447043161804
2023-10-31,18.13999938964844,0.2140202903483996,0.04862521802465055,0.044365284996280625,0.28224543551478215,0.013922777571767702,0.2612265495784443,0.16965500535211897,0.004259933028369925,0.03470244045288285
2023-11-01,16.8700008392334,0.14794674487897527,0.002232551415435336,0.02781059035280455,0.26397645156819277,0.013382153649204196,0.26490611153353366,0.12013615452617073,-0.025578038937369214,-0.01114960223376886
2023-11-02,15.65999984741211,0.0929899365546212,-0.035771135509908805,0.07044336880142013,0.28942493956408205,0.04161217975646371,0.29374149734773,0.022546567753201074,-0.10621450431132894,-0.07738331526637252
2023-11-03,14.90999984741211,0.05552307142142985,-0.061870439911868226,0.0737603724069093,0.2847617574516576,0.0416931630329065,0.2959524658229988,-0.018237300985479453,-0.13563081231877752,-0.10356360294477474
2023-11-06,14.890000343322754,0.06226270663614162,-0.058696219257119694,0.06144867936100835,0.2531207916630166,0.04041186900708576,0.2918532473383943,0.0008140272751332722,-0.12014489861812805,-0.09910808826420545
2023-11-07,14.8100004196167,0.057949767702788715,-0.061288023509333954,0.055198078250233686,0.25122630894683046,0.04554110896591838,0.285931869793012,0.0027516894525550298,-0.11648610175956764,-0.10682913247525233
2023-11-08,14.449999809265137,0.04412585256672401,-0.07085381931797304,0.050646548689441254,0.253850666155096,0.04475269703164662,0.2854887315338182,-0.0065206961227172455,-0.12150036800741429,-0.11560651634961966
2023-11-09,15.289999961853027,0.08251241492426195,-0.045483627514759636,0.0638471038707193,0.2575721380457167,0.05246162637580717,0.28738167489180416,0.018665311053542646,-0.10933073138547894,-0.0979452538905668
2023-11-10,14.170000076293944,0.025677691842125386,-0.08203963554369897,0.07762623879388504,0.2870899823995643,0.0756936800207529,0.2972075716786842,-0.051948546951759655,-0.159665874337584,-0.15773331556445186
2023-11-13,14.760000228881836,0.05735253456610199,-0.06173287685069971,0.08628057822361725,0.31766236195789654,0.06817881081363168,0.2859496776410822,-0.028928043657515258,-0.14801345507431696,-0.1299116876643314
2023-11-14,14.15999984741211,0.03241213516327189,-0.07817199825563716,0.12139658942334104,0.32596551792322076,0.08624875552121018,0.2864394975373093,-0.08898445426006915,-0.1995685876789782,-0.16442075377684734
2023-11-15,14.18000030517578,0.04870363504202138,-0.06612336410759323,0.14087596640950734,0.3327931395202972,0.08325183572497544,0.28357696956029554,-0.09217233136748595,-0.20699933051710057,-0.14937519983256867
2023-11-16,14.31999969482422,0.06658662023402509,-0.05378863573859812,0.12793922277300895,0.33084535772437745,0.08204541456817867,0.28520173854745845,-0.061352602538983864,-0.18172785851160708,-0.13583405030677678
2023-11-17,13.800000190734863,0.04442130697241705,-0.0682093220542246,0.11215202210262516,0.3132420952640863,0.10397923836838326,0.2873485230364575,-0.06773071513020812,-0.18036134415684976,-0.17218856042260786
2023-11-20,13.40999984741211,0.03132293513842706,-0.07788336405216355,0.0988450085009657,0.2622956833811072,0.10751379759791208,0.28724417083589676,-0.06752207336253864,-0.17672837255312923,-0.18539716165007564
2023-11-21,13.350000381469728,0.03989519249072337,-0.07200630522354558,0.11202073877190633,0.2712333234123209,0.10678096692528528,0.2854444562047531,-0.07212554628118295,-0.1840270439954519,-0.17878727214883086
2023-11-22,12.850000381469728,0.01871570590363493,-0.08602442602378296,0.1010102220543634,0.26667394268374395,0.09679206537142789,0.2795425739283252,-0.08229451615072847,-0.18703464807814635,-0.18281649139521083
2023-11-24,12.460000038146973,0.10205676105975903,-0.04241109418670372,0.19101671746495513,0.29637887767033483,0.09461321957028924,0.28032996879986793,-0.0889599564051961,-0.23342781165165885,-0.13702431375699298
2023-11-27,12.6899995803833,0.17120683050947857,-0.004532590944995488,0.22379069538654014,0.23865755371642494,0.0934049874933401,0.2797104503048338,-0.05258386487706157,-0.22832328633153565,-0.09793757843833559
2023-11-28,12.6899995803833,0.20992392007879515,0.011411451287193211,0.2631466011715638,0.303738002273313,0.08962901553548155,0.2700072782606172,-0.05322268109276865,-0.25173514988437057,-0.07821756424828834
2023-11-29,12.979999542236328,0.2638655046330479,0.04102787361781342,0.25248521622760517,0.29877187627663127,0.08898570764507428,0.27469618048760336,0.011380288405442751,-0.21145734260979177,-0.047957834027260865
2023-11-30,12.920000076293944,0.23238049948102998,0.021993320528864126,0.21805963624153718,0.2778050193033682,0.08609656764380198,0.27107854379047547,0.014320863239492804,-0.19606631571267305,-0.06410324711493785
2023-12-01,12.630000114440918,0.28790095644594615,0.04997364906539301,0.265110233169786,0.2794382675211912,0.08930283083654475,0.2706344617124526,0.022790723276160163,-0.21513658410439299,-0.03932918177115174
2023-12-04,13.079999923706056,0.32791895408391164,0.07474797668219817,0.1402435956867329,0.255303431808932,0.08535364930714893,0.2741642938005605,0.18767535839717875,-0.06549561900453472,-0.010605672624950768
2023-12-05,12.850000381469728,0.3122074450154993,0.06693049439506797,0.11324085345058947,0.2484966060519661,0.08682456251246666,0.2734755998980256,0.1989665915649098,-0.0463103590555215,-0.01989406811739869
2023-12-06,12.970000267028809,0.3206131844165961,0.0710854889907112,0.11520160014867084,0.30572515461026223,0.08979084336020143,0.2861438715336215,0.20541158426792525,-0.044116111157959645,-0.018705354369490237
2023-12-07,13.0600004196167,0.25760148651934245,0.036477935505685385,0.08749602232214765,0.30254491695797725,0.084665420072565,0.28552077417360405,0.1701054641971948,-0.05101808681646226,-0.048187484566879615
2023-12-08,12.350000381469728,0.19726119394903371,-0.0023080984174554545,0.08621745213243037,0.3066277507545218,0.08319269183873232,0.28883251432652296,0.11104374181660334,-0.08852555054988583,-0.08550079025618777
2023-12-11,12.630000114440918,0.202139266706313,0.0032199883910936566,0.061816268381150626,0.30520524458352494,0.08218331371199862,0.29353828494436396,0.14032299832516237,-0.05859627999005697,-0.07896332532090497
2023-12-12,12.06999969482422,0.2015161652443468,-0.003543782746076503,0.011087372979075697,0.24721874290485113,0.08336006988205806,0.2964840365869494,0.1904287922652711,-0.0146311557251522,-0.08690385262813456
2023-12-13,12.1899995803833,0.20400471453073016,-0.0006808349245146609,0.07226497698411682,0.2574751774292764,0.09128372738446047,0.2924501342856278,0.13173973754661333,-0.07294581190863149,-0.09196456230897514
2023-12-14,12.479999542236328,0.23924351200889646,0.022130482785228993,-0.04313689351732185,0.19418240501497597,0.08892693289891397,0.2814742364808043,0.2823804055262183,0.06526737630255083,-0.06679645011368499
2023-12-15,12.279999732971191,0.22627703867214688,0.01377788602456753,-0.0426068417456025,0.1961641419413649,0.08897276248690116,0.2810224873597667,0.26888388041774935,0.056384727770170034,-0.07519487646233362
2023-12-18,12.5600004196167,0.22407882157483733,0.01516760816430211,-0.041310112366939995,0.19246754074617162,0.08618899763489703,0.27992679659157443,0.2653889339417773,0.0564777205312421,-0.07102138947059491
2023-12-19,12.529999732971191,0.22855976367048234,0.016302261995366434,-0.027815940953328278,0.2058224526181029,0.09210337869746472,0.27816045343820744,0.2563757046238106,0.044118202948694715,-0.0758011167020983
2023-12-20,13.670000076293944,0.30310293593448784,0.06642962129491656,0.012609971085902371,0.24661639461783852,0.08919419739970384,0.2844363093441629,0.29049296484858544,0.053819650209014185,-0.022764576104787285
2023-12-21,13.649999618530272,0.29472632835509505,0.06043925493810164,0.03623770683305105,0.26080233008050563,0.09438768634478863,0.28910736453103497,0.258488621522044,0.02420154810505059,-0.033948431406686984
2023-12-22,13.029999732971191,0.27416744213926203,0.044050624293394826,0.047373758290634914,0.2664618769342756,0.09475217242982042,0.286128575367496,0.2267936838486271,-0.003323133997240088,-0.0507015481364256
2023-12-26,12.989999771118164,0.2842363544588029,0.05007063614226785,0.0617725234773167,0.2707012119341795,0.08604326885306522,0.27682205240980123,0.2224638309814862,-0.011701887335048851,-0.03597263271079737
2023-12-27,12.43000030517578,0.2438024752160991,0.02303286090995728,0.06315671072533223,0.2716458443136066,0.08805310044028215,0.27850270868527827,0.18064576449076686,-0.04012384981537495,-0.06502023953032487
2023-12-28,12.470000267028809,0.25260665563026213,0.028004306548849098,0.06633417856411643,0.27673527779177204,0.08715232982102247,0.2783799739928831,0.1862724770661457,-0.03832987201526733,-0.059148023272173375
2023-12-29,12.449999809265137,0.26115127811811417,0.03179905432255474,0.07500283206099552,0.2628508401112458,0.08857200254806606,0.2776871812261017,0.18614844605711867,-0.04320377773844078,-0.05677294822551132
2024-01-02,13.199999809265137,0.27143011884827145,0.04900143395784973,0.05734997224090196,0.23017947107503514,0.08828000649181553,0.25971918299396424,0.2140801466073695,-0.00834853828305223,-0.0392785725339658
2024-01-03,14.039999961853027,0.33253547618692764,0.08994487406734183,0.06623076563939054,0.22460462343220017,0.08680352097505036,0.2416936830577264,0.2663047105475371,0.023714108427951297,0.0031413530922914795
2024-01-04,14.130000114440918,0.3549196153702229,0.10570697102936161,0.07085299047695572,0.2105110527651794,0.08404121069716035,0.24271901266362744,0.2840666248932672,0.03485398055240589,0.02166576033220126
2024-01-05,13.350000381469728,0.31532632981971415,0.07562856045905754,0.08260689264561186,0.22003833886042276,0.08298204419783246,0.24203218979116917,0.2327194371741023,-0.006978332186554317,-0.007353483738774924
2024-01-08,13.079999923706056,0.18504415581819894,-0.006422575558191296,0.0644665134903059,0.18458710633794462,0.07224106011587053,0.23378481694001702,0.12057764232789304,-0.0708890890484972,-0.07866363567406183
2024-01-09,12.760000228881836,0.21622149055642972,0.005599739001054464,0.08325080065611802,0.1745564008975497,0.06836263450474493,0.23188220709060536,0.1329706899003117,-0.07765106165506355,-0.06276289550369046
2024-01-10,12.6899995803833,0.20008559592305505,-0.0021732759555196522,0.08042957561765886,0.17278255813987609,0.06528013809550219,0.2328064953334979,0.1196560203053962,-0.08260285157317851,-0.06745341405102184
2024-01-11,12.4399995803833,0.19865054765036202,-0.005395235366671535,0.08691643538786248,0.1627601329650424,0.06768856114619554,0.23403488007703716,0.11173411226249955,-0.09231167075453402,-0.07308379651286707
2024-01-12,12.699999809265137,0.23188135633727136,0.015971298133807245,0.09157251514994544,0.1601793940082479,0.0648106112996575,0.23208527382350497,0.14030884118732592,-0.0756012170161382,-0.04883931316585025
2024-01-16,13.84000015258789,0.2963962971530117,0.05963112687430858,0.019283698257818387,0.168203073634216,0.06574344658105426,0.24348630173177677,0.2771125988951933,0.0403474286164902,-0.006112319706745674
2024-01-17,14.789999961853027,0.3937911370186336,0.12017802311477446,0.03114296691666635,0.19371279080744905,0.06160355132848271,0.24330152455664975,0.36264817010196726,0.08903505619810811,0.05857447178629175
2024-01-18,14.130000114440918,0.29888345030456687,0.06064681274762469,0.03755646825210095,0.20292420025944394,0.0711425887105407,0.24424897344979574,0.2613269820524659,0.023090344495523746,-0.01049577596291601
2024-01-19,13.300000190734863,0.21798249968154618,0.004023178895474835,0.06071828369301916,0.21598120803573043,0.06794166744460878,0.24097410497090313,0.15726421598852702,-0.056695104797544325,-0.06391848854913394
2024-01-22,13.1899995803833,0.21174804285464577,-0.0007833186785311412,0.051120726913371065,0.21206588426088102,0.061664538216874606,0.2385075984308191,0.16062731594127472,-0.051904045591902204,-0.062447856895405746
2024-01-23,12.550000190734863,0.19227291962170778,-0.015044920411072471,0.0077565612561121605,0.17188972622969684,0.05393030264976604,0.2185269088430711,0.18451635836559563,-0.022801481667184632,-0.0689752230608385
2024-01-24,13.140000343322754,0.22905769317312955,0.00947359368157263,-0.024788506840973747,0.1795023753946848,0.05701191173612856,0.22497300614893728,0.2538462000141033,0.03426210052254638,-0.047538318054555925
2024-01-25,13.449999809265137,0.23728134666964612,0.019950795271462714,-0.019427810448769997,0.18503019438999,0.0552677940350152,0.2230134305146283,0.25670915711841613,0.03937860572023271,-0.03531699876355249
2024-01-26,13.260000228881836,0.22001786264245338,0.009464753914558928,-0.025613426194447113,0.1808131849778933,0.08550813285608774,0.2320233088282957,0.2456312888369005,0.03507818010900604,-0.07604337894152882
2024-01-29,13.600000381469728,0.22498367382623669,0.01479916823089771,-0.01666174753842532,0.17937632823372215,0.09228875323092822,0.2110759561664596,0.241645421364662,0.03146091576932303,-0.07748958500003052
2024-01-30,13.3100004196167,0.19053851412896128,-0.00473568044371285,-0.022092552956205855,0.15897171295175316,0.09802102036552976,0.2313781080182232,0.21263106708516713,0.017356872512493005,-0.10275670080924261
2024-01-31,14.350000381469728,0.14879707962027947,-0.015186054338546352,-0.006602376089193311,0.2258488327785143,0.08779475691684953,0.24429468791800185,0.15539945570947278,-0.00858367824935304,-0.10298081125539588
2024-02-01,13.880000114440918,0.14204673524304381,-0.02282526773802379,0.03510306747324074,0.2614615514205948,0.0944387374668705,0.2437561568778445,0.10694366776980307,-0.05792833521126453,-0.11726400520489429
2024-02-02,13.850000381469728,0.04935886255180316,-0.06404371187818994,-0.01661238364673919,0.2458461376626597,0.06449169291330556,0.2244904482702645,0.06597124619854236,-0.04743132823145075,-0.1285354047914955
2024-02-05,13.670000076293944,0.028193226552737368,-0.07999539826415351,-0.02913604754727776,0.2316693243457215,0.03112411964568669,0.20698247521446428,0.05732927410001513,-0.05085935071687575,-0.1111195179098402
2024-02-06,13.0600004196167,0.00883042281762471,-0.09270710826552268,-0.02664383253458433,0.22550396130833678,0.02925923510346014,0.20694983730876887,0.03547425535220904,-0.06606327573093836,-0.12196634336898282
2024-02-07,12.829999923706056,0.0315472425507095,-0.07718147925523788,-0.021356348623879196,0.23570902749722047,0.03220897917825857,0.21617098957095063,0.0529035911745887,-0.05582513063135869,-0.10939045843349646
2024-02-08,12.789999961853027,0.03366466673222028,-0.07587883612015583,-0.018771075354150173,0.23649891842347207,0.032945168359683086,0.21751619829908542,0.05243574208637045,-0.05710776076600566,-0.10882400447983892
2024-02-09,12.93000030517578,0.030999479499612386,-0.07776310346588511,-0.025053088064181266,0.22798855972952609,0.029165208362794827,0.21404713467659497,0.05605256756379365,-0.05271001540170384,-0.10692831182867993
2024-02-12,13.93000030517578,0.06709627864812724,-0.05294611057371687,-0.025726005520001625,0.23076857815840554,0.02410621820129923,0.21356656495943435,0.09282228416812886,-0.027220105053715245,-0.0770523287750161
2024-02-13,15.850000381469728,0.13838684420642153,-0.0024083667784548517,0.001956467211762196,0.25549085560528906,0.02538439276468815,0.2116733030286546,0.13643037699465932,-0.0043648339902170475,-0.027792759543143
2024-02-14,14.380000114440918,0.08137197577416592,-0.04189305152711216,0.015429003426423412,0.25002920176976207,0.029310214952765454,0.21279364075477578,0.06594297234774252,-0.057322054953535574,-0.07120326647987761
2024-02-15,14.010000228881836,0.06122093258236538,-0.054391528213564314,0.013485065417830072,0.22393984045096932,0.004192445274695843,0.19977724518527992,0.0477358671645353,-0.06787659363139438,-0.05858397348826016
2024-02-16,14.239999771118164,0.0824118186136249,-0.04274434149547968,0.013860415371210522,0.23666260782646667,0.0062886264628408545,0.20292885190990467,0.06855140324241438,-0.056604756866690205,-0.04903296795832054
2024-02-20,15.420000076293944,0.13613282453686715,-0.007874658099196597,-0.0056210026302991375,0.23391334758119045,0.0028866932614460186,0.20258393125287513,0.14175382716716628,-0.0022536554688974593,-0.010761351360642615
2024-02-21,15.34000015258789,0.1246231743379295,-0.01645505823329057,-0.012428690584835938,0.23249933221426583,0.0004969036049129493,0.2047732757721371,0.13705186492276544,-0.0040263676484546315,-0.01695196183820352
2024-02-22,14.539999961853027,-0.06880727500806061,-0.16284713293813027,-0.09277097565993625,0.26838846207790995,-0.04721572104911478,0.22153383350501224,0.02396370065187564,-0.07007615727819402,-0.11563141188901549
2024-02-23,13.75,-0.08869020018186378,-0.17626991779544351,-0.08994831768194779,0.2679652030055996,-0.047159526759817556,0.22146842454588148,0.001258117500084005,-0.08632160011349573,-0.12911039103562597
2024-02-26,13.739999771118164,-0.09222888917425744,-0.17770813450030262,-0.09510815318864765,0.2840929774846603,-0.04784994942839992,0.22539248099134537,0.0028792640143902176,-0.08259998131165497,-0.1298581850719027
2024-02-27,13.43000030517578,-0.1006855330465148,-0.1835731460738722,-0.09485964604820865,0.285702614862671,-0.04655871313900791,0.22548094956561995,-0.005825886998306148,-0.08871350002566356,-0.1370144329348643
2024-02-28,13.84000015258789,-0.08765721184153827,-0.1743650953693698,-0.10044065434391668,0.2920932273019255,-0.047313205210962876,0.22622465904711853,0.012783442502378409,-0.07392444102545313,-0.12705189015840693
2024-02-29,13.399999618530272,-0.10228510320608844,-0.18614126475359544,-0.10146526717569802,0.3051738468704118,-0.047764829842073114,0.22519932671328952,-0.0008198360303904167,-0.08467599757789741,-0.13837643491152232
2024-03-01,13.109999656677246,-0.11004472357544212,-0.20636822340591757,-0.12642633239156123,0.25455262238546883,-0.04597174673574063,0.21830749065477384,0.01638160881611911,-0.07994189101435634,-0.16039647667017692
2024-03-04,13.489999771118164,-0.10134188625025259,-0.19759523562165973,-0.15224948190784063,0.27447628388888295,-0.0495940348439922,0.224001285901435,0.05090759565758804,-0.045345753713819104,-0.14800120077766754
2024-03-05,14.460000038146973,-0.04368762194614616,-0.17855429577471496,-0.14979885664398448,0.28322700837384723,-0.0474049371685599,0.22477392971354163,0.10611123469783833,-0.028755439130730476,-0.13114935860615506
2024-03-06,14.5,-0.03132684803581026,-0.17115598143482014,-0.1404328444452695,0.30119564533004,-0.047455582198258815,0.22182366187246103,0.10910599640945923,-0.030723136989550648,-0.12370039923656131
2024-03-07,14.4399995803833,-0.04956652151247733,-0.18124123690083466,-0.1349799130230363,0.3037993638015176,-0.04514583929554187,0.22441019718895408,0.08541339151055898,-0.046261323877798355,-0.1360953976052928
2024-03-08,14.739999771118164,-0.05530487027508191,-0.19059444822371313,-0.1587586003250105,0.27853178572537146,-0.05111307067349964,0.21227583675510345,0.10345373004992858,-0.03183584789870264,-0.1394813775502135
2024-03-11,15.220000267028809,-0.03960312558283511,-0.17490166644874547,-0.1580626815443007,0.24215309720467423,-0.05159405440586181,0.20757805776212837,0.1184595559614656,-0.01683898490444477,-0.12330761204288365
2024-03-12,13.84000015258789,-0.11724439391203764,-0.23121007441331318,-0.16547348506091616,0.2620260734131128,-0.05745905668543113,0.20818652585581773,0.04822909114887852,-0.06573658935239701,-0.17375101772788204
2024-03-13,13.75,-0.12130762209233016,-0.234431173659549,-0.1659654749153234,0.26072691563153927,-0.057447187416788774,0.2060627873036471,0.04465785282299324,-0.06846569874422559,-0.1769839862427602
2024-03-14,14.399999618530272,-0.10424967956053391,-0.2234554589930759,-0.20194542717683148,0.20413815136312508,-0.06083630758027819,0.19786187306203762,0.09769574761629757,-0.021510031816244418,-0.1626191514127977
2024-03-15,14.40999984741211,-0.10046101120172429,-0.21825883191474035,-0.20261961619773278,0.19413279094600536,-0.0693927291321752,0.19448583655607296,0.10215860499600848,-0.015639215717007576,-0.14886610278256515
2024-03-18,14.329999923706056,-0.1054537867856515,-0.2195747972657559,-0.2041580954764871,0.19729392212792862,-0.06994600586993148,0.20002418611732062,0.09870430869083562,-0.015416701789268794,-0.1496287913958244
2024-03-19,13.81999969482422,-0.12394157469242344,-0.23215916041549617,-0.20352726831167275,0.1994704940183702,-0.06830316050319032,0.20350397990540287,0.07958569361924932,-0.028631892103823414,-0.16385599991230584
2024-03-20,13.039999961853027,-0.13881953646173315,-0.23807685449935034,-0.18356368591213756,0.20539752007968262,-0.0634880742145288,0.20650441533891864,0.04474414945040442,-0.05451316858721278,-0.17458878028482155
2024-03-21,12.920000076293944,-0.13867930980873774,-0.231171492716024,-0.17578875297520438,0.19331941147889187,-0.06710127523264106,0.20099307227695132,0.03710944316646664,-0.055382739740819614,-0.16407021748338294
2024-03-22,13.0600004196167,0.019957917231731657,-0.10834077421254946,-0.11769226765127126,0.12757709326261488,-0.07863254539288628,0.18659220818498293,0.13765018488300293,0.009351493438721797,-0.029708228819663188
2024-03-25,13.1899995803833,0.02405879505472662,-0.10485505120917518,-0.11641228159359215,0.13228586632331446,-0.08265887591408753,0.18655402990275516,0.14047107664831876,0.011557230384416972,-0.022196175295087647
2024-03-26,13.239999771118164,0.032290919575763015,-0.10343856089159215,-0.11906625002411922,0.11570147332763092,-0.08419603524192916,0.18591188391447552,0.15135716959988224,0.015627689132527073,-0.019242525649662987
2024-03-27,12.779999732971191,0.003987508072459892,-0.12146342096003417,-0.1104639221906449,0.12270238949131157,-0.08264872621276383,0.18522864513245393,0.11445143026310478,-0.010999498769389271,-0.03881469474727034
2024-03-28,13.010000228881836,0.016513191481579773,-0.11341433477228613,-0.10919203275250161,0.11798846513754542,-0.08284381330778266,0.18436275981124703,0.12570522423408137,-0.0042223020197845185,-0.030570521464503467
2024-04-01,13.649999618530272,0.045619730215799965,-0.09384727448946426,-0.11059283810162925,0.11965009715917445,-0.0835062919021348,0.18216465825803535,0.15621256831742922,0.01674556361216499,-0.010340982587329461
2024-04-02,14.609999656677246,0.10555934550821211,-0.050375784231706,-0.10784765939930673,0.11937052543204049,-0.08153989802781444,0.18501261476340922,0.21340700490751885,0.057471875167600724,0.031164113796108443
2024-04-03,14.329999923706056,0.11927779903665865,-0.04286769223653269,-0.0943243471428826,0.09344082254622871,-0.08050482168651454,0.19444343006495365,0.21360214617954126,0.05145665490634991,0.037637129449981856
2024-04-04,16.350000381469727,0.23262207120691478,0.030113728367685024,-0.0916281716149284,0.11191832998057206,-0.07881370219599096,0.2028231069089195,0.32425024282184317,0.12174189998261342,0.10892743056367599
2024-04-05,16.030000686645508,0.20427168373061014,0.015418896390456035,-0.07088156451007978,0.14788499208286995,-0.07420344858161856,0.20930097654806099,0.27515324824068993,0.08630046090053581,0.0896223449720746
2024-04-08,15.1899995803833,0.1927196385018279,0.0052299108698271165,-0.07480300913654664,0.15396453978117913,-0.0735649642253406,0.20942458195193242,0.2675226476383745,0.08003292000637376,0.07879487509516772
2024-04-09,14.979999542236328,0.22522948507573684,0.02903277470450378,-0.056024315863785805,0.15676890034644259,-0.07603566163975155,0.20830830118225283,0.2812538009395226,0.08505709056828958,0.10506843634425533
2024-04-10,15.800000190734863,0.29326236365417774,0.07246136926290943,-0.027765375031331682,0.18134091927264495,-0.07017119143509183,0.21130014273732237,0.32102773868550943,0.10022674429424111,0.14263256069800126
2024-04-11,14.90999984741211,0.27002604978878414,0.05772395853509515,-0.02037994299686971,0.16737974438766562,-0.07334085067580975,0.20715502304008315,0.2904059927856538,0.07810390153196486,0.1310648092109049
2024-04-12,17.309999465942383,0.39600618087969136,0.15367092109590544,0.018002366226227945,0.23703432902550084,-0.0633657540837664,0.22047004072227483,0.37800381465346344,0.1356685548696775,0.21703667517967185
2024-04-15,19.229999542236328,0.5493202317691104,0.26320063667626203,0.06061903946587182,0.27706667696462334,-0.057097977364365,0.22680670645780718,0.48870119230323855,0.2025815972103902,0.32029861404062704
2024-04-16,18.399999618530273,0.49539263484662743,0.22097797037655761,0.0499296446650582,0.28495013467130287,-0.05632540445865812,0.2211177160641204,0.4454629901815692,0.17104832571149942,0.2773033748352157
2024-04-17,18.209999084472656,0.49037588112388847,0.21205938149469483,0.04679106837214645,0.2762823291394917,-0.05965770060196005,0.21904742589173615,0.443584812751742,0.1652683131225484,0.2717170820966549
2024-04-18,18.0,0.46789272644820734,0.19783982903651656,0.0395837389850616,0.252930215565747,-0.06185512779704759,0.21621791998857248,0.4283089874631457,0.15825609005145497,0.25969495683356414
2024-04-19,18.709999084472656,0.30301475035836095,0.08100927298484732,-0.07464731030051586,0.18847329093387913,-0.08662902245937479,0.2027087220025915,0.3776620606588768,0.1556565832853632,0.1676382954442221
2024-04-22,16.940000534057617,0.19841870460818078,0.001340303092761386,-0.06634601938784357,0.21695473523479628,-0.08616678078597714,0.20489062131611513,0.26476472399602435,0.06768632248060495,0.08750708387873853
2024-04-23,15.6899995803833,0.12197729590660196,-0.05060754180430902,-0.041519511283552565,0.233500768120299,-0.0821424060056298,0.20590950878348593,0.16349680719015453,-0.009088030520756456,0.03153486420132078
2024-04-24,15.970000267028809,0.12455072044140819,-0.04998188953161434,-0.052735667266741844,0.2297018686792068,-0.08346789231244457,0.20090490563555477,0.17728638770815003,0.0027537777351275064,0.033486002780830235
2024-04-25,15.369999885559082,0.06359078005007107,-0.07896137880925891,-0.060731450926182554,0.20224644397173303,-0.0877504841106404,0.19532284081921417,0.12432223097625363,-0.018229927883076355,0.008789105301381495
2024-04-26,15.029999732971191,-0.014241446905282553,-0.1216087075747844,-0.09695894972525054,0.14558979640942377,-0.09643195314192467,0.1810507112746347,0.082717502819968,-0.024649757849533854,-0.02517675443285973
2024-04-29,14.670000076293944,-0.03179916703377783,-0.1316121202438206,-0.09840174412423125,0.13855875130363898,-0.09870877677076109,0.17810742397079882,0.06660257709045342,-0.03321037611958935,-0.03290334347305951
2024-04-30,15.649999618530272,-0.005190196553315749,-0.10915383261108282,-0.06784675733014292,0.16883264756867947,-0.0878391177252164,0.19570261926246618,0.06265656077682717,-0.041307075280939895,-0.02131471488586642
2024-05-01,15.390000343322754,-0.022307949269184474,-0.12183372189186016,-0.07932802855049208,0.15560900071275674,-0.09784138776720772,0.17554757518891775,0.057020079281307604,-0.042505693341368084,-0.023992334124652445
2024-05-02,14.68000030517578,-0.05122690418716647,-0.14052235263186308,-0.07579245595138662,0.174907371979898,-0.10288452715411596,0.18078462127634512,0.02456555176422015,-0.06472989668047646,-0.03763782547774712
2024-05-03,13.489999771118164,-0.08800997089868867,-0.16136116417101823,-0.0809831476168846,0.17216520349663225,-0.10140395009562263,0.17965091661152874,-0.007026823281804068,-0.08037801655413362,-0.0599572140753956
2024-05-06,13.489999771118164,-0.09112636748818204,-0.16474510973543868,-0.08433631362199019,0.15997551763178006,-0.09508517168003727,0.18452739480836824,-0.006790053866191845,-0.08040879611344849,-0.06965993805540141
2024-05-07,13.229999542236328,-0.0982907993877339,-0.16963647938439178,-0.08527069689265362,0.1580301497553563,-0.09576754684256213,0.18420525493054862,-0.013020102495080274,-0.08436578249173815,-0.07386893254182965
2024-05-08,13.0,-0.10175481238692648,-0.17155194398498208,-0.08347197291908391,0.15684272742965963,-0.09781304899060606,0.1796329950547366,-0.018282839467842565,-0.08807997106589817,-0.07373889499437603
2024-05-09,12.6899995803833,-0.10873531332799585,-0.1762809539810947,-0.09062626121857907,0.1639219957579909,-0.09673858159562679,0.18252961389636077,-0.01810905210941678,-0.08565469276251562,-0.07954237238546791
2024-05-10,12.550000190734863,-0.10277501725145063,-0.17339697043661792,-0.08642566439991435,0.16434438120245687,-0.0960352260534537,0.18485374612587555,-0.016349352851536283,-0.08697130603670357,-0.07736174438316422
2024-05-13,13.600000381469728,-0.0754777974028795,-0.158363290453394,-0.10849536305294766,0.12607777553274674,-0.09622959232859049,0.18504169011463897,0.03301756565006815,-0.04986792740044635,-0.062133698124803516
2024-05-14,13.420000076293944,-0.07585339727004907,-0.15992586482575868,-0.12195749931548738,0.10762487932338811,-0.10511006647108631,0.17708130097695146,0.046104102045438314,-0.0379683655102713,-0.054815798354672374
2024-05-15,12.449999809265137,-0.1066538817263124,-0.18160415348559064,-0.10886641063375706,0.11826841383491894,-0.10306347339126094,0.17944196800377338,0.0022125289074446525,-0.07273774285183358,-0.0785406800943297
2024-05-16,12.420000076293944,-0.10034911495871822,-0.1763136801311891,-0.10566956794026029,0.1205663762213676,-0.10485098326367158,0.18165140818146633,0.005320452981542073,-0.0706441121909288,-0.07146269686751751
2024-05-17,11.989999771118164,-0.11298190594833064,-0.18571558126974932,-0.10769811061249954,0.1285434322974403,-0.10663430441496934,0.18188843229170132,-0.005283795335831107,-0.07801747065724979,-0.07908127685477999
2024-05-20,12.149999618530272,-0.053239883430488084,-0.1387198345262021,-0.06264308783265414,0.1663674121975315,-0.10490543536114418,0.18011930787545682,0.009403204402166056,-0.07607674669354796,-0.03381439916505792
2024-05-21,11.859999656677246,-0.05077248768144721,-0.13618393225418754,-0.06347277992650832,0.1726887956975754,-0.1030441846516011,0.17980413039981624,0.012700292245061112,-0.07271115232767922,-0.033139747602586436
2024-05-22,12.289999961853027,-0.028398200212397,-0.12153983786013067,-0.0750941816680938,0.1841607126221727,-0.07619354903376797,0.16328629755016472,0.0466959814556968,-0.046445656192036874,-0.0453462888263627
2024-05-23,12.770000457763672,-0.056584686502561335,-0.1439071742594904,-0.10443791367160091,0.1825351643537369,-0.09128703267798097,0.16337800263784363,0.04785322716903957,-0.03946926058788949,-0.05262014158150943
2024-05-24,11.93000030517578,-0.07647261971564795,-0.16561441716199116,-0.09919688705728302,0.20159903724694814,-0.08960099705002954,0.16243845880505722,0.022724267341635074,-0.06641753010470813,-0.07601342011196162
2024-05-28,12.920000076293944,-0.012942509152058732,-0.14097589430759516,-0.10002133316986112,0.23735657143734623,-0.09940367590063041,0.16076460125602943,0.08707882401780238,-0.04095456113773405,-0.04157221840696475
2024-05-29,14.279999732971191,0.06299713184964226,-0.09646725240081566,-0.08881224065762097,0.26685990552844085,-0.09620854192712294,0.1645528097252593,0.15180937250726323,-0.00765501174319469,-0.00025871047369271927
2024-05-30,14.470000267028809,0.06493059176990111,-0.09944511383173821,-0.14382436750052208,0.19052473604176964,-0.09719637114185704,0.1621707201341189,0.2087549592704232,0.04437925366878387,-0.002248742689881164
2024-05-31,12.920000076293944,0.005871087971709873,-0.13872672693598004,-0.11525590214852935,0.19439169948193055,-0.09398066029235963,0.16522935418738655,0.12112699012023923,-0.02347082478745069,-0.04474606664362041
2024-06-03,13.109999656677246,0.009674319560657311,-0.14357723414025858,-0.1455035222830285,0.16720469961455875,-0.09508736575191806,0.15925507349754678,0.15517784184368583,0.001926288142769933,-0.04848986838834052
2024-06-04,13.15999984741211,0.065164646919164,-0.12563628376228841,-0.17326464518630774,0.1524901855079856,-0.0999432697062283,0.1556171024782097,0.23842929210547176,0.04762836142401933,-0.025693014056060115
2024-06-05,12.630000114440918,0.015889937892487646,-0.15934647285470724,-0.17501126183268217,0.152318370196844,-0.096914898493697,0.15727360669907534,0.19090119972516983,0.015664788977974936,-0.06243157436101024
2024-06-06,12.579999923706056,0.01617255650831056,-0.15881651947003828,-0.1729352952798469,0.15049705833795762,-0.09828917090951533,0.1541113271437552,0.18910785178815748,0.014118775809808637,-0.06052734856052294
2024-06-07,12.220000267028809,-0.006233045161303248,-0.17172979708299177,-0.17166075040755643,0.14840508613377973,-0.09315197541085041,0.15401451592361193,0.1654277052462532,-6.904667543533582e-05,-0.07857782167214136
2024-06-10,12.739999771118164,0.022831726756655315,-0.14796850372573467,-0.17344716485129957,0.12981479722421105,-0.09201375566942653,0.15616217408945204,0.1962788916079549,0.025478661125564905,-0.05595474805630814
2024-06-11,12.850000381469728,-0.012611792274980075,-0.1522064962231249,-0.17526996870242942,0.11736341660568128,-0.09272478724279448,0.14579271641506647,0.16265817642744934,0.023063472479304514,-0.05948170898033042
2024-06-12,12.039999961853027,-0.06329149858480022,-0.18485150621048166,-0.16999841711033065,0.11508220492745427,-0.09218918008284054,0.144282008143944,0.10670691852553042,-0.014853089100151012,-0.09266232612764112
2024-06-13,11.9399995803833,-0.07663290751602192,-0.19292263166606563,-0.17931208622256525,0.10717835201964228,-0.09203555599976436,0.14636670052289646,0.10267917870654333,-0.013610545443500377,-0.10088707566630127
2024-06-14,12.65999984741211,-0.03713414983531931,-0.1685443390930556,-0.20620992768601235,0.08962535671291982,-0.09537180423658892,0.14776054024130544,0.16907577785069303,0.03766558859295674,-0.07317253485646669
2024-06-17,12.75,-0.0357507088790583,-0.16804076336451307,-0.19602828913315604,0.09318686521353475,-0.09274125970603811,0.14610253964154504,0.16027758025409775,0.027987525768642968,-0.07529950365847496
2024-06-18,12.300000190734863,-0.06294524802184598,-0.18640602586689037,-0.2002976273743712,0.08871829018993303,-0.09650753008758814,0.14262629834934532,0.13735237935252523,0.013891601507480839,-0.08989849577930223
2024-06-20,13.279999732971191,-0.029275835866311616,-0.16604213256066877,-0.20681795792864,0.07590493529299135,-0.10364987368103902,0.13596931512046714,0.1775421220623284,0.040775825367971225,-0.06239225887962975
2024-06-21,13.199999809265137,-0.04357945566398641,-0.17404024801018106,-0.21177929772316265,0.06505844422036867,-0.10468509298512489,0.13632516441612957,0.16819984205917624,0.03773904971298159,-0.06935515502505617
2024-06-24,13.329999923706056,-0.07573083611274722,-0.19921299124870848,-0.23753771775400978,0.05204708412140696,-0.11184248396501584,0.13251879133314406,0.16180688164126256,0.038324726505301304,-0.08737050728369264
2024-06-25,12.84000015258789,-0.06615574738791685,-0.18764976965858435,-0.22126642156592402,0.023272638840389152,-0.12043598374222286,0.1311849032729557,0.15511067417800717,0.03361665190733967,-0.06721378591636148
2024-06-26,12.550000190734863,-0.07397521228751927,-0.18974931338454085,-0.22305686551898649,0.01706354013581733,-0.11911932676898351,0.1289139056403576,0.14908165323146721,0.03330755213444564,-0.07062998661555733
2024-06-27,12.239999771118164,-0.05339355783261527,-0.1699936125589532,-0.19615152950799342,0.019607147138993794,-0.12202306565398119,0.12744804701425258,0.14275797167537815,0.02615791694904021,-0.04797054690497202
2024-06-28,12.4399995803833,-0.04829448364089899,-0.16154601548978523,-0.19761228715231388,-0.004858729825584993,-0.12102228344457104,0.12492291112685092,0.14931780351141488,0.036066271662528654,-0.040523732045214186
2024-07-01,12.220000267028809,-0.046967427166044615,-0.16286445817366554,-0.20270524245968619,-0.016004627149047067,-0.12093413858758179,0.12443576950798854,0.15573781529364156,0.03984078428602064,-0.04193031958608376
2024-07-02,12.029999732971191,-0.05738170054790252,-0.1703615865330387,-0.21238955489965733,-0.0183380322365235,-0.12144127509430426,0.12441582372560885,0.1550078543517548,0.04202796836661862,-0.048920311438734446
2024-07-03,12.09000015258789,-0.052601081597842964,-0.1681656726335532,-0.208648180497554,-0.012742262259395431,-0.12429458501913043,0.12396055397273212,0.15604709889971102,0.04048250786400079,-0.043871087614422766
2024-07-05,12.479999542236328,-0.04455634803131337,-0.15530999841934223,-0.1961285168392036,-0.01920061365522009,-0.12848338476700055,0.11613161010027559,0.15157216880789023,0.040818518419861366,-0.02682661365234168
2024-07-08,12.369999885559082,-0.030000347717928116,-0.1463085046336244,-0.21322980089637697,-0.018516407162714285,-0.1341196852225954,0.10848585618748265,0.18322945317844885,0.06692129626275256,-0.012188819411029006
2024-07-09,12.510000228881836,-0.027753671269214096,-0.1450912679116999,-0.21498969069126295,-0.02001420060567302,-0.13487117745462637,0.10687337830223176,0.18723601942204884,0.06989842277956304,-0.010220090457073533
2024-07-10,12.850000381469728,-0.021747461181163844,-0.14115667337110224,-0.20076519328742803,-0.0019278453707816704,-0.1304095357381776,0.11296924747175585,0.1790177321062642,0.05960851991632579,-0.010747137632924647
2024-07-11,12.920000076293944,-0.04930375279485296,-0.15546200785547537,-0.19896923336963235,0.02221814395608863,-0.13704149459881407,0.11290897240928821,0.14966548057477938,0.04350722551415698,-0.018420513256661303
2024-07-12,12.460000038146973,-0.04415365922966632,-0.1584015368240463,-0.18944858793796163,0.032992262827846036,-0.1341590177019876,0.1111977210850751,0.1452949287082953,0.031047051113915314,-0.024242519122058714
2024-07-15,13.119999885559082,-0.0038775682177083887,-0.13059920608033795,-0.19185402705274668,0.059671557903997474,-0.14369009502890984,0.09453495565344995,0.1879764588350383,0.061254820972408724,0.013090888948571883
2024-07-16,13.1899995803833,0.007528901002370685,-0.12050602877631231,-0.1779742014211729,0.06039190422491946,-0.149001028680454,0.08584699367971338,0.1855031024235436,0.05746817264486059,0.0284949999041417
2024-07-17,14.479999542236328,0.013890815171613165,-0.11304044445411927,-0.16335546851749763,0.051599203031626475,-0.145936636106383,0.0813283728761457,0.1772462836891108,0.05031502406337836,0.03289619165226372
2024-07-18,15.93000030517578,0.06441032183393382,-0.07550280122739017,-0.16498941818801746,0.06945521550921442,-0.14269049339308282,0.08476313964323852,0.2293997400219513,0.08948661696062729,0.06718769216569265
2024-07-19,16.520000457763672,0.095666046803682,-0.0532382548639941,-0.15549439527605063,0.08943562905355924,-0.14179705096529047,0.09241238381677326,0.25116044207973265,0.10225614041205654,0.08855879610129637
2024-07-22,14.90999984741211,0.0215680358187668,-0.10549112977705191,-0.14420392363362497,0.09223179221826487,-0.12451094114809971,0.09514499408561687,0.16577195945239176,0.03871279385657306,0.0190198113710478
2024-07-23,14.720000267028809,0.024069000293981447,-0.10384675671381609,-0.13815017470483879,0.09657826681705259,-0.12546412430438164,0.09238883738298603,0.16221917499882024,0.0343034179910227,0.021617367590565553
2024-07-24,18.040000915527344,0.12497196291144692,-0.02115411037340185,-0.06729615640447131,0.1463214645878087,-0.11358951902728494,0.10942786930049289,0.19226811931591825,0.04614204603106946,0.09243540865388308
2024-07-25,18.459999084472656,0.16965664465766278,0.014664768557832442,-0.04390939714258313,0.150353785931493,-0.11100350782095006,0.1088484622650881,0.2135660418002459,0.05857416570041557,0.1256682763787825
2024-07-26,16.389999389648438,0.08792756416482768,-0.04451739710423537,-0.02437057175592775,0.16953246304143,-0.10375499110031225,0.1183406951332994,0.11229813592075544,-0.02014682534830762,0.05923759399607688
2024-07-29,16.600000381469727,0.09878137511811866,-0.037313663882556414,-0.023247861756430992,0.1707940630055871,-0.09629511783538781,0.1318975663020357,0.12202923687454965,-0.014065802126125421,0.0589814539528314
2024-07-30,17.690000534057617,0.10900402143316419,-0.035656785300000146,-0.05185650683560822,0.17273674700874847,-0.10605862492850597,0.13272988721601,0.1608605282687724,0.016199721535608072,0.07040183962850582
2024-07-31,16.360000610351562,-0.03216177396589824,-0.1472855709790925,-0.09565323316447948,0.17137632794180388,-0.13593002369611326,0.11111676775665968,0.06349145919858123,-0.05163233781461303,-0.011355547282979245
2024-08-01,18.59000015258789,0.02131605516278248,-0.11087260473125095,-0.09822995020448408,0.17788420908193284,-0.13161878020756834,0.11979637924755014,0.11954600536726656,-0.01264265452676687,0.020746175476317394
2024-08-02,23.38999938964844,0.19039146209670763,0.02714818173354066,-0.05618201552398563,0.1771065083852432,-0.11386237046922577,0.12229917582442423,0.24657347762069326,0.08333019725752629,0.14101055220276643
2024-08-05,38.56999969482422,0.8585720274504995,0.5464577947974888,-0.0010928873366194123,0.2898565198336085,-0.08335623145444797,0.19036777847547842,0.8596649147871189,0.5475506821341082,0.6298140262519367
2024-08-06,27.709999084472656,0.2949234415701501,0.11379787415911377,0.0012879308536171536,0.29401425546815374,-0.08417381962335403,0.18718689655256632,0.29363551071653293,0.11250994330549662,0.19797169378246782
2024-08-07,27.850000381469727,0.28762399586895543,0.10758378308519527,-0.003830336733388568,0.29323553452338663,-0.08675788092226627,0.18688905236555275,0.291454332602344,0.11141411981858383,0.19434166400746156
2024-08-08,23.790000915527344,0.1160191073394639,-0.021219402037596112,0.020696043642794294,0.31381442646120683,-0.06904489400401662,0.20228864187876697,0.0953230636966696,-0.041915445680390406,0.047825491966420504
2024-08-09,20.3700008392334,0.026998523472510617,-0.08877265364992433,0.03612511816850808,0.31836383204436575,-0.06921383301972707,0.20080996240939172,-0.009126594695997463,-0.12489777181843241,-0.01955882063019726
2024-08-12,20.709999084472656,0.032306646503318014,-0.0862222861405125,0.02711559783249467,0.32337000508490915,-0.07206345802433752,0.20128610132440275,0.005191048670823345,-0.11333788397300718,-0.014158828116174985
2024-08-13,18.1200008392334,-0.06091779156207121,-0.1553673386145047,0.0319511362498682,0.3279468361459626,-0.06751438301028843,0.20754831998574524,-0.09286892781193941,-0.1873184748643729,-0.08785295560421626
2024-08-14,16.190000534057617,-0.11111174694032858,-0.1914269806664541,0.02915460953670124,0.3290750535967559,-0.06855711857581391,0.20458864955797848,-0.1402663564770298,-0.22058159020315535,-0.1228698620906402
2024-08-15,15.229999542236328,-0.12444455196559709,-0.20145385698017346,0.05447347564102237,0.3759252369144623,-0.06321767602146997,0.20554699075773578,-0.17891802760661946,-0.2559273326211958,-0.1382361809587035
2024-08-16,14.800000190734863,-0.13365516137927794,-0.20980287328188335,0.055861938834034994,0.3805600076293044,-0.06352638418404781,0.2046652330721113,-0.18951710021331292,-0.26566481211591836,-0.14627648909783553
2024-08-19,14.649999618530272,-0.14182446921088077,-0.21601432178134256,0.0534796036535527,0.38226842026290303,-0.062486530415690106,0.20595992086662893,-0.19530407286443346,-0.26949392543489525,-0.15352779136565245
2024-08-20,15.880000114440918,-0.1047716730523691,-0.1896683866944581,0.053694266309062044,0.38448081731033745,-0.0621795200033176,0.2086065486319123,-0.15846593936143116,-0.24336265300352014,-0.1274888666911405
2024-08-21,16.270000457763672,-0.09470786183908833,-0.18289719174988958,0.05491312921333358,0.3879365934071655,-0.062027637273543844,0.20870942265546336,-0.1496209910524219,-0.23781032096322316,-0.12086955447634573
2024-08-22,17.549999237060547,-0.03545494512230806,-0.14878881441459418,0.044156006393414646,0.38343170724263853,-0.0626056714038839,0.2064240128674937,-0.0796109515157227,-0.19294482080800884,-0.08618314301071028
2024-08-23,15.859999656677246,-0.09547267797124062,-0.19571778726513497,0.0500361655996976,0.4013281616890092,-0.048026082487174944,0.20935527511098084,-0.1455088435709382,-0.24575395286483256,-0.14769170477796004
2024-08-26,16.149999618530273,-0.0889209124185516,-0.19278120466039006,0.03518388549780916,0.38989253558814146,-0.04916618769851438,0.20799097766353827,-0.12410479791636075,-0.2279650901581992,-0.14361501696187567
2024-08-27,15.43000030517578,-0.11100215621351192,-0.20823507812196318,0.03532528940686133,0.39015875995656096,-0.04048439504379831,0.20909523319301385,-0.14632744562037325,-0.2435603675288245,-0.16775068307816488
2024-08-28,17.110000610351562,-0.03352272018671207,-0.15032431083352393,0.0639775430696024,0.4065496890621891,-0.042258465971999344,0.20655740291326596,-0.09750026325631447,-0.21430185390312634,-0.1080658448615246
2024-08-29,15.649999618530272,-0.02579231224734699,-0.1385437399821832,0.0996740370310869,0.41983197101641984,-0.04929474327937699,0.20719098009770534,-0.1254663492784339,-0.2382177770132701,-0.0892489967028062
2024-08-30,15.0,-0.02106184817650082,-0.13342957988884727,0.11928555290174714,0.43678046685415406,-0.04976443023115045,0.20538382512032058,-0.14034740107824795,-0.25271513279059443,-0.08366514965769681
2024-09-03,20.719999313354492,0.16072719844270014,-0.017928992287921653,0.07486426545487535,0.511400515315163,-0.04719129071552888,0.22122880155875516,0.0858629329878248,-0.092793257742797,0.02926229842760723
2024-09-04,21.31999969482422,0.3228690959540344,0.07292927703796331,0.007421272355234333,0.29226234138233514,-0.04749427695510364,0.224053507925237,0.3154478235988001,0.06550800468272898,0.12042355399306695
2024-09-05,19.899999618530273,0.2505074380535196,0.01880073884000603,0.004459628544879271,0.3017893023104906,-0.048586590363512226,0.21916832373774547,0.24604780950864033,0.01434111029512676,0.06738732920351825
2024-09-06,22.3799991607666,0.3761557287820621,0.12480899063649321,0.04287663961707645,0.3638223674302189,-0.040644252081809114,0.23365269725568152,0.33327908916498566,0.08193235101941676,0.16545324271830233
2024-09-09,19.450000762939453,0.23495638765799207,0.018069700820389622,-0.004723573021191884,0.3235639495269719,-0.03765963233830289,0.23523222102234054,0.23967996067918396,0.022793273841581505,0.05572933315869251
2024-09-10,19.079999923706055,0.20059626999396032,-0.0012864589994677246,-0.00801474501686448,0.2747910528059897,-0.0372976265466715,0.22664118897052787,0.2086110150108248,0.006728286017396756,0.03601116754720378
2024-09-11,17.690000534057617,0.076286166827629,-0.0889616398664502,-0.02886496075611847,0.25539476803997735,-0.03969667904097722,0.23610389973664228,0.10515112758374746,-0.06009667911033173,-0.04926496082547298
2024-09-12,17.06999969482422,0.07941491605086007,-0.08570074570225542,-0.03403687984353446,0.21832033014839694,-0.03739026001613662,0.24039045552288857,0.11345179589439452,-0.05166386585872096,-0.048310485686118794
2024-09-13,16.559999465942383,0.058849844114883296,-0.10078863844000531,-0.02823200126985549,0.21602022540925306,-0.03403309930333846,0.24021848696127526,0.08708184538473879,-0.07255663717014982,-0.06675553913666685
2024-09-16,17.139999389648438,0.09782013214488398,-0.0717783063053366,-0.06835603503652671,0.17572471361366165,-0.03493111494095431,0.23637781884688297,0.1661761671814107,-0.0034222712688098955,-0.036847191364382297
2024-09-17,17.610000610351562,0.12263149202381465,-0.054175064079936636,-0.06844540901327677,0.18695569270232065,-0.03739630694612468,0.23771152727189163,0.1910769010370914,0.014270344933340132,-0.016778757133811953
2024-09-18,18.229999542236328,0.16891623086059826,-0.019535703053526216,-0.07177642560695324,0.17264805907210973,-0.0358469201262383,0.23723549337775462,0.2406926564675515,0.05224072255342703,0.016311217072712086
2024-09-19,16.329999923706055,0.04694018015458642,-0.09758821433663413,-0.03774411711090995,0.21024608137301126,-0.025570721179586173,0.247883141345523,0.08468429726549637,-0.05984409722572418,-0.07201749315704796
2024-09-20,16.149999618530273,0.03763090431473939,-0.10413990614747876,-0.04045318198901875,0.2112143783606325,-0.023448784199815033,0.25014385798024974,0.07808408630375813,-0.06368672415846001,-0.08069112194766373
2024-09-23,15.890000343322754,0.040736264669798614,-0.10286862906796988,-0.03801383464250373,0.21343766303733455,-0.014285317201438635,0.25276583949722287,0.07875009931230234,-0.06485479442546616,-0.08858331186653125
2024-09-24,15.390000343322754,0.023956712444172898,-0.11482599139861432,-0.05129790085338219,0.19786093255312645,-0.008177368632292164,0.25493212796012177,0.07525461329755509,-0.06352809054523213,-0.10664862276632216
2024-09-25,15.40999984741211,0.025237709079965875,-0.11403963140863413,-0.05113612707085855,0.20354510232044237,-0.007798577140720999,0.2562302195704028,0.07637383615082442,-0.06290350433777558,-0.10624105426791312
2024-09-26,15.369999885559082,0.025455735505770998,-0.11409510605063862,-0.04732559114851649,0.20636595161025267,-0.006240885662637553,0.25638744979583505,0.07278132665428749,-0.06676951490212213,-0.10785422038800106
2024-09-27,16.959999084472656,0.09738474609257947,-0.06340980207951731,-0.05236368779121782,0.2030093184450635,-0.006706984292043039,0.2596524811555436,0.14974843388379727,-0.011046114288299491,-0.05670281778747427
2024-09-30,16.729999542236328,0.12219918297283765,-0.041092223853550804,-0.018958729384016507,0.2147149297087703,-0.005151822357808322,0.2654381063682666,0.14115791235685415,-0.022133494469534297,-0.03594040149574248
2024-10-01,19.260000228881836,0.2321817150149534,0.03837782818674096,-0.03262321024662579,0.20165852601448625,-0.0072401598226765305,0.2610406649768513,0.26480492526157917,0.07100103843336675,0.04561798800941749
2024-10-02,18.899999618530273,0.37795408897908345,0.14084491638836044,-0.022116542250468302,0.1733329833050079,-0.004466240037931752,0.2619632305713068,0.4000706312295518,0.16296145863882874,0.1453111564262922
2024-10-03,20.489999771118164,0.4735630620203367,0.2100343215123077,-0.029373171020733398,0.16787840171449808,-0.0053006743960168305,0.2646823477723599,0.5029362330410702,0.23940749253304108,0.21533499590832453
2024-10-04,19.209999084472656,0.3799174055528787,0.1426876476213798,-0.015649695731173138,0.19293593754890054,-0.0017833662590885867,0.2701053672871524,0.3955671012840518,0.15833734335255295,0.1444710138804684
2024-10-07,22.63999938964844,0.6859283222719806,0.361929630586786,-0.04475111807941851,0.16984313080401772,2.0956943018506013e-05,0.2768471955019684,0.7306794403513992,0.4066807486662045,0.3619086736437675
2024-10-08,21.420000076293945,0.579136393684765,0.28287331879005584,-0.05695785968096912,0.1708448684696092,-0.0021260325979427113,0.2688502215886588,0.6360942533657341,0.33983117847102495,0.28499935138799853
2024-10-09,20.86000061035156,0.5617545429187586,0.2648459977580328,-0.05003287547285397,0.19119529355134968,0.00599357776500891,0.26950213056946937,0.6117874183916125,0.31487887323088676,0.2588524199930239
2024-10-10,20.93000030517578,0.7668027807843837,0.4068844503202665,-0.005587594810804715,0.2030730301804457,0.004541528172826026,0.2721197153205622,0.7723903755951884,0.4124720451310712,0.40234292214744044
2024-10-11,20.459999084472656,0.7507324058407182,0.39315606862644126,-0.007138986589128094,0.19639548935450668,0.0062723569577968225,0.2701765471199527,0.7578713924298464,0.40029505521556935,0.38688371166864444
2024-10-14,19.700000762939453,0.6632801938294173,0.32891672389491905,-0.00446510474873835,0.20569162917853706,0.006903134187034914,0.2716055287595344,0.6677452985781557,0.3333818286436574,0.32201358970788413
2024-10-15,20.63999938964844,0.7045406383567643,0.360333554952929,-0.005801684785486724,0.24339438563537305,0.008076998998732984,0.2898451902583577,0.710342323142251,0.3661352397384157,0.352256555954196
2024-10-16,19.579999923706055,0.5900082692222993,0.276490917492216,-0.010995846983973972,0.2355121933151042,0.007070605747125647,0.2912798366752802,0.6010041162062733,0.28748676447619,0.26942031174509035
2024-10-17,19.11000061035156,0.5640717191009644,0.257147839742438,-0.007582033447973145,0.23845373363577219,0.006163170850669901,0.29024140729119624,0.5716537525489376,0.26472987319041114,0.25098466889176807
2024-10-18,18.030000686645508,0.599670414570946,0.2678342122444546,-0.05395207370961345,0.18200929167063049,0.007185310563745549,0.29258494062935275,0.6536224882805595,0.32178628595406805,0.26064890168070903
2024-10-21,18.3700008392334,0.6000036751150151,0.26614590751768,-0.07175347701566054,0.1836419128224474,0.003768582747845359,0.2930165986487279,0.6717571521306755,0.33789938453334056,0.26237732476983466
2024-10-22,18.200000762939453,0.5734104756033016,0.24940452755100004,-0.07355548520375745,0.18008593415155497,-0.004292905690363974,0.28376053706769344,0.646965960807059,0.3229600127547575,0.253697433241364
2024-10-23,19.239999771118164,0.6317586953800105,0.30118391978638576,-0.04737010249847051,0.2235030010158215,-0.002114999662351333,0.29435782375681036,0.679128797878481,0.34855402228485627,0.3032989194487371
2024-10-24,19.079999923706055,0.6341275969876039,0.3020281951395547,-0.041816731792250365,0.22423918709604043,-0.00803926288558964,0.29075054301915365,0.6759443287798542,0.3438449269318051,0.31006745802514435
2024-10-25,20.329999923706055,0.7379035572268089,0.37940047098756785,-0.04792344999989646,0.2170401265886811,-0.00793527636838498,0.2900918582304147,0.7858270072267054,0.4273239209874643,0.38733574735595283
2024-10-28,19.799999237060547,0.7055178059490077,0.3545844776525361,-0.04082765398411975,0.22498260170394152,0.004421602916260339,0.2953590457684558,0.7463454599331274,0.39541213163665584,0.3501628747362758
2024-10-29,19.34000015258789,0.6574408584113018,0.32161765804164716,-0.04271946598902877,0.2063743120361452,0.029248478748126444,0.29843304811028826,0.7001603244003306,0.3643371240306759,0.2923691792935207
2024-10-30,20.350000381469727,0.8274750740191031,0.4401420512469132,-0.04636849807872095,0.19849963491029665,0.030565819503134372,0.3009965127819182,0.873843572097824,0.48651054932563415,0.40957623174377883
2024-10-31,23.15999984741211,0.7931127040835764,0.44573227083037603,0.005041815513186268,0.2691522090570697,0.027340329676873252,0.3178817773563063,0.7880708885703901,0.44069045531718976,0.41839194115350276
2024-11-01,21.8799991607666,0.6422208510372743,0.3414096835827211,0.004962540507153163,0.25405446055498876,-0.00508232589020951,0.23903434475683097,0.6372583105301212,0.33644714307556794,0.34649200947293063
2024-11-04,21.979999542236328,0.6652408836611506,0.35703072618056286,-0.008092333326393928,0.2112917212482491,-0.005883014854584716,0.2415336518056948,0.6733332169875446,0.3651230595069568,0.36291374103514756
2024-11-05,20.489999771118164,0.5931302271560828,0.2975334769195381,0.012995032348869513,0.21129842234669935,0.006562040485431311,0.2501087245127251,0.5801351948072132,0.28453844457066857,0.2909714364341068
2024-11-06,16.270000457763672,0.22959748455323714,0.05422415414459199,0.09696698804764005,0.32196407996386595,0.013440235169017859,0.27584734311690945,0.1326304965055971,-0.04274283390304806,0.04078391897557413
2024-11-07,15.199999809265137,0.15700887967550287,0.006715643097769668,0.08521466495449359,0.30828487523782705,0.012277550899567545,0.26587949615835904,0.07179421472100928,-0.07849902185672392,-0.005561907801797878
2024-11-08,14.9399995803833,0.145480691472207,-0.0009041074326627948,0.08862116284057754,0.3061394984016178,0.017644300286558993,0.26592247952741993,0.05685952863162945,-0.08952527027324034,-0.01854840771922179
2024-11-11,14.970000267028809,0.14291478349591508,-0.0029565449745583075,0.07873026240742408,0.30304783406759916,0.013191162218742418,0.2583000533839408,0.064184521088491,-0.08168680738198239,-0.016147707193300727
2024-11-12,14.710000038146973,0.13584947201584724,-0.008426017642546644,0.0721544608302887,0.30165249495314156,0.013462146794138216,0.26016271070892594,0.06369501118555854,-0.08058047847283535,-0.02188816443668486
2024-11-13,14.020000457763672,0.12886433074587517,-0.01354698603992143,0.08193174979991567,0.30981786653076915,0.0003068153064894613,0.25278806137362547,0.04693258094595949,-0.0954787358398371,-0.01385380134641089
2024-11-14,14.3100004196167,0.14955253878845037,0.001526965842734179,0.09317801882437703,0.31167842249667405,0.0024757143179979174,0.253123924893772,0.05637451996407335,-0.09165105298164285,-0.0009487484752637384
2024-11-15,16.139999389648438,0.19965667069891352,0.04045918392835755,0.09556050485282357,0.33143588366414706,0.006418696083945615,0.25673915831569005,0.10409616584608995,-0.05510132092446601,0.03404048784441194
2024-11-18,15.579999923706056,0.16938849552696106,0.019680783929996504,0.09281567466725493,0.3277011027094007,0.007471705468728867,0.2568925489914929,0.07657282085970613,-0.07313489073725843,0.012209078461267637
2024-11-19,16.350000381469727,0.19378770663882494,0.03727464872419435,0.08574093589429205,0.31442520113162387,0.0007172743732926991,0.2536066042854428,0.1080467707445329,-0.0484662871700977,0.03655737435090165
2024-11-20,17.15999984741211,0.23300656597217187,0.06508984639389725,0.08606563888640262,0.30549178583623426,0.0017513733163388126,0.25140277853598747,0.14694092708576925,-0.020975792492505363,0.06333847307755844
2024-11-21,16.8700008392334,0.21936516457639266,0.055387813544667354,0.07683846147411537,0.26768954612272666,-0.0017023831923113513,0.2417609436501172,0.14252670310227727,-0.021450647929448015,0.0570901967369787
2024-11-22,15.239999771118164,0.12987809235745074,-0.007050456793652493,0.06541261975888285,0.26061144286546484,-0.003573898301308186,0.2411171240399046,0.06446547259856789,-0.07246307655253534,-0.0034765584923443066
2024-11-25,14.600000381469728,0.083853132258393,-0.03870038212972793,0.049516946098632136,0.2504759314021336,-0.00839392435370253,0.23977605581900777,0.03433618615976086,-0.08821732822836006,-0.0303064577760254
2024-11-26,14.100000381469728,0.05999225419818177,-0.05384912839585366,0.04771018216778875,0.24599333497024642,-0.00876942983367569,0.23763450199116548,0.01228207203039302,-0.10155931056364241,-0.04507969856217797
2024-11-27,14.100000381469728,0.06185505902904763,-0.053468004690684426,0.05044787488479037,0.25590418845775625,0.003967450706376905,0.24139048649027003,0.01140718414425726,-0.1039158795754748,-0.05743545539706133
2024-11-29,13.510000228881836,0.043244669672783974,-0.06711309568931224,0.05797203670955853,0.2633935927311341,0.0011130900469507811,0.24110229450850695,-0.014727367036774554,-0.12508513239887076,-0.06822618573626303
2024-12-02,13.34000015258789,0.0849518177483454,-0.04482902553520338,0.035529770513609615,0.20991004921108108,0.0069624580946592955,0.2228795285740529,0.04942204723473578,-0.08035879604881299,-0.051791483629862675
2024-12-03,13.300000190734863,0.09736934482807942,-0.038135056095017696,0.04381289595753641,0.22270766709583745,0.006740568615616509,0.21826048750119417,0.05355644887054301,-0.0819479520525541,-0.04487562471063421
2024-12-04,13.449999809265137,0.08852929346759386,-0.04482197824153451,0.036707439966877434,0.21430493789083538,0.005071090767535601,0.21879644793096698,0.05182185350071643,-0.08152941820841195,-0.04989306900907012
2024-12-05,13.539999961853027,0.10120706974264397,-0.03558156502194284,0.01659433990884225,0.19741903255515897,-0.004433054246230292,0.1966052814478457,0.08461272983380172,-0.05217590493078509,-0.031148510775712547
2024-12-06,12.770000457763672,0.11444244936810989,-0.03921510616657313,-0.09270444518968878,0.0010674263439991252,-0.010174555374051207,0.19080711205546216,0.20714689455779867,0.053489339023115645,-0.02904055079252192
2024-12-09,14.1899995803833,0.21118171722763984,0.019661250678009678,-0.10169046911119957,-0.0015690074220121512,-0.01048242654777108,0.1936515569661829,0.3128721863388394,0.12135171978920925,0.030143677225780756
2024-12-10,14.18000030517578,0.16755444648529336,-0.007096661383623348,-0.11960985843250017,-0.006783264235578044,-0.0031766644242505015,0.18981021577970156,0.28716430491779354,0.11251319704887683,-0.003919996959372847
2024-12-11,13.579999923706056,0.10005146772232903,-0.050621147414134565,-0.12085857950182122,-0.006562481855684628,-0.010550610808690368,0.1804589760471099,0.22091004722415025,0.07023743208768665,-0.0400705366054442
2024-12-12,13.920000076293944,0.11826965811869318,-0.03805052713906089,-0.11614063644360365,0.0069623701665474155,-0.01121719184558305,0.18438236569598743,0.23441029456229684,0.07809010930454276,-0.02683333529347784
2024-12-13,13.8100004196167,0.11192124569927527,-0.04326223706358245,-0.11795880564355347,0.018374326427865857,-0.010158357513640564,0.19155913293076415,0.22988005134282874,0.07469656857997103,-0.033103879549941886
2024-12-16,14.6899995803833,0.1427741961171751,-0.020591821094813733,-0.12739220964552866,0.017362697103229546,-0.012213843173367654,0.18652380096270463,0.2701664057627038,0.10680038855071493,-0.00837797792144608
2024-12-17,15.869999885559082,0.2574633652231807,0.049658378944486915,-0.15707813677113847,-0.01621128664648403,-0.010467989217199127,0.18847731609123608,0.41454150199431916,0.20673651571562537,0.06012636816168604
2024-12-18,27.6200008392334,1.0356301585681633,0.6404546351583548,0.02726207092198274,0.13563108012382855,0.03373803074134214,0.19908399938621849,1.0083680876461805,0.613192564236372,0.6067166044170126
2024-12-19,24.09000015258789,0.7985503799554436,0.4598178589827302,0.04766453325716719,0.13958291845648924,0.03384119235237984,0.19859999306802834,0.7508858466982764,0.412153325725563,0.4259766666303504
2024-12-20,18.36000061035156,0.3470332673855054,0.13161134454280612,0.06321948597407322,0.1558343721041035,0.03883782927299672,0.20162765366939758,0.28381378141143215,0.06839185856873291,0.0927735152698094
2024-12-23,16.780000686645508,0.2583956879563894,0.06688063669625048,0.0656504799072081,0.18646867268195066,0.04072980509138841,0.2045180470603432,0.1927452080491813,0.0012301567890423831,0.02615083160486207
2024-12-24,14.270000457763672,0.13907985287665667,-0.01515379207706788,0.10003983054602097,0.213844877269945,0.04936999278254417,0.20833361063147993,0.03904002233063569,-0.11519362262308885,-0.06452378485961205
2024-12-26,14.729999542236328,0.19715263843942707,0.02336350312771194,0.12789055179800274,0.21936076110787978,0.048515923277256234,0.20824824051210414,0.06926208664142433,-0.1045270486702908,-0.025152420149544295
2024-12-27,15.949999809265137,0.26519531845611893,0.06917377282019307,0.14487198922833303,0.23186785426872314,0.05473888635938075,0.21552462340334294,0.12032332922778591,-0.07569821640813995,0.014434886460812327
2024-12-30,17.399999618530273,0.34982224073243523,0.13009306764048875,0.16919063423912917,0.24849520775590767,0.06328464016638696,0.2187502259817829,0.18063160649330606,-0.039097566598640415,0.06680842747410179
2024-12-31,17.350000381469727,0.3429736667392745,0.12554658526797663,0.1611607721473804,0.23034254476740046,0.06546852145367352,0.22172502273006245,0.1818128945918941,-0.035614186879403764,0.06007806381430311
2025-01-02,17.93000030517578,0.3603147370592693,0.1383471247882941,0.14771284189808614,0.222521823824319,0.06112119500005646,0.21761005174390055,0.21260189516118316,-0.009365717109792032,0.07722592978823765
2025-01-03,16.1299991607666,0.22729082531343023,0.04284922656799644,0.15855842719295912,0.261654483292744,0.067880605400177,0.22526413117027658,0.0687323981204711,-0.11570920062496268,-0.02503137883218056
2025-01-06,16.040000915527344,0.21746370620043953,0.03668273083122574,0.1533857232796063,0.2848743455583716,0.06014809905648105,0.2179543710455486,0.06407798292083322,-0.11670299244838057,-0.023465368225255315
2025-01-07,17.81999969482422,0.2536975015132167,0.06215959198545989,0.12575756523865683,0.2722199574048561,0.053931604172874965,0.21179344638790434,0.12793993627455985,-0.06359797325319694,0.008227987812584922
2025-01-08,17.700000762939453,0.26021588463977974,0.06472534530881406,0.13484972696060155,0.2804205933634496,0.05515615705032619,0.21446865727879189,0.1253661576791782,-0.07012438165178748,0.00956918825848787
2025-01-10,19.540000915527344,0.35253918902524617,0.13319768359360373,0.16402523610704964,0.3051475024212834,0.06331861235007982,0.2218709264950387,0.18851395291819653,-0.030827552513445905,0.06987907124352391
2025-01-13,19.190000534057617,0.3666743327183278,0.14183782657414837,0.18882593083510082,0.31093243144857347,0.06217446928604522,0.21930104026931801,0.17784840188322695,-0.04698810426095246,0.07966335728810314
2025-01-14,18.709999084472656,0.4030026389408258,0.16128359388934765,0.22503194746889396,0.3248647860363022,0.05986643003086703,0.2165080168402312,0.1779706914719318,-0.06374835357954631,0.10141716385848062
2025-01-15,16.1200008392334,0.1954708153082472,0.0211065511771675,0.24113426268866103,0.3862628728833223,0.06971948294601525,0.2392541934228366,-0.045663447380413835,-0.22002771151149353,-0.04861293176884775
2025-01-16,16.600000381469727,0.19600075038748,0.02625740092426921,0.21538853576310968,0.3850510033647637,0.06712671371319226,0.2400565677085823,-0.019387785375629685,-0.18913113483884048,-0.04086931278892305
2025-01-17,15.970000267028809,0.16843512495541013,0.004344070306272011,0.23539531563829183,0.4389885366838228,0.0711113911686278,0.24836892418722145,-0.0669601906828817,-0.23105124533201982,-0.06676732086235579
2025-01-21,15.0600004196167,0.10920536144819941,-0.034866116038330466,0.22693718671109087,0.4266860771111879,0.0710988366107014,0.24329537448714747,-0.11773182526289146,-0.2618033027494213,-0.10596495264903187
2025-01-22,15.100000381469728,0.12000640741116789,-0.03764497303391938,0.0745420806879036,0.33396870000571605,0.06283102037383552,0.2340714204310575,0.04546432672326428,-0.11218705372182299,-0.1004759934077549
2025-01-23,15.020000457763672,0.11866219739888693,-0.03848210479788539,0.08268255275247419,0.3394074577632539,0.0696442511447261,0.23596758889194114,0.03597964464641275,-0.12116465755035957,-0.1081263559426115
2025-01-24,14.850000381469728,0.11444801714729688,-0.04284964874470954,0.05961891846698829,0.3319904819884651,0.06734854861784348,0.23493741787220238,0.054829098680308594,-0.10246856721169784,-0.11019819736255301
2025-01-27,17.899999618530273,-0.026845522434057693,-0.16062871001622311,-0.14801240779288338,0.2425266302021825,-0.018917886244715843,0.19626805953100268,0.1211668853588257,-0.012616302223339732,-0.14171082377150726
2025-01-28,16.40999984741211,-0.12033536973921809,-0.22696790588033372,-0.18606354336055322,0.22271749032886337,-0.03395476524746272,0.19430408249431788,0.06572817362133514,-0.040904362519780496,-0.193013140632871
2025-01-29,16.559999465942383,-0.12369315741714469,-0.2305048633493028,-0.1910872963676427,0.2243025301648893,-0.0362448520069054,0.19496307607310123,0.06739413895049802,-0.0394175669816601,-0.1942600113423974
2025-01-30,15.84000015258789,-0.14241580176662325,-0.2346620481979693,-0.19271791442640754,0.18191876608015806,-0.038945640128338836,0.18309717050797672,0.05030211265978429,-0.041944133771561753,-0.19571640806963045
2025-01-31,16.43000030517578,-0.13097026337186604,-0.2275083424734785,-0.2084719188053172,0.16381378098983398,-0.04027150668146052,0.18598203054241505,0.07750165543345117,-0.0190364236681613,-0.187236835792018
2025-02-03,18.6200008392334,-0.06750628219583507,-0.18040878510315392,-0.20523117356571885,0.16914748161114976,-0.040434065358779255,0.18716401073927424,0.13772489136988378,0.02482238846256493,-0.13997471974437467
2025-02-04,17.209999084472656,-0.10772612167610997,-0.2071927198173203,-0.19733050005066036,0.18142568529245223,-0.04984341455578539,0.17841704432969685,0.08960437837455039,-0.009862219766659935,-0.1573493052615349
2025-02-05,15.770000457763672,-0.15039061443081914,-0.22968819439507046,-0.2078566589208586,0.14868426401285195,-0.05820499247888954,0.17632604293999027,0.057466044490039475,-0.02183153547421185,-0.1714832019161809
2025-02-06,15.5,-0.15686333276990128,-0.23592166071879977,-0.2109709422578557,0.14814709222482558,-0.059560552507315075,0.17829877765698415,0.05410760948795443,-0.02495071846094407,-0.1763611082114847
2025-02-07,16.540000915527344,-0.11676189050324778,-0.20224804576849148,-0.19977509817584488,0.15859861007710796,-0.06274499890517037,0.1768105574947332,0.0830132076725971,-0.0024729475926466016,-0.1395030468633211
2025-02-10,15.8100004196167,-0.13724537214074273,-0.2165054804329461,-0.19744369926884756,0.14886888604635304,-0.08744305730932331,0.12964650938739092,0.06019832712810483,-0.01906178116409854,-0.1290624231236228
2025-02-11,16.020000457763672,-0.1295009191028108,-0.21176079441189652,-0.21796164457392883,0.12288094604289684,-0.08958788234952553,0.14170875690100165,0.08846072547111802,0.006200850162032312,-0.12217291206237099
2025-02-12,15.890000343322754,-0.1323572335142653,-0.213379513411237,-0.2165727665783654,0.13682262721888314,-0.0901886707330004,0.1422322160192889,0.08421553306410012,0.0031932531671284015,-0.12319084267823661
2025-02-13,15.100000381469728,-0.15489121473358614,-0.22949050963614825,-0.20963449886639648,0.1566324139606488,-0.08641317812438619,0.14891656411594506,0.05474328413281035,-0.01985601076975177,-0.14307733151176205
2025-02-14,14.770000457763672,-0.16495418218075103,-0.24174254664571096,-0.2468642440466049,0.09116396415206983,-0.08739827147352151,0.14858207632023607,0.08191006186585387,0.0051216974008939375,-0.15434427517218946
2025-02-18,15.350000381469728,-0.14804090913129658,-0.23203283819744178,-0.24701675544348675,0.06324980327335632,-0.08626533882751965,0.14718930570354355,0.09897584631219017,0.014983917246044975,-0.14576749936992212
2025-02-19,15.270000457763672,-0.147272579029978,-0.23219388845885314,-0.25571170305036767,0.04285225248029939,-0.087630186136172,0.14674077928349571,0.10843912402038966,0.02351781459151453,-0.14456370232268112
2025-02-20,15.65999984741211,-0.13283354958863494,-0.22218231015042772,-0.26020340072056297,0.058417334565893854,-0.09198008039628133,0.1393171879336782,0.12736985113192803,0.03802109057013525,-0.1302022297541464
2025-02-21,18.209999084472656,-0.05637444612014091,-0.16741714373281044,-0.23063035388091116,0.12648507525254138,-0.08136744219448315,0.1606305522943645,0.17425590776077024,0.06321321014810072,-0.08604970153832729
2025-02-24,18.979999542236328,-0.03621941533848254,-0.15073924364414523,-0.23029828728202384,0.10737342801141085,-0.07797474778153245,0.15373421824331662,0.1940788719435413,0.07955904363787861,-0.07276449586261279
2025-02-25,19.43000030517578,-0.021846239680415585,-0.1394495546386924,-0.22716239525290582,0.11257572171338764,-0.07853807058720771,0.15709084110510585,0.20531615557249025,0.08771284061421342,-0.06091148405148469
2025-02-26,19.100000381469727,0.17441454994804917,0.017134750508899288,-0.1205367657936708,0.1383126179624814,-0.08125022987693836,0.15839314810401517,0.29495131574171995,0.13767151630257007,0.09838498038583765
2025-02-27,21.1299991607666,0.27525895678865925,0.08850524938545297,-0.09561988312744882,0.12212350236587978,-0.08268492784542317,0.15906594593993115,0.37087883991610804,0.1841251325129018,0.17119017723087615
2025-02-28,19.6299991607666,0.1973603550475302,0.03414111708196372,-0.06444837304602649,0.17768482649515902,-0.07147807787648613,0.17488565078793025,0.2618087280935567,0.0985894901279902,0.10561919495844985
2025-03-03,22.780000686645508,0.30307816063539994,0.1019106242935352,-0.06727372257545403,0.27848945044172563,-0.07402192874921827,0.20066090404183454,0.370351883210854,0.16918434686898923,0.17593255304275346
2025-03-04,23.510000228881836,0.34199819932519215,0.13368092251044333,-0.046089804923409305,0.2726421161875903,-0.06845032036449405,0.19645609416243992,0.38808800424860146,0.17977072743385264,0.2021312428749374
2025-03-05,21.93000030517578,0.26876051998491507,0.08104041376117647,-0.030600013636157254,0.27364087212566035,-0.06494702381452146,0.1948492730844261,0.29936053362107234,0.11164042739733374,0.14598743757569793
2025-03-06,24.8700008392334,0.3870431057190239,0.16917792896650535,-0.011602336764289437,0.23611762672818418,-0.05734545288530752,0.19280933152325247,0.39864544248331335,0.18078026573079478,0.22652338185181287
2025-03-07,23.3700008392334,0.3918897277239582,0.16453381709358872,0.025386134344172057,0.26781913641212685,-0.05658271545140661,0.19354395227247603,0.3665035933797861,0.13914768274941666,0.22111653254499533
2025-03-10,27.86000061035156,0.519192405146121,0.2758773655852702,0.07540421536641342,0.29173784663415214,-0.03512019546791728,0.20901234301928856,0.4437881897797076,0.20047315021885678,0.3109975610531875
2025-03-11,26.920000076293945,0.48854986266361944,0.2493236227197214,0.08002931044646801,0.2868963717592781,-0.033811782566416974,0.20848101953380957,0.40852055221715144,0.16929431227325337,0.28313540528613834
2025-03-12,24.229999542236328,0.3129481239573817,0.11737672155897852,0.055576808953860767,0.2763677047795176,-0.039361681730499996,0.2115249639157746,0.25737131500352095,0.06179991260511775,0.15673840328947852
2025-03-13,24.65999984741211,0.3082850869052369,0.11876168781665807,0.06596287692732558,0.2677865650489409,-0.03405219052216796,0.2133960670342065,0.24232220997791135,0.052798810889332484,0.15281387833882604
2025-03-14,21.770000457763672,0.1578392621033824,0.00890018476318549,0.0913665134753789,0.3471926534398874,-0.01995840463800183,0.24296716185571074,0.0664727486280035,-0.0824663287121934,0.028858589401187323
2025-03-17,20.510000228881836,0.11679850466191107,-0.02133853275750125,0.09206443444488382,0.33437689080694183,-0.015873245362618207,0.25107637406662303,0.02473407021702724,-0.11340296720238507,-0.005465287394883042
2025-03-18,21.700000762939453,0.15388622735986687,0.007084104003463158,0.09783205055994612,0.3345963292199618,-0.014599057979750944,0.2503447860728192,0.05605417679992075,-0.09074794655648297,0.0216831619832141
2025-03-19,19.899999618530273,0.08388809374207598,-0.04399141533807875,0.10542795168098622,0.3579747569160793,-0.010195695597916558,0.25411939242932957,-0.021539857938910237,-0.14941936701906497,-0.0337957197401622
2025-03-20,19.799999237060547,0.08078548366801137,-0.04664337289036591,0.10620788904191819,0.3603103237616555,-0.00855267454243918,0.26215895589839705,-0.025422405373906817,-0.1528512619322841,-0.03809069834792673
2025-03-21,19.280000686645508,0.061779803136975064,-0.06083372761205893,0.10331058240322473,0.3694485581169023,-0.009521514408618441,0.26135236881952617,-0.041530779266249665,-0.16414431001528365,-0.05131221320344049
2025-03-24,17.479999542236328,0.007254834833674368,-0.10015017918541264,0.11017153466413732,0.35814127372225774,-0.03252544489355433,0.2536868127541553,-0.10291669983046295,-0.21032171384954995,-0.06762473429185831
2025-03-25,17.149999618530273,0.0012698519310452227,-0.10505346612799324,0.11477074046553662,0.3730160178250688,-0.03246111984359017,0.256616776338968,-0.11350088853449139,-0.21982420659352986,-0.07259234628440307
2025-03-26,18.329999923706055,0.02212124452596538,-0.0905021487890696,0.1071377160575065,0.36887836934622364,-0.03761387081012882,0.25355945178330297,-0.08501647153154111,-0.19763986484657609,-0.05288827797894079
2025-03-27,18.690000534057617,0.04135796823579781,-0.0773026977533942,0.11722770736589015,0.38221644009486766,-0.03731589414257131,0.2516773338466011,-0.07586973913009235,-0.19453040511928435,-0.03998680361082289
2025-03-28,21.649999618530273,0.17192112183774777,0.026381171264153763,0.1579680083198405,0.42333050794200605,-0.03004077131195614,0.26427183934603854,0.013953113517907262,-0.13158683705568675,0.0564219425761099
2025-03-31,22.280000686645508,0.20834995064093037,0.052912345278433595,0.14809731639095278,0.3948598830544601,-0.02900741993396057,0.2640896917133355,0.060252634249977594,-0.09518497111251918,0.08191976521239416
2025-04-01,21.770000457763672,0.25998818100726123,0.09113367376274358,0.17796712854731556,0.3390969794881583,-0.032534320568199084,0.2612691885055846,0.08202105245994568,-0.08683345478457198,0.12366799433094267
2025-04-02,21.510000228881836,0.2598166891057173,0.08904623870220285,0.17432654172561107,0.362796656320906,-0.035784441668772926,0.25796759844697653,0.08549014738010624,-0.08528030302340822,0.12483068037097578
2025-04-03,30.020000457763672,0.41988771977173106,0.22637337311107408,0.25843514164660675,0.4481169674527791,0.026363903726990587,0.3072630905479572,0.1614525781251243,-0.032061768535532664,0.20000946938408348
2025-04-04,45.310001373291016,1.0020915714817578,0.6895569153622743,0.42262126327579125,0.5797088825250889,0.11688579906555094,0.3810732919087674,0.5794703082059665,0.266935652086483,0.5726711162967233
2025-04-07,46.97999954223633,1.0640064105727018,0.7392054842317448,0.40577574971989294,0.5679902933705031,0.11115990699225137,0.3713891938279109,0.6582306608528089,0.33342973451185187,0.6280455772394935
2025-04-08,52.33000183105469,1.4819274828544797,1.0656585470809017,0.4130095586427062,0.5549058870338551,0.1155981575547952,0.3651186628026834,1.0689179242117735,0.6526489884381954,0.9500603895261065
2025-04-09,33.619998931884766,0.1532651814100421,0.04583672602741928,0.5050671086227422,0.7098713954561906,0.2460627543398532,0.4948054058527166,-0.3518019272127001,-0.4592303825953229,-0.2002260283124339
2025-04-10,40.720001220703125,0.3079189367325458,0.16789643772718843,0.5533224501151697,0.7115601962230038,0.2723140836403978,0.49918064008883634,-0.2454035133826239,-0.38542601238798124,-0.10441764591320934
2025-04-11,37.560001373291016,0.2263418065489414,0.10430986077900627,0.5525715522136241,0.7155091134875082,0.27031153402027364,0.5027012638452165,-0.32622974566468266,-0.4482616914346178,-0.16600167324126736
2025-04-14,30.88999938964844,0.09052162388977128,-0.0007899186300185397,0.5573044796561738,0.703688210134041,0.27202376846946996,0.5026149682823483,-0.46678285576640255,-0.5580943982861923,-0.2728136870994885
2025-04-15,30.1200008392334,0.07535027325676368,-0.012350961903247191,0.5548428235410512,0.7059789419601069,0.2717203042327595,0.5038405580901612,-0.4794925502842875,-0.5671937854442983,-0.2840712661360067
2025-04-16,32.63999938964844,0.11175295261877267,0.015725121071459437,0.5399335193948676,0.7033552687007206,0.26739364504087526,0.5002197960815534,-0.4281805667760949,-0.5242083983234082,-0.2516685239694158
2025-04-17,29.649999618530273,0.0513982954322065,-0.028455260399722224,0.5169729152401171,0.66280856808068,0.26373824566791404,0.4833840028746904,-0.4655746198079106,-0.5454281756398394,-0.2921935060676363
2025-04-21,33.81999969482422,0.12182990464579764,0.026029629256166517,0.5187229120137119,0.6691411743939,0.2689377043982257,0.4895139453716399,-0.3968930073679143,-0.49269328275754537,-0.24290807514205914
2025-04-22,30.56999969482422,0.05696141019917391,-0.02316683915051907,0.528662125119253,0.6786447110690962,0.27741443822690165,0.49908946819292704,-0.47170071492007914,-0.5518289642697721,-0.30058127737742074
2025-04-23,28.450000762939453,0.019154295092548602,-0.05180741520514409,0.5192281405802148,0.6781350195588369,0.2804139366570813,0.5071566170677213,-0.5000738454876662,-0.5710355557853589,-0.3322213518622254
2025-04-24,26.469999313354492,-0.01495327512656218,-0.07724193428174174,0.5202635709843454,0.6784759002610774,0.2824209444019316,0.5090290121628211,-0.5352168461109076,-0.5975055052660871,-0.35966287868367336
2025-04-25,24.84000015258789,-0.035034646772763335,-0.09230899652503169,0.5278968729642876,0.6854156557645155,0.28158123898978704,0.509229646901127,-0.5629315197370509,-0.6202058694893192,-0.3738902355148187
2025-04-28,25.149999618530273,-0.03042674999465352,-0.08892582871363021,0.5291395229366209,0.6866356408507015,0.33545205274389395,0.5320938259922331,-0.5595662729312745,-0.6180653516502511,-0.42437788145752414
2025-04-29,24.170000076293945,-0.0403925285813859,-0.09750798346379005,0.5411029385054582,0.6933255230388364,0.3520830595173478,0.5380869791306306,-0.5814954670868441,-0.6386109219692483,-0.44959104298113783
2025-04-30,24.700000762939453,-0.03229195415116836,-0.09141107181447197,0.5408725858652733,0.6944336326816952,0.35437594635649333,0.5378811916708525,-0.5731645400164417,-0.6322836576797453,-0.44578701817096533
2025-05-01,24.600000381469727,-0.037246204054114516,-0.09381359069899937,0.517393151188926,0.6781204168334946,0.35078771770101064,0.5399317743948047,-0.5546393552430405,-0.6112067418879255,-0.44460130840001
2025-05-02,22.68000030517578,-0.06519547285941205,-0.11438132610958018,0.5114636434364592,0.6731398660235305,0.3517171248933343,0.5392407506742115,-0.5766591162958713,-0.6258449695460394,-0.46609845100291447
2025-05-05,23.63999938964844,-0.030429274119777788,-0.09020548814164844,0.517930798919732,0.6675601691205214,0.35159284710473904,0.533255420442578,-0.5483600730395098,-0.6081362870613805,-0.44179833524638745
2025-05-06,24.760000228881836,0.009695177907187071,-0.06268058777674268,0.45614747404546524,0.6422486949530144,0.3547303940141795,0.5321539171214489,-0.4464522961382782,-0.5188280618222079,-0.4174109817909222
2025-05-07,23.549999237060547,-0.014493907078301232,-0.07950756254164097,0.43916962381511904,0.6228665511813106,0.3577589510775619,0.5327612430997007,-0.45366353089342026,-0.51867718635676,-0.4372665136192029
2025-05-08,22.479999542236328,-0.027955561852266133,-0.08962320455918593,0.44258281787443354,0.6312451759372455,0.3592662912011289,0.5329462740708343,-0.47053837972669965,-0.5322060224336195,-0.44888949576031484
2025-05-09,21.899999618530273,0.1623680348592785,0.03903596808859106,0.2830599301620115,0.45761084583852785,0.362665768327871,0.5350202403845022,-0.12069189530273297,-0.24402396207342042,-0.32362980023927995
2025-05-12,18.38999938964844,0.051616291366939786,-0.040208517100561884,0.18750765230716418,0.43681289176349647,0.36150873477450585,0.5380000013033784,-0.1358913609402244,-0.22771616940772607,-0.40171725187506774
2025-05-13,18.219999313354492,0.04571980832962491,-0.04536991991160193,0.16379501137678415,0.4093141443416097,0.3544159658660139,0.5296577439815723,-0.11807520304715924,-0.2091649312883861,-0.39978588577761587
2025-05-14,18.6200008392334,0.04754277536353837,-0.04434488416288968,0.14501028544473388,0.4096662776652672,0.3502959877556724,0.527483794644847,-0.0974675100811955,-0.18935516960762355,-0.39464087191856206
2025-05-15,17.829999923706055,0.02782900130267482,-0.05791671008240543,0.1460105193831906,0.40632733069818755,0.34944590854570423,0.5253271580582003,-0.11818151808051577,-0.20392722946559602,-0.4073626186281097
2025-05-16,17.239999771118164,0.04674661155436738,-0.045043564380997964,0.1523056963687048,0.38504181235276946,0.35116482689893763,0.5263000463982204,-0.10555908481433743,-0.19734926074970277,-0.39620839127993557
2025-05-19,18.13999938964844,0.08045485700154731,-0.02286591592680326,0.16476867524109234,0.3907930027871253,0.3509099418267,0.5266029724459316,-0.08431381823954504,-0.1876345911678956,-0.37377585775350325
2025-05-20,18.09000015258789,0.0990285793258701,-0.01080337670532512,0.13136985748055954,0.33469617972518695,0.3506631404258235,0.5265887080340114,-0.03234127815468944,-0.14217323418588465,-0.36146651713114863
2025-05-21,20.8700008392334,0.20494743042577948,0.06393997307904076,0.10087775476752994,0.3106527366408938,0.3537778415515253,0.5296708635987571,0.10406967565824954,-0.036937781688489185,-0.28983786847248455
2025-05-22,20.280000686645508,0.2124658351004638,0.0668211161460136,0.09631378921474353,0.29584752717650775,0.3532892486262959,0.5258326021652843,0.11615204588572027,-0.02949267306872992,-0.2864681324802823
2025-05-23,22.290000915527344,0.319218861073302,0.14337452606621046,0.06316463598769079,0.27140675482127874,0.35467708446055934,0.5323185722249849,0.2560542250856112,0.08020989007851967,-0.2113025583943489
2025-05-27,18.959999084472656,0.1749150287989067,0.03938738239043299,0.10535576847472973,0.29871188535413096,0.3597745819929105,0.5358720774399093,0.06955926032417696,-0.06596838608429674,-0.3203871996024775
2025-05-28,19.309999465942383,0.19163568549985785,0.051641391074443946,0.11229385964268881,0.3052268203169415,0.3646096196187656,0.5383621878799473,0.07934182585716903,-0.06065246856824487,-0.31296822854432166
2025-05-29,19.18000030517578,0.178286072739256,0.04191683939109219,0.1023293473640961,0.3044819140424588,0.3750202233654429,0.5450835586719361,0.0759567253751599,-0.06041250797300391,-0.3331033839743507
2025-05-30,18.56999969482422,0.15042257575684723,0.021313201336784316,0.09770946470919412,0.30168690633128903,0.37311179253558124,0.5419519490768308,0.05271311104765311,-0.0763962633724098,-0.3517985911987969
2025-06-02,18.36000061035156,0.18525972604772933,0.03802428413870844,0.13045146216231046,0.32380319869489527,0.38526007960518044,0.5390362956419236,0.05480826388541887,-0.09242717802360202,-0.347235795466472
2025-06-03,17.690000534057617,0.17769379571582028,0.028657637854059805,0.12150505806778422,0.33568059721503507,0.38384547093923244,0.5442983066042189,0.05618873764803606,-0.09284742021372441,-0.35518783308517266
2025-06-04,17.610000610351562,0.18929317480030444,0.03339612974646557,0.1286708086894865,0.31592732892654346,0.38380346212833844,0.5445888406383131,0.06062236611081795,-0.09527467894302093,-0.3504073323818729
2025-06-05,18.479999542236328,0.22777570371188327,0.06059594819770756,0.11983381669473782,0.3250304273778107,0.38655695799558193,0.5510745078882905,0.10794188701714545,-0.059237868497030256,-0.32596100979787435
2025-06-06,16.770000457763672,0.18946413704377457,0.031200854914713524,0.17035807999092176,0.38075114165899576,0.38570507672062426,0.555759896588744,0.019106057052852815,-0.13915722507620823,-0.35450422180591074
2025-06-09,17.15999984741211,0.21032297458472235,0.04500267854545121,0.16433499976402538,0.38442976074971463,0.3879745163594392,0.5613634959204751,0.04598797482069697,-0.11933232121857418,-0.342971837813988
2025-06-10,16.950000762939453,0.19780492156571625,0.03660297659275353,0.16727808045573261,0.38214102084573837,0.3892353831494571,0.5630696620236958,0.030526841109983632,-0.1306751038629791,-0.3526324065567036
2025-06-11,17.260000228881836,0.4195138199877707,0.16804045620960611,0.08277714341382475,0.269875235165576,0.3972032617879003,0.5642225664408738,0.33673667657394596,0.08526331279578137,-0.22916280557829416
2025-06-12,18.020000457763672,0.5853319649251044,0.2790100877640628,0.12698990830883905,0.29963284037494736,0.39872504291817906,0.5679478847285391,0.45834205661626537,0.15202017945522373,-0.11971495515411629
2025-06-13,20.81999969482422,0.9444476919264145,0.5343960830537938,0.20260618566791874,0.32415848225020183,0.4004345140258637,0.5612085561155744,0.7418415062584958,0.33178989738587505,0.1339615690279301
2025-06-16,19.11000061035156,0.7570226831214533,0.39711575069914834,0.2170930169977372,0.35638015551358526,0.3998922812600071,0.5639072079720675,0.5399296661237161,0.18002273370141114,-0.0027765305608587476
2025-06-17,21.600000381469727,1.0240048917416589,0.5911629609109517,0.22743849399088734,0.36418181100897223,0.40342981153521196,0.5650074989515775,0.7965663977507715,0.3637244669200643,0.1877331493757397
2025-06-18,20.13999938964844,0.8722959629668866,0.47808010742967477,0.22825774494120576,0.3712549384763878,0.40220292445803835,0.5628666753472185,0.6440382180256808,0.249822362488469,0.07587718297163643
2025-06-20,20.6200008392334,0.842024481064545,0.4630022503294499,0.19422335766374074,0.348076114790202,0.3972697034442905,0.5590182806767561,0.6478011234008042,0.2687788926657092,0.06573254688515939
2025-06-23,19.829999923706055,0.8259599217789947,0.44646525924762503,0.16174840111341798,0.305451361129441,0.3996701208739109,0.5571164922423387,0.6642115206655768,0.28471685813420705,0.04679513837371413
2025-06-24,17.479999542236328,0.5584800405082979,0.2584127832713965,0.18037704616262834,0.30344931706620426,0.3981222860534688,0.5532698619603119,0.3781029943456696,0.07803573710876816,-0.13970950278207228
2025-06-25,16.760000228881836,0.4741900653874918,0.19648102098205028,0.1488104878345631,0.2629486603107325,0.39398186000314456,0.5504246294963393,0.3253795775529287,0.047670533147487176,-0.19750083902109428
2025-06-26,16.59000015258789,0.5463948099133227,0.23863707703569562,0.0759787030268648,0.21579312310411883,0.40170566285936293,0.5562432785186913,0.47041610688645785,0.16265837400883082,-0.16306858582366732
2025-06-27,16.31999969482422,0.480729461913399,0.19639162447951516,0.05594426374793182,0.1922086154918423,0.4006353256497069,0.5558094390011094,0.42478519816546717,0.14044736073158334,-0.20424370117019172
2025-06-30,16.729999542236328,0.5211372915790047,0.22792553714811314,0.06571996360437984,0.18633306376524028,0.40304794200563476,0.5531438092365369,0.45541732797462486,0.1622055735437333,-0.17512240485752162
2025-07-01,16.829999923706055,0.507571720599227,0.22223041968073903,0.05946555243056307,0.15707872649105184,0.40026837437611834,0.5514661543146085,0.4481061681686639,0.16276486725017597,-0.1780379546953793
2025-07-02,16.639999389648438,0.4640505559595443,0.1942781119140001,0.04542421529366764,0.14356975872711525,0.39903193172253726,0.5483469768088154,0.4186263406658767,0.14885389662033247,-0.20475381980853716
2025-07-03,16.3799991607666,0.4527957405300621,0.18815441062271776,0.06184310504555653,0.16242572038141898,0.3984964070230649,0.5497680849663785,0.3909526354845056,0.12631130557716122,-0.21034199640034712
2025-07-07,17.790000915527344,0.5634311023028172,0.26637411433257957,0.0747821061724464,0.20718816353296501,0.3966627724643277,0.5420693693561702,0.4886489961303708,0.19159200816013316,-0.13028865813174811
2025-07-08,16.809999465942383,0.47279265023476985,0.20418613593692256,0.06625263480447566,0.18171631417113837,0.3411224493333578,0.5009810310672229,0.40654001543029417,0.1379335011324469,-0.13693631339643522
2025-07-09,15.9399995803833,0.43291479194752397,0.17242640366189,0.0570825421497724,0.13494042043269658,0.3481198811964275,0.5070476236661502,0.37583224979775154,0.11534386151211759,-0.1756934775345375
2025-07-10,15.779999732971191,0.4300326383403401,0.1694259265378026,0.06338243346529654,0.1349252077250011,0.3497266350619713,0.5114054850764161,0.3666502048750436,0.10604349307250607,-0.1803007085241687
2025-07-11,16.399999618530273,0.480521905268907,0.20490199176956453,0.05784297697808188,0.12885497227082984,0.21025963633984962,0.36727334970019315,0.4226789282908251,0.14705901479148265,-0.005357644570285092
2025-07-14,17.200000762939453,0.5701301368516809,0.2652993332261761,0.06296188129954515,0.13047800810830268,0.14213159226822933,0.32925479677291647,0.5071682555521357,0.20233745192663094,0.12316774095794678
2025-07-15,17.3799991607666,0.5443409951707741,0.247852130396175,0.043833464772871915,0.1259984037599357,0.13335874674205736,0.31407273441956374,0.5005075303979022,0.2040186656233031,0.11449338365411765
2025-07-16,17.15999984741211,0.5506956630570871,0.25020034725493556,0.017895983468569177,0.10435599499765066,0.13096147386708182,0.3180568353303676,0.5327996795885179,0.23230436378636637,0.11923887338785374
2025-07-17,16.520000457763672,0.5248334670289282,0.22832881817840847,0.009928368230134344,0.08145603055854704,0.13363415927557212,0.3166991962739277,0.5149050987987939,0.21840044994827412,0.09469465890283635
2025-07-18,16.40999984741211,0.5178150445844352,0.2233347386255614,-0.012390018464868108,0.07291086863656544,0.13431645427748962,0.29915557436870877,0.5302050630493033,0.23572475709042953,0.0890182843480718
2025-07-21,16.649999618530273,0.5266295518195473,0.23072033810610085,-0.014801762035359212,0.0753755664884044,0.14062287489523415,0.3015629747614948,0.5414313138549065,0.24552210014146006,0.0900974632108667
2025-07-22,16.5,0.5626960202538286,0.24865470114880225,-0.007307315651456241,0.07312041644734661,0.11722091777996228,0.26348941281639626,0.5700033359052848,0.2559620168002585,0.13143378336883998
2025-07-23,15.369999885559082,0.4640959195919978,0.17587248049933332,-0.020443382190329082,0.09115937965087342,0.08901790787917227,0.238900437601714,0.4845393017823269,0.1963158626896624,0.08685457262016105
2025-07-24,15.390000343322754,0.4870150811192126,0.18957933879744032,-0.056930503143656684,0.08601009190298106,0.08465730751440977,0.22574258135366543,0.5439455842628693,0.246509841941097,0.10492203128303056
2025-07-25,14.93000030517578,0.5314673504976163,0.21657660245100518,-0.017450417510797223,0.09261398095881404,0.0680758358274472,0.21028970386303017,0.5489177680084135,0.23402701996180242,0.148500766623558
2025-07-28,15.029999732971191,0.56936317150228,0.23579162794076208,-0.042003616966030305,0.07424456772638853,0.0714778146310376,0.21038060394729335,0.6113667884683103,0.2777952449067924,0.1643138133097245
2025-07-29,15.979999542236328,0.7012737841829734,0.32624397452348236,-0.03978277880899601,0.09414724961523556,0.0717744837876319,0.21316697933205922,0.7410565629919694,0.36602675333247836,0.25446949073585046
2025-07-30,15.479999542236328,0.6646744499595023,0.295220309879796,-0.05149504913540499,0.10353213546911087,0.06721961580826319,0.21251898084426601,0.7161694990949073,0.34671535901520095,0.22800069407153278
2025-07-31,16.719999313354492,0.6165136182453475,0.2945296549649093,-0.05065512414168503,0.05777077627777004,0.05832731216735696,0.18767030116080738,0.6671687423870325,0.34518477910659434,0.23620234279755234
2025-08-01,20.3799991607666,0.786399041093973,0.43703096937469693,0.0018406121766245678,0.19708218521217682,0.07551261633577294,0.21613250580852827,0.7845584289173484,0.43519035719807236,0.361518353038924
2025-08-04,17.520000457763672,0.4572359761027215,0.20785531376153374,0.02178433780221525,0.15228069949067752,0.07689204998539798,0.21231827770763323,0.43545163830050626,0.18607097595931849,0.13096326377613576
2025-08-05,17.850000381469727,0.49105550501782425,0.23053152774395724,0.016361698060656012,0.12141523782760201,0.08065695257166655,0.1989401938451821,0.47469380695716823,0.21416982968330123,0.1498745751722907
2025-08-06,16.770000457763672,0.34235163455460726,0.13338438821299317,0.006930170365167474,0.12196741502439488,0.06989642694910815,0.19182828104951952,0.3354214641894398,0.1264542178478257,0.06348796126388502
2025-08-07,16.56999969482422,0.3212490222942616,0.11977112657884745,-0.0034032806408345385,0.10808058675055171,0.08371661978735077,0.19986753242294822,0.32465230293509617,0.12317440721968198,0.036054506791496674
2025-08-08,15.149999618530272,0.207256792680065,0.04299949755430888,-0.007942938827767344,0.13492026345828406,0.07868559736037589,0.2033790380489041,0.21519973150783234,0.050942436382076225,-0.03568609980606701
2025-08-11,16.25,0.26934525083703736,0.08570543471079606,-0.008327713579659812,0.13863009995383727,0.07908534220832797,0.2050491551645727,0.2776729644166972,0.09403314829045586,0.006620092502468089
2025-08-12,14.729999542236328,0.18394028829543418,0.027653530406700055,0.011570750681173362,0.16098213749884416,0.046488714490172445,0.1612878054530295,0.17236953761426083,0.016082779725526693,-0.01883518408347239
2025-08-13,14.489999771118164,0.18847875282146104,0.030929510622631114,0.021231804478321955,0.1580513556546744,0.05686225507072804,0.1688390105089534,0.16724694834313908,0.009697706144309159,-0.025932744448096928
2025-08-14,14.829999923706056,0.2026819352490295,0.041141963471266196,0.017574321467429228,0.155858762687338,0.06733871256272314,0.17305297582434212,0.18510761378160026,0.02356764200383697,-0.026196749091456945
2025-08-15,15.09000015258789,0.2135044800558148,0.049701356722255424,0.010932827081651183,0.14401603985508415,0.0667822682693939,0.1684357597021568,0.2025716529741636,0.03876852964060424,-0.017080911547138478
2025-08-18,14.989999771118164,0.20985712956608402,0.046365143992083,0.01072695389599951,0.14716892824726335,0.0635264596984378,0.1675381620785949,0.1991301756700845,0.03563819009608349,-0.017161315706354804
2025-08-19,15.56999969482422,0.22346477128318015,0.05620643160458838,0.006617421898979949,0.14923329850123856,0.059751445665514186,0.17044473742968025,0.2168473493842002,0.04958900970560843,-0.003545014060925805
2025-08-20,15.6899995803833,0.23428537781983458,0.06387721451651751,0.010987681990977091,0.15084969535815967,0.05841437882503848,0.1668252657250283,0.2232976958288575,0.05288953252554042,0.005462835691479033
2025-08-21,16.600000381469727,0.2945709459059974,0.10502884979475206,0.004535827635573029,0.14439091609782378,0.04160958028712246,0.16026121638579596,0.2900351182704244,0.10049302215917903,0.0634192695076296
2025-08-22,14.220000267028809,0.15518419812535125,0.010623203441815455,0.04238400916296021,0.180303859491678,0.056224465911985516,0.17194222461103614,0.11280018896239105,-0.03176080572114475,-0.04560126247017006
2025-08-25,14.789999961853027,0.17918301809390882,0.027286039346184735,0.040909005495096386,0.17965804233972926,0.05816893516724355,0.16643104716791843,0.13827401259881245,-0.01362296614891165,-0.030882895821058815
2025-08-26,14.619999885559082,0.17275483055168656,0.0230125899355539,0.04557694698273445,0.17875424789076458,0.032758400965905925,0.14659976592375235,0.1271778835689521,-0.022564357047180548,-0.009745811030352023
2025-08-27,14.850000381469728,0.19135908749191555,0.03450433589171202,0.04955746613947662,0.18166627866201898,0.030214050699296828,0.1429698066562548,0.14180162135243893,-0.015053130247764598,0.004290285192415193
2025-08-28,14.43000030517578,0.172792303535464,0.02199813713933404,0.05322608870840029,0.1887370186401027,0.03275851109471131,0.1440667544200281,0.1195662148270637,-0.03122795156906625,-0.010760373955377274
2025-08-29,15.359999656677246,0.2600420512359938,0.07083566588177521,0.07532454346173818,0.26140504480400767,0.034259395879977755,0.14232426498322298,0.1847175077742556,-0.004488877579962969,0.03657627000179746
2025-09-02,17.170000076293945,0.4886182207897513,0.21720944025155212,0.06657630689947563,0.15307241165621993,0.03640664678037164,0.14802212393485886,0.4220419138902757,0.15063313335207648,0.18080279347118047
2025-09-03,16.350000381469727,0.34451652512197684,0.1176559252581059,-0.026710016256476427,0.16135836449943733,0.016038020179157324,0.13898056589679106,0.37122654137845323,0.14436594151458232,0.10161790507894858
2025-09-04,15.300000190734863,0.2660220291675088,0.06439739167361035,-0.019112712917611813,0.17699356642922734,0.020142104698495013,0.14419303504434283,0.2851347420851206,0.08351010459122216,0.044255286975115334
2025-09-05,15.18000030517578,0.2740757296127815,0.07248688446142411,-0.019040516984131818,0.23150486655085634,0.01501959594238316,0.15411079321615187,0.2931162465969133,0.09152740144555593,0.05746728851904095
2025-09-08,15.109999656677246,0.2877840587123003,0.07996908759562422,-0.010525025122987563,0.23221622021638555,0.01103810401448512,0.13737556105391574,0.29830908383528787,0.09049411271861178,0.06893098358113911
2025-09-09,15.039999961853027,0.30880253887763154,0.09268515195578184,-0.013538381777426887,0.22238667849179944,0.009699914204702837,0.14053694649236503,0.3223409206550584,0.10622353373320872,0.082985237751079
2025-09-10,15.350000381469728,0.2618789017072388,0.06700303324345107,-0.03772113279445925,0.186107259334912,-0.0007631622258970623,0.1334474047362558,0.2996000345016981,0.10472416603791032,0.06776619546934813
2025-09-11,14.710000038146973,0.2322916179135951,0.04430978396946788,-0.04695389194553876,0.1696691458273756,0.005108880665462799,0.13445848802024507,0.2792455098591339,0.09126367591500664,0.03920090330400508
2025-09-12,14.760000228881836,0.23890682723267126,0.047875642118766056,-0.04928846327109982,0.17271359003088493,0.0037146113959185783,0.13336318383688645,0.2881952905037711,0.09716410538986588,0.04416103072284748
2025-09-15,15.6899995803833,0.273951149243455,0.07278738138770967,-0.05263887186996904,0.17701178823773928,-0.0061907979436634395,0.13065199426337917,0.326590021113424,0.1254262532576787,0.0789781793313731
2025-09-16,16.360000610351562,0.31285708270651613,0.09930732403452158,-0.05620302307722269,0.18031707974919228,-0.01201034501911988,0.12365337564227998,0.3690601057837388,0.15551034711174427,0.11131766905364146
2025-09-17,15.720000267028809,0.2621228148271336,0.06349390422282088,-0.06175918580744127,0.18247861624143305,-0.01954969453902063,0.12098238423892518,0.3238820006345749,0.12525309003026214,0.0830435987618415
2025-09-18,15.699999809265137,0.2708915124058292,0.06717403251746838,-0.06252467043988072,0.17179167895465544,-0.021149721982801593,0.12112710199765114,0.33341618284570995,0.1296987029573491,0.08832375450026997
2025-09-19,15.449999809265137,0.24315295914629198,0.049705765018475935,-0.061928080383561894,0.16469081940085428,-0.01803952360199623,0.12226735956911997,0.3050810395298539,0.11163384540203783,0.06774528862047216
2025-09-22,16.100000381469727,0.22462990126859306,0.04117165849801974,-0.08187954052478258,0.14450337047013206,-0.03234035565740942,0.11975435478614804,0.30650944179337564,0.12305119902280232,0.07351201415542916
2025-09-23,16.639999389648438,0.25891336875709314,0.06427082427722895,-0.12395080212981623,0.11440234864039296,-0.03989841852679763,0.12116448196642386,0.3828641708869094,0.18822162640704518,0.10416924280402659
2025-09-24,16.18000030517578,0.23076463887428245,0.04460752041792711,-0.12646748101156907,0.1103794389543403,-0.03355749156393499,0.12276542321670487,0.3572321198858515,0.17107500142949617,0.0781650119818621
2025-09-25,16.739999771118164,0.2598773065346556,0.06559126893909652,-0.12580659205963937,0.1179769094676892,-0.03637642631746078,0.11932699402157741,0.38568389859429497,0.1913978609987359,0.1019676952565573
2025-09-26,15.289999961853027,0.17937368909408366,0.009466644083957249,-0.12007102223260828,0.11700408591328523,-0.03307186514000367,0.12030162576338077,0.2994447113266919,0.12953766631656552,0.042538509223960914
2025-09-29,16.1200008392334,0.22174193209944232,0.03911865302063802,-0.12181738830108306,0.11178581969320772,-0.034405892183585314,0.12087385742407161,0.3435593204005254,0.16093604132172107,0.07352454520422333
2025-09-30,16.280000686645508,0.23905372272654385,0.050852923918701054,-0.1234424213187008,0.11114466301179537,-0.032067807025893694,0.12291536815859444,0.36249614404524466,0.17429534523740187,0.08292073094459475
2025-10-01,16.290000915527344,0.2451404557143651,0.05590591202934528,-0.12873381193472166,0.0977805951255642,-0.02934511451772271,0.12698703824519647,0.37387426764908677,0.18463972396406694,0.08525102654706798
2025-10-02,16.6299991607666,0.40188613150218905,0.15354235981370384,-0.10648273012982547,0.1053162443041515,-0.0335071381679505,0.1203014132650223,0.5083688616320146,0.2600250899435293,0.18704949798165435
2025-10-03,16.649999618530273,0.42490077578484176,0.16620315665759533,-0.12444479635720761,0.07936941850658717,-0.03713397634138678,0.1102256388863886,0.5493455721420494,0.29064795301480295,0.2033371329989821
2025-10-06,16.3700008392334,0.4326896711157354,0.16737462400668277,-0.1211009387250884,0.037745343499280395,-0.036998850538042076,0.11564179780234683,0.5537906098408238,0.28847556273177116,0.20437347454472485
2025-10-07,17.239999771118164,0.5016649101858279,0.21615000962696712,-0.11940376697169278,0.04189457517268826,-0.037705981128666174,0.11469348670272296,0.6210686771575207,0.3355537765986599,0.2538559907556333
2025-10-08,16.299999237060547,0.44801129142836676,0.17267568484760096,-0.11301569338357298,0.003779536569769921,-0.03701046989539838,0.11420386151235332,0.5610269848119398,0.28569137823117396,0.20968615474299934
2025-10-09,16.43000030517578,0.5361324619255119,0.22829110075135317,-0.09579721681141357,0.0014958369601783873,-0.03875554862186619,0.11344036609720184,0.6319296787369255,0.32408831756276674,0.26704664937321937
2025-10-10,21.65999984741211,0.7777173321859665,0.42566901335020385,0.04779521439543056,0.24455732550324963,0.0036976622016249095,0.1690927065920699,0.729922117790536,0.3778737989547733,0.4219713511485789
2025-10-13,19.030000686645508,0.5094683649741439,0.23394359825690247,0.0888683928534467,0.2956422018042277,0.019637504760199785,0.18308479114840598,0.4205999721206972,0.14507520540345575,0.21430609349670268
2025-10-14,20.809999465942383,0.6595436863644094,0.33703686423767065,0.0751500441577186,0.2904495860336298,0.011803453632990039,0.1815552890043576,0.5843936422066908,0.26188682007995207,0.32523341060468064
2025-10-15,20.63999938964844,0.6470484351189011,0.3279570236080682,0.08072609249498502,0.3075494694847935,0.009961029638689929,0.1822919625571357,0.5663223426239161,0.2472309311130832,0.3179959939693783
2025-10-16,25.309999465942383,1.1002038713051294,0.6650625256559697,0.09859596223212068,0.3141173108058495,0.012974038963363082,0.1873905757377818,1.0016079090730088,0.566466563423849,0.6520884866926066
2025-10-17,20.780000686645508,0.6874687675763002,0.35939813426960066,0.11286748067455482,0.331377087485202,0.015512269345593362,0.18831959712281443,0.5746012869017454,0.24653065359504583,0.3438858649240073
2025-10-20,18.229999542236328,0.4649313017448015,0.1995088144101628,0.12712776094835257,0.35728025829389276,0.021147402550921592,0.19501294342075073,0.3378035407964489,0.07238105346181023,0.1783614118592412
2025-10-21,17.8700008392334,0.5057420417256904,0.22576448089811998,0.1620450398300208,0.37112077332318244,0.015918317305781277,0.19029663584278483,0.34369700189566954,0.06371944106809918,0.2098461635923387
2025-10-22,18.600000381469727,0.5958892396442749,0.28854910770034653,0.1774435278335692,0.3779841599738658,0.018302343685278694,0.19080174733616562,0.41844571181070567,0.11110557986677733,0.27024676401506786
2025-10-23,17.299999237060547,0.4932976559163197,0.21444230953297674,0.18770414902066662,0.3862116617810526,0.01898415658181572,0.19094237552803084,0.30559350689565307,0.026738160512310122,0.19545815295116103
2025-10-24,16.3700008392334,0.39546869859485856,0.14717862597499262,0.18379276301476294,0.40674731414735693,0.021022679296049333,0.1944514906052943,0.21167593558009562,-0.03661413703977032,0.12615594667894328
2025-10-27,15.789999961853027,0.2987409387564983,0.08463383729113327,0.17081663119527682,0.420994091736273,0.024517221270031343,0.19832593716264602,0.1279243075612215,-0.08618279390414355,0.06011661602110193
2025-10-28,16.420000076293945,0.2971450687392099,0.08475515558756593,0.1378480268364751,0.40848301488139693,0.017972622617017042,0.19451250206004167,0.15929704190273483,-0.05309287124890917,0.06678253297054888
2025-10-29,16.920000076293945,0.31594806112074925,0.09925500107738676,0.12576765926117459,0.3910078308625578,0.02088912539449223,0.2266399137065178,0.19018040185957466,-0.026512658183787827,0.07836587568289453
2025-10-30,16.90999984741211,0.23566056118158804,0.05905787639291534,0.10150893829487226,0.3409101844669275,0.012193050178973234,0.18253667459036546,0.13415162288671578,-0.04245106190195692,0.046864826213942105
2025-10-31,17.440000534057617,0.2187795466768507,0.05404087433327925,0.07572103727630992,0.307525952437119,-0.0032838106014653656,0.17954250858822543,0.14305850940054077,-0.021680162943030677,0.057324684934744616
2025-11-03,17.170000076293945,0.19588888126612491,0.03814164084310229,0.06887093257307417,0.30953559981178774,-0.006946273530535275,0.179983642692163,0.12701794869305075,-0.03072929172997188,0.04508791437363756
2025-11-04,19.0,0.2668152227260056,0.08861840834849528,0.07686980759482208,0.2936943193358236,-0.00027486575039246464,0.1782176510242623,0.18994541513118351,0.011748600753673205,0.08889327409888775
2025-11-05,18.010000228881836,0.2118361766683769,0.04973453831727872,0.07178670266586021,0.2928750869989987,0.0008328156538752075,0.17796613998064725,0.1400494740025167,-0.02205216434858149,0.048901722663403514
2025-11-06,19.5,0.26467533880235083,0.08910036731488209,0.07249235578563451,0.2944381722169399,0.004498476335432821,0.1721757511757664,0.19218298301671632,0.016608011529247582,0.08460189097944927
2025-11-07,19.079999923706055,0.2488110534738041,0.07775178757667181,0.07454981115492225,0.2915704043826455,0.0035827126327137955,0.16946585190959043,0.17426124231888185,0.003201976421749561,0.07416907494395801
2025-11-10,17.600000381469727,0.19411499591971393,0.03369905445769237,0.0007791931886676654,0.17491793235139186,-0.00019520751055421417,0.16675749112847826,0.19333580273104625,0.03291986126902471,0.03389426196824658
2025-11-11,17.280000686645508,0.18363071636715145,0.02548110771712918,-0.03358752645947108,0.13692470464282644,-0.0030316056120573364,0.16858072205538932,0.21721824282662253,0.05906863417660026,0.028512713329186513
2025-11-12,17.510000228881836,0.211293410085314,0.04689260378793257,-0.021270616014097098,0.11883064877141195,-0.0034534576596618976,0.16443448747231088,0.2325640260994111,0.06816321980202966,0.050346061447594466
2025-11-13,20.0,0.30573536885435365,0.11737094854768781,0.007073293902608813,0.13011155517310813,0.008548237329884183,0.1736899755431739,0.29866207495174485,0.110297654645079,0.10882271121780362
2025-11-14,19.829999923706055,0.29274714630722937,0.10821404546993554,-0.0020886742181327723,0.10632361154487018,0.007454426738277323,0.17097654247578337,0.2948358205253621,0.11030271968806832,0.10075961873165822
2025-11-17,22.3799991607666,0.41417562151068715,0.19813955464728722,0.0007106150774715996,0.11322594480283657,0.01217265671319159,0.17432913553385745,0.41346500643321554,0.1974289395698156,0.18596689793409563
2025-11-18,24.690000534057617,0.5581919299682082,0.302280300714571,-0.0071394168977765935,0.09720197693316976,0.012499098170336278,0.17667530203350365,0.5653313468659849,0.3094197176123476,0.28978120254423473
2025-11-19,23.65999984741211,0.48033055043793715,0.24483276460269537,-0.010537822138220004,0.09495246416123769,0.008303249599395808,0.1733728756927204,0.4908683725761572,0.2553705867409154,0.23652951500329958
2025-11-20,26.420000076293945,0.6353197209536788,0.36068297211243766,0.012905206353507968,0.10936778723207816,0.008047490572153104,0.1661766189615182,0.6224145146001708,0.3477777657589297,0.35263548154028457
2025-11-21,23.43000030517578,0.42570460856700504,0.20722860290034206,0.014491229919833185,0.11156534691481536,0.00987539419575811,0.16622314285681733,0.41121337864717183,0.1927373729805089,0.19735320870458395
2025-11-24,20.520000457763672,0.2489298764526702,0.07975382227757324,0.021550711899619122,0.11144962821245244,0.013605290253935906,0.17117442974307792,0.22737916455305107,0.05820311037795412,0.06614853202363734
2025-11-25,18.559999465942383,0.1766189637383679,0.025392543369256265,0.021915346171719818,0.0888533658756756,0.015733635854157,0.16861288613595346,0.1547036175666481,0.003477197197536447,0.009658907515099263
2025-11-26,17.190000534057617,0.13907789239770285,-0.0009296676573310527,0.042895426563882,0.09844697900121051,0.01773050670976666,0.16658869347052246,0.09618246583382085,-0.04382509422121305,-0.01866017436709771
2025-11-28,16.350000381469727,0.11144797029629579,-0.020082807427342468,0.0524149117551851,0.1113867336816022,0.019251037228319834,0.16970252293503982,0.05903305854111069,-0.07249771918252756,-0.0393338446556623
2025-12-01,17.239999771118164,0.1822754698992418,0.020954789586962154,0.05776223489003125,0.11088588861767489,0.0168745374308374,0.16682548723895327,0.12451323500921053,-0.0368074453030691,0.004080252156124755
2025-12-02,16.59000015258789,0.18740099881858935,0.0176145747908776,0.08092128957743101,0.13547837772622973,0.031809209123030105,0.17347168170082708,0.10647970924115834,-0.06330671478655342,-0.014194634332152505
2025-12-03,16.079999923706055,0.1651662063288527,0.0028390477569055716,0.08554430346264753,0.13538923968585712,0.028102995361138097,0.1617859812380643,0.07962190286620517,-0.08270525570574196,-0.025263947604232527
2025-12-04,15.779999732971191,0.16564620864902047,0.003914884556999955,0.07251630318725273,0.1276434806577609,0.02941289890681323,0.15065571411802953,0.09312990546176773,-0.06860141863025278,-0.025498014349813275
2025-12-05,15.40999984741211,0.15514946507710667,-0.003643193767398355,0.07720758865026368,0.1284126565188782,0.029331743788403947,0.1512039710778784,0.07794187642684298,-0.08085078241766204,-0.0329749375558023
2025-12-08,16.65999984741211,0.2363585804441174,0.05206435558986157,0.06862628507009563,0.127637831291899,0.029736468940448853,0.15132085779205465,0.16773229537402176,-0.016561929480234064,0.022327886649412716
2025-12-09,16.93000030517578,0.24924506880874758,0.06282701563112428,0.06875772157106333,0.11756438044173119,0.037096973043330574,0.1515771454759125,0.18048734723768425,-0.005930705939939052,0.025730042587793704
2025-12-10,15.770000457763672,0.2407882853548125,0.05782849517073891,0.0698050529273216,0.08671012530976353,0.03385081357139162,0.14478920692174238,0.17098323242749092,-0.011976557756582691,0.023977681599347288
2025-12-11,14.850000381469728,0.2019681470934369,0.029905982105278152,0.07762213313178318,0.08584440052805746,0.03330352502176619,0.14305693164261774,0.12434601396165373,-0.047716151026505026,-0.0033975429164880347
2025-12-12,15.739999771118164,0.2392496093528015,0.054229493386068583,0.09263137790992573,0.09735355856580452,0.039360998336109336,0.14159202407131874,0.14661823144287578,-0.03840188452385715,0.014868495049959247
2025-12-15,16.5,0.32255893990329604,0.11040478982301398,0.05472634409100299,0.09336967825098744,0.03968982366017236,0.1425359329185843,0.267832595812293,0.05567844573201099,0.07071496616284162
2025-12-16,16.479999542236328,0.32871170488342066,0.11459087638364591,0.060931456694847265,0.10385561262226072,0.04207413383559658,0.14484346924278058,0.2677802481885734,0.05365941968879865,0.07251674254804934
2025-12-17,17.6200008392334,0.38477276554397555,0.15362062323775874,0.05678659000280113,0.08868914248229397,0.04515942087398381,0.14381045960670913,0.32798617554117443,0.09683403323495761,0.10846120236377493
2025-12-18,16.8700008392334,0.36285313971850924,0.134278448064555,0.06544583299825561,0.07758132780791532,0.047831687960354245,0.14268358790811067,0.2974073067202536,0.06883261506629938,0.08644676010420074
2025-12-19,14.90999984741211,0.23467263341643085,0.04416210798499201,0.07823546110865288,0.07685945914591177,0.05705798866631191,0.14825514923902453,0.15643717230777798,-0.034073353123660874,-0.012895880681319902
2025-12-22,14.079999923706056,0.20810724207108172,0.024396598636368456,0.045086129557489585,0.052570463919776995,0.060637334085837415,0.15090353509327417,0.16302111251359214,-0.02068953092112113,-0.03624073544946896
2025-12-23,14.0,0.2122738505978223,0.023578309883753607,0.02821750665051488,0.060442370803574084,0.058587587889383216,0.15555892681891,0.1840563439473074,-0.004639196766761274,-0.03500927800562961
2025-12-24,13.470000267028809,0.25984115227137633,0.045450042589164345,0.013962892405221111,0.038896178102605636,0.05931160761943159,0.15764296767156075,0.24587825986615522,0.031487150183943234,-0.013861565030267246
2025-12-26,13.600000381469728,0.301237772394986,0.06916485998365011,-0.00018844965421659332,0.0346579407408982,0.05718608989182772,0.15694074426128807,0.3014262220492026,0.0693533096378667,0.011978770091822397
2025-12-29,14.199999809265137,0.35860838976552223,0.10659073809737943,-0.008004464731995927,0.03128256616005568,0.05896035302694703,0.15806272132953142,0.3666128544975182,0.11459520282937535,0.0476303850704324
2025-12-30,14.329999923706056,0.39470243830176377,0.1276830608190848,-0.00964302604937978,0.018392880952272823,0.06071454668688838,0.15957126152656745,0.40434546435114355,0.13732608686846456,0.0669685141321964
2025-12-31,14.949999809265137,0.4813798728586191,0.18297279320566798,0.012605053822763853,0.03297240377073173,0.06386012434263479,0.1623854602205917,0.4687748190358553,0.17036773938290412,0.11911266886303319
2026-01-02,14.510000228881836,0.417920424580056,0.1433217360430077,0.006281800317643589,0.028212465402507686,0.06226892364108173,0.1598769099757694,0.41163862426241243,0.13703993572536413,0.08105281240192598
2026-01-05,14.899999618530272,0.45585561445955824,0.169937993733857,0.020510550268605012,0.04318088353600628,0.06395485771709701,0.16190621017454715,0.43534506419095326,0.149427443465252,0.10598313601676
2026-01-06,14.75,0.4325769619419632,0.1577928635082231,0.033160137114068414,0.041135771920751255,0.0648731451381559,0.15594993343341154,0.3994168248278948,0.1246327263941547,0.09291971837006721
2026-01-07,15.380000114440918,0.4632060030344352,0.18240255452010914,0.02792950968445918,0.044043197137490095,0.06317112845311454,0.15577446836865208,0.43527649334997603,0.15447304483564997,0.1192314260669946
2026-01-08,15.449999809265137,0.47272497725880924,0.18838813252133343,0.025691619573641234,0.0411524639452217,0.060031738824136975,0.1560253563473985,0.447033357685168,0.1626965129476922,0.12835639369719645
2026-01-09,14.489999771118164,0.4056118118053706,0.13823907501007562,0.04321457840960237,0.04600644891242695,0.06477359189293384,0.1580103464215054,0.36239723339576824,0.09502449660047325,0.07346548311714178
2026-01-12,15.119999885559082,0.49936310055142585,0.1959473393306713,0.039146587020703436,0.058633378137941505,0.03133599686633542,0.10646261923112345,0.4602165135307224,0.15680075230996787,0.16461134246433587
2026-01-13,15.979999542236328,0.5859656719171685,0.2584804272709779,0.0440549777699422,0.06968175084859282,0.019136571148731525,0.09335897356280236,0.5419106941472264,0.2144254495010357,0.2393438561222464
2026-01-14,16.75,0.6648759376946782,0.3190037133407895,0.019415556888413905,0.08071663931172629,0.025549232090857413,0.0940489685577871,0.6454603808062643,0.2995881564523756,0.29345448124993206
2026-01-15,15.84000015258789,0.5763793118362703,0.25416582267380944,0.017673041639155805,0.08148136436114378,0.02392059814651499,0.09270938128991454,0.5587062701971145,0.23649278103465363,0.23024522452729446
2026-01-16,15.859999656677246,0.5773194874516449,0.25466821803073225,0.014406276097289488,0.07904403902828999,0.020749667922669024,0.08665143656155429,0.5629132113543553,0.24026194193344277,0.23391855010806323
2026-01-20,20.09000015258789,0.8789632467808294,0.48582797719874904,0.08597278145454647,0.17742687927263193,0.03599972947845001,0.10419064897018851,0.7929904653262829,0.3998551957442026,0.44982824772029906
2026-01-21,16.899999618530273,0.5480637685197272,0.2489420266161554,0.10101455178783407,0.1804208996161867,0.038228868247644605,0.09611615823527025,0.4470492167318931,0.1479274748283213,0.2107131583685108
2026-01-22,15.640000343322754,0.46299421602209717,0.19287588498793498,0.10210631047830564,0.2083986936564382,0.040190477668397534,0.1018467348348027,0.3608879055437915,0.09076957450962934,0.15268540731953745
2026-01-23,16.09000015258789,0.46802987645585986,0.20065143239147423,0.077868939942093,0.1933797296866036,0.036176716772056215,0.09977506903157689,0.3901609365137669,0.12278249244938123,0.164474715619418
2026-01-26,16.149999618530273,0.4655328962778331,0.20225812118301414,0.08011778681728851,0.1763479412317605,0.032608389046611584,0.10023960704668534,0.3854151094605446,0.12214033436572563,0.16964973213640255
2026-01-27,16.350000381469727,0.414933553990592,0.17866130913097147,0.06202703887461819,0.1502077772349638,0.029203768356680534,0.08155670547968678,0.3529065151159738,0.11663427025635328,0.14945754077429094
2026-01-28,16.350000381469727,0.40795924416791396,0.17423989142296165,0.058865801228947086,0.1496739878610587,0.026065371319641307,0.07339466181974047,0.3490934429389669,0.11537409019401457,0.14817452010332033
2026-01-29,16.8799991607666,0.2761546417985532,0.09594198810933832,-0.01019057131338327,0.11467193444986472,0.013553170240875191,0.059203191573603244,0.28634521311193645,0.1061325594227216,0.08238881786846314
2026-01-30,17.440000534057617,0.3018703319961874,0.11477659920943058,-0.010123537698075358,0.10980997707515286,0.017318954732541164,0.059838265388780794,0.31199386969426274,0.12490013690750594,0.09745764447688941
2026-02-02,16.34000015258789,0.2011691430237962,0.04832698891653338,-0.03226006156574784,0.08496168423943717,0.012142490289855685,0.056119737259267076,0.23342920458954405,0.08058705048228121,0.03618449862667769
2026-02-03,18.0,0.2643532918266214,0.09440384626160513,-0.02686521075307573,0.07660437909543336,0.019029547682139505,0.06370242082323924,0.2912185025796971,0.12126905701468085,0.07537429857946562
2026-02-04,18.63999938964844,0.2651960956020649,0.09731806326895981,-0.04090684157083595,0.05321958247705167,0.016237172139186726,0.061361187632601184,0.3061029371729009,0.13822490483979577,0.08108089112977308
2026-02-05,21.770000457763672,0.4020564444831042,0.19793631693440764,-0.030101179285956018,0.0856585234378564,0.017368806460316508,0.07462761564392113,0.4321576237690602,0.22803749622036365,0.18056751047409114
2026-02-06,20.3700008392334,0.24100321608181555,0.08462107662432533,-0.02001766122029931,0.06761040912475937,0.01919243276803109,0.06765225354449567,0.2610208773021149,0.10463873784462464,0.06542864385629424
2026-02-09,17.360000610351562,0.11942637262351526,-0.0029716231527703364,-0.0198495067295163,0.05757548821472428,0.015442428339655898,0.0642289340941236,0.13927587935303157,0.016877883576745963,-0.018414051492426236
2026-02-10,17.790000915527344,0.13258294069649407,0.0068151104978936465,-0.02532407697599111,0.05803211412020097,0.015843508986388942,0.06564370173581538,0.15790701767248516,0.03213918747388476,-0.009028398488495296
2026-02-11,17.649999618530273,0.12089837033471311,-0.00031395256837592856,-0.028426683050869324,0.05552737998649033,0.011850599642101596,0.056764015500964486,0.14932505338558244,0.028112730482493395,-0.012164552210477525
2026-02-12,20.81999969482422,0.21626798975800257,0.07074438301442915,-0.01119942363382671,0.08567241313617799,0.022003459811515233,0.07056542120308025,0.22746741339182927,0.08194380664825586,0.04874092320291391
2026-02-13,20.600000381469727,0.20608574123695036,0.06305283040962145,-0.015233717968002013,0.08852277498263576,0.02030490305537917,0.07439454714509368,0.22131945920495238,0.07828654837762347,0.04274792735424228
2026-02-17,20.290000915527344,0.18801378209177946,0.05085813508367698,-0.018008309643853655,0.08585300891950287,0.007164124236482496,0.07315100126497573,0.20602209173563313,0.06886644472753063,0.04369401084719449
2026-02-18,19.6200008392334,0.16133059522314688,0.03175506540287659,-0.016331530390950946,0.09140037453000728,0.008912790937977581,0.07544370487889043,0.17766212561409783,0.04808659579382754,0.02284227446489901
2026-02-19,20.229999542236328,0.2217782071624943,0.07246530939878223,-0.04800944379795532,0.04740065839101655,0.007106963371872728,0.07468193462944504,0.2697876509604496,0.12047475319673756,0.06535834602690951
2026-02-20,19.09000015258789,0.17256656732113598,0.038953035320364295,-0.056207167960071164,0.04537416999876754,0.006881955741004469,0.07300810162603118,0.22877373528120715,0.09516020328043545,0.032071079579359826
2026-02-23,21.010000228881836,0.24102811375011768,0.08952477053986485,-0.04868430514078121,0.04211744600081199,0.0135261602534777,0.07868561846097918,0.2897124188908989,0.13820907568064605,0.07599861028638716
2026-02-24,19.549999237060547,0.1880673284383186,0.050588584660922524,-0.04120798887430136,0.04546441285897325,0.005072755560574182,0.07316996034074062,0.22927531731261996,0.09179657353522389,0.04551582910034834
2026-02-25,17.93000030517578,0.1312577273538898,0.009275353282799185,-0.035368660133488106,0.05103295048421447,0.00478818431270769,0.07756687733835829,0.1666263874873779,0.04464401341628729,0.0044871689700914956
2026-02-26,18.6299991607666,0.14237820696550327,0.013283693957766542,-0.04749411696993055,0.059820991264609207,-0.007537250121438471,0.06726511108193971,0.18987232393543382,0.06077781092769709,0.02082094407920501
2026-02-27,19.86000061035156,0.16437535138128084,0.030286008123410316,-0.05612896531867546,0.05003931751219611,-0.016885257213192183,0.06384664613968981,0.2205043166999563,0.08641497344208578,0.0471712653366025
2026-03-02,21.440000534057617,0.29385940409833106,0.11669615712230033,-0.03741311218486514,0.07972291605154669,-0.02169675395611571,0.05988213618460496,0.3312725162831962,0.15410926930716548,0.13839291107841603
2026-03-03,23.56999969482422,0.39828984354852254,0.1933631299951816,-0.029275847775901784,0.07888937175856121,-0.01823880511542365,0.057520963433363485,0.42756569132442435,0.22263897777108338,0.21160193511060524
2026-03-04,21.149999618530273,0.302348258040336,0.12134087429637548,-0.016265678569804615,0.09008735726758405,-0.01655131799180746,0.058789581770348716,0.3186139366101406,0.1376065528661801,0.13789219228818295
2026-03-05,23.75,0.4571062257156363,0.23431118436798096,-0.014628826503433926,0.09610670676928978,-0.014962058475762135,0.057075584226437805,0.47173505221907025,0.24894001087141487,0.24927324284374308
2026-03-06,29.489999771118164,0.8526997744026976,0.5297249702689798,0.0129422745354239,0.12102313583655418,-0.0072596787997369515,0.0634259475643647,0.8397574998672738,0.516782695733556,0.5369846490687168
2026-03-09,25.5,0.6260853743369889,0.352817087521935,0.006487895588086192,0.10648590625794496,-0.004020765803738998,0.06615123370886723,0.6195974787489027,0.3463291919338488,0.356837853325674
2026-03-10,24.93000030517578,0.7823873559727552,0.45927438931732645,0.001450563887267579,0.1347655304999513,-0.004150733410944275,0.06628805635627505,0.7809367920854876,0.4578238254300589,0.46342512272827074
2026-03-11,24.229999542236328,0.7785137325762306,0.4522163270178414,0.007815057488492727,0.14475797354031072,-0.0027458476557118148,0.06656435743601744,0.7706986750877378,0.4444012695293487,0.45496217467355327
2026-03-12,27.290000915527344,1.0057994815102924,0.6254818639527575,0.04664710596322112,0.15980185123886337,0.009260325174811849,0.07573745683177321,0.9591523755470713,0.5788347579895364,0.6162215387779456
2026-03-13,27.190000534057617,0.9954315905961885,0.6172961993031463,0.05139553049969957,0.16110804541112916,0.007724214403313333,0.07749100076687476,0.9440360600964889,0.5659006688034467,0.609571984899833
2026-03-16,23.510000228881836,0.7748710575498109,0.4450023555375279,0.04496138383703964,0.1584732554935856,0.01363746571080756,0.08694838659595061,0.7299096737127713,0.4000409717004883,0.4313648898267204
2026-03-17,22.3700008392334,0.7046935722267176,0.39187760843246416,0.05403361898119209,0.16114131132105586,0.00990641881097479,0.08759890331946968,0.6506599532455255,0.3378439894512721,0.38197118962148935
2026-03-18,25.09000015258789,0.9521485046184064,0.5752386068648588,0.10089603415088212,0.1935072694592525,0.020350484874467487,0.0952423377536937,0.8512524704675243,0.47434257271397673,0.5548881219903914
2026-03-19,24.059999465942383,0.8738180652329748,0.5154914850401922,0.10035013570220319,0.18221927524562048,0.02019808530757576,0.09564291345868388,0.7734679295307716,0.41514134933798896,0.4952933997326164
2026-03-20,26.780000686645508,1.0541707236930489,0.654703055412794,0.12298785716538468,0.19260511901391927,0.027147667099388387,0.10163997379561845,0.9311828665276642,0.5317151982474093,0.6275553883134056
2026-03-23,26.149999618530273,1.0614405957679884,0.6540089062302183,0.15056496545379788,0.19719586492455163,0.03116009770214578,0.10304207502121858,0.9108756303141905,0.5034439407764204,0.6228488085280726
2026-03-24,26.950000762939453,1.1301664822649096,0.705626980123209,0.12522155605116414,0.1820745411389268,0.02768704657174612,0.10205303549515586,1.0049449262137453,0.5804054240720449,0.6779399335514629
2026-03-25,25.329999923706055,0.9880025241557494,0.5967512877482659,0.12231031553504006,0.19105912567212727,0.026723341665407,0.0997032146243677,0.8656922086207094,0.47444097221322584,0.5700279460828589
2026-03-26,27.440000534057617,1.0524326274366484,0.6542767977616757,0.13793345315314381,0.1612737152989558,0.0374047704403745,0.10166374492457801,0.9144991742835047,0.5163433446085319,0.6168720273213012
2026-03-27,31.049999237060547,1.3692199871745145,0.9038183071053258,0.19767197597016567,0.21252287470598843,0.04706679796834403,0.11305913021757345,1.1715480112043488,0.7061463311351601,0.8567515091369818
2026-03-30,30.61000061035156,1.5167706415238948,1.00526313100428,0.24666417274666777,0.24828067477985832,0.046951875865918646,0.11325572348351313,1.270106468777227,0.7585989582576124,0.9583112551383615
2026-03-31,25.25,0.7538779797760582,0.44395515298675503,0.3072567766560367,0.3823872107402523,0.07063813185468121,0.14812426954801364,0.4466212031200215,0.13669837633071835,0.3733170211320738
2026-04-01,24.540000915527344,0.6768465119965761,0.3888448397965402,0.29044159887510973,0.3943331072047489,0.07048688865468479,0.14598876168137817,0.38640491312146635,0.09840324092143049,0.31835795114185544
2026-04-02,23.8700008392334,0.6522257354415945,0.3683300258356083,0.29433112445629483,0.3981372070692615,0.06755157401929257,0.14493443311220874,0.3578946109852996,0.07399890137931348,0.30077845181631574
2026-04-06,24.170000076293945,0.6814203631941914,0.3886030648295925,0.2960001085142529,0.4460991382884374,0.06936249282873479,0.14870801361785438,0.3854202546799385,0.0926029563153396,0.3192405720008577
2026-04-07,25.780000686645508,0.8107925763416096,0.4865357414546656,0.27171546999487073,0.4069875122149744,0.0666951662913555,0.1471746539876278,0.5390771063467389,0.21482027145979488,0.4198405751633101
2026-04-08,21.040000915527344,0.4299873904725895,0.21069223169880918,0.3335205642468344,0.40216966632731105,0.09038919133297377,0.15199307280697777,0.09646682622575509,-0.12282833254802522,0.12030304036583542
2026-04-09,19.489999771118164,0.32322528622211405,0.1356780785924009,0.31895688474791684,0.392050890063159,0.08992483253054563,0.15427208543542467,0.004268401474197214,-0.18327880615551592,0.04575324606185528
2026-04-10,19.229999542236328,0.2989473807912136,0.11863708942732047,0.30768150328721744,0.3830115533652579,0.09000195935806649,0.1520874916012266,-0.00873412249600386,-0.18904441385989695,0.028635130069253986
2026-04-13,19.1200008392334,0.2928062347623856,0.11483803305677359,0.2852743950824646,0.36348708509775185,0.09022995244500513,0.15341939550125297,0.007531839679920993,-0.170436362025691,0.02460808061176846
2026-04-14,18.36000061035156,0.22983829741681824,0.07051899251624343,0.2746517918170305,0.3469870398030619,0.08836453525829946,0.15252150195197814,-0.044813494400212234,-0.20413279930078704,-0.017845542742056034
2026-04-15,18.170000076293945,0.2004688919624141,0.05277258051609779,0.2450313979017826,0.30831118465490864,0.08671675167715867,0.1530900698037758,-0.0445625059393685,-0.19225881738568482,-0.03394417116106088
2026-04-16,17.940000534057617,0.18945386896740946,0.04538900567042715,0.24318633804942053,0.3062788633147671,0.08707208167567652,0.15303769171190634,-0.05373246908201107,-0.19779733237899338,-0.04168307600524938
2026-04-17,17.479999542236328,0.16765531304755116,0.02996928696156059,0.2323431821875908,0.28654193281827595,0.0917708936391188,0.15369035649418908,-0.06468786914003966,-0.20237389522603022,-0.06180160667755821
2026-04-20,18.8700008392334,0.2221673149079213,0.06963087783498018,0.22872819414444887,0.272456815131981,0.09131214213846567,0.15214221291435862,-0.006560879236527567,-0.1590973163094687,-0.021681264303485492
2026-04-21,19.5,0.25526643671832994,0.09446988295258295,0.2118288788330698,0.24490147797055847,0.08216233691647243,0.13652621630619555,0.04343755788526013,-0.11735899588048686,0.01230754603611052
2026-04-22,18.920000076293945,0.22075130835604742,0.07047854255556384,0.20204061145043725,0.24779391357172065,0.08076992311668238,0.13899905354874328,0.01871069690561017,-0.13156206889487343,-0.010291380561118543
2026-04-23,19.309999465942383,0.24075150678671114,0.08485763934763807,0.20576089060880584,0.2420153860543722,0.07887223181258486,0.13660102426989987,0.034990616177905304,-0.12090325126116777,0.005985407535053208
2026-04-24,18.709999084472656,0.19258469610482326,0.05124847270801601,0.18723113692705232,0.23234844825523907,0.07713247379674193,0.13733409477684475,0.005353559177770945,-0.13598266421903632,-0.02588400108872592
2026-04-27,18.020000457763672,0.1840688165687968,0.04246146437503059,0.16347811089503622,0.20755559591175338,0.07383875140292949,0.135092519624536,0.02059070567376059,-0.12101664652000563,-0.0313772870278989
2026-04-28,17.829999923706055,0.19836747192750576,0.049358430132192196,0.14531286297075008,0.11703679281181698,0.07694616226271406,0.1496370709910352,0.05305460895675568,-0.09595443283855788,-0.02758773213052186
2026-04-29,18.809999465942383,0.2403067662919479,0.07933242997710808,0.14263097596682967,0.1291398575667289,0.07653249469607865,0.15010871952058155,0.09767579032511822,-0.06329854598972158,0.0027999352810294392
2026-04-30,16.889999389648438,0.13098278391737617,0.002576671323536071,0.019295451522684623,-0.001399430068682466,0.07396187505832846,0.14930324070350187,0.11168733239469154,-0.01671878019914855,-0.07138520373479239
2026-05-01,16.989999771118164,0.13326554680656863,0.004453704170388715,0.011892159664938243,-0.008200692698180214,0.07164723096838808,0.14815324237077362,0.12137338714163039,-0.007438455494549528,-0.06719352679799936
2026-05-04,18.290000915527344,0.18324773069686098,0.04052351062212568,0.013373403430349711,0.00016412845799871592,0.07763438891481303,0.15189774185118263,0.16987432726651128,0.02715010719177597,-0.037110878292687347
2026-05-05,17.3799991607666,0.14226742525425604,0.011733941430690486,0.01575346564553394,-0.0017227102857554281,0.07947551884379547,0.1539637453813548,0.12651395960872208,-0.004019524214843454,-0.06774157741310499
2026-05-06,17.389999389648438,0.1174429372905608,-0.006349990208801181,0.02086401892212555,0.0014682168951827476,0.08393095483209972,0.161503993741702,0.09657891836843524,-0.027214009130926732,-0.09028094504090091
2026-05-07,17.079999923706055,0.1261827299543881,-0.003918535899027791,-0.049657369952820295,-0.015063826843974818,0.08188071885068793,0.15144324475251836,0.1758400999072084,0.045738834053792504,-0.08579925474971573
2026-05-08,17.190000534057617,0.13614950116383862,0.000367564906335531,-0.04522368070126253,-0.023590946699292084,0.0869762784829782,0.16240911597219995,0.18137318186510115,0.04559124560759806,-0.08660871357664267
2026-05-11,18.3799991607666,0.1816206410349636,0.03327100668261064,-0.04578184244435055,-0.025973089805401785,0.0868345273693408,0.16478545068071623,0.22740248347931413,0.0790528491269612,-0.05356352068673016
2026-05-12,17.989999771118164,0.17132563165862832,0.025455238214933014,-0.05583417080384135,-0.029185483124541316,0.08670141378681208,0.16289847915100117,0.22715980246246967,0.08128940901877436,-0.061246175571879065
2026-05-13,17.8700008392334,0.18316361801830758,0.03128616548233935,-0.06736638264884665,-0.026915776790708258,0.08559748417273211,0.16493566351685146,0.25053000066715425,0.09865254813118599,-0.05431131869039276
2026-05-14,17.260000228881836,0.16172435168568894,0.012454111014179316,-0.07029890676157328,-0.023254709961426367,0.07944819600099963,0.15219566892205225,0.23202325844726224,0.0827530177757526,-0.06699408498682032
2026-05-15,18.43000030517578,0.1890258896619413,0.0325572787523743,-0.061790666606795185,-0.024896134569436977,0.08202305209700703,0.14823923093942457,0.2508165562687365,0.09434794535916949,-0.04946577334463273
2026-05-18,17.81999969482422,0.17227595057300962,0.019037114178997182,-0.07982861849623922,-0.02904190074094673,0.08492671887602116,0.1501749648295477,0.25210456906924883,0.0988657326752364,-0.06588960469702397
2026-05-19,18.059999465942383,0.17847146626295315,0.024164265063612852,-0.07500762445853107,0.0035126285984460005,0.08494662795462869,0.15354731259414842,0.2534790907214842,0.09917188952214392,-0.06078236289101584
2026-05-20,17.440000534057617,0.15701522312053146,0.00799454633021601,-0.06426482930654978,0.015250765038840796,0.08873214896471791,0.15277174478401767,0.22128005242708124,0.0722593756367658,-0.0807376026345019
2026-05-21,16.760000228881836,0.13968953993458164,-0.007126246143327819,-0.07640063917397123,-0.000969795201404327,0.08969915529960001,0.15203126943961043,0.21609017910855288,0.06927439303064341,-0.09682540144292784
2026-05-22,16.700000762939453,0.1442977259415576,-0.006112017051832347,-0.07551818957263311,-0.004810461537874764,0.08705324244565169,0.14597431608876105,0.21981591551419072,0.06940617252080077,-0.09316525949748403
2026-05-26,17.010000228881836,0.18895894669259694,0.022868423444158074,-0.0650664140489378,0.010082268266341208,0.08793797417485938,0.15149676618242225,0.25402536074153476,0.08793483749309587,-0.06506955073070131
2026-05-27,16.290000915527344,0.1664497847820016,0.009716767091890297,-0.05478351420978869,0.006972380064980735,0.08499640841842432,0.14283005155213707,0.22123329899179028,0.064500281301679,-0.07527964132653402
2026-05-28,15.739999771118164,0.13714284720976955,-0.009653498248567871,-0.05453743965743374,0.0029617672275186833,0.09321534412720829,0.145512641051709,0.1916802868672033,0.04488394140886587,-0.10286884237577616
2026-05-29,15.31999969482422,0.10023059834481991,-0.032154790586244,-0.061173288954507105,0.0006538889309338103,0.09559127178488043,0.14371864390584743,0.16140388729932703,0.029018498368263104,-0.12774606237112443
2026-06-01,16.049999237060547,0.1924314769758746,0.022808200478762846,-0.05476660779706761,0.02155301642864329,0.08471349988241206,0.1436988380800844,0.2471980847729422,0.07757480827583045,-0.06190529940364921
2026-06-02,15.770000457763672,0.1531856630344697,-0.0006710772345227781,-0.06464380744875035,0.019038618930007387,0.07301012072617466,0.13844864748937696,0.21782947048322004,0.06397273021422757,-0.07368119796069744
2026-06-03,16.059999465942383,0.1382837614403355,-0.008435108306606749,-0.07076868975348442,0.013644059420982815,0.06792771835596173,0.13527864094637135,0.20905245119381993,0.06233358144687767,-0.07636282666256848
2026-06-04,15.399999618530272,0.10404320911731466,-0.03148243353805322,-0.08113012363574779,0.05037189204879782,0.0641922188499848,0.14887274780305887,0.18517333275306244,0.04964769009769457,-0.09567465238803802
2026-06-05,21.510000228881836,0.3765276151994226,0.16695573093569568,-0.011378654595583466,0.051895349589353025,0.07839396195677642,0.14033421172679023,0.3879062697950061,0.17833438553127914,0.08856176897891926
2026-06-08,18.920000076293945,0.2390113755060143,0.06718301356926966,-0.013666182682973224,0.05401613333428299,0.07597124588034945,0.140057083183411,0.2526775581889875,0.08084919625224288,-0.008788232311079794
2026-06-09,19.8700008392334,0.27380505947584544,0.0945897805136676,-0.02538390462975286,0.056991500333152464,0.07272594568029052,0.13955064717594848,0.2991889641055983,0.11997368514342047,0.021863834833377088
2026-06-10,22.219999313354492,0.3825251471810166,0.17403994635192963,0.004160171919594889,0.08116462947861412,0.07912591768326357,0.14573141610420332,0.3783649752614217,0.16987977443233473,0.09491402866866605
2026-06-11,19.440000534057617,0.23457062596223613,0.06612831989061937,0.04023900014727161,0.07298535714247344,0.0816120518973791,0.13789315588540546,0.19433162581496452,0.025889319743347766,-0.015483732006759732
2026-06-12,17.68000030517578,0.17308567192722465,0.02006606560392473,0.05136654062629485,0.06582797094036237,0.08350040606573499,0.13518214445115354,0.1217191313009298,-0.03130047502237012,-0.06343434046181026
2026-06-15,16.200000762939453,0.09994031998649104,-0.026833148200352364,0.07876008658480986,0.09369948858205876,0.0870164049992921,0.1349124257733885,0.02118023340168118,-0.10559323478516222,-0.11384955319964446
2026-06-16,16.40999984741211,0.12328842564413262,-0.00997108470107717,0.0770027953643322,0.09247142190405597,0.0866913464916341,0.1316711112447636,0.04628563027980041,-0.08697388006540938,-0.09666243119271127
2026-06-17,18.440000534057617,0.1838054765288857,0.036987181632612255,0.08237119926576343,0.12347428969429117,0.08091231276356235,0.13633449527391134,0.10143427726312228,-0.045384017633151176,-0.0439251311309501
2026-06-18,16.399999618530273,0.09951010960587156,-0.02339163429951755,0.08669345416409159,0.10721565140730237,0.08245339366825268,0.13142558646072738,0.01281665544177997,-0.11008508846360915,-0.10584502796777023
2026-06-22,17.280000686645508,0.10931585647796357,-0.013136192217416081,0.05516061400533262,0.10154911079838504,0.06965730769711469,0.12555356891845257,0.054155242472630954,-0.0682968062227487,-0.08279349991453076
2026-06-23,19.489999771118164,0.17914639844075297,0.03683429588514252,0.07000826729083655,0.10073253548110597,0.07087544740139766,0.12387375547518795,0.10913813114991643,-0.03317397140569403,-0.03404115151625514
2026-06-24,18.6299991607666,0.14882326419641365,0.014787914979590793,0.07031662362275366,0.1000102751072027,0.07325827709914011,0.12661758907289322,0.07850664057365998,-0.055528708643162866,-0.05847036211954931
2026-06-25,18.88999938964844,0.12092434357433969,-0.0004912444527029115,0.03797438501696233,0.10613463522442529,0.061448996853743824,0.13357120764762115,0.08294995855737736,-0.03846562946966524,-0.061940241306446736
2026-06-26,18.40999984741211,0.08804209246840128,-0.022573338585536548,0.030162969191631365,0.12095777935774048,0.05061387613554398,0.12498299500162233,0.05787912327676992,-0.05273630777716791,-0.07318721472108053
2026-06-29,17.649999618530273,0.05706910300643576,-0.04323327716796245,0.047068394233047116,0.11017197903496441,0.049897897600261726,0.10296964123694316,0.010000708773388642,-0.09030167140100956,-0.09313117476822418
2026-06-30,16.450000762939453,0.02670447833541645,-0.06557807738261079,0.05620013190381115,0.12195425337041732,0.04958813603987233,0.1031167155015199,-0.029495653568394703,-0.12177820928642194,-0.11516621342248312
2026-07-01,16.59000015258789,0.047586737974797524,-0.049330905094473604,0.07358525659324631,0.15180452277565132,0.024794393761910085,0.07463486671518946,-0.02599851861844879,-0.12291616168771992,-0.07412529885638369
2026-07-02,16.149999618530273,0.03671513187973498,-0.05721742261445886,0.07552001266873776,0.15027824073076676,0.019282329219902854,0.0701024200735071,-0.03880488078900278,-0.13273743528319662,-0.07649975183436172
2026-07-06,15.56999969482422,0.03118533402445015,-0.06159717286946875,0.09121984358755932,0.15393802649270644,0.02184977989009202,0.06918979713424034,-0.06003450956310917,-0.15281701645702805,-0.08344695275956077
2026-07-07,16.1299991607666,0.054311910390746114,-0.0463885676316827,0.10047481049148672,0.1331058584095855,0.02203554320634811,0.06997582627980753,-0.04616290010074061,-0.1468633781231694,-0.06842411083803081
2026-07-08,16.899999618530273,0.10420456271602144,-0.012319319119186723,0.0460082033490703,0.13779487481059502,0.020230021339439224,0.07479002078916165,0.05819635936695114,-0.05832752246825702,-0.032549340458625946
2026-07-09,15.84000015258789,0.07102341409322947,-0.0349871413010778,0.05615910005367438,0.13841295696689512,2.3754446309151786e-05,0.07028770908168502,0.014864314039555092,-0.09114624135475219,-0.03501089574738695
2026-07-10,15.029999732971191,0.0415710790140333,-0.055281639171681454,0.05315559662665213,0.1339873061522473,-0.0024584072810658916,0.06719580192824183,-0.011584517612618833,-0.10843723579833359,-0.052823231890615566
2026-07-13,17.15999984741211,0.11419719872273011,-0.004622018639335604,0.032871520375930635,0.10926974196204983,-0.0015168993822853047,0.06727548695224259,0.08132567834679948,-0.03749353901526624,-0.0031051192570502994
2026-07-14,16.5,0.08341639035405088,-0.026322997605777627,-0.006396139253963267,0.10646132778874981,-0.007586788606522703,0.0634361841581495,0.08981252960801414,-0.01992685835181436,-0.018736208999254923
2026-07-15,15.670000076293944,0.042535970248310635,-0.05332532569532171,-0.018606943761297807,0.10746251123943638,-0.012355823804889773,0.06596324475921451,0.061142914009608446,-0.034718381934023906,-0.040969501890431935
2026-07-16,16.729999542236328,0.07714741837748652,-0.029696106936883654,-0.04864318953985297,0.09612710136236467,-0.014553728221189381,0.06602992250155965,0.12579060791733948,0.018947082602969317,-0.015142378715694273
2026-07-17,18.770000457763672,0.14465302816385173,0.01825555937459563,-0.04232826913344205,0.10450117804467231,-0.011812129325651993,0.0683711547182851,0.1869812972972938,0.06058382850803768,0.030067688700247622
2026-07-20,18.649999618530273,0.1536977770316544,0.022456578732337834,-0.05631326544169051,0.06476340610427146,-0.017476808267716297,0.06648164101160271,0.21001104247334493,0.07876984417402835,0.03993338700005413
2026-07-21,17.049999237060547,0.10210272563616256,-0.014858855385327292,-0.058460944815189216,0.07243484028779668,-0.015201450456250069,0.06732116016183087,0.16056367045135178,0.04360208942986192,0.0003425950709227774
2026-07-22,16.639999389648438,0.1064733969428693,-0.015632152522386755,-0.053284898870756665,0.0715166207061325,-0.017167217502684056,0.07227808695728868,0.15975829581362597,0.03765274634836991,0.0015350649802973008
2026-07-23,18.700000762939453,0.1555121959974858,0.024138451637208826,-0.06831076834851171,0.09633014098777848,-0.020535371598635686,0.07632175614298073,0.22382296434599752,0.09244921998572053,0.04467382323584451
2026-07-24,18.579999923706055,0.1449181142942979,0.016597536658358045,-0.07133650543970885,0.0850216987370096,-0.021194374553733155,0.07647146409548904,0.21625461973400675,0.08793404209806689,0.0377919112120912
2026-07-27,18.670000076293945,0.16180283257440747,0.025775239640293227,-0.06949988870820864,0.0678763131492079,-0.02489954340287225,0.07640079737347649,0.2313027212826161,0.09527512834850187,0.05067478304316547
2026-07-28,18.209999084472656,0.17235210852007182,0.029371565193888137,-0.06721094905198507,0.07843083710190797,-0.022091797533318084,0.07939841390120372,0.2395630575720569,0.09658251424587322,0.051463362727206224
2026-07-29,20.65999984741211,0.284277243617228,0.10960620812197804,-0.06992574276329984,0.11177929244612561,-0.014960086060995036,0.0835888804609654,0.35420298638052783,0.17953195088527787,0.12456629418297308
2026-07-30,17.09000015258789,0.050246082561023586,-0.04810207584090001,-0.07802076899482364,0.07066313304371251,-0.022256738372903952,0.07066247781651434,0.12826685155584722,0.029918693153923634,-0.025845337467996058
2026-07-31,15.989999771118164,-0.02698125136813017,-0.09398514520271344,-0.09643131347247327,0.02102839017550525,-0.029722291093966822,0.06194545803012783,0.0694500621043431,0.002446168269759838,-0.06426285410874662
2026-08-03,15.859999656677246,-0.03567128421146372,-0.09992742527643206,-0.08588934621147284,0.03284560921188733,-0.02750806339001079,0.066924248549852,0.050218062000009125,-0.014038079064959214,-0.07241936188642127
2026-08-04,16.5,-0.025215554461911552,-0.09261244105516708,-0.06974240463988748,0.03270631680003893,-0.018556579013063214,0.06564840508386258,0.04452685017797593,-0.0228700364152796,-0.07405586204210388
2026-08-05,15.8100004196167,-0.044746755412242954,-0.1065967919378827,-0.07630420972997087,0.02309086272620152,-0.022745461819453198,0.0650684696768693,0.03155745431772792,-0.030292582207911825,-0.0838513301184295
2026-08-06,15.149999618530272,-0.05394178935710681,-0.11323181100304044,-0.07424075652514411,0.013064300833008306,-0.02449113338075933,0.06215715596036628,0.0202989671680373,-0.03899105447789633,-0.08874067762228112
2026-08-07,14.899999618530272,-0.05954234150976385,-0.11778463600844008,-0.07786514786231737,0.013244507123536486,-0.023695678613642218,0.06322163223749445,0.018322806352553518,-0.039919488146122714,-0.09408895739479786
2026-08-10,15.460000038146973,-0.04746697817671623,-0.10952425441902615,-0.07781577471937086,0.024729583729851692,-0.026637413921329123,0.06592844408608148,0.030348796542654627,-0.03170847969965529,-0.08288684049769703
2026-08-11,15.279999732971191,-0.04953519952715454,-0.11085882268833047,-0.08023958114410124,0.038709038421125365,-0.026536223055921085,0.07083782803397574,0.030704381616946698,-0.030619241544229236,-0.08432259963240939
2026-08-12,14.550000190734863,-0.061415531121246425,-0.11901300233535858,-0.07924127055049392,0.04298962936773556,-0.02804519172772966,0.0689261102293785,0.017825739429247492,-0.039771731784864664,-0.09096781060762893
2026-08-13,14.630000114440918,-0.0546593019158378,-0.11501916078517224,-0.07216124103418671,0.036523451639720525,-0.02555680512733104,0.06765331696783544,0.017501939118348908,-0.04285791975098553,-0.0894623556578412
2026-08-14,14.25,-0.056009745810446196,-0.11648078678791318,-0.06888245025293968,0.04048882044281146,-0.024792344997853932,0.06819201279379428,0.012872704442493485,-0.0475983365349735,-0.09168844179005925
2026-08-17,15.1899995803833,-0.03581996508715681,-0.10243447475624265,-0.07376135816070259,0.043408321214412286,-0.026103126908402215,0.07152406243199497,0.03794139307354578,-0.02867311659554006,-0.07633134784784043
2026-08-18,15.84000015258789,-0.022578095481344623,-0.0926662484330815,-0.0702065720339921,0.04193395610857351,-0.025421859508728842,0.07051225632697332,0.04762847655264747,-0.0224596763990894,-0.06724438892435265
2026-08-19,14.890000343322754,-0.042316772290858826,-0.10645655286648974,-0.07556389323307254,0.03944407749486896,-0.02682207064555707,0.06598546812522803,0.033247120942213715,-0.030892659633417197,-0.07963448222093267
2026-08-20,16.010000228881836,-0.01746320506199625,-0.08920807038476848,-0.06871297712285267,0.048030360355428944,-0.028016452013754963,0.06952080736942025,0.051249772060856416,-0.020495093261915814,-0.061191618371013515
2026-08-21,15.130000114440918,-0.02215335543035635,-0.09426142005347457,-0.0700240166101489,0.03398903693911273,-0.02728252810538722,0.06927941828601053,0.04787066117979255,-0.024237403443325672,-0.06697889194808734
2026-08-24,15.850000381469728,-0.005629241320382489,-0.08291987023585291,-0.06943685961757932,0.03293981157572781,-0.02813527217247735,0.07069093754482299,0.06380761829719683,-0.013483010618273589,-0.05478459806337556
2026-08-25,15.449999809265137,-0.004420080715425302,-0.0823657297973993,-0.06055391880889917,0.03626932371907099,-0.02987076455057427,0.0680498074248963,0.056133838093473866,-0.02181181098850013,-0.05249496524682502
2026-08-26,15.210000038146973,-0.010587484246993456,-0.08732676581911696,-0.061907717613374505,0.03352972677968358,-0.030043616530401083,0.0703615429573309,0.05132023336638105,-0.02541904820574245,-0.057283149288715876
2026-08-27,14.510000228881836,-0.047622748788199505,-0.11407718705477839,-0.09731122375821738,0.018775832359999967,-0.0388451408177177,0.0685550626228144,0.049688474970017875,-0.016765963296561007,-0.07523204623706069
2026-08-28,14.43000030517578,-0.01928094828452457,-0.10257329747789411,-0.10968666247479408,0.05472026268438253,-0.04046730140837739,0.06922495236272358,0.09040571419026952,0.007113364996899976,-0.062105996069516715
2026-08-31,14.920000076293944,0.08982382941219857,-0.04674657859876757,-0.079263422308562,0.09222802197543775,-0.03507011541281728,0.07235509550132946,0.16908725172076056,0.03251684370979443,-0.011676463185950288
2026-09-01,16.34000015258789,0.21136954895906124,0.0272860079911086,-0.09416672920747425,0.06462557025222744,-0.03153196756061957,0.07363621876365692,0.3055362781665355,0.12145273719858285,0.05881797555172817
2026-09-02,15.199999809265137,0.15550855116642312,-0.01445822867270568,-0.15780264980570474,0.07467894783298622,-0.030866283770548855,0.07616518510907137,0.31331120097212783,0.14334442113299906,0.016408055097843176
