observation_date,recession_ahead,spread_10y3m,usrec,base_rate_lag0,spread_lag0,sahm_lag0,both_lag0,base_rate_lag12,spread_lag12,sahm_lag12,both_lag12
1962-01-01,0.0,1.3599999999999999,0.0,,,,,,,,
1962-02-01,0.0,1.31,0.0,,,,,,,,
1962-03-01,0.0,1.21,0.0,,,,,,,,
1962-04-01,0.0,1.1099999999999999,0.0,,,,,,,,
1962-05-01,0.0,1.1800000000000002,0.0,,,,,,,,
1962-06-01,0.0,1.1800000000000002,0.0,,,,,,,,
1962-07-01,0.0,1.0899999999999999,0.0,,,,,,,,
1962-08-01,0.0,1.1600000000000001,0.0,,,,,,,,
1962-09-01,0.0,1.2000000000000002,0.0,,,,,,,,
1962-10-01,0.0,1.19,0.0,,,,,,,,
1962-11-01,0.0,1.0899999999999999,0.0,,,,,,,,
1962-12-01,0.0,0.9899999999999998,0.0,,,,,,,,
1963-01-01,0.0,0.9199999999999999,0.0,,,,,,,,
1963-02-01,0.0,1.0,0.0,,,,,,,,
1963-03-01,0.0,1.04,0.0,,,,,,,,
1963-04-01,0.0,1.0700000000000003,0.0,,,,,,,,
1963-05-01,0.0,1.0,0.0,,,,,,,,
1963-06-01,0.0,1.0,0.0,,,,,,,,
1963-07-01,0.0,0.8399999999999994,0.0,,,,,,,,
1963-08-01,0.0,0.6800000000000002,0.0,,,,,,,,
1963-09-01,0.0,0.7000000000000002,0.0,,,,,,,,
1963-10-01,0.0,0.6600000000000001,0.0,,,,,,,,
1963-11-01,0.0,0.6000000000000001,0.0,,,,,,,,
1963-12-01,0.0,0.6099999999999999,0.0,,,,,,,,
1964-01-01,0.0,0.6499999999999999,0.0,,,,,,,,
1964-02-01,0.0,0.6200000000000006,0.0,,,,,,,,
1964-03-01,0.0,0.6799999999999997,0.0,,,,,,,,
1964-04-01,0.0,0.7600000000000002,0.0,,,,,,,,
1964-05-01,0.0,0.7200000000000002,0.0,,,,,,,,
1964-06-01,0.0,0.69,0.0,,,,,,,,
1964-07-01,0.0,0.7300000000000004,0.0,,,,,,,,
1964-08-01,0.0,0.6900000000000004,0.0,,,,,,,,
1964-09-01,0.0,0.6700000000000004,0.0,,,,,,,,
1964-10-01,0.0,0.6200000000000006,0.0,,,,,,,,
1964-11-01,0.0,0.5100000000000002,0.0,,,,,,,,
1964-12-01,0.0,0.33999999999999986,0.0,,,,,,,,
1965-01-01,0.0,0.38000000000000034,0.0,,,,,,,,
1965-02-01,0.0,0.2799999999999998,0.0,,,,,,,,
1965-03-01,0.0,0.2799999999999998,0.0,,,,,,,,
1965-04-01,0.0,0.27,0.0,,,,,,,,
1965-05-01,0.0,0.31999999999999984,0.0,,,,,,,,
1965-06-01,0.0,0.41000000000000014,0.0,,,,,,,,
1965-07-01,0.0,0.3600000000000003,0.0,,,,,,,,
1965-08-01,0.0,0.41000000000000014,0.0,,,,,,,,
1965-09-01,0.0,0.3700000000000001,0.0,,,,,,,,
1965-10-01,0.0,0.3199999999999994,0.0,,,,,,,,
1965-11-01,0.0,0.3600000000000003,0.0,,,,,,,,
1965-12-01,0.0,0.2400000000000002,0.0,,,,,,,,
1966-01-01,0.0,0.020000000000000462,0.0,,,,,,,,
1966-02-01,0.0,0.17999999999999972,0.0,,,,,,,,
1966-03-01,0.0,0.28000000000000025,0.0,,,,,,,,
1966-04-01,0.0,0.1299999999999999,0.0,,,,,,,,
1966-05-01,0.0,0.14000000000000057,0.0,,,,,,,,
1966-06-01,0.0,0.3099999999999996,0.0,,,,,,,,
1966-07-01,0.0,0.21999999999999975,0.0,,,,,,,,
1966-08-01,0.0,0.2599999999999998,0.0,,,,,,,,
1966-09-01,0.0,-0.1900000000000004,0.0,,,,,,,,
1966-10-01,0.0,-0.33999999999999986,0.0,,,,,,,,
1966-11-01,0.0,-0.16000000000000014,0.0,,,,,,,,
1966-12-01,0.0,-0.1200000000000001,0.0,,,,,,,,
1967-01-01,0.0,-0.13999999999999968,0.0,,,,,,,,
1967-02-01,0.0,0.07000000000000028,0.0,,,,,,,,
1967-03-01,0.0,0.28000000000000025,0.0,,,,,,,,
1967-04-01,0.0,0.75,0.0,,,,,,,,
1967-05-01,0.0,1.2499999999999996,0.0,,,,,,,,
1967-06-01,0.0,1.4799999999999995,0.0,,,,,,,,
1967-07-01,0.0,0.9500000000000002,0.0,,,,,,,,
1967-08-01,0.0,1.0100000000000007,0.0,,,,,,,,
1967-09-01,0.0,0.8799999999999999,0.0,,,,,,,,
1967-10-01,0.0,0.9200000000000008,0.0,,,,,,,,
1967-11-01,0.0,1.0199999999999996,0.0,,,,,,,,
1967-12-01,0.0,0.7300000000000004,0.0,,,,,,,,
1968-01-01,0.0,0.5300000000000002,0.0,,,,,,,,
1968-02-01,0.0,0.5799999999999992,0.0,,,,,,,,
1968-03-01,0.0,0.5700000000000003,0.0,,,,,,,,
1968-04-01,0.0,0.2599999999999998,0.0,,,,,,,,
1968-05-01,0.0,0.20999999999999996,0.0,,,,,,,,
1968-06-01,0.0,0.20000000000000018,0.0,,,,,,,,
1968-07-01,0.0,0.1900000000000004,0.0,,,,,,,,
1968-08-01,0.0,0.33000000000000007,0.0,,,,,,,,
1968-09-01,0.0,0.2699999999999996,0.0,,,,,,,,
1968-10-01,0.0,0.23000000000000043,0.0,,,,,,,,
1968-11-01,0.0,0.25,0.0,,,,,,,,
1968-12-01,0.0,0.07000000000000028,0.0,,,,,,,,
1969-01-01,1.0,-0.09999999999999964,0.0,,,,,,,,
1969-02-01,1.0,0.07000000000000028,0.0,,,,,,,,
1969-03-01,1.0,0.28000000000000025,0.0,,,,,,,,
1969-04-01,1.0,0.05999999999999961,0.0,,,,,,,,
1969-05-01,1.0,0.28000000000000025,0.0,,,,,,,,
1969-06-01,1.0,0.1299999999999999,0.0,,,,,,,,
1969-07-01,1.0,-0.28000000000000025,0.0,,,,,,,,
1969-08-01,1.0,-0.29000000000000004,0.0,,,,,,,,
1969-09-01,1.0,0.07000000000000028,0.0,,,,,,,,
1969-10-01,1.0,0.09999999999999964,0.0,,,,,,,,
1969-11-01,1.0,-0.10000000000000053,0.0,,,,,,,,
1969-12-01,1.0,-0.16999999999999993,0.0,,,,,,,,
1970-01-01,1.0,-0.08000000000000007,1.0,,,,,,,,
1970-02-01,1.0,0.11000000000000032,1.0,,,,,,,,
1970-03-01,1.0,0.4400000000000004,1.0,,,,,,,,
1970-04-01,1.0,0.8799999999999999,1.0,,,,,,,,
1970-05-01,1.0,1.0700000000000003,1.0,,,,,,,,
1970-06-01,1.0,1.1600000000000001,1.0,,,,,,,,
1970-07-01,1.0,1.0099999999999998,1.0,,,,,,,,
1970-08-01,1.0,1.12,1.0,,,,,,,,
1970-09-01,1.0,1.2699999999999996,1.0,,,,,,,,
1970-10-01,1.0,1.42,1.0,,,,,,,,
1970-11-01,0.0,1.5599999999999996,1.0,,,,,,,,
1970-12-01,0.0,1.5199999999999996,0.0,,,,,,,,
1971-01-01,0.0,1.7999999999999998,0.0,,,,,,,,
1971-02-01,0.0,2.41,0.0,,,,,,,,
1971-03-01,0.0,2.3200000000000003,0.0,,,,,,,,
1971-04-01,0.0,1.9700000000000002,0.0,,,,,,,,
1971-05-01,0.0,2.25,0.0,,,,,,,,
1971-06-01,0.0,1.7699999999999996,0.0,,,,,,,,
1971-07-01,0.0,1.33,0.0,,,,,,,,
1971-08-01,0.0,1.6399999999999997,0.0,,,,,,,,
1971-09-01,0.0,1.4499999999999993,0.0,,,,,,,,
1971-10-01,0.0,1.4699999999999998,0.0,,,,,,,,
1971-11-01,0.0,1.5899999999999999,0.0,,,,,,,,
1971-12-01,0.0,1.92,0.0,,,,,,,,
1972-01-01,0.0,2.5700000000000003,0.0,,,,,,,,
1972-02-01,0.0,2.88,0.0,,,,,,,,
1972-03-01,0.0,2.3400000000000003,0.0,,,,,,,,
1972-04-01,0.0,2.4800000000000004,0.0,,,,,,,,
1972-05-01,0.0,2.44,0.0,,,,,,,,
1972-06-01,0.0,2.2,0.0,,,,,,,,
1972-07-01,0.0,2.1300000000000003,0.0,,,,,,,,
1972-08-01,0.0,2.1900000000000004,0.0,,,,,,,,
1972-09-01,0.0,1.8899999999999997,0.0,,,,,,,,
1972-10-01,0.0,1.7400000000000002,0.0,,,,,,,,
1972-11-01,0.0,1.5,0.0,,,,,,,,
1972-12-01,1.0,1.29,0.0,,,,,,,,
1973-01-01,1.0,1.0499999999999998,0.0,,,,,,,,
1973-02-01,1.0,1.04,0.0,,,,,,,,
1973-03-01,1.0,0.6200000000000001,0.0,,,,,,,,
1973-04-01,1.0,0.41000000000000014,0.0,,,,,,,,
1973-05-01,1.0,0.4899999999999993,0.0,,,,,,,,
1973-06-01,1.0,-0.29000000000000004,0.0,,,,,,,,
1973-07-01,1.0,-0.8799999999999999,0.0,,,,,,,,
1973-08-01,1.0,-1.2699999999999996,0.0,,,,,,,,
1973-09-01,1.0,-1.1999999999999993,0.0,,,,,,,,
1973-10-01,1.0,-0.4299999999999997,0.0,,,,,,,,
1973-11-01,1.0,-1.0999999999999996,0.0,,,,,,,,
1973-12-01,1.0,-0.71,1.0,,,,,,,,
1974-01-01,1.0,-0.7799999999999994,1.0,,,,,,,,
1974-02-01,1.0,-0.16000000000000014,1.0,,,,,,,,
1974-03-01,1.0,-0.75,1.0,,,,,,,,
1974-04-01,1.0,-0.8200000000000003,1.0,,,,,,,,
1974-05-01,1.0,-0.6500000000000004,1.0,,,,,,,,
1974-06-01,1.0,-0.3600000000000003,1.0,,,,,,,,
1974-07-01,1.0,0.2599999999999998,1.0,,,,,,,,
1974-08-01,1.0,-0.9200000000000017,1.0,,,,,,,,
1974-09-01,1.0,-0.02000000000000135,1.0,,,,,,,,
1974-10-01,1.0,0.4400000000000004,1.0,,,,,,,,
1974-11-01,1.0,0.20999999999999996,1.0,,,,,,,,
1974-12-01,1.0,0.27999999999999936,1.0,,,,,,,,
1975-01-01,1.0,1.2400000000000002,1.0,,,,,,,,
1975-02-01,1.0,1.8899999999999997,1.0,,,,,,,,
1975-03-01,0.0,2.24,1.0,,,,,,,,
1975-04-01,0.0,2.62,0.0,,,,,,,,
1975-05-01,0.0,2.83,0.0,,,,,,,,
1975-06-01,0.0,2.5200000000000005,0.0,,,,,,,,
1975-07-01,0.0,1.9300000000000006,0.0,,,,,,,,
1975-08-01,0.0,1.96,0.0,,,,,,,,
1975-09-01,0.0,2.01,0.0,,,,,,,,
1975-10-01,0.0,2.1800000000000006,0.0,,,,,,,,
1975-11-01,0.0,2.5700000000000003,0.0,,,,,,,,
1975-12-01,0.0,2.5599999999999996,0.0,,,,,,,,
1976-01-01,0.0,2.87,0.0,,,,,,,,
1976-02-01,0.0,2.91,0.0,,,,,,,,
1976-03-01,0.0,2.7300000000000004,0.0,,,,,,,,
1976-04-01,0.0,2.6999999999999993,0.0,,,,,,,,
1976-05-01,0.0,2.7,0.0,,,,,,,,
1976-06-01,0.0,2.45,0.0,,,,,,,,
1976-07-01,0.0,2.5999999999999996,0.0,,,,,,,,
1976-08-01,0.0,2.63,0.0,,,,,,,,
1976-09-01,0.0,2.51,0.0,,,,,,,,
1976-10-01,0.0,2.49,0.0,,,,,,,,
1976-11-01,0.0,2.54,0.0,,,,,,,,
1976-12-01,0.0,2.5200000000000005,0.0,,,,,,,,
1977-01-01,0.0,2.59,0.0,,,,,,,,
1977-02-01,0.0,2.7199999999999998,0.0,,,,,,,,
1977-03-01,0.0,2.8600000000000003,0.0,,,,,,,,
1977-04-01,0.0,2.83,0.0,,,,,,,,
1977-05-01,0.0,2.5,0.0,,,,,,,,
1977-06-01,0.0,2.2600000000000007,0.0,,,,,,,,
1977-07-01,0.0,2.1399999999999997,0.0,,,,,,,,
1977-08-01,0.0,1.9100000000000001,0.0,,,,,,,,
1977-09-01,0.0,1.5300000000000002,0.0,,,,,,,,
1977-10-01,0.0,1.3599999999999994,0.0,,,,,,,,
1977-11-01,0.0,1.4800000000000004,0.0,,,,,,,,
1977-12-01,0.0,1.62,0.0,,,,,,,,
1978-01-01,0.0,1.5199999999999996,0.0,,,,,,,,
1978-02-01,0.0,1.5799999999999992,0.0,,,,,,,,
1978-03-01,0.0,1.7499999999999991,0.0,,,,,,,,
1978-04-01,0.0,1.8600000000000003,0.0,,,,,,,,
1978-05-01,0.0,1.9399999999999995,0.0,,,,,,,,
1978-06-01,0.0,1.7300000000000004,0.0,,,,,,,,
1978-07-01,0.0,1.6300000000000008,0.0,,,,,,,,
1978-08-01,0.0,1.33,0.0,,,,,,,,
1978-09-01,0.0,0.5700000000000003,0.0,,,,,,,,
1978-10-01,0.0,0.6500000000000004,0.0,,,,,,,,
1978-11-01,0.0,0.16999999999999993,0.0,,,,,,,,
1978-12-01,0.0,-0.07000000000000028,0.0,,,,,,,,
1979-01-01,0.0,-0.25,0.0,,,,,,,,
1979-02-01,1.0,-0.22000000000000064,0.0,,,,,,,,
1979-03-01,1.0,-0.3600000000000012,0.0,,,,,,,,
1979-04-01,1.0,-0.28000000000000114,0.0,,,,,,,,
1979-05-01,1.0,-0.35999999999999943,0.0,,,,,,,,
1979-06-01,1.0,-0.15000000000000036,0.0,,,,,,,,
1979-07-01,1.0,-0.2900000000000009,0.0,,,,,,,,
1979-08-01,1.0,-0.4900000000000002,0.0,,,,,,,,
1979-09-01,1.0,-0.9299999999999997,0.0,,,,,,,,
1979-10-01,1.0,-1.3999999999999986,0.0,,,,,,,,
1979-11-01,1.0,-1.1399999999999988,0.0,,,,,,,,
1979-12-01,1.0,-1.6499999999999986,0.0,,,,,,,,
1980-01-01,1.0,-1.1999999999999993,0.0,0.23902439024390243,0.8654422342323563,0.2552259446046796,0.9883299083871758,0.2538860103626943,0.8816864530548556,0.2719555680153708,0.9917497861343763
1980-02-01,1.0,-0.4499999999999993,1.0,0.24271844660194175,0.6585541052278078,0.2651123521324168,0.8892000562758644,0.25257731958762886,0.6758414205586614,0.27537633710428944,0.9012621173856781
1980-03-01,1.0,-2.4499999999999993,1.0,0.2463768115942029,0.9917207062498857,0.2730406300117198,0.9999983706634397,0.2512820512820513,0.9921699077262536,0.2778056552764632,0.9999987375686324
1980-04-01,1.0,-1.7299999999999986,1.0,0.25,0.9577102213132032,0.2844497296487352,0.9999013470085373,0.25,0.9570118797259507,0.28443327588658673,0.9998974239334723
1980-05-01,1.0,1.5999999999999996,1.0,0.2535885167464115,0.05466987694346011,0.3023072367731287,0.07465144369666249,0.24873096446700507,0.0597150641264551,0.29984109616759413,0.07905080568389028
1980-06-01,1.0,2.709999999999999,1.0,0.2571428571428571,0.0030795230182334384,0.31984484615086184,0.0018877427149676179,0.2474747474747475,0.003927445022626225,0.31802715462851533,0.0023966877825290175
1980-07-01,0.0,2.1899999999999995,1.0,0.26066350710900477,0.01315200628103977,0.33090446559752296,0.043346297641355246,0.24623115577889448,0.015715656169956436,0.3310514404531387,0.04859170060057769
1980-08-01,1.0,1.9699999999999989,0.0,0.2641509433962264,0.02239270957612056,0.3302598759271943,0.07922859429137197,0.245,0.026107419458123827,0.3278309859274239,0.08663176922544824
1980-09-01,1.0,1.2400000000000002,0.0,0.2676056338028169,0.10607377085794711,0.32927051021947507,0.4042714132382777,0.24378109452736318,0.11102222371349102,0.32285923606245925,0.4016879916981964
1980-10-01,1.0,0.13000000000000078,0.0,0.27102803738317754,0.4711648345002898,0.3271192475372676,0.9363063376738738,0.24257425742574257,0.45171444237804187,0.31492879987408673,0.9254538067019427
1980-11-01,1.0,-1.0500000000000007,0.0,0.2744186046511628,0.8839104433686582,0.3279360830839918,0.9997882899669952,0.2413793103448276,0.8495884829506157,0.3113154670895035,0.999577937649132
1980-12-01,1.0,-2.6500000000000004,0.0,0.2777777777777778,0.9982464474180135,0.3270358178231552,0.9999999996974519,0.24019607843137256,0.9948351539182729,0.30439312890182235,0.9999999964827222
1981-01-01,1.0,-2.4499999999999993,0.0,0.28110599078341014,0.9968049529348061,0.3276799020575473,0.999999995258176,0.23902439024390243,0.9893178134254432,0.2988881542021645,0.999999906823763
1981-02-01,1.0,-1.5999999999999996,0.0,0.28440366972477066,0.9668085994635224,0.32681633053823367,0.9999796788229702,0.24271844660194175,0.9362815041590434,0.29341981230706526,0.999905863244765
1981-03-01,1.0,-0.2400000000000002,0.0,0.2876712328767123,0.6377736615155922,0.33013063841054235,0.9523957115429039,0.2463768115942029,0.5879746583262654,0.2942378582501572,0.9345984286859221
1981-04-01,1.0,-0.009999999999999787,0.0,0.2909090909090909,0.5412212836295737,0.3250088786699832,0.8277725262632927,0.25,0.5041945899038709,0.2844497296487352,0.8019794406718291
1981-05-01,1.0,-2.200000000000001,0.0,0.29411764705882354,0.991426161068085,0.3162564673464393,0.9999890356721985,0.2535885167464115,0.9872928650284589,0.2738157346175029,0.9999863263881308
1981-06-01,1.0,-1.2599999999999998,0.0,0.2972972972972973,0.8888657815974765,0.3027051254564722,0.9725829892486987,0.2571428571428571,0.9057205167637836,0.2640883838287521,0.9872608327728575
1981-07-01,1.0,-0.6699999999999999,0.0,0.29596412556053814,0.7513611969338303,0.30236348115981765,0.8548530592734348,0.26066350710900477,0.7684416348546996,0.26861816601511707,0.8950097876363163
1981-08-01,1.0,-0.5700000000000003,1.0,0.29910714285714285,0.7104207425060624,0.3015541653258952,0.8033878756656023,0.2641509433962264,0.7418418428520999,0.27175435877203896,0.8563991175506807
1981-09-01,1.0,0.620000000000001,1.0,0.3022222222222222,0.31947784453656347,0.30378469527114443,0.20409013476059856,0.2676056338028169,0.27650932748694446,0.2767090482534173,0.16490961390482417
1981-10-01,1.0,1.6100000000000012,1.0,0.3053097345132743,0.09399416605541411,0.317425493261256,0.020725490053907034,0.27102803738317754,0.050125434985313355,0.28717620452690196,0.0069162306226963205
1981-11-01,1.0,2.530000000000001,1.0,0.30837004405286345,0.016904404610508635,0.3374161161046102,0.0010277338061886415,0.2744186046511628,0.004215769269437572,0.2994161502296331,8.449518654597826e-05
1981-12-01,1.0,2.870000000000001,1.0,0.31140350877192985,0.007743048633069778,0.3602256831781749,0.0005176865174626908,0.2777777777777778,0.0013209610210658548,0.31147348289522603,2.6428847843967625e-05
1982-01-01,1.0,2.3100000000000005,1.0,0.314410480349345,0.026515966832318296,0.3808201673829003,0.012696367670930374,0.28110599078341014,0.007840110998322897,0.32180521515047106,0.0024117376230039463
1982-02-01,1.0,0.9499999999999993,1.0,0.3173913043478261,0.22762196636654425,0.4003028523131343,0.4766303794855938,0.28440366972477066,0.1719733398220843,0.33185350582114165,0.41295646751441056
1982-03-01,1.0,1.1799999999999997,1.0,0.3203463203463203,0.1718278142048726,0.418346315455986,0.41070533960839317,0.2876712328767123,0.11551939157194474,0.3417349469887666,0.32651224755929775
1982-04-01,1.0,1.17,1.0,0.3232758620689655,0.1750036759591278,0.441414685893075,0.511406398269747,0.2909090909090909,0.1173649810806387,0.3555768572567761,0.4265591631983846
1982-05-01,1.0,1.5299999999999994,1.0,0.3261802575107296,0.104412244312095,0.4551750085407056,0.3561993421297789,0.29411764705882354,0.06636399666898936,0.369508511549276,0.2720114348969408
1982-06-01,1.0,1.83,1.0,0.32905982905982906,0.0630597031428615,0.47150580796626673,0.27042034767256184,0.2972972972972973,0.05218844544515578,0.3903343000447611,0.2367953345363482
1982-07-01,1.0,2.5999999999999996,1.0,0.33191489361702126,0.012812892705601774,0.4845550266279934,0.05568431145779579,0.29596412556053814,0.00972147704567784,0.38817623862459805,0.04419714878331681
1982-08-01,1.0,4.380000000000001,1.0,0.3347457627118644,5.5307396308990234e-05,0.4942083246387853,1.7542862660471522e-05,0.29910714285714285,8.098122855183909e-05,0.40965143201323195,2.7258456014978422e-05
1982-09-01,1.0,4.42,1.0,0.33755274261603374,5.070775040608957e-05,0.503639468443924,3.003374405485312e-05,0.3022222222222222,9.504998200871403e-05,0.43153262667201997,4.0378057268053417e-05
1982-10-01,1.0,3.2,1.0,0.3403361344537815,0.0035779798832694053,0.5028395247089088,0.0187092571819434,0.3053097345132743,0.0035677151229717547,0.4430950876193582,0.01341686521158647
1982-11-01,0.0,2.4800000000000004,1.0,0.34309623430962344,0.027630866158838092,0.509304708603239,0.18085765734778048,0.30837004405286345,0.018818384910584594,0.4577584228251879,0.1285009462076428
1982-12-01,0.0,2.5999999999999988,0.0,0.3458333333333333,0.030906441440152876,0.5106667282848253,0.17052829804984804,0.31140350877192985,0.014433046401791286,0.46444167137503894,0.08472610721953905
1983-01-01,0.0,2.6000000000000005,0.0,0.34854771784232363,0.03730829138932907,0.5004438209270713,0.15023489955073438,0.314410480349345,0.014333349340220066,0.4574402470273435,0.054320567406230695
1983-02-01,0.0,2.610000000000001,0.0,0.3512396694214876,0.03811438159012691,0.48186005469606913,0.10147447141415278,0.3173913043478261,0.013746179635033311,0.4401859045897112,0.02570304384210953
1983-03-01,0.0,2.16,0.0,0.35390946502057613,0.07699325592550763,0.46156658928797345,0.14881608057394274,0.3203463203463203,0.03479817180535146,0.4209271457590269,0.05194416875326981
1983-04-01,0.0,2.1899999999999995,0.0,0.35655737704918034,0.07682620977493722,0.4421262948087179,0.0992216210561287,0.3232758620689655,0.032616701302903214,0.4019576492218519,0.024055816314974155
1983-05-01,0.0,2.1900000000000013,0.0,0.35918367346938773,0.08128934551675654,0.4233670828637799,0.07024486837025405,0.3261802575107296,0.032425551287521184,0.38438246134064996,0.012428370906392636
1983-06-01,0.0,2.0600000000000005,0.0,0.3617886178861789,0.10227103418099709,0.4024588445009197,0.06296004579314429,0.32905982905982906,0.04126013444964451,0.3668435647494784,0.010062831567612663
1983-07-01,0.0,2.3000000000000007,0.0,0.3643724696356275,0.08637509430848028,0.36342953054336924,0.019129645134711798,0.33191489361702126,0.024987126692402464,0.3387226905954477,0.0008739063077146995
1983-08-01,0.0,2.51,0.0,0.36693548387096775,0.09091756831689762,0.3315469529722438,0.010233503605667988,0.3347457627118644,0.015396444510109443,0.3196348810462558,7.239360992854546e-05
1983-09-01,0.0,2.6500000000000004,0.0,0.36947791164658633,0.10089568170932939,0.3076922025350001,0.006987256284028752,0.33755274261603374,0.011474561095482779,0.308380859219644,1.5127303315193484e-05
1983-10-01,0.0,2.8999999999999986,0.0,0.372,0.09175282304605475,0.31617991781632565,0.005462713177696672,0.3403361344537815,0.007676653675748048,0.3180760037475975,1.898397615215064e-05
1983-11-01,0.0,2.9299999999999997,0.0,0.3705179282868526,0.08832210633579829,0.3054635905594333,0.003735095086203673,0.34309623430962344,0.011055649667764013,0.3118278406887164,8.575835623481892e-05
1983-12-01,0.0,2.83,0.0,0.36904761904761907,0.09523044552695936,0.3109003726215065,0.005016659014984586,0.3458333333333333,0.020522588589827997,0.3153258894304773,0.0006245290868390802
1984-01-01,0.0,2.7699999999999996,0.0,0.3675889328063241,0.09918943356202098,0.31533890930993125,0.006049815748269786,0.34854771784232363,0.028280842869289804,0.31828741068342215,0.0013561473910858807
1984-02-01,0.0,2.75,0.0,0.3661417322834646,0.09986482652547901,0.3187539451491338,0.006604368995554177,0.3512396694214876,0.030429090798756234,0.3209086523714507,0.0015339011729160958
1984-03-01,0.0,2.8000000000000007,0.0,0.36470588235294116,0.09455334350289196,0.3240866163778051,0.006592444120620095,0.35390946502057613,0.0296814595328917,0.3258561543645629,0.001509272905875276
1984-04-01,0.0,2.9400000000000013,0.0,0.36328125,0.08247527551823525,0.3287619560627393,0.005317031350304087,0.35655737704918034,0.024936764706956,0.33083601969062826,0.0010753085088089664
1984-05-01,0.0,3.58,0.0,0.36186770428015563,0.04344329299242822,0.3249792285930333,0.0009045808660565497,0.35918367346938773,0.008888463779465765,0.32779857205513785,8.781693916472945e-05
1984-06-01,0.0,3.6900000000000013,0.0,0.36046511627906974,0.037970803954965895,0.3183180456305633,0.0005304466597830803,0.3617886178861789,0.008585706202570443,0.3213235148845945,4.656496869194681e-05
1984-07-01,0.0,3.24,0.0,0.3590733590733591,0.05961366075274288,0.3271534676172837,0.0025131577786815396,0.3643724696356275,0.02414605941378767,0.3323002461932595,0.0005184954506673924
1984-08-01,0.0,2.25,0.0,0.3576923076923077,0.14269457485077552,0.3333494223226294,0.028242039792417267,0.36693548387096775,0.11764277648781707,0.3411958017263386,0.02234174638723349
1984-09-01,0.0,2.1500000000000004,0.0,0.3563218390804598,0.1533348826772783,0.33417217836052904,0.035951007065325516,0.36947791164658633,0.15319881913250583,0.34412942695692916,0.03868884547880063
1984-10-01,0.0,2.42,0.0,0.3549618320610687,0.12256119141718214,0.3295068349462156,0.020114572278431476,0.372,0.13568000380788187,0.34035903674567036,0.023950516821086874
1984-11-01,0.0,2.960000000000001,0.0,0.35361216730038025,0.07491611198212905,0.3191126774756128,0.004950289558392874,0.3705179282868526,0.08603047033483846,0.3311538970894834,0.006306807484019416
1984-12-01,0.0,3.4399999999999995,0.0,0.3522727272727273,0.04555533031951043,0.32284964173117114,0.0016919058447837903,0.36904761904761907,0.05430666126739551,0.33840182741389246,0.002255662677818027
1985-01-01,0.0,3.620000000000001,0.0,0.35094339622641507,0.03691927787498508,0.31808370636030525,0.0009415931626061254,0.3675889328063241,0.04461281129852262,0.33573178128382897,0.0012480818410926214
1985-02-01,0.0,3.24,0.0,0.34962406015037595,0.054888487786018035,0.31914715691115625,0.0028313854342785255,0.3661417322834646,0.06404579199911854,0.3384795061018009,0.003442722814228303
1985-03-01,0.0,3.34,0.0,0.34831460674157305,0.048844729054661556,0.3144059716100799,0.0020037841978420893,0.36470588235294116,0.05726089188950858,0.3350815410084872,0.0023911355236483378
1985-04-01,0.0,3.4799999999999995,0.0,0.34701492537313433,0.041482926955597715,0.31562302748241733,0.0014852347407341327,0.36328125,0.048986525607380364,0.3369002987101322,0.001727282627670762
1985-05-01,0.0,3.369999999999999,0.0,0.34572490706319703,0.04641403192913253,0.31389189016796426,0.0019943588441158947,0.36186770428015563,0.053906930026381625,0.33569378698044683,0.002219372349304605
1985-06-01,0.0,3.21,0.0,0.34444444444444444,0.054677950541985064,0.3182679305537436,0.0035270912762859034,0.36046511627906974,0.06225616264912944,0.3396484903688975,0.0037623050092440253
1985-07-01,0.0,3.2300000000000004,0.0,0.34317343173431736,0.053078265928686245,0.31974429192506443,0.003612080655267907,0.3590733590733591,0.060207719562047374,0.34065719567015773,0.003790202135869885
1985-08-01,0.0,3.1900000000000004,0.0,0.34191176470588236,0.054690620319898624,0.31507293138519243,0.0036464440567621883,0.3576923076923077,0.06183190122051261,0.3360877840161539,0.0038442175708515943
1985-09-01,0.0,3.2699999999999996,0.0,0.34065934065934067,0.04957433305262044,0.30420326608742454,0.002306723525287311,0.3563218390804598,0.05636667724612845,0.32587055805482135,0.0024754663626913847
1985-10-01,0.0,3.08,0.0,0.33941605839416056,0.05997114430330429,0.29642596280072847,0.003183979544824518,0.3549618320610687,0.06735954847331978,0.3183643829410596,0.0034265354257819055
1985-11-01,0.0,2.539999999999999,0.0,0.3381818181818182,0.10118278974349826,0.3009849385425858,0.01309635685755148,0.35361216730038025,0.10988364175562176,0.3219301608429034,0.013790263311605423
1985-12-01,0.0,2.16,0.0,0.33695652173913043,0.14079299741570261,0.2994065980591312,0.028478212522178126,0.3522727272727273,0.1496087653040955,0.3199867020879106,0.029590472843228625
1986-01-01,0.0,2.119999999999999,0.0,0.33574007220216606,0.14514225580393342,0.288413884752296,0.02575214919707048,0.35094339622641507,0.15353513901116028,0.30946214336374145,0.02674974412330504
1986-02-01,0.0,1.6399999999999997,0.0,0.3345323741007194,0.2103596793210436,0.3058964633177448,0.08240513684813494,0.34962406015037595,0.21801127238888585,0.3250362180949893,0.08413922627463782
1986-03-01,0.0,1.2200000000000006,0.0,0.3333333333333333,0.27981608562235694,0.3109340537450102,0.16258967979400307,0.34831460674157305,0.28587486484862057,0.32930118735079195,0.1644915085230807
1986-04-01,0.0,1.2400000000000002,0.0,0.33214285714285713,0.2759158548163836,0.32280935132192834,0.18457346201002983,0.34701492537313433,0.2818044694604793,0.3398929412225521,0.18636890196438655
1986-05-01,0.0,1.5599999999999996,0.0,0.3309608540925267,0.2215244484732048,0.3214739158769392,0.12136187987602459,0.34572490706319703,0.22839796937406887,0.3383836217628468,0.12314683868346171
1986-06-01,0.0,1.5899999999999999,0.0,0.32978723404255317,0.21630299932172797,0.3201511831811635,0.1162483257449326,0.34444444444444444,0.22332262653927043,0.33688878814126477,0.11808549606893964
1986-07-01,0.0,1.4699999999999998,0.0,0.3286219081272085,0.23516657052429918,0.31544170236591423,0.1316059171412869,0.34317343173431736,0.24181383103289128,0.3322570103296286,0.13350514900498645
1986-08-01,0.0,1.6399999999999997,0.0,0.3274647887323944,0.20756394074070772,0.3039768958933137,0.09011191082896203,0.34191176470588236,0.21415479947753635,0.32131872379762894,0.09152736165023134
1986-09-01,0.0,2.24,0.0,0.3263157894736842,0.12712704190928847,0.29589198352694057,0.02879543565131163,0.34065934065934067,0.1335865288885718,0.31352440929092096,0.029380666776592436
1986-10-01,0.0,2.25,0.0,0.32517482517482516,0.12546879053909055,0.2944922042194684,0.0282005741260365,0.33941605839416056,0.1315999379285564,0.31198081391794624,0.028646533919203354
1986-11-01,0.0,1.9000000000000004,0.0,0.3240418118466899,0.16809145212703747,0.29311845434734324,0.05328486595860461,0.3381818181818182,0.17424303102289657,0.3104254088022329,0.05400626141018644
1986-12-01,0.0,1.58,0.0,0.3229166666666667,0.21445121189723348,0.27831891678797016,0.0736911687706472,0.33695652173913043,0.22054125924061424,0.2962706596439768,0.07484075305490627
1987-01-01,0.0,1.6500000000000004,0.0,0.3217993079584775,0.2026743957189115,0.27023806094842473,0.059095700355649115,0.33574007220216606,0.20934305792699515,0.28841388475229607,0.06042627150044057
1987-02-01,0.0,1.6600000000000001,0.0,0.32068965517241377,0.2001622888873819,0.27217147438938183,0.06056004228769871,0.3345323741007194,0.20731084363368707,0.2899568183102597,0.0624624711972013
1987-03-01,0.0,1.6600000000000001,0.0,0.31958762886597936,0.19911366460250873,0.280946418449654,0.06961880156461821,0.3333333333333333,0.2068394752193563,0.29795048765838317,0.07246489141803376
1987-04-01,0.0,2.38,0.0,0.3184931506849315,0.10690511476389258,0.2695616630015669,0.014636120637411144,0.33214285714285713,0.11454396433277442,0.28682965147484885,0.01608608214090286
1987-05-01,0.0,2.9499999999999993,0.0,0.3174061433447099,0.05930391820212701,0.2683009864184696,0.0037183333676396695,0.3309608540925267,0.06556248271965957,0.28529689553631976,0.0043503956181167105
1987-06-01,0.0,2.7300000000000004,0.0,0.3163265306122449,0.07428965020399482,0.26370879580776296,0.0058266453610513295,0.32978723404255317,0.08146696986761048,0.2806038583936892,0.006856991188251657
1987-07-01,0.0,2.759999999999999,0.0,0.3152542372881356,0.07134905012678462,0.2691637970949,0.006136104910934925,0.3286219081272085,0.07861763796298453,0.2855799702974071,0.007354334201729261
1987-08-01,0.0,2.7199999999999998,0.0,0.3141891891891892,0.073742345759988,0.26451167466097714,0.006148664204843411,0.3274647887323944,0.08135084742474097,0.2808854104833276,0.007499699966225471
1987-09-01,0.0,3.0199999999999996,0.0,0.31313131313131315,0.052712482767255285,0.2632150160668305,0.0028263373641854482,0.3263157894736842,0.059293472952882585,0.27939884807266124,0.0036102976906003644
1987-10-01,0.0,3.3899999999999997,0.0,0.31208053691275167,0.0336616820578057,0.26874655868960406,0.0011856673881212674,0.32517482517482516,0.03883413528300059,0.28448454498050896,0.0015960217217829162
1987-11-01,0.0,3.169999999999999,0.0,0.3110367892976589,0.04341166691646738,0.2640637487601645,0.0019811772377733234,0.3240418118466899,0.04944052705260917,0.279744831458882,0.0026246825174593602
1987-12-01,0.0,3.2200000000000006,0.0,0.31,0.04045138355677199,0.26277609793707807,0.0016835716736029974,0.3229166666666667,0.046201282944499676,0.27831891678797016,0.002266587769179632
1988-01-01,0.0,2.8600000000000003,0.0,0.3089700996677741,0.060673883487979544,0.2580496894478995,0.00401275070727827,0.3217993079584775,0.06785237492951778,0.2735483658561716,0.005183470977415454
1988-02-01,0.0,2.5500000000000007,0.0,0.3079470198675497,0.08380297319693547,0.2636910979633179,0.009850322119094842,0.32068965517241377,0.09216019358823302,0.2788752477753405,0.012053029604602352
1988-03-01,0.0,2.669999999999999,0.0,0.3069306930693069,0.07328553628788868,0.2659782334015622,0.007844117112632108,0.31958762886597936,0.08111132051162029,0.280946418449654,0.009629361079012213
1988-04-01,0.0,2.8100000000000005,0.0,0.3059210526315789,0.062453381132020806,0.25426065527271846,0.004370302033237468,0.3184931506849315,0.06959067055275593,0.2695616630015669,0.005420755627681717
1988-05-01,0.0,2.83,0.0,0.30491803278688523,0.060714309463737494,0.26001758281898446,0.004848273153526873,0.3174061433447099,0.06749327052862555,0.27503993294586615,0.005848881340360695
1988-06-01,0.0,2.46,0.0,0.30392156862745096,0.08968663013243106,0.25177222229964574,0.010264892263645672,0.3163265306122449,0.09750283174589769,0.26705052011289676,0.011795061032567817
1988-07-01,0.0,2.33,0.0,0.30293159609120524,0.10172913896897545,0.2611813470639869,0.016904066025000095,0.3152542372881356,0.10961141325893325,0.27596342681396124,0.018754138935158413
1988-08-01,0.0,2.2,0.0,0.30194805194805197,0.11496426960236378,0.2600104132818246,0.022266414344675516,0.3141891891891892,0.12283390546847939,0.2747054760045814,0.024194268887243048
1988-09-01,0.0,1.7400000000000002,0.0,0.30097087378640774,0.17348301554873263,0.2588505040373889,0.05425745052534134,0.31313131313131315,0.18157500695006656,0.27344116553046216,0.057255054092911276
1988-10-01,0.0,1.450000000000001,0.0,0.3,0.21883274453519375,0.2577100764906466,0.08851438873393064,0.31208053691275167,0.22635212782335273,0.2721879410632133,0.09194273899803168
1988-11-01,0.0,1.200000000000001,0.0,0.2990353697749196,0.2629387859305392,0.2458044015587001,0.11288871921541255,0.3110367892976589,0.26950741420365465,0.26065650230111637,0.11614575471794797
1988-12-01,0.0,1.0399999999999991,0.0,0.2980769230769231,0.2933954340399148,0.25182169408999316,0.1546672100956012,0.31,0.29884719599003107,0.266220153250198,0.15742646132136562
1989-01-01,0.0,0.8200000000000003,0.0,0.2971246006389776,0.3379106676986683,0.25433305984724475,0.2129511038804196,0.3089700996677741,0.3419923977170719,0.2684292100389316,0.21511769533813568
1989-02-01,0.0,0.6400000000000006,0.0,0.2961783439490446,0.37616258130061936,0.2495803515474318,0.2529448733965867,0.3079470198675497,0.3789630028579224,0.2636910979633179,0.2545230372824611
1989-03-01,0.0,0.5399999999999991,0.0,0.29523809523809524,0.39799835639619474,0.24124613127935324,0.2638125224000019,0.3069306930693069,0.39978472167243845,0.25551991235582594,0.26480650533064376
1989-04-01,0.0,0.5299999999999994,0.0,0.29430379746835444,0.400084619373266,0.2437390465576575,0.27560330081691364,0.3059210526315789,0.4016671790401391,0.2577365318175324,0.2764439250442604
1989-05-01,0.0,0.4299999999999997,0.0,0.29337539432176657,0.4224573815779386,0.2499862886364958,0.3250090709047634,0.30491803278688523,0.42353861781430385,0.26355657696387036,0.325692168266114
1989-06-01,0.0,0.129999999999999,0.0,0.29245283018867924,0.4911706432666769,0.26017956697238664,0.4570788098090655,0.30392156862745096,0.49071124898894003,0.2731685541124276,0.45719801418277195
1989-07-01,0.0,0.13999999999999968,0.0,0.29153605015673983,0.48876423703909433,0.2591586410964145,0.4535178597585778,0.30293159609120524,0.4884811582279908,0.27203236950081267,0.4537025420855566
1989-08-01,1.0,0.20999999999999908,0.0,0.290625,0.47237056834988483,0.2581459867426193,0.42898925874693167,0.30194805194805197,0.47263705536107625,0.2709046949533133,0.42939743553375803
1989-09-01,1.0,0.4399999999999995,0.0,0.2897196261682243,0.41889417465655354,0.25714150291688814,0.35060293162029177,0.30097087378640774,0.4208846440584504,0.26978735258444225,0.3518764975939708
1989-10-01,1.0,0.3700000000000001,0.0,0.2888198757763975,0.4341407394140038,0.25999681746166103,0.3836101588086528,0.3,0.43654952153175736,0.2723925343984631,0.3852644299732343
1989-11-01,1.0,0.17999999999999972,0.0,0.28792569659442724,0.47714793169936504,0.26683755815802074,0.47045941348688214,0.2990353697749196,0.47961177152750323,0.2788323450269913,0.47191099157356314
1989-12-01,1.0,0.20999999999999996,0.0,0.28703703703703703,0.46893551101700803,0.26985361862086615,0.469854019296178,0.2980769230769231,0.47283283724036146,0.2816006304093628,0.4721646205885499
1990-01-01,1.0,0.5700000000000012,0.0,0.28615384615384615,0.3849811767401138,0.2729253227247255,0.3545217567610527,0.2971246006389776,0.3917696925875695,0.28443555136183196,0.35951525668470485
1990-02-01,1.0,0.7300000000000004,0.0,0.2852760736196319,0.3481863099166782,0.26799809327466806,0.2916804016276509,0.2961783439490446,0.3566840211362682,0.2795657522884849,0.2987368011668867
1990-03-01,1.0,0.6899999999999995,0.0,0.28440366972477066,0.3551688203062566,0.2591230111435427,0.2832499566157269,0.29523809523809524,0.36505322738497603,0.2708747560520065,0.2921094467890028
1990-04-01,1.0,1.0199999999999996,0.0,0.28353658536585363,0.285096108834268,0.2581953564941183,0.1909988244652413,0.29430379746835444,0.2959445217722918,0.2698521469912744,0.20087975326653418
1990-05-01,1.0,1.0199999999999996,0.0,0.2826747720364742,0.2836526332803911,0.2612603032925771,0.19716283323243156,0.29337539432176657,0.29563474906993525,0.2726901325165547,0.20847868674377756
1990-06-01,1.0,0.75,0.0,0.2818181818181818,0.336824174183983,0.24845660825132632,0.24170101118146692,0.29245283018867924,0.35135468707734335,0.2601795669723866,0.25614900472930235
1990-07-01,1.0,0.8500000000000005,0.0,0.2809667673716012,0.3141842204603249,0.2514667408031788,0.22107243800088822,0.29153605015673983,0.32967672850548146,0.26298050511649507,0.23662527188917737
1990-08-01,1.0,1.2999999999999998,1.0,0.28313253012048195,0.2303882627646865,0.2661901255979347,0.14060236385347896,0.290625,0.24065029780622338,0.27364628467318264,0.1503799982166374
1990-09-01,1.0,1.5300000000000002,1.0,0.2852852852852853,0.1934216317856392,0.29765356899401235,0.14057783471637975,0.2897196261682243,0.20020424261019376,0.30095713044807015,0.14677363332424226
1990-10-01,1.0,1.5500000000000007,1.0,0.2874251497005988,0.19146407124647785,0.3128067983411138,0.15750301861282284,0.2888198757763975,0.19611164612748072,0.3126377788826744,0.16126496772404314
1990-11-01,1.0,1.330000000000001,1.0,0.28955223880597014,0.22954750906846905,0.33234292152658584,0.2447105769817961,0.28792569659442724,0.232659194921495,0.3290017439103841,0.24606463593689532
1990-12-01,1.0,1.3399999999999999,1.0,0.2916666666666667,0.22906232778500663,0.3520794444180513,0.27960775130367943,0.28703703703703703,0.22987404529355465,0.3458436188149384,0.27802173144959513
1991-01-01,1.0,1.87,1.0,0.29376854599406527,0.1471445425294161,0.37647907738214886,0.17942358149612136,0.28615384615384615,0.14622955449712177,0.36768805965574747,0.17682095803845138
1991-02-01,1.0,1.9099999999999993,1.0,0.2958579881656805,0.14306022398207202,0.3965168383792273,0.20195969247368745,0.2852760736196319,0.1402387192371074,0.38555542353023686,0.19606293626286686
1991-03-01,0.0,2.1999999999999993,1.0,0.29793510324483774,0.10879213431752427,0.420961768541469,0.17070180771655924,0.28440366972477066,0.10543529505566834,0.40864831057038564,0.16376507811715835
1991-04-01,0.0,2.389999999999999,0.0,0.3,0.09054725659697987,0.4362189181394391,0.1520848453315961,0.28353658536585363,0.08625591736761384,0.42263664388066396,0.14274861745426753
1991-05-01,0.0,2.6100000000000003,0.0,0.3020527859237537,0.07221731513435826,0.4469117569708445,0.12360103119817573,0.2826747720364742,0.06763484311721582,0.4319255718092254,0.11290473032178716
1991-06-01,0.0,2.709999999999999,0.0,0.30409356725146197,0.06503398586771501,0.4526501082758017,0.11284346257107397,0.2818181818181818,0.06042111091390759,0.4363198940043208,0.10166244108025713
1991-07-01,0.0,2.6899999999999995,0.0,0.30612244897959184,0.06729881573240817,0.4539572572055678,0.11809636360805703,0.2809667673716012,0.061839887138267484,0.43587042709695467,0.10496140901961687
1991-08-01,0.0,2.5700000000000003,0.0,0.3081395348837209,0.07870620920981158,0.44232233826103173,0.12739601815126278,0.28313253012048195,0.0707783816853117,0.4227637365537464,0.1092581608292662
1991-09-01,0.0,2.4300000000000006,0.0,0.3101449275362319,0.09387290983594099,0.41393928425738147,0.11985821162059951,0.2852852852852853,0.08279685319447344,0.3912429393651561,0.09739226628780101
1991-10-01,0.0,2.54,0.0,0.31213872832369943,0.08574711440733901,0.40766272385271374,0.09688042389017076,0.2874251497005988,0.07376594268489592,0.38385570525508894,0.07393495027095685
1991-11-01,0.0,2.8600000000000003,0.0,0.31412103746397696,0.06152245659390515,0.39282114712853655,0.04863381605400742,0.28955223880597014,0.051027104211299204,0.3677209692652832,0.03243336655538712
1991-12-01,0.0,3.0199999999999996,0.0,0.3160919540229885,0.05229849411587364,0.3953775587865075,0.03752774116854353,0.2916666666666667,0.041872780425274175,0.36985329205273254,0.02320436842784737
1992-01-01,0.0,3.2300000000000004,0.0,0.31805157593123207,0.042581228299779984,0.3892116722137198,0.023886567245065944,0.29376854599406527,0.03212181583218059,0.3631138092778633,0.012831148211663668
1992-02-01,0.0,3.5,0.0,0.32,0.032086308479247,0.3918106039382421,0.01473500352221812,0.2958579881656805,0.022447010413945704,0.3652485486060482,0.0068747918682503135
1992-03-01,0.0,3.5,0.0,0.3190883190883191,0.031735938075571284,0.3721741483898151,0.011058597031324056,0.29793510324483774,0.02262641713434779,0.3499168085542037,0.005209506268107335
1992-04-01,0.0,3.7300000000000004,0.0,0.3181818181818182,0.023230222120370264,0.3616902508535084,0.005529105114761601,0.3,0.01659639240333296,0.3435261669239877,0.002598400151133071
1992-05-01,0.0,3.76,0.0,0.31728045325779036,0.022065466864354403,0.35566932779303384,0.004644868048084824,0.3020527859237537,0.01621967931180031,0.3414884833811702,0.002391285380854296
1992-06-01,0.0,3.5999999999999996,0.0,0.3163841807909605,0.02705653139346944,0.3661822862159622,0.008194306575977094,0.30409356725146197,0.020647100911655874,0.3562493925588301,0.004887561426648668
1992-07-01,0.0,3.63,0.0,0.3154929577464789,0.025750181005700812,0.3723254167412654,0.00856653088600126,0.30612244897959184,0.020036104303469773,0.36674086800172717,0.005548277373427962
1992-08-01,0.0,3.46,0.0,0.3146067415730337,0.03185149920672422,0.3703487024888049,0.012258103367381675,0.3081395348837209,0.026246788563207016,0.36880351409032974,0.009249174405681872
1992-09-01,0.0,3.51,0.0,0.3137254901960784,0.029555931221606862,0.3607657408127315,0.009388229532980467,0.3101449275362319,0.025556686251025827,0.3626060643073281,0.007899702898029897
1992-10-01,0.0,3.73,0.0,0.3128491620111732,0.0217805692652995,0.3361664755808534,0.003501025747681427,0.31213872832369943,0.019672566960653788,0.3398874739692019,0.0032623017698183497
1992-11-01,0.0,3.74,0.0,0.31197771587743733,0.021282348813310707,0.32374487590255896,0.002660185676222006,0.31412103746397696,0.020047585923415098,0.3296430859529049,0.002674131423955618
1992-12-01,0.0,3.5499999999999994,0.0,0.3111111111111111,0.027323096582998415,0.30085901869458676,0.002701351877335372,0.3160919540229885,0.026843960718889448,0.30721385246361643,0.0028769225458024003
1993-01-01,0.0,3.5999999999999996,0.0,0.31024930747922436,0.02537870470869161,0.2893831415418954,0.0018399466331225744,0.31805157593123207,0.026614503857488852,0.29668078647960605,0.0022066941288902703
1993-02-01,0.0,3.3299999999999996,0.0,0.30939226519337015,0.03597874696760791,0.2647727624910208,0.00215952566629351,0.32,0.039641253857336654,0.27026832576641,0.0027809374133789546
1993-03-01,0.0,3.0300000000000002,0.0,0.3085399449035813,0.051825900371230506,0.25746761018663916,0.004029097415953723,0.3190883190883191,0.05597435908810207,0.26229294683490867,0.00490658911964461
1993-04-01,0.0,3.0999999999999996,0.0,0.3076923076923077,0.047494084460020354,0.26327878509114533,0.003912345819431316,0.3181818181818182,0.051206363195989334,0.2694894786646612,0.004688034520956767
1993-05-01,0.0,3.08,0.0,0.30684931506849317,0.04849968430628758,0.26910921096040874,0.004767974018709211,0.31728045325779036,0.05201379933049412,0.27661726226442207,0.005566848505658063
1993-06-01,0.0,2.89,0.0,0.30601092896174864,0.06048810282866199,0.26835931123689377,0.007537797293434178,0.3163841807909605,0.06416217074927952,0.2762455218722606,0.008508736076112033
1993-07-01,0.0,2.7699999999999996,0.0,0.30517711171662126,0.06912980901708529,0.26111367668239494,0.008658311254892099,0.3154929577464789,0.07277704954260958,0.26872380501516707,0.009568208414494631
1993-08-01,0.0,2.6599999999999997,0.0,0.30434782608695654,0.07783187763461777,0.2572289825492766,0.010371820098772664,0.3146067415730337,0.08140717290772204,0.26491096725983565,0.011249392952471932
1993-09-01,0.0,2.41,0.0,0.3035230352303523,0.10111476034235845,0.2565430331557952,0.017905252388689084,0.3137254901960784,0.1046735138842898,0.26444610924601464,0.01895046336497137
1993-10-01,0.0,2.31,0.0,0.3027027027027027,0.11164416554283874,0.26215410721281446,0.024850077971114,0.3128491620111732,0.11494877368612771,0.2707881485607632,0.02587322388625989
1993-11-01,0.0,2.6199999999999997,0.0,0.3018867924528302,0.08068587360160295,0.2580985824686557,0.012063682178197529,0.31197771587743733,0.0835237767160737,0.26671905587334555,0.012591371732727726
1993-12-01,0.0,2.7099999999999995,0.0,0.3010752688172043,0.07287473825227946,0.2571801549164434,0.009823764910042818,0.3111111111111111,0.07548143625326205,0.2660932001038313,0.01020050009500154
1994-01-01,0.0,2.77,0.0,0.3002680965147453,0.06793103441521889,0.256232863423594,0.008539177736783081,0.31024930747922436,0.0703767115601958,0.26543041250520616,0.008828354400137992
1994-02-01,0.0,2.7199999999999998,0.0,0.2994652406417112,0.07162090174897592,0.2617084248327983,0.010973514302471619,0.30939226519337015,0.0741232704729004,0.27146529380980344,0.011283220124805173
1994-03-01,0.0,2.9800000000000004,0.0,0.2986666666666667,0.0527057863390964,0.2607222341536509,0.005938362505882225,0.3085399449035813,0.054979541794782295,0.27069993863389386,0.006126177206354686
1994-04-01,0.0,3.2899999999999996,0.0,0.2978723404255319,0.035588241416712206,0.25321851318335054,0.002293681683758004,0.3076923076923077,0.037532548276028976,0.26327878509114533,0.002383542807327702
1994-05-01,0.0,3.04,0.0,0.29708222811671087,0.04852618505641801,0.24257965266182224,0.0034962839729353167,0.30684931506849317,0.05088752158582824,0.25275275573092615,0.00362110542596056
1994-06-01,0.0,2.96,0.0,0.2962962962962963,0.05318919334425244,0.2448005397994023,0.004607171289730567,0.30601092896174864,0.055753111288368414,0.2552982364316856,0.004761353651939848
1994-07-01,0.0,2.9699999999999998,0.0,0.2955145118733509,0.052250226178256046,0.24705337525931487,0.004820680338147191,0.30517711171662126,0.05491871220776435,0.2578782141213567,0.004981721605200813
1994-08-01,0.0,2.76,0.0,0.29473684210526313,0.06659098199151575,0.2526558458991571,0.00919725161030715,0.30434782608695654,0.06967793617403427,0.2636818744335883,0.009452185463374407
1994-09-01,0.0,2.84,0.0,0.29396325459317585,0.06029186506098093,0.24839128581772713,0.0070533274715124435,0.3035230352303523,0.06343025975956892,0.2597430031442397,0.007281578106526495
1994-10-01,0.0,2.79,0.0,0.2931937172774869,0.06353288970208582,0.2441491146717571,0.007346894560148381,0.3027027027027027,0.06697249733596201,0.25574922963865393,0.007626620961740327
1994-11-01,0.0,2.67,0.0,0.2924281984334204,0.07257443366850108,0.23990895702052345,0.00905257885509026,0.3018867924528302,0.0763926000556798,0.25174279591541315,0.0094061557626746
1994-12-01,0.0,2.21,0.0,0.2916666666666667,0.11816896969005092,0.23895509760483014,0.024609459783305487,0.3010752688172043,0.12272551117995667,0.25081854194207615,0.025343665310026808
1995-01-01,0.0,2.0700000000000003,0.0,0.2909090909090909,0.13518065765786225,0.24465448794382483,0.03633080985831197,0.3002680965147453,0.13998637423509436,0.256232863423594,0.03730580675565322
1995-02-01,0.0,1.7000000000000002,0.0,0.29015544041450775,0.18889558654370114,0.2437499887641767,0.07004714144779996,0.2994652406417112,0.19375924948230566,0.25522521887485183,0.07148404477543074
1995-03-01,0.0,1.4699999999999998,0.0,0.28940568475452194,0.22816591168711253,0.24623035493083156,0.1055004203016276,0.2986666666666667,0.23271380807256953,0.25745546170153144,0.10716841914729525
1995-04-01,0.0,1.4099999999999993,0.0,0.28865979381443296,0.23899880035476034,0.2556542237632651,0.13101499330181804,0.2978723404255319,0.24336398199535036,0.26637924072890284,0.1327184200163431
1995-05-01,0.0,0.96,0.0,0.2879177377892031,0.33027303520942347,0.2618228207279159,0.24826897706473128,0.29708222811671087,0.3333697667300737,0.27218693043847564,0.2497710182296518
1995-06-01,0.0,0.7000000000000002,0.0,0.28717948717948716,0.3886870513735205,0.26815328238202474,0.3435041958706313,0.2962962962962963,0.3907322869881279,0.2781327384550769,0.3444939513668357
1995-07-01,0.0,0.8600000000000003,0.0,0.2864450127877238,0.35206076262561004,0.263755143831717,0.2851048959051741,0.2955145118733509,0.3546894273479767,0.27382356022813037,0.28636671224008536
1995-08-01,0.0,1.0899999999999999,0.0,0.2857142857142857,0.30167495261580934,0.2665698984953579,0.22906091090955555,0.29473684210526313,0.3050415115836168,0.2764090891491554,0.23051400864414362
1995-09-01,0.0,0.9199999999999999,0.0,0.28498727735368956,0.33826050190410156,0.26578622263175494,0.2760702269480765,0.29396325459317585,0.34091841017899954,0.27555652571805056,0.27724247084078735
1995-10-01,0.0,0.7599999999999998,0.0,0.28426395939086296,0.37424685880722125,0.25775380627037064,0.30590995903740903,0.2931937172774869,0.37614378580507823,0.267759545032055,0.3068169871861549
1995-11-01,0.0,0.5699999999999994,0.0,0.28354430379746837,0.41857008068967083,0.25335502488990586,0.35629388041942217,0.2924281984334204,0.41966759895548145,0.263437723558963,0.3569546798331081
1995-12-01,0.0,0.5700000000000003,0.0,0.2828282828282828,0.41829284820673474,0.2525505434068629,0.35610971752769705,0.2916666666666667,0.41954100781868586,0.2625643093766205,0.3568772318661214
1996-01-01,0.0,0.6500000000000004,0.0,0.28211586901763225,0.39898757433859067,0.2553791144734274,0.3396796487008199,0.2909090909090909,0.4007932440732881,0.2651774171801946,0.3407139223455381
1996-02-01,0.0,0.9799999999999995,0.0,0.2814070351758794,0.32304382353498373,0.2509639534848273,0.23305566675629485,0.29015544041450775,0.3264350335239481,0.2608418545947365,0.23498269260948795
1996-03-01,0.0,1.3099999999999996,0.0,0.2807017543859649,0.2535696149720012,0.24656300293671546,0.1477696892459835,0.28940568475452194,0.2582617749898639,0.2565150250102105,0.15040294545476962
1996-04-01,0.0,1.5599999999999996,0.0,0.28,0.20643202623015938,0.23862030343857787,0.09327424224038544,0.28865979381443296,0.211909710320201,0.2487502324158728,0.09623863158803031
1996-05-01,0.0,1.7200000000000006,0.0,0.2793017456359102,0.1788547910681353,0.24141403678306428,0.07495732574852645,0.2879177377892031,0.18479040877213732,0.25131333928427557,0.07830070408731428
1996-06-01,0.0,1.8200000000000003,0.0,0.27860696517412936,0.16262439821254915,0.23353490806648297,0.05650521741929231,0.28717948717948716,0.1688210726884764,0.2435418758912054,0.059918068913953786
1996-07-01,0.0,1.7199999999999998,0.0,0.27791563275434245,0.17737292575919744,0.23276800986007312,0.06654618921746919,0.2864450127877238,0.1841501229144158,0.2426624713235459,0.07089110856835916
1996-08-01,0.0,1.5899999999999999,0.0,0.27722772277227725,0.1980060027281002,0.21810964426502033,0.06702977664004747,0.2857142857142857,0.20544170034441422,0.22822703946031575,0.07207977766445202
1996-09-01,0.0,1.7400000000000002,0.0,0.2765432098765432,0.1727846867701227,0.23126068413197076,0.06308737733310159,0.28498727735368956,0.18023031999431482,0.24093827049261207,0.06837118278866469
1996-10-01,0.0,1.54,0.0,0.27586206896551724,0.20496789932267867,0.223477084219537,0.07908016158252196,0.28426395939086296,0.2134878150479394,0.23319742920249237,0.08587333834748367
1996-11-01,0.0,1.17,0.0,0.2751842751842752,0.27365364800574976,0.24417311981019924,0.17601302532385,0.28354430379746837,0.28414626085079764,0.2533550248899058,0.1866703686345062
1996-12-01,0.0,1.3899999999999997,0.0,0.27450980392156865,0.22999888081818504,0.2508453704593292,0.14108173384547512,0.2828282828282828,0.24009573868136402,0.2598047237658999,0.1512769278201042
1997-01-01,0.0,1.5499999999999998,0.0,0.27383863080684595,0.2007576427466341,0.25387993768046957,0.116274815946254,0.28211586901763225,0.21029341816351144,0.2627093111639874,0.12589474644479942
1997-02-01,0.0,1.4100000000000001,0.0,0.2731707317073171,0.2245790295187553,0.24568214731372917,0.1296027819998789,0.2814070351758794,0.2351181909635192,0.2545993309143115,0.1404491787869363
1997-03-01,0.0,1.5500000000000007,0.0,0.2725060827250608,0.19928428824352368,0.2375834919231335,0.09525775695283939,0.2807017543859649,0.20891579487156275,0.24656300293671546,0.10455358576501661
1997-04-01,0.0,1.7299999999999995,0.0,0.27184466019417475,0.16959071764251654,0.22958139100893366,0.06360920845993312,0.28,0.17800044263218617,0.23862030343857765,0.07079716756005808
1997-05-01,0.0,1.6600000000000001,0.0,0.2711864406779661,0.17996429335944353,0.21815827329771675,0.06089749737475452,0.2793017456359102,0.18861969185166044,0.22730300927349162,0.06783091040890904
1997-06-01,0.0,1.5600000000000005,0.0,0.27053140096618356,0.19580082650394975,0.22093509858650806,0.07576913105518729,0.27860696517412936,0.20475536284264012,0.23001931540046072,0.08334022666127605
1997-07-01,0.0,1.17,0.0,0.26987951807228916,0.26732230303427923,0.2201871020515883,0.13777544418981102,0.27791563275434245,0.27779755778081217,0.22924917224933478,0.14792404133856718
1997-08-01,0.0,1.1600000000000001,0.0,0.2692307692307692,0.26869884759442253,0.22301532402556817,0.14536988942250545,0.27722772277227725,0.2789295345054149,0.23201215013259147,0.15520578675818375
1997-09-01,0.0,1.2599999999999998,0.0,0.2685851318944844,0.24836213222157238,0.22228430345917355,0.1255648721118232,0.2765432098765432,0.25782090434282046,0.23126068413197065,0.13418606761662494
1997-10-01,0.0,1.0600000000000005,0.0,0.2679425837320574,0.28800958206139216,0.2179514232229423,0.15891274676837436,0.27586206896551724,0.29763116550562496,0.22697380159548203,0.16802864298587888
1997-11-01,0.0,0.7400000000000002,0.0,0.26730310262529833,0.3573381553473791,0.21724206790571166,0.23686781261684298,0.2751842751842752,0.36689053930335624,0.22620854424435105,0.24656474110339144
1997-12-01,0.0,0.6499999999999995,0.0,0.26666666666666666,0.37740729467459366,0.21654812534544832,0.2616260723945113,0.27450980392156865,0.3861085396613171,0.2254480109157308,0.2705055014872957
1998-01-01,0.0,0.5,0.0,0.2660332541567696,0.41225381989004517,0.2194718927599313,0.3162305850252307,0.27383863080684595,0.4198009731166549,0.2282388045908646,0.3236895316435964
1998-02-01,0.0,0.4800000000000004,0.0,0.26540284360189575,0.41637690159791735,0.22242813688654772,0.33189849058621895,0.2731707317073171,0.4234087403833005,0.23106817528519413,0.33857854616475014
1998-03-01,0.0,0.6200000000000001,0.0,0.2647754137115839,0.38257301415866685,0.22173896532305676,0.2870026764126584,0.2725060827250608,0.389699255314731,0.230326257620803,0.29388269462637345
1998-04-01,0.0,0.6899999999999995,0.0,0.2641509433962264,0.365768114739107,0.21018698519286722,0.2389987833472303,0.27184466019417475,0.3728971718068379,0.21891205229272082,0.2461725245340768
1998-05-01,0.0,0.6500000000000004,0.0,0.2635294117647059,0.3745676596248425,0.21306344447813091,0.25877021052172305,0.2711864406779661,0.3816205465406854,0.22168812268129107,0.2657342048110536
1998-06-01,0.0,0.5199999999999996,0.0,0.26291079812206575,0.4047890082048864,0.21236282946150492,0.29764834488840175,0.27053140096618356,0.4116834734584698,0.2209350985865079,0.3044252530940725
1998-07-01,0.0,0.5,0.0,0.26229508196721313,0.40871791450952527,0.2264464889639185,0.3431050823847632,0.26987951807228916,0.41596825033581175,0.23468810415418617,0.34950778967015284
1998-08-01,0.0,0.4399999999999995,0.0,0.2616822429906542,0.42230754281877747,0.22957461363086235,0.37305765077341546,0.2692307692307692,0.42976492483293005,0.23768717319697968,0.37935917660185603
1998-09-01,0.0,0.1999999999999993,0.0,0.26107226107226106,0.4802648348199679,0.23275642496889187,0.46837723814841237,0.2685851318944844,0.48753427764769225,0.24074342058827092,0.4733302677086589
1998-10-01,0.0,0.5700000000000003,0.0,0.26046511627906976,0.3894046412154876,0.23211642311076686,0.33802328140658566,0.2679425837320574,0.3977733123355142,0.2400555790986288,0.34539136866186937
1998-11-01,0.0,0.41999999999999993,0.0,0.25986078886310904,0.4240377139765733,0.2276310841518595,0.37721574015732445,0.26730310262529833,0.43269141378111964,0.2356005967576812,0.3845839609481315
1998-12-01,0.0,0.2600000000000007,0.0,0.25925925925925924,0.46148927106651544,0.21938744029149881,0.41011195048875515,0.26666666666666666,0.47085135471661094,0.22746956460047651,0.4181025013853168
1999-01-01,0.0,0.3799999999999999,0.0,0.2586605080831409,0.43048037494525476,0.21127125567605776,0.34532594591967664,0.2660332541567696,0.4411430557693435,0.21947189275993145,0.35546579715556736
1999-02-01,0.0,0.5599999999999996,0.0,0.25806451612903225,0.38585904102556334,0.21433681452516568,0.2951394130321151,0.26540284360189575,0.3973014491915371,0.22242813688654772,0.30622523382925937
1999-03-01,0.0,0.79,0.0,0.2574712643678161,0.33187255238116287,0.20628049191275027,0.2092594723405623,0.2647754137115839,0.343350350479782,0.2144744816476543,0.2205096427712347
1999-04-01,0.0,0.8899999999999997,0.0,0.25688073394495414,0.3088263099918169,0.21304542413468497,0.1984935554127455,0.2641509433962264,0.32049173453638935,0.22104790391073487,0.20988513648339718
1999-05-01,0.0,1.04,0.0,0.2562929061784897,0.27624074204167215,0.20496873856813685,0.14799173112529024,0.2635294117647059,0.28759531154388795,0.21306344447813091,0.1588266619323495
1999-06-01,0.0,1.33,0.0,0.2557077625570776,0.2194335424146608,0.2155505998619165,0.10975804630422853,0.26291079812206575,0.22923341924911922,0.22337322910275553,0.11893455981972323
1999-07-01,0.0,1.2400000000000002,0.0,0.255125284738041,0.23506737875697153,0.21492864180893612,0.12508005020050078,0.26229508196721313,0.24566974493963434,0.22269790980666043,0.1351972688757136
1999-08-01,0.0,1.2200000000000006,0.0,0.2545454545454545,0.23786607101720103,0.2143118896432617,0.12800053168222164,0.2616822429906542,0.24881480007206225,0.22202828457409074,0.13845568852065582
1999-09-01,0.0,1.2400000000000002,0.0,0.25396825396825395,0.23313020698607612,0.2099091785918588,0.11766259768554344,0.26107226107226106,0.24419671049951253,0.2176370180603034,0.1278849141188682
1999-10-01,0.0,1.25,0.0,0.25339366515837103,0.23041553946498183,0.20183249766228428,0.10426469848306985,0.26046511627906976,0.24147506237440147,0.2096124792618418,0.1140558302948802
1999-11-01,0.0,0.96,0.0,0.2528216704288939,0.28564691693590233,0.20493348804382755,0.1659151738198137,0.25986078886310904,0.299703902412255,0.2125996510928334,0.17948775028700698
1999-12-01,0.0,1.08,0.0,0.25225225225225223,0.2605110706522864,0.20060030077710023,0.13297121228663622,0.25925925925925924,0.2734048975308046,0.20826076086848433,0.14474835839956784
2000-01-01,0.0,1.3399999999999999,0.0,0.251685393258427,0.211772185724166,0.20370414312602364,0.09300610386877073,0.2586605080831409,0.22185892805013935,0.2112712556760577,0.10160876965813437
2000-02-01,0.0,0.9699999999999998,0.0,0.25112107623318386,0.28012263298275614,0.20686362936786384,0.16759323396053694,0.25806451612903225,0.2939795465223628,0.21433681452516568,0.1809675687221446
2000-03-01,0.0,0.5699999999999994,0.0,0.2505592841163311,0.36430466872129885,0.20625960795385478,0.2722685135423387,0.2574712643678161,0.3821101690197553,0.213691544173232,0.2905671821253165
2000-04-01,1.0,0.33000000000000007,0.0,0.25,0.41811324565837127,0.1981465821117782,0.3262339326009792,0.25688073394495414,0.43781378917922986,0.20562125051196223,0.34684045673380587
2000-05-01,1.0,0.6500000000000004,0.0,0.24944320712694878,0.34478077410045066,0.20128106642497867,0.23795795151702548,0.2562929061784897,0.36100334305649195,0.20866720002630829,0.2543380347680837
2000-06-01,1.0,0.40999999999999925,0.0,0.24888888888888888,0.39815204462142273,0.2044750802941775,0.3199782462810028,0.2557077625570776,0.41554355074569693,0.21176799347801645,0.3380210106421682
2000-07-01,1.0,0.08999999999999986,0.0,0.24833702882483372,0.4724641612280559,0.2115968537718686,0.45226741007014465,0.255125284738041,0.49086188369476347,0.21875402510337028,0.4706664870699048
2000-08-01,1.0,-0.2599999999999998,0.0,0.24778761061946902,0.5549114220148658,0.21494246487380125,0.5897060497401219,0.2545454545454545,0.573162914743877,0.222008031394472,0.6057485556465586
2000-09-01,1.0,-0.20000000000000018,0.0,0.24724061810154527,0.5401451975599793,0.2104485678334822,0.5564867472990362,0.25396825396825395,0.5560836532406135,0.21753132010754545,0.5700040371939618
2000-10-01,1.0,-0.3700000000000001,0.0,0.24669603524229075,0.579618157720922,0.2059906914491904,0.6052685023008184,0.25339366515837103,0.5944418905723218,0.21309228990058754,0.6167366054095389
2000-11-01,1.0,-0.4500000000000002,0.0,0.24615384615384617,0.5972619402375201,0.197762398936496,0.6100152840229471,0.2528216704288939,0.6108009289725439,0.2049334880438275,0.6200044412981944
2000-12-01,1.0,-0.5299999999999994,0.0,0.24561403508771928,0.6149072723897087,0.2009964532763855,0.6485683351173315,0.25225225225225223,0.6264113072536569,0.20807886789732866,0.6551267522880815
2001-01-01,1.0,0.009999999999999787,0.0,0.24507658643326038,0.48731242925585744,0.21213931056175794,0.4904814615086734,0.251685393258427,0.497537089483713,0.219006496489825,0.49739210899527275
2001-02-01,1.0,0.21999999999999975,0.0,0.2445414847161572,0.4365449013478825,0.22370405128725096,0.4488843369254145,0.25112107623318386,0.44610276835088697,0.23033113525747761,0.4551857356199793
2001-03-01,1.0,0.46999999999999975,0.0,0.2440087145969499,0.37725655926593626,0.23994600467465027,0.40461556993093867,0.2505592841163311,0.3868923721139229,0.2462350006809621,0.411388510422616
2001-04-01,1.0,1.2699999999999996,1.0,0.24565217391304348,0.21586227160285787,0.25061456034679297,0.1817790767697054,0.25,0.22176090050655417,0.2541741219950645,0.18651421099966325
2001-05-01,1.0,1.7699999999999996,1.0,0.2472885032537961,0.1396475192631667,0.2569195688239899,0.09198844357455288,0.24944320712694878,0.14316224002516226,0.2579697067084021,0.09399501316568876
2001-06-01,1.0,1.79,1.0,0.24891774891774893,0.13762984680503249,0.26752830110638437,0.09986361848391556,0.24888888888888888,0.13998188792546773,0.266187366352157,0.10052250873520852
2001-07-01,1.0,1.7300000000000004,1.0,0.2505399568034557,0.14615749134953676,0.2781427612165158,0.12172010874407663,0.24833702882483372,0.14756807049215626,0.2745847621490338,0.1214241982996665
2001-08-01,1.0,1.6099999999999999,1.0,0.2521551724137931,0.16376253355913922,0.3069155805244904,0.18993835776752976,0.24778761061946902,0.16413697673714622,0.30170586516877784,0.1882854072407436
2001-09-01,1.0,2.0900000000000003,1.0,0.2537634408602151,0.10156013516158868,0.3316917719340716,0.11933245500602652,0.24724061810154527,0.10268965407665853,0.32525906690398215,0.11988732661417095
2001-10-01,1.0,2.41,1.0,0.2553648068669528,0.07058123334488077,0.3663429013474596,0.10130087393637177,0.24669603524229075,0.07215229520352216,0.35982224570237586,0.10344530540085711
2001-11-01,0.0,2.7800000000000002,1.0,0.2569593147751606,0.04419604727481972,0.3963173721541016,0.07349670474148128,0.24615384615384617,0.046167161442297315,0.39052898323628754,0.07719711610352849
2001-12-01,0.0,3.4,0.0,0.25854700854700857,0.018052089656750533,0.43129894678372827,0.033030643958939176,0.24561403508771928,0.019886192348132253,0.427503316947856,0.03711360475480941
2002-01-01,0.0,3.39,0.0,0.2601279317697228,0.018154623514621777,0.4369812595015441,0.035564217730680844,0.24507658643326038,0.020026792528895436,0.4328147753268691,0.04016258896454627
2002-02-01,0.0,3.1900000000000004,0.0,0.26170212765957446,0.024440659569053162,0.4332335936117837,0.04986884456578742,0.2445414847161572,0.026447150880343582,0.42733275278838795,0.05506392062343331
2002-03-01,0.0,3.49,0.0,0.2632696390658174,0.015402473856708829,0.4154764662077136,0.019959865704765573,0.2440087145969499,0.01719484752460485,0.40575051186617894,0.023105442882151085
2002-04-01,0.0,3.5,0.0,0.2648305084745763,0.01557595961802562,0.4173322754056123,0.020413372218385847,0.24565217391304348,0.01685886124919473,0.40613411787958803,0.022504218886782952
2002-05-01,0.0,3.43,0.0,0.266384778012685,0.01829627660370905,0.41927560006799447,0.02615228671740542,0.2472885032537961,0.01876656744580527,0.4066364026176512,0.02648869174025763
2002-06-01,0.0,3.2299999999999995,0.0,0.2679324894514768,0.025859015878431157,0.4165566297140144,0.040176349117992706,0.24891774891774893,0.024982374527593457,0.4021010494821136,0.03742750130844038
2002-07-01,0.0,2.9700000000000006,0.0,0.2694736842105263,0.03858360711303168,0.404319689779295,0.058410083162507065,0.2505399568034557,0.035492030601723304,0.38776285419537715,0.0510856985393074
2002-08-01,0.0,2.6399999999999997,0.0,0.2710084033613445,0.060455798647006405,0.3733336171337993,0.07361477526647033,0.2521551724137931,0.05391176188086779,0.35426842334886155,0.06172800652138732
2002-09-01,0.0,2.24,0.0,0.27253668763102723,0.09874760103082264,0.3474545804901647,0.1086301261246268,0.2537634408602151,0.08614970477519462,0.32700028335282416,0.08879790366870638
2002-10-01,0.0,2.36,0.0,0.27405857740585776,0.09027363448662584,0.31264526993620445,0.06155865550157085,0.2553648068669528,0.07485256442516086,0.2921845960838984,0.044439802584291144
2002-11-01,0.0,2.82,0.0,0.27348643006263046,0.05317708388136285,0.29372266523638435,0.019321012380176562,0.2569593147751606,0.041921205735940534,0.27659370677605727,0.011913055610865343
2002-12-01,0.0,2.8400000000000003,0.0,0.27291666666666664,0.0517612984207279,0.2756964900188108,0.013786574611459686,0.25854700854700857,0.0404555146234631,0.26175714666315775,0.008076319021183874
2003-01-01,0.0,2.88,0.0,0.27234927234927236,0.04914637377606825,0.2627215449238026,0.009952647614980228,0.2601279317697228,0.03813387789209556,0.25151226378990965,0.005584075635830296
2003-02-01,0.0,2.73,0.0,0.2717842323651452,0.05877939767264904,0.25429587982574015,0.012049330260605059,0.26170212765957446,0.046564866740926525,0.24542130573863863,0.007030919570703361
2003-03-01,0.0,2.68,0.0,0.2712215320910973,0.062230369443013425,0.2499884823979655,0.012483441532143464,0.2632696390658174,0.04984341047810254,0.24318013974030644,0.0073992342418409745
2003-04-01,0.0,2.83,0.0,0.2706611570247934,0.05184923546078056,0.2571010798337394,0.010132689476723137,0.2648305084745763,0.04165655908900877,0.2525863318993984,0.0062006545113667275
2003-05-01,0.0,2.5,0.0,0.27010309278350514,0.07625923948971527,0.26412753875194345,0.024339239232852247,0.266384778012685,0.065828340133718,0.2621372818638654,0.018388474942965083
2003-06-01,0.0,2.41,0.0,0.26954732510288065,0.08410894537975916,0.2787414263123859,0.037607424376063646,0.2679324894514768,0.07548715820513151,0.28011249266711735,0.03177706920845464
2003-07-01,0.0,3.08,0.0,0.26899383983572894,0.03739848621734708,0.2856219095167313,0.009976620789524339,0.2694736842105263,0.03323989262236275,0.29014154796756353,0.008505145489835162
2003-08-01,0.0,3.5,0.0,0.26844262295081966,0.02084481680447075,0.28481033928044197,0.003367480749220379,0.2710084033613445,0.018858588378359846,0.2917223995388623,0.0029916744078282305
2003-09-01,0.0,3.3299999999999996,0.0,0.26789366053169733,0.026348892098789028,0.27649332483612726,0.004409927857795895,0.27253668763102723,0.025681843789645692,0.2846238835370737,0.004474021126321203
2003-10-01,0.0,3.37,0.0,0.2673469387755102,0.02474250096016895,0.26840334258572274,0.0033018794005610255,0.27405857740585776,0.02619054100413849,0.2773243025681067,0.0038564387907390417
2003-11-01,0.0,3.3699999999999997,0.0,0.2668024439918534,0.02460936382058854,0.24965914413973067,0.0021088612908293767,0.27348643006263046,0.02603900120498443,0.25574551238681265,0.0024553622818808424
2003-12-01,0.0,3.3699999999999997,0.0,0.266260162601626,0.02447914149952056,0.2248372140201822,0.0010931601962801572,0.27291666666666664,0.025942794983871913,0.22801940212669902,0.0012770737143717697
2004-01-01,0.0,3.2700000000000005,0.0,0.2657200811359026,0.02802744680168498,0.21758844006926142,0.0012152064886357717,0.27234927234927236,0.02964831955016288,0.22062195236280857,0.001397943560179773
2004-02-01,0.0,3.15,0.0,0.2651821862348178,0.032870927126848505,0.22032691381721042,0.0018895999846232242,0.2717842323651452,0.03467881615419584,0.22427394440873205,0.002127415926442394
2004-03-01,0.0,2.89,0.0,0.26464646464646463,0.046029665358556876,0.22989465395759506,0.005000309137157738,0.2712215320910973,0.048264951341666994,0.23504986288775725,0.005483880331361962
2004-04-01,0.0,3.4099999999999997,0.0,0.26411290322580644,0.022613744593997585,0.2259097667431828,0.0010454344904750248,0.2706611570247934,0.024170117265632538,0.23120526247051332,0.00118232986587123
2004-05-01,0.0,3.6999999999999997,0.0,0.2635814889336016,0.014565132233211306,0.22535315110792964,0.0004150074691456851,0.27010309278350514,0.015791744269984344,0.23101952216278193,0.00047755360873843555
2004-06-01,0.0,3.4600000000000004,0.0,0.26305220883534136,0.020750437330672618,0.21809011787247523,0.0007220490331424176,0.26954732510288065,0.022338489370647734,0.22387772743701484,0.000816989680921714
2004-07-01,0.0,3.17,0.0,0.2625250501002004,0.03119843740993262,0.22093725536858405,0.00189700352082835,0.26899383983572894,0.03319735389000169,0.22712502949038865,0.0020826488888345427
2004-08-01,0.0,2.8000000000000003,0.0,0.262,0.050632530855816024,0.21709313005574032,0.0048285324980637985,0.26844262295081966,0.05308116264095012,0.22341526343280232,0.00515201114043604
2004-09-01,0.0,2.48,0.0,0.26147704590818366,0.0743134625187593,0.216579701325113,0.010792908351144399,0.26789366053169733,0.07700776066340341,0.22303436473881966,0.011263739992513266
2004-10-01,0.0,2.34,0.0,0.26095617529880477,0.08695320709493776,0.22274975027539395,0.01729543995463072,0.2673469387755102,0.08961058734980165,0.2293047591240326,0.01783314826627926
2004-11-01,0.0,2.1200000000000006,0.0,0.26043737574552683,0.11009808665999798,0.22219076960300388,0.02785345570527532,0.2668024439918534,0.11279300587965718,0.2287744970410327,0.028505937778585195
2004-12-01,0.0,2.0400000000000005,0.0,0.25992063492063494,0.11943985919254047,0.22160528049625122,0.03283222847299269,0.266260162601626,0.1220601526203014,0.22821782718399125,0.03348687292814139
2005-01-01,0.0,1.8899999999999997,0.0,0.2594059405940594,0.13859660213741642,0.21428704209311522,0.03903177566218519,0.2657200811359026,0.1411535283603063,0.22091182507258178,0.039696613002531696
2005-02-01,0.0,1.63,0.0,0.25889328063241107,0.17672761880174997,0.2204346957602334,0.07103803641471128,0.2651821862348178,0.17910953440876853,0.22706383592795248,0.0718399105084268
2005-03-01,0.0,1.7599999999999998,0.0,0.2583826429980276,0.1565779141622814,0.2131116064357328,0.05004730001840126,0.26464646464646463,0.1589639185719956,0.219738159662475,0.05069668445307108
2005-04-01,0.0,1.56,0.0,0.2578740157480315,0.18774827980193648,0.21589774339359935,0.07583065679323313,0.26411290322580644,0.18991629555873268,0.22252312505447153,0.07653044143432988
2005-05-01,0.0,1.2999999999999998,0.0,0.25736738703339884,0.23373166425741781,0.20861106204006308,0.10478327533117154,0.2635814889336016,0.23542532366590446,0.2152828496745528,0.10537422005737584
2005-06-01,0.0,1.0299999999999998,0.0,0.2568627450980392,0.2874955011535799,0.21136923397632185,0.16347716656584682,0.26305220883534136,0.2885898279394866,0.21809011787247534,0.16385116741281897
2005-07-01,0.0,0.9599999999999995,0.0,0.2563600782778865,0.30226890627511616,0.2107931313460255,0.17966202912408724,0.2625250501002004,0.30321994595370505,0.21759052265410095,0.17996787864017932
2005-08-01,0.0,0.8199999999999998,0.0,0.255859375,0.3328950121221995,0.21021617210205096,0.21494105001258929,0.262,0.3336463829038445,0.21709313005574032,0.21523742000005786
2005-09-01,0.0,0.7800000000000002,0.0,0.2553606237816764,0.34174373793572077,0.21647016390786306,0.24334098998242443,0.26147704590818366,0.34252666698110434,0.22328243442644585,0.24366385651567624
2005-10-01,0.0,0.75,0.0,0.25486381322957197,0.3483816367321292,0.21591797560180565,0.25185428463744036,0.26095617529880477,0.3492474168590308,0.22274975027539395,0.25226596188301226
2005-11-01,0.0,0.6600000000000001,0.0,0.2543689320388349,0.36895188325466177,0.2188412806215677,0.28833777436538044,0.26043737574552683,0.3698035592013158,0.2255856715457662,0.28883556518483194
2005-12-01,0.0,0.5799999999999996,0.0,0.25387596899224807,0.3875581784431686,0.2148219932211517,0.303388753768979,0.25992063492063494,0.38842376190033057,0.22160528049625122,0.30402434393921096
2006-01-01,0.0,0.17999999999999972,0.0,0.25338491295938104,0.48482764792219285,0.20401517611833098,0.40650112486066736,0.2594059405940594,0.48475616778700154,0.2109673136626657,0.40691980510467474
2006-02-01,0.0,0.14000000000000057,0.0,0.2528957528957529,0.4944220823443252,0.2068504041221077,0.4318626276255409,0.25889328063241107,0.49461642803016886,0.21369091209681318,0.4323943100027063
2006-03-01,0.0,0.20999999999999996,0.0,0.2524084778420039,0.4768229215465141,0.20629475019464472,0.40664625987052727,0.2583826429980276,0.4775427530904941,0.2131116064357328,0.40750260001511557
2006-04-01,0.0,0.39000000000000057,0.0,0.2519230769230769,0.43202542474230526,0.21265029655061402,0.3654666177647718,0.2578740157480315,0.433748656649851,0.21929563120750467,0.36687609191588677
2006-05-01,0.0,0.39000000000000057,0.0,0.2514395393474088,0.4314246953806037,0.20519269804789508,0.34330110091653965,0.25736738703339884,0.43377839012027986,0.2119525809376891,0.3453956146567474
2006-06-01,0.0,0.3200000000000003,0.0,0.2509578544061303,0.44778376075142345,0.2080937731912148,0.377523963508837,0.2568627450980392,0.4508192548973259,0.21474842912142544,0.38008394261056083
2006-07-01,0.0,0.13999999999999968,0.0,0.25047801147227533,0.49145209006852075,0.21104356974666239,0.45256914029227574,0.2563600782778865,0.49498319082725756,0.21759478176341673,0.45517291716728464
2006-08-01,0.0,-0.08000000000000007,0.0,0.25,0.5448783327464789,0.2140424419786997,0.5439604359487191,0.255859375,0.5490699643590946,0.22048566229467265,0.5463930901488853
2006-09-01,0.0,-0.08999999999999986,0.0,0.24952380952380954,0.5461183593737557,0.20999242541138863,0.5349095326917396,0.2553606237816764,0.5516080286217346,0.21647016390786317,0.5386038086920967
2006-10-01,0.0,-0.1899999999999995,0.0,0.24904942965779467,0.5693818554392336,0.1990687243547592,0.5352937217909793,0.25486381322957197,0.5760338528051621,0.20570896662056531,0.5404502096109715
2006-11-01,0.0,-0.34000000000000075,0.0,0.24857685009487665,0.6041929512735609,0.20197963114679124,0.5998340451036852,0.2543689320388349,0.6120892377346411,0.2085199554647298,0.6054125154789982
2006-12-01,0.0,-0.29000000000000004,0.0,0.2481060606060606,0.5905709295072323,0.20493278478970062,0.59193243667174,0.25387596899224807,0.6002161779060183,0.2113762459171517,0.5990362343130587
2007-01-01,1.0,-0.22000000000000064,0.0,0.24763705103969755,0.5710946323092425,0.21506905413673844,0.5988303083394215,0.25338491295938104,0.5833093105176141,0.221274867804425,0.6079128549473256
2007-02-01,1.0,-0.3100000000000005,0.0,0.24716981132075472,0.590088263594358,0.2145676707836866,0.6277502533021824,0.2528957528957529,0.6047951397341659,0.22074479586257784,0.6391761196808841
2007-03-01,1.0,-0.3800000000000008,0.0,0.24670433145009416,0.6042138814922905,0.214068813989853,0.6493680435927166,0.2524084778420039,0.6213797737832881,0.22021461331607772,0.6629770370189693
2007-04-01,1.0,-0.17999999999999972,0.0,0.2462406015037594,0.5544542567137963,0.20996846562317917,0.565831912311142,0.2519230769230769,0.5729621797253311,0.21615276369748704,0.5824415754747995
2007-05-01,1.0,0.019999999999999574,0.0,0.24577861163227016,0.5040933446535483,0.2058932373656211,0.47948444513601757,0.2514395393474088,0.523092137150697,0.21211043729539608,0.49789631998992223
2007-06-01,1.0,0.4899999999999993,0.0,0.24531835205992508,0.38975776502530524,0.21258950167740592,0.33516103182698354,0.2509578544061303,0.4062371448464125,0.218640672173519,0.3517263416050549
2007-07-01,1.0,0.17999999999999972,0.0,0.24485981308411214,0.46130417147606506,0.21945457907421478,0.4645438921999374,0.25047801147227533,0.48151339748924216,0.2253340670311011,0.4845120652544637
2007-08-01,1.0,0.46999999999999975,0.0,0.24440298507462688,0.390501260667674,0.22648551638997222,0.3821978935993416,0.25,0.4091392619575118,0.2321914309307242,0.40148789623673714
2007-09-01,1.0,0.6299999999999994,0.0,0.24394785847299813,0.35228512679100976,0.22983583679201008,0.3370950296569929,0.24952380952380954,0.36991343432506396,0.23543882013991418,0.355652741715352
2007-10-01,1.0,0.6300000000000003,0.0,0.24349442379182157,0.35034159571962076,0.22938813113424744,0.334970758856627,0.24904942965779467,0.3688752491500513,0.23495852251129462,0.35467011105166635
2007-11-01,1.0,0.8800000000000003,0.0,0.24304267161410018,0.29546932155679484,0.23280340445999048,0.26583721565275853,0.24857685009487665,0.311019109655687,0.23825991077652442,0.28205181229353526
2007-12-01,1.0,1.0999999999999996,0.0,0.24259259259259258,0.25122624413238176,0.24418637172236107,0.23107824008561606,0.2481060606060606,0.2636398100936043,0.24935280449194563,0.2438773611445782
2008-01-01,1.0,0.9900000000000002,1.0,0.24399260628465805,0.27323552989642985,0.25790212264493645,0.29282696010161813,0.24763705103969755,0.2851870513427868,0.26080300530865885,0.30602525436466277
2008-02-01,1.0,1.62,1.0,0.24538745387453875,0.1653140758813882,0.26764342826018295,0.14801017981217862,0.24716981132075472,0.16899514560895507,0.2684934403079539,0.15160408699615352
2008-03-01,1.0,2.25,1.0,0.24677716390423574,0.0890025528679772,0.27326668774467,0.05696144397434042,0.24670433145009416,0.08919540929511854,0.27221090666452086,0.05716848550750313
2008-04-01,1.0,2.39,1.0,0.24816176470588236,0.07615798429733008,0.2747396255833407,0.043717098450461456,0.2462406015037594,0.0760465375121205,0.2718150227299914,0.043753429490968755
2008-05-01,1.0,2.15,1.0,0.24954128440366974,0.09893182875326456,0.2969158877573286,0.08969485260806676,0.24577861163227016,0.09908563854856378,0.29252271300397237,0.08983487815491492
2008-06-01,1.0,2.2399999999999993,1.0,0.2509157509157509,0.09015802175572207,0.3109269523826649,0.09160268921849413,0.24531835205992508,0.08973488533453422,0.30522161624347804,0.09085096483715521
2008-07-01,1.0,2.38,1.0,0.2522851919561243,0.07722320408702282,0.33813238371451726,0.10049576703983087,0.24485981308411214,0.07674519306994526,0.3317748731279103,0.09964523934900726
2008-08-01,1.0,2.17,1.0,0.25364963503649635,0.0976685375678738,0.36151508493856593,0.17470649473564753,0.24440298507462688,0.09678821241420982,0.35463012542879574,0.173106257606994
2008-09-01,1.0,2.56,1.0,0.2550091074681239,0.0630755941023959,0.38074574778993975,0.12116707360026185,0.24394785847299813,0.0626469945686633,0.37338104320241583,0.12043918618110627
2008-10-01,1.0,3.14,1.0,0.25636363636363635,0.029993960132917313,0.4138906282529401,0.06837648572198494,0.24349442379182157,0.030375949793859217,0.40730171101052015,0.06942672776701397
2008-11-01,1.0,3.34,1.0,0.2577132486388385,0.02279466535912485,0.4428614452949901,0.06852723801581473,0.24304267161410018,0.0234293903531686,0.43710184467669716,0.07068467821369696
2008-12-01,1.0,2.39,1.0,0.25905797101449274,0.07871853860998079,0.4864954232171778,0.3646938401418144,0.24259259259259258,0.0769820532299976,0.4826009776605903,0.36170187453112523
2009-01-01,1.0,2.39,1.0,0.2603978300180832,0.07942885996146803,0.5354557146019774,0.4825088129013334,0.24399260628465805,0.07679466298776251,0.5328243621517597,0.4775688755319967
2009-02-01,1.0,2.5700000000000003,1.0,0.26173285198555957,0.06582749010398445,0.5981918765645728,0.5737350149124185,0.24538745387453875,0.06238779898231272,0.5963133448358615,0.568008756496985
2009-03-01,1.0,2.61,1.0,0.26306306306306304,0.065219195141399,0.6590120030686615,0.7052020784406006,0.24677716390423574,0.059244927469431434,0.6563620529804709,0.6999748820472209
2009-04-01,1.0,2.77,1.0,0.2643884892086331,0.05639167233888831,0.7122334695138828,0.7736601248619666,0.24816176470588236,0.04858887236869157,0.7072385786701361,0.769962376144652
2009-05-01,1.0,3.11,1.0,0.26570915619389585,0.038664624224948645,0.7399247433088856,0.740221893337998,0.24954128440366974,0.031121060696721978,0.7294927366439117,0.7281578402484928
2009-06-01,0.0,3.54,1.0,0.2670250896057348,0.02311071512368655,0.7558964395147652,0.650178604957509,0.2509157509157509,0.016863286113957182,0.7395007317251006,0.6184902656074627
2009-07-01,0.0,3.38,0.0,0.26833631484794274,0.030330064902417367,0.7500127085919522,0.6789766390711136,0.2522851919561243,0.02121788049672313,0.7263993870512478,0.638372469118036
2009-08-01,0.0,3.42,0.0,0.26964285714285713,0.03018467606290655,0.7366155071812519,0.6252995735153826,0.25364963503649635,0.01999995167902506,0.7056289416672887,0.5660814607894905
2009-09-01,0.0,3.28,0.0,0.2709447415329768,0.03812539824725071,0.7353353100678139,0.6606411810107061,0.2550091074681239,0.024563174676490412,0.6972444156651914,0.5923987173126245
2009-10-01,0.0,3.3200000000000003,0.0,0.2722419928825623,0.03944095711271838,0.7346351803941633,0.6454373536533173,0.25636363636363635,0.023260630863145445,0.6888294287464211,0.5544412891015478
2009-11-01,0.0,3.35,0.0,0.27353463587921845,0.04157851489478222,0.7255468560344533,0.6130879734080478,0.2577132486388385,0.022466681690170305,0.6722123553121718,0.49641580559342213
2009-12-01,0.0,3.54,0.0,0.274822695035461,0.03508843136653968,0.6839417857877463,0.4400075225973496,0.25905797101449274,0.017217741984634247,0.6253738524387571,0.307075869004652
2010-01-01,0.0,3.67,0.0,0.2761061946902655,0.03171344437053277,0.6175055307833995,0.2515906760805714,0.2603978300180832,0.014282991199140614,0.5588187261009783,0.14432171209649652
2010-02-01,0.0,3.58,0.0,0.2773851590106007,0.03707649607767244,0.5386691192814927,0.1457631768161483,0.26173285198555957,0.016993670692663713,0.4859671143340294,0.07582371469969264
2010-03-01,0.0,3.58,0.0,0.2786596119929453,0.03908678312880794,0.46574293598813815,0.07156062111426206,0.26306306306306304,0.018162220315754183,0.422547449057998,0.035693247331442565
2010-04-01,0.0,3.69,0.0,0.27992957746478875,0.03680629594678117,0.4074875273231316,0.030161462072641223,0.2643884892086331,0.01663285284005456,0.3741151872184329,0.015122136784455028
2010-05-01,0.0,3.26,0.0,0.281195079086116,0.060668133924611886,0.33862186485846985,0.02694788241524126,0.26570915619389585,0.0318711993341026,0.3187973770221901,0.016407940537239974
2010-06-01,0.0,3.08,0.0,0.2807017543859649,0.07157050916905884,0.2724298835800385,0.014667053433378034,0.2670250896057348,0.041997714949746134,0.266541258565384,0.010189674325113814
2010-07-01,0.0,2.8499999999999996,0.0,0.28021015761821366,0.08771457485295886,0.23133459649533178,0.01126133077787302,0.26833631484794274,0.05771086088848505,0.22897127416242974,0.008609533442023528
2010-08-01,0.0,2.54,0.0,0.27972027972027974,0.11376755368244423,0.2292211909190579,0.019769501548572793,0.26964285714285713,0.08341649157429704,0.2256358575940049,0.0162222657504966
2010-09-01,0.0,2.5,0.0,0.2792321116928447,0.11726047957459779,0.237839392744432,0.024658862104169087,0.2709447415329768,0.0900661915702991,0.2334806827744902,0.021164999772652977
2010-10-01,0.0,2.41,0.0,0.2787456445993031,0.12578618494496469,0.2389092366712135,0.029295445899487935,0.2722419928825623,0.10298318226058623,0.23364230064956,0.02673600637289179
2010-11-01,0.0,2.6199999999999997,0.0,0.2782608695652174,0.1057071291321301,0.24973258896352418,0.024019293785461495,0.27353463587921845,0.08880178936852767,0.24578677406575017,0.023436735525666032
2010-12-01,0.0,3.15,0.0,0.2777777777777778,0.06572369892866169,0.24354455541280634,0.0070425552065587205,0.274822695035461,0.053933345952029456,0.23760705425026946,0.006890327764075989
2011-01-01,0.0,3.24,0.0,0.2772963604852686,0.06013251106008443,0.23444706819540817,0.00451594933421966,0.2761061946902655,0.05100914925076554,0.22505564430583835,0.004344407136037482
2011-02-01,0.0,3.45,0.0,0.2768166089965398,0.048706978038109895,0.21400569474670117,0.0015014823730480757,0.2773851590106007,0.04273588964276451,0.19668600992323726,0.0013389412525495348
2011-03-01,0.0,3.31,0.0,0.2763385146804836,0.055808216170377026,0.22843779503508843,0.003196060032258565,0.2786596119929453,0.05191988652032963,0.2156005330486538,0.002996116664592593
2011-04-01,0.0,3.4,0.0,0.27586206896551724,0.05087569959576325,0.23701488272530702,0.003244272532893136,0.27992957746478875,0.049828331899946655,0.22758470764132555,0.003129095282052027
2011-05-01,0.0,3.13,0.0,0.27538726333907054,0.06598364249652156,0.23659486711705024,0.006083637268310539,0.281195079086116,0.06855411694573582,0.22708329736296656,0.005816598908663491
2011-06-01,0.0,2.96,0.0,0.27491408934707906,0.07706826099297384,0.23907540541383904,0.009497527390905995,0.2807017543859649,0.07980500203803997,0.23351621828498753,0.009415887483439847
2011-07-01,0.0,2.96,0.0,0.274442538593482,0.07678831234627716,0.23556652279928908,0.008821638346722283,0.28021015761821366,0.07956094709747413,0.23133459649533178,0.008924923601078605
2011-08-01,0.0,2.28,0.0,0.273972602739726,0.13671358575363557,0.23503329378897214,0.033785149095658,0.27972027972027974,0.13982052808832657,0.2329067286288189,0.034064378976550264
2011-09-01,0.0,1.97,0.0,0.27350427350427353,0.17249491101673836,0.23153771465775375,0.05411744262598985,0.2792321116928447,0.175571085247059,0.2307691070647065,0.054768275635313966
2011-10-01,0.0,2.13,0.0,0.27303754266211605,0.15278111854103305,0.22805667754104242,0.03897715247236667,0.2787456445993031,0.156037021838708,0.22879819754828556,0.04006535769426323
2011-11-01,0.0,1.9999999999999998,0.0,0.272572402044293,0.16805719885294723,0.22169117631109864,0.04344381118974573,0.2782608695652174,0.171341446177393,0.2237326391232896,0.04483969082437613
2011-12-01,0.0,1.97,0.0,0.272108843537415,0.17154476123851164,0.21826564887392325,0.043189547205161535,0.2777777777777778,0.1748488209127781,0.22176255126881794,0.044557372827133755
2012-01-01,0.0,1.94,0.0,0.27164685908319186,0.17510263786341185,0.21771920222643454,0.045421211727929504,0.2772963604852686,0.17842989629898187,0.22241946205303248,0.046655894283546134
2012-02-01,0.0,1.88,0.0,0.2711864406779661,0.1826552591389412,0.22298390781506333,0.055942701758349145,0.2768166089965398,0.18594175027758514,0.22853767601249836,0.05709716753830078
2012-03-01,0.0,2.09,0.0,0.2707275803722504,0.1561812542355437,0.22244476575898958,0.03925879367846011,0.2763385146804836,0.15959856378834525,0.22843779503508832,0.040107395407608014
2012-04-01,0.0,1.9699999999999998,0.0,0.2702702702702703,0.17064420913253875,0.22786551516663422,0.05371361396865125,0.27586206896551724,0.17403088138193173,0.23405060686583046,0.05461890069045126
2012-05-01,0.0,1.71,0.0,0.26981450252951095,0.20515358897252162,0.22735155457002598,0.08067929444562794,0.27538726333907054,0.2083270004029743,0.2336391388605092,0.08165839337032371
2012-06-01,0.0,1.53,0.0,0.26936026936026936,0.23127952203075053,0.22985816458628477,0.10949478283526903,0.27491408934707906,0.23422240234638597,0.23609919308470284,0.11052686423251357
2012-07-01,0.0,1.43,0.0,0.2689075630252101,0.2464963590771409,0.229353283779889,0.12530387111260732,0.274442538593482,0.24924968119546054,0.23556652279928908,0.1263361431365887
2012-08-01,0.0,1.5799999999999998,0.0,0.2684563758389262,0.22318011004057287,0.22582640082710975,0.0972154599970077,0.273972602739726,0.22618723422998993,0.23206704330177508,0.09825652176182764
2012-09-01,0.0,1.6099999999999999,0.0,0.26800670016750416,0.2183403673388538,0.21636890613763948,0.08030326170915619,0.27350427350427353,0.22145211137541515,0.22275245403392607,0.08138103847640765
2012-10-01,0.0,1.65,0.0,0.26755852842809363,0.21212170638404837,0.2158456022231076,0.07539930367933599,0.27303754266211605,0.21530508603682202,0.22221281551713695,0.0764854147883545
2012-11-01,0.0,1.5599999999999998,0.0,0.2671118530884808,0.22503030631459037,0.21531753999361447,0.08609363006956122,0.272572402044293,0.22819257080639793,0.22169117631109886,0.08730483904655645
2012-12-01,0.0,1.65,0.0,0.26666666666666666,0.21134376528073884,0.22990546046783056,0.09572925468037768,0.272108843537415,0.2147639746877178,0.23596441997417616,0.09713127127724147
2013-01-01,0.0,1.8399999999999999,0.0,0.26622296173044924,0.18443896793579656,0.23563313676064862,0.07949582917647469,0.27164685908319186,0.18815226288727094,0.24153032931175655,0.0809772480493634
2013-02-01,0.0,1.88,0.0,0.26578073089701,0.17873728185883986,0.23515489454091537,0.07457390964681058,0.2711864406779661,0.1826552591389412,0.24102126102453109,0.07623096794345721
2013-03-01,0.0,1.8699999999999999,0.0,0.26533996683250416,0.1796818767332759,0.22228015722491085,0.06145274234263276,0.2707275803722504,0.18374594889290885,0.2283817667639652,0.06313447967614698
2013-04-01,0.0,1.7,0.0,0.26490066225165565,0.20261046898887475,0.21272706689662219,0.06860422453299798,0.2702702702702703,0.20680197159694025,0.2189801349164019,0.07056744992472724
2013-05-01,0.0,1.89,0.0,0.2644628099173554,0.1762641569465277,0.21824976770480425,0.0559685101854278,0.26981450252951095,0.180662461183365,0.22436293195058754,0.05794883572579328
2013-06-01,0.0,2.25,0.0,0.264026402640264,0.132831218694746,0.22389155358592777,0.033469500686091336,0.26936026936026936,0.1371744341780451,0.22985816458628477,0.03512421904268519
2013-07-01,0.0,2.54,0.0,0.26359143327841844,0.10359182912451209,0.21424197253570382,0.01567601953978613,0.2689075630252101,0.10768065350414857,0.2203621563834049,0.0168098910273496
2013-08-01,0.0,2.7,0.0,0.2631578947368421,0.08946014592732132,0.21375033413036726,0.011114589213330278,0.2684563758389262,0.09330574664526436,0.2198463091354254,0.01204510390393673
2013-09-01,0.0,2.79,0.0,0.2627257799671593,0.08203155671662787,0.21325203365515133,0.009063468786097048,0.26800670016750416,0.0857088387373674,0.21932900187291776,0.00987754481063995
2013-10-01,0.0,2.5700000000000003,0.0,0.26229508196721313,0.09990960114542502,0.21887521042083719,0.01652469497138858,0.26755852842809363,0.10391075574366693,0.22481011495242392,0.017786359999508557
2013-11-01,0.0,2.6500000000000004,0.0,0.2618657937806874,0.09267765572046416,0.2122626044567072,0.012097550415911039,0.2671118530884808,0.09652975532401337,0.21828798098330776,0.01314503434890809
2013-12-01,0.0,2.83,0.0,0.26143790849673204,0.07814875472846435,0.2057527278355995,0.0069635501123318875,0.26666666666666666,0.0816801629800295,0.2118363016498706,0.007688899427684851
2014-01-01,0.0,2.82,0.0,0.26101141924959215,0.07859898897730679,0.2023013226292129,0.006549400719824864,0.26622296173044924,0.08212821357478145,0.2083706129658574,0.007256402729429942
2014-02-01,0.0,2.66,0.0,0.26058631921824105,0.09090249786070653,0.21391469704092675,0.012429377868765997,0.26578073089701,0.09467948112390934,0.21974413267893167,0.013550028721465183
2014-03-01,0.0,2.6700000000000004,0.0,0.2601626016260163,0.08976418487567045,0.21964718450220422,0.013908161674753748,0.26533996683250416,0.09351028195613559,0.22534430019656038,0.015129265115571276
2014-04-01,0.0,2.68,0.0,0.2597402597402597,0.08863806746732261,0.20685269112132543,0.010182222958169963,0.26490066225165565,0.09234755150225488,0.21272706689662219,0.011178806858772282
2014-05-01,0.0,2.5300000000000002,0.0,0.2593192868719611,0.10122447189470157,0.20637344909740796,0.01397284520957891,0.2644628099173554,0.10516153363230424,0.2122247122313174,0.015197743559800617
2014-06-01,0.0,2.56,0.0,0.2588996763754045,0.09823878700999755,0.19988278696950712,0.011330332896812756,0.264026402640264,0.10210350427092474,0.20579480375551973,0.012344206925513678
2014-07-01,0.0,2.5100000000000002,0.0,0.25848142164781907,0.10245206330140372,0.21780137537672584,0.018993494017556577,0.26359143327841844,0.10634731894484661,0.22341294339280654,0.02031169621440193
2014-08-01,0.0,2.39,0.0,0.25806451612903225,0.11357074794510691,0.21109315059461564,0.021123157881790162,0.2631578947368421,0.11754643230815975,0.21678688174053734,0.02243404170100647
2014-09-01,0.0,2.51,0.0,0.2576489533011272,0.10193275235710336,0.21062821986061947,0.01654292367063225,0.2627257799671593,0.10567775190035678,0.21629381621507526,0.017570649059626905
2014-10-01,0.0,2.28,0.0,0.2572347266881029,0.12422831249270361,0.2009711600643747,0.021504981695466774,0.26229508196721313,0.12814713399645178,0.20673810067680254,0.022652141333001308
2014-11-01,0.0,2.31,0.0,0.2568218298555377,0.12082593605391934,0.20661139065528156,0.023045992266072766,0.2618657937806874,0.12463479469831984,0.2122626044567072,0.024135835434652326
2014-12-01,0.0,2.18,0.0,0.2564102564102564,0.13453128210039406,0.20614395083883424,0.02955771054851963,0.26143790849673204,0.13831488042383056,0.21178651603462767,0.030683449800050944
2015-01-01,0.0,1.8499999999999999,0.0,0.256,0.17454416561348235,0.215082820756272,0.06274101065126553,0.26101141924959215,0.17826376085650236,0.2205692672187221,0.06421539555575786
2015-02-01,0.0,1.96,0.0,0.25559105431309903,0.16007539743330584,0.2052205248743772,0.04399465891061734,0.26058631921824105,0.16369748155295955,0.21085470289979308,0.04510605168412113
2015-03-01,0.0,2.0100000000000002,0.0,0.2551834130781499,0.15360871465386433,0.20788630538718667,0.04263329078966696,0.2601626016260163,0.15712730778495015,0.21344197660439318,0.04361653570500611
2015-04-01,0.0,1.92,0.0,0.25477707006369427,0.1646189331983719,0.2043146352867668,0.04704579479710954,0.2597402597402597,0.168005396153796,0.20989538325849494,0.04794074265591144
2015-05-01,0.0,2.18,0.0,0.2543720190779014,0.13318821831826982,0.21652301934216245,0.03744382000224443,0.2593192868719611,0.13651000439984523,0.22186886884503626,0.03814729638487973
2015-06-01,0.0,2.34,0.0,0.25396825396825395,0.11590516341825263,0.2128744833964502,0.026060305157339567,0.2588996763754045,0.11913459977069535,0.21826110179207941,0.02658704414264465
2015-07-01,0.0,2.29,0.0,0.25356576862123614,0.12076608283156454,0.2060939347020836,0.025204222291051917,0.25848142164781907,0.12399945377174826,0.21156019643739543,0.025728730911850687
2015-08-01,0.0,2.1,0.0,0.25316455696202533,0.14144955566702694,0.19633371137084443,0.029921602726300935,0.25806451612903225,0.1447336511573688,0.2019175646585903,0.030528557638427125
2015-09-01,0.0,2.15,0.0,0.2527646129541864,0.13542476499754064,0.20207553026177177,0.030776066780108555,0.2576489533011272,0.13872270475665693,0.20753847495256195,0.03141462976431369
2015-10-01,0.0,2.05,0.0,0.25236593059936907,0.14677079709830926,0.2047725078052664,0.03921786991231214,0.2572347266881029,0.1500894012442217,0.2101699009798848,0.03996116928749383
2015-11-01,0.0,2.1399999999999997,0.0,0.25196850393700787,0.13595865046427053,0.21071761736528744,0.037469180494303665,0.2568218298555377,0.13929444741961344,0.2159857959358346,0.038224943148854655
2015-12-01,0.0,2.0100000000000002,0.0,0.25157232704402516,0.15099755126643127,0.2102909115557231,0.04709434010225991,0.2564102564102564,0.1544007868731594,0.21553373894853967,0.04801751614633324
2016-01-01,0.0,1.8299999999999998,0.0,0.25117739403453687,0.1737363641775856,0.20347360481639987,0.0570053155254736,0.256,0.17720899996383999,0.20878468664876126,0.0581710406009963
2016-02-01,0.0,1.47,0.0,0.2507836990595611,0.22591413446856562,0.20304245033480983,0.100066824728827,0.25559105431309903,0.229242487276836,0.2083322507788437,0.10161819759896595
2016-03-01,0.0,1.5999999999999999,0.0,0.25039123630672927,0.20565418562396098,0.20902613226406264,0.09081941357781464,0.2551834130781499,0.20917792009630537,0.21419922635280642,0.09242320107580193
2016-04-01,0.0,1.58,0.0,0.25,0.2083057408151292,0.21845731530937323,0.10798566085447064,0.25477707006369427,0.21191727320774734,0.22344722081667012,0.10979484842239812
2016-05-01,0.0,1.54,0.0,0.24960998439937598,0.21407354983019788,0.21473674130144427,0.10889086383257174,0.2543720190779014,0.21770001950276424,0.21975849143523768,0.11079272776771265
2016-06-01,0.0,1.3699999999999999,0.0,0.24922118380062305,0.2407410842675034,0.21104044263250943,0.13168532887338746,0.25396825396825395,0.24424981127563067,0.2160877826601259,0.13372255130699878
2016-07-01,0.0,1.2,0.0,0.24883359253499224,0.2691829451813852,0.20093019431291803,0.14463809302467878,0.25356576862123614,0.27252016483795705,0.2060939347020836,0.14673380622499088
2016-08-01,0.0,1.26,0.0,0.2484472049689441,0.25856366160788236,0.21022129512487753,0.15206601446215784,0.25316455696202533,0.2620197139361351,0.21523038924388227,0.15418507938539083
2016-09-01,0.0,1.3399999999999999,0.0,0.24806201550387597,0.2448250057228718,0.2131170492953739,0.1428212956491987,0.2527646129541864,0.24841800538897207,0.21805657446555538,0.14498223092644474
2016-10-01,0.0,1.43,0.0,0.2476780185758514,0.22983692880193157,0.2160529022201304,0.13211912846276097,0.25236593059936907,0.2335339579477374,0.22092149478182826,0.13431431137782157
2016-11-01,0.0,1.6900000000000002,0.0,0.2472952086553323,0.19001134944720166,0.20900801313901934,0.08204487203557415,0.25196850393700787,0.19383704599051477,0.21395191682225245,0.08402971312216212
2016-12-01,0.0,1.9800000000000002,0.0,0.24691358024691357,0.15090280622982982,0.19885516417126708,0.04270369545155624,0.25157232704402516,0.15469768582731575,0.20390088644762605,0.044213979459046045
2017-01-01,0.0,1.9200000000000002,0.0,0.2465331278890601,0.15812480147282582,0.19844505757470282,0.04733040667081304,0.25117739403453687,0.16192743853282898,0.20347360481639987,0.04890950487783285
2017-02-01,0.0,1.9,0.0,0.24615384615384617,0.16033500281215585,0.20126307390340697,0.05168081807356037,0.2507836990595611,0.16416759627371863,0.20622972015688934,0.05340514839478167
2017-03-01,0.0,1.74,0.0,0.2457757296466974,0.18150261265375572,0.19443582269537296,0.060376207154780835,0.25039123630672927,0.18540361445149156,0.19945378282184734,0.0623213950586972
2017-04-01,0.0,1.4999999999999998,0.0,0.24539877300613497,0.2166217805829675,0.19403866343617932,0.08834927310205626,0.25,0.22054736779228556,0.19902264100983635,0.09073911853721278
2017-05-01,0.0,1.4099999999999997,0.0,0.2450229709035222,0.23050447114023537,0.1968407915901444,0.10586770106637755,0.24960998439937598,0.23450565331754564,0.20176928465797705,0.10855396249263027
2017-06-01,0.0,1.21,0.0,0.24464831804281345,0.26358271569805547,0.19967801819801662,0.1460603363043933,0.24922118380062305,0.2676995208202355,0.20455060712979334,0.14922145962929295
2017-07-01,0.0,1.2499999999999998,0.0,0.24427480916030533,0.2561986499091434,0.1992807266824183,0.1380098155477707,0.24883359253499224,0.26056338608650165,0.20413351390212942,0.14142771970424195
2017-08-01,0.0,1.2,0.0,0.24390243902439024,0.2643444440094157,0.2021603851171661,0.15368543328928136,0.2484472049689441,0.26889569182557627,0.20695295043671347,0.15744811102526768
2017-09-01,0.0,1.1700000000000002,0.0,0.243531202435312,0.2691267939914646,0.20177337458083094,0.15936106971462405,0.24806201550387597,0.2738655848434963,0.20654203298270934,0.16341763018499045
2017-10-01,0.0,1.2899999999999998,0.0,0.24316109422492402,0.24807347163136112,0.19811435129148658,0.1294691592078745,0.2476780185758514,0.25288734851020467,0.20288825690251766,0.13352613541646802
2017-11-01,0.0,1.12,0.0,0.24279210925644917,0.2771745273584557,0.19448248756566883,0.15530551945434035,0.2472952086553323,0.28216497185878775,0.19926353620654053,0.1597227468029926
2017-12-01,0.0,1.0799999999999998,0.0,0.24242424242424243,0.28406283494492063,0.19408986896350167,0.16336338205181877,0.24691358024691357,0.2890645222848568,0.19885516417126708,0.16781240630350547
2018-01-01,0.0,1.1700000000000002,0.0,0.24205748865355523,0.2677344283846907,0.19369884377921026,0.1449691264739138,0.2465331278890601,0.2726601421822325,0.19844505757470282,0.1492477450776798
2018-02-01,0.0,1.2899999999999998,0.0,0.24169184290030213,0.24677967136308354,0.196563654760962,0.12855737952706092,0.24615384615384617,0.25152361976909676,0.20126307390340697,0.13252739878586922
2018-03-01,0.0,1.14,0.0,0.24132730015082957,0.2723748925680103,0.19617779100423016,0.15710776025557943,0.2457757296466974,0.2771383956889014,0.20086213820832283,0.16121898634822462
2018-04-01,0.0,1.11,0.0,0.24096385542168675,0.2773140219605712,0.19908605362183918,0.17009410675073977,0.24539877300613497,0.28209382737602184,0.20372962598431088,0.17420627685108303
2018-05-01,0.0,1.1199999999999999,0.0,0.24060150375939848,0.2750943888584505,0.18892090643246434,0.1470839615339986,0.2450229709035222,0.27989334648944086,0.19364047989221111,0.1511379890797822
2018-06-01,0.0,1.0100000000000002,0.0,0.24024024024024024,0.2945468598145946,0.19833037671455417,0.19174761272213203,0.24464831804281345,0.2994162996314118,0.20294408637625,0.19595465466292838
2018-07-01,0.0,0.9300000000000002,0.0,0.239880059970015,0.30895672878657243,0.1913871473641387,0.19445813360438802,0.24427480916030533,0.3138023631898537,0.19604339221368605,0.1987003087699481
2018-08-01,0.0,0.8600000000000003,0.0,0.23952095808383234,0.3217295458155483,0.19758187386555537,0.22774393260251796,0.24390243902439024,0.3265869163517738,0.2021603851171661,0.2319483742388107
2018-09-01,0.0,0.8700000000000001,0.0,0.23916292974588937,0.3192746030599254,0.18739622506819342,0.19981962901102845,0.243531202435312,0.32418872337685484,0.1920502520204223,0.20414252657055093
2018-10-01,0.0,0.8999999999999999,0.0,0.23880597014925373,0.31308295720476886,0.19683903150708904,0.2165897840667949,0.24316109422492402,0.31803204197901036,0.20138909546881884,0.2208387059059636
2018-11-01,0.0,0.79,0.0,0.23845007451564829,0.3336342294400708,0.19646883511602165,0.24479398593780938,0.24279210925644917,0.33882738530402734,0.2010037509905806,0.2492521988238745
2018-12-01,0.0,0.45999999999999996,0.0,0.23809523809523808,0.3992875757425145,0.2028299304056358,0.3625925907093064,0.24242424242424243,0.4049398195852443,0.20727465847940102,0.3669100763329294
2019-01-01,0.0,0.33999999999999986,0.0,0.237741456166419,0.4236400569177805,0.2093412541709742,0.42386266496308206,0.24205748865355523,0.42969049273297294,0.2136899455576724,0.42793959519520886
2019-02-01,0.0,0.29000000000000004,0.0,0.23738872403560832,0.433617784358982,0.20898712227137706,0.440450648718555,0.24169184290030213,0.43999015080705944,0.21331965824883575,0.4446373170906345
2019-03-01,1.0,0.16999999999999993,0.0,0.23703703703703705,0.45833608681636206,0.20517491665631205,0.4695798216812446,0.24132730015082957,0.4651097289135126,0.20953195299298472,0.47391231883784096
2019-04-01,1.0,0.1499999999999999,0.0,0.23668639053254437,0.4619247182062659,0.19464126532729858,0.44162946163793393,0.24096385542168675,0.46897838975057266,0.19908605362183918,0.4467372155886259
2019-05-01,1.0,0.04999999999999982,0.0,0.2363367799113737,0.4825340069578189,0.18766177175760407,0.4524582661875727,0.24060150375939848,0.4898356116377312,0.19214949440480034,0.4578207582052408
2019-06-01,1.0,-0.10000000000000009,0.0,0.2359882005899705,0.5137185142242104,0.18729846244533577,0.5034074165131,0.24024024024024024,0.5212232719190423,0.19176757264230415,0.5085063180866769
2019-07-01,1.0,-0.040000000000000036,0.0,0.23564064801178203,0.500096440569179,0.19356086707067538,0.5052019150096599,0.239880059970015,0.5078840488424625,0.19795504563089245,0.510386156442847
2019-08-01,1.0,-0.32000000000000006,0.0,0.23529411764705882,0.5585013468553968,0.19320417790342231,0.5999320052549828,0.23952095808383234,0.566691086454149,0.19758187386555537,0.604501682805361
2019-09-01,1.0,-0.18999999999999995,0.0,0.23494860499265785,0.530105664795501,0.18951174264167508,0.5438374937473787,0.23916292974588937,0.5385936375568147,0.1939047855039442,0.5493714711648993
2019-10-01,1.0,0.06000000000000005,0.0,0.23460410557184752,0.4761797759657932,0.1891557397409407,0.4570171997094799,0.23880597014925373,0.48482804777828936,0.19353116525364522,0.46365451608068253
2019-11-01,1.0,0.27,0.0,0.2342606149341142,0.4310068266841002,0.19214085757903915,0.39637694024846226,0.23845007451564829,0.4396137717886828,0.19646883511602165,0.40354000051604444
2019-12-01,1.0,0.32000000000000006,0.0,0.23391812865497075,0.4193489555645855,0.19516779336099416,0.3895893730397416,0.23809523809523808,0.4284267415367671,0.19944791806259826,0.39748544858804113
2020-01-01,1.0,0.24,0.0,0.23357664233576642,0.43456172928664866,0.19482131669400715,0.41463366118730804,0.237741456166419,0.4446624544488228,0.1990835411907697,0.4237983727483836
2020-02-01,1.0,-0.020000000000000018,0.0,0.23323615160349853,0.48744273334447263,0.1910975920711383,0.48972526804372035,0.23738872403560832,0.4993990935845484,0.19536735171783465,0.5008205676419414
2020-03-01,1.0,0.5800000000000001,1.0,0.23435225618631733,0.36562862651924644,0.22045349062755626,0.38072834136844924,0.23703703703703705,0.37308336029962413,0.22281134498271254,0.3875815878088683
2020-04-01,0.0,0.52,1.0,0.23546511627906977,0.37933865607881007,0.7252637803720076,0.9987372680059298,0.23668639053254437,0.3846690356910908,0.7239947092458854,0.998637579013533
2020-05-01,0.0,0.54,0.0,0.2365747460087083,0.37694598338214585,0.9611343789672913,0.9999999973276803,0.2363367799113737,0.37999164944056574,0.9620934327045505,0.999999996421423
2020-06-01,0.0,0.57,0.0,0.23768115942028986,0.3724461178240392,0.9944356502655236,0.9999999999999951,0.2359882005899705,0.3732399629051533,0.9950960682370776,0.999999999999992
2020-07-01,0.0,0.49,0.0,0.23878437047756873,0.3904868182078948,0.9757176731711885,0.9999999999540558,0.23564064801178203,0.38877842008784647,0.9786535236805595,0.9999999999338963
2020-08-01,0.0,0.55,0.0,0.2398843930635838,0.37964104904657214,0.9178092054436253,0.9999997642355458,0.23529411764705882,0.3757932565828926,0.925601828018798,0.9999996929716212
2020-09-01,0.0,0.5700000000000001,0.0,0.240981240981241,0.37703756697183355,0.842183364162597,0.999978715128339,0.23494860499265785,0.3709996907237445,0.8543485109429596,0.9999739089813209
2020-10-01,0.0,0.6900000000000001,0.0,0.2420749279538905,0.3538842523645445,0.7292988049155587,0.9987628515447866,0.23460410557184752,0.34642182235977537,0.7429485446275781,0.9985841606007524
2020-11-01,0.0,0.78,0.0,0.24316546762589927,0.33709364602843983,0.6587896835513684,0.9929015509256199,0.2342606149341142,0.32819191667623715,0.6717969091534988,0.9921215975227006
2020-12-01,0.0,0.8400000000000001,0.0,0.2442528735632184,0.32643392837117624,0.6101777560482774,0.9812540907779047,0.23391812865497075,0.315850448509429,0.621797405318737,0.9793583649684638
2021-01-01,0.0,1.0,0.0,0.24533715925394547,0.2963764050923866,0.5872449190258789,0.9636752375638051,0.23357664233576642,0.28546457403154546,0.5982582189344979,0.9602369399435948
2021-02-01,0.0,1.22,0.0,0.24641833810888253,0.2564644654872615,0.5641318270300748,0.9273075849487922,0.23323615160349853,0.24660070452143484,0.5742946541825678,0.921439578179974
2021-03-01,0.0,1.58,0.0,0.2474964234620887,0.19713014267308943,0.5019495069320687,0.7663757333661182,0.23435225618631733,0.19132122376933486,0.5058658667575119,0.7580076202756888
2021-04-01,0.0,1.6199999999999999,0.0,0.24714285714285714,0.19057596638555852,0.2015387584340485,0.07596771237049489,0.23546511627906977,0.1860938946618566,0.18405148092819368,0.0642473773808544
2021-05-01,0.0,1.6,0.0,0.24679029957203993,0.19318693397684372,0.2044512611226495,0.0985617294489351,0.2365747460087083,0.18941911018811874,0.18239961734405113,0.06304345177560709
2021-06-01,0.0,1.48,0.0,0.24643874643874644,0.21150110258800314,0.2166169168797465,0.1467422911585486,0.23768115942028986,0.20778493802063047,0.19040983254822047,0.08607549319807695
2021-07-01,0.0,1.27,0.0,0.2460881934566145,0.24613727691646958,0.21049141566385565,0.1756486084238606,0.23878437047756873,0.24228564352355214,0.17606009551057172,0.09248677527123983
2021-08-01,0.0,1.23,0.0,0.24573863636363635,0.2525549869864478,0.21286412846417369,0.18811882880818676,0.2398843930635838,0.24976003842457434,0.17755670356610553,0.09863985937765118
2021-09-01,0.0,1.33,0.0,0.2453900709219858,0.2346840609785507,0.20617935135830234,0.162170098683656,0.240981240981241,0.23346329994238646,0.16417678732465435,0.06398532236194361
2021-10-01,0.0,1.53,0.0,0.24504249291784702,0.201753306436169,0.2119044568013338,0.14191418703541658,0.2420749279538905,0.20194783516879838,0.1745718777299517,0.053794566259600635
2021-11-01,0.0,1.51,0.0,0.2446958981612447,0.2044280488175647,0.21096996751316682,0.14370497865175502,0.24316546762589927,0.20566349295507552,0.1730951782667054,0.05290209647107044
2021-12-01,0.0,1.41,0.0,0.2443502824858757,0.21992377227659998,0.21440070018225577,0.16334488672358194,0.2442528735632184,0.22238504913010404,0.1805146008775258,0.07126662861168682
2022-01-01,0.0,1.61,0.0,0.24400564174894218,0.18838680858997864,0.21912068616758418,0.14145108935821304,0.24533715925394547,0.19144249133100522,0.19112698217517837,0.06000226706776942
2022-02-01,0.0,1.5999999999999999,0.0,0.24366197183098592,0.1895013222897275,0.2236431193864315,0.14909141873612114,0.24641833810888253,0.1933549171872877,0.2020115138793957,0.07254778882492614
2022-03-01,0.0,1.69,0.0,0.24331926863572434,0.17606249626708065,0.22360449650105962,0.13663296372650652,0.2474964234620887,0.18055407263664308,0.20316953370671592,0.062363783898210776
2022-04-01,0.0,1.99,0.0,0.24297752808988765,0.13635006259370935,0.22176601665916895,0.0987786913072603,0.24714285714285714,0.1396935055867452,0.20153875843404856,0.04038519742322158
2022-05-01,0.0,1.92,0.0,0.2426367461430575,0.14464592053966357,0.22136097445511654,0.1061048327274971,0.24679029957203993,0.1482480742903447,0.20708856907143935,0.06555105563451655
2022-06-01,0.0,1.6500000000000001,0.0,0.242296918767507,0.18082420154401418,0.22386113775888966,0.1430070506232735,0.24643874643874644,0.18526051333192706,0.2188021835487362,0.12487041745395427
2022-07-01,0.0,0.6699999999999999,0.0,0.24195804195804196,0.35445470086620523,0.22200374093619113,0.3158953515542904,0.2460881934566145,0.36142975671170535,0.2199666940682617,0.3140370246781238
2022-08-01,0.0,0.27,0.0,0.24162011173184358,0.4387845086469378,0.22452694381487381,0.4134255368500761,0.24573863636363635,0.445858195341805,0.22519131517450008,0.41957381865047466
2022-09-01,0.0,0.3900000000000001,0.0,0.2412831241283124,0.41242433347145324,0.2226519879318603,0.38132481588810935,0.2453900709219858,0.4187453825282713,0.22426325509569667,0.386054755764167
2022-10-01,0.0,0.2599999999999998,0.0,0.24094707520891365,0.4402275528980063,0.22521180018980297,0.4185191703798813,0.24504249291784702,0.44596190462269736,0.22791970037217912,0.4242201006426755
2022-11-01,0.0,-0.26000000000000023,0.0,0.24061196105702365,0.5540714307297218,0.22482151498234831,0.5444544984879742,0.2446958981612447,0.558844508817476,0.22804099446477533,0.550052183002389
2022-12-01,0.0,-0.6299999999999999,0.0,0.24027777777777778,0.6329036855767876,0.2244360653869475,0.6321063360423843,0.2443502824858757,0.6365222735205216,0.2280782234346081,0.6362466256585425
2023-01-01,0.0,-1.0100000000000002,0.0,0.23994452149791956,0.7086049064625219,0.22255978555594452,0.7126210213181082,0.24400564174894218,0.7109477732949947,0.2265736068777653,0.7149316697990717
2023-02-01,0.0,-0.9000000000000004,0.0,0.23961218836565096,0.6873178271295445,0.22218424191473163,0.6891574809502687,0.24366197183098592,0.6895246080337943,0.22657709494779465,0.6910168000099512
2023-03-01,0.0,-1.0300000000000002,0.0,0.2392807745504841,0.7123169687905352,0.22181000033791243,0.7167420439563377,0.24331926863572434,0.7142061812701084,0.22649007040395946,0.7181929322611079
2023-04-01,0.0,-1.46,0.0,0.23895027624309392,0.7878229916421579,0.21993303994582997,0.7963606064581235,0.24297752808988765,0.7887958964773338,0.22464870178636764,0.7968888202739954
2023-05-01,0.0,-1.5699999999999998,0.0,0.2386206896551724,0.8052337219434504,0.22106136137348448,0.8174819217466367,0.2426367461430575,0.8058778392593139,0.22570507979555193,0.8176439053969486
2023-06-01,0.0,-1.4100000000000001,0.0,0.23829201101928374,0.7798762659718377,0.2222075729964071,0.792915958537888,0.242296918767507,0.7806291451053344,0.2267803724008901,0.7931617313451345
2023-07-01,0.0,-1.35,0.0,0.23796423658872076,0.7687952369819782,0.2233655859873458,0.7838974995697892,0.24195804195804196,0.7704323910223709,0.22786134081553727,0.7849214827875519
2023-08-01,0.0,-1.13,0.0,0.23763736263736263,0.7281047462721237,0.2245400928182404,0.7432967461970699,0.24162011173184358,0.7316669642389826,0.22895893130002942,0.7462080812174638
2023-09-01,0.0,-0.9400000000000004,0.0,0.23731138545953362,0.6905155051534221,0.22572644912115652,0.7059304606318492,0.2412831241283124,0.695760851951613,0.23006835749846066,0.7104966480934222
2023-10-01,0.0,-0.54,0.0,0.236986301369863,0.6071262200589302,0.23161488125759577,0.6285866641129373,0.24094707520891365,0.6145198261735916,0.23574717596080547,0.6351539939810479
2023-11-01,0.0,-0.7699999999999996,0.0,0.23666210670314639,0.651559805695521,0.23127787179625847,0.6771205121905048,0.24061196105702365,0.6618745258028147,0.23539608302047377,0.6864944863623291
2023-12-01,0.0,-1.2200000000000006,0.0,0.23633879781420766,0.7329195002566741,0.23252172577584818,0.7666045255457237,0.24027777777777778,0.7471373829556432,0.23658436705910202,0.779334425779242
2024-01-01,0.0,-1.1600000000000001,0.0,0.23601637107776263,0.7161044514000044,0.2290301591897257,0.7436311341232644,0.23994452149791956,0.7363856577657917,0.23316087052124823,0.7628380624575203
2024-02-01,0.0,-1.0300000000000002,0.0,0.2356948228882834,0.6866221579429083,0.23185893090438187,0.7187779955225583,0.23961218836565096,0.7123227182536502,0.23589709356765687,0.7433388331929713
2024-03-01,0.0,-1.0300000000000002,0.0,0.23537414965986395,0.6807680640179613,0.23312404134512094,0.716004534407863,0.2392807745504841,0.7123169687905352,0.2371105525197693,0.7462644576227975
2024-04-01,0.0,-0.7000000000000002,0.0,0.23505434782608695,0.6095733046800967,0.23601359722949217,0.6467992787972032,0.23895027624309392,0.6471683024443401,0.2399100309422108,0.6838536263451248
2024-05-01,0.0,-0.7699999999999996,0.0,0.23473541383989144,0.615838714861402,0.2356949166340115,0.6538527717933373,0.2386206896551724,0.6615418828488464,0.23958233932674233,0.6990982271423662
2024-06-01,0.0,-0.9300000000000006,0.0,0.23441734417344173,0.6395783315611367,0.23699862023210327,0.682809819110619,0.23829201101928374,0.6933274251150616,0.24083798949321777,0.7354097785124968
2024-07-01,0.0,-0.9500000000000002,0.0,0.23410013531799728,0.6367970704040651,0.2399508104967656,0.6865457959336765,0.23796423658872076,0.6960643403931775,0.24370857725090572,0.7443428743647126
2024-08-01,0.0,-1.1799999999999997,0.0,0.23378378378378378,0.6727578207827851,0.2429364327551805,0.7303151285231114,0.23763736263736263,0.7371984497312185,0.24661372638121187,0.7912471877550018
2024-09-01,0.0,-0.9999999999999996,0.0,0.23346828609986506,0.635609333965366,0.2409734248587887,0.6889282272860212,0.23731138545953362,0.7020839413818584,0.24468810723270856,0.7539489475734905
2024-10-01,0.0,-0.41000000000000014,0.0,0.23315363881401618,0.5214647748394518,0.2340964954815999,0.5516867973714441,0.236986301369863,0.5793955216385809,0.23794730776597278,0.6121804733398182
2024-11-01,0.0,-0.05999999999999961,0.0,0.23283983849259757,0.45155663313320127,0.23377487455384288,0.47373790413329037,0.23666210670314639,0.5005382180416835,0.23762168936277733,0.5257560958826121
2024-12-01,0.0,0.1200000000000001,0.0,0.2325268817204301,0.41443734817670047,0.23345309360126726,0.4320346448413921,0.23633879781420766,0.458252968608141,0.23729705677937668,0.47893481979686325
2025-01-01,0.0,0.41999999999999993,0.0,0.23221476510067113,0.35789463780839004,0.2315079861847597,0.3650211390241871,0.23601637107776263,0.3914766720129138,0.23537357589109287,0.40086060349047353
2025-02-01,0.0,0.23000000000000043,0.0,0.23190348525469168,0.3888113534791901,0.2279528670087127,0.39296352350857633,0.2356948228882834,0.42779336524814227,0.2318589309043818,0.43458305907760814
2025-03-01,0.0,0.08000000000000007,0.0,0.23159303882195448,0.4126979782681739,0.22763205519485435,0.41978699815157067,0.23537414965986395,0.455330437260543,0.23152907804298062,0.46558125424332164
2025-04-01,0.0,0.07000000000000028,0.0,0.23128342245989306,0.41215717670038193,0.22731179489476744,0.4192268166395535,0.23505434782608695,0.4524938059261834,0.23120053479726071,0.4627016852191628
2025-05-01,0.0,0.16999999999999993,0.0,0.23097463284379172,0.39235808364915986,0.2286059467373548,0.40053379463497696,0.23473541383989144,0.42743190662895303,0.2324739759815449,0.4385120693927692
2025-06-01,0.0,0.14999999999999947,0.0,0.23066666666666666,0.39336369002148663,0.2234674412700281,0.391445321465457,0.23441734417344173,0.42721908282243753,0.22735635982703584,0.4278081502928178
2025-07-01,0.0,0.13999999999999968,0.0,0.2303595206391478,0.39261802247320976,0.21997420643379445,0.38388818389105994,0.23410013531799728,0.4252163006354233,0.22385622442702868,0.4187101284639236
2025-08-01,0.0,0.13999999999999968,0.0,0.2300531914893617,0.389853226197439,0.21808720033727352,0.3775229287736654,0.23378378378378378,0.4218223788623369,0.22194513857353504,0.4116170381597649
2025-09-01,,0.20000000000000018,0.0,0.2297476759628154,0.3774791778022566,0.22252526684102314,0.37384736409210495,0.23346828609986506,0.4075643724515577,0.2263665926987653,0.40646257617118264
2025-10-01,,0.23999999999999977,0.0,0.22944297082228116,0.3693549234359488,0.22460564893650292,0.369835749293174,0.23315363881401618,0.3979888515263398,0.228440452316456,0.40111283651502366
2025-11-01,,0.31000000000000005,0.0,0.22913907284768212,0.3568606004864133,0.22750638651493332,0.3625108642836985,0.23283983849259757,0.3828118060279482,0.23134018354763197,0.3911437677489436
2025-12-01,,0.5499999999999998,0.0,0.22883597883597884,0.3182800763506821,0.22719251188090173,0.31945930940326595,0.2325268817204301,0.3376977015192678,0.23101761445954627,0.34059191744532336
2026-01-01,,0.6400000000000001,0.0,0.2285336856010568,0.30397036700806906,0.22446732078796583,0.29900827139377295,0.23221476510067113,0.32038484872748174,0.2282743825602413,0.3165184423828455
2026-02-01,,0.5299999999999998,0.0,0.22823218997361477,0.31984175148440736,0.2225553875193177,0.3135301753560112,0.23190348525469168,0.3369249149769503,0.22634516661936704,0.3317507223528166
2026-03-01,,0.6400000000000001,0.0,0.22793148880105402,0.3024130903666631,0.2190618356175445,0.2883909147779996,0.23159303882195448,0.3168376783677152,0.22282775000446353,0.3033353604755262
2026-04-01,,0.7100000000000004,0.0,0.22763157894736843,0.2913170779348273,0.21559392232088992,0.2705617928145074,0.23128342245989306,0.3041875117636941,0.2193390709262869,0.28352919043967095
2026-05-01,,0.8800000000000003,0.0,0.22733245729303547,0.26641610518043424,0.21371577512489026,0.24123713025738241,0.23097463284379172,0.2766339372453247,0.21744719638961724,0.2511888136144653
2026-06-01,,0.8099999999999996,0.0,0.22703412073490814,0.27557638825235087,0.2118400483295068,0.24821000028271906,0.23066666666666666,0.2859825460301588,0.21556551718027944,0.25838717332537375
2026-07-01,,0.8699999999999997,0.0,0.22673656618610746,0.2665305254916672,0.2068719761195953,0.230653210967441,0.2303595206391478,0.27575725921236377,0.21059814323313464,0.2394187797030296
2026-08-01,,0.9599999999999995,0.0,0.22643979057591623,0.25362670351478545,,,0.2300531914893617,0.26149248533281494,,
