ticker,close_time,price,spread,outcome,p_bias,p_logit+platt,p_market
KXATPCHALLENGERMATCH-26AUG23GUIFEN-FEN,2026-08-25 00:14:57+00:00,0.595,0.05,1,0.587871377207156,0.6003953621314305,0.595
KXBRASILEIROBGAME-26AUG24ATHGRN-TIE,2026-08-25 00:33:35+00:00,0.305,0.01,0,0.2597347103980153,0.24861544436672559,0.305
KXBRASILEIROBTOTAL-26AUG24RECAMG-3,2026-08-25 00:35:45+00:00,0.485,0.03,1,0.43300006437384425,0.46981645237001324,0.485
KXARGNACBGAME-26AUG22FCOABO-FCO,2026-08-25 01:03:32+00:00,0.595,0.03,1,0.587871377207156,0.536057860730728,0.595
KXNCAAMSOCCERGAME-26AUG24OLDELO-ELO,2026-08-25 01:12:38+00:00,0.465,0.89,0,0.4066429313758215,0.3619376961489374,0.465
KXNCAAMSOCCERGAME-26AUG24FURUNC-FUR,2026-08-25 01:12:39+00:00,0.465,0.89,0,0.4066429313758215,0.36193559553265653,0.465
KXNCAAMSOCCERGAME-26AUG24SOUUSC-USC,2026-08-25 02:07:25+00:00,0.46,0.9,0,0.40005364812631583,0.3591903487940447,0.46
KXNCAAMSOCCERGAME-26AUG24JMDGWR-GWR,2026-08-25 02:07:27+00:00,0.465,0.89,0,0.4066429313758215,0.3656927084863584,0.465
KXNCAAMSOCCERGAME-26AUG24DETADR-ADR,2026-08-25 02:07:28+00:00,0.045,0.07,1,0.02728217310998703,0.023065869094094815,0.045
KXWNBAGAME-26AUG24GSMIN-GS,2026-08-25 02:15:04+00:00,0.335,0.01,1,0.28327358624682536,0.2957860755835474,0.335
KXWNBATOTAL-26AUG24GSMIN-168,2026-08-25 02:15:07+00:00,0.33,0.02,0,0.2793504402720237,0.30826326319416236,0.33
KXWNBA2HWINNER-26AUG24GSMIN-MIN,2026-08-25 02:15:25+00:00,0.6,0.54,0,0.595309838857592,0.5384024182700895,0.6
KXLNBPGAME-26AUG242115ASTCAL-AST,2026-08-25 03:20:01+00:00,0.725,0.03,1,0.7164886291756525,0.7390668604552164,0.725
KXNETFLIXRANKMOVIERUNNERUP-26AUG24-DON,2026-08-25 03:59:00+00:00,0.015,0.01,0,0.0001,0.005869732853755935,0.015
KXNETFLIXRANKMOVIERUNNERUP-26AUG24-THED,2026-08-25 03:59:00+00:00,0.025,0.0099999999999999,0,0.008342072403273759,0.009081960267848903,0.025
KXRAIN-26AUG24-PHIL,2026-08-25 04:00:00+00:00,0.1649999999999999,0.09,0,0.12933575491503418,0.13142037644911647,0.1649999999999999
KXMLBGAME-26AUG242138CLELAA-CLE,2026-08-25 04:20:34+00:00,0.605,0.01,1,0.602748300508028,0.6065678961791311,0.605
KXNCAAMSOCCERGAME-26AUG24UCLCBR-UCL,2026-08-25 04:42:18+00:00,0.46,0.9,0,0.40005364812631583,0.3623234430105916,0.46
KXHIGHMIA-26AUG24-B90.5,2026-08-25 05:00:00+00:00,0.1699999999999999,0.0199999999999999,1,0.13450790362112391,0.13506441143687228,0.1699999999999999
KXHIGHMIA-26AUG24-B92.5,2026-08-25 05:00:00+00:00,0.675,0.01,0,0.6815275778600138,0.6892567894104544,0.675
KXHIGHMIA-26AUG24-B94.5,2026-08-25 05:00:00+00:00,0.135,0.01,0,0.10154862248247448,0.10422074772964134,0.135
KXHIGHPHIL-26AUG24-B80.5,2026-08-25 05:00:00+00:00,0.13,0.0399999999999999,0,0.09782279789618249,0.09981175825560328,0.13
KXHIGHPHIL-26AUG24-B82.5,2026-08-25 05:00:00+00:00,0.405,0.0099999999999999,1,0.34618738489506096,0.39266802308746496,0.405
KXHIGHTBOS-26AUG24-B85.5,2026-08-25 05:00:00+00:00,0.185,0.01,1,0.1500243497393932,0.14915170121686433,0.185
KXHIGHTBOS-26AUG24-T86,2026-08-25 05:00:00+00:00,0.03,0.02,0,0.01248089983115282,0.01641703177038485,0.03
KXLOWTATL-26AUG24-B64.5,2026-08-25 05:00:00+00:00,0.015,0.01,0,0.0001,0.007331265703540424,0.015
KXLOWTMIA-26AUG24-B79.5,2026-08-25 05:00:00+00:00,0.285,0.29,0,0.2440421264988086,0.25074122879437477,0.285
KXLOWTPHIL-26AUG24-B61.5,2026-08-25 05:00:00+00:00,0.04,0.02,0,0.022176730359091266,0.02469097547414953,0.04
KXMLBGAME-26AUG242140PITSD-PIT,2026-08-25 05:59:44+00:00,0.505,0.01,1,0.45935719737186703,0.501546334025319,0.505
KXHIGHTDAL-26AUG24-T106,2026-08-25 06:00:00+00:00,0.135,0.05,0,0.10154862248247448,0.09824461810425725,0.135
KXHIGHTNOLA-26AUG24-B93.5,2026-08-25 06:00:00+00:00,0.255,0.01,0,0.22050325064999857,0.2203368732436773,0.255
KXHIGHTOKC-26AUG24-T104,2026-08-25 06:00:00+00:00,0.415,0.07,0,0.3555283098536656,0.370537226379101,0.415
KXLOWTAUS-26AUG24-B72.5,2026-08-25 06:00:00+00:00,0.145,0.19,0,0.10900027165505843,0.09823338864220035,0.145
KXLOWTAUS-26AUG24-T79,2026-08-25 06:00:00+00:00,0.035,0.03,0,0.017071287608195502,0.018844326042662785,0.035
KXLOWTDAL-26AUG24-B80.5,2026-08-25 06:00:00+00:00,0.055,0.0699999999999999,0,0.03749305861177857,0.03251129325128055,0.055
KXLOWTHOU-26AUG24-B77.5,2026-08-25 06:00:00+00:00,0.615,0.09,1,0.6176252238089,0.6025957468288917,0.615
KXLOWTNOLA-26AUG24-B78.5,2026-08-25 06:00:00+00:00,0.5449999999999999,0.0899999999999999,0,0.5134867607027962,0.525235076307827,0.5449999999999999
KXLOWTSATX-26AUG24-B73.5,2026-08-25 06:00:00+00:00,0.205,0.03,0,0.17071294456375208,0.15822845832910284,0.205
KXWTAMATCH-26AUG23PARVEK-PAR,2026-08-25 06:01:19+00:00,0.405,0.0099999999999999,1,0.34618738489506096,0.3899096790689372,0.405
KXHIGHDEN-26AUG24-B87.5,2026-08-25 07:00:00+00:00,0.02,0.0199999999999999,0,0.004203244975394692,0.010046637421387256,0.02
KXHIGHTPHX-26AUG24-B110.5,2026-08-25 07:00:00+00:00,0.415,0.01,0,0.3555283098536656,0.4081861095603889,0.415
KXHIGHTSAN-26AUG24-B84.5,2026-08-25 08:00:00+00:00,0.41,0.66,0,0.35085784737436326,0.20751786652412435,0.41
KXLOWTLV-26AUG24-B77.5,2026-08-25 08:00:00+00:00,0.015,0.01,0,0.0001,0.00730782710829794,0.015
KXDARTSMATCH-26AUG250515DVANJSMI-DVAN,2026-08-25 09:30:38+00:00,0.49,0.92,1,0.43958934762334995,0.38727956492600174,0.49
KXITFMATCH-26AUG24MILLOP-LOP,2026-08-25 10:46:59+00:00,0.6950000000000001,0.0299999999999999,0,0.6955119983862693,0.7123363457666212,0.6950000000000001
KXNPBRFI-26AUG250500FUKCHI-Y,2026-08-25 11:30:31+00:00,0.36,0.2,1,0.3041532225813399,0.22789245266740865,0.36
KXNPBTOTAL-26AUG250500TOHORI-6,2026-08-25 12:00:49+00:00,0.54,0.28,1,0.5060482990523605,0.3485408273482543,0.54
KXCS2MAP-26AUG250630FAZEUNRT-2-RT,2026-08-25 12:10:26+00:00,0.475,0.87,0,0.41982149787483286,0.37789325280612,0.475
KXKBOGAME-26AUG250530DOOKTW-KTW,2026-08-25 12:24:40+00:00,0.575,0.01,0,0.5581175306054121,0.5769423344112098,0.575
KXKLEAGUEBTTS-26AUG25GISJEO-BTTS,2026-08-25 12:34:49+00:00,0.54,0.02,0,0.5060482990523605,0.5329867476593102,0.54
KXKLEAGUESPREAD-26AUG25GISJEO-JEO3,2026-08-25 12:34:54+00:00,0.07,0.02,0,0.05280938686446588,0.045861542887455954,0.07
KXKLEAGUETOTAL-26AUG25GISJEO-1,2026-08-25 12:34:57+00:00,0.925,0.01,0,0.9714229056237705,0.9395103629825725,0.925
KXKLEAGUETOTAL-26AUG25GISJEO-5,2026-08-25 12:34:57+00:00,0.13,0.02,0,0.09782279789618249,0.09570201420159148,0.13
KXKLEAGUETOTAL-26AUG25GISJEO-6,2026-08-25 12:34:57+00:00,0.055,0.0099999999999999,0,0.03749305861177857,0.035732517040034203,0.055
KXDARTSMATCH-26AUG250850AHUNSBEA-AHUN,2026-08-25 12:49:56+00:00,0.625,0.5900000000000001,0,0.6325021471097718,0.5641682146938323,0.625
KXKBOGAME-26AUG250600LOTKIA-LOT,2026-08-25 12:54:50+00:00,0.485,0.01,0,0.43300006437384425,0.46262578882483635,0.485
KXPANAMAWEEKLY-26AUG23-T250,2026-08-25 13:00:00+00:00,0.055,0.0699999999999999,0,0.03749305861177857,0.0588219752420539,0.055
KXT20MATCH-26AUG250500ARIALL-ALL,2026-08-25 13:01:02+00:00,0.3399999999999999,0.1,0,0.28719673222162695,0.3051297620786983,0.3399999999999999
KXCS2MAP-26AUG250700EXZBLA-2-BLA,2026-08-25 13:25:13+00:00,0.42,0.1599999999999999,0,0.36019877233296793,0.4063083640402165,0.42
KXCS2GAME-26AUG250700UNITYLEO-UNITY,2026-08-25 13:30:16+00:00,0.58,0.02,0,0.5655559922558481,0.5915223011859757,0.58
KXNHSALES-26AUG25-T700000,2026-08-25 13:59:00+00:00,0.06,0.08,0,0.04259850136267433,0.02648599589619217,0.06
KXUSHOME-26AUG25-T395000,2026-08-25 13:59:00+00:00,0.78,0.04,0,0.7821510708737129,0.7108064097993727,0.78
KXYTVIEWSW-BAD26AUG23-32.5M,2026-08-25 14:00:00+00:00,0.025,0.0099999999999999,0,0.008342072403273759,0.013350990946166954,0.025
KXYTVIEWSW-DRA26AUG23-13.75M,2026-08-25 14:00:00+00:00,0.025,0.0099999999999999,0,0.008342072403273759,0.012596106125211051,0.025
KXCS2GAME-26AUG250800NEMI1WIN-1WIN,2026-08-25 14:50:01+00:00,0.55,0.02,1,0.5209252223532324,0.5220181962589315,0.55
KXCS2MAP-26AUG250400QUBLPH-1-LPH,2026-08-25 15:35:17+00:00,0.585,0.03,0,0.572994453906284,0.5922505266968731,0.585
KXCS2GAME-26AUG251000EXRG2A-G2A,2026-08-25 16:00:08+00:00,0.4599999999999999,0.0399999999999999,0,0.4000536481263157,0.44750204697051876,0.4599999999999999
KXATPCHALLENGERMATCH-26AUG23HERSAR-HER,2026-08-25 16:24:53+00:00,0.5700000000000001,0.0199999999999999,0,0.5506790689549763,0.5891137712586609,0.5700000000000001
KXWTAEXACTMATCH-26AUG24MANPEN-PEN21,2026-08-25 16:30:42+00:00,0.0849999999999999,0.0699999999999999,0,0.06429037661955457,0.06320898935046462,0.0849999999999999
KXLOLMAP-26AUG251200LLHMGZ-1-LLH,2026-08-25 16:50:22+00:00,0.455,0.83,1,0.39346436487681014,0.3488079890506141,0.455
KXATPMATCH-26AUG24OFNNIS-OFN,2026-08-25 16:55:49+00:00,0.515,0.01,0,0.4725357638708784,0.5144654252835655,0.515
KXATPEXACTMATCH-26AUG24SKAARN-ARN21,2026-08-25 16:59:09+00:00,0.18,0.04,0,0.14485220103330346,0.15434951502372846,0.18
KXATPEXACTMATCH-26AUG24SQUJOR-JOR20,2026-08-25 17:19:21+00:00,0.185,0.07,0,0.1500243497393932,0.16380858782066293,0.185
KXATPEXACTMATCH-26AUG24SQUJOR-JOR21,2026-08-25 17:19:21+00:00,0.14,0.0799999999999999,1,0.10527444706876647,0.11003372251762855,0.14
KXATPEXACTMATCH-26AUG24SHITAB-SHI20,2026-08-25 17:19:26+00:00,0.25,0.0799999999999999,1,0.2165801046751969,0.2324998651437447,0.25
KXATPGTOTAL-26AUG24SQUJOR-23,2026-08-25 17:19:36+00:00,0.495,0.05,1,0.44617863087285564,0.47944946774075775,0.495
KXATPGTOTAL-26AUG24SHITAB-29,2026-08-25 17:19:40+00:00,0.31,0.5,0,0.26365785637281697,0.18896377488681,0.31
KXATPGSPREAD-26AUG24SQUJOR-SQU4,2026-08-25 17:19:51+00:00,0.4,0.56,0,0.34151692241575865,0.33407311104308113,0.4
KXLOLTOTALMAPS-26AUG251230BRTESB-3,2026-08-25 17:20:19+00:00,0.44,0.66,0,0.37888062225017727,0.35273427240283994,0.44
KXLOLMAP-26AUG251100SUPCIFIC-3-PCIFIC,2026-08-25 17:30:31+00:00,0.42,0.0399999999999999,1,0.36019877233296793,0.4052812822612136,0.42
KXATPSETWINNER-26AUG24GIUDIM-1-GIU,2026-08-25 17:48:28+00:00,0.19,0.08,0,0.15519649844548292,0.15821429928322073,0.19
KXATPSETWINNER-26AUG24TOMHAR-1-TOM,2026-08-25 17:48:32+00:00,0.3249999999999999,0.07,0,0.27542729429722196,0.28935485175984554,0.3249999999999999
KXCS2MAP-26AUG251300BBPREV-1-REV,2026-08-25 17:55:13+00:00,0.52,0.1399999999999999,1,0.4791250471203841,0.4949651270568335,0.52
KXUCLTOTAL-26AUG25SBHHBS-2,2026-08-25 18:08:15+00:00,0.77,0.02,1,0.7669972750353279,0.7664039751034482,0.77
KXATPGTOTAL-26AUG24GIUDIM-20,2026-08-25 18:15:11+00:00,0.535,0.01,0,0.4988928968689012,0.5269869670972196,0.535
KXATPGTOTAL-26AUG24KWONLAJ-28,2026-08-25 18:21:17+00:00,0.28,0.48,1,0.24011898052400696,0.23041497452509407,0.28
KXWTAEXACTMATCH-26AUG24HAZDAR-DAR20,2026-08-25 18:21:27+00:00,0.76,0.04,0,0.7518434791969427,0.7808800163922704,0.76
KXWTI-26AUG2514-T84.49,2026-08-25 18:30:00+00:00,0.55,0.0399999999999999,0,0.5209252223532324,0.6175692657769559,0.55
KXWTI-26AUG2514-T90.99,2026-08-25 18:30:00+00:00,0.02,0.0199999999999999,0,0.004203244975394692,0.014285617873484596,0.02
KXCS2MAP-26AUG251300JUSDRI-2-JUS,2026-08-25 18:40:14+00:00,0.56,0.0399999999999999,1,0.5358021456541043,0.5601977336959172,0.56
KXLOLMAP-26AUG251400DYNBAN-1-DYN,2026-08-25 18:40:19+00:00,0.45,0.84,0,0.38822154720878194,0.3379829371043386,0.45
KXCYCLINGSTAGE-26VLTAS4-SKUS,2026-08-25 19:10:04+00:00,0.45,0.86,0,0.38822154720878194,0.17386442042105618,0.45
KXATPMATCH-26AUG24BOLLLA-BOL,2026-08-25 19:10:43+00:00,0.3,0.02,0,0.2558115644232136,0.29405992181606677,0.3
KXATPSETWINNER-26AUG24CHICOR-2-CHI,2026-08-25 19:13:43+00:00,0.7849999999999999,0.17,1,0.7897279687929053,0.8041265768929516,0.7849999999999999
KXATPEXACTMATCH-26AUG24CHICOR-COR20,2026-08-25 19:14:06+00:00,0.05,0.06,0,0.032387615860882804,0.026751415404637026,0.05
KXWTAEXACTMATCH-26AUG24LAMJON-LAM20,2026-08-25 19:14:14+00:00,0.2,0.0799999999999999,0,0.16554079585766238,0.16524957423115455,0.2
KXATPGSPREAD-26AUG24BOLLLA-LLA5,2026-08-25 19:14:31+00:00,0.3249999999999999,0.0499999999999999,0,0.27542729429722196,0.299544682979394,0.3249999999999999
KXLOLMAP-26AUG251330FSKDOC-1-FSK,2026-08-25 19:16:05+00:00,0.73,0.02,1,0.7199847343072164,0.7680150480131532,0.73
KXATPSETWINNER-26AUG24GEANAG-2-GEA,2026-08-25 19:29:18+00:00,0.72,0.02,1,0.7129925240440886,0.7232257145802484,0.72
KXATPEXACTMATCH-26AUG24GEANAG-GEA20,2026-08-25 19:29:50+00:00,0.5549999999999999,0.0499999999999999,1,0.5283636840036682,0.5197717450788117,0.5549999999999999
KXWTAGTOTAL-26AUG24RUSKOS-22,2026-08-25 19:30:12+00:00,0.27,0.3399999999999999,1,0.2322726885744036,0.2715618135034335,0.27
KXATPGSPREAD-26AUG24GEANAG-GEA5,2026-08-25 19:30:28+00:00,0.585,0.03,0,0.572994453906284,0.6117926120504439,0.585
KXATPEXACTMATCH-26AUG24ROCMMO-MMO21,2026-08-25 19:38:32+00:00,0.175,0.05,0,0.13968005232721373,0.14512346661986109,0.175
KXATPGSPREAD-26AUG24ROCMMO-ROC5,2026-08-25 19:38:54+00:00,0.275,0.35,0,0.23619583454920529,0.22240308328312883,0.275
KXCS2TOTALMAPS-26AUG251300JUSDRI-3,2026-08-25 19:40:06+00:00,0.5,0.78,1,0.45276791412236134,0.41037458119090775,0.5
KXEFLCUPTOTAL-26AUG25BCBRE-3,2026-08-25 19:45:44+00:00,0.555,0.01,1,0.5283636840036684,0.5584960037772112,0.555
KXATPDOUBLES-26AUG23GALGORMELSMI-GALGOR,2026-08-25 19:50:01+00:00,0.495,0.49,1,0.44617863087285564,0.42129352951028654,0.495
KXLALIGA1HTOTAL-26AUG25VCFRBB-3,2026-08-25 19:51:28+00:00,0.105,0.0099999999999999,0,0.07919367496472257,0.07514577364283063,0.105
KXEFLCUPTOTAL-26AUG25BLPLIC-3,2026-08-25 19:55:23+00:00,0.535,0.01,1,0.4988928968689012,0.5373544778701723,0.535
KXSAUDIPLTOTAL-26AUG25ITTALN-4,2026-08-25 19:55:25+00:00,0.52,0.02,1,0.4791250471203841,0.4815224740463019,0.52
KXT20MATCH-26AUG250930EASPUR-EAS,2026-08-25 20:00:11+00:00,0.315,0.0899999999999999,1,0.26758100234761867,0.2491060155921124,0.315
KXSAUDIPLGAME-26AUG25SHARIY-RIY,2026-08-25 20:33:10+00:00,0.205,0.0099999999999999,0,0.17071294456375208,0.15652873707947007,0.205
KXSAUDIPLGAME-26AUG25SHARIY-TIE,2026-08-25 20:33:10+00:00,0.225,0.01,1,0.191401539388111,0.17181792837797735,0.225
KXTITLEDTUESTOP-26AUG25T3-ASAR,2026-08-25 20:33:23+00:00,0.15,0.0199999999999999,0,0.1138193087967651,0.10196462472231933,0.15
KXEFLCUPTOTAL-26AUG25FLESHR-3,2026-08-25 20:35:16+00:00,0.4649999999999999,0.0099999999999999,1,0.4066429313758214,0.45954320973997786,0.4649999999999999
KXEFLCUPTOTAL-26AUG25BCBRE-5,2026-08-25 20:35:18+00:00,0.175,0.0099999999999999,1,0.13968005232721373,0.14160913107180928,0.175
KXEFLCUPTOTAL-26AUG25CARNOR-3,2026-08-25 20:35:19+00:00,0.555,0.01,1,0.5283636840036684,0.5546808917945307,0.555
KXSAUDIPLSPREAD-26AUG25ITTALN-ALN3,2026-08-25 20:35:32+00:00,0.33,0.02,0,0.2793504402720237,0.2986483386238795,0.33
KXTITLEDTUESTOP-26AUG25T5-NTHE,2026-08-25 20:41:21+00:00,0.05,0.06,1,0.032387615860882804,0.027432474582665428,0.05
KXTITLEDTUESTOP-26AUG25T5-ZTSY,2026-08-25 20:41:28+00:00,0.165,0.13,0,0.1293357549150343,0.1105874001330239,0.165
KXATPGTOTAL-26AUG24GASJUS-20,2026-08-25 20:43:35+00:00,0.485,0.01,1,0.43300006437384425,0.48334038583064587,0.485
KXATPGTOTAL-26AUG24GASJUS-25,2026-08-25 20:43:35+00:00,0.265,0.35,0,0.2283495425996019,0.2205347301070446,0.265
KXATPGSPREAD-26AUG24PIRALC-PIR2,2026-08-25 20:43:47+00:00,0.61,0.1999999999999999,1,0.6101867621584639,0.6051889762117216,0.61
KXPFAPOY-2526-BFER,2026-08-25 20:44:30+00:00,0.855,0.01,1,0.892637592921113,0.8532521296781747,0.855
KXPFAPOY-2526-DRIC,2026-08-25 20:44:30+00:00,0.135,0.03,0,0.10154862248247448,0.07773065969800907,0.135
KXEFLCUPSPREAD-26AUG25WALLEY-WAL2,2026-08-25 20:45:08+00:00,0.105,0.0099999999999999,0,0.07919367496472257,0.07382657630170347,0.105
KXUCLSPREAD-26AUG25ASKCEL-CEL2,2026-08-25 20:55:21+00:00,0.105,0.0099999999999999,0,0.07919367496472257,0.07454201153098225,0.105
KXEFLCUPADVANCE-26AUG25FLESHR-FLE,2026-08-25 21:03:33+00:00,0.615,0.03,1,0.6176252238089,0.6268562550689303,0.615
KXEFLCUPADVANCE-26AUG25PACOV-COV,2026-08-25 21:03:34+00:00,0.67,0.02,1,0.67803147272845,0.6679582736828765,0.67
KXEFLCUPGAME-26AUG25BARCRE-CRE,2026-08-25 21:05:53+00:00,0.19,0.02,0,0.15519649844548292,0.14989889854368796,0.19
KXEFLCUPGAME-26AUG25DRMID-MID,2026-08-25 21:05:53+00:00,0.58,0.02,1,0.5655559922558481,0.5646519912474379,0.58
KXEFLCUPBTTS-26AUG25CAMMIL-BTTS,2026-08-25 21:07:56+00:00,0.535,0.03,0,0.4988928968689012,0.526683756806602,0.535
KXEFLCUPSPREAD-26AUG25STEREA-REA2,2026-08-25 21:08:04+00:00,0.1,0.02,1,0.0754678503784306,0.0707876346893159,0.1
KXEFLCUPSPREAD-26AUG25FLESHR-FLE2,2026-08-25 21:08:07+00:00,0.2299999999999999,0.0199999999999999,1,0.19657368809420062,0.1912700822021592,0.2299999999999999
KXEFLCUPSPREAD-26AUG25IPSLEI-IPS2,2026-08-25 21:08:07+00:00,0.38,0.02,1,0.3228350724985493,0.3537391886096442,0.38
KXEFLCUPTOTAL-26AUG25FLESHR-6,2026-08-25 21:08:08+00:00,0.05,0.0199999999999999,0,0.032387615860882804,0.035659229402243,0.05
KXEFLCUPSPREAD-26AUG25BLPLIC-BLP2,2026-08-25 21:08:09+00:00,0.11,0.04,0,0.08291949955101456,0.07516534846917544,0.11
KXEFLCUPTOTAL-26AUG25CAMMIL-2,2026-08-25 21:08:09+00:00,0.73,0.02,0,0.7199847343072164,0.7452837376317678,0.73
KXEFLCUPTOTAL-26AUG25CAMMIL-3,2026-08-25 21:08:09+00:00,0.475,0.01,0,0.41982149787483286,0.4717083497334952,0.475
KXDOTA2MAP-26AUG251500SPIRITACSB-1-SPIRITAC,2026-08-25 21:10:14+00:00,0.485,0.93,1,0.43300006437384425,0.3837912870540522,0.485
KXWTAEXACTMATCH-26AUG24JONBRA-JON20,2026-08-25 21:13:33+00:00,0.56,0.0799999999999999,1,0.5358021456541043,0.5504477573106463,0.56
KXWTAEXACTMATCH-26AUG24KUBPEN-KUB20,2026-08-25 21:13:33+00:00,0.43,0.0999999999999999,0,0.3695396972915726,0.3967251876778571,0.43
KXWTAGTOTAL-26AUG24JONBRA-20,2026-08-25 21:13:44+00:00,0.51,0.02,0,0.4659464806213727,0.5116056007180276,0.51
KXTITLEDTUESTOP-26AUG25T8-MCAR,2026-08-25 21:20:16+00:00,0.205,0.05,0,0.17071294456375208,0.1559379299731225,0.205
KXLALIGASCORE-26AUG25VCFRBB-VCF0RBB0,2026-08-25 21:31:17+00:00,0.075,0.0099999999999999,0,0.05683872744697068,0.05256717215644555,0.075
KXLALIGASCORE-26AUG25VCFRBB-VCF2RBB0,2026-08-25 21:31:17+00:00,0.045,0.01,0,0.02728217310998703,0.027770837480580936,0.045
KXATPEXACTMATCH-26AUG24ILABOY-ILA20,2026-08-25 21:34:29+00:00,0.245,0.05,0,0.21209013421246992,0.20531884322118804,0.245
KXUCLBTTS-26AUG25BOGNIJ-BTTS,2026-08-25 21:35:44+00:00,0.66,0.02,0,0.6710392624653222,0.652281012819552,0.66
KXLALIGATOTAL-26AUG25VCFRBB-3,2026-08-25 21:35:57+00:00,0.4649999999999999,0.0099999999999999,0,0.4066429313758214,0.4498279555810137,0.4649999999999999
KXEFLCUPSPREAD-26AUG25BCBRE-BC2,2026-08-25 21:35:59+00:00,0.075,0.0099999999999999,0,0.05683872744697068,0.05186849305559264,0.075
KXCS2GAME-26AUG251400SPARTAK27-SPARTA,2026-08-25 21:39:47+00:00,0.355,0.01,0,0.2994827601020376,0.32046346534699044,0.355
KXATPGTOTAL-26AUG24KASBUD-23,2026-08-25 21:43:33+00:00,0.505,0.01,1,0.45935719737186703,0.5127093364649042,0.505
KXATPEXACTMATCH-26AUG24KOLGOJ-KOL21,2026-08-25 21:53:27+00:00,0.095,0.07,0,0.07174202579213862,0.07260300013916202,0.095
KXUCLADVANCE-26AUG25ASKCEL-ASK,2026-08-25 22:00:35+00:00,0.095,0.01,1,0.07174202579213862,0.0642145311789141,0.095
KXATPCHALLENGERMATCH-26AUG23FELTOB-FEL,2026-08-25 22:05:01+00:00,0.375,0.01,0,0.31816461001924695,0.326830510426903,0.375
KXATPSETWINNER-26AUG24KYMADD-1-KYM,2026-08-25 22:13:05+00:00,0.77,0.02,1,0.7669972750353279,0.7587308731514748,0.77
KXWTAMATCH-26AUG24AVDSEB-SEB,2026-08-25 22:30:50+00:00,0.51,0.02,0,0.4659464806213727,0.5087331943785988,0.51
KXWTAEXACTMATCH-26AUG24AVDSEB-AVD20,2026-08-25 22:34:08+00:00,0.28,0.06,1,0.24011898052400696,0.24680951772743534,0.28
KXWTAGTOTAL-26AUG24AVDSEB-18,2026-08-25 22:34:21+00:00,0.575,0.55,1,0.5581175306054121,0.5911247955570641,0.575
KXLOLMAP-26AUG2516009ZGL-3-9Z,2026-08-25 22:35:04+00:00,0.585,0.03,1,0.572994453906284,0.602307120635795,0.585
KXATPEXACTMATCH-26AUG24KYMADD-KYM20,2026-08-25 22:43:39+00:00,0.575,0.0499999999999999,1,0.5581175306054121,0.5574865696210607,0.575
KXWTAEXACTMATCH-26AUG24HUNING-ING21,2026-08-25 22:43:40+00:00,0.19,0.0999999999999999,0,0.15519649844548292,0.17958416471542937,0.19
KXWTAGTOTAL-26AUG24GARROM-18,2026-08-25 22:43:58+00:00,0.52,0.5800000000000001,1,0.4791250471203841,0.5370070158378005,0.52
KXWTAGTOTAL-26AUG24YEOSHA-19,2026-08-25 22:43:58+00:00,0.605,0.01,1,0.602748300508028,0.6378098584485371,0.605
KXWTAGTOTAL-26AUG24YEOSHA-24,2026-08-25 22:43:58+00:00,0.36,0.5,0,0.3041532225813399,0.29750504886208246,0.36
KXWTAEXACTMATCH-26AUG24SEMKIN-KIN20,2026-08-25 23:23:17+00:00,0.25,0.0799999999999999,0,0.2165801046751969,0.21643948476066482,0.25
KXLOLGAME-26AUG251600PNGARMD-PNGA,2026-08-25 23:39:35+00:00,0.78,0.02,0,0.7821510708737129,0.7940860299894503,0.78
KXWTAGTOTAL-26AUG24SOBSHU-17,2026-08-26 00:28:22+00:00,0.445,0.67,1,0.38355108472947963,0.479165485788953,0.445
KXBRASILEIROBSPREAD-26AUG25GOIBOT-BOT2,2026-08-26 00:30:02+00:00,0.055,0.05,0,0.03749305861177857,0.033138740406622305,0.055
KXATPSETWINNER-26AUG24MEJDRA-1-DRA,2026-08-26 00:32:39+00:00,0.505,0.03,1,0.45935719737186703,0.5006262525785354,0.505
KXSENATEOKD-26-JPRI,2026-08-26 00:52:48+00:00,0.0804999999999999,0.017,0,0.060937134491891795,0.11548685719646952,0.0804999999999999
KXBRASILEIROBTOTAL-26AUG25JUVBRA-6,2026-08-26 01:00:27+00:00,0.035,0.01,0,0.017071287608195502,0.02115774848708479,0.035
KXMLBGAME-26AUG251840TBDET-DET,2026-08-26 01:14:51+00:00,0.445,0.01,1,0.38355108472947963,0.4136123736911562,0.445
KXWNBAGAME-26AUG25CHICONN-CONN,2026-08-26 01:19:51+00:00,0.315,0.01,1,0.26758100234761867,0.27728687086086773,0.315
KXWNBATOTAL-26AUG25CHICONN-160,2026-08-26 01:19:54+00:00,0.71,0.04,1,0.706000313780961,0.7259745537827661,0.71
KXLEAGUESCUPFTTS-26AUG25MONCHI-NONE,2026-08-26 01:40:03+00:00,0.055,0.03,0,0.03749305861177857,0.041134189405425306,0.055
KXNCAAMSOCCERGAME-26AUG25RHOBRY-BRY,2026-08-26 01:42:38+00:00,0.455,0.87,1,0.39346436487681014,0.359538722264802,0.455
KXWNBA2HWINNER-26AUG25PDXDAL-TIE,2026-08-26 01:51:27+00:00,0.155,0.29,0,0.11899145750285484,0.09590330381416878,0.155
KXATPSETWINNER-26AUG24MEJDRA-2-MEJ,2026-08-26 01:52:39+00:00,0.435,0.17,1,0.37421015977087496,0.39836640841575377,0.435
KXWNBATOTAL-26AUG25PDXDAL-171,2026-08-26 02:00:13+00:00,0.655,0.01,1,0.6675431573337584,0.6767142533715124,0.655
KXWNBATOTAL-26AUG25PDXDAL-177,2026-08-26 02:00:13+00:00,0.485,0.01,0,0.43300006437384425,0.48124805751076627,0.485
KXMLBGAME-26AUG251905HOUNYY-HOU,2026-08-26 02:19:42+00:00,0.425,0.01,1,0.3648692348122703,0.39725445131985826,0.425
KXLEAGUESCUPTEAMTOTAL-26AUG25MONCHI-CHI3,2026-08-26 02:40:57+00:00,0.22,0.02,0,0.18622939068202127,0.1952702517301562,0.22
KXLEAGUESCUPFTTS-26AUG25LEORSL-NONE,2026-08-26 03:09:59+00:00,0.055,0.03,0,0.03749305861177857,0.03910316450547354,0.055
KXLEAGUESCUP1HTOTAL-26AUG25LEORSL-2,2026-08-26 03:36:24+00:00,0.38,0.04,0,0.3228350724985493,0.35707962533441406,0.38
KXRAIN-26AUG25-NYC,2026-08-26 04:00:00+00:00,0.095,0.07,0,0.07174202579213862,0.1053230378108232,0.095
KXWNBASPREAD-26AUG25WSHPHX-PHX10,2026-08-26 04:04:35+00:00,0.1649999999999999,0.03,0,0.12933575491503418,0.11470577282818537,0.1649999999999999
KXATPSETWINNER-26AUG24HONBAS-2-HON,2026-08-26 04:13:19+00:00,0.38,0.06,1,0.3228350724985493,0.35231087461663935,0.38
KXATPEXACTMATCH-26AUG24HONBAS-HON21,2026-08-26 04:13:38+00:00,0.155,0.0499999999999999,0,0.11899145750285484,0.11480450384891028,0.155
KXLEAGUESCUPSCORE-26AUG25LEORSL-LEO1RSL0,2026-08-26 04:20:12+00:00,0.06,0.02,0,0.04259850136267433,0.03688757306868436,0.06
KXLEAGUESCUPSCORE-26AUG25LEORSL-LEO1RSL2,2026-08-26 04:20:12+00:00,0.095,0.01,0,0.07174202579213862,0.06829529069751392,0.095
KXLEAGUESCUPTEAMTOTAL-26AUG25LEORSL-RSL1,2026-08-26 04:35:42+00:00,0.815,0.0299999999999999,0,0.8351893563080607,0.8098307537240335,0.815
KXLEAGUESCUPTEAMTOTAL-26AUG25LEORSL-RSL3,2026-08-26 04:35:42+00:00,0.2249999999999999,0.03,0,0.1914015393881109,0.1963561521098563,0.2249999999999999
KXHIGHTBOS-26AUG25-B83.5,2026-08-26 05:00:00+00:00,0.185,0.03,0,0.1500243497393932,0.14098808427061135,0.185
KXHIGHTDC-26AUG25-T90,2026-08-26 05:00:00+00:00,0.02,0.0199999999999999,0,0.004203244975394692,0.010174264565433728,0.02
KXLOWTBOS-26AUG25-B58.5,2026-08-26 05:00:00+00:00,0.025,0.03,0,0.008342072403273759,0.012572017065308944,0.025
KXLOWTBOS-26AUG25-B60.5,2026-08-26 05:00:00+00:00,0.055,0.0099999999999999,0,0.03749305861177857,0.03317081578101834,0.055
KXLOWTBOS-26AUG25-B62.5,2026-08-26 05:00:00+00:00,0.35,0.08,0,0.29504302417123035,0.28298940476844703,0.35
KXLOWTNYC-26AUG25-B58.5,2026-08-26 05:00:00+00:00,0.015,0.01,0,0.0001,0.007653699307731421,0.015
KXLEAGUESCUPSCORE-26AUG25LEORSL-LEO3RSL2,2026-08-26 05:00:24+00:00,0.035,0.01,0,0.017071287608195502,0.019726568386636285,0.035
KXT20MATCH-26AUG252030VICNEW-VIC,2026-08-26 05:51:08+00:00,0.4499999999999999,0.06,1,0.3882215472087819,0.4133293296178155,0.4499999999999999
KXHIGHAUS-26AUG25-B105.5,2026-08-26 06:00:00+00:00,0.105,0.0099999999999999,0,0.07919367496472257,0.07401094532736141,0.105
KXHIGHTDAL-26AUG25-B107.5,2026-08-26 06:00:00+00:00,0.2,0.0199999999999999,0,0.16554079585766238,0.15409727209057406,0.2
KXHIGHTMIN-26AUG25-B85.5,2026-08-26 06:00:00+00:00,0.4549999999999999,0.0499999999999999,0,0.39346436487681,0.43194260402641554,0.4549999999999999
KXHIGHTMIN-26AUG25-T83,2026-08-26 06:00:00+00:00,0.065,0.01,1,0.0477039441135701,0.04224143170329787,0.065
KXHIGHTOKC-26AUG25-T104,2026-08-26 06:00:00+00:00,0.08,0.0199999999999999,0,0.060564552033262664,0.051386446667515726,0.08
KXHIGHTSATX-26AUG25-B104.5,2026-08-26 06:00:00+00:00,0.05,0.0199999999999999,0,0.032387615860882804,0.029456478388884794,0.05
KXLOWTOKC-26AUG25-B73.5,2026-08-26 06:00:00+00:00,0.315,0.05,1,0.26758100234761867,0.27877444753535696,0.315
KXLOWTSATX-26AUG25-T69,2026-08-26 06:00:00+00:00,0.015,0.01,0,0.0001,0.0080249757017466,0.015
KXHIGHTPHX-26AUG25-T118,2026-08-26 07:00:00+00:00,0.015,0.01,0,0.0001,0.007375616243331598,0.015
KXLOWTDEN-26AUG25-B63.5,2026-08-26 07:00:00+00:00,0.21,0.18,0,0.1758850932698418,0.17058516042767385,0.21
KXLOWTSAN-26AUG25-B71.5,2026-08-26 08:00:00+00:00,0.625,0.2099999999999999,1,0.6325021471097718,0.6153589783351638,0.625
KXLOWTSFO-26AUG25-B56.5,2026-08-26 08:00:00+00:00,0.19,0.02,0,0.15519649844548292,0.16535417275323686,0.19
KXT20MATCH-26AUG260100ADEHOB-ADE,2026-08-26 08:42:18+00:00,0.55,0.0799999999999999,1,0.5209252223532324,0.48740998975977634,0.55
KXVALORANTMAP-26AUG260400NSPR-1-PR,2026-08-26 08:55:20+00:00,0.53,0.02,0,0.4923036136193955,0.5041709878297078,0.53
KXITFWMATCH-26AUG25GORZHE-ZHE,2026-08-26 08:58:48+00:00,0.6599999999999999,0.0599999999999999,1,0.6710392624653221,0.670678266252253,0.6599999999999999
KXDARTSMATCH-26AUG260500SBEAJNUI-SBEA,2026-08-26 09:09:48+00:00,0.495,0.95,1,0.44617863087285564,0.39033328901124376,0.495
KXLOLMAP-26AUG260400BROKT-2-KT,2026-08-26 09:45:25+00:00,0.665,0.03,0,0.674535367596886,0.6843798101910653,0.665
KXCS2MAP-26AUG260500MANDLRSTR-1-RSTR,2026-08-26 09:50:24+00:00,0.485,0.91,1,0.43300006437384425,0.3836343941969864,0.485
KXITFWMATCH-26AUG25TURSTE-STE,2026-08-26 09:52:53+00:00,0.56,0.0599999999999999,1,0.5358021456541043,0.5645072047107652,0.56
KXITFWMATCH-26AUG25BIONAG-NAG,2026-08-26 10:47:39+00:00,0.645,0.2099999999999999,1,0.6605509470706306,0.6258395947674247,0.645
KXDARTSMATCH-26AUG260645SBEADVAN-DVAN,2026-08-26 10:49:39+00:00,0.495,0.93,1,0.44617863087285564,0.3905470162378974,0.495
KXCS2GAME-26AUG260500GROORG-ORG,2026-08-26 11:00:02+00:00,0.21,0.26,0,0.1758850932698418,0.15709134288264953,0.21
KXKLEAGUETOTAL-26AUG26GAWGWA-1,2026-08-26 11:15:06+00:00,0.92,0.02,1,0.9657953832878665,0.9337851758149529,0.92
KXNPBSPREAD-26AUG260500HOKSAI-HOK2,2026-08-26 11:40:18+00:00,0.51,0.92,1,0.4659464806213727,0.4166381794247956,0.51
KXNPBSPREAD-26AUG260500YOKHIR-HIR2,2026-08-26 12:00:47+00:00,0.51,0.92,0,0.4659464806213727,0.4076782394028708,0.51
KXNPBSPREAD-26AUG260500YOKHIR-HIR3,2026-08-26 12:00:47+00:00,0.51,0.92,0,0.4659464806213727,0.42516175155710767,0.51
KXNPBSPREAD-26AUG260500YOKHIR-YOK3,2026-08-26 12:00:47+00:00,0.51,0.92,0,0.4659464806213727,0.42033691094872977,0.51
KXCS2TOTALMAPS-26AUG260500MFARC-3,2026-08-26 12:20:08+00:00,0.49,0.96,1,0.43958934762334995,0.38578310319556325,0.49
KXNPBGAME-26AUG260500FUKCHI-FUK,2026-08-26 12:34:40+00:00,0.675,0.1099999999999999,0,0.6815275778600138,0.6312599604321194,0.675
KXKLEAGUETOTAL-26AUG26GAWGWA-5,2026-08-26 12:35:38+00:00,0.1149999999999999,0.0099999999999999,0,0.08664532413730647,0.07536103845679329,0.1149999999999999
KXKLEAGUETOTAL-26AUG26GAWGWA-6,2026-08-26 12:35:38+00:00,0.045,0.01,0,0.02728217310998703,0.025789525718854334,0.045
KXKLEAGUESPREAD-26AUG26DAJULS-ULS3,2026-08-26 13:05:29+00:00,0.04,0.02,0,0.022176730359091266,0.02393893231215103,0.04
KXEARNINGSMENTIONINTU-26AUG25-QUIC,2026-08-26 13:37:39+00:00,0.93,0.0199999999999999,1,0.9738345117823115,0.9254109075538564,0.93
KXEARNINGSMENTIONINTU-26AUG25-REST,2026-08-26 13:37:48+00:00,0.805,0.01,0,0.8200355604696757,0.7845349843352605,0.805
KXCS2GAME-26AUG260730DENTS-DEN,2026-08-26 13:49:51+00:00,0.105,0.0099999999999999,0,0.07919367496472257,0.07359556366569128,0.105
KXKLEAGUETOTAL-26AUG26ANYINC-5,2026-08-26 14:05:55+00:00,0.105,0.0099999999999999,0,0.07919367496472257,0.06739665140485959,0.105
KXCS2GAME-26AUG260700HSEXZ-EXZ,2026-08-26 14:30:03+00:00,0.685,0.0299999999999999,0,0.6885197881231416,0.6387633230218855,0.685
KXASEANSPREAD-26AUG26VIETHA-THA2,2026-08-26 15:06:05+00:00,0.06,0.06,0,0.04259850136267433,0.03277553908740066,0.06
KXCS2MAP-26AUG261000M80NAVI-1-NAVI,2026-08-26 15:10:28+00:00,0.6950000000000001,0.0299999999999999,1,0.6955119983862693,0.7292901204280475,0.6950000000000001
KXITFMATCH-26AUG25LIVBAU-BAU,2026-08-26 15:21:15+00:00,0.245,0.19,0,0.21209013421246992,0.20440549781551268,0.245
KXLOLMAP-26AUG261100KHKES-1-KHK,2026-08-26 15:45:33+00:00,0.35,0.0199999999999999,1,0.29504302417123035,0.31890714618300964,0.35
KXATPSETWINNER-26AUG25RINLEE-1-RIN,2026-08-26 15:58:16+00:00,0.6100000000000001,0.14,1,0.6101867621584641,0.638890765962464,0.6100000000000001
KXATPSETWINNER-26AUG26OLIBAR-1-OLI,2026-08-26 16:03:18+00:00,0.295,0.09,0,0.251888418448412,0.2581333222671769,0.295
KXITFMATCH-26AUG25SANRIT-SAN,2026-08-26 16:11:13+00:00,0.705,0.01,0,0.702504208649397,0.7508076183382986,0.705
KXCS2GAME-26AUG261100BBBWRA-BBB,2026-08-26 16:39:55+00:00,0.18,0.0799999999999999,0,0.14485220103330346,0.21178746237066215,0.18
KXWTAMATCH-26AUG26MONVAN-MON,2026-08-26 16:40:41+00:00,0.53,0.02,1,0.4923036136193955,0.5295410416118024,0.53
KXATPSETWINNER-26AUG25RINLEE-2-RIN,2026-08-26 16:48:02+00:00,0.455,0.45,0,0.39346436487681014,0.39997053759646073,0.455
KXWTAMATCH-26AUG26ZHEBUR-BUR,2026-08-26 16:50:46+00:00,0.195,0.01,0,0.16036864715157265,0.16964369060571988,0.195
KXCS2MAP-26AUG261000NPGG1-2-NPG,2026-08-26 17:01:06+00:00,0.365,0.03,0,0.3088236850606423,0.355787188847177,0.365
KXCS2GAME-26AUG261000M80NAVI-M80,2026-08-26 17:20:51+00:00,0.175,0.0099999999999999,1,0.13968005232721373,0.13938850869921798,0.175
KXATPEXACTMATCH-26AUG25FERROD-ROD20,2026-08-26 17:24:21+00:00,0.36,0.06,0,0.3041532225813399,0.3376981995432779,0.36
KXMLBRFI-26AUG261310TBDET,2026-08-26 17:24:29+00:00,0.43,0.02,0,0.3695396972915726,0.4116994973903812,0.43
KXATPGTOTAL-26AUG25FERROD-23,2026-08-26 17:24:33+00:00,0.5,0.1,1,0.45276791412236134,0.5258536392695998,0.5
KXSVKCUPADVANCE-26AUG26PNRBAP-BAP,2026-08-26 17:30:45+00:00,0.47,0.66,1,0.41323221462532717,0.3746194778040214,0.47
KXATPEXACTMATCH-26AUG26JACDOU-JAC20,2026-08-26 17:33:02+00:00,0.47,0.1,0,0.41323221462532717,0.4350981024711196,0.47
KXSVKCUPGAME-26AUG26PRCZLA-TIE,2026-08-26 17:33:26+00:00,0.47,0.86,0,0.41323221462532717,0.364034158760845,0.47
KXSVKCUPADVANCE-26AUG26ZAHVNT-ZAH,2026-08-26 17:35:18+00:00,0.475,0.65,0,0.41982149787483286,0.380773485659032,0.475
KXSVKCUPGAME-26AUG26VKAZEM-VKA,2026-08-26 17:43:20+00:00,0.46,0.88,0,0.40005364812631583,0.3510771531909103,0.46
KXWTAEXACTMATCH-26AUG26SALKNU-SAL21,2026-08-26 17:53:18+00:00,0.2,0.1,0,0.16554079585766238,0.15196131558952083,0.2
KXWTAMATCH-26AUG26SALKNU-SAL,2026-08-26 17:55:27+00:00,0.545,0.01,0,0.5134867607027964,0.5507085681753834,0.545
KXUCLWGAME-26AUG26WOBINT-INT,2026-08-26 18:03:26+00:00,0.16,0.0399999999999999,0,0.12416360620894457,0.11856988060477028,0.16
KXATPEXACTMATCH-26AUG26WONNEU-WON20,2026-08-26 18:12:59+00:00,0.305,0.39,1,0.2597347103980153,0.23124122525703142,0.305
KXWTAEXACTMATCH-26AUG26HONLAZ-HON21,2026-08-26 18:17:50+00:00,0.2,0.1,0,0.16554079585766238,0.15081541527912584,0.2
KXLOLMAP-26AUG261200GALTLN-3-TLN,2026-08-26 18:25:12+00:00,0.32,0.02,0,0.27150414832242037,0.29776279576783315,0.32
KXLOLGAME-26AUG261200BUBLD-BU,2026-08-26 18:29:48+00:00,0.475,0.69,0,0.41982149787483286,0.5453274722930695,0.475
KXWTI-26AUG2614-T82.49,2026-08-26 18:30:00+00:00,0.425,0.03,0,0.3648692348122703,0.5211116149647512,0.425
KXLOLMAP-26AUG261400BUBHYPE-1-BUB,2026-08-26 18:45:24+00:00,0.455,0.83,0,0.39346436487681014,0.34866690496352726,0.455
KXUECLSPREAD-26AUG26SCRHOM-SCR3,2026-08-26 18:51:48+00:00,0.185,0.0499999999999999,0,0.1500243497393932,0.13523265240963295,0.185
KXUECLGAME-26AUG26SCRHOM-HOM,2026-08-26 18:53:36+00:00,0.18,0.0199999999999999,0,0.14485220103330346,0.14175026219404455,0.18
KXUECLGAME-26AUG26SCRHOM-TIE,2026-08-26 18:53:36+00:00,0.215,0.01,1,0.18105724197593154,0.15897123398428248,0.215
KXLOLMAP-26AUG261330DOCBOM-1-DOC,2026-08-26 18:55:25+00:00,0.18,0.0799999999999999,0,0.14485220103330346,0.13627729021216128,0.18
KXATPGSPREAD-26AUG26YMEGAR-YME2,2026-08-26 19:04:02+00:00,0.42,0.64,0,0.36019877233296793,0.3301656008638534,0.42
KXATPSETWINNER-26AUG26SEYMCD-1-MCD,2026-08-26 19:17:38+00:00,0.5800000000000001,0.0599999999999999,1,0.5655559922558483,0.5731999497237138,0.5800000000000001
KXYTVIEWSW-BAD26AUG30-25.0M,2026-08-26 19:19:58+00:00,0.985,0.01,1,0.9999,0.9888315146589566,0.985
KXYTVIEWSW-TAY26AUG30-13.0M,2026-08-26 19:20:00+00:00,0.985,0.01,1,0.9999,0.9891660172982327,0.985
KXYTVIEWSW-TAY26AUG30-14.0M,2026-08-26 19:20:01+00:00,0.5,0.92,1,0.45276791412236134,0.3690332235937733,0.5
KXCLUBFTOTAL-26AUG25FCBREU-5,2026-08-26 19:37:39+00:00,0.21,0.36,0,0.1758850932698418,0.15721682856815322,0.21
KXCS2GAME-26AUG261230PAINFURIA-PAIN,2026-08-26 19:39:48+00:00,0.195,0.01,0,0.16036864715157265,0.155913487330999,0.195
KXATPGTOTAL-26AUG26VIRPIN-23,2026-08-26 19:43:03+00:00,0.495,0.09,1,0.44617863087285564,0.49709474305304957,0.495
KXLOLMAP-26AUG261400BUBHYPE-2-BUB,2026-08-26 19:47:17+00:00,0.46,0.82,1,0.40005364812631583,0.35475821160670795,0.46
KXATPGSPREAD-26AUG26SEYMCD-SEY2,2026-08-26 19:50:05+00:00,0.38,0.72,0,0.3228350724985493,0.28530343317625734,0.38
KXATPMATCH-26AUG26SEYMCD-MCD,2026-08-26 19:50:35+00:00,0.605,0.03,1,0.602748300508028,0.6296523387498227,0.605
KXSAUDIPLBTTS-26AUG26DIRAKH-BTTS,2026-08-26 20:00:28+00:00,0.54,0.02,1,0.5060482990523605,0.5438984794223816,0.54
KXARGNACBGAME-26AUG26ACASTE-STE,2026-08-26 20:33:17+00:00,0.255,0.01,1,0.22050325064999857,0.21002157575956618,0.255
KXEFLCUPGAME-26AUG26BRABUR-BUR,2026-08-26 20:44:03+00:00,0.43,0.02,0,0.3695396972915726,0.40589419733916243,0.43
KXCS2TOTALMAPS-26AUG261430DFXALKAA-3,2026-08-26 20:45:03+00:00,0.44,0.86,0,0.37888062225017727,0.3395339627810553,0.44
KXATPEXACTMATCH-26AUG26SVRGAL-GAL21,2026-08-26 20:52:13+00:00,0.15,0.1,0,0.1138193087967651,0.10652952349878411,0.15
KXATPEXACTMATCH-26AUG26BERWEN-BER21,2026-08-26 20:52:17+00:00,0.2,0.1,0,0.16554079585766238,0.1534083770927876,0.2
KXATPGTOTAL-26AUG26BERWEN-21,2026-08-26 20:52:23+00:00,0.54,0.76,1,0.5060482990523605,0.45202441356609935,0.54
KXBRENTD-26AUG2617-T88,2026-08-26 21:00:00+00:00,0.2,0.04,0,0.16554079585766238,0.23124589809220777,0.2
KXCOPPERD-26AUG2617-T6.62,2026-08-26 21:00:00+00:00,0.795,0.01,0,0.8048817646312906,0.7949155239818301,0.795
KXCOPPERD-26AUG2617-T6.90,2026-08-26 21:00:00+00:00,0.05,0.04,0,0.032387615860882804,0.03927304553491591,0.05
KXCOPPERD-26AUG2617-T6.98,2026-08-26 21:00:00+00:00,0.03,0.04,0,0.01248089983115282,0.023804953138117764,0.03
KXNATGASD-26AUG2617-T2.865,2026-08-26 21:00:00+00:00,0.3399999999999999,0.0399999999999999,1,0.28719673222162695,0.354490308874612,0.3399999999999999
KXNATGASD-26AUG2617-T2.970,2026-08-26 21:00:00+00:00,0.03,0.04,0,0.01248089983115282,0.02396877092554183,0.03
KXNATGASD-26AUG2617-T2.975,2026-08-26 21:00:00+00:00,0.495,0.97,0,0.44617863087285564,0.4828066949624218,0.495
KXSILVERD-26AUG2617-T69.25,2026-08-26 21:00:00+00:00,0.345,0.0099999999999999,0,0.2911198781964287,0.34440320869110397,0.345
KXSILVERD-26AUG2617-T69.75,2026-08-26 21:00:00+00:00,0.2,0.04,0,0.16554079585766238,0.231700256421921,0.2
KXSILVERD-26AUG2617-T72,2026-08-26 21:00:00+00:00,0.03,0.04,0,0.01248089983115282,0.024056115902381398,0.03
KXEFLCUPBTTS-26AUG26TOTCHA-BTTS,2026-08-26 21:00:37+00:00,0.47,0.0199999999999999,1,0.41323221462532717,0.4955848483058179,0.47
KXEFLCUPSPREAD-26AUG26PNEEVE-PNE2,2026-08-26 21:00:49+00:00,0.04,0.02,0,0.022176730359091266,0.024115604939859057,0.04
KXEFLCUPSPREAD-26AUG26NEWWBA-NEW3,2026-08-26 21:00:51+00:00,0.27,0.02,0,0.2322726885744036,0.21492963128308323,0.27
KXATPSETWINNER-26AUG26PASGEN-2-PAS,2026-08-26 21:02:18+00:00,0.49,0.08,1,0.43958934762334995,0.46819466908260676,0.49
KXARGNACBGAME-26AUG26CAPATL-CAP,2026-08-26 21:03:21+00:00,0.39,0.06,1,0.332175997457154,0.3543366030368037,0.39
KXWTAEXACTMATCH-26AUG26ANDPOD-AND20,2026-08-26 21:07:08+00:00,0.49,0.1,1,0.43958934762334995,0.4595514879421655,0.49
KXLALIGACORNERS-26AUG26RMARSO-9,2026-08-26 21:19:50+00:00,0.685,0.0299999999999999,1,0.6885197881231416,0.7257635631052164,0.685
KXATPDOUBLES-26AUG23RAMSALDOUREB-RAMSAL,2026-08-26 21:24:52+00:00,0.52,0.52,1,0.4791250471203841,0.5703063383751548,0.52
KXUCLADVANCE-26AUG26OLFEN-OL,2026-08-26 21:30:28+00:00,0.655,0.01,0,0.6675431573337584,0.6440073674684028,0.655
KXUCLGAME-26AUG26VIKDIN-TIE,2026-08-26 21:33:39+00:00,0.255,0.01,0,0.22050325064999857,0.19910612188065996,0.255
KXLOLGAME-26AUG261400BUBHYPE-BUB,2026-08-26 21:39:34+00:00,0.5,0.74,1,0.45276791412236134,0.4057038498206599,0.5
KXLOLMAP-26AUG261600KBM7RE-2-KBM,2026-08-26 21:55:13+00:00,0.6799999999999999,0.0399999999999999,1,0.6850236829915777,0.7186050231629629,0.6799999999999999
KXUCLADVANCE-26AUG26CELSLO-CEL,2026-08-26 22:00:35+00:00,0.53,0.02,0,0.4923036136193955,0.5068567973669218,0.53
KXCS2MAP-26AUG261700REDAQUIN-1-QUIN,2026-08-26 22:14:10+00:00,0.375,0.33,0,0.31816461001924695,0.34585137731223725,0.375
KXLOLMAP-26AUG261600KBM7RE-3-KBM,2026-08-26 22:45:20+00:00,0.6799999999999999,0.0399999999999999,1,0.6850236829915777,0.723495958028017,0.6799999999999999
KXCS2MAP-26AUG261700REDAQUIN-2-REDA,2026-08-26 23:10:16+00:00,0.5900000000000001,0.16,1,0.5804329155567202,0.5912923504844592,0.5900000000000001
KXNCAAMSOCCERGAME-26AUG26VMIRAN-RAN,2026-08-26 23:13:42+00:00,0.465,0.89,0,0.4066429313758215,0.35901038665320495,0.465
KXCHLLDPGAME-26AUG26COQUC-TIE,2026-08-27 00:08:19+00:00,0.275,0.01,0,0.23619583454920529,0.2309398003806888,0.275
KXCHLLDPGAME-26AUG26COQUC-UC,2026-08-27 00:08:19+00:00,0.295,0.01,1,0.251888418448412,0.24539783869691284,0.295
KXEARNINGSMENTIONNVDA-26AUG26-HUMA,2026-08-27 00:20:52+00:00,0.625,0.01,0,0.6325021471097718,0.5459872949260618,0.625
KXEARNINGSMENTIONNVDA-26AUG26-SELF,2026-08-27 00:20:52+00:00,0.665,0.01,0,0.674535367596886,0.5780337899776988,0.665
KXEARNINGSMENTIONCRWD-26AUG26-GEN,2026-08-27 00:21:30+00:00,0.255,0.01,0,0.22050325064999857,0.16573146543051254,0.255
KXEARNINGSMENTIONCRWD-26AUG26-CERE,2026-08-27 00:21:31+00:00,0.58,0.02,0,0.5655559922558481,0.45630171403324804,0.58
KXCBDECISIONKOREA-26AUG26-H25,2026-08-27 00:59:00+00:00,0.705,0.03,1,0.702504208649397,0.6524726399480374,0.705
KXBOLPDIVGAME-26AUG26POTREA-POT,2026-08-27 01:13:30+00:00,0.715,0.01,0,0.7094964189125248,0.7302605004042981,0.715
KXWNBASPREAD-26AUG26GSCONN-CONN4,2026-08-27 01:14:44+00:00,0.07,0.02,0,0.05280938686446588,0.046033926258435706,0.07
KXWNBATOTAL-26AUG26GSCONN-143,2026-08-27 01:14:46+00:00,0.665,0.01,1,0.674535367596886,0.7083450504389128,0.665
KXWNBATOTAL-26AUG26GSCONN-146,2026-08-27 01:14:46+00:00,0.605,0.01,1,0.602748300508028,0.6409718212422103,0.605
KXLEAGUESCUP1H-26AUG26TOLATX-TIE,2026-08-27 01:32:04+00:00,0.375,0.03,1,0.31816461001924695,0.3618620823212034,0.375
KXCS2MAP-26AUG271400PGRYV-1-RYV,2026-08-27 01:34:42+00:00,0.465,0.83,1,0.4066429313758215,0.365117277362629,0.465
KXLEAGUESCUPFTTS-26AUG26TOLATX-NONE,2026-08-27 02:00:23+00:00,0.07,0.0399999999999999,0,0.05280938686446588,0.04879710723912466,0.07
KXCOPADOBRASILTOTAL-26AUG26PALSAN-5,2026-08-27 02:30:19+00:00,0.12,0.02,0,0.09037114872359853,0.08080682253170737,0.12
KXCOPADOBRASILBTTS-26AUG26PALSAN-BTTS,2026-08-27 02:30:24+00:00,0.45,0.02,0,0.38822154720878194,0.4298949046604082,0.45
KXBOLPDIVGAME-26AUG26BLOCDT-TIE,2026-08-27 02:38:20+00:00,0.1649999999999999,0.03,1,0.12933575491503418,0.11631559591277021,0.1649999999999999
KXLEAGUESCUPSCORE-26AUG26TOLATX-TOL2ATX0,2026-08-27 03:00:48+00:00,0.095,0.0499999999999999,1,0.07174202579213862,0.06423202829257688,0.095
KXLEAGUESCUPGAME-26AUG26TOLATX-TOL,2026-08-27 03:03:57+00:00,0.635,0.01,1,0.6473790704106438,0.6523279293723299,0.635
KXLEAGUESCUPFTTS-26AUG26AMECLB-CLB,2026-08-27 03:10:02+00:00,0.445,0.3299999999999999,0,0.38355108472947963,0.3870057455531716,0.445
KXLEAGUESCUPTOTAL-26AUG26AMECLB-1,2026-08-27 03:50:24+00:00,0.93,0.0199999999999999,1,0.9738345117823115,0.9430359131246038,0.93
KXAGTELIMINATION-26AUG27-GEN,2026-08-27 03:59:00+00:00,0.59,0.4599999999999999,0,0.58043291555672,0.3549427180753527,0.59
KXAGTELIMINATION-26AUG27-MAC,2026-08-27 03:59:00+00:00,0.4549999999999999,0.55,1,0.39346436487681,0.2231192089780977,0.4549999999999999
KXUSLGAME-26AUG26NEWLEX-TIE,2026-08-27 04:03:34+00:00,0.275,0.01,0,0.23619583454920529,0.22790368731748684,0.275
KXWNBAGAME-26AUG26TORSEA-TOR,2026-08-27 04:28:08+00:00,0.315,0.01,0,0.26758100234761867,0.27725230800572787,0.315
KXWNBASPREAD-26AUG26TORSEA-SEA16,2026-08-27 04:29:58+00:00,0.205,0.03,0,0.17071294456375208,0.16682666523469258,0.205
KXWNBATOTAL-26AUG26TORSEA-189,2026-08-27 04:30:00+00:00,0.255,0.03,0,0.22050325064999857,0.17899382565999872,0.255
KXHIGHTATL-26AUG26-B95.5,2026-08-27 05:00:00+00:00,0.035,0.01,0,0.017071287608195502,0.0199973071797084,0.035
KXHIGHTDC-26AUG26-T85,2026-08-27 05:00:00+00:00,0.105,0.05,0,0.07919367496472257,0.06879602746578375,0.105
KXRAIN-26AUG26-NOLA,2026-08-27 05:00:00+00:00,0.63,0.02,0,0.6399406087602079,0.6334641510106984,0.63
KXLEAGUESCUPADVANCE-26AUG26AMECLB-AME,2026-08-27 05:00:33+00:00,0.715,0.01,1,0.7094964189125248,0.698898683136125,0.715
KXLOWTCHI-26AUG26-B66.5,2026-08-27 06:00:00+00:00,0.485,0.09,0,0.43300006437384425,0.4118964235199568,0.485
KXLOWTNOLA-26AUG26-B72.5,2026-08-27 06:00:00+00:00,0.075,0.11,0,0.05683872744697068,0.04247637394027245,0.075
KXITFDOUBLES-26AUG24HAZICHMAOENY-HAZICH,2026-08-27 06:10:53+00:00,0.78,0.0999999999999999,1,0.7821510708737129,0.8145059615735015,0.78
KXWTAGTOTAL-26AUG26ALETAU-28,2026-08-27 06:32:33+00:00,0.5,0.96,1,0.45276791412236134,0.396704938490655,0.5
KXHIGHDEN-26AUG26-B82.5,2026-08-27 07:00:00+00:00,0.035,0.03,0,0.017071287608195502,0.01941243131021968,0.035
KXLOWTPHX-26AUG26-B86.5,2026-08-27 07:00:00+00:00,0.04,0.06,0,0.022176730359091266,0.020428378304002286,0.04
KXLOWTPHX-26AUG26-T89,2026-08-27 07:00:00+00:00,0.875,0.09,1,0.9151476822647294,0.875695538702578,0.875
KXHIGHTLV-26AUG26-B111.5,2026-08-27 08:00:00+00:00,0.5,0.02,0,0.45276791412236134,0.48660701077512797,0.5
KXLOWTLAX-26AUG26-T73,2026-08-27 08:00:00+00:00,0.02,0.0199999999999999,0,0.004203244975394692,0.009975005428771281,0.02
KXLOWTSFO-26AUG26-T52,2026-08-27 08:00:00+00:00,0.02,0.0199999999999999,0,0.004203244975394692,0.010185025041780042,0.02
KXITFDOUBLES-26AUG24BLAHASLOMTAM-BLAHAS,2026-08-27 09:00:58+00:00,0.215,0.11,0,0.18105724197593154,0.2032249292553529,0.215
KXCS2MAP-26AUG270500ICEVIT-1-VIT,2026-08-27 09:50:15+00:00,0.775,0.01,0,0.7745741729545205,0.8246844353575569,0.775
KXT20MATCH-26AUG270330BANNEW-NEW,2026-08-27 11:21:29+00:00,0.59,0.1999999999999999,0,0.58043291555672,0.5027808098731679,0.59
KXNPBSPREAD-26AUG270500YOKHIR-YOK2,2026-08-27 12:05:04+00:00,0.4499999999999999,0.74,1,0.3882215472087819,0.3632036099891277,0.4499999999999999
KXJOBLESSCLAIMS-26AUG27-220000,2026-08-27 12:25:00+00:00,0.04,0.02,0,0.022176730359091266,0.018619286412731074,0.04
KXJOBLESSCLAIMS-26AUG27-225000,2026-08-27 12:25:00+00:00,0.035,0.03,0,0.017071287608195502,0.0166698803802176,0.035
KXNPBSPREAD-26AUG270500FUKCHI-FUK3,2026-08-27 12:25:12+00:00,0.4499999999999999,0.74,0,0.3882215472087819,0.3580983693831969,0.4499999999999999
KXNPBSPREAD-26AUG270500YOMYAK-YAK2,2026-08-27 12:25:12+00:00,0.4499999999999999,0.74,0,0.3882215472087819,0.35743926280835703,0.4499999999999999
KXNPBSPREAD-26AUG270500YOMYAK-YAK3,2026-08-27 12:25:12+00:00,0.4499999999999999,0.74,0,0.3882215472087819,0.3715376501586605,0.4499999999999999
KXNPBTOTAL-26AUG270500TOHORI-10,2026-08-27 12:30:30+00:00,0.5,0.5,1,0.45276791412236134,0.4380759585015183,0.5
KXNPBSPREAD-26AUG270500HANCHU-CHU2,2026-08-27 12:40:06+00:00,0.4499999999999999,0.74,0,0.3882215472087819,0.3675075270491811,0.4499999999999999
KXNPBSPREAD-26AUG270500HANCHU-HAN3,2026-08-27 12:40:06+00:00,0.4499999999999999,0.74,0,0.3882215472087819,0.36923961738265615,0.4499999999999999
KXCS2MAP-26AUG270700LAVBMB-2-BMB,2026-08-27 12:45:36+00:00,0.5,0.56,1,0.45276791412236134,0.44741288253361694,0.5
KXKBOSPREAD-26AUG270530SAMKIW-KIW3,2026-08-27 12:50:08+00:00,0.435,0.63,0,0.37421015977087496,0.36170388279776444,0.435
KXCS2MAP-26AUG2707309ZMOUZ-1-9Z,2026-08-27 12:50:29+00:00,0.42,0.02,0,0.36019877233296793,0.41488130097914955,0.42
KXT20MATCH-26AUG270630DUBBEL-BEL,2026-08-27 13:41:28+00:00,0.51,0.18,1,0.4659464806213727,0.4644310051808662,0.51
KXEARNINGSMENTIONCRM-26AUG26-SLAC,2026-08-27 14:15:16+00:00,0.835,0.01,1,0.8654969479848309,0.8182771229855431,0.835
KXURBN-26NOVCOMP-5,2026-08-27 14:16:37+00:00,0.52,0.0999999999999999,1,0.4791250471203841,0.585222862810444,0.52
KXVBAGAME-26AUG270830CTCCHI-CHI,2026-08-27 14:20:18+00:00,0.47,0.56,1,0.41323221462532717,0.24552290873845903,0.47
KXLOLMAP-26AUG271000MEANBS-1-NBS,2026-08-27 14:45:31+00:00,0.4549999999999999,0.73,1,0.39346436487681,0.35809314404704196,0.4549999999999999
KXCCDELINQ-26AUG30-T2.89,2026-08-27 15:02:58+00:00,0.6499999999999999,0.0799999999999999,0,0.6640470522021944,0.5692437017801315,0.6499999999999999
KXYTVIEWSW-JUS26AUG30-14.0M,2026-08-27 15:19:52+00:00,0.965,0.05,1,0.9791472723887544,0.9760669926753927,0.965
KXLOLMAP-26AUG271000MEANBS-2-MEA,2026-08-27 15:30:40+00:00,0.19,0.18,0,0.15519649844548292,0.1454299663150998,0.19
KXUE-BR26JUL-5.5,2026-08-27 15:45:40+00:00,0.275,0.1499999999999999,0,0.23619583454920529,0.19911144024151942,0.275
KXUECL1H-26AUG27KUPSSHA-TIE,2026-08-27 15:47:10+00:00,0.4549999999999999,0.0499999999999999,1,0.39346436487681,0.43708521080411833,0.4549999999999999
KXUECL1HBTTS-26AUG27KUPSSHA-BTTS,2026-08-27 15:47:38+00:00,0.15,0.04,0,0.1138193087967651,0.11419968990468946,0.15
KXLOLMAP-26AUG271330LDSUPU-1-LDS,2026-08-27 15:50:39+00:00,0.4499999999999999,0.74,1,0.3882215472087819,0.34837574783250835,0.4499999999999999
KXLOLMAP-26AUG271100G2NBIG-1-G2N,2026-08-27 15:55:29+00:00,0.525,0.03,0,0.4857143303698898,0.5267095103203194,0.525
KXLOLMAP-26AUG271100G2NBIG-2-G2N,2026-08-27 16:41:27+00:00,0.525,0.03,1,0.4857143303698898,0.5234116223091299,0.525
KXUECL1H-26AUG27FKJRFC-TIE,2026-08-27 16:47:06+00:00,0.425,0.1099999999999999,1,0.3648692348122703,0.38605457420968414,0.425
KXUEL1H-26AUG27ARACSU-CSU,2026-08-27 16:47:11+00:00,0.3299999999999999,0.06,0,0.2793504402720236,0.29147266439744624,0.3299999999999999
KXUEL1HTOTAL-26AUG27IBEJAG-2,2026-08-27 16:48:29+00:00,0.3199999999999999,0.06,1,0.27150414832242026,0.2789175817052846,0.3199999999999999
KXUECLSCORE-26AUG27ASMGOR-ASM0GOR1,2026-08-27 17:30:33+00:00,0.03,0.04,0,0.01248089983115282,0.0163257909291994,0.03
KXLOLTOTALMAPS-26AUG271100DIADP-4,2026-08-27 17:40:09+00:00,0.435,0.61,0,0.37421015977087496,0.378945420292394,0.435
KXFIBAGAME-26AUG271130SWEFIN-SWE,2026-08-27 17:40:14+00:00,0.275,0.0499999999999999,1,0.23619583454920529,0.23023340625598712,0.275
KXUELFTTS-26AUG27LSKEGR-EGR,2026-08-27 17:40:20+00:00,0.225,0.1699999999999999,1,0.191401539388111,0.1687168230577965,0.225
KXLOLMAP-26AUG271230BOHOT-2-OT,2026-08-27 17:45:18+00:00,0.4499999999999999,0.74,0,0.3882215472087819,0.354101473234986,0.4499999999999999
KXUECL1HTOTAL-26AUG27ESCDRI-3,2026-08-27 17:47:21+00:00,0.415,0.65,0,0.3555283098536656,0.337057317688619,0.415
KXUECL1HTOTAL-26AUG27RFCKI-2,2026-08-27 17:47:21+00:00,0.405,0.0499999999999999,0,0.34618738489506096,0.39051352952396,0.405
KXTRUMPMENTIONB-26AUG25-CHIN,2026-08-27 17:50:23+00:00,0.555,0.19,1,0.5283636840036684,0.5318324130152781,0.555
KXTRUMPMENTIONB-26AUG25-HORM,2026-08-27 17:50:23+00:00,0.355,0.21,1,0.2994827601020376,0.29304172628295816,0.355
KXTRUMPMENTIONB-26AUG25-STOC,2026-08-27 17:50:25+00:00,0.43,0.04,1,0.3695396972915726,0.3567539250128245,0.43
KXTRUMPMENTIONB-26AUG25-CANA,2026-08-27 17:50:26+00:00,0.735,0.2299999999999999,1,0.7234808394387803,0.7284205101827496,0.735
KXUELTEAMTOTAL-26AUG27IBEJAG-IBE3,2026-08-27 17:51:21+00:00,0.095,0.09,0,0.07174202579213862,0.062033937959063645,0.095
KXUECLTEAMTOTAL-26AUG27MTALUG-MTA3,2026-08-27 17:56:06+00:00,0.16,0.08,0,0.12416360620894457,0.11276754999409848,0.16
KXUECL1HTOTAL-26AUG27CZEHAJ-3,2026-08-27 17:57:16+00:00,0.12,0.08,0,0.09037114872359853,0.08308127736631561,0.12
KXUEL1HSPREAD-26AUG27OMOSTT-OMO2,2026-08-27 17:57:25+00:00,0.46,0.9,0,0.40005364812631583,0.3576452719330228,0.46
KXTVSTATSDISNEY-26AUG26-WAN,2026-08-27 17:58:00+00:00,0.42,0.78,0,0.36019877233296793,0.299492565387303,0.42
KXUECLSPREAD-26AUG27MTALUG-LUG2,2026-08-27 18:00:40+00:00,0.125,0.03,0,0.0940969733098905,0.07973423347833974,0.125
KXUECLSCORE-26AUG27MTALUG-MTA0LUG2,2026-08-27 18:00:43+00:00,0.045,0.05,0,0.02728217310998703,0.026062558697908467,0.045
KXUECLSCORE-26AUG27MTALUG-MTA2LUG0,2026-08-27 18:00:43+00:00,0.05,0.04,0,0.032387615860882804,0.029985140583974102,0.05
KXUECLSCORE-26AUG27MTALUG-MTA2LUG1,2026-08-27 18:00:43+00:00,0.075,0.05,0,0.05683872744697068,0.04807426972548529,0.075
KXUECLSCORE-26AUG27MTALUG-MTA3LUG2,2026-08-27 18:00:43+00:00,0.025,0.03,0,0.008342072403273759,0.01336602427737078,0.025
KXUELSPREAD-26AUG27ARACSU-CSU3,2026-08-27 18:00:44+00:00,0.07,0.0399999999999999,0,0.05280938686446588,0.045213355221448995,0.07
KXUELSCORE-26AUG27ARACSU-ARA0CSU2,2026-08-27 18:00:49+00:00,0.065,0.07,0,0.0477039441135701,0.04028358836345194,0.065
KXUELTOTAL-26AUG27ARACSU-2,2026-08-27 18:00:49+00:00,0.71,0.02,0,0.706000313780961,0.714776692939059,0.71
KXUELADVANCE-26AUG27ARACSU-CSU,2026-08-27 18:00:51+00:00,0.615,0.07,0,0.6176252238089,0.5978454357326786,0.615
KXCS2MAP-26AUG271300EXMANAMAI-1-MAI,2026-08-27 18:09:13+00:00,0.445,0.7899999999999999,1,0.38355108472947963,0.3532466028248004,0.445
KXUECLSCORE-26AUG27QARTWE-QAR1TWE0,2026-08-27 18:10:55+00:00,0.065,0.0499999999999999,0,0.0477039441135701,0.04037791484974755,0.065
KXUECLSCORE-26AUG27SCFMOT-SCF2MOT0,2026-08-27 18:10:58+00:00,0.095,0.09,0,0.07174202579213862,0.06191097275294435,0.095
KXUECLSPREAD-26AUG27QARTWE-TWE2,2026-08-27 18:14:30+00:00,0.2,0.04,0,0.16554079585766238,0.14241215958337392,0.2
KXUECLTOTAL-26AUG27QARTWE-2,2026-08-27 18:14:30+00:00,0.775,0.03,1,0.7745741729545205,0.8072891327407419,0.775
KXUECLGAME-26AUG27QARTWE-TWE,2026-08-27 18:18:14+00:00,0.43,0.02,1,0.3695396972915726,0.4065294866717547,0.43
KXUECLTOTAL-26AUG27STGNJA-2,2026-08-27 18:25:59+00:00,0.825,0.0299999999999999,1,0.8503431521464457,0.8405452985965095,0.825
KXUELTOTAL-26AUG27RBSMJA-1,2026-08-27 18:26:01+00:00,0.96,0.02,1,0.9769299609904613,0.9652370336120313,0.96
KXLOLGAME-26AUG271300ZNTMCN-MCN,2026-08-27 18:29:49+00:00,0.5700000000000001,0.0399999999999999,1,0.5506790689549763,0.5638082800765767,0.5700000000000001
KXWTI-26AUG2714-T79.99,2026-08-27 18:30:00+00:00,0.905,0.01,1,0.9489128162801541,0.9447198007578468,0.905
KXWTI-26AUG2714-T81.49,2026-08-27 18:30:00+00:00,0.74,0.04,1,0.7269769445703441,0.8125199157034875,0.74
KXLOLTOTALMAPS-26AUG271230BOHOT-3,2026-08-27 18:30:10+00:00,0.435,0.61,1,0.37421015977087496,0.35148498792128524,0.435
KXUECLSCORE-26AUG27RFCKI-RFC0KI0,2026-08-27 18:30:34+00:00,0.04,0.06,0,0.022176730359091266,0.022367035704222375,0.04
KXUECLTOTAL-26AUG27SCFMOT-4,2026-08-27 18:33:47+00:00,0.44,0.02,1,0.37888062225017727,0.37847841053580267,0.44
KXUELTEAMTOTAL-26AUG27RBSMJA-RBS2,2026-08-27 18:36:05+00:00,0.755,0.05,1,0.7442665812777502,0.7669325443123409,0.755
KXUECLTEAMTOTAL-26AUG27ASMGOR-GOR2,2026-08-27 18:41:12+00:00,0.215,0.09,0,0.18105724197593154,0.17044048845108356,0.215
KXUECLSCORE-26AUG27RFCKI-RFC1KI0,2026-08-27 18:50:34+00:00,0.075,0.09,0,0.05683872744697068,0.04665346948090089,0.075
KXUECLSCORE-26AUG27AJASIO-AJA2SIO1,2026-08-27 18:50:36+00:00,0.08,0.04,0,0.060564552033262664,0.045832074977350715,0.08
KXUECLTOTAL-26AUG27ESCDRI-1,2026-08-27 18:50:51+00:00,0.925,0.01,0,0.9714229056237705,0.9426444917735877,0.925
KXUECLTOTAL-26AUG27AJASIO-4,2026-08-27 18:50:54+00:00,0.495,0.01,1,0.44617863087285564,0.48753119676384926,0.495
KXUECLTEAMTOTAL-26AUG27CZEHAJ-CZE1,2026-08-27 18:51:15+00:00,0.7749999999999999,0.0899999999999999,1,0.7745741729545202,0.7793076750633773,0.7749999999999999
KXUECLTEAMTOTAL-26AUG27ESCDRI-ESC1,2026-08-27 18:51:16+00:00,0.825,0.1099999999999999,0,0.8503431521464457,0.8419266358311175,0.825
KXUELTEAMTOTAL-26AUG27KAZBES-BES2,2026-08-27 18:51:21+00:00,0.625,0.05,0,0.6325021471097718,0.6250122126475002,0.625
KXUELTEAMTOTAL-26AUG27KAZBES-KAZ1,2026-08-27 18:51:21+00:00,0.485,0.0499999999999999,1,0.43300006437384425,0.46937197564277167,0.485
KXUELTEAMTOTAL-26AUG27LSKEGR-LSK2,2026-08-27 18:51:22+00:00,0.595,0.05,0,0.587871377207156,0.5942912183927043,0.595
KXUELTEAMTOTAL-26AUG27RBSMJA-MJA1,2026-08-27 18:51:24+00:00,0.495,0.05,0,0.44617863087285564,0.4822837677482473,0.495
KXUEL1H-26AUG27CSKOFI-CSK,2026-08-27 18:52:04+00:00,0.505,0.09,0,0.45935719737186703,0.4793354633417545,0.505
KXUEL1H-26AUG27CSKOFI-OFI,2026-08-27 18:52:04+00:00,0.105,0.05,1,0.07919367496472257,0.07221876756801544,0.105
KXUEL1HTOTAL-26AUG27AGFBEN-3,2026-08-27 18:57:25+00:00,0.13,0.14,0,0.09782279789618249,0.08867665656394122,0.13
KXUECLTEAMTOTAL-26AUG27CZEHAJ-CZE3,2026-08-27 19:00:18+00:00,0.175,0.09,0,0.13968005232721373,0.12009239378635231,0.175
KXUECLTEAMTOTAL-26AUG27RFCKI-RFC2,2026-08-27 19:00:22+00:00,0.6499999999999999,0.12,1,0.6640470522021944,0.6502691996338746,0.6499999999999999
KXUELSCORE-26AUG27KAZBES-KAZ1BES0,2026-08-27 19:01:14+00:00,0.04,0.0399999999999999,1,0.022176730359091266,0.022864353691761027,0.04
KXUELSCORE-26AUG27KAZBES-KAZ1BES2,2026-08-27 19:01:14+00:00,0.08,0.0799999999999999,0,0.060564552033262664,0.05055548749769032,0.08
KXUECLSPREAD-26AUG27ASMGOR-GOR3,2026-08-27 19:04:42+00:00,0.03,0.04,0,0.01248089983115282,0.018609760559685683,0.03
KXUECLSPREAD-26AUG27SCFMOT-MOT2,2026-08-27 19:04:42+00:00,0.025,0.0099999999999999,0,0.008342072403273759,0.012107389073503604,0.025
KXUECLSPREAD-26AUG27ASMGOR-ASM3,2026-08-27 19:04:43+00:00,0.255,0.05,1,0.22050325064999857,0.19639372989188103,0.255
KXUECLTOTAL-26AUG27HRKPAN-5,2026-08-27 19:04:51+00:00,0.105,0.0099999999999999,0,0.07919367496472257,0.07281770912966092,0.105
KXUELTOTAL-26AUG27RBSMJA-5,2026-08-27 19:05:00+00:00,0.2299999999999999,0.04,0,0.19657368809420062,0.18850363522354835,0.2299999999999999
KXUELTOTAL-26AUG27KAZBES-6,2026-08-27 19:05:01+00:00,0.06,0.04,0,0.04259850136267433,0.03570803147123117,0.06
KXUELGAME-26AUG27KAZBES-KAZ,2026-08-27 19:09:36+00:00,0.095,0.01,1,0.07174202579213862,0.06798925381487952,0.095
KXUECLTEAMTOTAL-26AUG27BRITIL-BRI2,2026-08-27 19:12:12+00:00,0.7949999999999999,0.0899999999999999,1,0.8048817646312905,0.7999237473558856,0.7949999999999999
KXLALIGA1H-26AUG27RCCOSA-RCC,2026-08-27 19:22:10+00:00,0.36,0.02,1,0.3041532225813399,0.3338224281323575,0.36
KXLALIGA1H-26AUG27RCCOSA-TIE,2026-08-27 19:22:10+00:00,0.45,0.02,0,0.38822154720878194,0.4368560898772976,0.45
KXPGAROUNDSCORE-TOC26R1-VHOV67,2026-08-27 19:23:22+00:00,0.395,0.01,1,0.3368464599364563,0.38489469587149816,0.395
KXLOLTOTALMAPS-26AUG271100G2NBIG-4,2026-08-27 19:24:53+00:00,0.73,0.02,1,0.7199847343072164,0.7728439387363427,0.73
KXUELTOTAL-26AUG27AGFBEN-2,2026-08-27 19:25:58+00:00,0.8300000000000001,0.0399999999999999,1,0.8579200500656384,0.8357974216342603,0.8300000000000001
KXLALIGA1HTOTAL-26AUG27RCCOSA-1,2026-08-27 19:26:40+00:00,0.655,0.01,1,0.6675431573337584,0.6739831303791892,0.655
KXLALIGA1HTOTAL-26AUG27RCCOSA-2,2026-08-27 19:26:40+00:00,0.295,0.01,0,0.251888418448412,0.27072908458322603,0.295
KXUECL1HTOTAL-26AUG27BRITIL-2,2026-08-27 19:26:42+00:00,0.495,0.05,1,0.44617863087285564,0.47668457179672724,0.495
KXUEL1HTOTAL-26AUG27RSCALM-2,2026-08-27 19:26:44+00:00,0.355,0.0499999999999999,0,0.2994827601020376,0.3185939896764972,0.355
KXUEL1HTOTAL-26AUG27RSCALM-3,2026-08-27 19:26:44+00:00,0.125,0.07,0,0.0940969733098905,0.08791665787102708,0.125
KXLOLGAME-26AUG271100G2NBIG-G2N,2026-08-27 19:30:37+00:00,0.535,0.01,1,0.4988928968689012,0.5186469827682474,0.535
KXUECLSCORE-26AUG27RFCKI-RFC3KI0,2026-08-27 19:31:25+00:00,0.065,0.07,0,0.0477039441135701,0.039809942746631376,0.065
KXUECLSCORE-26AUG27FCCINT-FCC3INT1,2026-08-27 19:31:27+00:00,0.06,0.06,0,0.04259850136267433,0.036405466352885496,0.06
KXUECLSCORE-26AUG27FCCINT-FCC4INT0,2026-08-27 19:31:27+00:00,0.04,0.0399999999999999,0,0.022176730359091266,0.02302080718321734,0.04
KXLOLMAP-26AUG271400SECOUAT-2-OUAT,2026-08-27 19:35:01+00:00,0.31,0.06,0,0.26365785637281697,0.2693275153521562,0.31
KXCLUBFGAME-26AUG27EBRSSR-SSR,2026-08-27 19:35:33+00:00,0.3299999999999999,0.54,0,0.2793504402720236,0.2509589664173821,0.3299999999999999
KXUECLGAME-26AUG27SKBPAOK-PAOK,2026-08-27 19:35:36+00:00,0.375,0.03,0,0.31816461001924695,0.34637495345436375,0.375
KXUECLTOTAL-26AUG27RFCKI-5,2026-08-27 19:36:30+00:00,0.185,0.0499999999999999,0,0.1500243497393932,0.12886473517745595,0.185
KXPGAH2H-TOC26R1AFITASMA-ASMA,2026-08-27 19:39:35+00:00,0.51,0.02,1,0.4659464806213727,0.5020108668881583,0.51
KXUECL1HSPREAD-26AUG27HIBKAA-HIB2,2026-08-27 19:46:42+00:00,0.495,0.97,0,0.44617863087285564,0.38904857861292663,0.495
KXUECL1HSPREAD-26AUG27LARLIN-LAR2,2026-08-27 19:46:43+00:00,0.495,0.97,0,0.44617863087285564,0.3890485833092754,0.495
KXUECLTEAMTOTAL-26AUG27HTAATA-HTA2,2026-08-27 19:54:07+00:00,0.235,0.09,0,0.20174583680029046,0.18583617106731723,0.235
KXLALIGA1H-26AUG27BARATH-BAR,2026-08-27 19:54:52+00:00,0.555,0.01,1,0.5283636840036684,0.5518631827685077,0.555
KXUECL1H-26AUG27PARGET-PAR,2026-08-27 19:54:52+00:00,0.24,0.06,0,0.2069179855063802,0.19524824617863004,0.24
KXLALIGA1HBTTS-26AUG27BARATH-BTTS,2026-08-27 19:59:26+00:00,0.2,0.06,0,0.16554079585766238,0.15330605480285026,0.2
KXUELSCORE-26AUG27AGFBEN-AGF1BEN3,2026-08-27 20:00:59+00:00,0.06,0.08,1,0.04259850136267433,0.03566115874382113,0.06
KXUELSCORE-26AUG27CSKOFI-CSK0OFI2,2026-08-27 20:01:03+00:00,0.02,0.0199999999999999,1,0.004203244975394692,0.010506414099241815,0.02
KXUECLADVANCE-26AUG27PAFDIC-DIC,2026-08-27 20:01:18+00:00,0.16,0.02,0,0.12416360620894457,0.11293982674099556,0.16
KXUECLADVANCE-26AUG27AJASIO-AJA,2026-08-27 20:01:19+00:00,0.955,0.01,1,0.9764140527891029,0.9652953058178546,0.955
KXUECLTEAMTOTAL-26AUG27STGNJA-STG2,2026-08-27 20:01:51+00:00,0.515,0.05,1,0.4725357638708784,0.4963913627254063,0.515
KXUELGAME-26AUG27THULPO-LPO,2026-08-27 20:03:53+00:00,0.42,0.02,0,0.36019877233296793,0.3822341369902104,0.42
KXFIBAGAME-26AUG271400LVACRO-CRO,2026-08-27 20:04:58+00:00,0.85,0.04,1,0.8870100705852089,0.8584452394425028,0.85
KXUECLSPREAD-26AUG27AJASIO-SIO3,2026-08-27 20:06:14+00:00,0.02,0.0199999999999999,0,0.004203244975394692,0.009021321130300606,0.02
KXUECLSPREAD-26AUG27HTAATA-ATA2,2026-08-27 20:06:14+00:00,0.395,0.01,0,0.3368464599364563,0.3719567829179101,0.395
KXUECLTEAMTOTAL-26AUG27BRITIL-TIL2,2026-08-27 20:25:51+00:00,0.125,0.09,0,0.0940969733098905,0.08679935016683424,0.125
KXPGAROUNDSCORE-TOC26R1-HMAT67,2026-08-27 20:32:28+00:00,0.425,0.01,0,0.3648692348122703,0.41639557343057865,0.425
KXLALIGA2H-26AUG27RCCOSA-TIE,2026-08-27 20:33:16+00:00,0.37,0.0799999999999999,0,0.3134941475399446,0.33331028583329586,0.37
KXLOLMAP-26AUG271400TUNGWD-3-TUNG,2026-08-27 20:33:19+00:00,0.435,0.6900000000000001,0,0.37421015977087496,0.3556801966995274,0.435
KXUECLSCORE-26AUG27BRITIL-BRI0TIL1,2026-08-27 20:33:30+00:00,0.02,0.0199999999999999,0,0.004203244975394692,0.010517250548522577,0.02
KXUECLADVANCE-26AUG27STGNJA-STG,2026-08-27 20:33:31+00:00,0.36,0.02,0,0.3041532225813399,0.3115183599009835,0.36
KXUECLSCORE-26AUG27STGNJA-STG2NJA2,2026-08-27 20:33:34+00:00,0.06,0.06,0,0.04259850136267433,0.036353029460487664,0.06
KXEFLCUPGAME-26AUG27CFCLUT-TIE,2026-08-27 20:36:07+00:00,0.11,0.0199999999999999,0,0.08291949955101456,0.07677197143021271,0.11
KXEFLCUPTOTAL-26AUG27CFCLUT-5,2026-08-27 20:38:44+00:00,0.28,0.0199999999999999,0,0.24011898052400696,0.24479099496640727,0.28
KXUECLTOTAL-26AUG27HIBKAA-2,2026-08-27 20:38:46+00:00,0.69,0.0199999999999999,1,0.6920158932547054,0.6982223422996373,0.69
KXUECLTOTAL-26AUG27PARGET-2,2026-08-27 20:38:46+00:00,0.71,0.04,1,0.706000313780961,0.707815212961758,0.71
KXUECLTOTAL-26AUG27STGNJA-6,2026-08-27 20:38:48+00:00,0.11,0.04,0,0.08291949955101456,0.07632959628018937,0.11
KXUECLSPREAD-26AUG27BBLREY-BBL2,2026-08-27 20:38:49+00:00,0.265,0.03,1,0.2283495425996019,0.2094967932732305,0.265
KXUECLSCORE-26AUG27PARGET-PAR0GET1,2026-08-27 20:40:19+00:00,0.0699999999999999,0.0999999999999999,0,0.05280938686446576,0.04606833646011282,0.0699999999999999
KXMLBEXTRAS-26AUG271305COLWSH-EXTRAS,2026-08-27 20:44:34+00:00,0.095,0.03,0,0.07174202579213862,0.09422752149220827,0.095
KXUECLTEAMTOTAL-26AUG27LARLIN-LAR2,2026-08-27 20:51:09+00:00,0.47,0.06,0,0.41323221462532717,0.4420207768543574,0.47
KXUECLSPREAD-26AUG27LARLIN-LAR2,2026-08-27 20:55:43+00:00,0.245,0.0899999999999999,0,0.21209013421246992,0.16330189792757527,0.245
KXBRENTD-26AUG2717-T85,2026-08-27 21:00:00+00:00,0.8200000000000001,0.0399999999999999,1,0.8427662542272534,0.8646917772656814,0.8200000000000001
KXBRENTD-26AUG2717-T89,2026-08-27 21:00:00+00:00,0.08,0.04,0,0.060564552033262664,0.08026652969824191,0.08
KXCOPPERD-26AUG2717-T6.66,2026-08-27 21:00:00+00:00,0.22,0.0399999999999999,0,0.18622939068202127,0.2913235136975079,0.22
KXCOPPERD-26AUG2717-T6.98,2026-08-27 21:00:00+00:00,0.015,0.01,0,0.0001,0.01007170622145955,0.015
KXNATGASD-26AUG2717-T2.895,2026-08-27 21:00:00+00:00,0.66,0.04,1,0.6710392624653222,0.7574000511142184,0.66
KXSILVERD-26AUG2717-T66.25,2026-08-27 21:00:00+00:00,0.92,0.0399999999999999,1,0.9657953832878665,0.9536518959898578,0.92
KXSILVERD-26AUG2717-T69.50,2026-08-27 21:00:00+00:00,0.15,0.04,0,0.1138193087967651,0.16250469828585112,0.15
KXSILVERD-26AUG2717-T70.50,2026-08-27 21:00:00+00:00,0.06,0.04,0,0.04259850136267433,0.055231292689649256,0.06
KXEFLCUPGAME-26AUG27FULWIM-TIE,2026-08-27 21:04:22+00:00,0.12,0.02,0,0.09037114872359853,0.0854607632309185,0.12
KXUECLGAME-26AUG27LARLIN-LAR,2026-08-27 21:04:24+00:00,0.485,0.01,0,0.43300006437384425,0.4637267672749642,0.485
KXUECLGAME-26AUG27RIJFCM-FCM,2026-08-27 21:04:26+00:00,0.415,0.01,1,0.3555283098536656,0.3754694906975661,0.415
KXUELGAME-26AUG27RSCALM-TIE,2026-08-27 21:04:27+00:00,0.185,0.01,0,0.1500243497393932,0.13636140380480685,0.185
KXEFLCUPBTTS-26AUG27FULWIM-BTTS,2026-08-27 21:05:41+00:00,0.435,0.01,0,0.37421015977087496,0.4144762873097327,0.435
KXLALIGATOTAL-26AUG27RCCOSA-3,2026-08-27 21:05:45+00:00,0.405,0.0099999999999999,1,0.34618738489506096,0.37087438241862186,0.405
KXUECLTOTAL-26AUG27BRITIL-4,2026-08-27 21:05:48+00:00,0.485,0.03,1,0.43300006437384425,0.4634030798388424,0.485
KXUECLSPREAD-26AUG27RIJFCM-FCM2,2026-08-27 21:05:52+00:00,0.185,0.0499999999999999,1,0.1500243497393932,0.1255971974800389,0.185
KXUECLSPREAD-26AUG27RIJFCM-FCM3,2026-08-27 21:05:52+00:00,0.08,0.0199999999999999,1,0.060564552033262664,0.04701267072378494,0.08
KXNCAAMSOCCERGAME-26AUG27THOCHI-CHI,2026-08-27 21:13:56+00:00,0.48,0.86,0,0.42641078112433856,0.37892067535886864,0.48
KXLALIGATCORNERS-26AUG27BARATH-BAR7,2026-08-27 21:30:05+00:00,0.4649999999999999,0.0499999999999999,1,0.4066429313758214,0.45797659929882173,0.4649999999999999
KXLALIGAGAME-26AUG27BARATH-TIE,2026-08-27 21:33:07+00:00,0.135,0.01,0,0.10154862248247448,0.08841626100725097,0.135
KXPGAR1LEAD-TOC26-KREI,2026-08-27 21:58:15+00:00,0.0185,0.001,0,0.0029615967470309717,0.010469582044514952,0.0185
KXPGAR1TOP10-TOC26-ABHA,2026-08-27 21:59:48+00:00,0.26,0.0799999999999999,1,0.22442639662480024,0.23173836015474447,0.26
KXPGAR1TOP10-TOC26-RFOX,2026-08-27 21:59:49+00:00,0.225,0.09,1,0.191401539388111,0.17012804789606098,0.225
KXPGAR1TOP10-TOC26-RGER,2026-08-27 21:59:49+00:00,0.215,0.33,1,0.18105724197593154,0.17735624072997452,0.215
KXPGAR1TOP10-TOC26-TKIM,2026-08-27 21:59:50+00:00,0.21,0.32,0,0.1758850932698418,0.1424503024066886,0.21
KXPGAR1TOP10-TOC26-CAME,2026-08-27 21:59:53+00:00,0.265,0.41,0,0.2283495425996019,0.1870946531108364,0.265
KXPGAR1TOP5-TOC26-RMCI,2026-08-27 22:19:37+00:00,0.295,0.01,0,0.251888418448412,0.2535850335213187,0.295
KXPGAR1TOP5-TOC26-LABE,2026-08-27 22:19:39+00:00,0.245,0.01,1,0.21209013421246992,0.21622469319898946,0.245
KXNCAAMSOCCERGAME-26AUG27STOMER-MER,2026-08-27 22:38:46+00:00,0.48,0.86,0,0.42641078112433856,0.3792226198781952,0.48
KXLOLMAP-26AUG271700MISSCONT-2-CONT,2026-08-27 23:10:08+00:00,0.39,0.0399999999999999,1,0.332175997457154,0.3605161237242234,0.39
KXNCAAMSOCCERGAME-26AUG27DUQMOU-MOU,2026-08-27 23:12:46+00:00,0.475,0.85,0,0.41982149787483286,0.3750342062224214,0.475
KXMLBRFI-26AUG271905HOUNYY,2026-08-27 23:29:42+00:00,0.48,0.0399999999999999,0,0.42641078112433856,0.4565242937705686,0.48
KXNCAAF1H-26AUG27METOWS-ME,2026-08-27 23:33:42+00:00,0.48,0.94,1,0.42641078112433856,0.3763301075207408,0.48
KXNCAAF1H-26AUG27METOWS-TIE,2026-08-27 23:33:42+00:00,0.3,0.5399999999999999,0,0.2558115644232136,0.23121616363648875,0.3
KXMLBRFI-26AUG271910MILNYM,2026-08-27 23:34:28+00:00,0.435,0.03,1,0.37421015977087496,0.3967686717070105,0.435
KXNFL1QSPREAD-26AUG27PITBUF-PIT3,2026-08-27 23:44:17+00:00,0.405,0.49,1,0.34618738489506096,0.32888583882185957,0.405
KXNFL1QTOTAL-26AUG27PITBUF-15,2026-08-27 23:44:19+00:00,0.06,0.02,1,0.04259850136267433,0.03738914548507636,0.06
KXNFL1QTOTAL-26AUG27PITBUF-4,2026-08-27 23:44:19+00:00,0.725,0.01,1,0.7164886291756525,0.7617025039323433,0.725
KXNFL2QTOTAL-26AUG27PITBUF-4,2026-08-28 00:28:29+00:00,0.78,0.38,1,0.7821510708737129,0.7873531425914057,0.78
KXNCAAFTOTAL-26AUG27STONDSU-35,2026-08-28 00:30:12+00:00,0.78,0.2199999999999999,1,0.7821510708737129,0.7740484072679352,0.78
KXNCAAF1H-26AUG27HCUSELA-SELA,2026-08-28 00:33:54+00:00,0.515,0.8899999999999999,0,0.4725357638708784,0.41822483711747604,0.515
KXNCAAFTOTAL-26AUG27METOWS-29,2026-08-28 00:34:47+00:00,0.7649999999999999,0.13,1,0.7594203771161352,0.7638233313017126,0.7649999999999999
KXNFL1QTOTAL-26AUG27SFLV-11,2026-08-28 00:44:10+00:00,0.35,0.1399999999999999,0,0.29504302417123035,0.30969931718896176,0.35
KXNFL1QTOTAL-26AUG27SFLV-25,2026-08-28 00:44:10+00:00,0.065,0.03,0,0.0477039441135701,0.03456333281448919,0.065
KXVALORANTMAP-26AUG272000MIBRLEV-2-MIBR,2026-08-28 00:45:05+00:00,0.4,0.0199999999999999,0,0.34151692241575865,0.384990324547957,0.4
KXNFL1Q-26AUG27NECLE-TIE,2026-08-28 00:50:23+00:00,0.26,0.02,0,0.22442639662480024,0.20326989641973645,0.26
KXNFLTOTAL-26AUG27PITBUF-34,2026-08-28 01:07:26+00:00,0.5549999999999999,0.0299999999999999,1,0.5283636840036682,0.5276055026381089,0.5549999999999999
KXNCAAFTOTAL-26AUG27MHUYSU-52,2026-08-28 01:14:42+00:00,0.6,0.1799999999999999,1,0.595309838857592,0.5791717234610154,0.6
KXNCAAFTOTAL-26AUG27MHUYSU-56,2026-08-28 01:14:42+00:00,0.395,0.2299999999999999,0,0.3368464599364563,0.31270763544094726,0.395
KXNCAAFTOTAL-26AUG27MHUYSU-70,2026-08-28 01:14:43+00:00,0.215,0.11,0,0.18105724197593154,0.16141968713003257,0.215
KXNCAAFTOTAL-26AUG27STONDSU-54,2026-08-28 01:14:45+00:00,0.38,0.3799999999999999,1,0.3228350724985493,0.29960715800066196,0.38
KXNCAAFSPREAD-26AUG27MHUYSU-YSU15,2026-08-28 01:14:48+00:00,0.745,0.25,1,0.7304730497019081,0.6804151828106224,0.745
KXFIBAGAME-26AUG271910USACHI-USA,2026-08-28 01:14:57+00:00,0.955,0.01,1,0.9764140527891029,0.9709408295035138,0.955
KXNFL2QTOTAL-26AUG27SFLV-15,2026-08-28 01:26:14+00:00,0.305,0.3299999999999999,0,0.2597347103980153,0.2309010807960256,0.305
KXLOLTOTALMAPS-26AUG271700MISSCONT-5,2026-08-28 01:34:48+00:00,0.345,0.0299999999999999,0,0.2911198781964287,0.3228309621311002,0.345
KXNCAAFTOTAL-26AUG27METOWS-32,2026-08-28 01:54:41+00:00,0.7050000000000001,0.13,1,0.7025042086493971,0.7041290144689816,0.7050000000000001
KXNCAAFTOTAL-26AUG27MVSUNICH-36,2026-08-28 01:54:46+00:00,0.7949999999999999,0.17,1,0.8048817646312905,0.795730572594068,0.7949999999999999
KXNCAAFTOTAL-26AUG27CARKUTM-32,2026-08-28 01:54:49+00:00,0.825,0.15,1,0.8503431521464457,0.8317554812600475,0.825
KXNFLSPREAD-26AUG27PITBUF-PIT5,2026-08-28 01:59:54+00:00,0.265,0.01,0,0.2283495425996019,0.26254015851791035,0.265
KXNFL4Q-26AUG27PITBUF-PIT,2026-08-28 02:01:55+00:00,0.395,0.21,0,0.3368464599364563,0.369841002125899,0.395
KXNFL4QSPREAD-26AUG27PITBUF-PIT11,2026-08-28 02:01:58+00:00,0.175,0.27,0,0.13968005232721373,0.11164080269952263,0.175
KXNFL4QTOTAL-26AUG27PITBUF-11,2026-08-28 02:01:59+00:00,0.51,0.6199999999999999,1,0.4659464806213727,0.43483993985832453,0.51
KXNFL4QTOTAL-26AUG27PITBUF-15,2026-08-28 02:01:59+00:00,0.32,0.4,1,0.27150414832242037,0.24485814365545772,0.32
KXMLBGAME-26AUG271905HOUNYY-NYY,2026-08-28 02:04:39+00:00,0.595,0.01,0,0.587871377207156,0.5956049225573321,0.595
KXNCAAFSPREAD-26AUG27CHATUWGA-CHAT5,2026-08-28 02:04:51+00:00,0.415,0.19,1,0.3555283098536656,0.3613077661635138,0.415
KXNCAAFSPREAD-26AUG27CHATUWGA-CHAT12,2026-08-28 02:04:52+00:00,0.235,0.2299999999999999,1,0.20174583680029046,0.17421990934574882,0.235
KXNCAAFGAME-26AUG27CHATUWGA-UWGA,2026-08-28 02:04:57+00:00,0.455,0.01,0,0.39346436487681014,0.42361448913974586,0.455
KXNCAAFGAME-26AUG27METOWS-TOWS,2026-08-28 02:04:58+00:00,0.595,0.01,0,0.587871377207156,0.563596659947829,0.595
KXNCAAFGAME-26AUG27OHDUMORE-MORE,2026-08-28 02:04:58+00:00,0.785,0.01,0,0.7897279687929055,0.7993985853457601,0.785
KXNCAAFTOTAL-26AUG27WEBBPEAY-44,2026-08-28 02:09:52+00:00,0.7250000000000001,0.13,1,0.7164886291756526,0.7116570391189702,0.7250000000000001
KXNCAAFSPREAD-26AUG27METOWS-TOWS3,2026-08-28 02:10:10+00:00,0.535,0.01,0,0.4988928968689012,0.5326022311980175,0.535
KXNCAAFSPREAD-26AUG27METOWS-ME11,2026-08-28 02:10:11+00:00,0.18,0.18,0,0.14485220103330346,0.13118771457754558,0.18
KXNCAAFSPREAD-26AUG27METOWS-ME17,2026-08-28 02:10:12+00:00,0.12,0.1,0,0.09037114872359853,0.0677115838583092,0.12
KXNFL3QTOTAL-26AUG27SFLV-7,2026-08-28 02:12:06+00:00,0.53,0.3999999999999999,0,0.4923036136193955,0.49160962448696743,0.53
KXNFL3QSPREAD-26AUG27NECLE-NE3,2026-08-28 02:14:04+00:00,0.415,0.49,0,0.3555283098536656,0.34676834905548815,0.415
KXNFL3QTOTAL-26AUG27NECLE-7,2026-08-28 02:14:05+00:00,0.53,0.3999999999999999,0,0.4923036136193955,0.4916149513310807,0.53
KXNFL3QTOTAL-26AUG27NECLE-8,2026-08-28 02:14:05+00:00,0.4649999999999999,0.53,0,0.4066429313758214,0.3966899822967439,0.4649999999999999
KXNCAAFSPREAD-26AUG27EIUMURR-EIU4,2026-08-28 02:19:53+00:00,0.3299999999999999,0.2799999999999999,1,0.2793504402720236,0.26108660545780416,0.3299999999999999
KXNCAAFSPREAD-26AUG27EIUMURR-MURR2,2026-08-28 02:19:53+00:00,0.515,0.01,0,0.4725357638708784,0.5286789692553573,0.515
KXWNBASPREAD-26AUG27GSNY-NY7,2026-08-28 02:24:40+00:00,0.375,0.03,0,0.31816461001924695,0.33670963097870876,0.375
KXWNBATOTAL-26AUG27GSNY-171,2026-08-28 02:24:42+00:00,0.32,0.02,0,0.27150414832242037,0.2727094149781562,0.32
KXNCAAFSPREAD-26AUG27CHSOLINW-LINW7,2026-08-28 02:24:45+00:00,0.62,0.1799999999999999,0,0.6250636854593359,0.539734123232765,0.62
KXNCAAFSPREAD-26AUG27CHSOLINW-CHSO7,2026-08-28 02:24:47+00:00,0.175,0.21,0,0.13968005232721373,0.125850816534687,0.175
KXNCAAFSPREAD-26AUG27HCUSELA-SELA46,2026-08-28 02:30:06+00:00,0.16,0.1599999999999999,0,0.12416360620894457,0.11141567488663236,0.16
KXNCAAFSPREAD-26AUG27HCUSELA-SELA15,2026-08-28 02:30:07+00:00,0.73,0.04,0,0.7199847343072164,0.7481307150797241,0.73
KXNCAAFSPREAD-26AUG27MVSUNICH-NICH31,2026-08-28 02:30:10+00:00,0.445,0.01,1,0.38355108472947963,0.42238295264531195,0.445
KXNCAAFSPREAD-26AUG27MVSUNICH-NICH34,2026-08-28 02:30:10+00:00,0.415,0.09,1,0.3555283098536656,0.3605205261980039,0.415
KXNCAAFGAME-26AUG27MVSUNICH-NICH,2026-08-28 02:30:11+00:00,0.965,0.01,1,0.9791472723887544,0.971600348712885,0.965
KXNCAAFSPREAD-26AUG27MVSUNICH-NICH17,2026-08-28 02:30:11+00:00,0.73,0.1799999999999999,1,0.7199847343072164,0.7259233864366557,0.73
KXNCAAFSPREAD-26AUG27MVSUNICH-NICH22,2026-08-28 02:30:11+00:00,0.665,0.15,1,0.674535367596886,0.6053009050452556,0.665
KXNCAAFSPREAD-26AUG27STONDSU-DSU2,2026-08-28 02:30:16+00:00,0.325,0.35,1,0.275427294297222,0.25330977328772,0.325
KXNCAAFSPREAD-26AUG27STONDSU-DSU10,2026-08-28 02:30:17+00:00,0.195,0.2299999999999999,0,0.16036864715157265,0.13675010469471882,0.195
KXNCAAF1H-26AUG27EIUMURR-TIE,2026-08-28 02:35:57+00:00,0.505,0.95,1,0.45935719737186703,0.4024914398287505,0.505
KXNCAAFTOTAL-26AUG27LIUUND-49,2026-08-28 02:39:59+00:00,0.48,0.02,1,0.42641078112433856,0.44754789762839053,0.48
KXNFL1QTOTAL-26AUG27LARLAC-8,2026-08-28 02:43:55+00:00,0.35,0.3,1,0.29504302417123035,0.2918226053116239,0.35
KXNFLSPREAD-26AUG27NECLE-NE4,2026-08-28 02:49:45+00:00,0.425,0.01,0,0.3648692348122703,0.4115132023009987,0.425
KXNFLSPREAD-26AUG27NECLE-CLE7,2026-08-28 02:49:46+00:00,0.22,0.02,1,0.18622939068202127,0.16607572448988056,0.22
KXNFLSPREAD-26AUG27SFLV-LV4,2026-08-28 02:59:55+00:00,0.4649999999999999,0.0099999999999999,0,0.4066429313758214,0.45827344120231067,0.4649999999999999
KXNCAAFSPREAD-26AUG27CARKUTM-UTM7,2026-08-28 03:00:00+00:00,0.355,0.1499999999999999,0,0.2994827601020376,0.30046946591189744,0.355
KXNFL4QSPREAD-26AUG27SFLV-LV11,2026-08-28 03:07:49+00:00,0.175,0.27,0,0.13968005232721373,0.11129731085252134,0.175
KXNFL4QSPREAD-26AUG27SFLV-LV7,2026-08-28 03:07:49+00:00,0.285,0.35,0,0.2440421264988086,0.2061429476722294,0.285
KXNCAAMSOCCERGAME-26AUG27NORMAR-TIE,2026-08-28 03:10:55+00:00,0.47,0.84,0,0.41323221462532717,0.3676668199955512,0.47
KXNCAAMSOCCERGAME-26AUG27LUCMIL-MIL,2026-08-28 03:10:56+00:00,0.48,0.86,0,0.42641078112433856,0.37873874957749126,0.48
KXNCAAFSPREAD-26AUG27WEBBPEAY-PEAY21,2026-08-28 03:14:51+00:00,0.3399999999999999,0.1599999999999999,0,0.28719673222162695,0.280654334552058,0.3399999999999999
KXNCAAFSPREAD-26AUG27WEBBPEAY-PEAY31,2026-08-28 03:14:51+00:00,0.2,0.22,0,0.16554079585766238,0.2124527381902878,0.2
KXNCAAFSPREAD-26AUG27WEBBPEAY-WEBB8,2026-08-28 03:14:54+00:00,0.11,0.0799999999999999,0,0.08291949955101456,0.07094481993970655,0.11
KXNCAAFTOTAL-26AUG27WEBBPEAY-80,2026-08-28 03:14:56+00:00,0.175,0.17,0,0.13968005232721373,0.1190281509470675,0.175
KXNCAAFTOTAL-26AUG27LIUUND-66,2026-08-28 03:19:46+00:00,0.2199999999999999,0.1399999999999999,0,0.18622939068202116,0.16047702183437224,0.2199999999999999
KXNCAAFSPREAD-26AUG27LIUUND-UND7,2026-08-28 03:19:48+00:00,0.865,0.09,1,0.9038926375929213,0.8677266320588164,0.865
KXNCAAFGAME-26AUG27LIUUND-LIU,2026-08-28 03:19:54+00:00,0.045,0.01,0,0.02728217310998703,0.024918826386306867,0.045
KXNFL1H-26AUG27LARLAC-LAR,2026-08-28 03:25:39+00:00,0.365,0.0499999999999999,1,0.3088236850606423,0.30421461801653904,0.365
KXNFL2QSPREAD-26AUG27LARLAC-LAR3,2026-08-28 03:25:46+00:00,0.385,0.53,1,0.3275055349778516,0.30327581036809187,0.385
KXNFL2QTOTAL-26AUG27LARLAC-11,2026-08-28 03:25:47+00:00,0.51,0.6599999999999999,0,0.4659464806213727,0.429166740960771,0.51
KXCPLTEAMTOTAL-26AUG271900JAMSKN-JAM165,2026-08-28 03:30:04+00:00,0.585,0.79,1,0.572994453906284,0.4933896638037386,0.585
KXNCAAFGAME-26AUG27UVAWPRE-PRE,2026-08-28 03:34:47+00:00,0.97,0.02,1,0.9847328244274809,0.9780945315425539,0.97
KXBIGBROTHERELIMINATION-26AUG27-HAL,2026-08-28 03:59:00+00:00,0.015,0.01,0,0.0001,0.006029677013471485,0.015
KXMLBEXTRAS-26AUG272145AZSF-EXTRAS,2026-08-28 04:24:25+00:00,0.095,0.01,0,0.07174202579213862,0.06335159050363273,0.095
KXWNBAGAME-26AUG27WSHPHX-PHX,2026-08-28 04:29:59+00:00,0.405,0.0099999999999999,0,0.34618738489506096,0.35193338005619096,0.405
KXWNBATOTAL-26AUG27WSHPHX-163,2026-08-28 04:30:01+00:00,0.605,0.01,0,0.602748300508028,0.6255504470849133,0.605
KXWNBATOTAL-26AUG27WSHPHX-166,2026-08-28 04:30:01+00:00,0.525,0.01,0,0.4857143303698898,0.5183361232839905,0.525
KXNFLTOTAL-26AUG27LARLAC-31,2026-08-28 04:35:27+00:00,0.74,0.06,1,0.7269769445703441,0.75046874798768,0.74
KXHIGHNY-26AUG27-B86.5,2026-08-28 05:00:00+00:00,0.015,0.01,0,0.0001,0.0076530037984029395,0.015
KXHIGHTATL-26AUG27-T86,2026-08-28 05:00:00+00:00,0.075,0.0099999999999999,0,0.05683872744697068,0.04976245250517679,0.075
KXLOWTBOS-26AUG27-T63,2026-08-28 05:00:00+00:00,0.035,0.03,0,0.017071287608195502,0.019265591714013614,0.035
KXRAIN-26AUG27-AUS,2026-08-28 05:00:00+00:00,0.475,0.07,1,0.41982149787483286,0.4507993981120066,0.475
KXRAIN-26AUG27-OKC,2026-08-28 05:00:00+00:00,0.295,0.1099999999999999,0,0.251888418448412,0.2302143001288674,0.295
KXNFLSPREAD-26AUG27LARLAC-LAC11,2026-08-28 05:01:27+00:00,0.255,0.03,0,0.22050325064999857,0.2170424072409752,0.255
KXNFLTOTAL-26AUG27LARLAC-49,2026-08-28 05:01:27+00:00,0.22,0.02,0,0.18622939068202127,0.1885736293828542,0.22
KXNFLSPREAD-26AUG27LARLAC-LAR11,2026-08-28 05:01:29+00:00,0.095,0.01,0,0.07174202579213862,0.06612134068627276,0.095
KXNCAAMSOCCERGAME-26AUG27SANMAR-MAR,2026-08-28 05:08:41+00:00,0.48,0.86,0,0.42641078112433856,0.3787065411255194,0.48
KXHIGHAUS-26AUG27-B105.5,2026-08-28 06:00:00+00:00,0.105,0.0099999999999999,0,0.07919367496472257,0.07757087585851652,0.105
KXHIGHTHOU-26AUG27-T96,2026-08-28 06:00:00+00:00,0.54,0.0599999999999999,0,0.5060482990523605,0.5030779908640847,0.54
KXHIGHTOKC-26AUG27-B97.5,2026-08-28 06:00:00+00:00,0.215,0.01,0,0.18105724197593154,0.18023846925177414,0.215
KXLOWTDAL-26AUG27-T74,2026-08-28 06:00:00+00:00,0.02,0.0199999999999999,0,0.004203244975394692,0.009725075186994347,0.02
KXLOWTHOU-26AUG27-B75.5,2026-08-28 06:00:00+00:00,0.04,0.02,0,0.022176730359091266,0.02476820528305803,0.04
KXLOLMAP-26AUG280200NIPEDG-1-NIP,2026-08-28 06:50:31+00:00,0.605,0.01,1,0.602748300508028,0.6491199741353679,0.605
KXHIGHTPHX-26AUG27-B118.5,2026-08-28 07:00:00+00:00,0.015,0.01,0,0.0001,0.007625703662911093,0.015
KXLOWTDEN-26AUG27-B56.5,2026-08-28 07:00:00+00:00,0.22,0.0399999999999999,0,0.18622939068202127,0.17949385805665904,0.22
KXLOWTPHX-26AUG27-B84.5,2026-08-28 07:00:00+00:00,0.025,0.03,0,0.008342072403273759,0.012724967479782866,0.025
KXHIGHLAX-26AUG27-B82.5,2026-08-28 08:00:00+00:00,0.04,0.02,0,0.022176730359091266,0.02359193337854147,0.04
KXHIGHLAX-26AUG27-B88.5,2026-08-28 08:00:00+00:00,0.235,0.03,0,0.20174583680029046,0.2022263435552328,0.235
KXHIGHLAX-26AUG27-T89,2026-08-28 08:00:00+00:00,0.115,0.03,1,0.08664532413730655,0.08578283124178072,0.115
KXHIGHTSAN-26AUG27-B88.5,2026-08-28 08:00:00+00:00,0.41,0.8,0,0.35085784737436326,0.32119998378575026,0.41
KXDOTA2MAP-26AUG280300STXLYNX-2-STX,2026-08-28 08:30:46+00:00,0.435,0.6900000000000001,0,0.37421015977087496,0.3487840080404352,0.435
KXT20MATCH-26AUG280330BANSTR-BAN,2026-08-28 11:21:21+00:00,0.5,0.48,1,0.45276791412236134,0.42809120800831024,0.5
KXCS2GAME-26AUG280400EXRSASHI-EXR,2026-08-28 12:09:57+00:00,0.245,0.03,1,0.21209013421246992,0.21766239725609923,0.245
KXCS2GAME-26AUG280400FAZEUNEAC-FAZEUN,2026-08-28 12:20:11+00:00,0.41,0.4,0,0.35085784737436326,0.3527854847388706,0.41
KXCS2TOTALMAPS-26AUG280400FAZEUNEAC-3,2026-08-28 12:20:36+00:00,0.445,0.87,1,0.38355108472947963,0.34571024336057793,0.445
KXCS2MAP-26AUG280730TSG2-1-G2,2026-08-28 12:45:24+00:00,0.32,0.04,0,0.27150414832242037,0.29753654394577395,0.32
KXCS2TOTALMAPS-26AUG280700BWMZP-3,2026-08-28 12:55:03+00:00,0.445,0.87,0,0.38355108472947963,0.34565725295398647,0.445
KXCS2GAME-26AUG280700BWMZP-BW,2026-08-28 13:00:19+00:00,0.295,0.07,1,0.251888418448412,0.26322825047913423,0.295
KXDARTSMATCH-26AUG280905JRICMDEN-JRIC,2026-08-28 13:19:58+00:00,0.5,0.94,0,0.45276791412236134,0.3979958406740941,0.5
KXT20MATCH-26AUG280500CALALL-ALL,2026-08-28 13:21:12+00:00,0.51,0.1599999999999999,1,0.4659464806213727,0.47109815735702354,0.51
KXMYSLGAME-26AUG28SABPEN-TIE,2026-08-28 13:34:29+00:00,0.39,0.7,0,0.332175997457154,0.29060303899087614,0.39
KXCS2TOTALMAPS-26AUG280700G2ASTA-3,2026-08-28 13:45:06+00:00,0.565,0.61,0,0.5432406073045402,0.4977841396236641,0.565
KXCS2TOTALMAPS-26AUG280730TSG2-3,2026-08-28 13:55:01+00:00,0.645,0.45,0,0.6605509470706306,0.626048867464869,0.645
KXOPENSOURCESHARE-26AUG28-T68,2026-08-28 14:00:00+00:00,0.025,0.03,0,0.008342072403273759,0.03486846647044579,0.025
KXLOW-26AUGTXN-222000000,2026-08-28 14:01:39+00:00,0.18,0.32,0,0.14485220103330346,0.1323014776496906,0.18
KXCHNSLGAME-26AUG28SHSSHT-SHS,2026-08-28 14:05:51+00:00,0.555,0.01,0,0.5283636840036684,0.538600895282854,0.555
KXCHNSLGAME-26AUG28DALBJG-TIE,2026-08-28 14:05:52+00:00,0.235,0.0099999999999999,1,0.20174583680029046,0.18322166760273473,0.235
KXNCAAMSOCCERGAME-26AUG27SANCAL-CAL,2026-08-28 14:15:39+00:00,0.48,0.86,1,0.42641078112433856,0.3813354945433124,0.48
KXLOLGAME-26AUG280500GROTRI-GRO,2026-08-28 14:19:39+00:00,0.4499999999999999,0.52,1,0.3882215472087819,0.3793197063604308,0.4499999999999999
KXDARTSMATCH-26AUG280955JSMIJRIC-JRIC,2026-08-28 14:19:55+00:00,0.5,0.94,1,0.45276791412236134,0.3978375303265179,0.5
KXVBAGAME-26AUG280830SAIHAN-HAN,2026-08-28 14:20:11+00:00,0.5,0.6399999999999999,1,0.45276791412236134,0.5039717890886088,0.5
KXCS2TOTALMAPS-26AUG280900ALKAAODK-3,2026-08-28 14:24:59+00:00,0.505,0.75,0,0.45935719737186703,0.4248292747376574,0.505
KXDARTSMATCH-26AUG281015MDENJRIC-JRIC,2026-08-28 14:30:25+00:00,0.5,0.94,1,0.45276791412236134,0.3978389358368798,0.5
KXWARSHMENTION-26AUG28-AI,2026-08-28 14:45:17+00:00,0.735,0.03,1,0.7234808394387803,0.7134427184876964,0.735
KXWARSHMENTION-26AUG28-FORW,2026-08-28 14:45:19+00:00,0.15,0.12,1,0.1138193087967651,0.1501497953219746,0.15
KXEARNINGSMENTIONMRVL-26AUG27-TERA,2026-08-28 15:22:56+00:00,0.365,0.13,1,0.3088236850606423,0.2223427170998285,0.365
KXNATLEMERGENCY-26-JAN01,2026-08-28 15:35:31+00:00,0.925,0.0299999999999999,1,0.9714229056237705,0.9538160311381093,0.925
KXSONGRELEASE-27JAN01-ICE,2026-08-28 15:37:15+00:00,0.96,0.0599999999999999,1,0.9769299609904613,0.9616260539186179,0.96
KXWTAEXACTMATCH-26AUG27BOLKOE-KOE20,2026-08-28 15:46:47+00:00,0.39,0.0999999999999999,1,0.332175997457154,0.35097586845865775,0.39
KXATPGSPREAD-26AUG27FEAROD-FEA8,2026-08-28 15:47:09+00:00,0.21,0.36,0,0.1758850932698418,0.1601108044229856,0.21
KXWTAGTOTAL-26AUG27BOLKOE-27,2026-08-28 15:47:09+00:00,0.4,0.48,0,0.34151692241575865,0.35136042053820904,0.4
KXATPSETWINNER-26AUG27SVRMCD-1-SVR,2026-08-28 16:07:16+00:00,0.505,0.01,0,0.45935719737186703,0.5105356542449253,0.505
KXWTAEXACTMATCH-26AUG27HAVHIB-HIB21,2026-08-28 16:08:14+00:00,0.195,0.03,0,0.16036864715157265,0.15748769750247932,0.195
KXWTAGTOTAL-26AUG27ZHEPRI-21,2026-08-28 16:08:35+00:00,0.5549999999999999,0.0299999999999999,1,0.5283636840036682,0.4840621329827182,0.5549999999999999
KXVALORANTTOTALMAPS-26AUG281000FUTKC-3,2026-08-28 16:15:18+00:00,0.43,0.18,0,0.3695396972915726,0.4964427198109084,0.43
KXWTAMATCH-26AUG27SEMHUN-HUN,2026-08-28 16:21:27+00:00,0.635,0.01,1,0.6473790704106438,0.6467951233940553,0.635
KXDPWORLDTOURR1LEAD-HUBMHBSNF26-MPAV,2026-08-28 16:29:45+00:00,0.33,0.62,0,0.2793504402720237,0.36260634752983395,0.33
KXLOLMAP-26AUG281100THSHFT-2-SHFT,2026-08-28 16:30:40+00:00,0.4549999999999999,0.0299999999999999,1,0.39346436487681,0.402271610408782,0.4549999999999999
KXATPGSPREAD-26AUG27MOCPAS-MOC2,2026-08-28 16:47:03+00:00,0.475,0.0299999999999999,0,0.41982149787483286,0.47053326725354294,0.475
KXATPEXACTMATCH-26AUG27GEABAS-BAS20,2026-08-28 17:06:37+00:00,0.25,0.0799999999999999,1,0.2165801046751969,0.21248960085198304,0.25
KXWTAEXACTMATCH-26AUG27BANRUS-BAN21,2026-08-28 17:06:38+00:00,0.22,0.08,0,0.18622939068202127,0.17481632242330747,0.22
KXATPGTOTAL-26AUG27HARLLA-29,2026-08-28 17:06:58+00:00,0.2,0.12,0,0.16554079585766238,0.14964336576500795,0.2
KXFIBAGAME-26AUG281130MNEGEO-MNE,2026-08-28 17:20:14+00:00,0.175,0.03,0,0.13968005232721373,0.1419007050913687,0.175
KXSAUDIPLTOTAL-26AUG28FAYABH-1,2026-08-28 17:26:32+00:00,0.92,0.02,1,0.9657953832878665,0.9426041121990872,0.92
KXTVSTATSNFLX-26AUG27-TIR,2026-08-28 17:34:19+00:00,0.025,0.0099999999999999,0,0.008342072403273759,0.011238705558839096,0.025
KXTVSTATSCBS-26AUG27-THEB,2026-08-28 17:34:25+00:00,0.39,0.7,0,0.332175997457154,0.15336288048313335,0.39
KXTVSTATSPARA-26AUG27-STA,2026-08-28 17:34:27+00:00,0.02,0.0199999999999999,0,0.004203244975394692,0.009469149545599154,0.02
KXTVSTATSSHOW-26AUG27-OUT,2026-08-28 17:34:28+00:00,0.015,0.01,0,0.0001,0.006163463339733234,0.015
KXT20MATCH-26AUG280915TRITHR-TRI,2026-08-28 17:41:17+00:00,0.49,0.4599999999999999,1,0.43958934762334995,0.4156364687591756,0.49
KXTRUMPMENTION-26AUG28-ELON,2026-08-28 17:50:32+00:00,0.185,0.01,0,0.1500243497393932,0.10284072301477658,0.185
KXLALIGA1HSCORE-26AUG28SANELC-SAN1ELC1,2026-08-28 17:50:39+00:00,0.105,0.09,0,0.07919367496472257,0.0696693323436893,0.105
KXLALIGA1H-26AUG28SANELC-SAN,2026-08-28 17:52:01+00:00,0.35,0.0199999999999999,1,0.29504302417123035,0.32376079972440935,0.35
KXWTAGTOTAL-26AUG27ZIDAND-21,2026-08-28 17:56:39+00:00,0.48,0.02,1,0.42641078112433856,0.45810507314248516,0.48
KXCYCLINGSTAGE-26VLTAS7-HTEJ,2026-08-28 18:01:55+00:00,0.495,0.95,0,0.44617863087285564,0.3661123345203671,0.495
KXCS2MAP-26AUG281300BLAUPG-1-UPG,2026-08-28 18:02:25+00:00,0.55,0.5,0,0.5209252223532324,0.48964652369338574,0.55
KXATPMATCH-26AUG27NISSAK-SAK,2026-08-28 18:02:59+00:00,0.595,0.01,1,0.587871377207156,0.6136674873850777,0.595
KXSAUDIPLBTTS-26AUG28RIYNEO-BTTS,2026-08-28 18:08:15+00:00,0.595,0.03,0,0.587871377207156,0.6192792725565704,0.595
KXSAUDIPLSPREAD-26AUG28RIYNEO-NEO3,2026-08-28 18:08:16+00:00,0.0849999999999999,0.0099999999999999,0,0.06429037661955457,0.04936095996787552,0.0849999999999999
KXATPGTOTAL-26AUG27NISSAK-18,2026-08-28 18:08:20+00:00,0.77,0.1999999999999999,1,0.7669972750353279,0.8135305259291645,0.77
KXLOLMAP-26AUG281315FNCVIT-2-VIT,2026-08-28 18:20:21+00:00,0.565,0.0299999999999999,1,0.5432406073045402,0.5900376090536539,0.565
KXWTI-26AUG2814-T79.99,2026-08-28 18:30:00+00:00,0.97,0.02,1,0.9847328244274809,0.9837190849730602,0.97
KXWTI-26AUG2814-T82.49,2026-08-28 18:30:00+00:00,0.815,0.0299999999999999,1,0.8351893563080607,0.8579967013334378,0.815
KXWTIW-26AUG2814-T75.00,2026-08-28 18:30:00+00:00,0.015,0.01,0,0.0001,0.011119105545987228,0.015
KXATPSETWINNER-26AUG27GASSMI-2-SMI,2026-08-28 18:34:27+00:00,0.4499999999999999,0.0399999999999999,0,0.3882215472087819,0.43334639017313553,0.4499999999999999
KXWTAEXACTMATCH-26AUG27JONGAR-JON20,2026-08-28 18:35:06+00:00,0.365,0.03,1,0.3088236850606423,0.354993749044053,0.365
KXSAUDIPLGAME-26AUG28FAYABH-ABH,2026-08-28 18:35:28+00:00,0.29,0.0199999999999999,0,0.24796527247361028,0.2560590365622263,0.29
KXLALIGATEAMTOTAL-26AUG28SANELC-ELC1,2026-08-28 18:41:08+00:00,0.71,0.02,1,0.706000313780961,0.7262745355908147,0.71
KXATPSETWINNER-26AUG27YUNCIN-2-CIN,2026-08-28 18:44:36+00:00,0.415,0.0299999999999999,1,0.3555283098536656,0.3960895438958902,0.415
KXBUNDESLIGA2GAME-26AUG28EBSBSC-EBS,2026-08-28 18:46:35+00:00,0.355,0.01,0,0.2994827601020376,0.3071903437648359,0.355
KXMLBRFI-26AUG281420CINCHC,2026-08-28 18:49:39+00:00,0.53,0.0799999999999999,1,0.4923036136193955,0.4776908427867541,0.53
KXVALORANTTOTALMAPS-26AUG281300FIRETL-3,2026-08-28 18:55:03+00:00,0.43,0.62,0,0.3695396972915726,0.4564991805717681,0.43
KXVALORANTGAME-26AUG281300FIRETL-FIRE,2026-08-28 18:59:59+00:00,0.445,0.01,0,0.38355108472947963,0.4299741495041608,0.445
KXLALIGATCORNERS-26AUG28SANELC-SAN5,2026-08-28 19:00:06+00:00,0.54,0.02,1,0.5060482990523605,0.5669904107698263,0.54
KXLALIGASCORE-26AUG28SANELC-SAN3ELC2,2026-08-28 19:00:50+00:00,0.04,0.02,1,0.022176730359091266,0.02409030968165648,0.04
KXATPGTOTAL-26AUG27GASSMI-24,2026-08-28 19:05:41+00:00,0.44,0.02,1,0.37888062225017727,0.41094372232153864,0.44
KXSAUDIPLBTTS-26AUG28KHAHIL-BTTS,2026-08-28 19:06:06+00:00,0.485,0.01,1,0.43300006437384425,0.4836692092783612,0.485
KXLALIGAGAME-26AUG28SANELC-SAN,2026-08-28 19:07:03+00:00,0.455,0.01,1,0.39346436487681014,0.401191861312149,0.455
KXATPEXACTMATCH-26AUG27DRASCH-SCH21,2026-08-28 19:14:40+00:00,0.195,0.03,1,0.16036864715157265,0.1582715942280027,0.195
KXCS2GAME-26AUG281230FURIAM80-M80,2026-08-28 19:19:41+00:00,0.19,0.02,0,0.15519649844548292,0.15565551545917974,0.19
KXCS2MAP-26AUG281230FURIAM80-2-FURIA,2026-08-28 19:20:06+00:00,0.71,0.12,1,0.706000313780961,0.7246140450952651,0.71
KXUST30A-26AUG28-T5.24,2026-08-28 19:30:00+00:00,0.125,0.13,0,0.0940969733098905,0.12472371100886923,0.125
KXUST5A-26AUG28-T4.31,2026-08-28 19:30:00+00:00,0.925,0.13,1,0.9714229056237705,0.9586600102328904,0.925
KXUST7A-26AUG28-T4.50,2026-08-28 19:30:00+00:00,0.62,0.1799999999999999,1,0.6250636854593359,0.7044732190117375,0.62
KXSERIEA1H-26AUG28ACMVEN-TIE,2026-08-28 19:42:07+00:00,0.37,0.02,1,0.3134941475399446,0.37832204207276654,0.37
KXATPEXACTMATCH-26AUG27YUNCIN-CIN21,2026-08-28 19:44:46+00:00,0.15,0.0199999999999999,1,0.1138193087967651,0.11716407731026827,0.15
KXEPL1H-26AUG28CRYMCI-TIE,2026-08-28 19:46:53+00:00,0.375,0.01,0,0.31816461001924695,0.34281990880884733,0.375
KXLIGUE11H-26AUG28LILPSG-TIE,2026-08-28 19:46:54+00:00,0.395,0.01,0,0.3368464599364563,0.38301366813794796,0.395
KXEPL1HSPREAD-26AUG28CRYMCI-MCI2,2026-08-28 19:47:01+00:00,0.155,0.01,0,0.11899145750285484,0.12119217424103708,0.155
KXSPXFOMC-26AUG28-T2.50,2026-08-28 19:59:00+00:00,0.025,0.0099999999999999,0,0.008342072403273759,0.010642647556750203,0.025
KXB200WS-26AUG28-5.500,2026-08-28 20:00:00+00:00,0.975,0.01,1,0.9903183764662074,0.988398023148692,0.975
KXH100WS-26AUG28-2.750,2026-08-28 20:00:00+00:00,0.72,0.3199999999999999,1,0.7129925240440886,0.7049047477685628,0.72
KXH100WS-26AUG28-3.000,2026-08-28 20:00:00+00:00,0.415,0.79,0,0.3555283098536656,0.2697202662522317,0.415
KXH200WS-26AUG28-4.000,2026-08-28 20:00:00+00:00,0.94,0.0799999999999999,1,0.974866328185028,0.9608415262123993,0.94
KXNASDAQ100-26AUG28H1600-B29250,2026-08-28 20:00:00+00:00,0.055,0.05,0,0.03749305861177857,0.0552027126787922,0.055
KXNASDAQ100-26AUG28H1600-B29750,2026-08-28 20:00:00+00:00,0.175,0.05,0,0.13968005232721373,0.20254443754364176,0.175
KXRTX5090WS-26AUG28-0.650,2026-08-28 20:00:00+00:00,0.015,0.01,0,0.0001,0.010924607174225684,0.015
KXEREDIVISIETOTAL-26AUG28GROFOR-6,2026-08-28 20:06:22+00:00,0.13,0.02,0,0.09782279789618249,0.09624075796491689,0.13
KXSAUDIPLSPREAD-26AUG28KHAHIL-KHA2,2026-08-28 20:06:41+00:00,0.02,0.0199999999999999,0,0.004203244975394692,0.009790915903040584,0.02
KXLIGUE2GAME-26AUG28ASNDUN-ASN,2026-08-28 20:06:56+00:00,0.38,0.02,1,0.3228350724985493,0.3290979123198919,0.38
KXEPLTEAMTOTAL-26AUG28CRYMCI-MCI2,2026-08-28 20:23:04+00:00,0.58,0.02,1,0.5655559922558481,0.5733152949675696,0.58
KXBUNDESLIGA2H-26AUG28BMUVFB-VFB,2026-08-28 20:25:05+00:00,0.405,0.75,0,0.34618738489506096,0.31543680386274797,0.405
KXSAUDIPLGAME-26AUG28ALNALT-ALN,2026-08-28 20:34:43+00:00,0.805,0.01,1,0.8200355604696757,0.8301876912345131,0.805
KXTFF1LIGGAME-26AUG28ANTSAR-SAR,2026-08-28 20:34:46+00:00,0.255,0.03,1,0.22050325064999857,0.2065442827081624,0.255
KXSVNPLGAME-26AUG28ALUKOP-KOP,2026-08-28 20:34:47+00:00,0.4649999999999999,0.0499999999999999,1,0.4066429313758214,0.6025476570724073,0.4649999999999999
KXCS2TOTALMAPS-26AUG281500PROPLD-3,2026-08-28 20:34:52+00:00,0.445,0.85,0,0.38355108472947963,0.35147711591264963,0.445
KXSERIEATEAMTOTAL-26AUG28ACMVEN-ACM1,2026-08-28 20:41:02+00:00,0.895,0.01,1,0.937657771608346,0.9144100113870364,0.895
KXEKSTRAKLASAGAME-26AUG28LEGSLA-SLA,2026-08-28 20:44:51+00:00,0.15,0.0199999999999999,0,0.1138193087967651,0.11281119749683617,0.15
KXSUPERLIGGAME-26AUG28GENERZ-TIE,2026-08-28 20:44:53+00:00,0.255,0.01,1,0.22050325064999857,0.20756301266640956,0.255
KXEPLTEAMTOTAL-26AUG28CRYMCI-MCI3,2026-08-28 20:45:48+00:00,0.305,0.01,1,0.2597347103980153,0.273138421070237,0.305
KXEURUSDAW-26AUG28-1.1610,2026-08-28 21:00:00+00:00,0.895,0.01,0,0.937657771608346,0.9436219043934779,0.895
KXEURUSDAW-26AUG28-1.1730,2026-08-28 21:00:00+00:00,0.025,0.03,0,0.008342072403273759,0.02275365928234906,0.025
KXGOLDW-26AUG2817-T4676.99,2026-08-28 21:00:00+00:00,0.115,0.03,0,0.08664532413730655,0.11489224794552158,0.115
KXGOLDW-26AUG2817-T4776.99,2026-08-28 21:00:00+00:00,0.025,0.0099999999999999,0,0.008342072403273759,0.020206156207994975,0.025
KXNATGASW-26AUG2817-T2.999,2026-08-28 21:00:00+00:00,0.1,0.0399999999999999,0,0.0754678503784306,0.093960904102863,0.1
KXNATGASW-26AUG2817-T3.199,2026-08-28 21:00:00+00:00,0.025,0.03,0,0.008342072403273759,0.018184544194290074,0.025
KXNZDUSD-26AUG28-0.5990,2026-08-28 21:00:00+00:00,0.32,0.0999999999999999,0,0.27150414832242037,0.46394951222965153,0.32
KXSILVERW-26AUG2817-T71.99,2026-08-28 21:00:00+00:00,0.055,0.03,0,0.03749305861177857,0.04036158760796905,0.055
KXUSDCADAW-26AUG28-1.3730,2026-08-28 21:00:00+00:00,0.975,0.03,1,0.9903183764662074,0.990877231232209,0.975
KXUSDCADAW-26AUG28-1.3770,2026-08-28 21:00:00+00:00,0.965,0.05,1,0.9791472723887544,0.9778169910267724,0.965
KXUSDCHFAW-26AUG28-0.7910,2026-08-28 21:00:00+00:00,0.97,0.04,1,0.9847328244274809,0.9870504715369774,0.97
KXUSDCHFAW-26AUG28-0.7930,2026-08-28 21:00:00+00:00,0.97,0.04,1,0.9847328244274809,0.9868704533233561,0.97
KXUSDINRAW-26AUG28-95.6570,2026-08-28 21:00:00+00:00,0.94,0.0999999999999999,0,0.974866328185028,0.9525801178627944,0.94
KXUSDJPYAW-26AUG28-159.1410,2026-08-28 21:00:00+00:00,0.6100000000000001,0.0999999999999999,1,0.6101867621584641,0.6838876074804683,0.6100000000000001
KXUSDMXNAW-26AUG28-16.9210,2026-08-28 21:00:00+00:00,0.8899999999999999,0.0999999999999999,1,0.9320302492724417,0.9422666631987069,0.8899999999999999
KXUSDMXNAW-26AUG28-16.9550,2026-08-28 21:00:00+00:00,0.54,0.0999999999999999,1,0.5060482990523605,0.6372642498638951,0.54
KXUSDNOKAW-26AUG28-9.3050,2026-08-28 21:00:00+00:00,0.43,0.0999999999999999,1,0.3695396972915726,0.7307576500956058,0.43
KXUSDSEKAW-26AUG28-9.4710,2026-08-28 21:00:00+00:00,0.55,0.0999999999999999,1,0.5209252223532324,0.7562445385740825,0.55
KXUSDSEKAW-26AUG28-9.4810,2026-08-28 21:00:00+00:00,0.49,0.1,1,0.43958934762334995,0.6286448856965096,0.49
KXLALIGA2GAME-26AUG28TENGIJ-GIJ,2026-08-28 21:04:49+00:00,0.27,0.02,1,0.2322726885744036,0.224543675340196,0.27
KXSERIEAGAME-26AUG28ACMVEN-VEN,2026-08-28 21:04:51+00:00,0.105,0.0099999999999999,0,0.07919367496472257,0.0644105420681195,0.105
KXENGNLGAME-26AUG28ALTHAL-TIE,2026-08-28 21:04:58+00:00,0.265,0.03,0,0.2283495425996019,0.2217220979585408,0.265
KXDOTA2MAP-26AUG281500NEMIGAFTS-1-FTS,2026-08-28 21:05:12+00:00,0.38,0.02,1,0.3228350724985493,0.3641460894325485,0.38
KXEFLCHAMPIONSHIPSPREAD-26AUG28WREBC-BC3,2026-08-28 21:06:11+00:00,0.035,0.01,0,0.017071287608195502,0.019573231431613193,0.035
KXLALIGATEAMTOTAL-26AUG28ALAVIL-ALA2,2026-08-28 21:26:02+00:00,0.36,0.02,0,0.3041532225813399,0.34105007330120424,0.36
KXLALIGASCORE-26AUG28ALAVIL-ALA3VIL0,2026-08-28 21:30:41+00:00,0.02,0.0199999999999999,0,0.004203244975394692,0.011704160335013885,0.02
KXTACAPORTTOTAL-26AUG28SCBULA-2,2026-08-28 21:55:41+00:00,0.685,0.0499999999999999,1,0.6885197881231416,0.6942991332284782,0.685
KXTACAPORTSPREAD-26AUG28SCBULA-ULA3,2026-08-28 22:06:08+00:00,0.49,0.94,0,0.43958934762334995,0.38227751436267765,0.49
KXPGAR2TOP10-TOC26-CMOR,2026-08-28 22:09:32+00:00,0.475,0.79,1,0.41982149787483286,0.5235539252969322,0.475
KXCS2MAP-26AUG281700GLSFLU-1-FLU,2026-08-28 22:10:00+00:00,0.595,0.03,0,0.587871377207156,0.622710209222333,0.595
KXDARTSMATCH-26AUG281805SBEAAHUN-AHUN,2026-08-28 22:29:46+00:00,0.5,0.94,1,0.45276791412236134,0.39799267022916907,0.5
KXDARTSMATCH-26AUG281805SBEAAHUN-SBEA,2026-08-28 22:29:46+00:00,0.495,0.95,0,0.44617863087285564,0.3912157994898192,0.495
KXLOLMAP-26AUG281700MVUCPD-2-MVU,2026-08-28 22:35:13+00:00,0.41,0.0199999999999999,1,0.35085784737436326,0.39585299550780256,0.41
KXDARTSMATCH-26AUG281820COSBTEVE-COSB,2026-08-28 22:49:40+00:00,0.5,0.94,0,0.45276791412236134,0.39801270984914516,0.5
KXNFL1QSPREAD-26AUG28WASBAL-WAS3,2026-08-28 22:53:03+00:00,0.355,0.39,0,0.2994827601020376,0.2881877790064641,0.355
KXNFL1QSPREAD-26AUG28WASBAL-WAS7,2026-08-28 22:53:03+00:00,0.185,0.17,0,0.1500243497393932,0.1258022845375982,0.185
KXNFL1QSPREAD-26AUG28WASBAL-WAS8,2026-08-28 22:53:03+00:00,0.15,0.24,0,0.1138193087967651,0.09393811121305429,0.15
KXNFL1QTOTAL-26AUG28WASBAL-14,2026-08-28 22:53:06+00:00,0.3,0.44,1,0.2558115644232136,0.2179549132029554,0.3
KXNCAAF1H-26AUG28WMVILL-TIE,2026-08-28 23:25:41+00:00,0.48,0.9,0,0.42641078112433856,0.37684178165387916,0.48
KXNCAAF1H-26AUG28WMVILL-WM,2026-08-28 23:25:41+00:00,0.475,0.91,0,0.41982149787483286,0.3706379007396893,0.475
KXLPGAR2LEAD-FMC26-YOUHWA,2026-08-28 23:29:49+00:00,0.305,0.45,0,0.2597347103980153,0.13509997355450076,0.305
KXLPGAR2LEAD-FMC26-MICZHA,2026-08-28 23:30:04+00:00,0.3399999999999999,0.52,0,0.28719673222162695,0.1512029950587222,0.3399999999999999
KXAPFDDHGAME-26AUG28SSLNAC-SSL,2026-08-28 23:34:17+00:00,0.18,0.0199999999999999,0,0.14485220103330346,0.12558019264733553,0.18
KXLOLTOTALMAPS-26AUG281700MVUCPD-3,2026-08-28 23:34:56+00:00,0.48,0.02,1,0.42641078112433856,0.47190026887577885,0.48
KXNFL2QSPREAD-26AUG28WASBAL-WAS7,2026-08-28 23:40:09+00:00,0.275,0.33,0,0.23619583454920529,0.20097610000134222,0.275
KXNFL1QSPREAD-26AUG28HOUCAR-CAR4,2026-08-28 23:42:46+00:00,0.32,0.38,0,0.27150414832242037,0.249029970846912,0.32
KXCS2TOTALMAPS-26AUG281700GLSFLU-3,2026-08-28 23:49:58+00:00,0.4549999999999999,0.0299999999999999,0,0.39346436487681,0.4686142451400171,0.4549999999999999
KXNFL1Q-26AUG28ATLMIA-MIA,2026-08-28 23:57:03+00:00,0.325,0.03,0,0.275427294297222,0.29100006576642007,0.325
KXNFL1QSPREAD-26AUG28ATLMIA-MIA4,2026-08-28 23:57:05+00:00,0.33,0.4,0,0.2793504402720237,0.25940092934035847,0.33
KXNFL1QSPREAD-26AUG28ATLMIA-ATL11,2026-08-28 23:57:06+00:00,0.15,0.2799999999999999,0,0.1138193087967651,0.0929180058896806,0.15
KXNFL1Q-26AUG28TBJAC-TIE,2026-08-29 00:10:59+00:00,0.22,0.08,1,0.18622939068202127,0.14970171105338306,0.22
KXNFL1QTOTAL-26AUG28TBJAC-22,2026-08-29 00:11:03+00:00,0.185,0.25,0,0.1500243497393932,0.12221603961690149,0.185
KXNFL1Q-26AUG28NYGNYJ-TIE,2026-08-29 00:18:33+00:00,0.215,0.07,0,0.18105724197593154,0.14847613048432315,0.215
KXNFL1QSPREAD-26AUG28NYGNYJ-NYG8,2026-08-29 00:18:35+00:00,0.15,0.2,0,0.1138193087967651,0.09559872184413956,0.15
KXNCAAFTOTAL-26AUG28MRSTNHC-31,2026-08-29 00:29:59+00:00,0.7849999999999999,0.17,1,0.7897279687929053,0.7824609024015217,0.7849999999999999
KXNFL1H-26AUG28HOUCAR-TIE,2026-08-29 00:34:44+00:00,0.12,0.04,0,0.09037114872359853,0.07536570824606739,0.12
KXNFL2Q-26AUG28HOUCAR-CAR,2026-08-29 00:35:04+00:00,0.385,0.2299999999999999,1,0.3275055349778516,0.32503145886707385,0.385
KXNFL2QSPREAD-26AUG28HOUCAR-CAR8,2026-08-29 00:35:06+00:00,0.18,0.2199999999999999,0,0.14485220103330346,0.12182533655689443,0.18
KXNFL2QTOTAL-26AUG28HOUCAR-14,2026-08-29 00:35:10+00:00,0.4,0.48,0,0.34151692241575865,0.3162306663711249,0.4
KXNCAAMSOCCERGAME-26AUG28NORBOS-BOS,2026-08-29 00:37:41+00:00,0.48,0.86,0,0.42641078112433856,0.3816201944654351,0.48
KXNCAAMSOCCERGAME-26AUG28VERCHA-VER,2026-08-29 00:37:41+00:00,0.455,0.89,0,0.39346436487681014,0.18321362440707417,0.455
KXNFL1Q-26AUG28ARIGB-TIE,2026-08-29 00:38:47+00:00,0.255,0.01,1,0.22050325064999857,0.18107402877544426,0.255
KXNCAAF1H-26AUG28URIMRMK-MRMK,2026-08-29 00:45:18+00:00,0.48,0.9,0,0.42641078112433856,0.3767559380480271,0.48
KXNFL1QTOTAL-26AUG28SEAKC-4,2026-08-29 00:48:36+00:00,0.6000000000000001,0.16,1,0.5953098388575921,0.6042135939225952,0.6000000000000001
KXNFL1QTOTAL-26AUG28SEAKC-25,2026-08-29 00:48:37+00:00,0.135,0.15,0,0.10154862248247448,0.08384078268766254,0.135
KXNFL1QSPREAD-26AUG28CINPHI-CIN11,2026-08-29 00:50:48+00:00,0.15,0.2799999999999999,0,0.1138193087967651,0.09290108456604078,0.15
KXNFL1QSPREAD-26AUG28NODAL-NO4,2026-08-29 00:50:49+00:00,0.19,0.16,1,0.15519649844548292,0.1337146412100702,0.19
KXNFL2QTOTAL-26AUG28TBJAC-18,2026-08-29 00:59:14+00:00,0.195,0.27,0,0.16036864715157265,0.12700149746350303,0.195
KXNFL3QSPREAD-26AUG28WASBAL-BAL4,2026-08-29 00:59:18+00:00,0.375,0.47,1,0.31816461001924695,0.30120705357340494,0.375
KXNFLSPREAD-26AUG28WASBAL-BAL7,2026-08-29 01:13:26+00:00,0.355,0.01,1,0.2994827601020376,0.32618886895253174,0.355
KXNFLSPREAD-26AUG28WASBAL-BAL2,2026-08-29 01:13:27+00:00,0.54,0.02,1,0.5060482990523605,0.5398767337902716,0.54
KXNFLSPREAD-26AUG28WASBAL-WAS2,2026-08-29 01:13:27+00:00,0.35,0.0199999999999999,0,0.29504302417123035,0.34706301421359653,0.35
KXNFLSPREAD-26AUG28WASBAL-WAS6,2026-08-29 01:13:27+00:00,0.24,0.04,0,0.2069179855063802,0.18185484273828942,0.24
KXNFLSPREAD-26AUG28WASBAL-WAS11,2026-08-29 01:13:28+00:00,0.1149999999999999,0.0099999999999999,0,0.08664532413730647,0.08897637122758781,0.1149999999999999
KXNCAAFTOTAL-26AUG28WMVILL-42,2026-08-29 01:14:34+00:00,0.7,0.0399999999999999,1,0.6990081035178332,0.7140446486179035,0.7
KXNCAAFTOTAL-26AUG28UNHALBY-28,2026-08-29 01:14:35+00:00,0.79,0.14,1,0.7973048667120981,0.7876871626927946,0.79
KXNFL4Q-26AUG28WASBAL-WAS,2026-08-29 01:18:31+00:00,0.325,0.21,0,0.275427294297222,0.2759740071933211,0.325
KXNFL4QSPREAD-26AUG28WASBAL-BAL4,2026-08-29 01:18:34+00:00,0.375,0.47,1,0.31816461001924695,0.2897224230267005,0.375
KXNFL4QSPREAD-26AUG28WASBAL-WAS8,2026-08-29 01:18:35+00:00,0.175,0.21,0,0.13968005232721373,0.11453573171978212,0.175
KXNFL4QTOTAL-26AUG28WASBAL-11,2026-08-29 01:18:37+00:00,0.52,0.6,0,0.4791250471203841,0.4423552742242678,0.52
KXNFL3Q-26AUG28HOUCAR-HOU,2026-08-29 01:22:42+00:00,0.35,0.2,0,0.29504302417123035,0.25307047555375756,0.35
KXNFL3QSPREAD-26AUG28HOUCAR-CAR8,2026-08-29 01:22:44+00:00,0.19,0.28,0,0.15519649844548292,0.127731440403711,0.19
KXNFL3QTOTAL-26AUG28HOUCAR-11,2026-08-29 01:22:48+00:00,0.3999999999999999,0.58,0,0.34151692241575854,0.3107164494965781,0.3999999999999999
KXNCAAFTOTAL-26AUG28COLGFOR-65,2026-08-29 01:24:34+00:00,0.2299999999999999,0.1399999999999999,0,0.19657368809420062,0.16833925072365458,0.2299999999999999
KXNCAAFSPREAD-26AUG28COLGFOR-COLG4,2026-08-29 01:24:35+00:00,0.635,0.07,1,0.6473790704106438,0.6253046705457521,0.635
KXNCAAFSPREAD-26AUG28COLGFOR-COLG5,2026-08-29 01:24:35+00:00,0.5900000000000001,0.12,1,0.5804329155567202,0.5664427851342959,0.5900000000000001
KXNCAAFSPREAD-26AUG28MRSTNHC-MRST3,2026-08-29 01:24:39+00:00,0.4649999999999999,0.0299999999999999,0,0.4066429313758214,0.429006842562725,0.4649999999999999
KXNCAAFSPREAD-26AUG28MRSTNHC-MRST4,2026-08-29 01:24:39+00:00,0.395,0.0499999999999999,0,0.3368464599364563,0.3488682486910209,0.395
KXBRASILEIROBBTTS-26AUG28NAUATH-BTTS,2026-08-29 01:26:06+00:00,0.485,0.03,1,0.43300006437384425,0.4685619341868773,0.485
KXNFL3QSPREAD-26AUG28ATLMIA-ATL3,2026-08-29 01:26:37+00:00,0.405,0.47,0,0.34618738489506096,0.33429166594121046,0.405
KXNFL3QTOTAL-26AUG28ATLMIA-11,2026-08-29 01:26:39+00:00,0.3999999999999999,0.58,0,0.34151692241575854,0.30873151370483476,0.3999999999999999
KXNFL3QTOTAL-26AUG28ATLMIA-22,2026-08-29 01:26:40+00:00,0.18,0.32,0,0.14485220103330346,0.11491974709203283,0.18
KXNFL1H-26AUG28SEAKC-TIE,2026-08-29 01:34:14+00:00,0.125,0.01,0,0.0940969733098905,0.09503749859562763,0.125
KXNFL2Q-26AUG28NODAL-TIE,2026-08-29 01:34:27+00:00,0.15,0.04,0,0.1138193087967651,0.10279820437074653,0.15
KXNFL2QSPREAD-26AUG28SEAKC-KC11,2026-08-29 01:34:30+00:00,0.165,0.29,0,0.1293357549150343,0.10337372474757674,0.165
KXNFL2QTOTAL-26AUG28SEAKC-22,2026-08-29 01:34:34+00:00,0.185,0.3299999999999999,0,0.1500243497393932,0.1147854124510999,0.185
KXNFL2QTOTAL-26AUG28CINPHI-18,2026-08-29 01:40:48+00:00,0.16,0.22,0,0.12416360620894457,0.10146103976542564,0.16
KXCANPLGAME-26AUG28OTTINT-TIE,2026-08-29 01:43:39+00:00,0.2,0.06,0,0.16554079585766238,0.15034447349805455,0.2
KXNCAAMSOCCERGAME-26AUG28LIBFLO-FLO,2026-08-29 01:43:46+00:00,0.48,0.86,1,0.42641078112433856,0.3812822169507307,0.48
KXNFL1QSPREAD-26AUG28MINDEN-DEN7,2026-08-29 01:44:10+00:00,0.195,0.15,1,0.16036864715157265,0.13513361972976448,0.195
KXNFL1QSPREAD-26AUG28MINDEN-MIN4,2026-08-29 01:44:11+00:00,0.175,0.19,0,0.13968005232721373,0.11730205054497274,0.175
KXNFL1QTOTAL-26AUG28MINDEN-4,2026-08-29 01:44:11+00:00,0.6000000000000001,0.16,1,0.5953098388575921,0.5354193874974768,0.6000000000000001
KXNFL1QTOTAL-26AUG28MINDEN-11,2026-08-29 01:44:12+00:00,0.375,0.49,0,0.31816461001924695,0.29364279109998515,0.375
KXNFL1QTOTAL-26AUG28MINDEN-21,2026-08-29 01:44:12+00:00,0.18,0.2199999999999999,0,0.14485220103330346,0.11925793551599354,0.18
KXWNBASPREAD-26AUG28PDXATL-ATL7,2026-08-29 01:44:40+00:00,0.705,0.01,0,0.702504208649397,0.7082900232108911,0.705
KXNFL3QTOTAL-26AUG28TBJAC-11,2026-08-29 01:46:15+00:00,0.3999999999999999,0.58,0,0.34151692241575854,0.311629886012977,0.3999999999999999
KXNFL3QTOTAL-26AUG28TBJAC-14,2026-08-29 01:46:15+00:00,0.3,0.5,0,0.2558115644232136,0.21310584510573455,0.3
KXNFL3QTOTAL-26AUG28TBJAC-15,2026-08-29 01:46:15+00:00,0.265,0.47,0,0.2283495425996019,0.18730416995091997,0.265
KXLIGAMX1HSPREAD-26AUG28NCXCRA-NCX2,2026-08-29 01:57:13+00:00,0.39,0.72,0,0.332175997457154,0.31530708169645083,0.39
KXNFLTOTAL-26AUG28ATLMIA-52,2026-08-29 02:05:28+00:00,0.125,0.01,0,0.0940969733098905,0.09225533251535031,0.125
KXNFLSPREAD-26AUG28ATLMIA-ATL2,2026-08-29 02:05:30+00:00,0.58,0.02,1,0.5655559922558481,0.6144263959100422,0.58
KXNFLSPREAD-26AUG28HOUCAR-CAR3,2026-08-29 02:07:28+00:00,0.385,0.01,1,0.3275055349778516,0.36674763192802984,0.385
KXNFLSPREAD-26AUG28HOUCAR-CAR11,2026-08-29 02:07:29+00:00,0.145,0.0099999999999999,0,0.10900027165505843,0.11462686657237017,0.145
KXNFLTOTAL-26AUG28HOUCAR-43,2026-08-29 02:07:29+00:00,0.27,0.02,0,0.2322726885744036,0.23375270459411154,0.27
KXNCAAFSPREAD-26AUG28WMVILL-VILL12,2026-08-29 02:09:52+00:00,0.48,0.02,0,0.42641078112433856,0.46453894721075945,0.48
KXNFL4Q-26AUG28HOUCAR-HOU,2026-08-29 02:10:22+00:00,0.38,0.24,0,0.3228350724985493,0.3413153216634771,0.38
KXNFL4QSPREAD-26AUG28HOUCAR-CAR3,2026-08-29 02:10:24+00:00,0.415,0.51,0,0.3555283098536656,0.3275443326808555,0.415
KXNFL4QSPREAD-26AUG28HOUCAR-CAR4,2026-08-29 02:10:24+00:00,0.385,0.51,0,0.3275055349778516,0.299422255753621,0.385
KXLIGAMXSCORE-26AUG28NCXCRA-NCX2CRA0,2026-08-29 02:10:46+00:00,0.035,0.01,0,0.017071287608195502,0.02042607403998934,0.035
KXLIGAMXSCORE-26AUG28NCXCRA-NCX3CRA0,2026-08-29 02:10:46+00:00,0.025,0.03,0,0.008342072403273759,0.012679826285113067,0.025
KXNFLTOTAL-26AUG28CINPHI-27,2026-08-29 02:17:35+00:00,0.79,0.04,1,0.7973048667120981,0.8121319905045032,0.79
KXLOLGAME-26AUG282000WUNRG-NRG,2026-08-29 02:19:35+00:00,0.8049999999999999,0.0299999999999999,0,0.8200355604696755,0.8243739638219154,0.8049999999999999
KXLOLGAME-26AUG282000WUNRG-WU,2026-08-29 02:19:35+00:00,0.19,0.02,1,0.15519649844548292,0.14372462487536303,0.19
KXNCAAMSOCCERGAME-26AUG28DAYDET-TIE,2026-08-29 02:19:43+00:00,0.3349999999999999,0.55,0,0.2832735862468253,0.2555015125580331,0.3349999999999999
KXNCAAMSOCCERGAME-26AUG28COLARM-TIE,2026-08-29 02:19:44+00:00,0.3349999999999999,0.55,0,0.2832735862468253,0.255644270110319,0.3349999999999999
KXNCAAMSOCCERGAME-26AUG28AKRWAK-AKR,2026-08-29 02:19:47+00:00,0.465,0.89,1,0.4066429313758215,0.1882920175840716,0.465
KXLOLTOTALMAPS-26AUG282000WUNRG-3,2026-08-29 02:19:59+00:00,0.54,0.3199999999999999,1,0.5060482990523605,0.4235704213970746,0.54
KXNFL3QSPREAD-26AUG28NODAL-DAL7,2026-08-29 02:20:29+00:00,0.3399999999999999,0.48,0,0.28719673222162695,0.2593647373706596,0.3399999999999999
KXNFL3QSPREAD-26AUG28NODAL-NO8,2026-08-29 02:20:29+00:00,0.2,0.28,0,0.16554079585766238,0.13386651153716356,0.2
KXNFLTOTAL-26AUG28TBJAC-38,2026-08-29 02:23:27+00:00,0.42,0.02,0,0.36019877233296793,0.4128807130780384,0.42
KXNFLSPREAD-26AUG28TBJAC-TB4,2026-08-29 02:23:29+00:00,0.445,0.01,0,0.38355108472947963,0.45152929308101813,0.445
KXNFLSPREAD-26AUG28TBJAC-JAC7,2026-08-29 02:23:30+00:00,0.215,0.03,1,0.18105724197593154,0.17333089500891424,0.215
KXNFL3QSPREAD-26AUG28CINPHI-CIN3,2026-08-29 02:24:08+00:00,0.415,0.49,0,0.3555283098536656,0.3422749477401128,0.415
KXNFL3QSPREAD-26AUG28CINPHI-CIN7,2026-08-29 02:24:08+00:00,0.285,0.35,0,0.2440421264988086,0.20976682504165312,0.285
KXNFL4QSPREAD-26AUG28TBJAC-TB4,2026-08-29 02:28:02+00:00,0.365,0.47,0,0.3088236850606423,0.2822586751677708,0.365
KXNFL3QTOTAL-26AUG28SEAKC-18,2026-08-29 02:28:19+00:00,0.225,0.41,0,0.191401539388111,0.1517583201112299,0.225
KXNFL3Q-26AUG28ARIGB-ARI,2026-08-29 02:30:43+00:00,0.365,0.19,1,0.3088236850606423,0.30554375286291446,0.365
KXNFL3QTOTAL-26AUG28ARIGB-21,2026-08-29 02:30:45+00:00,0.18,0.32,0,0.14485220103330346,0.11478014135822481,0.18
KXNFLTOTAL-26AUG28NYGNYJ-32,2026-08-29 02:33:27+00:00,0.65,0.02,0,0.6640470522021945,0.6514909784551719,0.65
KXNFLSPREAD-26AUG28NYGNYJ-NYJ4,2026-08-29 02:33:30+00:00,0.29,0.0199999999999999,0,0.24796527247361028,0.23991004353587436,0.29
KXNFL4QSPREAD-26AUG28NYGNYJ-NYG11,2026-08-29 02:37:57+00:00,0.175,0.27,0,0.13968005232721373,0.11007458121177238,0.175
KXNFL4QTOTAL-26AUG28NYGNYJ-22,2026-08-29 02:37:59+00:00,0.215,0.37,0,0.18105724197593154,0.13848704313394689,0.215
KXNFL2QSPREAD-26AUG28MINDEN-MIN11,2026-08-29 02:38:08+00:00,0.155,0.23,0,0.11899145750285484,0.09755397821348619,0.155
KXNCAAFSPREAD-26AUG28UNHALBY-UNH12,2026-08-29 02:39:45+00:00,0.495,0.01,0,0.44617863087285564,0.4770138625145027,0.495
KXNCAAFTOTAL-26AUG28UNHALBY-46,2026-08-29 02:39:46+00:00,0.49,0.02,0,0.43958934762334995,0.45799065337925426,0.49
KXNCAAFSPREAD-26AUG28UNHALBY-ALBY11,2026-08-29 02:39:47+00:00,0.075,0.0099999999999999,1,0.05683872744697068,0.04826416826675761,0.075
KXNCAAFTOTAL-26AUG28URIMRMK-78,2026-08-29 02:39:51+00:00,0.105,0.0099999999999999,0,0.07919367496472257,0.07315059559162221,0.105
KXLIGAMX1HTOTAL-26AUG28ALALEO-1,2026-08-29 02:47:16+00:00,0.71,0.02,0,0.706000313780961,0.7275320885408318,0.71
KXNFLTOTAL-26AUG28NODAL-44,2026-08-29 02:51:26+00:00,0.355,0.0299999999999999,1,0.2994827601020376,0.32839723597851034,0.355
KXCS2MAP-26AUG282100OTVOC-2-VOC,2026-08-29 02:54:53+00:00,0.635,0.49,1,0.6473790704106438,0.608183987242459,0.635
KXNFLTOTAL-26AUG28NODAL-56,2026-08-29 02:59:50+00:00,0.125,0.01,0,0.0940969733098905,0.0886407574383651,0.125
KXNFLSPREAD-26AUG28NODAL-DAL14,2026-08-29 02:59:53+00:00,0.165,0.01,0,0.1293357549150343,0.12514897376755854,0.165
KXNFLSPREAD-26AUG28NODAL-DAL2,2026-08-29 02:59:54+00:00,0.515,0.01,0,0.4725357638708784,0.5002198513885291,0.515
KXLIGAMXTEAMTOTAL-26AUG28NCXCRA-NCX2,2026-08-29 03:01:22+00:00,0.355,0.0299999999999999,0,0.2994827601020376,0.3241686433800316,0.355
KXNFLSPREAD-26AUG28CINPHI-PHI5,2026-08-29 03:03:27+00:00,0.4,0.0199999999999999,0,0.34151692241575865,0.38054340636325035,0.4
KXNFLSPREAD-26AUG28CINPHI-CIN4,2026-08-29 03:03:28+00:00,0.285,0.0099999999999999,1,0.2440421264988086,0.2514558561764598,0.285
KXNFL4Q-26AUG28NODAL-DAL,2026-08-29 03:03:51+00:00,0.39,0.2199999999999999,1,0.332175997457154,0.35122033509202744,0.39
KXNFL4QTOTAL-26AUG28NODAL-4,2026-08-29 03:03:55+00:00,0.78,0.38,1,0.7821510708737129,0.7834988658825235,0.78
KXNFLTOTAL-26AUG28SEAKC-39,2026-08-29 03:11:25+00:00,0.36,0.02,0,0.3041532225813399,0.34573489300798543,0.36
KXNFLSPREAD-26AUG28ARIGB-ARI10,2026-08-29 03:17:24+00:00,0.19,0.02,0,0.15519649844548292,0.16999601204835263,0.19
KXNFLSPREAD-26AUG28ARIGB-ARI14,2026-08-29 03:17:24+00:00,0.125,0.01,0,0.0940969733098905,0.10631271085254083,0.125
KXNFL4Q-26AUG28ARIGB-GB,2026-08-29 03:19:54+00:00,0.415,0.37,1,0.3555283098536656,0.2992507449342759,0.415
KXNFL4QTOTAL-26AUG28ARIGB-18,2026-08-29 03:19:58+00:00,0.2,0.24,1,0.16554079585766238,0.13526826282915208,0.2
KXNFL4QTOTAL-26AUG28ARIGB-25,2026-08-29 03:19:58+00:00,0.18,0.32,1,0.14485220103330346,0.11183885819274031,0.18
KXNFLSPREAD-26AUG28SEAKC-KC7,2026-08-29 03:21:22+00:00,0.265,0.01,0,0.2283495425996019,0.20701303340001811,0.265
KXNFLSPREAD-26AUG28SEAKC-SEA2,2026-08-29 03:21:22+00:00,0.445,0.01,0,0.38355108472947963,0.44877036956990135,0.445
KXNFLSPREAD-26AUG28SEAKC-SEA4,2026-08-29 03:21:23+00:00,0.345,0.0099999999999999,0,0.2911198781964287,0.3607700420978065,0.345
KXNFLSPREAD-26AUG28SEAKC-SEA6,2026-08-29 03:21:23+00:00,0.275,0.01,0,0.23619583454920529,0.238884257156342,0.275
KXLIGAMXSCORE-26AUG28NCXCRA-NCX3CRA2,2026-08-29 03:31:19+00:00,0.015,0.01,0,0.0001,0.007607960942978664,0.015
KXCPLMATCH-26AUG282000BARTKR-BAR,2026-08-29 03:31:57+00:00,0.415,0.3099999999999999,0,0.3555283098536656,0.4055184662736406,0.415
KXNCAAMSOCCERGAME-26AUG28SMULOY-TIE,2026-08-29 03:44:31+00:00,0.35,0.5800000000000001,0,0.29504302417123035,0.26582148965531893,0.35
KXNCAAFTOTAL-26AUG28WEBUNCO-39,2026-08-29 04:00:23+00:00,0.765,0.03,1,0.7594203771161353,0.7818537835915574,0.765
KXNCAAFTOTAL-26AUG28WEBUNCO-42,2026-08-29 04:00:23+00:00,0.705,0.03,1,0.702504208649397,0.7151654163417096,0.705
KXLIGAMXSCORE-26AUG28ALALEO-ALA0LEO1,2026-08-29 04:01:27+00:00,0.08,0.0199999999999999,0,0.060564552033262664,0.05397659210403255,0.08
KXLIGAMXSCORE-26AUG28ALALEO-ALA3LEO0,2026-08-29 04:01:27+00:00,0.02,0.0199999999999999,0,0.004203244975394692,0.010177760667647081,0.02
KXNFLTOTAL-26AUG28MINDEN-52,2026-08-29 04:07:19+00:00,0.125,0.01,0,0.0940969733098905,0.09026198319113883,0.125
KXNFLSPREAD-26AUG28MINDEN-MIN7,2026-08-29 04:07:27+00:00,0.1649999999999999,0.03,0,0.12933575491503418,0.13768484032594652,0.1649999999999999
KXWNBAGAME-26AUG28WSHLA-LA,2026-08-29 04:09:48+00:00,0.335,0.01,1,0.28327358624682536,0.29077288953226615,0.335
KXNFL4QSPREAD-26AUG28MINDEN-DEN4,2026-08-29 04:09:49+00:00,0.435,0.47,1,0.37421015977087496,0.35736632233324633,0.435
KXWNBASPREAD-26AUG28TORLV-LV22,2026-08-29 04:09:49+00:00,0.295,0.01,0,0.251888418448412,0.2634763929528023,0.295
KXNFL4QTOTAL-26AUG28MINDEN-15,2026-08-29 04:09:51+00:00,0.32,0.38,0,0.27150414832242037,0.23872484127744203,0.32
KXWNBATOTAL-26AUG28WSHLA-158,2026-08-29 04:09:53+00:00,0.73,0.02,1,0.7199847343072164,0.7520859533221277,0.73
KXCFLGAME-26AUG28MTLWPG-WPG,2026-08-29 04:29:32+00:00,0.27,0.02,1,0.2322726885744036,0.22029250040555368,0.27
KXCFLSPREAD-26AUG28MTLWPG-MTL21,2026-08-29 04:29:33+00:00,0.14,0.12,0,0.10527444706876647,0.10205636625792443,0.14
KXCFLTOTAL-26AUG28MTLWPG-46,2026-08-29 04:29:36+00:00,0.81,0.0199999999999999,1,0.8276124583888682,0.8022851481313318,0.81
KXLNBPGAME-26AUG282230CORPAN-COR,2026-08-29 04:30:02+00:00,0.275,0.0299999999999999,0,0.23619583454920529,0.22416704470792506,0.275
KXHIGHNY-26AUG28-T87,2026-08-29 05:00:00+00:00,0.015,0.01,0,0.0001,0.007491041767279748,0.015
KXHIGHTATL-26AUG28-T93,2026-08-29 05:00:00+00:00,0.015,0.01,0,0.0001,0.0073925235029185105,0.015
KXLOWTDC-26AUG28-B67.5,2026-08-29 05:00:00+00:00,0.115,0.05,0,0.08664532413730655,0.0837995180232334,0.115
KXLOWTPHIL-26AUG28-B68.5,2026-08-29 05:00:00+00:00,0.205,0.27,0,0.17071294456375208,0.14385901224677317,0.205
KXLOWTTTN-26AUG28-B61.5,2026-08-29 05:00:00+00:00,0.41,0.78,0,0.35085784737436326,0.32299292954470343,0.41
KXRAIN-26AUG28-NOLA,2026-08-29 05:00:00+00:00,0.385,0.01,0,0.3275055349778516,0.38456359107322724,0.385
KXLIGAMXSCORE-26AUG28TIJPUM-TIJ1PUM3,2026-08-29 05:30:45+00:00,0.035,0.01,0,0.017071287608195502,0.021234250626233086,0.035
KXLIGAMXTOTAL-26AUG28TIJPUM-5,2026-08-29 05:36:01+00:00,0.125,0.01,0,0.0940969733098905,0.09069323405654307,0.125
KXNCAAFTOTAL-26AUG28IDHOCP-57,2026-08-29 05:49:44+00:00,0.4549999999999999,0.0499999999999999,1,0.39346436487681,0.4164813821031356,0.4549999999999999
KXHIGHTHOU-26AUG28-B90.5,2026-08-29 06:00:00+00:00,0.015,0.01,0,0.0001,0.0077626741274550715,0.015
KXHIGHTMIN-26AUG28-B88.5,2026-08-29 06:00:00+00:00,0.025,0.0099999999999999,0,0.008342072403273759,0.013426990629567315,0.025
KXHIGHTNOLA-26AUG28-B86.5,2026-08-29 06:00:00+00:00,0.05,0.04,0,0.032387615860882804,0.028476134458190354,0.05
KXHIGHTSATX-26AUG28-B97.5,2026-08-29 06:00:00+00:00,0.4649999999999999,0.0099999999999999,0,0.4066429313758214,0.4538671911209618,0.4649999999999999
KXLOWTDAL-26AUG28-B78.5,2026-08-29 06:00:00+00:00,0.42,0.08,1,0.36019877233296793,0.3854106867791639,0.42
KXLOWTHOU-26AUG28-B79.5,2026-08-29 06:00:00+00:00,0.55,0.02,0,0.5209252223532324,0.5393590213193524,0.55
KXLOWTMIN-26AUG28-T58,2026-08-29 06:00:00+00:00,0.755,0.07,1,0.7442665812777502,0.7490427573591389,0.755
KXLOWTNOLA-26AUG28-B76.5,2026-08-29 06:00:00+00:00,0.3299999999999999,0.08,1,0.2793504402720236,0.29872705965379276,0.3299999999999999
KXLOWTSATX-26AUG28-B75.5,2026-08-29 06:00:00+00:00,0.415,0.1499999999999999,0,0.3555283098536656,0.3929742179372574,0.415
KXHIGHDEN-26AUG28-B90.5,2026-08-29 07:00:00+00:00,0.03,0.02,0,0.01248089983115282,0.015955284420617027,0.03
KXLOWTDEN-26AUG28-B63.5,2026-08-29 07:00:00+00:00,0.415,0.07,0,0.3555283098536656,0.37783121566390443,0.415
KXLOWTPHX-26AUG28-B84.5,2026-08-29 07:00:00+00:00,0.025,0.03,0,0.008342072403273759,0.01295502506160251,0.025
KXUFCROUNDS-26AUG29DINNEL-3,2026-08-29 07:40:44+00:00,0.52,0.08,0,0.4791250471203841,0.5174137263739688,0.52
KXUFCVICROUND-26AUG29DINNEL-DIN3,2026-08-29 07:40:48+00:00,0.09,0.02,0,0.06801620120584663,0.06260343159053774,0.09
KXUFCMOV-26AUG29JINPOL-DRAW,2026-08-29 07:55:22+00:00,0.015,0.01,0,0.0001,0.006918459672550711,0.015
KXUFCMOV-26AUG29JINPOL-POLDEC,2026-08-29 07:55:22+00:00,0.565,0.0299999999999999,0,0.5432406073045402,0.5602202531171705,0.565
KXUFCMOF-26AUG29JINPOL-DEC,2026-08-29 07:55:24+00:00,0.685,0.0299999999999999,0,0.6885197881231416,0.6754190103492573,0.685
KXHIGHTLV-26AUG28-T104,2026-08-29 08:00:00+00:00,0.035,0.01,0,0.017071287608195502,0.020086981649491537,0.035
KXHIGHTSAN-26AUG28-B86.5,2026-08-29 08:00:00+00:00,0.415,0.77,0,0.3555283098536656,0.3263745493209079,0.415
KXUFCDISTANCE-26AUG29LONNUZ-DIST,2026-08-29 08:31:17+00:00,0.51,0.02,0,0.4659464806213727,0.4544524459233693,0.51
KXLOLMAP-26AUG290500CFOMVK-1-MVK,2026-08-29 08:55:20+00:00,0.45,0.7200000000000001,0,0.38822154720878194,0.35381415153858453,0.45
KXUFCFIGHT-26AUG29JENWOO-WOO,2026-08-29 09:09:59+00:00,0.585,0.01,1,0.572994453906284,0.5510653418174218,0.585
KXUFCROUNDS-26AUG29JENWOO-2,2026-08-29 09:10:28+00:00,0.245,0.1099999999999999,0,0.21209013421246992,0.1885093107580703,0.245
KXCS2MAP-26AUG290400EACLAV-1-LAV,2026-08-29 09:10:49+00:00,0.49,0.6799999999999999,1,0.43958934762334995,0.45101724036132584,0.49
KXUFCMOV-26AUG29TSUBOR-BORSUB,2026-08-29 09:25:01+00:00,0.015,0.01,0,0.0001,0.007091570126567545,0.015
KXUFCMOF-26AUG29TSUBOR-SUB,2026-08-29 09:25:02+00:00,0.43,0.04,1,0.3695396972915726,0.38403982303457596,0.43
KXUFCVICROUND-26AUG29TSUBOR-BOR1,2026-08-29 09:25:06+00:00,0.055,0.0099999999999999,0,0.03749305861177857,0.03536029371633652,0.055
KXLOLMAP-26AUG290500CFOMVK-3-MVK,2026-08-29 10:25:26+00:00,0.41,0.0199999999999999,1,0.35085784737436326,0.41035337704323815,0.41
KXUFCMOV-26AUG29HASROJ-HASSUB,2026-08-29 10:35:03+00:00,0.0849999999999999,0.0099999999999999,0,0.06429037661955457,0.05711801758115102,0.0849999999999999
KXUFCVICROUND-26AUG29LIUROD-ROD2,2026-08-29 11:00:28+00:00,0.1149999999999999,0.0699999999999999,0,0.08664532413730647,0.07885305501697543,0.1149999999999999
KXCLUBFGAME-26AUG29SEGRMA-RMA,2026-08-29 11:07:22+00:00,0.585,0.17,1,0.572994453906284,0.5676666883667715,0.585
KXJLEAGUESPREAD-26AUG29GAMSAN-GAM2,2026-08-29 11:07:37+00:00,0.065,0.03,0,0.0477039441135701,0.03771768516477954,0.065
KXCS2GAME-26AUG290400EXSB8A-EXS,2026-08-29 11:09:51+00:00,0.27,0.1599999999999999,0,0.2322726885744036,0.20705409405752442,0.27
KXKLEAGUETOTAL-26AUG29ULSGIS-1,2026-08-29 11:17:30+00:00,0.94,0.0199999999999999,1,0.974866328185028,0.9470940351131769,0.94
KXCS2GAME-26AUG290400EACLAV-EAC,2026-08-29 11:19:48+00:00,0.5700000000000001,0.16,1,0.5506790689549763,0.5695543147787416,0.5700000000000001
KXUFCMOF-26AUG29PERMUD-SUB,2026-08-29 11:34:52+00:00,0.29,0.32,0,0.24796527247361028,0.22740494767844127,0.29
KXUFCDISTANCE-26AUG29PERMUD-DIST,2026-08-29 11:34:54+00:00,0.43,0.14,1,0.3695396972915726,0.3575066229580205,0.43
KXUFCMOV-26AUG29AORASA-DRAW,2026-08-29 12:00:12+00:00,0.015,0.01,0,0.0001,0.007440572820572813,0.015
KXDOTA2MAP-26AUG290300LYNXSB-1-LYNX,2026-08-29 12:05:35+00:00,0.5,0.8400000000000001,1,0.45276791412236134,0.407211165028216,0.5
KXCLUBFGAME-26AUG29GERBAS-BAS,2026-08-29 12:06:35+00:00,0.3199999999999999,0.52,1,0.27150414832242026,0.24877478082902274,0.3199999999999999
KXJLEAGUETOTAL-26AUG29SHIREY-1,2026-08-29 12:08:02+00:00,0.92,0.02,1,0.9657953832878665,0.9436052967788697,0.92
KXKLEAGUETOTAL-26AUG29ULSGIS-3,2026-08-29 12:08:03+00:00,0.535,0.03,1,0.4988928968689012,0.5270634085732471,0.535
KXAFLGAME-26AUG290535CFCMEL-MEL,2026-08-29 12:14:27+00:00,0.4599999999999999,0.0199999999999999,0,0.4000536481263157,0.45647349296933826,0.4599999999999999
KXEPL1HTOTAL-26AUG29LFCNFO-2,2026-08-29 12:28:07+00:00,0.395,0.01,0,0.3368464599364563,0.3815746006084504,0.395
KXNASCARRACE-WIN2PB26-AUHI,2026-08-29 12:29:54+00:00,0.1699999999999999,0.0199999999999999,0,0.13450790362112391,0.11660200777837318,0.1699999999999999
KXNASCARTOP3-WIN2PB26-PARE,2026-08-29 12:29:57+00:00,0.105,0.05,0,0.07919367496472257,0.06796020215174284,0.105
KXNASCARTOP3-WIN2PB26-ANAL,2026-08-29 12:29:58+00:00,0.075,0.03,0,0.05683872744697068,0.046858842886895916,0.075
KXNASCARTOP3-WIN2PB26-DETH,2026-08-29 12:29:59+00:00,0.045,0.01,0,0.02728217310998703,0.025487096295697127,0.045
KXNASCARTOP3-WIN2PB26-KYSI,2026-08-29 12:29:59+00:00,0.045,0.07,0,0.02728217310998703,0.024917614301892828,0.045
KXNASCARTOP3-WIN2PB26-SAMA,2026-08-29 12:29:59+00:00,0.125,0.03,0,0.0940969733098905,0.0912777589423854,0.125
KXNASCARTOP3-WIN2PB26-TAGR,2026-08-29 12:29:59+00:00,0.1149999999999999,0.0099999999999999,0,0.08664532413730647,0.07270553426648703,0.1149999999999999
KXNASCARTOP3-WIN2PB26-BRCR,2026-08-29 12:30:00+00:00,0.12,0.02,0,0.09037114872359853,0.0877454303200371,0.12
KXNASCARTOP10-WIN2PB26-DACR,2026-08-29 12:30:05+00:00,0.045,0.03,0,0.02728217310998703,0.025235522365239967,0.045
KXEKSTRAKLASAGAME-26AUG29RADCRA-RAD,2026-08-29 12:36:08+00:00,0.31,0.02,1,0.26365785637281697,0.2748395530036891,0.31
KXK2LEAGUEGAME-26AUG29GYEPAC-GYE,2026-08-29 12:36:13+00:00,0.445,0.03,1,0.38355108472947963,0.4002588500572962,0.445
KXJLEAGUETOTAL-26AUG29VIKCER-3,2026-08-29 12:37:05+00:00,0.485,0.03,0,0.43300006437384425,0.47193412223318865,0.485
KXJLEAGUETOTAL-26AUG29VIKCER-4,2026-08-29 12:37:05+00:00,0.275,0.0299999999999999,0,0.23619583454920529,0.254270076435308,0.275
KXJLEAGUETOTAL-26AUG29NGEFAG-6,2026-08-29 12:37:07+00:00,0.05,0.0199999999999999,0,0.032387615860882804,0.026113095152255832,0.05
KXKLEAGUETOTAL-26AUG29BUCANY-6,2026-08-29 12:37:10+00:00,0.055,0.0099999999999999,0,0.03749305861177857,0.036811427449141995,0.055
KXJLEAGUESPREAD-26AUG29VIKCER-VIK2,2026-08-29 12:37:51+00:00,0.245,0.03,0,0.21209013421246992,0.20549045866542862,0.245
KXJLEAGUESPREAD-26AUG29KAWJEF-KAW2,2026-08-29 12:37:56+00:00,0.375,0.03,1,0.31816461001924695,0.33859388119399386,0.375
KXTACAPORTSPREAD-26AUG29OLIPEN-PEN2,2026-08-29 12:38:07+00:00,0.5,0.96,0,0.45276791412236134,0.3916217038363906,0.5
KXK2LEAGUEGAME-26AUG29HWACHE-TIE,2026-08-29 12:47:06+00:00,0.26,0.02,0,0.22442639662480024,0.22289826966883294,0.26
KXK2LEAGUEGAME-26AUG29SEOSEL-TIE,2026-08-29 12:47:06+00:00,0.28,0.0199999999999999,1,0.24011898052400696,0.23988178340680416,0.28
KXUFCFIGHT-26AUG29NURSON-SON,2026-08-29 12:54:32+00:00,0.145,0.0099999999999999,1,0.10900027165505843,0.09476976874853181,0.145
KXUFCMOF-26AUG29NURSON-DRAW,2026-08-29 12:54:46+00:00,0.015,0.01,0,0.0001,0.0073302228519101145,0.015
KXUFCMOF-26AUG29NURSON-SUB,2026-08-29 12:54:46+00:00,0.145,0.03,0,0.10900027165505843,0.10085765143667183,0.145
KXKLEAGUESPREAD-26AUG29ULSGIS-ULS2,2026-08-29 13:07:56+00:00,0.24,0.0199999999999999,1,0.2069179855063802,0.1653400799219884,0.24
KXKLEAGUEGAME-26AUG29ULSGIS-TIE,2026-08-29 13:08:32+00:00,0.255,0.01,0,0.22050325064999857,0.21179159085962543,0.255
KXETTANGAME-26AUG29ANGJON-TIE,2026-08-29 13:08:51+00:00,0.27,0.02,0,0.2322726885744036,0.22060087863573424,0.27
KXDOTA2MAP-26AUG290300LYNXSB-2-SB,2026-08-29 13:10:29+00:00,0.515,0.85,0,0.4725357638708784,0.4216400124203532,0.515
KXEPLTEAMTOTAL-26AUG29LFCNFO-LFC1,2026-08-29 13:15:55+00:00,0.88,0.02,1,0.9207752046006336,0.8893646926459337,0.88
KXEPL2HSPREAD-26AUG29LFCNFO-NFO2,2026-08-29 13:26:35+00:00,0.375,0.73,0,0.31816461001924695,0.2785740181372578,0.375
KXLOLTOTALMAPS-26AUG290600PCSKCBS-4,2026-08-29 13:35:09+00:00,0.435,0.61,1,0.37421015977087496,0.34617914886827317,0.435
KXEFLCHAMPIONSHIPTOTAL-26AUG29DERSWA-5,2026-08-29 13:37:14+00:00,0.105,0.0099999999999999,0,0.07919367496472257,0.0719560236558603,0.105
KXEFLCHAMPIONSHIPGAME-26AUG29DERSWA-DER,2026-08-29 13:37:19+00:00,0.415,0.01,0,0.3555283098536656,0.4109947377984339,0.415
KXETTANGAME-26AUG29ESKSOL-TIE,2026-08-29 13:37:40+00:00,0.255,0.01,0,0.22050325064999857,0.21000387653200542,0.255
KXBUNDESLIGASCORE-26AUG29SVELEV-SVE0LEV3,2026-08-29 13:40:32+00:00,0.055,0.03,0,0.03749305861177857,0.034871382435151976,0.055
KXGOVERNORMENTION-26AUG28-REPU,2026-08-29 13:54:16+00:00,0.3349999999999999,0.0299999999999999,0,0.2832735862468253,0.2709884964671902,0.3349999999999999
KXGOVERNORMENTION-26AUG28-TARI,2026-08-29 13:54:16+00:00,0.19,0.14,0,0.15519649844548292,0.1426609358751292,0.19
KXLOLGAME-26AUG290900RBMR-RB,2026-08-29 13:59:49+00:00,0.48,0.0399999999999999,1,0.42641078112433856,0.462909864364898,0.48
KXTRUMPENDORSEMENTS-26AUG28-A50,2026-08-29 14:00:00+00:00,0.015,0.01,0,0.0001,0.013490109256153817,0.015
KXKBOSPREAD-26AUG290500LGLOT-LG3,2026-08-29 14:00:29+00:00,0.435,0.63,1,0.37421015977087496,0.3887221599492642,0.435
KXKBOTOTAL-26AUG290500LGLOT-6,2026-08-29 14:00:30+00:00,0.8049999999999999,0.0299999999999999,1,0.8200355604696755,0.8361256985818846,0.8049999999999999
KXCHNSLGAME-26AUG29CHRLIT-TIE,2026-08-29 14:06:57+00:00,0.155,0.01,0,0.11899145750285484,0.11697063092010465,0.155
KXBUNDESLIGA1HSPREAD-26AUG29SVELEV-LEV2,2026-08-29 14:18:02+00:00,0.1699999999999999,0.0199999999999999,0,0.13450790362112391,0.1576012475241772,0.1699999999999999
KXBUNDESLIGA1HBTTS-26AUG29M05PAD-BTTS,2026-08-29 14:18:06+00:00,0.22,0.02,0,0.18622939068202127,0.18550823826285645,0.22
KXBUNDESLIGA1HBTTS-26AUG29SVELEV-BTTS,2026-08-29 14:18:07+00:00,0.255,0.03,0,0.22050325064999857,0.2185259916937509,0.255
KXBUNDESLIGA1H-26AUG29KOETSG-TSG,2026-08-29 14:22:21+00:00,0.35,0.0199999999999999,1,0.29504302417123035,0.32312514585884033,0.35
KXLOLTOTALMAPS-26AUG290500LGDTES-4,2026-08-29 14:25:18+00:00,0.7,0.0799999999999999,1,0.6990081035178332,0.7202387883481727,0.7
KXBUNDESLIGA1HBTTS-26AUG29KOETSG-BTTS,2026-08-29 14:27:46+00:00,0.265,0.03,0,0.2283495425996019,0.22894895506676471,0.265
KXMYSLGAME-26AUG29JOHIMI-TIE,2026-08-29 14:37:30+00:00,0.065,0.0499999999999999,0,0.0477039441135701,0.040210476970312665,0.065
KXT20MATCH-26AUG290800ZIMSA-SA,2026-08-29 14:51:26+00:00,0.765,0.2099999999999999,1,0.7594203771161353,0.7865058637602529,0.765
KXEPL1HBTTS-26AUG29BOUEVE-BTTS,2026-08-29 14:57:53+00:00,0.205,0.0099999999999999,0,0.17071294456375208,0.17196925798534476,0.205
KXBUNDESLIGATEAMTOTAL-26AUG29KOETSG-KOE1,2026-08-29 15:06:00+00:00,0.77,0.04,1,0.7669972750353279,0.7835365447464512,0.77
KXTWEEDEDIVGAME-26AUG29SPJHAR-HAR,2026-08-29 15:07:27+00:00,0.4,0.06,1,0.34151692241575865,0.35819998691197674,0.4
KXTWEEDEDIVGAME-26AUG29SPJHAR-TIE,2026-08-29 15:07:27+00:00,0.21,0.06,0,0.1758850932698418,0.1648068832757854,0.21
KXLIGAPORTUGALTOTAL-26AUG29AROCSM-1,2026-08-29 15:17:48+00:00,0.915,0.01,1,0.9601678609519624,0.9467688562828895,0.915
KXITFDOUBLES-26AUG28BURNIKKYDBER-KYDBER,2026-08-29 15:24:42+00:00,0.39,0.6799999999999999,0,0.332175997457154,0.45970660759141985,0.39
KXBUNDESLIGA2H-26AUG29M05PAD-PAD,2026-08-29 15:25:17+00:00,0.41,0.74,0,0.35085784737436326,0.3236488815976811,0.41
KXBUNDESLIGATEAMTOTAL-26AUG29SVELEV-SVE3,2026-08-29 15:26:04+00:00,0.1,0.06,1,0.0754678503784306,0.06743704583518026,0.1
KXBUNDESLIGA2H-26AUG29SVELEV-TIE,2026-08-29 15:30:31+00:00,0.41,0.74,0,0.35085784737436326,0.3178889934900404,0.41
KXBUNDESLIGA2HTOTAL-26AUG29RBLBMG-1,2026-08-29 15:31:56+00:00,0.815,0.19,1,0.8351893563080607,0.8318239758741347,0.815
KXBUNDESLIGABTTS-26AUG29RBLBMG-BTTS,2026-08-29 15:37:36+00:00,0.605,0.01,0,0.602748300508028,0.5986324272437977,0.605
KXBUNDESLIGATOTAL-26AUG29UNISGE-5,2026-08-29 15:37:38+00:00,0.185,0.01,1,0.1500243497393932,0.14256775129557,0.185
KXBUNDESLIGASPREAD-26AUG29M05PAD-PAD3,2026-08-29 15:37:40+00:00,0.025,0.0099999999999999,0,0.008342072403273759,0.013218946354278829,0.025
KXSCOTTISHPREMTOTAL-26AUG29CELFAL-2,2026-08-29 15:37:54+00:00,0.88,0.02,1,0.9207752046006336,0.9170279005903111,0.88
KXEFLCHAMPIONSHIPTOTAL-26AUG29SOUMIL-5,2026-08-29 15:48:07+00:00,0.15,0.0199999999999999,1,0.1138193087967651,0.11938377936580295,0.15
KXMLBDEBUT-WJENKINS-26NOV01,2026-08-29 15:50:03+00:00,0.985,0.01,1,0.9999,0.9882879273134393,0.985
KXMLBDEBUT-WJENKINS-27NOV01,2026-08-29 15:50:03+00:00,0.985,0.01,1,0.9999,0.9878877546063123,0.985
KXLALIGASCORE-26AUG29LEVRBB-LEV1RBB0,2026-08-29 15:50:33+00:00,0.08,0.0199999999999999,0,0.060564552033262664,0.05483193762054739,0.08
KXEPL2HSPREAD-26AUG29BOUEVE-BOU2,2026-08-29 15:56:31+00:00,0.375,0.73,0,0.31816461001924695,0.279669226829832,0.375
KXEPL2HTOTAL-26AUG29COVHUL-1,2026-08-29 15:56:33+00:00,0.785,0.05,1,0.7897279687929055,0.8104043173754579,0.785
KXSCOTTISHPREMBTTS-26AUG29CELFAL-BTTS,2026-08-29 15:57:01+00:00,0.52,0.04,1,0.4791250471203841,0.5051791069505969,0.52
KXEPLSCORE-26AUG29BOUEVE-BOU1EVE2,2026-08-29 16:00:47+00:00,0.07,0.02,0,0.05280938686446588,0.04660583698363454,0.07
KXEPLSCORE-26AUG29COVHUL-COV1HUL2,2026-08-29 16:00:48+00:00,0.065,0.01,0,0.0477039441135701,0.04152895380050249,0.065
KXEFLCHAMPIONSHIPGAME-26AUG29CHAPNE-CHA,2026-08-29 16:06:54+00:00,0.455,0.01,1,0.39346436487681014,0.441215449506455,0.455
KXEFLCHAMPIONSHIPGAME-26AUG29BLAQPR-TIE,2026-08-29 16:06:56+00:00,0.285,0.0099999999999999,0,0.2440421264988086,0.23416418283985085,0.285
KXEFLL1GAME-26AUG29PABRA-PA,2026-08-29 16:06:58+00:00,0.435,0.03,1,0.37421015977087496,0.42606976413307784,0.435
KXSCOTTISHPREMGAME-26AUG29CELFAL-TIE,2026-08-29 16:07:05+00:00,0.125,0.01,0,0.0940969733098905,0.08831868996220357,0.125
KXEPLBTTS-26AUG29COVHUL-BTTS,2026-08-29 16:07:11+00:00,0.545,0.01,0,0.5134867607027964,0.5196117163882731,0.545
KXEFLCHAMPIONSHIPSPREAD-26AUG29SOUMIL-SOU3,2026-08-29 16:07:14+00:00,0.1,0.02,1,0.0754678503784306,0.07926711743983589,0.1
KXEFLL1SPREAD-26AUG29NOCBURA-NOC3,2026-08-29 16:07:22+00:00,0.1,0.12,0,0.0754678503784306,0.0596834969265914,0.1
KXLIGUE11H-26AUG29RCSRCL-RCS,2026-08-29 16:07:22+00:00,0.24,0.0199999999999999,0,0.2069179855063802,0.20603244782772734,0.24
KXEPLSPREAD-26AUG29COVHUL-COV2,2026-08-29 16:07:24+00:00,0.275,0.01,0,0.23619583454920529,0.24175426724011523,0.275
KXSCOTTISHPREMSPREAD-26AUG29KILDUU-KIL3,2026-08-29 16:07:29+00:00,0.07,0.0399999999999999,0,0.05280938686446588,0.044596900642270655,0.07
KXEFLCHAMPIONSHIPTOTAL-26AUG29CHAPNE-6,2026-08-29 16:07:39+00:00,0.035,0.01,0,0.017071287608195502,0.021014228212089484,0.035
KXEFLCHAMPIONSHIPTOTAL-26AUG29BOLLIC-1,2026-08-29 16:07:41+00:00,0.915,0.01,1,0.9601678609519624,0.9384171670323364,0.915
KXEFLCHAMPIONSHIPTOTAL-26AUG29BOLLIC-5,2026-08-29 16:07:42+00:00,0.115,0.03,0,0.08664532413730655,0.08223081444440336,0.115
KXEFLL1TOTAL-26AUG29PABRA-2,2026-08-29 16:07:46+00:00,0.775,0.03,1,0.7745741729545205,0.7808231266248523,0.775
KXYTVIEWSW-TAY26AUG30-15.2M,2026-08-29 16:19:57+00:00,0.39,0.56,1,0.332175997457154,0.21288816692727935,0.39
KXFOXSATMENTION-26AUG29-TRUM,2026-08-29 16:20:35+00:00,0.85,0.02,1,0.8870100705852089,0.8395556539043809,0.85
KXEFLL1TOTAL-26AUG29LEYBAR-5,2026-08-29 16:37:24+00:00,0.1649999999999999,0.03,0,0.12933575491503418,0.1259486943807926,0.1649999999999999
KXEFLL1TOTAL-26AUG29CAMHUD-5,2026-08-29 16:37:25+00:00,0.1649999999999999,0.03,0,0.12933575491503418,0.12609108020154258,0.1649999999999999
KXLIGAPORTUGALBTTS-26AUG29ALVSCL-BTTS,2026-08-29 16:37:25+00:00,0.48,0.02,1,0.42641078112433856,0.467433257979825,0.48
KXEREDIVISIEGAME-26AUG29EXCSPA-TIE,2026-08-29 16:37:29+00:00,0.245,0.01,0,0.21209013421246992,0.1963168215523862,0.245
KXLIGAPORTUGALTOTAL-26AUG29ALVSCL-5,2026-08-29 16:37:30+00:00,0.0849999999999999,0.0099999999999999,0,0.06429037661955457,0.060284865522491515,0.0849999999999999
KXSVK2LGAME-26AUG29BRAZVO-ZVO,2026-08-29 16:37:45+00:00,0.265,0.0699999999999999,0,0.2283495425996019,0.20345732660935179,0.265
KXNCAAF1QSPREAD-26AUG29UNCTCU-TCU3,2026-08-29 17:08:29+00:00,0.52,0.1399999999999999,0,0.4791250471203841,0.5061756967527349,0.52
KXNCAAF1QSPREAD-26AUG29UNCTCU-UNC3,2026-08-29 17:08:29+00:00,0.28,0.22,0,0.24011898052400696,0.22666735727171047,0.28
KXNCAAF1QSPREAD-26AUG29UNCTCU-UNC11,2026-08-29 17:08:30+00:00,0.08,0.1399999999999999,0,0.060564552033262664,0.05417065545999944,0.08
KXSERIEATOTAL-26AUG29FIOFRO-1,2026-08-29 17:17:30+00:00,0.945,0.01,1,0.9753822363863863,0.9563706874875292,0.945
KXBUNDESLIGA1H-26AUG29BVBHSV-TIE,2026-08-29 17:17:33+00:00,0.33,0.02,0,0.2793504402720237,0.3004846994964415,0.33
KXSERIEA1H-26AUG29FIOFRO-FRO,2026-08-29 17:22:28+00:00,0.1699999999999999,0.0199999999999999,1,0.13450790362112391,0.13525914336790207,0.1699999999999999
KXEREDIVISIETOTAL-26AUG29AZAGAE-2,2026-08-29 17:27:07+00:00,0.875,0.01,1,0.9151476822647294,0.883169154952507,0.875
KXSERIEA1HTOTAL-26AUG29MONUDI-2,2026-08-29 17:27:58+00:00,0.275,0.01,1,0.23619583454920529,0.22642874487305037,0.275
KXLALIGAGAME-26AUG29LEVRBB-TIE,2026-08-29 17:37:34+00:00,0.275,0.01,0,0.23619583454920529,0.22276361866107358,0.275
KXNCAAF1HSPREAD-26AUG29UNCTCU-TCU18,2026-08-29 17:44:14+00:00,0.15,0.18,0,0.1138193087967651,0.10649040472721916,0.15
KXNCAAF1HSPREAD-26AUG29UNCTCU-TCU5,2026-08-29 17:44:15+00:00,0.51,0.02,0,0.4659464806213727,0.515900552464381,0.51
KXNCAAF1HSPREAD-26AUG29UNCTCU-UNC4,2026-08-29 17:44:16+00:00,0.22,0.18,0,0.18622939068202127,0.171684918948486,0.22
KXNCAAF1HTOTAL-26AUG29UNCTCU-14,2026-08-29 17:44:18+00:00,0.85,0.1999999999999999,1,0.8870100705852089,0.8705336623542479,0.85
KXNFL1QSPREAD-26AUG29DETIND-DET3,2026-08-29 17:47:46+00:00,0.35,0.42,0,0.29504302417123035,0.276386705395564,0.35
KXNFL1QTOTAL-26AUG29DETIND-15,2026-08-29 17:47:47+00:00,0.3,0.42,0,0.2558115644232136,0.21514684873018153,0.3
KXEPLSCORE-26AUG29TOTNEW-TOT1NEW0,2026-08-29 18:00:39+00:00,0.075,0.03,0,0.05683872744697068,0.049995881894013806,0.075
KXEPL2HTOTAL-26AUG29TOTNEW-2,2026-08-29 18:21:45+00:00,0.505,0.05,1,0.45935719737186703,0.48844381432776895,0.505
KXBUNDESLIGATEAMTOTAL-26AUG29BVBHSV-HSV1,2026-08-29 18:26:08+00:00,0.565,0.0299999999999999,0,0.5432406073045402,0.5640316549145961,0.565
KXSERIEA2HBTTS-26AUG29MONUDI-BTTS,2026-08-29 18:26:40+00:00,0.495,0.97,0,0.44617863087285564,0.38789066454905186,0.495
KXLALIGATOTAL-26AUG29RSOESP-2,2026-08-29 18:28:10+00:00,0.765,0.01,1,0.7594203771161353,0.7840315593720865,0.765
KXEPLCORNERS-26AUG29TOTNEW-8,2026-08-29 18:30:12+00:00,0.7849999999999999,0.0699999999999999,1,0.7897279687929053,0.810283524955287,0.7849999999999999
KXSERIEA2H-26AUG29FIOFRO-FIO,2026-08-29 18:30:55+00:00,0.415,0.75,0,0.3555283098536656,0.3228105817877467,0.415
KXSERIEA2H-26AUG29FIOFRO-FRO,2026-08-29 18:30:55+00:00,0.475,0.63,1,0.41982149787483286,0.3995385378863494,0.475
KXSERIEA2H-26AUG29MONUDI-UDI,2026-08-29 18:30:55+00:00,0.415,0.75,0,0.3555283098536656,0.32803562034065503,0.415
KXSERIEATEAMTOTAL-26AUG29FIOFRO-FIO1,2026-08-29 18:31:51+00:00,0.85,0.02,0,0.8870100705852089,0.8788633979088358,0.85
KXSERIEATEAMTOTAL-26AUG29FIOFRO-FIO3,2026-08-29 18:31:51+00:00,0.285,0.0299999999999999,0,0.2440421264988086,0.24900095472836634,0.285
KXSERIEA2HTOTAL-26AUG29FIOFRO-1,2026-08-29 18:32:10+00:00,0.5,0.96,1,0.45276791412236134,0.39484310707799447,0.5
KXBUNDESLIGASCORE-26AUG29BVBHSV-BVB1HSV1,2026-08-29 18:32:29+00:00,0.07,0.0399999999999999,0,0.05280938686446588,0.045342435605405726,0.07
KXEPLSPREAD-26AUG29TOTNEW-TOT3,2026-08-29 18:38:32+00:00,0.0849999999999999,0.0099999999999999,0,0.06429037661955457,0.06511818173772652,0.0849999999999999
KXTACAPORTBTTS-26AUG29MONATL-BTTS,2026-08-29 18:38:32+00:00,0.495,0.97,0,0.44617863087285564,0.38280704667762766,0.495
KXSAUDIPLSPREAD-26AUG29AKHAAS-AAS2,2026-08-29 18:38:39+00:00,0.435,0.01,0,0.37421015977087496,0.41027594252627947,0.435
KXTACAPORTSPREAD-26AUG29MONATL-MON3,2026-08-29 18:38:47+00:00,0.5,0.96,0,0.45276791412236134,0.3900903763303919,0.5
KXRUGBYESLMATCH-26AUG29HFCWAR-HFC,2026-08-29 18:39:55+00:00,0.23,0.44,0,0.19657368809420075,0.1661076291852561,0.23
KXWT20MATCH-26AUG290930SOUEAS-SOU,2026-08-29 18:45:32+00:00,0.635,0.03,1,0.6473790704106438,0.632234158347306,0.635
KXNCAAF3QSPREAD-26AUG29UNCTCU-TCU7,2026-08-29 18:51:11+00:00,0.36,0.26,0,0.3041532225813399,0.30776864909869894,0.36
KXNCAAF3QSPREAD-26AUG29UNCTCU-UNC11,2026-08-29 18:51:12+00:00,0.095,0.1699999999999999,0,0.07174202579213862,0.06489992258590134,0.095
KXNCAAF3QTOTAL-26AUG29UNCTCU-11,2026-08-29 18:51:13+00:00,0.4,0.2,0,0.34151692241575865,0.3477025502732385,0.4
KXNCAAFTOTAL-26AUG29RMUWAG-20,2026-08-29 18:54:39+00:00,0.905,0.01,1,0.9489128162801541,0.924439387314116,0.905
KXSERIEAGAME-26AUG29MONUDI-TIE,2026-08-29 18:56:15+00:00,0.305,0.01,0,0.2597347103980153,0.2549635446709046,0.305
KXSERIEAGAME-26AUG29MONUDI-UDI,2026-08-29 18:56:15+00:00,0.395,0.01,1,0.3368464599364563,0.3400020992429588,0.395
KXLALIGA2HSPREAD-26AUG29RSOESP-RSO2,2026-08-29 19:02:40+00:00,0.53,0.88,0,0.4923036136193955,0.4343113195656854,0.53
KXSERIEASCORE-26AUG29FIOFRO-FIO2FRO2,2026-08-29 19:04:48+00:00,0.05,0.0199999999999999,0,0.032387615860882804,0.030840863724090995,0.05
KXSERIEASCORE-26AUG29FIOFRO-FIO3FRO2,2026-08-29 19:04:48+00:00,0.03,0.02,0,0.01248089983115282,0.016854765904022344,0.03
KXWNBA2HWINNER-26AUG29CHINY-NY,2026-08-29 19:05:25+00:00,0.605,0.53,1,0.602748300508028,0.5644189311083069,0.605
KXSERIEATOTAL-26AUG29FIOFRO-4,2026-08-29 19:09:58+00:00,0.31,0.02,0,0.26365785637281697,0.27622374065942706,0.31
KXSERIEAGAME-26AUG29FIOFRO-FIO,2026-08-29 19:12:39+00:00,0.585,0.01,0,0.572994453906284,0.5558854970292799,0.585
KXEREDIVISIESPREAD-26AUG29AZAGAE-GAE2,2026-08-29 19:13:54+00:00,0.06,0.1,0,0.04259850136267433,0.03338205426275903,0.06
KXLIGUE1FTTS-26AUG29AUXANG-AUX,2026-08-29 19:13:54+00:00,0.565,0.0899999999999999,0,0.5432406073045402,0.5424875175301205,0.565
KXNFLTOTAL-26AUG29DETIND-34,2026-08-29 19:19:38+00:00,0.5700000000000001,0.0199999999999999,1,0.5506790689549763,0.5392071827705562,0.5700000000000001
KXLIGUE1TOTAL-26AUG29FCLEST-1,2026-08-29 19:24:55+00:00,0.92,0.02,1,0.9657953832878665,0.9323654383417328,0.92
KXNFL3QTOTAL-26AUG29DETIND-21,2026-08-29 19:25:46+00:00,0.175,0.31,0,0.13968005232721373,0.11723725843001431,0.175
KXISRPLGAME-26AUG29BNSMPT-MPT,2026-08-29 19:26:50+00:00,0.39,0.06,1,0.332175997457154,0.34087165054725255,0.39
KXLIGUE1SCORE-26AUG29FCLEST-FCL2EST0,2026-08-29 19:34:26+00:00,0.095,0.03,0,0.07174202579213862,0.06625737099554174,0.095
KXLIGUE11H-26AUG29AUXANG-ANG,2026-08-29 19:34:39+00:00,0.195,0.03,0,0.16036864715157265,0.15826191748813662,0.195
KXNCAAFSPREAD-26AUG29RMUWAG-RMU11,2026-08-29 19:34:57+00:00,0.075,0.0099999999999999,1,0.05683872744697068,0.04570241150591904,0.075
KXNFL3QSPREAD-26AUG29DETIND-IND8,2026-08-29 19:35:37+00:00,0.275,0.37,0,0.23619583454920529,0.19876054534050053,0.275
KXNFL3QSPREAD-26AUG29DETIND-DET11,2026-08-29 19:35:38+00:00,0.15,0.26,0,0.1138193087967651,0.09702888705757107,0.15
KXLIGUE11HTOTAL-26AUG29FCLEST-1,2026-08-29 19:37:58+00:00,0.675,0.0299999999999999,1,0.6815275778600138,0.6843571521753443,0.675
KXLIGAPORTUGALSPREAD-26AUG29ACVFCP-FCP2,2026-08-29 19:40:33+00:00,0.485,0.03,1,0.43300006437384425,0.470567239241935,0.485
KXNCAAFOT-26AUG29UNCTCU-1,2026-08-29 19:49:55+00:00,0.045,0.03,0,0.02728217310998703,0.024523761680311208,0.045
KXNCAAFTOTAL-26AUG29UNCTCU-40,2026-08-29 19:50:02+00:00,0.6799999999999999,0.0199999999999999,0,0.6850236829915777,0.6688678016673448,0.6799999999999999
KXNCAAFSPREAD-26AUG29UNCTCU-TCU3,2026-08-29 19:50:06+00:00,0.705,0.01,0,0.702504208649397,0.6977058790401003,0.705
KXNCAAFTEAMTOTAL-26AUG29UNCTCU-UNC17,2026-08-29 19:51:19+00:00,0.565,0.0499999999999999,0,0.5432406073045402,0.5674898269283271,0.565
KXNFLSPREAD-26AUG29DETIND-IND8,2026-08-29 19:53:23+00:00,0.375,0.03,0,0.31816461001924695,0.34180999318325317,0.375
KXNCAAF1QSPREAD-26AUG29SJSUUSC-USC17,2026-08-29 19:54:34+00:00,0.285,0.37,0,0.2440421264988086,0.21065423200674055,0.285
KXNCAAF1QSPREAD-26AUG29SJSUUSC-SJSU3,2026-08-29 19:54:35+00:00,0.14,0.26,0,0.10527444706876647,0.09896455521228642,0.14
KXNCAAF1QSPREAD-26AUG29SJSUUSC-USC4,2026-08-29 19:54:35+00:00,0.755,0.31,1,0.7442665812777502,0.7686214352901375,0.755
KXNCAAF1QTOTAL-26AUG29SJSUUSC-13,2026-08-29 19:54:37+00:00,0.7,0.16,0,0.6990081035178332,0.6654669905957252,0.7
KXNFL4QTOTAL-26AUG29DETIND-4,2026-08-29 19:55:51+00:00,0.83,0.24,1,0.8579200500656383,0.8343958154527943,0.83
KXSAUDIPLSPREAD-26AUG29ITTDIR-ITT2,2026-08-29 20:02:18+00:00,0.13,0.08,0,0.09782279789618249,0.07367775628243323,0.13
KXCZEFLGAME-26AUG29BANSIG-SIG,2026-08-29 20:11:50+00:00,0.3349999999999999,0.0299999999999999,0,0.2832735862468253,0.293526659505493,0.3349999999999999
KXSAUDIPLGAME-26AUG29FATITJ-TIE,2026-08-29 20:11:58+00:00,0.255,0.01,1,0.22050325064999857,0.21073006646583375,0.255
KXNCAAFTOTAL-26AUG29CCSUSDAK-56,2026-08-29 20:19:57+00:00,0.405,0.09,1,0.34618738489506096,0.3506613978646464,0.405
KXNCAAFGAME-26AUG29ROOSCHS-CHS,2026-08-29 20:20:13+00:00,0.375,0.1899999999999999,0,0.31816461001924695,0.3511507082362638,0.375
KXLIGUE1TOTAL-26AUG29AUXANG-2,2026-08-29 20:21:51+00:00,0.725,0.01,1,0.7164886291756525,0.7444144679018427,0.725
KXLOLTOTALMAPS-26AUG291315GXNAVI-3,2026-08-29 20:24:53+00:00,0.42,0.5599999999999999,1,0.36019877233296793,0.34354791217602015,0.42
KXEKSTRAKLASAGAME-26AUG29ZAGPSZ-TIE,2026-08-29 20:31:29+00:00,0.285,0.0299999999999999,1,0.2440421264988086,0.24155615678515713,0.285
KXNCAAF1H-26AUG29ROOSCHS-TIE,2026-08-29 20:34:42+00:00,0.445,0.8099999999999999,0,0.38355108472947963,0.34662551669171565,0.445
KXNCAAF1HSPREAD-26AUG29SJSUUSC-USC10,2026-08-29 20:34:44+00:00,0.815,0.2699999999999999,1,0.8351893563080607,0.8206952828883767,0.815
KXNCAAF1HSPREAD-26AUG29SJSUUSC-USC8,2026-08-29 20:34:44+00:00,0.825,0.25,1,0.8503431521464457,0.8495097962019897,0.825
KXNCAAF1HTOTAL-26AUG29SJSUUSC-10,2026-08-29 20:34:47+00:00,0.98,0.02,1,0.9959039285049338,0.9852806953366475,0.98
KXDPWORLDTOURMAKECUT-HUBMHBSNF26-HDUP,2026-08-29 20:34:48+00:00,0.52,0.94,0,0.4791250471203841,0.4654687234434841,0.52
KXDPWORLDTOURMAKECUT-HUBMHBSNF26-RJOH,2026-08-29 20:34:49+00:00,0.215,0.41,0,0.18105724197593154,0.1460069390118317,0.215
KXNCAAF2QSPREAD-26AUG29SJSUUSC-USC11,2026-08-29 20:34:57+00:00,0.47,0.52,1,0.41323221462532717,0.3907721670344038,0.47
KXNCAAF2QSPREAD-26AUG29SJSUUSC-USC17,2026-08-29 20:34:57+00:00,0.285,0.39,1,0.2440421264988086,0.22039675026868877,0.285
KXNCAAF2QTOTAL-26AUG29SJSUUSC-21,2026-08-29 20:35:00+00:00,0.35,0.5800000000000001,1,0.29504302417123035,0.26881984901696987,0.35
KXSLGREECEGAME-26AUG29PAGKAL-PAG,2026-08-29 20:40:11+00:00,0.4,0.0199999999999999,1,0.34151692241575865,0.38785551570001436,0.4
KXSVNPLGAME-26AUG29BRAMUR-BRA,2026-08-29 20:40:16+00:00,0.43,0.06,1,0.3695396972915726,0.38963934304172254,0.43
KXTFF1LIGGAME-26AUG29BATSIV-SIV,2026-08-29 20:40:16+00:00,0.295,0.0499999999999999,0,0.251888418448412,0.2389688135688676,0.295
KXLIGUE1SCORE-26AUG29STBTFC-STB1TFC0,2026-08-29 20:40:30+00:00,0.09,0.02,0,0.06801620120584663,0.0635368121727726,0.09
KXLIGUE1TEAMTOTAL-26AUG29STBTFC-STB1,2026-08-29 20:41:22+00:00,0.74,0.02,1,0.7269769445703441,0.7574970465389063,0.74
KXLIGUE12HTOTAL-26AUG29OLHAC-3,2026-08-29 20:41:50+00:00,0.22,0.1,0,0.18622939068202127,0.1710240250974268,0.22
KXLIGUE12H-26AUG29AUXANG-AUX,2026-08-29 20:49:20+00:00,0.41,0.78,0,0.35085784737436326,0.3134015679020447,0.41
KXLIGUE1TEAMTOTAL-26AUG29AUXANG-AUX1,2026-08-29 20:50:17+00:00,0.79,0.02,1,0.7973048667120981,0.8102920758362984,0.79
KXSERIEA2HSPREAD-26AUG29JUVPAR-JUV2,2026-08-29 20:50:55+00:00,0.49,0.96,1,0.43958934762334995,0.3826019944866045,0.49
KXSERIEA2HTOTAL-26AUG29JUVPAR-2,2026-08-29 20:50:56+00:00,0.49,0.06,1,0.43958934762334995,0.47124103372516135,0.49
KXDPWORLDTOURMAKECUT-HUBMHBSNF26-LLIS,2026-08-29 21:01:35+00:00,0.535,0.85,1,0.4988928968689012,0.43276381576607353,0.535
KXLIGUE1SCORE-26AUG29FCLEST-FCL0EST2,2026-08-29 21:02:32+00:00,0.03,0.02,0,0.01248089983115282,0.016886120438004325,0.03
KXBELGIANPLGAME-26AUG29CERLOM-LOM,2026-08-29 21:08:03+00:00,0.1699999999999999,0.0199999999999999,1,0.13450790362112391,0.13027851331733517,0.1699999999999999
KXHNLGAME-26AUG29VARRUD-VAR,2026-08-29 21:08:09+00:00,0.715,0.01,1,0.7094964189125248,0.7499221955395006,0.715
KXLIGUE1SPREAD-26AUG29OLHAC-HAC2,2026-08-29 21:09:09+00:00,0.035,0.01,0,0.017071287608195502,0.020587791916920953,0.035
KXLIGUE1SPREAD-26AUG29OLHAC-OL2,2026-08-29 21:09:09+00:00,0.405,0.0099999999999999,0,0.34618738489506096,0.3591713155338201,0.405
KXLIGUE1SPREAD-26AUG29AUXANG-ANG3,2026-08-29 21:09:10+00:00,0.015,0.01,0,0.0001,0.0075354229757507805,0.015
KXLIGUE1TOTAL-26AUG29AUXANG-6,2026-08-29 21:09:12+00:00,0.045,0.01,0,0.02728217310998703,0.026206170114649145,0.045
KXSERIEASPREAD-26AUG29JUVPAR-JUV2,2026-08-29 21:09:13+00:00,0.555,0.01,1,0.5283636840036684,0.5455144336999297,0.555
KXSERIEASPREAD-26AUG29JUVPAR-PAR2,2026-08-29 21:09:13+00:00,0.015,0.01,0,0.0001,0.007443705867126342,0.015
KXSERIEATOTAL-26AUG29JUVPAR-2,2026-08-29 21:09:15+00:00,0.805,0.01,1,0.8200355604696757,0.8245121508392156,0.805
KXSERIEATOTAL-26AUG29JUVPAR-4,2026-08-29 21:09:15+00:00,0.3399999999999999,0.0199999999999999,0,0.28719673222162695,0.2794897496963102,0.3399999999999999
KXNCAAFSPREAD-26AUG29CCSUSDAK-SDAK15,2026-08-29 21:09:59+00:00,0.685,0.0899999999999999,1,0.6885197881231416,0.6694619410938327,0.685
KXNCAAF1HSPREAD-26AUG29NCSTUVA-UVA18,2026-08-29 21:10:45+00:00,0.105,0.13,0,0.07919367496472257,0.07056511426488912,0.105
KXNCAAF1HSPREAD-26AUG29NCSTUVA-UVA3,2026-08-29 21:10:46+00:00,0.505,0.01,1,0.45935719737186703,0.5063755266573798,0.505
KXNCAAF1HTOTAL-26AUG29NCSTUVA-28,2026-08-29 21:10:49+00:00,0.425,0.03,0,0.3648692348122703,0.3650103637910516,0.425
KXNCAAF2Q-26AUG29NCSTUVA-NCST,2026-08-29 21:10:54+00:00,0.325,0.25,0,0.275427294297222,0.26689261089735145,0.325
KXNCAAF2QTOTAL-26AUG29NCSTUVA-3,2026-08-29 21:10:56+00:00,0.925,0.13,1,0.9714229056237705,0.9367110617732546,0.925
KXSERIEBGAME-26AUG29ASCCAR-TIE,2026-08-29 21:15:26+00:00,0.295,0.0299999999999999,1,0.251888418448412,0.25066504126208233,0.295
KXNCAAF1H-26AUG29LEHHC-HC,2026-08-29 21:16:18+00:00,0.43,0.7999999999999999,0,0.3695396972915726,0.3310231699071016,0.43
KXNCAAF3QSPREAD-26AUG29SJSUUSC-USC7,2026-08-29 21:35:44+00:00,0.585,0.53,0,0.572994453906284,0.521833554936219,0.585
KXNCAAF3QSPREAD-26AUG29SJSUUSC-USC8,2026-08-29 21:35:44+00:00,0.48,0.06,0,0.42641078112433856,0.44964537595836784,0.48
KXNCAAF3QTOTAL-26AUG29SJSUUSC-8,2026-08-29 21:35:45+00:00,0.87,0.2199999999999999,1,0.9095201599288253,0.8937570718347303,0.87
KXLALIGATEAMTOTAL-26AUG29SEVATM-ATM3,2026-08-29 21:36:11+00:00,0.19,0.02,1,0.15519649844548292,0.15543404222599758,0.19
KXNCAAF3QTOTAL-26AUG29NCSTUVA-6,2026-08-29 21:56:44+00:00,0.83,0.2199999999999999,1,0.8579200500656383,0.8318874857892627,0.83
KXTACAPORTADVANCE-26AUG29PACFAF-FAF,2026-08-29 22:00:39+00:00,0.41,0.1,1,0.35085784737436326,0.3634911520932994,0.41
KXBRASILEIROCSPREAD-26AUG29AFCSTC-STC2,2026-08-29 22:01:16+00:00,0.505,0.93,0,0.45935719737186703,0.4051032507319853,0.505
KXBRASILEIROCTOTAL-26AUG29AFCSTC-4,2026-08-29 22:01:16+00:00,0.215,0.09,0,0.18105724197593154,0.15873053284897815,0.215
KXBRASILEIROCTOTAL-26AUG29ARACON-6,2026-08-29 22:01:17+00:00,0.12,0.18,0,0.09037114872359853,0.08386805846395651,0.12
KXBRASILEIROCTOTAL-26AUG29FLOITU-6,2026-08-29 22:01:19+00:00,0.085,0.15,0,0.06429037661955465,0.04574265623320339,0.085
KXBRASILEIROCTOTAL-26AUG29ITABFC-4,2026-08-29 22:01:20+00:00,0.185,0.09,0,0.1500243497393932,0.13084814631064262,0.185
KXBRASILEIROCTOTAL-26AUG29BRRVOR-2,2026-08-29 22:01:21+00:00,0.675,0.0699999999999999,1,0.6815275778600138,0.6971177243541442,0.675
KXNCAAFTOTAL-26AUG29SOUALST-41,2026-08-29 22:04:42+00:00,0.865,0.07,1,0.9038926375929213,0.8791768371366,0.865
KXNCAAFTOTAL-26AUG29SJSUUSC-61,2026-08-29 22:09:55+00:00,0.535,0.01,1,0.4988928968689012,0.4879400136718409,0.535
KXNCAAFTOTAL-26AUG29LEHHC-34,2026-08-29 22:09:56+00:00,0.825,0.0699999999999999,1,0.8503431521464457,0.8381090076999065,0.825
KXNCAAF4QSPREAD-26AUG29SJSUUSC-USC14,2026-08-29 22:12:27+00:00,0.38,0.52,0,0.3228350724985493,0.3008132351996541,0.38
KXNCAAF2HSPREAD-26AUG29SJSUUSC-USC10,2026-08-29 22:16:39+00:00,0.5,0.96,0,0.45276791412236134,0.3888965237933502,0.5
KXNCAAF2HSPREAD-26AUG29SJSUUSC-USC11,2026-08-29 22:16:39+00:00,0.5,0.96,0,0.45276791412236134,0.3888965237933502,0.5
KXNCAAF2HSPREAD-26AUG29SJSUUSC-USC5,2026-08-29 22:16:39+00:00,0.5,0.96,0,0.45276791412236134,0.3888965237933502,0.5
KXNCAAF2HSPREAD-26AUG29SJSUUSC-SJSU5,2026-08-29 22:16:40+00:00,0.5,0.96,1,0.45276791412236134,0.38889657374014763,0.5
KXNCAAFTEAMTOTAL-26AUG29SJSUUSC-USC64,2026-08-29 22:18:35+00:00,0.1149999999999999,0.0699999999999999,0,0.08664532413730647,0.07351803894082634,0.1149999999999999
KXNCAAFSPREAD-26AUG29UCDPRST-UCD31,2026-08-29 22:19:54+00:00,0.3399999999999999,0.0199999999999999,0,0.28719673222162695,0.28851893425287817,0.3399999999999999
KXNCAAFSPREAD-26AUG29UCDPRST-UCD10,2026-08-29 22:19:55+00:00,0.8300000000000001,0.0599999999999999,0,0.8579200500656384,0.8373793676284965,0.8300000000000001
KXNCAAFTOTAL-26AUG29UCDPRST-77,2026-08-29 22:19:55+00:00,0.215,0.1499999999999999,0,0.18105724197593154,0.1497923313340406,0.215
KXNCAAFSPREAD-26AUG29SJSUUSC-USC31,2026-08-29 22:20:00+00:00,0.71,0.02,0,0.706000313780961,0.6916238987050652,0.71
KXNCAAFTOTAL-26AUG29SJSUUSC-71,2026-08-29 22:20:00+00:00,0.265,0.01,0,0.2283495425996019,0.22697323925924873,0.265
KXMLSSCORE-26AUG29SEACHI-SEA2CHI0,2026-08-29 22:20:22+00:00,0.04,0.02,0,0.022176730359091266,0.024223394699892008,0.04
KXBRASILEIRO1HSPREAD-26AUG29ATLVIT-ATL2,2026-08-29 22:22:28+00:00,0.11,0.0799999999999999,0,0.08291949955101456,0.07534263313449027,0.11
KXNCAAFSPREAD-26AUG29LEHHC-LEH36,2026-08-29 22:30:11+00:00,0.065,0.01,0,0.0477039441135701,0.0371557692077452,0.065
KXNCAAFSPREAD-26AUG29LEHHC-LEH31,2026-08-29 22:30:12+00:00,0.11,0.0199999999999999,0,0.08291949955101456,0.07347442107715016,0.11
KXNCAAFSPREAD-26AUG29LEHHC-LEH3,2026-08-29 22:30:14+00:00,0.8,0.0799999999999999,1,0.8124586625504832,0.7969458988995288,0.8
KXBRASILEIROCTOTAL-26AUG29GUABRU-6,2026-08-29 22:31:40+00:00,0.105,0.15,0,0.07919367496472257,0.07283016876579465,0.105
KXNCAAFSPREAD-26AUG29SOUALST-ALST21,2026-08-29 22:34:49+00:00,0.485,0.0499999999999999,0,0.43300006437384425,0.432073308832011,0.485
KXNCAAFGAME-26AUG29SOUALST-SOU,2026-08-29 22:35:06+00:00,0.095,0.01,0,0.07174202579213862,0.057895032068213184,0.095
KXMLSTEAMTOTAL-26AUG29SEACHI-SEA3,2026-08-29 22:36:12+00:00,0.175,0.0099999999999999,0,0.13968005232721373,0.14515295800084235,0.175
KXMLS2HTOTAL-26AUG29SEACHI-1,2026-08-29 22:37:08+00:00,0.81,0.12,1,0.8276124583888682,0.8151626094681879,0.81
KXNCAAFTOTAL-26AUG29SOUALST-61,2026-08-29 22:39:56+00:00,0.42,0.08,0,0.36019877233296793,0.37244869256913127,0.42
KXNCAAF4QSPREAD-26AUG29NCSTUVA-NCST4,2026-08-29 22:40:44+00:00,0.29,0.26,0,0.24796527247361028,0.2303621639262187,0.29
KXNCAAF4QTOTAL-26AUG29NCSTUVA-21,2026-08-29 22:40:46+00:00,0.205,0.25,0,0.17071294456375208,0.15241078496517058,0.205
KXNCAAF2HTOTAL-26AUG29NCSTUVA-10,2026-08-29 22:40:51+00:00,0.915,0.15,1,0.9601678609519624,0.9295989053572138,0.915
KXNCAAF2HTOTAL-26AUG29NCSTUVA-17,2026-08-29 22:40:51+00:00,0.7849999999999999,0.15,1,0.7897279687929053,0.7937117562258136,0.7849999999999999
KXNCAAF2HTOTAL-26AUG29NCSTUVA-24,2026-08-29 22:40:51+00:00,0.55,0.14,1,0.5209252223532324,0.5314653617396915,0.55
KXNCAAFSPREAD-26AUG29NCSTUVA-UVA21,2026-08-29 22:45:43+00:00,0.135,0.01,1,0.10154862248247448,0.08505004881152958,0.135
KXNCAAFTOTAL-26AUG29NCSTUVA-54,2026-08-29 22:45:43+00:00,0.415,0.01,0,0.3555283098536656,0.3689391366801029,0.415
KXNCAAFSPREAD-26AUG29NCSTUVA-NCST2,2026-08-29 22:45:45+00:00,0.345,0.0099999999999999,0,0.2911198781964287,0.30674473027799487,0.345
KXNFL1QTOTAL-26AUG29CHITEN-22,2026-08-29 22:45:45+00:00,0.2,0.22,0,0.16554079585766238,0.13657920136085197,0.2
KXNCAAFTEAMTOTAL-26AUG29NCSTUVA-NCST24,2026-08-29 22:46:35+00:00,0.495,0.03,0,0.44617863087285564,0.46237983860958803,0.495
KXMLBGAME-26AUG291610HOUNYM-HOU,2026-08-29 22:54:27+00:00,0.455,0.01,0,0.39346436487681014,0.43759114281384137,0.455
KXNCAAFTEAMFG-26AUG29NCSTUVA-NCST1,2026-08-29 22:54:33+00:00,0.495,0.97,0,0.44617863087285564,0.3829302665112396,0.495
KXNCAAFTEAMFG-26AUG29NCSTUVA-UVA3,2026-08-29 22:54:33+00:00,0.495,0.97,0,0.44617863087285564,0.3829302665112396,0.495
KXNCAAFTEAMRECYDS-26AUG29NCSTUVA-UVA150,2026-08-29 22:54:35+00:00,0.815,0.13,1,0.8351893563080607,0.815954309925325,0.815
KXNCAAFTEAMRECYDS-26AUG29NCSTUVA-NCST225,2026-08-29 22:54:37+00:00,0.5700000000000001,0.0999999999999999,0,0.5506790689549763,0.5326621727429396,0.5700000000000001
KXNCAAFTEAMRECYDS-26AUG29NCSTUVA-NCST300,2026-08-29 22:54:37+00:00,0.205,0.13,0,0.17071294456375208,0.1495103401939028,0.205
KXNCAAFTEAMRSHTD-26AUG29NCSTUVA-NCST2,2026-08-29 22:54:38+00:00,0.39,0.2199999999999999,0,0.332175997457154,0.3226575628631771,0.39
KXVALORANTMAP-26AUG291700G2FUR-2-FUR,2026-08-29 22:54:55+00:00,0.325,0.03,0,0.275427294297222,0.3171900106921911,0.325
KXUSLSPREAD-26AUG29PITTAM-PIT2,2026-08-29 23:01:00+00:00,0.105,0.13,0,0.07919367496472257,0.06499876040732863,0.105
KXUSLSPREAD-26AUG29PITTAM-TAM3,2026-08-29 23:01:00+00:00,0.065,0.11,0,0.0477039441135701,0.03492019895203927,0.065
KXUSLGAME-26AUG29PITTAM-PIT,2026-08-29 23:05:09+00:00,0.26,0.04,0,0.22442639662480024,0.2317294149407974,0.26
KXNCAAF1HSPREAD-26AUG29JVSTNDSU-JVST8,2026-08-29 23:06:14+00:00,0.16,0.1599999999999999,0,0.12416360620894457,0.11988368130763331,0.16
KXNCAAF1HTOTAL-26AUG29JVSTNDSU-20,2026-08-29 23:06:16+00:00,0.6699999999999999,0.0599999999999999,1,0.6780314727284499,0.6716362096213877,0.6699999999999999
KXAPFDDHGAME-26AUG29RECOLI-REC,2026-08-29 23:34:37+00:00,0.185,0.03,0,0.1500243497393932,0.15003818368220861,0.185
KXBRASILEIROBBTTS-26AUG29BOTCUI-BTTS,2026-08-29 23:41:02+00:00,0.415,0.0299999999999999,1,0.3555283098536656,0.3941351438115309,0.415
KXNCAAF1QTOTAL-26AUG29NMSUFSU-13,2026-08-29 23:42:27+00:00,0.515,0.1299999999999999,0,0.4725357638708784,0.47332730690577424,0.515
KXNCAAF1QTOTAL-26AUG29NMSUFSU-20,2026-08-29 23:42:27+00:00,0.205,0.21,0,0.17071294456375208,0.15814986640466705,0.205
KXNCAAF1QTOTAL-26AUG29NMSUFSU-21,2026-08-29 23:42:27+00:00,0.185,0.2099999999999999,0,0.1500243497393932,0.14029713016107326,0.185
KXNCAAF1QSPREAD-26AUG29HAWSTAN-STAN11,2026-08-29 23:44:31+00:00,0.1149999999999999,0.19,0,0.08664532413730647,0.08073779671308079,0.1149999999999999
KXLOLMAP-26AUG291900LYC9-1-LY,2026-08-29 23:44:57+00:00,0.35,0.5,1,0.29504302417123035,0.3932710756065371,0.35
KXNCAAFTOTAL-26AUG29JVSTNDSU-28,2026-08-29 23:50:04+00:00,0.905,0.01,1,0.9489128162801541,0.9135575402941665,0.905
KXBRASILEIROBSPREAD-26AUG29BOTCUI-BOT2,2026-08-30 00:01:07+00:00,0.195,0.03,0,0.16036864715157265,0.14812606101710793,0.195
KXBRASILEIROBSPREAD-26AUG29BOTCUI-BOT3,2026-08-30 00:01:07+00:00,0.065,0.0499999999999999,0,0.0477039441135701,0.04039423138009204,0.065
KXBRASILEIROBTOTAL-26AUG29BOTCUI-3,2026-08-30 00:01:08+00:00,0.3349999999999999,0.0299999999999999,1,0.2832735862468253,0.29636078696260354,0.3349999999999999
KXLIGAEXPTOTAL-26AUG29TLAVDS-6,2026-08-30 00:01:10+00:00,0.11,0.04,0,0.08291949955101456,0.07596296656529716,0.11
KXLIGAMX1HSPREAD-26AUG29ATLQUE-QUE2,2026-08-30 00:02:35+00:00,0.385,0.69,0,0.3275055349778516,0.2922782670209362,0.385
KXNCAAFTOTAL-26AUG29CITWOF-25,2026-08-30 00:04:50+00:00,0.8600000000000001,0.0999999999999999,1,0.8982651152570172,0.8670505804140276,0.8600000000000001
KXNCAAFTOTAL-26AUG29CAMPETSU-59,2026-08-30 00:09:50+00:00,0.4399999999999999,0.06,1,0.37888062225017716,0.49628128395618515,0.4399999999999999
KXNCAAF1HSPREAD-26AUG29SACEMU-EMU11,2026-08-30 00:16:21+00:00,0.325,0.03,1,0.275427294297222,0.29844421763189277,0.325
KXNCAAF1HSPREAD-26AUG29SACEMU-SAC5,2026-08-30 00:16:22+00:00,0.17,0.18,0,0.13450790362112403,0.1273274417604098,0.17
KXNCAAF1HTOTAL-26AUG29SACEMU-10,2026-08-30 00:16:24+00:00,0.935,0.0699999999999999,1,0.9743504199836698,0.9469780421806206,0.935
KXPLLGAME-26AUG29DENCAL-CAL,2026-08-30 00:19:35+00:00,0.525,0.03,0,0.4857143303698898,0.5247485089047215,0.525
KXMLS1H-26AUG29NYRBPHI-TIE,2026-08-30 00:27:16+00:00,0.35,0.0199999999999999,0,0.29504302417123035,0.32441877290699417,0.35
KXNCAAFTOTAL-26AUG29BUCKRICH-29,2026-08-30 00:30:01+00:00,0.8400000000000001,0.14,1,0.8730738459040236,0.845133867629334,0.8400000000000001
KXNCAAF2QTOTAL-26AUG29NMSUFSU-24,2026-08-30 00:30:56+00:00,0.22,0.22,0,0.18622939068202127,0.17103479736036933,0.22
KXMLS1HSPREAD-26AUG29MIAMTL-MTL2,2026-08-30 00:32:17+00:00,0.04,0.02,0,0.022176730359091266,0.025644657858670972,0.04
KXMLS1HTOTAL-26AUG29MIAMTL-1,2026-08-30 00:32:20+00:00,0.835,0.01,1,0.8654969479848309,0.8439948892457974,0.835
KXLIGAMXTEAMTOTAL-26AUG29ATLQUE-QUE1,2026-08-30 00:36:36+00:00,0.7,0.02,1,0.6990081035178332,0.7154986813668005,0.7
KXLIGAMXSCORE-26AUG29ATLQUE-ATL2QUE1,2026-08-30 00:40:22+00:00,0.09,0.02,0,0.06801620120584663,0.06278270077689753,0.09
KXNCAAF2QSPREAD-26AUG29HAWSTAN-STAN3,2026-08-30 00:40:32+00:00,0.48,0.1799999999999999,0,0.42641078112433856,0.43324133405954707,0.48
KXMLSBTTS-26AUG29MIAMTL-BTTS,2026-08-30 00:41:00+00:00,0.655,0.01,1,0.6675431573337584,0.6707974421633182,0.655
KXNCAAF1HSPREAD-26AUG29HAWSTAN-STAN21,2026-08-30 00:42:16+00:00,0.095,0.15,0,0.07174202579213862,0.06317215756956421,0.095
KXNCAAF1HSPREAD-26AUG29HAWSTAN-HAW4,2026-08-30 00:42:17+00:00,0.3,0.16,0,0.2558115644232136,0.2483130333180567,0.3
KXNCAAF1HTOTAL-26AUG29HAWSTAN-31,2026-08-30 00:42:21+00:00,0.29,0.1199999999999999,0,0.24796527247361028,0.2538977547175866,0.29
KXNCAAFTOTAL-26AUG29BUCKRICH-35,2026-08-30 00:49:53+00:00,0.8049999999999999,0.0299999999999999,1,0.8200355604696755,0.8227832652765203,0.8049999999999999
KXLIGAMXTOTAL-26AUG29PACCDG-1,2026-08-30 00:51:02+00:00,0.945,0.01,1,0.9753822363863863,0.9534727317484404,0.945
KXMLSTEAMTOTAL-26AUG29ATLCLT-CLT1,2026-08-30 00:51:16+00:00,0.775,0.01,1,0.7745741729545205,0.7673030486370407,0.775
KXNCAAFSPREAD-26AUG29CITWOF-WOF21,2026-08-30 00:54:39+00:00,0.15,0.0199999999999999,1,0.1138193087967651,0.10994708338047213,0.15
KXNCAAFSPREAD-26AUG29CITWOF-WOF3,2026-08-30 00:54:41+00:00,0.725,0.03,1,0.7164886291756525,0.7309732468353067,0.725
KXNCAAFSPREAD-26AUG29CITWOF-CIT15,2026-08-30 00:54:42+00:00,0.065,0.01,0,0.0477039441135701,0.03632462501090038,0.065
KXNFLTOTAL-26AUG29CHITEN-35,2026-08-30 00:55:22+00:00,0.565,0.0099999999999998,1,0.5432406073045402,0.5898558718993634,0.565
KXNFLSPREAD-26AUG29CHITEN-CHI8,2026-08-30 00:59:50+00:00,0.195,0.03,1,0.16036864715157265,0.15503446214371797,0.195
KXNCAAFTOTAL-26AUG29EWUNAU-78,2026-08-30 01:00:07+00:00,0.175,0.15,0,0.13968005232721373,0.11745200568235867,0.175
KXNCAAFSPREAD-26AUG29JVSTNDSU-NDSU24,2026-08-30 01:00:10+00:00,0.09,0.02,1,0.06801620120584663,0.05619065020509684,0.09
KXNCAAFSPREAD-26AUG29JVSTNDSU-NDSU4,2026-08-30 01:00:12+00:00,0.585,0.01,1,0.572994453906284,0.580075408632231,0.585
KXNCAAFSPREAD-26AUG29JVSTNDSU-NDSU6,2026-08-30 01:00:12+00:00,0.55,0.02,1,0.5209252223532324,0.5163011830441928,0.55
KXNCAAFSPREAD-26AUG29JVSTNDSU-JVST8,2026-08-30 01:00:13+00:00,0.0849999999999999,0.0099999999999999,0,0.06429037661955457,0.05371641152994092,0.0849999999999999
KXNCAAFSPREAD-26AUG29EWUNAU-NAU8,2026-08-30 01:00:15+00:00,0.37,0.06,0,0.3134941475399446,0.31312783112469555,0.37
KXNCAAFSPREAD-26AUG29EWUNAU-NAU2,2026-08-30 01:00:16+00:00,0.595,0.05,1,0.587871377207156,0.6249789677329896,0.595
KXNCAAFTEAMTOTAL-26AUG29JVSTNDSU-NDSU21,2026-08-30 01:00:33+00:00,0.73,0.04,1,0.7199847343072164,0.7561750831822219,0.73
KXNCAAFTEAMTOTAL-26AUG29JVSTNDSU-NDSU24,2026-08-30 01:00:33+00:00,0.63,0.04,1,0.6399406087602079,0.6450563683557371,0.63
KXNCAAFTEAMTOTAL-26AUG29JVSTNDSU-JVST20,2026-08-30 01:00:34+00:00,0.52,0.04,0,0.4791250471203841,0.5102479538764004,0.52
KXLIGAMXSCORE-26AUG29ATLQUE-ATL0QUE3,2026-08-30 01:00:44+00:00,0.015,0.01,0,0.0001,0.0070622138806646665,0.015
KXLIGAMXSCORE-26AUG29ATLQUE-ATL1QUE2,2026-08-30 01:00:44+00:00,0.065,0.03,0,0.0477039441135701,0.041818414598411915,0.065
KXLIGAMXSCORE-26AUG29ATLQUE-ATL3QUE2,2026-08-30 01:00:44+00:00,0.035,0.01,0,0.017071287608195502,0.019012567002565685,0.035
KXUSLSPREAD-26AUG29BROSPO-BRO2,2026-08-30 01:01:18+00:00,0.3349999999999999,0.0299999999999999,1,0.2832735862468253,0.30004087826332737,0.3349999999999999
KXLIGAMX2HBTTS-26AUG29ATLQUE-BTTS,2026-08-30 01:02:20+00:00,0.28,0.12,0,0.24011898052400696,0.2292694704911285,0.28
KXNCAAF1H-26AUG29BRYSTNH-STNH,2026-08-30 01:04:06+00:00,0.325,0.61,0,0.275427294297222,0.23843775384157154,0.325
KXNCAAFTOTAL-26AUG29STETSDST-41,2026-08-30 01:04:43+00:00,0.885,0.03,1,0.9264027269365377,0.8934219779351551,0.885
KXLIGAMXBTTS-26AUG29PACCDG-BTTS,2026-08-30 01:11:05+00:00,0.565,0.0099999999999998,1,0.5432406073045402,0.5502539416358311,0.565
KXBRASILEIROTEAMTOTAL-26AUG29SPARBB-SPA2,2026-08-30 01:11:18+00:00,0.395,0.0299999999999999,1,0.3368464599364563,0.3703672092665392,0.395
KXNCAAFTOTAL-26AUG29VMIIDST-48,2026-08-30 01:14:49+00:00,0.735,0.05,1,0.7234808394387803,0.7444776961805796,0.735
KXNCAAFTOTAL-26AUG29VMIIDST-54,2026-08-30 01:14:49+00:00,0.615,0.05,0,0.6176252238089,0.6119937471610285,0.615
KXNCAAFTOTAL-26AUG29VMIIDST-57,2026-08-30 01:14:49+00:00,0.545,0.01,0,0.5134867607027964,0.525852711224455,0.545
KXNCAAFTOTAL-26AUG29VMIIDST-65,2026-08-30 01:14:50+00:00,0.35,0.06,0,0.29504302417123035,0.3048142231747089,0.35
KXNCAAFSPREAD-26AUG29MORGNCAT-MORG2,2026-08-30 01:19:58+00:00,0.72,0.04,1,0.7129925240440886,0.716149172201514,0.72
KXNCAAFSPREAD-26AUG29MORGNCAT-NCAT14,2026-08-30 01:19:59+00:00,0.065,0.01,0,0.0477039441135701,0.03559754109094802,0.065
KXNCAAFTOTAL-26AUG29MORGNCAT-60,2026-08-30 01:19:59+00:00,0.245,0.13,0,0.21209013421246992,0.1829486279510269,0.245
KXNCAAFTOTAL-26AUG29MORGNCAT-63,2026-08-30 01:19:59+00:00,0.2,0.12,0,0.16554079585766238,0.14099871031515832,0.2
KXNCAAFSPREAD-26AUG29SEMOINST-SEMO12,2026-08-30 01:20:00+00:00,0.15,0.06,0,0.1138193087967651,0.09543578893732504,0.15
KXNCAAFSPREAD-26AUG29SEMOINST-INST2,2026-08-30 01:20:01+00:00,0.505,0.01,0,0.45935719737186703,0.4595408647322367,0.505
KXNCAAFSPREAD-26AUG29SEMOINST-SEMO2,2026-08-30 01:20:01+00:00,0.425,0.0499999999999999,1,0.3648692348122703,0.3781285505117956,0.425
KXBRASILEIROBTTS-26AUG29SPARBB-BTTS,2026-08-30 01:21:19+00:00,0.5,0.02,1,0.45276791412236134,0.4877177402590955,0.5
KXMLSBTTS-26AUG29TORNYC-BTTS,2026-08-30 01:21:22+00:00,0.605,0.01,1,0.602748300508028,0.5934401525520787,0.605
KXMLSTOTAL-26AUG29MIAMTL-4,2026-08-30 01:21:45+00:00,0.575,0.01,1,0.5581175306054121,0.5709542671679635,0.575
KXNCAAFSPREAD-26AUG29BUCKRICH-RICH25,2026-08-30 01:24:36+00:00,0.125,0.0499999999999999,0,0.0940969733098905,0.08036618643931588,0.125
KXNCAAFSPREAD-26AUG29BUCKRICH-RICH5,2026-08-30 01:24:38+00:00,0.685,0.0299999999999999,1,0.6885197881231416,0.6789135512666208,0.685
KXNCAAFSPREAD-26AUG29BUCKRICH-RICH6,2026-08-30 01:24:38+00:00,0.66,0.04,1,0.6710392624653222,0.6517405161900628,0.66
KXNCAAFSPREAD-26AUG29BUCKRICH-BUCK7,2026-08-30 01:24:39+00:00,0.08,0.0199999999999999,0,0.060564552033262664,0.047900647885203346,0.08
KXNCAAFTOTAL-26AUG29STETSDST-53,2026-08-30 01:24:40+00:00,0.62,0.04,1,0.6250636854593359,0.6139846984262752,0.62
KXNCAAFTOTAL-26AUG29STETSDST-56,2026-08-30 01:24:40+00:00,0.54,0.04,1,0.5060482990523605,0.497680791715323,0.54
KXNCAAFTOTAL-26AUG29STETSDST-58,2026-08-30 01:24:40+00:00,0.4649999999999999,0.0099999999999999,1,0.4066429313758214,0.4568912898589076,0.4649999999999999
KXLIGAMXSCORE-26AUG29PACCDG-PAC0CDG5,2026-08-30 01:30:56+00:00,0.06,0.06,0,0.04259850136267433,0.032656729392868955,0.06
KXLIGAMXSCORE-26AUG29PACCDG-PAC2CDG2,2026-08-30 01:30:56+00:00,0.06,0.02,0,0.04259850136267433,0.038609262148995085,0.06
KXLIGAMXSCORE-26AUG29PACCDG-PAC3CDG3,2026-08-30 01:30:56+00:00,0.015,0.01,0,0.0001,0.00746120579768538,0.015
KXMLSSCORE-26AUG29MIAMTL-MIA5MTL0,2026-08-30 01:31:00+00:00,0.04,0.02,0,0.022176730359091266,0.024000376251515194,0.04
KXLIGAMXTOTAL-26AUG29PACCDG-2,2026-08-30 01:31:03+00:00,0.775,0.01,1,0.7745741729545205,0.7740570257434611,0.775
KXUSLTOTAL-26AUG29LEXCSS-3,2026-08-30 01:31:08+00:00,0.52,0.02,0,0.4791250471203841,0.5400780478545795,0.52
KXUSLTOTAL-26AUG29HARBIR-5,2026-08-30 01:31:09+00:00,0.165,0.01,1,0.1293357549150343,0.1327438907453987,0.165
KXMLS1HSPREAD-26AUG29MINORL-ORL2,2026-08-30 01:32:25+00:00,0.06,0.02,0,0.04259850136267433,0.04675293736884989,0.06
KXMLS1HBTTS-26AUG29HOUSJ-BTTS,2026-08-30 01:32:31+00:00,0.245,0.01,0,0.21209013421246992,0.21648074142868193,0.245
KXMLS1HBTTS-26AUG29SKCVAN-BTTS,2026-08-30 01:32:32+00:00,0.235,0.0099999999999999,0,0.20174583680029046,0.20705228610222587,0.235
KXMLS1H-26AUG29NSHCIN-CIN,2026-08-30 01:32:34+00:00,0.22,0.02,0,0.18622939068202127,0.18105709329419328,0.22
KXMLS2H-26AUG29TORNYC-TIE,2026-08-30 01:35:13+00:00,0.415,0.77,0,0.3555283098536656,0.3240507815368507,0.415
KXNCAAFSPREAD-26AUG29BRYSTNH-BRY21,2026-08-30 01:39:56+00:00,0.12,0.02,0,0.09037114872359853,0.07553045663152934,0.12
KXNCAAFSPREAD-26AUG29BRYSTNH-BRY3,2026-08-30 01:39:58+00:00,0.59,0.04,1,0.58043291555672,0.5642297467512325,0.59
KXNCAAF3QSPREAD-26AUG29HAWSTAN-HAW7,2026-08-30 01:40:26+00:00,0.2,0.1999999999999999,0,0.16554079585766238,0.1529437975437994,0.2
KXMLS2HSPREAD-26AUG29MIAMTL-MIA2,2026-08-30 01:41:50+00:00,0.49,0.96,1,0.43958934762334995,0.3825208545429487,0.49
KXLIGAMX1HTOTAL-26AUG29AMEPUE-3,2026-08-30 01:52:19+00:00,0.185,0.01,0,0.1500243497393932,0.15427702385575942,0.185
KXMLSSCORE-26AUG29TORNYC-TOR1NYC0,2026-08-30 02:00:29+00:00,0.075,0.03,0,0.05683872744697068,0.04938448732130296,0.075
KXMLSSCORE-26AUG29TORNYC-TOR1NYC3,2026-08-30 02:00:29+00:00,0.04,0.02,0,0.022176730359091266,0.023996547541060294,0.04
KXMLSSCORE-26AUG29TORNYC-TOR2NYC1,2026-08-30 02:00:29+00:00,0.09,0.02,0,0.06801620120584663,0.06294964261273056,0.09
KXMLSSCORE-26AUG29TORNYC-TOR3NYC3,2026-08-30 02:00:29+00:00,0.02,0.0199999999999999,0,0.004203244975394692,0.010368474209737823,0.02
KXMLSSCORE-26AUG29NYRBPHI-NYRB3PHI2,2026-08-30 02:00:30+00:00,0.04,0.02,0,0.022176730359091266,0.024095135411989467,0.04
KXMLSSCORE-26AUG29DCULAFC-DCU1LAFC2,2026-08-30 02:00:31+00:00,0.095,0.03,0,0.07174202579213862,0.06557681937572288,0.095
KXMLSSCORE-26AUG29DCULAFC-DCU1LAFC3,2026-08-30 02:00:31+00:00,0.055,0.03,0,0.03749305861177857,0.03431083913414899,0.055
KXMLSSCORE-26AUG29ATLCLT-ATL0CLT1,2026-08-30 02:00:33+00:00,0.06,0.02,0,0.04259850136267433,0.03869041987356445,0.06
KXMLSSCORE-26AUG29ATLCLT-ATL1CLT2,2026-08-30 02:00:33+00:00,0.08,0.0199999999999999,0,0.060564552033262664,0.054491799623733406,0.08
KXMLSSCORE-26AUG29ATLCLT-ATL2CLT3,2026-08-30 02:00:33+00:00,0.04,0.02,0,0.022176730359091266,0.024002252535416595,0.04
KXMLSTOTAL-26AUG29ATLCLT-3,2026-08-30 02:01:06+00:00,0.595,0.01,0,0.587871377207156,0.5795835831609261,0.595
KXMLSSPREAD-26AUG29TORNYC-NYC2,2026-08-30 02:01:15+00:00,0.155,0.01,0,0.11899145750285484,0.13147628348612922,0.155
KXNCAAFTEAMTOTAL-26AUG29SACEMU-EMU32,2026-08-30 02:04:04+00:00,0.49,0.04,0,0.43958934762334995,0.4701329382135618,0.49
KXNCAAFSPREAD-26AUG29SACEMU-EMU21,2026-08-30 02:04:42+00:00,0.225,0.01,0,0.191401539388111,0.17717604058708436,0.225
KXNCAAFTOTAL-26AUG29SACEMU-60,2026-08-30 02:04:43+00:00,0.35,0.0199999999999999,0,0.29504302417123035,0.3047837481227678,0.35
KXNCAAFSPREAD-26AUG29SACEMU-EMU8,2026-08-30 02:04:44+00:00,0.535,0.01,1,0.4988928968689012,0.5284263100515536,0.535
KXNCAAFSPREAD-26AUG29SACEMU-SAC5,2026-08-30 02:04:46+00:00,0.125,0.01,0,0.0940969733098905,0.08464435101348457,0.125
KXNCAAFSPREAD-26AUG29SACEMU-SAC14,2026-08-30 02:04:47+00:00,0.035,0.01,0,0.017071287608195502,0.020230620439873913,0.035
KXNCAAF1H-26AUG29MCARPB-ARPB,2026-08-30 02:10:09+00:00,0.435,0.83,1,0.37421015977087496,0.3335584818929719,0.435
KXNCAAF1H-26AUG29SFILILST-SFIL,2026-08-30 02:15:58+00:00,0.0499999999999999,0.08,0,0.0323876158608827,0.030155763446887057,0.0499999999999999
KXNCAAFTOTAL-26AUG29EKYWCU-50,2026-08-30 02:19:48+00:00,0.485,0.1699999999999999,1,0.43300006437384425,0.44982068663730956,0.485
KXNCAAFGAME-26AUG29SAMUNA-UNA,2026-08-30 02:19:56+00:00,0.745,0.01,1,0.7304730497019081,0.7498535756941239,0.745
KXNCAAF4QSPREAD-26AUG29NMSUFSU-FSU11,2026-08-30 02:20:11+00:00,0.24,0.26,0,0.2069179855063802,0.18621057302196678,0.24
KXNCAAF4QTOTAL-26AUG29NMSUFSU-8,2026-08-30 02:20:13+00:00,0.65,0.2199999999999999,1,0.6640470522021945,0.6270673156639364,0.65
KXNCAAF2HSPREAD-26AUG29NMSUFSU-FSU11,2026-08-30 02:20:16+00:00,0.5700000000000001,0.14,0,0.5506790689549763,0.5401819955856659,0.5700000000000001
KXNCAAF2HSPREAD-26AUG29NMSUFSU-FSU5,2026-08-30 02:20:16+00:00,0.78,0.1999999999999999,1,0.7821510708737129,0.7114116195629384,0.78
KXNCAAF2HSPREAD-26AUG29NMSUFSU-NMSU5,2026-08-30 02:20:17+00:00,0.0849999999999999,0.13,0,0.06429037661955457,0.054946846161608644,0.0849999999999999
KXNCAAF2HTOTAL-26AUG29NMSUFSU-38,2026-08-30 02:20:19+00:00,0.105,0.17,0,0.07919367496472257,0.06917037186847504,0.105
KXNCAAFSPREAD-26AUG29SAMUNA-UNA15,2026-08-30 02:24:40+00:00,0.205,0.11,0,0.17071294456375208,0.13861292773856154,0.205
KXNCAAFSPREAD-26AUG29SAMUNA-SAM3,2026-08-30 02:24:42+00:00,0.16,0.08,0,0.12416360620894457,0.15568790815552921,0.16
KXNCAAFSPREAD-26AUG29SAMUNA-SAM7,2026-08-30 02:24:43+00:00,0.095,0.01,0,0.07174202579213862,0.06074489354372516,0.095
KXNCAAFTEAMTOTAL-26AUG29NMSUFSU-FSU42,2026-08-30 02:27:54+00:00,0.535,0.03,0,0.4988928968689012,0.5347102715135368,0.535
KXNCAAFTEAMTOTAL-26AUG29NMSUFSU-NMSU14,2026-08-30 02:27:56+00:00,0.345,0.0299999999999999,1,0.2911198781964287,0.3012633311595668,0.345
KXNCAAFTEAMTOTAL-26AUG29NMSUFSU-NMSU3,2026-08-30 02:27:56+00:00,0.81,0.2400000000000001,1,0.8276124583888682,0.8440451512966625,0.81
KXNCAAFTOTAL-26AUG29MONMTNTC-47,2026-08-30 02:29:58+00:00,0.745,0.2299999999999999,1,0.7304730497019081,0.7386736227560152,0.745
KXMLSSCORE-26AUG29NSHCIN-NSH1CIN2,2026-08-30 02:30:18+00:00,0.06,0.02,0,0.04259850136267433,0.038654294650057666,0.06
KXBRASILEIROBTTS-26AUG29VDGCRU-BTTS,2026-08-30 02:31:02+00:00,0.515,0.03,1,0.4725357638708784,0.4860242355323391,0.515
KXNCAAFSPREAD-26AUG29EKYWCU-WCU10,2026-08-30 02:34:38+00:00,0.265,0.1699999999999999,1,0.2283495425996019,0.1888349506475281,0.265
KXNCAAFTOTAL-26AUG29EKYWCU-69,2026-08-30 02:34:38+00:00,0.13,0.06,0,0.09782279789618249,0.08479091225397703,0.13
KXNCAAFSPREAD-26AUG29EKYWCU-EKY4,2026-08-30 02:34:40+00:00,0.21,0.14,0,0.1758850932698418,0.14158421113715997,0.21
KXNCAAFTOTAL-26AUG29ETAMMER-66,2026-08-30 02:34:40+00:00,0.355,0.2299999999999999,0,0.2994827601020376,0.28003776135763664,0.355
KXNCAAFTOTAL-26AUG29ETAMMER-72,2026-08-30 02:34:40+00:00,0.255,0.17,0,0.22050325064999857,0.19011330949990957,0.255
KXNCAAFSPREAD-26AUG29ETAMMER-MER31,2026-08-30 02:34:42+00:00,0.255,0.2299999999999999,0,0.22050325064999857,0.18250754363376281,0.255
KXNCAAFSPREAD-26AUG29ETAMMER-MER34,2026-08-30 02:34:42+00:00,0.215,0.1699999999999999,0,0.18105724197593154,0.15070491340242204,0.215
KXNCAAFSPREAD-26AUG29ETAMMER-MER7,2026-08-30 02:34:44+00:00,0.78,0.18,1,0.7821510708737129,0.7703686218976804,0.78
KXNCAAFSPREAD-26AUG29ETAMMER-MER5,2026-08-30 02:34:45+00:00,0.79,0.16,1,0.7973048667120981,0.7875553583942014,0.79
KXNCAAFTOTAL-26AUG29SFAMCNS-70,2026-08-30 02:34:45+00:00,0.105,0.0099999999999999,0,0.07919367496472257,0.0699988476721584,0.105
KXNCAAFSPREAD-26AUG29SFAMCNS-SFA24,2026-08-30 02:34:47+00:00,0.195,0.17,0,0.16036864715157265,0.14244153878756408,0.195
KXNCAAFSPREAD-26AUG29SFAMCNS-SFA34,2026-08-30 02:34:47+00:00,0.09,0.0399999999999999,0,0.06801620120584663,0.0537464401847938,0.09
KXNCAAFSPREAD-26AUG29SFAMCNS-SFA36,2026-08-30 02:34:47+00:00,0.065,0.01,0,0.0477039441135701,0.03658341420036561,0.065
KXNCAAFSPREAD-26AUG29SFAMCNS-SFA6,2026-08-30 02:34:49+00:00,0.635,0.1499999999999999,1,0.6473790704106438,0.5804595715095335,0.635
KXMLS2HTOTAL-26AUG29SKCVAN-2,2026-08-30 02:36:28+00:00,0.585,0.1099999999999999,1,0.572994453906284,0.5851841378092189,0.585
KXMLS2H-26AUG29HOUSJ-SJ,2026-08-30 02:40:19+00:00,0.415,0.77,0,0.3555283098536656,0.323076212768007,0.415
KXMLS2H-26AUG29SKCVAN-SKC,2026-08-30 02:40:21+00:00,0.415,0.77,0,0.3555283098536656,0.32312280047714553,0.415
KXMLSSCORE-26AUG29SKCVAN-SKC1VAN1,2026-08-30 02:40:24+00:00,0.08,0.0199999999999999,0,0.060564552033262664,0.054717618768756894,0.08
KXMLSTEAMTOTAL-26AUG29SKCVAN-VAN3,2026-08-30 02:41:14+00:00,0.425,0.03,1,0.3648692348122703,0.40570802944697276,0.425
KXMLS2HSPREAD-26AUG29MINORL-MIN2,2026-08-30 02:41:36+00:00,0.49,0.96,0,0.43958934762334995,0.3827272852813541,0.49
KXMLS2HTOTAL-26AUG29NSHCIN-1,2026-08-30 02:41:38+00:00,0.8600000000000001,0.0999999999999999,1,0.8982651152570172,0.8696700198594934,0.8600000000000001
KXNCAAFSPREAD-26AUG29MONMTNTC-MONM4,2026-08-30 02:49:58+00:00,0.24,0.3,0,0.2069179855063802,0.16473843775493324,0.24
KXNCAAFTOTAL-26AUG29AAMUHOW-38,2026-08-30 02:54:33+00:00,0.645,0.1899999999999999,1,0.6605509470706306,0.6194951114165451,0.645
KXNCAAFSPREAD-26AUG29HAWSTAN-STAN8,2026-08-30 02:54:37+00:00,0.355,0.01,1,0.2994827601020376,0.30312217267794933,0.355
KXNCAAFSPREAD-26AUG29HAWSTAN-STAN2,2026-08-30 02:54:38+00:00,0.615,0.01,1,0.6176252238089,0.6409917448421257,0.615
KXNCAAFSPREAD-26AUG29HAWSTAN-STAN4,2026-08-30 02:54:38+00:00,0.515,0.01,1,0.4725357638708784,0.44804920627015965,0.515
KXLIGAMXSCORE-26AUG29AMEPUE-AME2PUE0,2026-08-30 03:00:34+00:00,0.105,0.0099999999999999,1,0.07919367496472257,0.07886000472300614,0.105
KXLIGAMXSCORE-26AUG29AMEPUE-AME4PUE0,2026-08-30 03:00:34+00:00,0.045,0.03,0,0.02728217310998703,0.027114521412544702,0.045
KXLIGAMXSCORE-26AUG29AMEPUE-AME5PUE1,2026-08-30 03:00:34+00:00,0.035,0.01,0,0.017071287608195502,0.019916361405595308,0.035
KXMLSFTTS-26AUG29COLRSL-RSL,2026-08-30 03:00:40+00:00,0.37,0.02,0,0.3134941475399446,0.3502564037854183,0.37
KXMLSSCORE-26AUG29MINORL-MIN3ORL2,2026-08-30 03:00:40+00:00,0.05,0.0199999999999999,0,0.032387615860882804,0.031415568773530876,0.05
KXMLSSCORE-26AUG29HOUSJ-HOU0SJ2,2026-08-30 03:00:41+00:00,0.015,0.01,0,0.0001,0.0076182490924550424,0.015
KXMLSSCORE-26AUG29HOUSJ-HOU1SJ2,2026-08-30 03:00:41+00:00,0.05,0.0199999999999999,0,0.032387615860882804,0.03136765448768919,0.05
KXMLSBTTS-26AUG29SKCVAN-BTTS,2026-08-30 03:00:52+00:00,0.595,0.01,0,0.587871377207156,0.585211125375942,0.595
KXLIGAEXPSPREAD-26AUG29MZAJAB-JAB3,2026-08-30 03:01:00+00:00,0.12,0.18,0,0.09037114872359853,0.07820403303736177,0.12
KXMLSSPREAD-26AUG29MINORL-MIN3,2026-08-30 03:01:05+00:00,0.145,0.0099999999999999,0,0.10900027165505843,0.10958336041782231,0.145
KXLIGAMX2HTOTAL-26AUG29AMEPUE-3,2026-08-30 03:01:54+00:00,0.245,0.07,0,0.21209013421246992,0.20228056358162094,0.245
KXNWSLGAME-26AUG29DENCHI-DEN,2026-08-30 03:03:54+00:00,0.77,0.02,1,0.7669972750353279,0.7734121638743789,0.77
KXUSLGAME-26AUG29TULRHO-TIE,2026-08-30 03:03:55+00:00,0.275,0.01,0,0.23619583454920529,0.23222279423389028,0.275
KXLIGAMXGAME-26AUG29AMEPUE-TIE,2026-08-30 03:08:45+00:00,0.165,0.01,0,0.1293357549150343,0.11243179309611118,0.165
KXNCAAFSPREAD-26AUG29ACLAM-LAM3,2026-08-30 03:14:40+00:00,0.275,0.0499999999999999,1,0.23619583454920529,0.21253519133523913,0.275
KXNCAAFSPREAD-26AUG29ACLAM-LAM14,2026-08-30 03:14:41+00:00,0.065,0.01,0,0.0477039441135701,0.0362811598461229,0.065
KXNCAAFSPREAD-26AUG29ACLAM-LAM7,2026-08-30 03:14:41+00:00,0.17,0.06,1,0.13450790362112403,0.11125381639223715,0.17
KXNCAAFSPREAD-26AUG29STETSDST-SDST39,2026-08-30 03:19:53+00:00,0.735,0.03,1,0.7234808394387803,0.7499864089674149,0.735
KXNCAAFSPREAD-26AUG29STETSDST-SDST31,2026-08-30 03:19:54+00:00,0.86,0.08,1,0.8982651152570171,0.8731433267986638,0.86
KXMLS1H-26AUG29SDLAG-LAG,2026-08-30 03:27:33+00:00,0.225,0.01,0,0.191401539388111,0.19352478402207396,0.225
KXNASCARRACE-COKZS26-CHBU,2026-08-30 03:29:42+00:00,0.045,0.01,0,0.02728217310998703,0.026293950917430604,0.045
KXNASCARRACE-COKZS26-DASU,2026-08-30 03:29:42+00:00,0.015,0.01,0,0.0001,0.007222649349058735,0.015
KXNASCARRACE-COKZS26-RIHE,2026-08-30 03:29:42+00:00,0.015,0.01,0,0.0001,0.007430182080481351,0.015
KXNASCARRACE-COKZS26-TYRE,2026-08-30 03:29:42+00:00,0.055,0.0099999999999999,0,0.03749305861177857,0.03234798157127698,0.055
KXNASCARRACE-COKZS26-ZASM,2026-08-30 03:29:42+00:00,0.015,0.01,0,0.0001,0.007284670568988435,0.015
KXNASCARTOP3-COKZS26-MIMC,2026-08-30 03:29:48+00:00,0.065,0.01,0,0.0477039441135701,0.04214090334049028,0.065
KXNASCARTOP5-COKZS26-CHBE,2026-08-30 03:29:51+00:00,0.185,0.03,0,0.1500243497393932,0.14527443327065148,0.185
KXNASCARTOP5-COKZS26-AUDI,2026-08-30 03:29:52+00:00,0.11,0.0799999999999999,0,0.08291949955101456,0.07344817121333017,0.11
KXNASCARTOP5-COKZS26-TYDI,2026-08-30 03:29:53+00:00,0.055,0.05,0,0.03749305861177857,0.033439453475873876,0.055
KXNASCARTOP5-COKZS26-BUWA,2026-08-30 03:29:54+00:00,0.1699999999999999,0.0199999999999999,0,0.13450790362112391,0.12866773519485006,0.1699999999999999
KXNASCARTOP10-COKZS26-TYRE,2026-08-30 03:30:00+00:00,0.3349999999999999,0.0499999999999999,1,0.2832735862468253,0.30659508591877715,0.3349999999999999
KXNASCARTOPTEAM-COKZS26-23XI,2026-08-30 03:30:03+00:00,0.1,0.02,0,0.0754678503784306,0.07026091098271356,0.1
KXNASCARTOPTEAM-COKZS26-RICH,2026-08-30 03:30:03+00:00,0.56,0.74,0,0.5358021456541043,0.28893506782109224,0.56
KXMLS1HSPREAD-26AUG29PORATX-POR2,2026-08-30 03:32:08+00:00,0.18,0.0199999999999999,0,0.14485220103330346,0.14488254961164101,0.18
KXUSLGAME-26AUG29PASLOU-PAS,2026-08-30 03:34:07+00:00,0.555,0.01,1,0.5283636840036684,0.5627156430687654,0.555
KXNASCARTOP20-COKZS26-CHBU,2026-08-30 03:39:45+00:00,0.62,0.08,0,0.6250636854593359,0.6493671292303638,0.62
KXNASCARTOP20-COKZS26-RIHE,2026-08-30 03:39:45+00:00,0.47,0.06,0,0.41323221462532717,0.4440173625508274,0.47
KXNASCARTOP20-COKZS26-COHE,2026-08-30 03:39:46+00:00,0.485,0.0499999999999999,1,0.43300006437384425,0.4449487462795106,0.485
KXNASCARTOP20-COKZS26-CHEL,2026-08-30 03:39:47+00:00,0.55,0.0799999999999999,0,0.5209252223532324,0.5454745575220779,0.55
KXNCAAFTOTAL-26AUG29AAMUHOW-68,2026-08-30 03:44:32+00:00,0.11,0.0199999999999999,0,0.08291949955101456,0.07269139454843071,0.11
KXNCAAFSPREAD-26AUG29AAMUHOW-HOW4,2026-08-30 03:44:36+00:00,0.425,0.0499999999999999,1,0.3648692348122703,0.36808174888641154,0.425
KXNCAAFSPREAD-26AUG29AAMUHOW-AAMU7,2026-08-30 03:44:37+00:00,0.28,0.06,0,0.24011898052400696,0.21401359174382878,0.28
KXNCAAFSPREAD-26AUG29NCCUTXSO-NCCU3,2026-08-30 03:49:45+00:00,0.74,0.06,0,0.7269769445703441,0.7085623196084125,0.74
KXNCAAFSPREAD-26AUG29NCCUTXSO-TXSO5,2026-08-30 03:49:46+00:00,0.11,0.0199999999999999,1,0.08291949955101456,0.07074050762297164,0.11
KXTVSTATSNFLX-26AUG29-LEA,2026-08-30 03:59:00+00:00,0.45,0.82,0,0.38822154720878194,0.33579414817552666,0.45
KXTVSTATSSHOW-26AUG29-TED,2026-08-30 03:59:00+00:00,0.205,0.39,0,0.17071294456375208,0.09562465867459921,0.205
KXMLSSCORE-26AUG29COLRSL-COL0RSL0,2026-08-30 04:00:28+00:00,0.045,0.01,0,0.02728217310998703,0.026608534993228333,0.045
KXMLSSCORE-26AUG29COLRSL-COL1RSL0,2026-08-30 04:00:28+00:00,0.0849999999999999,0.0099999999999999,1,0.06429037661955457,0.05581148357651543,0.0849999999999999
KXMLSSCORE-26AUG29COLRSL-COL1RSL3,2026-08-30 04:00:28+00:00,0.03,0.02,0,0.01248089983115282,0.015434059424613502,0.03
KXMLSSCORE-26AUG29COLRSL-COL2RSL1,2026-08-30 04:00:28+00:00,0.095,0.01,0,0.07174202579213862,0.06415194187556206,0.095
KXMLSSCORE-26AUG29COLRSL-COL3RSL1,2026-08-30 04:00:28+00:00,0.055,0.03,0,0.03749305861177857,0.03418120423138973,0.055
KXMLSTOTAL-26AUG29COLRSL-4,2026-08-30 04:01:03+00:00,0.365,0.01,0,0.3088236850606423,0.35238411974061024,0.365
KXMLSTOTAL-26AUG29COLRSL-6,2026-08-30 04:01:03+00:00,0.0849999999999999,0.0099999999999999,0,0.06429037661955457,0.05751657789656206,0.0849999999999999
KXLIGAMX1HTOTAL-26AUG29SLATIG-3,2026-08-30 04:11:52+00:00,0.185,0.01,0,0.1500243497393932,0.15387765324007635,0.185
KXCPLMATCH-26AUG291900JAMTKR-JAM,2026-08-30 04:31:44+00:00,0.475,0.17,1,0.41982149787483286,0.37809193503192584,0.475
KXUSLGAME-26AUG29PHOIEL-TIE,2026-08-30 04:33:09+00:00,0.255,0.03,0,0.22050325064999857,0.20918668395781576,0.255
KXNCAAFTOTAL-26AUG29SUUMONT-51,2026-08-30 04:34:30+00:00,0.7,0.0399999999999999,0,0.6990081035178332,0.7066033292991565,0.7
KXNCAAFTOTAL-26AUG29SUUMONT-60,2026-08-30 04:34:31+00:00,0.47,0.0399999999999999,0,0.41323221462532717,0.43163324604938635,0.47
KXMLS2H-26AUG29PORATX-TIE,2026-08-30 04:35:03+00:00,0.41,0.76,1,0.35085784737436326,0.3196683668653444,0.41
KXMLSTEAMTOTAL-26AUG29PORATX-ATX3,2026-08-30 04:35:52+00:00,0.095,0.01,0,0.07174202579213862,0.06940990182821341,0.095
KXMLS2HSPREAD-26AUG29PORATX-ATX2,2026-08-30 04:36:14+00:00,0.49,0.96,0,0.43958934762334995,0.38313307362861,0.49
KXNCAAFTOTAL-26AUG29MTSTUTU-47,2026-08-30 04:44:33+00:00,0.745,0.03,1,0.7304730497019081,0.7568588922497731,0.745
KXNCAAFSPREAD-26AUG29PVTARL-TARL18,2026-08-30 04:49:43+00:00,0.585,0.1099999999999999,1,0.572994453906284,0.5599507072389951,0.585
KXHIGHMIA-26AUG29-B88.5,2026-08-30 05:00:00+00:00,0.025,0.0099999999999999,0,0.008342072403273759,0.013756662416049208,0.025
KXHIGHMIA-26AUG29-B92.5,2026-08-30 05:00:00+00:00,0.595,0.03,0,0.587871377207156,0.5909553775286008,0.595
KXHIGHPHIL-26AUG29-T88,2026-08-30 05:00:00+00:00,0.015,0.01,0,0.0001,0.007482840640817325,0.015
KXHIGHTBOS-26AUG29-B82.5,2026-08-30 05:00:00+00:00,0.015,0.01,0,0.0001,0.0074418021604091165,0.015
KXLOWTDC-26AUG29-B62.5,2026-08-30 05:00:00+00:00,0.025,0.03,0,0.008342072403273759,0.012402892344617805,0.025
KXMLSTOTAL-26AUG29SDLAG-4,2026-08-30 05:00:42+00:00,0.455,0.01,1,0.39346436487681014,0.4166831775120851,0.455
KXUSLTOTAL-26AUG29LASCHA-5,2026-08-30 05:00:45+00:00,0.155,0.01,0,0.11899145750285484,0.12305796725071967,0.155
KXUSLTOTAL-26AUG29NEWSAN-3,2026-08-30 05:00:45+00:00,0.505,0.01,1,0.45935719737186703,0.49517862386357264,0.505
KXLIGAMX2H-26AUG29SLATIG-SLA,2026-08-30 05:20:15+00:00,0.415,0.75,0,0.3555283098536656,0.32117838364180124,0.415
KXNCAAFTEAMTOTAL-26AUG29MEMUNLV-UNLV24,2026-08-30 05:43:33+00:00,0.75,0.04,0,0.7366896833585577,0.78074198623958,0.75
KXNCAAFTOTAL-26AUG29MEMUNLV-47,2026-08-30 05:44:34+00:00,0.74,0.02,1,0.7269769445703441,0.7364982978133282,0.74
KXNCAAFTOTAL-26AUG29MEMUNLV-61,2026-08-30 05:44:35+00:00,0.395,0.01,0,0.3368464599364563,0.3356243483572504,0.395
KXNCAAFTOTAL-26AUG29MEMUNLV-65,2026-08-30 05:44:35+00:00,0.305,0.01,0,0.2597347103980153,0.2613433652820422,0.305
KXNCAAFSPREAD-26AUG29MEMUNLV-MEM3,2026-08-30 05:44:36+00:00,0.315,0.01,1,0.26758100234761867,0.2626577035012528,0.315
KXNCAAFSPREAD-26AUG29MEMUNLV-MEM5,2026-08-30 05:44:36+00:00,0.225,0.01,1,0.191401539388111,0.17310886624639074,0.225
KXNCAAFSPREAD-26AUG29MEMUNLV-MEM14,2026-08-30 05:44:37+00:00,0.075,0.0099999999999999,0,0.05683872744697068,0.04635557628425656,0.075
KXNCAAFTOTAL-26AUG29MTSTUTU-56,2026-08-30 05:59:50+00:00,0.53,0.04,0,0.4923036136193955,0.5032525209465412,0.53
KXNCAAFTOTAL-26AUG29MTSTUTU-61,2026-08-30 05:59:51+00:00,0.42,0.0399999999999999,0,0.36019877233296793,0.3901979901764679,0.42
KXNCAAFSPREAD-26AUG29MTSTUTU-MTST36,2026-08-30 05:59:52+00:00,0.35,0.0399999999999999,1,0.29504302417123035,0.3006911437713767,0.35
KXHIGHTHOU-26AUG29-B92.5,2026-08-30 06:00:00+00:00,0.075,0.0099999999999999,0,0.05683872744697068,0.05075298220233128,0.075
KXHIGHTMIN-26AUG29-T80,2026-08-30 06:00:00+00:00,0.3299999999999999,0.0399999999999999,0,0.2793504402720236,0.2824882208324043,0.3299999999999999
KXHIGHTNOLA-26AUG29-B94.5,2026-08-30 06:00:00+00:00,0.365,0.0499999999999999,1,0.3088236850606423,0.3404831594950748,0.365
KXHIGHTOKC-26AUG29-B98.5,2026-08-30 06:00:00+00:00,0.125,0.01,0,0.0940969733098905,0.08960025948590186,0.125
KXLOWTCHI-26AUG29-B61.5,2026-08-30 06:00:00+00:00,0.02,0.0199999999999999,0,0.004203244975394692,0.010137500308150573,0.02
KXLOWTCHI-26AUG29-T66,2026-08-30 06:00:00+00:00,0.245,0.03,0,0.21209013421246992,0.19809033168615034,0.245
KXLOWTDAL-26AUG29-B78.5,2026-08-30 06:00:00+00:00,0.35,0.0399999999999999,1,0.29504302417123035,0.30420324864066745,0.35
KXRAIN-26AUG29-DEN,2026-08-30 06:00:00+00:00,0.255,0.03,0,0.22050325064999857,0.22843846578353938,0.255
KXHIGHDEN-26AUG29-B90.5,2026-08-30 07:00:00+00:00,0.27,0.02,0,0.2322726885744036,0.2295330484765435,0.27
KXHIGHDEN-26AUG29-T90,2026-08-30 07:00:00+00:00,0.135,0.01,0,0.10154862248247448,0.10368803987830585,0.135
KXLOWTDEN-26AUG29-B64.5,2026-08-30 07:00:00+00:00,0.5,0.32,0,0.45276791412236134,0.43723956875404585,0.5
KXLOWTPHX-26AUG29-B87.5,2026-08-30 07:00:00+00:00,0.245,0.07,0,0.21209013421246992,0.1873767182185117,0.245
KXLOWTLAX-26AUG29-T73,2026-08-30 08:00:00+00:00,0.3349999999999999,0.07,0,0.2832735862468253,0.30009975548540446,0.3349999999999999
KXLOWTSFO-26AUG29-B57.5,2026-08-30 08:00:00+00:00,0.235,0.1099999999999999,0,0.20174583680029046,0.19240699032460704,0.235
KXNPBGAME-26AUG300100FUKORI-FUK,2026-08-30 08:24:49+00:00,0.62,0.1799999999999999,1,0.6250636854593359,0.6200023091222377,0.62
KXCS2MAP-26AUG300630QUBEACE-1-EACE,2026-08-30 11:25:20+00:00,0.465,0.83,0,0.4066429313758215,0.3660718757080626,0.465
KXSCOTTISHPREMTOTAL-26AUG30ABERFC-1,2026-08-30 12:42:07+00:00,0.94,0.0399999999999999,1,0.974866328185028,0.9559591590358416,0.94
KXSCOTTISHPREMBTTS-26AUG30ABERFC-BTTS,2026-08-30 13:02:23+00:00,0.595,0.03,0,0.587871377207156,0.5953529946852251,0.595
KXSCOTTISHPREMTOTAL-26AUG30ABERFC-5,2026-08-30 13:02:28+00:00,0.19,0.02,0,0.15519649844548292,0.152540752398962,0.19
KXKLEAGUEGAME-26AUG30JEJDAJ-DAJ,2026-08-30 13:07:38+00:00,0.445,0.01,0,0.38355108472947963,0.42685151948874756,0.445
KXCHNL1GAME-26AUG30DALNAN-TIE,2026-08-30 13:07:40+00:00,0.275,0.0499999999999999,0,0.23619583454920529,0.2141480831026723,0.275
KXTACAPORTGAME-26AUG30MACCAM-MAC,2026-08-30 13:07:52+00:00,0.38,0.0999999999999999,0,0.3228350724985493,0.32826075801025284,0.38
KXETTANGAME-26AUG30ESKSTO-ESK,2026-08-30 13:07:58+00:00,0.155,0.0499999999999999,0,0.11899145750285484,0.08909470523517823,0.155
KXLOLGAME-26AUG300500WEJDG-WE,2026-08-30 13:09:37+00:00,0.305,0.01,1,0.2597347103980153,0.27554169863105127,0.305
KXBUNDESLIGA2GAME-26AUG30D98H96-TIE,2026-08-30 13:37:30+00:00,0.255,0.01,0,0.22050325064999857,0.20411327221135886,0.255
KXEPL1HSCORE-26AUG30CFCBRI-CFC2BRI0,2026-08-30 13:40:00+00:00,0.09,0.06,0,0.06801620120584663,0.0599641755336206,0.09
KXEPLSCORE-26AUG30CFCBRI-CFC1BRI1,2026-08-30 13:40:07+00:00,0.1,0.02,0,0.0754678503784306,0.07191964145568999,0.1
KXEPL1HSCORE-26AUG30LEEBRE-LEE0BRE1,2026-08-30 13:50:09+00:00,0.175,0.09,1,0.13968005232721373,0.12963113860505138,0.175
KXEPL1HSCORE-26AUG30LEEBRE-LEE2BRE1,2026-08-30 13:50:09+00:00,0.245,0.4499999999999999,0,0.21209013421246992,0.17258418610402712,0.245
KXFIBAGAME-26AUG300800IRNPHL-IRN,2026-08-30 13:50:20+00:00,0.3399999999999999,0.06,0,0.28719673222162695,0.24265016710721854,0.3399999999999999
KXT20MATCH-26AUG300530LUCGOR-LUC,2026-08-30 13:51:21+00:00,0.5,0.5,1,0.45276791412236134,0.4247750361179783,0.5
KXEPL1H-26AUG30CFCBRI-BRI,2026-08-30 13:53:02+00:00,0.205,0.0099999999999999,0,0.17071294456375208,0.16089087937530278,0.205
KXEPL1HBTTS-26AUG30LEEBRE-BTTS,2026-08-30 13:53:53+00:00,0.185,0.01,0,0.1500243497393932,0.15026042266896436,0.185
KXALBUMEQUIV-LON26AUG27-37K,2026-08-30 14:00:00+00:00,0.955,0.01,1,0.9764140527891029,0.9673134041184692,0.955
KXTRUMPNOMNUM-26AUG23-T1,2026-08-30 14:00:00+00:00,0.04,0.06,0,0.022176730359091266,0.04180675422673297,0.04
KXEREDIVISIEBTTS-26AUG30WILHEE-BTTS,2026-08-30 14:22:16+00:00,0.66,0.02,1,0.6710392624653222,0.6719264907717226,0.66
KXCS2MAP-26AUG300900RANEX-1-NEX,2026-08-30 14:25:12+00:00,0.45,0.84,1,0.38822154720878194,0.38095038723320884,0.45
KXBUNDESLIGA1HSCORE-26AUG30SCFSVW-SCF2SVW0,2026-08-30 14:39:59+00:00,0.075,0.03,1,0.05683872744697068,0.04884262833880117,0.075
KXBUNDESLIGA1HSCORE-26AUG30SCFSVW-SCF2SVW1,2026-08-30 14:39:59+00:00,0.04,0.02,0,0.022176730359091266,0.02366224284468057,0.04
KXBRASILEIROFTTS-26AUG30CAPFLU-NONE,2026-08-30 14:40:04+00:00,0.11,0.04,0,0.08291949955101456,0.08833171478258296,0.11
KXEPLSCORE-26AUG30CFCBRI-CFC3BRI1,2026-08-30 14:40:11+00:00,0.055,0.0099999999999999,0,0.03749305861177857,0.035025774511339335,0.055
KXBUNDESLIGATEAMTOTAL-26AUG30SCFSVW-SCF3,2026-08-30 14:46:07+00:00,0.235,0.03,1,0.20174583680029046,0.1979752819448961,0.235
KXBRASILEIRO1H-26AUG30CAPFLU-TIE,2026-08-30 14:52:44+00:00,0.4599999999999999,0.0399999999999999,1,0.4000536481263157,0.44891231919774083,0.4599999999999999
KXEPLTEAMTOTAL-26AUG30LEEBRE-BRE1,2026-08-30 14:55:59+00:00,0.74,0.02,1,0.7269769445703441,0.7573586606117961,0.74
KXEPL2HTOTAL-26AUG30LEEBRE-1,2026-08-30 14:56:34+00:00,0.785,0.03,1,0.7897279687929055,0.8048243433881239,0.785
KXLIGUE12HSPREAD-26AUG30PARNIC-PAR2,2026-08-30 14:56:38+00:00,0.49,0.96,1,0.43958934762334995,0.38438268921915253,0.49
KXEPLCORNERS-26AUG30CFCBRI-11,2026-08-30 15:00:08+00:00,0.43,0.02,1,0.3695396972915726,0.36472280645418553,0.43
KXEPLCORNERS-26AUG30LEEBRE-11,2026-08-30 15:00:10+00:00,0.445,0.03,1,0.38355108472947963,0.4091256059282967,0.445
KXEPLCORNERS-26AUG30LEEBRE-8,2026-08-30 15:00:10+00:00,0.72,0.04,1,0.7129925240440886,0.7177727524574444,0.72
KXEPLSCORE-26AUG30LEEBRE-LEE3BRE1,2026-08-30 15:00:16+00:00,0.035,0.03,0,0.017071287608195502,0.019991940682611824,0.035
KXEPLSCORE-26AUG30SUNFUL-SUN2FUL1,2026-08-30 15:00:17+00:00,0.0849999999999999,0.0099999999999999,0,0.06429037661955457,0.05470361300737562,0.0849999999999999
KXDPWORLDTOUR-HUBMHBSNF26-JCAM,2026-08-30 15:02:18+00:00,0.0015,0.001,0,0.0001,0.0006484113097480346,0.0015
KXCZEFLGAME-26AUG30SLOHRK-HRK,2026-08-30 15:02:28+00:00,0.2,0.0199999999999999,0,0.16554079585766238,0.15846277897161568,0.2
KXEFLL1SPREAD-26AUG30WIMWIG-WIG2,2026-08-30 15:02:30+00:00,0.18,0.04,0,0.14485220103330346,0.13053835264047597,0.18
KXMTPMENTION-26AUG30-ELEC,2026-08-30 15:10:32+00:00,0.62,0.1599999999999999,1,0.6250636854593359,0.6118088196478986,0.62
KXYTVIEWSW-JUS26AUG30-15.5M,2026-08-30 15:19:50+00:00,0.505,0.95,1,0.45935719737186703,0.38311845415968815,0.505
KXEFLL1TOTAL-26AUG30MATLUT-4,2026-08-30 15:22:27+00:00,0.385,0.03,1,0.3275055349778516,0.35719062751922487,0.385
KXLALIGATEAMTOTAL-26AUG30RMAMCF-RMA1,2026-08-30 15:31:23+00:00,0.94,0.0199999999999999,1,0.974866328185028,0.9498304621033513,0.94
KXTACAPORTTOTAL-26AUG30PORSAN-5,2026-08-30 15:32:28+00:00,0.46,0.86,0,0.40005364812631583,0.3545015244333029,0.46
KXLALIGA1H-26AUG30RMAMCF-RMA,2026-08-30 15:52:38+00:00,0.685,0.0099999999999998,1,0.6885197881231416,0.69674751107117,0.685
KXSCOTTISHPREMTOTAL-26AUG30MIRMOT-5,2026-08-30 15:52:50+00:00,0.12,0.02,1,0.09037114872359853,0.08849790141578014,0.12
KXLALIGA1HBTTS-26AUG30RMAMCF-BTTS,2026-08-30 15:53:11+00:00,0.175,0.0099999999999999,0,0.13968005232721373,0.1440528086232985,0.175
KXBRASILEIROTOTAL-26AUG30CAPFLU-5,2026-08-30 16:02:00+00:00,0.0849999999999999,0.0099999999999999,1,0.06429037661955457,0.059310980435281144,0.0849999999999999
KXSCOTTISHPREMTOTAL-26AUG30DUNHIB-3,2026-08-30 16:02:09+00:00,0.525,0.03,1,0.4857143303698898,0.5177562321931477,0.525
KXSCOTTISHPREMSPREAD-26AUG30MIRMOT-MIR2,2026-08-30 16:02:38+00:00,0.1149999999999999,0.0699999999999999,0,0.08664532413730647,0.07250031338052464,0.1149999999999999
KXFROPLGAME-26AUG30B36B68-B36,2026-08-30 16:13:02+00:00,0.66,0.04,0,0.6710392624653222,0.5892039577551398,0.66
KXBUNDESLIGA1HSCORE-26AUG30FCASCH-FCA3SCH0,2026-08-30 16:20:04+00:00,0.02,0.0199999999999999,0,0.004203244975394692,0.010508759470404663,0.02
KXEPL1HTOTAL-26AUG30MUNIPS-3,2026-08-30 16:23:25+00:00,0.145,0.0099999999999999,0,0.10900027165505843,0.11485859202948032,0.145
KXATPSETWINNER-26AUG30MERFUC-2-MER,2026-08-30 16:31:13+00:00,0.705,0.03,1,0.702504208649397,0.7414679021129176,0.705
KXALLSVENSKANGAME-26AUG30IFKORG-ORG,2026-08-30 16:42:32+00:00,0.18,0.0199999999999999,0,0.14485220103330346,0.13987571070494603,0.18
KXSWISSLEAGUEGAME-26AUG30STGTHU-TIE,2026-08-30 16:42:48+00:00,0.215,0.03,0,0.18105724197593154,0.17192838245861025,0.215
KXEPLSCORE-26AUG30MUNIPS-MUN1IPS0,2026-08-30 16:50:08+00:00,0.095,0.01,0,0.07174202579213862,0.06642922657339241,0.095
KXLALIGATCORNERS-26AUG30RMAMCF-RMA8,2026-08-30 17:00:14+00:00,0.4599999999999999,0.0199999999999999,1,0.4000536481263157,0.4319827287514316,0.4599999999999999
KXLALIGACORNERS-26AUG30RMAMCF-10,2026-08-30 17:00:15+00:00,0.53,0.04,1,0.4923036136193955,0.5199584793824985,0.53
KXEPLSCORE-26AUG30MUNIPS-MUN2IPS1,2026-08-30 17:00:23+00:00,0.1,0.02,0,0.0754678503784306,0.06758263589940393,0.1
KXSERIEATOTAL-26AUG30NAPCOM-1,2026-08-30 17:02:22+00:00,0.895,0.01,1,0.937657771608346,0.9118374538360801,0.895
KXBUNDESLIGATOTAL-26AUG30FCASCH-1,2026-08-30 17:11:52+00:00,0.945,0.01,1,0.9753822363863863,0.9570864931740157,0.945
KXELITESERIENGAME-26AUG30STAKFU-STA,2026-08-30 17:12:10+00:00,0.42,0.02,1,0.36019877233296793,0.3635864112014919,0.42
KXELITESERIENGAME-26AUG29VIFMFK-VIF,2026-08-30 17:12:12+00:00,0.3349999999999999,0.0299999999999999,0,0.2832735862468253,0.2760567247353861,0.3349999999999999
KXLALIGAGAME-26AUG30RMAMCF-RMA,2026-08-30 17:12:15+00:00,0.885,0.01,1,0.9264027269365377,0.8830047665311384,0.885
KXATPGTOTAL-26AUG30MERFUC-41,2026-08-30 17:12:20+00:00,0.325,0.41,0,0.275427294297222,0.2508840166365636,0.325
KXFIBAGAME-26AUG301130FRASWE-SWE,2026-08-30 17:24:47+00:00,0.13,0.08,0,0.09782279789618249,0.09348993481690811,0.13
KXEPL2HSPREAD-26AUG30MUNIPS-MUN2,2026-08-30 17:26:23+00:00,0.375,0.73,1,0.31816461001924695,0.2801511905432081,0.375
KXATPSETWINNER-26AUG30LEHCAR-3-LEH,2026-08-30 17:41:00+00:00,0.685,0.0499999999999999,0,0.6885197881231416,0.6943655542575092,0.685
KXATPGSPREAD-26AUG30YIBWAL-WAL2,2026-08-30 17:42:23+00:00,0.4599999999999999,0.0199999999999999,0,0.4000536481263157,0.44392906643996427,0.4599999999999999
KXWTAEXACTMATCH-26AUG30GIBVEK-VEK20,2026-08-30 17:50:37+00:00,0.32,0.04,0,0.27150414832242037,0.2781234904577003,0.32
KXCS2GAME-26AUG301200DAMPAINA-PAINA,2026-08-30 17:50:48+00:00,0.8049999999999999,0.13,1,0.8200355604696755,0.8202480456635628,0.8049999999999999
KXLALIGATOTAL-26AUG30DEPVCF-1,2026-08-30 17:52:40+00:00,0.895,0.01,1,0.937657771608346,0.9151140250904115,0.895
KXLALIGAFTTS-26AUG30DEPVCF-DEP,2026-08-30 17:55:51+00:00,0.32,0.4,1,0.27150414832242037,0.25511755870796077,0.32
KXLALIGASCORE-26AUG30DEPVCF-DEP0VCF0,2026-08-30 17:55:54+00:00,0.1,0.02,0,0.0754678503784306,0.07628052328947067,0.1
KXTACAPORTADVANCE-26AUG30UDSUNI-UNI,2026-08-30 18:01:08+00:00,0.495,0.6300000000000001,0,0.44617863087285564,0.4105036036788907,0.495
KXTACAPORTGAME-26AUG30MESPOR-TIE,2026-08-30 18:02:35+00:00,0.425,0.75,0,0.3648692348122703,0.3167887294724436,0.425
KXTACAPORTTOTAL-26AUG30ADCBRA-2,2026-08-30 18:03:00+00:00,0.665,0.0899999999999999,1,0.674535367596886,0.66098215344282,0.665
KXTACAPORTSPREAD-26AUG30SACANG-SAC2,2026-08-30 18:03:30+00:00,0.5,0.96,1,0.45276791412236134,0.20122678436688343,0.5
KXTACAPORTSPREAD-26AUG30FAZCCR-CCR3,2026-08-30 18:03:36+00:00,0.5,0.96,0,0.45276791412236134,0.39136392058211483,0.5
KXTACAPORTSPREAD-26AUG30FAZCCR-FAZ2,2026-08-30 18:03:36+00:00,0.49,0.94,0,0.43958934762334995,0.38223510563246316,0.49
KXTACAPORTGAME-26AUG30MERATA-TIE,2026-08-30 18:12:29+00:00,0.425,0.75,0,0.3648692348122703,0.3166441792184668,0.425
KXSERIECGAME-26AUG30ACCJNG-ACC,2026-08-30 18:12:37+00:00,0.345,0.0299999999999999,0,0.2911198781964287,0.2963093798128359,0.345
KXISRNLGAME-26AUG30MKJMAN-MAN,2026-08-30 18:12:39+00:00,0.23,0.06,1,0.19657368809420075,0.183366021476768,0.23
KXATPEXACTMATCH-26AUG30SHIRIN-RIN30,2026-08-30 18:20:38+00:00,0.325,0.03,0,0.275427294297222,0.2899251188556812,0.325
KXATPEXACTMATCH-26AUG30LEHCAR-LEH31,2026-08-30 18:20:41+00:00,0.24,0.04,1,0.2069179855063802,0.1919395540155868,0.24
KXLALIGA1HBTTS-26AUG30DEPVCF-BTTS,2026-08-30 18:28:12+00:00,0.155,0.01,1,0.11899145750285484,0.12501143320342606,0.155
KXTACAPORTADVANCE-26AUG30MONJUV-JUV,2026-08-30 18:30:50+00:00,0.495,0.6300000000000001,1,0.44617863087285564,0.4075273448767687,0.495
KXSAUDIPLGAME-26AUG30HAZSHA-SHA,2026-08-30 18:31:46+00:00,0.515,0.01,0,0.4725357638708784,0.4844606677548621,0.515
KXTACAPORTBTTS-26AUG30CINESP-BTTS,2026-08-30 18:31:51+00:00,0.49,0.8999999999999999,0,0.43958934762334995,0.384784293716799,0.49
KXTACAPORTSPREAD-26AUG30SANPAC-PAC2,2026-08-30 18:31:51+00:00,0.5,0.96,0,0.45276791412236134,0.3914271794310982,0.5
KXTACAPORTSPREAD-26AUG30SANPAC-SAN3,2026-08-30 18:31:51+00:00,0.5,0.96,1,0.45276791412236134,0.3914271794310982,0.5
KXTACAPORTTOTAL-26AUG30MAFUNI-2,2026-08-30 18:31:51+00:00,0.5,0.96,0,0.45276791412236134,0.3914271794310982,0.5
KXTACAPORTTOTAL-26AUG30LUSBEL-6,2026-08-30 18:31:52+00:00,0.105,0.11,0,0.07919367496472257,0.07195674751198089,0.105
KXTACAPORTTOTAL-26AUG30CALSIN-5,2026-08-30 18:31:56+00:00,0.105,0.03,0,0.07919367496472257,0.08036357500855244,0.105
KXTACAPORTTOTAL-26AUG30ADCBRA-5,2026-08-30 18:31:57+00:00,0.495,0.95,0,0.44617863087285564,0.38694704932347845,0.495
KXATPSETWINNER-26AUG30MUNATM-1-ATM,2026-08-30 18:39:49+00:00,0.585,0.03,1,0.572994453906284,0.5924299393711927,0.585
KXWTAEXACTMATCH-26AUG30ZHAFER-ZHA21,2026-08-30 18:50:17+00:00,0.135,0.09,0,0.10154862248247448,0.094028377440352,0.135
KXSERIEASCORE-26AUG30NAPCOM-NAP0COM2,2026-08-30 19:00:45+00:00,0.055,0.03,0,0.03749305861177857,0.03447555760918998,0.055
KXSERIEASCORE-26AUG30NAPCOM-NAP1COM3,2026-08-30 19:00:45+00:00,0.02,0.0199999999999999,0,0.004203244975394692,0.010484823027858813,0.02
KXSERIEASCORE-26AUG30NAPCOM-NAP2COM3,2026-08-30 19:00:45+00:00,0.015,0.01,0,0.0001,0.007774822875245451,0.015
KXTACAPORTGAME-26AUG30OLHSOU-OLH,2026-08-30 19:01:55+00:00,0.425,0.75,0,0.3648692348122703,0.31659192374808365,0.425
KXTACAPORTSPREAD-26AUG30COVMOR-MOR2,2026-08-30 19:02:09+00:00,0.465,0.89,0,0.4066429313758215,0.3595921969233505,0.465
KXTACAPORTTOTAL-26AUG30COVMOR-3,2026-08-30 19:02:12+00:00,0.41,0.0399999999999999,0,0.35085784737436326,0.383428408647082,0.41
KXTACAPORTTOTAL-26AUG30COVMOR-5,2026-08-30 19:02:13+00:00,0.095,0.03,0,0.07174202579213862,0.07105892108578642,0.095
KXLALIGA2GAME-26AUG30MALCEU-TIE,2026-08-30 19:11:40+00:00,0.195,0.01,0,0.16036864715157265,0.15520486315683474,0.195
KXLALIGA2GAME-26AUG30CADVLL-TIE,2026-08-30 19:11:41+00:00,0.315,0.01,1,0.26758100234761867,0.27185062546074235,0.315
KXLIGAPORTUGALGAME-26AUG30CASMOR-MOR,2026-08-30 19:11:43+00:00,0.295,0.01,1,0.251888418448412,0.25227756878156293,0.295
KXTACAPORTGAME-26AUG30FERMIA-FER,2026-08-30 19:11:49+00:00,0.425,0.75,0,0.3648692348122703,0.31728658798620063,0.425
KXTACAPORTGAME-26AUG30FUTVDA-TIE,2026-08-30 19:11:49+00:00,0.425,0.75,0,0.3648692348122703,0.31687271517713583,0.425
KXTACAPORTGAME-26AUG30DEZREQ-TIE,2026-08-30 19:11:51+00:00,0.425,0.75,0,0.3648692348122703,0.31740348983386835,0.425
KXMLBGAME-26AUG301215MIAWSH-WSH,2026-08-30 19:14:37+00:00,0.485,0.01,0,0.43300006437384425,0.46726143106704177,0.485
KXFTNMENTION-26AUG30-CORR,2026-08-30 19:14:49+00:00,0.25,0.06,0,0.2165801046751969,0.16166287021168985,0.25
KXFTNMENTION-26AUG30-AFFO,2026-08-30 19:14:50+00:00,0.16,0.0399999999999999,0,0.12416360620894457,0.10838076046188042,0.16
KXATPEXACTMATCH-26AUG30PRISHE-SHE32,2026-08-30 19:21:35+00:00,0.095,0.0499999999999999,0,0.07174202579213862,0.059842403246987044,0.095
KXELITESERIENGAME-26AUG30LSKFFK-TIE,2026-08-30 19:31:36+00:00,0.25,0.02,0,0.2165801046751969,0.2090403900590018,0.25
KXSLGREECEGAME-26AUG30ATRPAOK-ATR,2026-08-30 19:31:41+00:00,0.195,0.03,0,0.16036864715157265,0.1515630356928343,0.195
KXTACAPORTSPREAD-26AUG30FLOSAO-SAO2,2026-08-30 19:32:01+00:00,0.49,0.8999999999999999,0,0.43958934762334995,0.385794180105057,0.49
KXLIGUE11H-26AUG30ASMOLM-ASM,2026-08-30 19:32:33+00:00,0.32,0.02,1,0.27150414832242037,0.2911187694858469,0.32
KXWTAMATCH-26AUG30KOSHUN-HUN,2026-08-30 19:36:02+00:00,0.105,0.0099999999999999,0,0.07919367496472257,0.07974499028014648,0.105
KXWTAMATCH-26AUG30KOSHUN-KOS,2026-08-30 19:36:02+00:00,0.89,0.02,1,0.9320302492724418,0.9072595791022705,0.89
KXSERIEA1HSCORE-26AUG30CAGINT-CAG0INT0,2026-08-30 19:39:55+00:00,0.29,0.0399999999999999,0,0.24796527247361028,0.25458450663830895,0.29
KXWTAEXACTMATCH-26AUG30KOSHUN-HUN21,2026-08-30 19:40:23+00:00,0.06,0.08,0,0.04259850136267433,0.03663282166005325,0.06
KXLALIGAGAME-26AUG30DEPVCF-TIE,2026-08-30 19:41:27+00:00,0.315,0.01,0,0.26758100234761867,0.25639405889208194,0.315
KXFIBAGAME-26AUG301400SSDTUN-SSD,2026-08-30 20:00:08+00:00,0.94,0.0199999999999999,1,0.974866328185028,0.9506268132122534,0.94
KXSAUDIPLSPREAD-26AUG30QADFAI-QAD3,2026-08-30 20:01:48+00:00,0.39,0.02,0,0.332175997457154,0.34091415446446954,0.39
KXARGPREMDIVGAME-26AUG30BANRIV-TIE,2026-08-30 20:09:55+00:00,0.275,0.01,0,0.23619583454920529,0.24423162256457243,0.275
KXECULPGAME-26AUG30SDALIB-SDA,2026-08-30 20:09:59+00:00,0.625,0.01,1,0.6325021471097718,0.6085118880706232,0.625
KXSLGREECEGAME-26AUG30ASTOLY-OLY,2026-08-30 20:10:03+00:00,0.725,0.01,1,0.7164886291756525,0.7161691993097301,0.725
KXFIBAGAME-26AUG301400HUNSVN-HUN,2026-08-30 20:10:05+00:00,0.5,0.1,0,0.45276791412236134,0.4774837212593243,0.5
KXLALIGA1HSCORE-26AUG30RCCATH-RCC0ATH1,2026-08-30 20:19:53+00:00,0.15,0.04,0,0.1138193087967651,0.11213590368891094,0.15
KXLALIGA1HSPREAD-26AUG30RCCATH-RCC2,2026-08-30 20:22:16+00:00,0.075,0.0099999999999999,0,0.05683872744697068,0.0640341373970986,0.075
KXATPSETWINNER-26AUG30MEDGAS-3-MED,2026-08-30 20:29:21+00:00,0.76,0.04,1,0.7518434791969427,0.7883165993140682,0.76
KXATPEXACTMATCH-26AUG30MEDGAS-MED32,2026-08-30 20:29:55+00:00,0.12,0.08,0,0.09037114872359853,0.10548985192433238,0.12
KXATPGTOTAL-26AUG30MEDGAS-25,2026-08-30 20:30:11+00:00,0.79,0.18,1,0.7973048667120981,0.8154954529908469,0.79
KXATPGTOTAL-26AUG30MEDGAS-30,2026-08-30 20:30:11+00:00,0.58,0.02,0,0.5655559922558481,0.5967507234947438,0.58
KXWNBA1HWINNER-26AUG30MINATL-TIE,2026-08-30 20:35:30+00:00,0.06,0.06,0,0.04259850136267433,0.0384400141827496,0.06
KXWNBA1HTOTAL-26AUG30MINATL-85,2026-08-30 20:35:31+00:00,0.47,0.54,1,0.41323221462532717,0.3978707131489187,0.47
KXWNBA1HTOTAL-26AUG30MINATL-88,2026-08-30 20:35:31+00:00,0.4649999999999999,0.53,1,0.4066429313758214,0.39283744469843923,0.4649999999999999
KXWNBA1HSPREAD-26AUG30MINATL-MIN4,2026-08-30 20:35:33+00:00,0.365,0.63,0,0.3088236850606423,0.2798960391657933,0.365
KXMLBEXTRAS-26AUG301340KCCLE-EXTRAS,2026-08-30 20:39:37+00:00,0.095,0.03,0,0.07174202579213862,0.06311071591677356,0.095
KXSERIEA2H-26AUG30CAGINT-TIE,2026-08-30 20:40:18+00:00,0.31,0.06,1,0.26365785637281697,0.27417011645660894,0.31
KXARGNACBGAME-26AUG29ABOCFE-CFE,2026-08-30 20:40:45+00:00,0.27,0.0399999999999999,0,0.2322726885744036,0.22075673119899922,0.27
KXSUPERLIGGAME-26AUG30SAMFEN-TIE,2026-08-30 20:40:52+00:00,0.215,0.01,0,0.18105724197593154,0.16784945219203803,0.215
KXNCAAMSOCCERGAME-26AUG30AIRSAN-TIE,2026-08-30 20:40:58+00:00,0.43,0.76,0,0.3695396972915726,0.32206517023087355,0.43
KXWTAMATCH-26AUG30KALTAR-TAR,2026-08-30 20:41:22+00:00,0.675,0.01,1,0.6815275778600138,0.6831961267695674,0.675
KXLIGUE12HBTTS-26AUG30ASMOLM-BTTS,2026-08-30 20:41:36+00:00,0.35,0.08,0,0.29504302417123035,0.33562058659421695,0.35
KXSERIEA2HTOTAL-26AUG30CAGINT-2,2026-08-30 20:41:38+00:00,0.4499999999999999,0.0399999999999999,0,0.3882215472087819,0.43215934432456027,0.4499999999999999
KXLOLMAP-26AUG301400LEVFUR-2-FUR,2026-08-30 20:45:03+00:00,0.855,0.03,1,0.892637592921113,0.8938101132063704,0.855
KXSERIEATEAMTOTAL-26AUG30LAZGEN-LAZ1,2026-08-30 20:46:12+00:00,0.745,0.03,1,0.7304730497019081,0.759472624793555,0.745
KXBRASILEIROSCORE-26AUG30FLABOT-FLA1BOT1,2026-08-30 21:00:08+00:00,0.08,0.04,0,0.060564552033262664,0.053207237340372096,0.08
KXSERIEASCORE-26AUG30CAGINT-CAG2INT0,2026-08-30 21:00:16+00:00,0.015,0.01,0,0.0001,0.007758584093415705,0.015
KXSERIEASCORE-26AUG30CAGINT-CAG2INT3,2026-08-30 21:00:16+00:00,0.02,0.0199999999999999,0,0.004203244975394692,0.010500641025988498,0.02
KXCLUBFGAME-26AUG30LUCATL-ATL,2026-08-30 21:00:17+00:00,0.39,0.6599999999999999,0,0.332175997457154,0.30408887771028936,0.39
KXATPSETWINNER-26AUG30SAMMAC-3-MAC,2026-08-30 21:00:39+00:00,0.4649999999999999,0.07,0,0.4066429313758214,0.4374404480412232,0.4649999999999999
KXATPEXACTMATCH-26AUG30VANNOR-NOR30,2026-08-30 21:01:15+00:00,0.25,0.04,0,0.2165801046751969,0.20162826151996568,0.25
KXBRASILEIROTEAMTOTAL-26AUG30CORSAN-SAN2,2026-08-30 21:01:16+00:00,0.205,0.03,0,0.17071294456375208,0.16744270337664274,0.205
KXATPMATCH-26AUG30VANNOR-NOR,2026-08-30 21:01:19+00:00,0.665,0.01,0,0.674535367596886,0.6788596446540043,0.665
KXLIGUE1SPREAD-26AUG30ASMOLM-ASM3,2026-08-30 21:01:33+00:00,0.08,0.0199999999999999,0,0.060564552033262664,0.05750784628785397,0.08
KXSERIEASPREAD-26AUG30CAGINT-CAG2,2026-08-30 21:01:35+00:00,0.025,0.0099999999999999,0,0.008342072403273759,0.013173028673538237,0.025
KXSERIEATOTAL-26AUG30LAZGEN-1,2026-08-30 21:01:38+00:00,0.885,0.01,1,0.9264027269365377,0.8963738149457321,0.885
KXAPFDDHGAME-26AUG30CPOLIB-LIB,2026-08-30 21:08:57+00:00,0.305,0.03,0,0.2597347103980153,0.2658293163005122,0.305
KXARGNACBGAME-26AUG30MORCASM-MOR,2026-08-30 21:08:58+00:00,0.535,0.05,1,0.4988928968689012,0.523930622156759,0.535
KXBRASILEIROGAME-26AUG30FLABOT-FLA,2026-08-30 21:09:01+00:00,0.685,0.0099999999999998,1,0.6885197881231416,0.6814048829904239,0.685
KXSERIEBGAME-26AUG30PISUSC-USC,2026-08-30 21:09:04+00:00,0.19,0.02,0,0.15519649844548292,0.1757681988422754,0.19
KXSERIECGAME-26AUG30PERUNI-TIE,2026-08-30 21:09:06+00:00,0.24,0.08,0,0.2069179855063802,0.17611794302626804,0.24
KXWNBA2HTOTAL-26AUG30MINATL-97,2026-08-30 21:09:50+00:00,0.5,0.98,0,0.45276791412236134,0.3944383827044026,0.5
KXLPGATOUR-FMC26-JENBAE,2026-08-30 21:10:07+00:00,0.0499999999999999,0.08,0,0.0323876158608827,0.02807170789036199,0.0499999999999999
KXMLBGAME-26AUG301415PITSTL-STL,2026-08-30 21:14:30+00:00,0.495,0.01,0,0.44617863087285564,0.47601244889443856,0.495
KXMLBEXTRAS-26AUG301415PITSTL-EXTRAS,2026-08-30 21:14:32+00:00,0.095,0.03,0,0.07174202579213862,0.06315868103838775,0.095
KXNCAAMSOCCERGAME-26AUG30ELOWIL-WIL,2026-08-30 21:14:58+00:00,0.475,0.85,0,0.41982149787483286,0.36706967214771435,0.475
KXLOLGAME-26AUG301400LEVFUR-LEV,2026-08-30 21:19:35+00:00,0.105,0.0099999999999999,0,0.07919367496472257,0.07134235099211644,0.105
KXWNBASPREAD-26AUG30MINATL-ATL4,2026-08-30 21:19:54+00:00,0.35,0.0199999999999999,1,0.29504302417123035,0.3135896171039106,0.35
KXWNBATOTAL-26AUG30MINATL-176,2026-08-30 21:19:56+00:00,0.545,0.03,0,0.5134867607027964,0.5327323317167,0.545
KXWNBATOTAL-26AUG30MINATL-182,2026-08-30 21:19:56+00:00,0.42,0.02,0,0.36019877233296793,0.4095221079252097,0.42
KXWNBATEAMTOTAL-26AUG30MINATL-ATL86,2026-08-30 21:19:58+00:00,0.455,0.83,1,0.39346436487681014,0.3585657054736435,0.455
KXWNBATEAMTOTAL-26AUG30MINATL-ATL89,2026-08-30 21:19:58+00:00,0.455,0.83,1,0.39346436487681014,0.3638255979199778,0.455
KXWNBATEAMTOTAL-26AUG30MINATL-ATL98,2026-08-30 21:19:59+00:00,0.455,0.83,0,0.39346436487681014,0.35874512324803537,0.455
KXATPSETWINNER-26AUG30KECSHA-2-KEC,2026-08-30 21:20:32+00:00,0.4599999999999999,0.06,1,0.4000536481263157,0.43063784460067644,0.4599999999999999
KXLALIGATEAMTOTAL-26AUG30RCCATH-RCC2,2026-08-30 21:25:55+00:00,0.375,0.03,0,0.31816461001924695,0.3485933813338672,0.375
KXBRASILEIROSCORE-26AUG30CORSAN-COR1SAN2,2026-08-30 21:30:04+00:00,0.05,0.0199999999999999,0,0.032387615860882804,0.03145074335877549,0.05
KXMLSBTTS-26AUG29CLBNE-BTTS,2026-08-30 21:30:52+00:00,0.6,0.02,1,0.595309838857592,0.5980794335859633,0.6
KXLALIGATOTAL-26AUG30RCCATH-2,2026-08-30 21:30:55+00:00,0.715,0.01,1,0.7094964189125248,0.7115559534900248,0.715
KXLALIGATOTAL-26AUG30RCCATH-6,2026-08-30 21:30:55+00:00,0.045,0.01,0,0.02728217310998703,0.026416014419852335,0.045
KXMLS1H-26AUG30CLBNE-CLB,2026-08-30 21:32:19+00:00,0.355,0.01,0,0.2994827601020376,0.3333925566591896,0.355
KXATPSETWINNER-26AUG30FARJBRO-3-FAR,2026-08-30 21:40:16+00:00,0.475,0.0499999999999999,0,0.41982149787483286,0.4778681890938315,0.475
KXPGATOUR-TOC26-AFIT,2026-08-30 21:58:29+00:00,0.0015,0.001,0,0.0001,0.0005051214904719603,0.0015
KXPGATOUR-TOC26-SSCH,2026-08-30 21:58:29+00:00,0.255,0.01,1,0.22050325064999857,0.20084251906194073,0.255
KXPGATOUR-TOC26-WKIM,2026-08-30 21:58:29+00:00,0.002,0.002,0,0.0001,0.0006743664690661646,0.002
KXATPSETWINNER-26AUG30KECSHA-3-SHA,2026-08-30 22:02:15+00:00,0.535,0.05,1,0.4988928968689012,0.5189969911876573,0.535
KXARGPREMDIVGAME-26AUG30ARGCAA-ARG,2026-08-30 22:04:22+00:00,0.685,0.0099999999999998,1,0.6885197881231416,0.6805100174370861,0.685
KXATPEXACTMATCH-26AUG30MUNATM-ATM32,2026-08-30 22:11:38+00:00,0.155,0.0499999999999999,0,0.11899145750285484,0.10867908938116014,0.155
KXATPEXACTMATCH-26AUG30MUNATM-MUN31,2026-08-30 22:11:38+00:00,0.135,0.05,0,0.10154862248247448,0.09138386598611906,0.135
KXATPGTOTAL-26AUG30MUNATM-39,2026-08-30 22:11:55+00:00,0.515,0.01,1,0.4725357638708784,0.4989017699720072,0.515
KXCS2GAME-26AUG301500PLDCHAMA-CHAMA,2026-08-30 22:19:35+00:00,0.205,0.0099999999999999,0,0.17071294456375208,0.16546180320129897,0.205
KXBRASILEIRO1HBTTS-26AUG30GPACHA-BTTS,2026-08-30 22:22:22+00:00,0.16,0.02,1,0.12416360620894457,0.12696438216812572,0.16
KXTACAPORTADVANCE-26AUG30ERMUNI-UNI,2026-08-30 22:40:25+00:00,0.495,0.6300000000000001,1,0.44617863087285564,0.40730191293634127,0.495
KXTACAPORTADVANCE-26AUG30MESPOR-POR,2026-08-30 22:45:12+00:00,0.495,0.6300000000000001,1,0.44617863087285564,0.4069276460160175,0.495
KXPGATOP5-TOC26-CMOR,2026-08-30 22:49:42+00:00,0.09,0.06,0,0.06801620120584663,0.0567226327423838,0.09
KXPGATOP5-TOC26-JROS,2026-08-30 22:49:42+00:00,0.075,0.05,0,0.05683872744697068,0.05075941749410755,0.075
KXPGATOP10-TOC26-ABHA,2026-08-30 22:49:44+00:00,0.025,0.03,0,0.008342072403273759,0.01357960790342252,0.025
KXPGATOP10-TOC26-RMAC,2026-08-30 22:49:45+00:00,0.015,0.01,0,0.0001,0.006742246922907938,0.015
KXCS2MAP-26AUG301700GLSIMP-2-GLS,2026-08-30 22:50:12+00:00,0.325,0.13,1,0.275427294297222,0.2927417804094194,0.325
KXATPEXACTMATCH-26AUG30FARJBRO-JBRO30,2026-08-30 22:59:40+00:00,0.19,0.0999999999999999,0,0.15519649844548292,0.13658143186354763,0.19
KXATPEXACTMATCH-26AUG30FARJBRO-JBRO31,2026-08-30 22:59:40+00:00,0.19,0.0999999999999999,0,0.15519649844548292,0.1358526779637107,0.19
KXWTAEXACTMATCH-26AUG30PREPAR-PAR20,2026-08-30 22:59:44+00:00,0.3,0.06,0,0.2558115644232136,0.214182641722384,0.3
KXBRASILEIROSCORE-26AUG30GPACHA-GPA3CHA1,2026-08-30 23:29:58+00:00,0.06,0.02,1,0.04259850136267433,0.03896762366453545,0.06
KXLOLMAP-26AUG301900SRC9-2-C9,2026-08-30 23:30:06+00:00,0.665,0.03,0,0.674535367596886,0.6856957092291003,0.665
KXBRASILEIROBGAME-26AUG30BRACRI-CRI,2026-08-30 23:39:49+00:00,0.265,0.01,0,0.2283495425996019,0.20961549107675675,0.265
KXATPSETWINNER-26AUG30ETCKOP-3-ETC,2026-08-30 23:40:01+00:00,0.595,0.03,1,0.587871377207156,0.5947392828211207,0.595
KXATPGSPREAD-26AUG30ETCKOP-KOP2,2026-08-30 23:41:02+00:00,0.42,0.64,0,0.36019877233296793,0.3301191588866067,0.42
KXCHAMPTOUR-THAC26-ZJOH,2026-08-30 23:44:43+00:00,0.05,0.04,0,0.032387615860882804,0.02622588911486088,0.05
KXCS2GAME-26AUG301800GREODK-ODK,2026-08-30 23:49:34+00:00,0.83,0.02,1,0.8579200500656383,0.8477644603204958,0.83
KXMLSBTTS-26AUG30STLDAL-BTTS,2026-08-30 23:50:38+00:00,0.615,0.01,1,0.6176252238089,0.6047379482413004,0.615
KXBRASILEIROSCORE-26AUG30MIRPAL-MIR0PAL2,2026-08-31 00:00:12+00:00,0.075,0.03,0,0.05683872744697068,0.049765105715408056,0.075
KXBRASILEIROSCORE-26AUG30MIRPAL-MIR2PAL0,2026-08-31 00:00:12+00:00,0.04,0.02,0,0.022176730359091266,0.02380397743230316,0.04
KXBRASILEIROBBTTS-26AUG30VINCEA-BTTS,2026-08-31 00:00:46+00:00,0.445,0.03,0,0.38355108472947963,0.42413426906869117,0.445
KXBRASILEIROBSPREAD-26AUG30VINCEA-CEA3,2026-08-31 00:01:01+00:00,0.045,0.03,0,0.02728217310998703,0.027209434112765794,0.045
KXMLS1HTOTAL-26AUG30STLDAL-1,2026-08-31 00:01:56+00:00,0.745,0.01,1,0.7304730497019081,0.7684663076778036,0.745
KXBRASILEIROBGAME-26AUG30VINCEA-TIE,2026-08-31 00:04:30+00:00,0.285,0.0099999999999999,0,0.2440421264988086,0.23684398398233358,0.285
KXURYPDGAME-26AUG30CLALIV-LIV,2026-08-31 00:04:34+00:00,0.4549999999999999,0.0299999999999999,0,0.39346436487681,0.4110316308086393,0.4549999999999999
KXBRASILEIROTEAMTOTAL-26AUG30BAHINT-BAH3,2026-08-31 00:25:53+00:00,0.22,0.02,1,0.18622939068202127,0.18624080981022806,0.22
KXWNBA1HWINNER-26AUG30GSPDX-PDX,2026-08-31 00:29:54+00:00,0.415,0.75,0,0.3555283098536656,0.3323938324818783,0.415
KXBRASILEIROSCORE-26AUG30BAHINT-BAH2INT2,2026-08-31 00:30:00+00:00,0.05,0.0199999999999999,0,0.032387615860882804,0.030758699215769007,0.05
KXBRASILEIROSPREAD-26AUG30BAHINT-BAH2,2026-08-31 00:30:45+00:00,0.255,0.03,0,0.22050325064999857,0.21055744697240297,0.255
KXARGPREMDIVGAME-26AUG30CAIGEM-GEM,2026-08-31 00:32:40+00:00,0.155,0.01,1,0.11899145750285484,0.11510195870708233,0.155
KXNCAAMSOCCERGAME-26AUG30DUKGEO-DUK,2026-08-31 00:42:52+00:00,0.395,0.69,0,0.3368464599364563,0.28824787913111927,0.395
KXNCAAMSOCCERGAME-26AUG30DUKGEO-GEO,2026-08-31 00:42:52+00:00,0.51,0.78,1,0.4659464806213727,0.4084007614917792,0.51
KXWNBA2HWINNER-26AUG30GSPDX-GS,2026-08-31 00:55:24+00:00,0.44,0.86,0,0.37888062225017727,0.3323792281835542,0.44
KXMLSSCORE-26AUG30STLDAL-STL2DAL2,2026-08-31 01:09:54+00:00,0.06,0.04,0,0.04259850136267433,0.037761810726962663,0.06
KXMLS2HSPREAD-26AUG30STLDAL-DAL2,2026-08-31 01:11:33+00:00,0.49,0.96,0,0.43958934762334995,0.3842552011976038,0.49
KXDIMAYORGAME-26AUG30MILINT-TIE,2026-08-31 01:34:49+00:00,0.205,0.0099999999999999,1,0.17071294456375208,0.178269580513595,0.205
KXLIGAMXGAME-26AUG30TOLJUA-JUA,2026-08-31 02:03:14+00:00,0.1149999999999999,0.0099999999999999,0,0.08664532413730647,0.07018093114102417,0.1149999999999999
KXNCAAMSOCCERGAME-26AUG30CONWES-CON,2026-08-31 02:07:23+00:00,0.41,0.66,1,0.35085784737436326,0.3066204324148985,0.41
KXCFLSPREAD-26AUG30BCOTT-BC4,2026-08-31 02:14:29+00:00,0.61,0.06,1,0.6101867621584639,0.6281285599534465,0.61
KXWNBA2HWINNER-26AUG30CONNDAL-CONN,2026-08-31 02:35:22+00:00,0.44,0.86,0,0.37888062225017727,0.3318760636168202,0.44
KXATPSETWINNER-26AUG30NAVDJO-3-DJO,2026-08-31 02:35:35+00:00,0.72,0.02,1,0.7129925240440886,0.7416770492380392,0.72
KXLIGAMX1HSCORE-26AUG30MONASL-MON0ASL1,2026-08-31 03:00:13+00:00,0.105,0.05,0,0.07919367496472257,0.07123911242440632,0.105
KXLIGAMX1HSCORE-26AUG30MONASL-MON0ASL2,2026-08-31 03:00:13+00:00,0.02,0.0199999999999999,1,0.004203244975394692,0.010506848867694173,0.02
KXLIGAMX1H-26AUG30MONASL-TIE,2026-08-31 03:02:45+00:00,0.36,0.02,0,0.3041532225813399,0.3359622708026753,0.36
KXATPEXACTMATCH-26AUG30BUBWOL-BUB30,2026-08-31 03:50:35+00:00,0.31,0.06,0,0.26365785637281697,0.26050299143644634,0.31
KXAAAGASWNJ-26AUG31-4.0600,2026-08-31 03:59:00+00:00,0.985,0.01,1,0.9999,0.9883649380472326,0.985
KXTENCENTSHARE-26AUG24-2.5,2026-08-31 03:59:00+00:00,0.22,0.3,0,0.18622939068202127,0.33610853918612005,0.22
KXLIGAMX2H-26AUG30MONASL-ASL,2026-08-31 04:10:13+00:00,0.16,0.06,0,0.12416360620894457,0.12752596073563635,0.16
KXATPGTOTAL-26AUG30NAVDJO-34,2026-08-31 04:10:53+00:00,0.525,0.01,1,0.4857143303698898,0.523596760117454,0.525
KXLIGAMXTEAMTOTAL-26AUG30MONASL-MON1,2026-08-31 04:10:59+00:00,0.875,0.01,1,0.9151476822647294,0.8700694200401069,0.875
KXLIGAMXTEAMTOTAL-26AUG30MONASL-MON3,2026-08-31 04:10:59+00:00,0.365,0.01,0,0.3088236850606423,0.33503174240992317,0.365
KXATPGSPREAD-26AUG30NAVDJO-DJO8,2026-08-31 04:11:10+00:00,0.405,0.0099999999999999,0,0.34618738489506096,0.3843085763555246,0.405
KXLIGAMX2HSPREAD-26AUG30MONASL-ASL2,2026-08-31 04:11:24+00:00,0.49,0.92,0,0.43958934762334995,0.38723554691878326,0.49
KXINDYCARRACE-MILW226-FERO,2026-08-31 04:19:40+00:00,0.1,0.12,0,0.0754678503784306,0.06957705880607848,0.1
KXINDYCARRACE-MILW226-KYKI,2026-08-31 04:19:40+00:00,0.045,0.07,0,0.02728217310998703,0.028384915405329104,0.045
KXINDYCARTOP5-MILW226-RIVE,2026-08-31 04:19:47+00:00,0.16,0.24,0,0.12416360620894457,0.12318626023208042,0.16
KXINDYCARTOP10-MILW226-GRRA,2026-08-31 04:24:31+00:00,0.175,0.25,0,0.13968005232721373,0.14404389110479227,0.175
KXHIGHPHIL-26AUG30-T91,2026-08-31 05:00:00+00:00,0.02,0.0199999999999999,0,0.004203244975394692,0.010096099266267993,0.02
KXHIGHTBOS-26AUG30-B86.5,2026-08-31 05:00:00+00:00,0.425,0.0499999999999999,1,0.3648692348122703,0.3850549267662382,0.425
KXLOWTDC-26AUG30-B65.5,2026-08-31 05:00:00+00:00,0.035,0.03,0,0.017071287608195502,0.02084395536585182,0.035
KXLOWTNYC-26AUG30-B66.5,2026-08-31 05:00:00+00:00,0.235,0.07,1,0.20174583680029046,0.2031102788075204,0.235
KXRAINWKND-26AUG29-NOLA,2026-08-31 05:00:00+00:00,0.825,0.19,0,0.8503431521464457,0.827375557786987,0.825
KXNCAAMSOCCERGAME-26AUG30CALORA-ORA,2026-08-31 05:07:21+00:00,0.495,0.8300000000000001,0,0.44617863087285564,0.3910623629521148,0.495
KXNCAAMSOCCERGAME-26AUG30CALORA-TIE,2026-08-31 05:07:21+00:00,0.36,0.56,0,0.3041532225813399,0.2743785265375015,0.36
KXHIGHTHOU-26AUG30-B98.5,2026-08-31 06:00:00+00:00,0.1,0.0399999999999999,0,0.0754678503784306,0.06903912635892648,0.1
KXHIGHTOKC-26AUG30-B102.5,2026-08-31 06:00:00+00:00,0.58,0.02,0,0.5655559922558481,0.5708710145303255,0.58
KXHIGHTOKC-26AUG30-T98,2026-08-31 06:00:00+00:00,0.015,0.01,0,0.0001,0.00747340573391678,0.015
KXHIGHTSATX-26AUG30-B98.5,2026-08-31 06:00:00+00:00,0.71,0.04,1,0.706000313780961,0.6762033585073883,0.71
KXLOWTAUS-26AUG30-B76.5,2026-08-31 06:00:00+00:00,0.075,0.0099999999999999,0,0.05683872744697068,0.04762059533457226,0.075
KXLOWTDAL-26AUG30-B80.5,2026-08-31 06:00:00+00:00,0.63,0.08,0,0.6399406087602079,0.6407999004381523,0.63
KXLOWTHOU-26AUG30-B72.5,2026-08-31 06:00:00+00:00,0.025,0.03,0,0.008342072403273759,0.012465439979760549,0.025
KXLOWTMIN-26AUG30-B68.5,2026-08-31 06:00:00+00:00,0.445,0.0899999999999999,1,0.38355108472947963,0.42737261032654333,0.445
KXLOWTSATX-26AUG30-T76,2026-08-31 06:00:00+00:00,0.415,0.07,1,0.3555283098536656,0.40114021627753793,0.415
KXHIGHDEN-26AUG30-B87.5,2026-08-31 07:00:00+00:00,0.38,0.02,0,0.3228350724985493,0.35933217901193587,0.38
KXRAIN-26AUG30-SFO,2026-08-31 07:00:00+00:00,0.025,0.0099999999999999,0,0.008342072403273759,0.013971710696466544,0.025
KXHIGHTLV-26AUG30-B99.5,2026-08-31 08:00:00+00:00,0.195,0.01,0,0.16036864715157265,0.16101352093154134,0.195
KXLOWTLAX-26AUG30-B70.5,2026-08-31 08:00:00+00:00,0.6950000000000001,0.0699999999999999,1,0.6955119983862693,0.6864008426134709,0.6950000000000001
KXLOWTLV-26AUG30-T80,2026-08-31 08:00:00+00:00,0.93,0.0599999999999999,1,0.9738345117823115,0.940557532549261,0.93
KXLOWTSEA-26AUG30-B50.5,2026-08-31 08:00:00+00:00,0.125,0.01,0,0.0940969733098905,0.09184799102741942,0.125
KXLOWTSEA-26AUG30-B52.5,2026-08-31 08:00:00+00:00,0.53,0.0999999999999999,0,0.4923036136193955,0.5051193724161308,0.53
KXLOWTSFO-26AUG30-B51.5,2026-08-31 08:00:00+00:00,0.02,0.0199999999999999,0,0.004203244975394692,0.00990435388527564,0.02
KXCS2GAME-26AUG310400HAVUSSINS-SSINS,2026-08-31 09:49:43+00:00,0.6,0.04,0,0.595309838857592,0.5918508873035095,0.6
KXCS2MAP-26AUG310500FURIATS-1-FURIA,2026-08-31 09:55:03+00:00,0.37,0.02,0,0.3134941475399446,0.3539042589070188,0.37
KXCS2MAP-26AUG310700MAIMIS-1-MIS,2026-08-31 11:55:15+00:00,0.455,0.83,1,0.39346436487681014,0.3580715524461736,0.455
KXDEEPTOKEND-26AUG31-T0.10,2026-08-31 14:00:00+00:00,0.31,0.0999999999999999,0,0.26365785637281697,0.554324010893206,0.31
KXDJI-26AUG3110-53465.00,2026-08-31 14:00:00+00:00,0.77,0.1999999999999999,0,0.7669972750353279,0.8554521325487068,0.77
KXDJI-26AUG3110-53495.00,2026-08-31 14:00:00+00:00,0.69,0.2,0,0.6920158932547054,0.7885363543090587,0.69
KXDJI-26AUG3110-53515.00,2026-08-31 14:00:00+00:00,0.6,0.1999999999999999,0,0.595309838857592,0.705472991750957,0.6
KXINXU-26AUG31H1000-T7624.9999,2026-08-31 14:00:00+00:00,0.845,0.29,1,0.880650743823216,0.9004134625550003,0.845
KXINXU-26AUG31H1000-T7714.9999,2026-08-31 14:00:00+00:00,0.6699999999999999,0.3199999999999999,0,0.6780314727284499,0.763428021384002,0.6699999999999999
KXINXU-26AUG31H1000-T7719.9999,2026-08-31 14:00:00+00:00,0.56,0.38,0,0.5358021456541043,0.5958131937907881,0.56
KXINXU-26AUG31H1000-T7724.9999,2026-08-31 14:00:00+00:00,0.49,0.34,0,0.43958934762334995,0.6140081906918896,0.49
KXINXU-26AUG31H1000-T7774.9999,2026-08-31 14:00:00+00:00,0.215,0.35,0,0.18105724197593154,0.26961721339931277,0.215
KXRT-COY-95,2026-08-31 14:00:00+00:00,0.525,0.03,1,0.4857143303698898,0.4136284850914743,0.525
KXTECHRANKLISTAICODE-26AUG31-CHAT,2026-08-31 14:00:00+00:00,0.0349999999999999,0.0499999999999999,0,0.017071287608195394,0.049637055364886926,0.0349999999999999
KXTRUMPSAY-26AUG31-NEWS,2026-08-31 14:00:00+00:00,0.08,0.0199999999999999,0,0.060564552033262664,0.036012787752316235,0.08
KXUSDJPY-26AUG3110-B159.375,2026-08-31 14:00:00+00:00,0.06,0.1,0,0.04259850136267433,0.05906674277307433,0.06
KXUSDJPY-26AUG3110-T161.249,2026-08-31 14:00:00+00:00,0.065,0.11,0,0.0477039441135701,0.06506377274582827,0.065
KXINDYCARRACE-MILW126-DAMA,2026-08-31 14:14:47+00:00,0.09,0.1,0,0.06801620120584663,0.04897025355667608,0.09
KXINDYCARRACE-MILW126-WIPO,2026-08-31 14:14:47+00:00,0.075,0.07,0,0.05683872744697068,0.045925618856454554,0.075
KXINDYCARTOP3-MILW126-SAFE,2026-08-31 14:14:49+00:00,0.055,0.09,0,0.03749305861177857,0.026825141976567962,0.055
KXINDYCARTOP3-MILW126-ALRO,2026-08-31 14:14:50+00:00,0.16,0.12,0,0.12416360620894457,0.10574461041108112,0.16
KXINDYCARTOP5-MILW126-GRRA,2026-08-31 14:14:52+00:00,0.055,0.09,0,0.03749305861177857,0.028094375194732485,0.055
KXINDYCARTOP10-MILW126-CHLU,2026-08-31 14:14:56+00:00,0.48,0.16,1,0.42641078112433856,0.48169727162522963,0.48
KXINDYCARTOP10-MILW126-NOSI,2026-08-31 14:14:56+00:00,0.14,0.12,0,0.10527444706876647,0.09994025728391995,0.14
KXDJI-26AUG3111-53400.00,2026-08-31 15:00:00+00:00,0.79,0.2,0,0.7973048667120981,0.8650757976495609,0.79
KXDJI-26AUG3111-53425.00,2026-08-31 15:00:00+00:00,0.75,0.1999999999999999,0,0.7366896833585577,0.8369429609652046,0.75
KXDJI-26AUG3111-53535.00,2026-08-31 15:00:00+00:00,0.48,0.1999999999999999,0,0.42641078112433856,0.5741967749361352,0.48
KXDJI-26AUG3111-53560.00,2026-08-31 15:00:00+00:00,0.44,0.2,0,0.37888062225017727,0.5333755561960333,0.44
KXINXU-26AUG31H1100-T7669.9999,2026-08-31 15:00:00+00:00,0.79,0.3399999999999999,1,0.7973048667120981,0.8636983880952173,0.79
KXATPCHALLENGERMATCH-26AUG30BUEREI-REI,2026-08-31 15:20:11+00:00,0.395,0.0499999999999999,0,0.3368464599364563,0.3375306619548269,0.395
KXTOPMONTHLY-26AUG-BRU,2026-08-31 15:59:00+00:00,0.98,0.02,1,0.9959039285049338,0.9777737864573487,0.98
KXDJI-26AUG3112-53465.00,2026-08-31 16:00:00+00:00,0.64,0.1999999999999999,0,0.6548175320610797,0.725521438118903,0.64
KXENGNLGAME-26AUG31SOLFYL-FYL,2026-08-31 16:04:11+00:00,0.38,0.04,1,0.3228350724985493,0.34308223473460125,0.38
KXENGNLGAME-26AUG31SOLFYL-TIE,2026-08-31 16:04:11+00:00,0.2299999999999999,0.04,0,0.19657368809420062,0.18139987008940556,0.2299999999999999
KXWTAEXACTMATCH-26AUG30KRAMUC-MUC20,2026-08-31 16:16:19+00:00,0.65,0.02,1,0.6640470522021945,0.6566216228582912,0.65
KXWTAMATCH-26AUG31KALSAK-KAL,2026-08-31 16:35:44+00:00,0.74,0.02,0,0.7269769445703441,0.7700381907432544,0.74
KXDJI-26AUG3113-53695.00,2026-08-31 17:00:00+00:00,0.27,0.1999999999999999,0,0.2322726885744036,0.3081169361782722,0.27
KXINXU-26AUG31H1300-T7674.9999,2026-08-31 17:00:00+00:00,0.585,0.75,1,0.572994453906284,0.6637874271283088,0.585
KXINXU-26AUG31H1300-T7679.9999,2026-08-31 17:00:00+00:00,0.75,0.3999999999999999,0,0.7366896833585577,0.826090229131814,0.75
KXSERIEATEAMTOTAL-26AUG31LECROM-ROM2,2026-08-31 17:01:15+00:00,0.565,0.0299999999999999,1,0.5432406073045402,0.5643699599328228,0.565
KXCS2MAP-26AUG311000FALMOUZ-2-MOUZ,2026-08-31 17:12:04+00:00,0.435,0.03,1,0.37421015977087496,0.42109122932936344,0.435
KXATPEXACTMATCH-26AUG30VACKOV-KOV31,2026-08-31 17:17:06+00:00,0.17,0.06,0,0.13450790362112403,0.1198565550297821,0.17
KXSERIEA1HSPREAD-26AUG31LECROM-ROM2,2026-08-31 17:32:02+00:00,0.155,0.01,1,0.11899145750285484,0.14015861042124073,0.155
KXWTAGTOTAL-26AUG31DARSTE-22,2026-08-31 17:45:37+00:00,0.455,0.01,1,0.39346436487681014,0.4578168020378898,0.455
KXT20MATCH-26AUG310915CALTHR-THR,2026-08-31 17:51:17+00:00,0.415,0.09,1,0.3555283098536656,0.38273075921882577,0.415
KXWTAEXACTMATCH-26AUG30NAVBOI-BOI20,2026-08-31 17:55:23+00:00,0.155,0.03,0,0.11899145750285484,0.11799010784729513,0.155
KXWTAEXACTMATCH-26AUG30NAVBOI-NAV20,2026-08-31 17:55:23+00:00,0.485,0.01,0,0.43300006437384425,0.45382138101091324,0.485
KXWTAEXACTMATCH-26AUG30NAVBOI-NAV21,2026-08-31 17:55:23+00:00,0.205,0.03,1,0.17071294456375208,0.16510465238828692,0.205
KXINXU-26AUG31H1400-T7639.9999,2026-08-31 18:00:00+00:00,0.825,0.3299999999999999,1,0.8503431521464457,0.8982771926672213,0.825
KXINXU-26AUG31H1400-T7654.9999,2026-08-31 18:00:00+00:00,0.8300000000000001,0.3199999999999999,1,0.8579200500656384,0.8924943835997661,0.8300000000000001
KXATPSETWINNER-26AUG30LANFEA-1-FEA,2026-08-31 18:04:35+00:00,0.495,0.01,0,0.44617863087285564,0.49820015959921615,0.495
KXCS2TOTALMAPS-26AUG311000FALMOUZ-3,2026-08-31 18:04:55+00:00,0.485,0.03,1,0.43300006437384425,0.5041548357895026,0.485
KXCS2GAME-26AUG311000FALMOUZ-MOUZ,2026-08-31 18:08:39+00:00,0.4649999999999999,0.0099999999999999,1,0.4066429313758214,0.4601736690700272,0.4649999999999999
KXATPGTOTAL-26AUG30TSIFIL-37,2026-08-31 18:15:24+00:00,0.505,0.01,1,0.45935719737186703,0.4986979017428409,0.505
KXWTAGTOTAL-26AUG30ITOSEL-17,2026-08-31 18:15:29+00:00,0.86,0.04,1,0.8982651152570171,0.8811079206711241,0.86
KXWTAMATCH-26AUG30BIRMAR-BIR,2026-08-31 18:20:51+00:00,0.505,0.01,1,0.45935719737186703,0.4948336121348582,0.505
KXWTAEXACTMATCH-26AUG30BIRMAR-MAR21,2026-08-31 18:25:08+00:00,0.205,0.0099999999999999,0,0.17071294456375208,0.16989429579759568,0.205
KXWTI-26AUG3114-T78.99,2026-08-31 18:30:00+00:00,0.98,0.02,1,0.9959039285049338,0.988850317839883,0.98
KXWTI-26AUG3114-T84.99,2026-08-31 18:30:00+00:00,0.065,0.01,1,0.0477039441135701,0.05944508501362944,0.065
KXLALIGA1HSCORE-26AUG31OSAGET-OSA0GET0,2026-08-31 18:39:43+00:00,0.41,0.0399999999999999,0,0.35085784737436326,0.3815805622246258,0.41
KXLALIGA1HSCORE-26AUG31OSAGET-OSA2GET1,2026-08-31 18:39:43+00:00,0.02,0.0199999999999999,0,0.004203244975394692,0.010510812388581675,0.02
KXDJI-26AUG3115-53445.00,2026-08-31 19:00:00+00:00,0.65,0.1999999999999999,0,0.6640470522021945,0.7349509331369644,0.65
KXINXU-26AUG31H1500-T7634.9999,2026-08-31 19:00:00+00:00,0.85,0.28,1,0.8870100705852089,0.9108486483970847,0.85
KXINXU-26AUG31H1500-T7689.9999,2026-08-31 19:00:00+00:00,0.705,0.47,0,0.702504208649397,0.7827427025845919,0.705
KXSERIEATOTAL-26AUG31LECROM-5,2026-08-31 19:00:03+00:00,0.105,0.0099999999999999,0,0.07919367496472257,0.07274209055299752,0.105
KXSERIEASCORE-26AUG31LECROM-LEC0ROM3,2026-08-31 19:00:09+00:00,0.075,0.0099999999999999,0,0.05683872744697068,0.04629929366604496,0.075
KXSERIEAGAME-26AUG31LECROM-TIE,2026-08-31 19:04:07+00:00,0.225,0.01,0,0.191401539388111,0.17353965564298984,0.225
KXWTAEXACTMATCH-26AUG31ZIDTIM-TIM21,2026-08-31 19:06:11+00:00,0.215,0.09,0,0.18105724197593154,0.16690168492979943,0.215
KXWTAEXACTMATCH-26AUG31ZIDTIM-ZID21,2026-08-31 19:06:11+00:00,0.14,0.1,0,0.10527444706876647,0.09719025687302651,0.14
KXATPSETWINNER-26AUG30SAFALC-2-SAF,2026-08-31 19:27:12+00:00,0.295,0.0499999999999999,0,0.251888418448412,0.23159520714732987,0.295
KXATPGTOTAL-26AUG30VUKSAK-45,2026-08-31 19:27:46+00:00,0.315,0.05,1,0.26758100234761867,0.2966333699645718,0.315
KXUST10AM-26AUG31-T4.68,2026-08-31 19:30:00+00:00,0.895,0.07,1,0.937657771608346,0.9427420665180686,0.895
KXUST30AM-26AUG31-T5.16,2026-08-31 19:30:00+00:00,0.955,0.0699999999999999,1,0.9764140527891029,0.9770753115099435,0.955
KXLALIGATEAMTOTAL-26AUG31OSAGET-GET3,2026-08-31 19:31:09+00:00,0.035,0.01,0,0.017071287608195502,0.021290788973380444,0.035
KXSERIEA1H-26AUG31ATABFC-TIE,2026-08-31 19:32:15+00:00,0.415,0.01,1,0.3555283098536656,0.40373828408958295,0.415
KXATPSETWINNER-26AUG30ARNDUC-3-ARN,2026-08-31 19:34:32+00:00,0.5449999999999999,0.0699999999999999,0,0.5134867607027962,0.5207182349815669,0.5449999999999999
KXATPSETWINNER-26AUG30LANFEA-3-FEA,2026-08-31 19:34:42+00:00,0.495,0.03,0,0.44617863087285564,0.4865582364636243,0.495
KXWTAEXACTMATCH-26AUG30CHWTOW-CHW21,2026-08-31 19:35:11+00:00,0.14,0.1,0,0.10527444706876647,0.09625536666800165,0.14
KXVANCEMENTION-26AUG31-AMER,2026-08-31 19:45:33+00:00,0.355,0.01,0,0.2994827601020376,0.26093866543064226,0.355
KXEPL1H-26AUG31AVLARS-ARS,2026-08-31 19:47:07+00:00,0.47,0.0199999999999999,0,0.41323221462532717,0.4423458811780369,0.47
KXEPL1HSCORE-26AUG31AVLARS-AVL0ARS1,2026-08-31 19:49:48+00:00,0.26,0.1,0,0.22442639662480024,0.2045714317986862,0.26
KXATPEXACTMATCH-26AUG30RODMPE-ROD32,2026-08-31 19:50:50+00:00,0.135,0.03,0,0.10154862248247448,0.10030194225103739,0.135
KXATPGSPREAD-26AUG30RODMPE-MPE4,2026-08-31 19:51:23+00:00,0.385,0.07,0,0.3275055349778516,0.335581465653868,0.385
KXLALIGATCORNERS-26AUG31OSAGET-GET4,2026-08-31 19:59:53+00:00,0.515,0.03,0,0.4725357638708784,0.5186910067230641,0.515
KXINX-26AUG31H1600-B7737,2026-08-31 20:00:00+00:00,0.14,0.12,0,0.10527444706876647,0.15692141971663953,0.14
KXINX-26AUG31H1600-B7787,2026-08-31 20:00:00+00:00,0.115,0.17,0,0.08664532413730655,0.12204642337962354,0.115
KXINXU-26AUG31H1600-T7624.9999,2026-08-31 20:00:00+00:00,0.765,0.4499999999999999,1,0.7594203771161353,0.8292216426331326,0.765
KXINXU-26AUG31H1600-T7664.9999,2026-08-31 20:00:00+00:00,0.79,0.38,1,0.7973048667120981,0.8574077819204529,0.79
KXINXU-26AUG31H1600-T7689.9999,2026-08-31 20:00:00+00:00,0.7,0.44,0,0.6990081035178332,0.7752296501952582,0.7
KXINXU-26AUG31H1600-T7704.9999,2026-08-31 20:00:00+00:00,0.7,0.4,0,0.6990081035178332,0.7987341830969368,0.7
KXINXU-26AUG31H1600-T7749.9999,2026-08-31 20:00:00+00:00,0.435,0.39,0,0.37421015977087496,0.3833927133016286,0.435
KXLALIGASCORE-26AUG31OSAGET-OSA0GET0,2026-08-31 20:00:00+00:00,0.145,0.03,0,0.10900027165505843,0.10941010594393694,0.145
KXLALIGASCORE-26AUG31OSAGET-OSA1GET2,2026-08-31 20:00:00+00:00,0.05,0.0199999999999999,0,0.032387615860882804,0.031007653260178913,0.05
KXLALIGAGAME-26AUG31OSAGET-OSA,2026-08-31 20:04:19+00:00,0.435,0.01,1,0.37421015977087496,0.3793002599512788,0.435
KXATPEXACTMATCH-26AUG30SAFALC-ALC30,2026-08-31 20:13:00+00:00,0.39,0.02,1,0.332175997457154,0.35202935284989323,0.39
KXATPSETWINNER-26AUG30DZUHUR-2-HUR,2026-08-31 20:20:13+00:00,0.76,0.06,0,0.7518434791969427,0.794004334408787,0.76
KXPOPCHICKSAND-26SEP02-T5.69,2026-08-31 20:40:13+00:00,0.295,0.0499999999999999,1,0.251888418448412,0.23955427309933935,0.295
KXSERIEA2HBTTS-26AUG31ATABFC-BTTS,2026-08-31 20:41:33+00:00,0.275,0.0299999999999999,0,0.23619583454920529,0.2586890919559791,0.275
KXATPGTOTAL-26AUG30ARNDUC-40,2026-08-31 20:50:04+00:00,0.485,0.01,1,0.43300006437384425,0.483640181140942,0.485
KXCHIPBURRITO-26SEP02-T9.80,2026-08-31 20:51:49+00:00,0.37,0.1999999999999999,1,0.3134941475399446,0.3150524766662531,0.37
KXEPLGAME-26AUG31AVLARS-AVL,2026-08-31 20:59:08+00:00,0.135,0.01,0,0.10154862248247448,0.08484378683908182,0.135
KXBRENTD-26AUG3117-T85,2026-08-31 21:00:00+00:00,0.97,0.04,1,0.9847328244274809,0.9841411905795414,0.97
KXBRENTD-26AUG3117-T87.50,2026-08-31 21:00:00+00:00,0.895,0.01,1,0.937657771608346,0.9133856170843917,0.895
KXBRENTD-26AUG3117-T88,2026-08-31 21:00:00+00:00,0.9,0.02,1,0.94328529394425,0.936337723593932,0.9
KXBRENTMON-26AUG3117-T84.99,2026-08-31 21:00:00+00:00,0.965,0.05,1,0.9791472723887544,0.9768568356291899,0.965
KXCOPPERMON-26AUG3117-T6.39,2026-08-31 21:00:00+00:00,0.97,0.04,1,0.9847328244274809,0.9813730429563842,0.97
KXNATGASD-26AUG3117-T2.905,2026-08-31 21:00:00+00:00,0.65,0.04,1,0.6640470522021945,0.6169184488109292,0.65
KXNATGASD-26AUG3117-T2.910,2026-08-31 21:00:00+00:00,0.62,0.04,1,0.6250636854593359,0.5769044968982252,0.62
KXNATGASD-26AUG3117-T2.920,2026-08-31 21:00:00+00:00,0.54,0.04,1,0.5060482990523605,0.6096901752535853,0.54
KXSILVERD-26AUG3117-T64.50,2026-08-31 21:00:00+00:00,0.91,0.04,1,0.9545403386160582,0.9321090546857238,0.91
KXSILVERD-26AUG3117-T65.25,2026-08-31 21:00:00+00:00,0.815,0.0299999999999999,1,0.8351893563080607,0.8826531383088542,0.815
KXSILVERD-26AUG3117-T68.25,2026-08-31 21:00:00+00:00,0.13,0.0399999999999999,0,0.09782279789618249,0.11197166411234685,0.13
KXATPSETWINNER-26AUG30NAKBAE-3-NAK,2026-08-31 21:00:02+00:00,0.71,0.0599999999999999,1,0.706000313780961,0.7352364492153093,0.71
KXSERIEASCORE-26AUG31ATABFC-ATA0BFC1,2026-08-31 21:00:35+00:00,0.07,0.02,0,0.05280938686446588,0.04680039792990441,0.07
KXWTAEXACTMATCH-26AUG30GOLPAR-GOL21,2026-08-31 21:10:37+00:00,0.18,0.0799999999999999,0,0.14485220103330346,0.13198796774580562,0.18
KXAKPRIMARY-26MAY19-JWIL,2026-08-31 21:11:41+00:00,0.96,0.02,1,0.9769299609904613,0.9902611418380826,0.96
KXATPMATCH-26AUG30LANFEA-LAN,2026-08-31 21:15:32+00:00,0.515,0.01,0,0.4725357638708784,0.4995044757694768,0.515
KXATPGSPREAD-26AUG30DZUHUR-HUR8,2026-08-31 21:19:45+00:00,0.4649999999999999,0.0099999999999999,1,0.4066429313758214,0.46388301462344217,0.4649999999999999
KXH200MON-26AUG31-4.620,2026-08-31 21:28:33+00:00,0.37,0.1999999999999999,0,0.3134941475399446,0.600022267997327,0.37
KXH200MON-26AUG31-4.720,2026-08-31 21:28:33+00:00,0.15,0.22,0,0.1138193087967651,0.22795303097749536,0.15
KXB200MON-26AUG31-7.010,2026-08-31 21:29:57+00:00,0.03,0.02,0,0.01248089983115282,0.041456008023654844,0.03
KXLALIGA2HTOTAL-26AUG31BARRVC-1,2026-08-31 21:31:29+00:00,0.885,0.03,1,0.9264027269365377,0.9086001572040063,0.885
KXLALIGA2HBTTS-26AUG31BARRVC-BTTS,2026-08-31 21:31:30+00:00,0.255,0.03,1,0.22050325064999857,0.22413593452029423,0.255
KXRTX5090MON-26AUG31-0.590,2026-08-31 21:32:27+00:00,0.03,0.02,0,0.01248089983115282,0.038685510814516835,0.03
KXLIGAPORTUGALGAME-26AUG31BRAVIT-BRA,2026-08-31 21:33:54+00:00,0.545,0.01,1,0.5134867607027964,0.5627710598509064,0.545
KXLALIGAGAME-26AUG31BARRVC-BAR,2026-08-31 22:07:17+00:00,0.875,0.01,1,0.9151476822647294,0.8697209777842966,0.875
KXLALIGAGAME-26AUG31BARRVC-RVC,2026-08-31 22:07:17+00:00,0.035,0.01,0,0.017071287608195502,0.01681283961882374,0.035
KXATPSETWINNER-26AUG30HANTAB-3-HAN,2026-08-31 22:09:24+00:00,0.4549999999999999,0.0499999999999999,1,0.39346436487681,0.4202489590902462,0.4549999999999999
KXLALIGASPREAD-26AUG31BARRVC-BAR2,2026-08-31 22:09:58+00:00,0.695,0.01,1,0.6955119983862693,0.686846660835566,0.695
KXATPSETWINNER-26AUG30DARWEN-3-WEN,2026-08-31 22:23:20+00:00,0.345,0.07,0,0.2911198781964287,0.3141256586804948,0.345
KXATPEXACTMATCH-26AUG30SVRROY-ROY32,2026-08-31 22:35:04+00:00,0.155,0.03,0,0.11899145750285484,0.11157388634085408,0.155
KXATPGTOTAL-26AUG30SVRROY-45,2026-08-31 22:35:21+00:00,0.255,0.05,1,0.22050325064999857,0.23152073655457306,0.255
KXATPEXACTMATCH-26AUG30HANTAB-HAN32,2026-08-31 22:44:49+00:00,0.135,0.03,0,0.10154862248247448,0.09168579326411826,0.135
KXATPEXACTMATCH-26AUG30BLOBAR-BLO30,2026-08-31 22:56:03+00:00,0.395,0.01,1,0.3368464599364563,0.34782384938721866,0.395
KXATPGTOTAL-26AUG30BLOBAR-36,2026-08-31 22:56:29+00:00,0.505,0.01,0,0.45935719737186703,0.507357456342646,0.505
KXMUSKNW-26AUG31-T950,2026-08-31 22:59:00+00:00,0.195,0.21,0,0.16036864715157265,0.14579224149766024,0.195
KXATPSETWINNER-26AUG30HALDIA-1-DIA,2026-08-31 23:07:36+00:00,0.335,0.01,0,0.28327358624682536,0.3033021774277988,0.335
KXWTAGTOTAL-26AUG30ANNRUZ-17,2026-08-31 23:15:26+00:00,0.645,0.35,1,0.6605509470706306,0.6844138883597489,0.645
KXATPMATCH-26AUG30BURKHA-KHA,2026-08-31 23:31:00+00:00,0.775,0.01,1,0.7745741729545205,0.8070055946471767,0.775
KXATPSETWINNER-26AUG30SHATRU-3-SHA,2026-08-31 23:45:19+00:00,0.61,0.08,1,0.6101867621584639,0.5948789937352432,0.61
KXARGPREMDIVGAME-26AUG31ELPNOB-NOB,2026-09-01 00:03:12+00:00,0.165,0.01,0,0.1293357549150343,0.12243652395370297,0.165
KXWTAGTOTAL-26AUG30COCSIN-26,2026-09-01 00:06:25+00:00,0.33,0.14,0,0.2793504402720237,0.2719116139313592,0.33
KXBRASILEIROFTTS-26AUG31CRCFC-CR,2026-09-01 00:09:54+00:00,0.52,0.06,0,0.4791250471203841,0.498012344358727,0.52
KXATPSETWINNER-26AUG30BORTIE-2-BOR,2026-09-01 00:15:06+00:00,0.4,0.0399999999999999,0,0.34151692241575865,0.3631174056777856,0.4
KXBRASILEIROTEAMTOTAL-26AUG31CRCFC-CR1,2026-09-01 00:25:57+00:00,0.745,0.01,1,0.7304730497019081,0.7697424428839743,0.745
KXCHLLDPGAME-26AUG31ULCDLS-TIE,2026-09-01 00:33:09+00:00,0.27,0.02,0,0.2322726885744036,0.22902750695105065,0.27
KXNCAAMSOCCERGAME-26AUG31BOWWAK-WAK,2026-09-01 00:37:34+00:00,0.49,0.8200000000000001,1,0.43958934762334995,0.5508504750126063,0.49
KXNCAAMSOCCERGAME-26AUG31ARMYAL-YAL,2026-09-01 00:37:35+00:00,0.455,0.8099999999999999,1,0.39346436487681014,0.3463745663356429,0.455
KXWTAMATCH-26AUG30SWIWAN-WAN,2026-09-01 00:45:32+00:00,0.1,0.02,0,0.0754678503784306,0.06069730236242769,0.1
KXWTAEXACTMATCH-26AUG30SWIWAN-SWI21,2026-09-01 00:55:12+00:00,0.2,0.1,0,0.16554079585766238,0.15015613189893798,0.2
KXWTAGTOTAL-26AUG30SWIWAN-24,2026-09-01 00:55:28+00:00,0.415,0.43,0,0.3555283098536656,0.2540969734576013,0.415
KXBRASILEIROSCORE-26AUG31CRCFC-CR2CFC1,2026-09-01 01:00:02+00:00,0.09,0.02,0,0.06801620120584663,0.0630463895763227,0.09
KXBRASILEIROSCORE-26AUG31CRCFC-CR3CFC1,2026-09-01 01:00:02+00:00,0.035,0.03,0,0.017071287608195502,0.019803421490254724,0.035
KXLOLGAME-26AUG311900FUE3V-FUE,2026-09-01 01:29:39+00:00,0.92,0.02,1,0.9657953832878665,0.9375041453127821,0.92
KXBRASILEIROTOTAL-26AUG31CRCFC-6,2026-09-01 01:31:13+00:00,0.035,0.01,0,0.017071287608195502,0.019252947576752655,0.035
KXMLBGAME-26AUG311845SEABOS-BOS,2026-09-01 01:54:30+00:00,0.595,0.01,1,0.587871377207156,0.5929104275328012,0.595
KXATPEXACTMATCH-26AUG30SHATRU-TRU31,2026-09-01 02:04:50+00:00,0.125,0.01,0,0.0940969733098905,0.0820035895970003,0.125
KXATPEXACTMATCH-26AUG30SHEGRI-GRI32,2026-09-01 02:04:50+00:00,0.06,0.02,0,0.04259850136267433,0.033329204315458404,0.06
KXATPGTOTAL-26AUG30SHEGRI-44,2026-09-01 02:05:07+00:00,0.295,0.0499999999999999,0,0.251888418448412,0.22686049002194575,0.295
KXATPGSPREAD-26AUG30SHEGRI-SHE6,2026-09-01 02:05:18+00:00,0.485,0.01,0,0.43300006437384425,0.4836838674820839,0.485
KXNCAAMSOCCERGAME-26AUG31MERUAB-TIE,2026-09-01 02:07:20+00:00,0.33,0.5599999999999999,0,0.2793504402720237,0.2357144395355601,0.33
KXATPEXACTMATCH-26AUG30MENMOC-MOC30,2026-09-01 02:24:48+00:00,0.035,0.01,0,0.017071287608195502,0.0199198156407576,0.035
KXFIBAGAME-26AUG312010PANBAH-PAN,2026-09-01 02:30:12+00:00,0.0849999999999999,0.0099999999999999,0,0.06429037661955457,0.06136310440206174,0.0849999999999999
KXNCAAMSOCCERGAME-26AUG31LOUIND-LOU,2026-09-01 02:37:18+00:00,0.48,0.8,0,0.42641078112433856,0.3785538832543285,0.48
KXNCAAMSOCCERGAME-26AUG31LOUIND-TIE,2026-09-01 02:37:18+00:00,0.3399999999999999,0.52,1,0.28719673222162695,0.25121221784244235,0.3399999999999999
KXATPGSPREAD-26AUG30DIMPOP-DIM7,2026-09-01 02:56:09+00:00,0.265,0.03,0,0.2283495425996019,0.23318471310113503,0.265
KXCHLLDPGAME-26AUG31UCOHF-OHF,2026-09-01 03:03:42+00:00,0.215,0.01,0,0.18105724197593154,0.18630360263855145,0.215
KXNCAAMSOCCERGAME-26AUG31NOTHAR-NOT,2026-09-01 03:07:27+00:00,0.4049999999999999,0.65,1,0.3461873848950609,0.30347360490850545,0.4049999999999999
KXATPMATCH-26AUG30AUGHIJ-AUG,2026-09-01 03:25:24+00:00,0.885,0.01,1,0.9264027269365377,0.900019898447586,0.885
KXDIMAYORGAME-26AUG30TOLCUC-CUC,2026-09-01 03:32:50+00:00,0.1,0.02,0,0.0754678503784306,0.062229879142759605,0.1
KXMLBDEBUT-FARIAS-26SEP01,2026-09-01 03:59:00+00:00,0.08,0.0199999999999999,0,0.060564552033262664,0.043930219840378606,0.08
KXNETFLIXRANKSHOWRUNNERUP-26AUG31-OUT,2026-09-01 03:59:00+00:00,0.03,0.04,0,0.01248089983115282,0.011229046865771645,0.03
KXPOKEMON-26AUGASCHERPO-426.2,2026-09-01 03:59:00+00:00,0.11,0.04,0,0.08291949955101456,0.0748663488742833,0.11
KXBTCMAXMON-BTC-26AUG31-8250000,2026-09-01 03:59:59+00:00,0.02,0.0199999999999999,0,0.004203244975394692,0.020583851991629588,0.02
KXRAINHOUM-26AUG-5,2026-09-01 03:59:59+00:00,0.035,0.01,0,0.017071287608195502,0.019137296749989464,0.035
KXZECMINMON-ZEC-26AUG31-46000,2026-09-01 03:59:59+00:00,0.515,0.95,1,0.4725357638708784,0.801975397767111,0.515
KXHIGHTBOS-26AUG31-T77,2026-09-01 05:00:00+00:00,0.87,0.02,1,0.9095201599288253,0.8838451666542664,0.87
KXLOWTATL-26AUG31-B73.5,2026-09-01 05:00:00+00:00,0.5,0.08,1,0.45276791412236134,0.44789009621714165,0.5
KXLOWTDC-26AUG31-B74.5,2026-09-01 05:00:00+00:00,0.5349999999999999,0.0899999999999999,0,0.49889289686890104,0.5203231834858351,0.5349999999999999
KXLOWTNYC-26AUG31-B71.5,2026-09-01 05:00:00+00:00,0.155,0.23,0,0.11899145750285484,0.11063685438052775,0.155
KXATPEXACTMATCH-26AUG30DAMTIA-TIA31,2026-09-01 05:04:38+00:00,0.255,0.03,0,0.22050325064999857,0.20630453193571224,0.255
KXATPGTOTAL-26AUG30DAMTIA-43,2026-09-01 05:04:54+00:00,0.395,0.0299999999999999,1,0.3368464599364563,0.37685087925896416,0.395
KXNCAAMSOCCERGAME-26AUG31CALDEN-DEN,2026-09-01 05:08:13+00:00,0.475,0.8300000000000001,0,0.41982149787483286,0.37133755917088335,0.475
KXHIGHTMIN-26AUG31-B85.5,2026-09-01 06:00:00+00:00,0.1149999999999999,0.0099999999999999,0,0.08664532413730647,0.08125164954054859,0.1149999999999999
KXHIGHTMIN-26AUG31-B89.5,2026-09-01 06:00:00+00:00,0.345,0.0099999999999999,0,0.2911198781964287,0.32569574871014934,0.345
KXHIGHTOKC-26AUG31-B98.5,2026-09-01 06:00:00+00:00,0.1149999999999999,0.0099999999999999,0,0.08664532413730647,0.08175863200811379,0.1149999999999999
KXLOWTAUS-26AUG31-T77,2026-09-01 06:00:00+00:00,0.055,0.0099999999999999,0,0.03749305861177857,0.03391686078007968,0.055
KXLOWTMIN-26AUG31-B73.5,2026-09-01 06:00:00+00:00,0.275,0.09,0,0.23619583454920529,0.2181855491103834,0.275
KXLOWTNOLA-26AUG31-B72.5,2026-09-01 06:00:00+00:00,0.025,0.03,0,0.008342072403273759,0.01266766599184948,0.025
KXLOWTNOLA-26AUG31-B74.5,2026-09-01 06:00:00+00:00,0.03,0.02,1,0.01248089983115282,0.016299573708707285,0.03
KXHIGHDEN-26AUG31-B84.5,2026-09-01 07:00:00+00:00,0.47,0.0199999999999999,0,0.41323221462532717,0.44567065132386563,0.47
KXHIGHTSAN-26AUG31-B82.5,2026-09-01 08:00:00+00:00,0.405,0.69,0,0.34618738489506096,0.32827312064296726,0.405
KXHIGHTSFO-26AUG31-T71,2026-09-01 08:00:00+00:00,0.025,0.0099999999999999,0,0.008342072403273759,0.013462841503910594,0.025
KXLOWTSEA-26AUG31-B53.5,2026-09-01 08:00:00+00:00,0.5,0.1,1,0.45276791412236134,0.4831667768341387,0.5
KXLOWTSFO-26AUG31-B56.5,2026-09-01 08:00:00+00:00,0.6100000000000001,0.14,0,0.6101867621584641,0.564922667585196,0.6100000000000001
KXCS2MAP-26SEP010400QUBTTBS-1-TTBS,2026-09-01 09:25:17+00:00,0.455,0.85,1,0.39346436487681014,0.35582672782513314,0.455
KXATPCHALLENGERMATCH-26AUG30SOTFEL-SOT,2026-09-01 09:30:19+00:00,0.205,0.0099999999999999,0,0.17071294456375208,0.16794536477387997,0.205
KXCS2TOTALMAPS-26SEP010400YOLFAL-3,2026-09-01 10:35:04+00:00,0.455,0.83,0,0.39346436487681014,0.3564082133148701,0.455
KXDOTA2GAME-26SEP010500PCKCPKS-KS,2026-09-01 11:19:37+00:00,0.51,0.52,1,0.4659464806213727,0.29664340964557667,0.51
KXNPBGAME-26SEP010500ORITOH-ORI,2026-09-01 12:30:13+00:00,0.475,0.01,0,0.41982149787483286,0.467922252657193,0.475
KXITFWMATCH-26AUG31BERBIO-BER,2026-09-01 12:32:01+00:00,0.575,0.01,1,0.5581175306054121,0.5939112017940522,0.575
KXKBOGAME-26SEP010530LOTSAM-LOT,2026-09-01 12:34:50+00:00,0.395,0.01,0,0.3368464599364563,0.3443551009238711,0.395
KXKBOSPREAD-26SEP010530LGDOO-LG3,2026-09-01 12:50:10+00:00,0.305,0.03,0,0.2597347103980153,0.2596226025420689,0.305
KXCS2GAME-26SEP010630EPMIS-EP,2026-09-01 12:59:56+00:00,0.42,0.0399999999999999,0,0.36019877233296793,0.3429662467860938,0.42
KXCS2GAME-26SEP010630EPMIS-MIS,2026-09-01 12:59:56+00:00,0.5800000000000001,0.0399999999999999,1,0.5655559922558483,0.5775177282378076,0.5800000000000001
KXHORMUZWEEKLY-26AUG30-T40,2026-09-01 13:00:00+00:00,0.035,0.01,0,0.017071287608195502,0.035260779914445775,0.035
KXSUEZWEEKLY-26AUG30-T260,2026-09-01 13:00:00+00:00,0.965,0.03,1,0.9791472723887544,0.9857222704653609,0.965
KXTRUMPNUMSTATES-26SEP01-AL10,2026-09-01 13:11:18+00:00,0.035,0.01,0,0.017071287608195502,0.03159140364189595,0.035
KXBRAZILGDP-26SEP02-T1.8,2026-09-01 13:16:25+00:00,0.5700000000000001,0.0399999999999999,1,0.5506790689549763,0.4946599020660557,0.5700000000000001
KXDIAZOUT-MDC-26SEP01,2026-09-01 13:23:01+00:00,0.011,0.0139999999999999,0,0.0001,0.009268946483674401,0.011
KXPRESSBRIEFINGCOUNT-26AUG-A2,2026-09-01 13:25:26+00:00,0.035,0.01,0,0.017071287608195502,0.03249557552453573,0.035
KXDARTSMATCH-26SEP010850NDUFAHAM-AHAM,2026-09-01 13:49:52+00:00,0.51,0.92,1,0.4659464806213727,0.4095700549009079,0.51
KXTRUMPSAYCOMPANY-26SEP01-ABNB,2026-09-01 14:00:00+00:00,0.045,0.01,0,0.02728217310998703,0.019988893378135617,0.045
KXTRUMPSAYCOMPANY-26SEP01-CHAT,2026-09-01 14:00:00+00:00,0.015,0.01,0,0.0001,0.005217252050928397,0.015
KXTRUMPSAYCOMPANY-26SEP01-TSM,2026-09-01 14:00:00+00:00,0.02,0.0199999999999999,0,0.004203244975394692,0.007015062405750462,0.02
KXTRUMPSAYMONTH-26SEP01-EPST,2026-09-01 14:00:00+00:00,0.015,0.01,0,0.0001,0.004917618285582002,0.015
KXYTVIEWSW-DRA26AUG30-13.25M,2026-09-01 14:00:00+00:00,0.47,0.9,0,0.41323221462532717,0.16937251500187558,0.47
KXYTVIEWSW-MOR26AUG30-6.25M,2026-09-01 14:00:00+00:00,0.055,0.09,0,0.03749305861177857,0.024918164201316376,0.055
KXYTVIEWSW-YOU26AUG30-8.0M,2026-09-01 14:00:00+00:00,0.09,0.12,0,0.06801620120584663,0.043067708976589125,0.09
KXLOLMAP-26SEP011100BARUCAM-1-UCAM,2026-09-01 15:55:08+00:00,0.6799999999999999,0.0199999999999999,1,0.6850236829915777,0.7216900231348573,0.6799999999999999
KXCS2MAP-26SEP011000INOX1WIN-2-INOX,2026-09-01 16:03:18+00:00,0.5,0.76,1,0.45276791412236134,0.40411051042046653,0.5
KXLOLMAP-26SEP011100BARUCAM-2-UCAM,2026-09-01 16:40:14+00:00,0.6799999999999999,0.0199999999999999,1,0.6850236829915777,0.7010908313643209,0.6799999999999999
KXATPSETWINNER-26AUG30COMCOB-2-COB,2026-09-01 16:54:38+00:00,0.675,0.0899999999999999,0,0.6815275778600138,0.6912409537049975,0.675
KXLOLTOTALMAPS-26SEP011300UPUOA-3,2026-09-01 16:55:03+00:00,0.43,0.6,0,0.3695396972915726,0.33742805733929704,0.43
KXLOLMAP-26SEP011100BARUCAM-3-BAR,2026-09-01 17:30:29+00:00,0.32,0.02,0,0.27150414832242037,0.2945293743857953,0.32
KXCOPPAITALIASCORE-26SEP01PARCRE-PAR1CRE3,2026-09-01 18:00:07+00:00,0.02,0.0199999999999999,0,0.004203244975394692,0.010505549714626217,0.02
KXCOPPAITALIASCORE-26SEP01PARCRE-PAR3CRE2,2026-09-01 18:00:07+00:00,0.02,0.0199999999999999,0,0.004203244975394692,0.010505549714626217,0.02
KXUCLWGAME-26SEP01FAKBRA-FAK,2026-09-01 18:00:14+00:00,0.265,0.03,1,0.2283495425996019,0.22846615385144897,0.265
KXLIIGAGAME-26SEP011130TAPSAI-SAI,2026-09-01 18:00:18+00:00,0.585,0.35,1,0.572994453906284,0.5499628960517342,0.585
KXUCLWADVANCE-26SEP01FAKBRA-BRA,2026-09-01 18:01:01+00:00,0.52,0.42,0,0.4791250471203841,0.5377149786754373,0.52
KXUCLWADVANCE-26SEP01FAKBRA-FAK,2026-09-01 18:01:01+00:00,0.435,0.35,1,0.37421015977087496,0.3678771836858813,0.435
KXCOPPAITALIASPREAD-26SEP01PARCRE-PAR2,2026-09-01 18:03:14+00:00,0.2,0.0199999999999999,0,0.16554079585766238,0.1631982456502779,0.2
KXCOPPAITALIATOTAL-26SEP01PARCRE-5,2026-09-01 18:03:14+00:00,0.095,0.03,0,0.07174202579213862,0.05750144778015946,0.095
KXATPSETWINNER-26AUG30FRIBLA-1-BLA,2026-09-01 18:24:15+00:00,0.135,0.01,0,0.10154862248247448,0.09795614330732869,0.135
KXWTI-26SEP0114-T77.99,2026-09-01 18:30:00+00:00,0.985,0.01,1,0.9999,0.9920982227310281,0.985
KXWTI-26SEP0114-T78.99,2026-09-01 18:30:00+00:00,0.985,0.01,1,0.9999,0.9929169038723714,0.985
KXCLAUDE-NXTMYTH-26OCT01,2026-09-01 18:32:31+00:00,0.91,0.0599999999999999,1,0.9545403386160582,0.9598538904239705,0.91
KXDFBPOKAL1HTOTAL-26SEP01HEBCBVB-1,2026-09-01 19:32:23+00:00,0.585,0.73,1,0.572994453906284,0.636778851523511,0.585
KXATPEXACTMATCH-26AUG30COMCOB-COM32,2026-09-01 19:35:49+00:00,0.08,0.04,0,0.060564552033262664,0.04689604546696187,0.08
KXLOLGAME-26SEP011100BOMLDS-LDS,2026-09-01 19:50:34+00:00,0.445,0.03,0,0.38355108472947963,0.41445998369551146,0.445
KXWTAEXACTMATCH-26AUG30STASEI-STA20,2026-09-01 20:15:31+00:00,0.495,0.03,1,0.44617863087285564,0.48090946839353077,0.495
KXWTAEXACTMATCH-26AUG30STASEI-STA21,2026-09-01 20:15:31+00:00,0.21,0.0199999999999999,0,0.1758850932698418,0.16947945224611527,0.21
KXWTAEXACTMATCH-26AUG31KNULYS-KNU20,2026-09-01 20:15:32+00:00,0.195,0.03,0,0.16036864715157265,0.15177560837432996,0.195
KXSERIECCUPGAME-26SEP01CAMSCC-SCC,2026-09-01 20:33:39+00:00,0.225,0.09,0,0.191401539388111,0.17711916347852064,0.225
KXWTAEXACTMATCH-26AUG31HAVBON-HAV20,2026-09-01 20:34:28+00:00,0.195,0.03,0,0.16036864715157265,0.15158029151802282,0.195
KXATPSETWINNER-26AUG30MISCER-2-CER,2026-09-01 20:44:02+00:00,0.7849999999999999,0.0899999999999999,1,0.7897279687929053,0.7922278090351121,0.7849999999999999
KXBRENTD-26SEP0117-T93,2026-09-01 21:00:00+00:00,0.09,0.0399999999999999,1,0.06801620120584663,0.08866415416894353,0.09
KXCOPPERD-26SEP0117-T6.62,2026-09-01 21:00:00+00:00,0.8200000000000001,0.0399999999999999,0,0.8427662542272534,0.8540246099348877,0.8200000000000001
KXCOPPERD-26SEP0117-T6.68,2026-09-01 21:00:00+00:00,0.49,0.04,0,0.43958934762334995,0.556064530291683,0.49
KXCOPPERD-26SEP0117-T7.02,2026-09-01 21:00:00+00:00,0.03,0.04,0,0.01248089983115282,0.02062759568812771,0.03
KXNATGASD-26SEP0117-T2.870,2026-09-01 21:00:00+00:00,0.81,0.0399999999999999,1,0.8276124583888682,0.8840085765879833,0.81
KXNATGASD-26SEP0117-T2.875,2026-09-01 21:00:00+00:00,0.79,0.04,1,0.7973048667120981,0.8700334118377662,0.79
KXNATGASD-26SEP0117-T2.915,2026-09-01 21:00:00+00:00,0.555,0.01,1,0.5283636840036684,0.6731474087811739,0.555
KXSILVERD-26SEP0117-T62.25,2026-09-01 21:00:00+00:00,0.97,0.04,1,0.9847328244274809,0.9892054433020689,0.97
KXSILVERD-26SEP0117-T63.25,2026-09-01 21:00:00+00:00,0.975,0.03,1,0.9903183764662074,0.990232559596912,0.975
KXCS2MAP-26SEP011500MEIPRO-2-PRO,2026-09-01 21:00:20+00:00,0.64,0.48,1,0.6548175320610797,0.6208945419367773,0.64
KXEFLCHAMPIONSHIPGAME-26SEP01BCSOU-TIE,2026-09-01 21:03:38+00:00,0.275,0.01,1,0.23619583454920529,0.2179824873850194,0.275
KXEFLCHAMPIONSHIPGAME-26SEP01SWAWAT-TIE,2026-09-01 21:03:39+00:00,0.255,0.01,0,0.22050325064999857,0.20518913072482717,0.255
KXEFLCHAMPIONSHIPGAME-26SEP01PNEBRC-TIE,2026-09-01 21:03:40+00:00,0.285,0.0099999999999999,0,0.2440421264988086,0.23713198601325916,0.285
KXEFLL1GAME-26SEP01WYWSHW-WYW,2026-09-01 21:03:41+00:00,0.36,0.02,0,0.3041532225813399,0.34671905827929606,0.36
KXEFLL1GAME-26SEP01LEIPA-TIE,2026-09-01 21:03:42+00:00,0.245,0.01,0,0.21209013421246992,0.19673306068451205,0.245
KXEFLL1GAME-26SEP01BRACAM-TIE,2026-09-01 21:03:44+00:00,0.25,0.02,0,0.2165801046751969,0.17809302276026417,0.25
KXSERIECCUPGAME-26SEP01BARAZP-BAR,2026-09-01 21:03:47+00:00,0.6699999999999999,0.0799999999999999,0,0.6780314727284499,0.657096744837455,0.6699999999999999
KXCS2TOTALMAPS-26SEP011500MEIPRO-3,2026-09-01 21:04:50+00:00,0.445,0.85,0,0.38355108472947963,0.3469956337628411,0.445
KXEFLL1SPREAD-26SEP01WYWSHW-SHW2,2026-09-01 21:06:33+00:00,0.15,0.12,0,0.1138193087967651,0.09886261804248286,0.15
KXEFLCHAMPIONSHIPTOTAL-26SEP01BCSOU-2,2026-09-01 21:06:43+00:00,0.76,0.02,1,0.7518434791969427,0.7768638682988591,0.76
KXEFLCHAMPIONSHIPTOTAL-26SEP01PORDER-2,2026-09-01 21:06:47+00:00,0.72,0.02,1,0.7129925240440886,0.7346408045922471,0.72
KXEFLCHAMPIONSHIPTOTAL-26SEP01LICBLA-3,2026-09-01 21:06:49+00:00,0.5,0.02,0,0.45276791412236134,0.4916113210346187,0.5
KXEFLL1TOTAL-26SEP01PETSTE-4,2026-09-01 21:06:51+00:00,0.27,0.02,0,0.2322726885744036,0.2331571112491783,0.27
KXATPSETWINNER-26AUG30FERMUS-1-MUS,2026-09-01 21:14:04+00:00,0.675,0.0499999999999999,1,0.6815275778600138,0.677747997177016,0.675
KXWTAEXACTMATCH-26AUG31SAKMON-MON21,2026-09-01 21:14:38+00:00,0.18,0.0199999999999999,0,0.14485220103330346,0.14038959332718678,0.18
KXWTAGTOTAL-26AUG31SAKMON-18,2026-09-01 21:14:53+00:00,0.8400000000000001,0.0999999999999999,1,0.8730738459040236,0.808504940156698,0.8400000000000001
KXATPSETWINNER-26AUG30SWEMOU-2-SWE,2026-09-01 21:24:11+00:00,0.3399999999999999,0.0399999999999999,1,0.28719673222162695,0.30375526237115735,0.3399999999999999
KXATPGTOTAL-26AUG30MISCER-26,2026-09-01 21:24:49+00:00,0.805,0.01,1,0.8200355604696757,0.8467068711955102,0.805
KXCOPPAITALIASCORE-26SEP01TORMON-TOR1MON1,2026-09-01 21:29:56+00:00,0.125,0.07,0,0.0940969733098905,0.08713297369461373,0.125
KXCOPPAITALIATOTAL-26SEP01TORMON-6,2026-09-01 21:32:00+00:00,0.06,0.08,0,0.04259850136267433,0.028696138960876055,0.06
KXLOLMAP-26SEP011600KBMNERD-2-KBM,2026-09-01 21:40:09+00:00,0.5800000000000001,0.0399999999999999,1,0.5655559922558483,0.6008436272876791,0.5800000000000001
KXATPEXACTMATCH-26AUG30UGOSTR-STR32,2026-09-01 21:50:03+00:00,0.155,0.03,0,0.11899145750285484,0.117307968417432,0.155
KXATPEXACTMATCH-26AUG30UGOSTR-UGO30,2026-09-01 21:50:03+00:00,0.105,0.03,0,0.07919367496472257,0.07327361540028685,0.105
KXLOLMAP-26SEP011600GLMAZ-2-MAZ,2026-09-01 21:50:04+00:00,0.475,0.01,1,0.41982149787483286,0.4870286378153981,0.475
KXVALORANTMAP-26SEP011700AXOSPI-1-SPI,2026-09-01 21:50:05+00:00,0.445,0.03,0,0.38355108472947963,0.4367380293777875,0.445
KXATPGTOTAL-26AUG30UGOSTR-33,2026-09-01 21:50:23+00:00,0.675,0.0299999999999999,0,0.6815275778600138,0.6976439980567843,0.675
KXATPEXACTMATCH-26AUG30BASSCH-SCH32,2026-09-01 22:00:07+00:00,0.1,0.02,0,0.0754678503784306,0.06405386946852636,0.1
KXKNVBCUPGAME-26SEP01ADOEXM-ADO,2026-09-01 22:07:23+00:00,0.375,0.03,0,0.31816461001924695,0.3391003681052333,0.375
KXCENSUREEDWARDS-26NOV,2026-09-01 22:18:57+00:00,0.785,0.03,1,0.7897279687929055,0.8616290782016363,0.785
KXCENSURE-26AUG-OCT01,2026-09-01 22:19:12+00:00,0.865,0.05,1,0.9038926375929213,0.9364674636584853,0.865
KXWTAEXACTMATCH-26AUG30QUEMER-MER20,2026-09-01 22:28:57+00:00,0.615,0.01,1,0.6176252238089,0.602516066474254,0.615
KXWTAGTOTAL-26AUG30OLIBRA-23,2026-09-01 22:35:31+00:00,0.435,0.01,0,0.37421015977087496,0.3962047615484733,0.435
KXPERLIGA1SPREAD-26AUG31CAGMEL-MEL2,2026-09-01 22:36:14+00:00,0.135,0.09,0,0.10154862248247448,0.1062681379787355,0.135
KXKNVBCUPGAME-26SEP01VERKLO-KLO,2026-09-01 22:37:14+00:00,0.405,0.75,1,0.34618738489506096,0.3023818696373918,0.405
KXATPMATCH-26AUG30FERMUS-FER,2026-09-01 22:45:37+00:00,0.2299999999999999,0.0199999999999999,0,0.19657368809420062,0.17547138407975257,0.2299999999999999
KXTITLEDTUESDAY-26SEP01-AGRI,2026-09-01 23:07:27+00:00,0.03,0.02,0,0.01248089983115282,0.016310221494453936,0.03
KXTITLEDTUESTOP-26SEP01T3-DLAZ,2026-09-01 23:07:52+00:00,0.105,0.07,0,0.07919367496472257,0.07396870915765137,0.105
KXTITLEDTUESTOP-26SEP01T3-VART,2026-09-01 23:07:52+00:00,0.075,0.09,0,0.05683872744697068,0.043035733174908455,0.075
KXTITLEDTUESTOP-26SEP01T5-AFIR,2026-09-01 23:08:48+00:00,0.155,0.0499999999999999,0,0.11899145750285484,0.1156704543246346,0.155
KXTITLEDTUESTOP-26SEP01T8-AAVA,2026-09-01 23:09:32+00:00,0.075,0.03,0,0.05683872744697068,0.044993954976589604,0.075
KXLOLTOTALMAPS-26SEP011600GLMAZ-5,2026-09-01 23:20:00+00:00,0.36,0.02,0,0.3041532225813399,0.27962751352144377,0.36
KXUFCMOF-26SEP01SMILIV-DEC,2026-09-01 23:40:09+00:00,0.235,0.29,1,0.20174583680029046,0.176515426047898,0.235
KXUFCVICROUND-26SEP01LOUCLE-LOU1,2026-09-02 00:00:44+00:00,0.165,0.23,1,0.1293357549150343,0.11400657830938506,0.165
KXUFCVICROUND-26SEP01LOUCLE-LOU3,2026-09-02 00:00:44+00:00,0.1,0.0999999999999999,0,0.0754678503784306,0.06384414936155869,0.1
KXMLBRFI-26SEP011940DETMIN,2026-09-02 00:09:36+00:00,0.485,0.01,1,0.43300006437384425,0.459126039278988,0.485
KXSENATEMAR-26-LEVA,2026-09-02 00:24:41+00:00,0.0075,0.0029999999999999,0,0.0001,0.007395021777490464,0.0075
KXUFCROUNDS-26SEP01MCCSAN-3,2026-09-02 00:35:53+00:00,0.52,0.2,0,0.4791250471203841,0.4865254238816827,0.52
KXCS2MAP-26SEP011800GREPAINA-2-GRE,2026-09-02 00:35:55+00:00,0.48,0.0399999999999999,1,0.42641078112433856,0.47280964403642145,0.48
KXNCAAMSOCCERGAME-26SEP01PENMON-MON,2026-09-02 00:38:32+00:00,0.48,0.86,0,0.42641078112433856,0.3751931952232805,0.48
KXNCAAMSOCCERGAME-26SEP01FAILEH-TIE,2026-09-02 01:07:24+00:00,0.35,0.54,1,0.29504302417123035,0.2616714201643171,0.35
KXNCAAMSOCCERGAME-26SEP01CANCLE-CAN,2026-09-02 01:07:25+00:00,0.47,0.84,0,0.41323221462532717,0.3678483399069311,0.47
KXNCAAMSOCCERGAME-26SEP01CANCLE-CLE,2026-09-02 01:07:25+00:00,0.485,0.81,1,0.43300006437384425,0.38602729201011976,0.485
KXMLBGAME-26SEP011840NYMTB-TB,2026-09-02 01:09:45+00:00,0.535,0.01,1,0.4988928968689012,0.5217108498197034,0.535
KXUFCMOV-26SEP01RIVDAR-RIVSUB,2026-09-02 01:24:43+00:00,0.165,0.23,0,0.1293357549150343,0.09070408875733393,0.165
KXCS2GAME-26SEP011800GREPAINA-GRE,2026-09-02 01:29:48+00:00,0.475,0.0299999999999999,0,0.41982149787483286,0.46836012498329654,0.475
KXMLBRFI-26SEP012140PHIAZ,2026-09-02 02:04:27+00:00,0.445,0.01,1,0.38355108472947963,0.42066747208380767,0.445
KXATPGSPREAD-26SEP01CERGEA-GEA5,2026-09-02 02:04:52+00:00,0.355,0.0299999999999999,0,0.2994827601020376,0.3281979214493178,0.355
KXNCAAMSOCCERGAME-26SEP01DAVUNC-DAV,2026-09-02 02:08:11+00:00,0.47,0.84,0,0.41323221462532717,0.36732538558535177,0.47
KXWTAGTOTAL-26AUG31RUSJEA-27,2026-09-02 02:14:36+00:00,0.275,0.13,0,0.23619583454920529,0.19415077069888775,0.275
KXMLBGAME-26SEP011840SFPIT-PIT,2026-09-02 02:24:29+00:00,0.585,0.01,1,0.572994453906284,0.5740769312902935,0.585
KXCOPADOBRASILSPREAD-26SEP01ATLCRU-CRU3,2026-09-02 02:31:14+00:00,0.035,0.03,0,0.017071287608195502,0.019868955801701445,0.035
KXMLBEXTRAS-26SEP011940DETMIN-EXTRAS,2026-09-02 02:39:36+00:00,0.09,0.02,0,0.06801620120584663,0.05881877688741621,0.09
KXMA6D-26-JBEC,2026-09-02 02:57:06+00:00,0.013,0.006,0,0.0001,0.013989617082955713,0.013
KXMA6D-26-TNGU,2026-09-02 02:57:06+00:00,0.12,0.02,0,0.09037114872359853,0.17172115420889517,0.12
KXMLBGAME-26SEP012005ATHTEX-ATH,2026-09-02 03:24:29+00:00,0.365,0.01,0,0.3088236850606423,0.3338444102197672,0.365
KXRAIN-26SEP01-BOS,2026-09-02 04:00:00+00:00,0.895,0.01,1,0.937657771608346,0.9153358755338334,0.895
KXATPSETWINNER-26AUG30ZVESON-3-SON,2026-09-02 04:02:29+00:00,0.47,0.64,1,0.41323221462532717,0.3745265093133233,0.47
KXNCAAMSOCCERGAME-26SEP01SJUHOF-SJU,2026-09-02 04:37:35+00:00,0.425,0.75,0,0.3648692348122703,0.3243234940508411,0.425
KXHIGHMIA-26SEP01-B93.5,2026-09-02 05:00:00+00:00,0.165,0.01,0,0.1293357549150343,0.13040102836223103,0.165
KXHIGHMIA-26SEP01-T87,2026-09-02 05:00:00+00:00,0.025,0.0099999999999999,0,0.008342072403273759,0.013578800139799105,0.025
KXHIGHTBOS-26SEP01-B68.5,2026-09-02 05:00:00+00:00,0.355,0.07,1,0.2994827601020376,0.30207494141649416,0.355
KXHIGHTEWR-26SEP01-B87.5,2026-09-02 05:00:00+00:00,0.46,0.9,1,0.40005364812631583,0.36589976196071305,0.46
KXLOWTATL-26SEP01-B74.5,2026-09-02 05:00:00+00:00,0.5,0.04,0,0.45276791412236134,0.4820133724579339,0.5
KXLOWTBOS-26SEP01-B62.5,2026-09-02 05:00:00+00:00,0.245,0.0899999999999999,1,0.21209013421246992,0.2144417202994089,0.245
KXHIGHAUS-26SEP01-B102.5,2026-09-02 06:00:00+00:00,0.015,0.01,0,0.0001,0.007441171778548303,0.015
KXHIGHCHI-26SEP01-B87.5,2026-09-02 06:00:00+00:00,0.015,0.01,0,0.0001,0.007458870536428896,0.015
KXHIGHTDAL-26SEP01-B98.5,2026-09-02 06:00:00+00:00,0.39,0.0399999999999999,0,0.332175997457154,0.36329437306395324,0.39
KXHIGHTMIN-26SEP01-T87,2026-09-02 06:00:00+00:00,0.19,0.02,0,0.15519649844548292,0.14920258948390228,0.19
KXLOWTCHI-26SEP01-B69.5,2026-09-02 06:00:00+00:00,0.025,0.03,0,0.008342072403273759,0.012772638936917094,0.025
KXLOWTCHI-26SEP01-T76,2026-09-02 06:00:00+00:00,0.155,0.09,1,0.11899145750285484,0.11491419675513578,0.155
KXLOWTDAL-26SEP01-B75.5,2026-09-02 06:00:00+00:00,0.03,0.02,0,0.01248089983115282,0.015768506816828252,0.03
KXLOWTDAL-26SEP01-B81.5,2026-09-02 06:00:00+00:00,0.225,0.09,0,0.191401539388111,0.18576417861126904,0.225
KXLOWTDAL-26SEP01-T82,2026-09-02 06:00:00+00:00,0.055,0.0699999999999999,0,0.03749305861177857,0.04708998160851648,0.055
KXLOWTMIN-26SEP01-B62.5,2026-09-02 06:00:00+00:00,0.025,0.0099999999999999,0,0.008342072403273759,0.013108234025745546,0.025
KXLOWTMIN-26SEP01-B64.5,2026-09-02 06:00:00+00:00,0.245,0.3299999999999999,1,0.21209013421246992,0.1780193741056349,0.245
KXLOWTOKC-26SEP01-B73.5,2026-09-02 06:00:00+00:00,0.48,0.1799999999999999,0,0.42641078112433856,0.39357690184307387,0.48
KXLOWTOKC-26SEP01-B75.5,2026-09-02 06:00:00+00:00,0.14,0.1,0,0.10527444706876647,0.09323463015407078,0.14
KXATPGTOTAL-26AUG30ZVESON-39,2026-09-02 06:04:25+00:00,0.335,0.01,1,0.28327358624682536,0.3112737286270357,0.335
KXHIGHDEN-26SEP01-B81.5,2026-09-02 07:00:00+00:00,0.025,0.0099999999999999,0,0.008342072403273759,0.013593093620073982,0.025
KXCS2MAP-26SEP020200KALTYLOO-1-TYLOO,2026-09-02 07:05:14+00:00,0.47,0.88,1,0.41323221462532717,0.3663754794019348,0.47
KXCS2MAP-26SEP020200DEPTHE-1-DEP,2026-09-02 07:25:14+00:00,0.6000000000000001,0.0999999999999999,1,0.5953098388575921,0.612699841930741,0.6000000000000001
KXHIGHTSAN-26SEP01-B79.5,2026-09-02 08:00:00+00:00,0.42,0.76,1,0.36019877233296793,0.3309752986875503,0.42
KXHIGHTSFO-26SEP01-B67.5,2026-09-02 08:00:00+00:00,0.155,0.01,0,0.11899145750285484,0.12209462660416952,0.155
KXLOWTLV-26SEP01-B68.5,2026-09-02 08:00:00+00:00,0.025,0.03,0,0.008342072403273759,0.01256354496666039,0.025
KXLOWTSEA-26SEP01-B49.5,2026-09-02 08:00:00+00:00,0.025,0.03,0,0.008342072403273759,0.01275904197464905,0.025
KXLOWTSEA-26SEP01-B51.5,2026-09-02 08:00:00+00:00,0.02,0.0199999999999999,0,0.004203244975394692,0.009520437907042791,0.02
KXLOWTSEA-26SEP01-B55.5,2026-09-02 08:00:00+00:00,0.49,0.06,0,0.43958934762334995,0.47708256156597983,0.49
KXLOWTSFO-26SEP01-B54.5,2026-09-02 08:00:00+00:00,0.03,0.02,0,0.01248089983115282,0.0152254022371494,0.03
KXLOWTSFO-26SEP01-B56.5,2026-09-02 08:00:00+00:00,0.18,0.06,0,0.14485220103330346,0.14830991206719263,0.18
KXCS2MAP-26SEP020200KALTYLOO-2-TYLOO,2026-09-02 08:10:30+00:00,0.49,0.8999999999999999,1,0.43958934762334995,0.3871278462730604,0.49
KXCS2MAP-26SEP020500EFMIBR-1-MIBR,2026-09-02 10:30:36+00:00,0.545,0.03,0,0.5134867607027964,0.5536117500329584,0.545
KXBURNHAMMENTION-26SEP02-STAR,2026-09-02 11:55:16+00:00,0.22,0.0399999999999999,0,0.18622939068202127,0.13247710857568099,0.22
KXBURNHAMMENTION-26SEP02-UKRA,2026-09-02 11:55:16+00:00,0.69,0.0799999999999999,1,0.6920158932547054,0.6609436885463345,0.69
KXBURNHAMMENTION-26SEP02-BINF,2026-09-02 11:55:17+00:00,0.2,0.0799999999999999,0,0.16554079585766238,0.11691963203728303,0.2
KXJLEAGUETOTAL-26SEP02AVIURD-4,2026-09-02 11:56:25+00:00,0.21,0.0199999999999999,1,0.1758850932698418,0.17197736748409503,0.21
KXJLEAGUETOTAL-26SEP02VVNGAM-3,2026-09-02 11:56:27+00:00,0.525,0.03,1,0.4857143303698898,0.5128807960762979,0.525
KXCS2GAME-26SEP020630TRANAVIJ-NAVIJ,2026-09-02 12:00:01+00:00,0.62,0.4599999999999999,1,0.6250636854593359,0.5817058487208672,0.62
KXJLEAGUEBTTS-26SEP02SANNGE-BTTS,2026-09-02 12:01:10+00:00,0.55,0.02,0,0.5209252223532324,0.5352717560832698,0.55
KXJLEAGUEGAME-26SEP02MACKAW-TIE,2026-09-02 12:03:13+00:00,0.26,0.02,0,0.22442639662480024,0.19685955987229803,0.26
KXJLEAGUETOTAL-26SEP02SANNGE-4,2026-09-02 12:06:41+00:00,0.385,0.01,0,0.3275055349778516,0.36979954925879566,0.385
KXADP-26AUG-T100000,2026-09-02 12:14:00+00:00,0.0849999999999999,0.13,0,0.06429037661955457,0.036452958746689405,0.0849999999999999
KXADP-26AUG-T50000,2026-09-02 12:14:00+00:00,0.515,0.21,0,0.4725357638708784,0.3276849165983472,0.515
KXDARTSMATCH-26SEP020720NDUFAHAM-AHAM,2026-09-02 12:19:37+00:00,0.5,0.92,0,0.45276791412236134,0.3977633398693212,0.5
KXDARTSMATCH-26SEP020720NDUFAHAM-NDUF,2026-09-02 12:19:37+00:00,0.49,0.8999999999999999,1,0.43958934762334995,0.3892734670975526,0.49
KXJLEAGUEBTTS-26SEP02CERREY-BTTS,2026-09-02 12:31:01+00:00,0.5700000000000001,0.0199999999999999,0,0.5506790689549763,0.5686049140632738,0.5700000000000001
KXJLEAGUESPREAD-26SEP02MITKAS-MIT2,2026-09-02 12:31:11+00:00,0.075,0.03,1,0.05683872744697068,0.04433333418739728,0.075
KXJLEAGUESPREAD-26SEP02MARKYO-KYO2,2026-09-02 12:31:12+00:00,0.115,0.03,0,0.08664532413730655,0.0904751712176366,0.115
KXJLEAGUEGAME-26SEP02JEFFAG-JEF,2026-09-02 12:33:09+00:00,0.235,0.0099999999999999,0,0.20174583680029046,0.211975459002252,0.235
KXJLEAGUEGAME-26SEP02AVIURD-AVI,2026-09-02 12:33:10+00:00,0.38,0.02,0,0.3228350724985493,0.33150074089143755,0.38
KXDARTSMATCH-26SEP020755NVANDKLO-NVAN,2026-09-02 12:50:30+00:00,0.49,0.92,0,0.43958934762334995,0.38749184756447363,0.49
KXKBOTOTAL-26SEP020530SSGKIW-8,2026-09-02 13:01:09+00:00,0.685,0.47,1,0.6885197881231416,0.6531923965497505,0.685
KXCS2MAP-26SEP020800B8COL-1-COL,2026-09-02 13:20:45+00:00,0.4,0.0199999999999999,0,0.34151692241575865,0.37551956220483185,0.4
KXEARNINGSMENTIONDELL-26SEP03-LIGH,2026-09-02 13:38:11+00:00,0.54,0.02,1,0.5060482990523605,0.44235869735204164,0.54
KXEARNINGSMENTIONDELL-26SEP03-NVID,2026-09-02 13:38:11+00:00,0.78,0.04,1,0.7821510708737129,0.7217062023955584,0.78
KXYTVIEWSW-BAD26SEP06-25.0M,2026-09-02 14:20:08+00:00,0.79,0.36,1,0.7973048667120981,0.7801794382325953,0.79
KXYTVIEWSW-KEN26SEP06-4.5M,2026-09-02 14:20:14+00:00,0.8200000000000001,0.3199999999999999,1,0.8427662542272534,0.8422413645408857,0.8200000000000001
KXYTVIEWSW-POS26SEP06-6.0M,2026-09-02 14:20:16+00:00,0.965,0.05,1,0.9791472723887544,0.9738370558347533,0.965
KXYTVIEWSW-TAY26SEP06-13.2M,2026-09-02 14:20:18+00:00,0.815,0.3299999999999999,1,0.8351893563080607,0.8154246619575254,0.815
KXYTVIEWSW-TAY26SEP06-14.4M,2026-09-02 14:20:19+00:00,0.585,0.75,1,0.572994453906284,0.5762815332752173,0.585
KXYTVIEWSW-TAY26SEP06-15.2M,2026-09-02 14:20:20+00:00,0.495,0.77,1,0.44617863087285564,0.37664822942739623,0.495
KXCOPPAITALIATEAMTOTAL-26SEP02SASFRO-FRO2,2026-09-02 14:57:53+00:00,0.29,0.0399999999999999,0,0.24796527247361028,0.2509448752520512,0.29
KXDWTSCAST-26OCT01-CHL,2026-09-02 15:26:45+00:00,0.035,0.01,0,0.017071287608195502,0.014493862021453552,0.035
KXLOLMAP-26SEP021100SUBW-1-SU,2026-09-02 15:50:41+00:00,0.555,0.01,0,0.5283636840036684,0.5319283396968171,0.555
KXUE-RUS26JUL-2.0,2026-09-02 15:55:00+00:00,0.945,0.0899999999999999,1,0.9753822363863863,0.9451346454070265,0.945
KXKNVBCUPADVANCE-26SEP01HZVLAC-LAC,2026-09-02 16:03:55+00:00,0.42,0.78,1,0.36019877233296793,0.32006125030459776,0.42
KXWTAMATCH-26SEP02TOWPRE-TOW,2026-09-02 16:05:22+00:00,0.785,0.01,1,0.7897279687929055,0.8045754963923347,0.785
KXKNVBCUPGAME-26SEP01LONKON-KON,2026-09-02 16:10:33+00:00,0.435,0.75,1,0.37421015977087496,0.3315450539237016,0.435
KXKNVBCUPSPREAD-26SEP01BQUAMS-AMS3,2026-09-02 16:12:37+00:00,0.5,0.98,0,0.45276791412236134,0.39492649886376646,0.5
KXKNVBCUPTOTAL-26SEP01BQUAMS-1,2026-09-02 16:12:45+00:00,0.5,0.98,1,0.45276791412236134,0.39492649996688634,0.5
KXKNVBCUPSPREAD-26SEP01TECALM-ALM3,2026-09-02 16:14:59+00:00,0.5,0.98,0,0.45276791412236134,0.395242944694929,0.5
KXWTAEXACTMATCH-26SEP02TOWPRE-TOW21,2026-09-02 16:15:00+00:00,0.21,0.0199999999999999,0,0.1758850932698418,0.17660217198625067,0.21
KXCS2GAME-26SEP020930MELFIRE-MEL,2026-09-02 16:29:55+00:00,0.625,0.1100000000000001,1,0.6325021471097718,0.613367449095191,0.625
KXSVKCUPADVANCE-26SEP02FOMSKA-SKA,2026-09-02 16:31:12+00:00,0.5,0.92,1,0.45276791412236134,0.39301933762169405,0.5
KXWTAEXACTMATCH-26SEP02PLISHN-SHN20,2026-09-02 16:44:52+00:00,0.565,0.0299999999999999,1,0.5432406073045402,0.5686222324134057,0.565
KXLOLMAP-26SEP021200DEEBLD-1-DEE,2026-09-02 16:45:39+00:00,0.485,0.91,1,0.43300006437384425,0.3865363679463468,0.485
KXCOPPAITALIA1H-26SEP02UDIVEN-VEN,2026-09-02 16:47:46+00:00,0.22,0.06,0,0.18622939068202127,0.1920447846762796,0.22
KXATPSETWINNER-26SEP02MERRUB-2-RUB,2026-09-02 16:53:35+00:00,0.56,0.0399999999999999,0,0.5358021456541043,0.5590629527311687,0.56
KXGEMINI-NEXTFLASH-26OCT01,2026-09-02 16:58:00+00:00,0.95,0.0599999999999999,1,0.9758981445877446,0.9797731660918219,0.95
KXWTAEXACTMATCH-26AUG30KASBAD-KAS21,2026-09-02 17:04:36+00:00,0.195,0.01,0,0.16036864715157265,0.1586203071868615,0.195
KXLOLGAME-26SEP010900TPWLG-TP,2026-09-02 17:09:40+00:00,0.64,0.04,1,0.6548175320610797,0.6054205440451064,0.64
KXATPMATCH-26SEP02NAKMIC-NAK,2026-09-02 17:10:47+00:00,0.665,0.01,0,0.674535367596886,0.6761425411183604,0.665
KXATPEXACTMATCH-26SEP02NAKMIC-MIC30,2026-09-02 17:14:58+00:00,0.1,0.02,1,0.0754678503784306,0.072124579589282,0.1
KXATPGTOTAL-26SEP02MEDGOR-30,2026-09-02 17:24:53+00:00,0.4649999999999999,0.0099999999999999,0,0.4066429313758214,0.46399757821191034,0.4649999999999999
KXVALORANTMAP-26SEP021100AARSSP-2-SSP,2026-09-02 17:40:39+00:00,0.62,0.24,1,0.6250636854593359,0.5923116077676809,0.62
KXSVKCUPGAME-26SEP02FILDBB-TIE,2026-09-02 17:43:32+00:00,0.47,0.84,0,0.41323221462532717,0.3617377554806664,0.47
KXSVKCUPGAME-26SEP02HARKOS-KOS,2026-09-02 17:43:32+00:00,0.48,0.86,1,0.42641078112433856,0.3709471180949195,0.48
KXLOLMAP-26SEP021100SUBW-3-BW,2026-09-02 17:45:32+00:00,0.4649999999999999,0.0299999999999999,1,0.4066429313758214,0.4280338616448824,0.4649999999999999
KXLOLMAP-26SEP021100SUBW-3-SU,2026-09-02 17:45:32+00:00,0.515,0.03,0,0.4725357638708784,0.507053116351576,0.515
KXLOLMAP-26SEP021200TTSZENA-2-TTS,2026-09-02 17:50:40+00:00,0.49,0.8999999999999999,0,0.43958934762334995,0.38349371299162166,0.49
KXATPSETWINNER-26SEP02SHEHUR-1-HUR,2026-09-02 17:54:00+00:00,0.395,0.0299999999999999,0,0.3368464599364563,0.3760410396247414,0.395
KXCOPPAITALIAGAME-26SEP02UDIVEN-UDI,2026-09-02 18:03:43+00:00,0.485,0.01,1,0.43300006437384425,0.4767449531052169,0.485
KXATPSETWINNER-26AUG30CHOVAN-2-VAN,2026-09-02 18:04:25+00:00,0.675,0.01,1,0.6815275778600138,0.6899315675794039,0.675
KXATPSETWINNER-26AUG30SVAALT-2-ALT,2026-09-02 18:04:28+00:00,0.44,0.02,0,0.37888062225017727,0.42031130313189086,0.44
KXATPEXACTMATCH-26SEP02MERRUB-RUB32,2026-09-02 18:04:57+00:00,0.15,0.0199999999999999,0,0.1138193087967651,0.12785559622127407,0.15
KXSERIECCUPADVANCE-26SEP02SORCOS-SOR,2026-09-02 18:31:01+00:00,0.49,0.94,1,0.43958934762334995,0.38138527740183775,0.49
KXSERIECCUPGAME-26SEP02UNIGIE-UNI,2026-09-02 18:33:56+00:00,0.475,0.8300000000000001,1,0.41982149787483286,0.3667947625693666,0.475
KXWTAMATCH-26AUG30BARSHE-SHE,2026-09-02 18:40:33+00:00,0.175,0.0099999999999999,0,0.13968005232721373,0.13293836048609808,0.175
KXWTAEXACTMATCH-26AUG30BARSHE-SHE21,2026-09-02 18:44:38+00:00,0.085,0.03,0,0.06429037661955465,0.05100214217422698,0.085
KXATPGTOTAL-26AUG30CHOVAN-38,2026-09-02 18:54:06+00:00,0.485,0.01,0,0.43300006437384425,0.4577669162049817,0.485
KXUCLWADVANCE-26SEP02SERSPA-SPA,2026-09-02 19:02:43+00:00,0.405,0.77,0,0.34618738489506096,0.3051809070375138,0.405
KXLOLMAP-26SEP021400FCNTOS-1-FCN,2026-09-02 19:05:17+00:00,0.295,0.2299999999999999,1,0.251888418448412,0.23270442096556648,0.295
KXUCLWGAME-26SEP02RSOCFC-RSO,2026-09-02 19:05:49+00:00,0.14,0.0799999999999999,0,0.10527444706876647,0.10127169462278078,0.14
KXUCLWGAME-26SEP02SERSPA-SER,2026-09-02 19:05:50+00:00,0.525,0.01,1,0.4857143303698898,0.5044380168071743,0.525
KXGRECUPGAME-26SEP02PFCATR-ATR,2026-09-02 19:05:52+00:00,0.495,0.05,1,0.44617863087285564,0.4700268804649883,0.495
KXGRECUPGAME-26SEP02AELOLY-OLY,2026-09-02 19:13:22+00:00,0.78,0.02,1,0.7821510708737129,0.7985925775366254,0.78
KXSVKCUPGAME-26SEP02NCHSLO-NCH,2026-09-02 19:13:23+00:00,0.48,0.8400000000000001,0,0.42641078112433856,0.37281718430531346,0.48
KXSVKCUPGAME-26SEP02KENFTP-TIE,2026-09-02 19:13:24+00:00,0.485,0.8500000000000001,0,0.43300006437384425,0.3772741590506367,0.485
KXSCOTTISHPREMTOTAL-26SEP02CELABE-1,2026-09-02 19:21:46+00:00,0.97,0.02,1,0.9847328244274809,0.9811209602101092,0.97
KXUCLWADVANCE-26SEP02INTWOB-INT,2026-09-02 19:30:40+00:00,0.32,0.58,1,0.27150414832242037,0.23292993457756025,0.32
KXEFLL1TOTAL-26SEP02REAMAT-2,2026-09-02 19:51:49+00:00,0.775,0.03,1,0.7745741729545205,0.7883707989472996,0.775
KXSCOTTISHPREMBTTS-26SEP02FALRFC-BTTS,2026-09-02 20:11:15+00:00,0.585,0.0499999999999999,1,0.572994453906284,0.5721955708104385,0.585
KXEFLL1TOTAL-26SEP02BURAWIM-4,2026-09-02 20:21:39+00:00,0.25,0.02,1,0.2165801046751969,0.21373517181476384,0.25
KXUCLWADVANCE-26SEP02JUVSTP-JUV,2026-09-02 20:30:46+00:00,0.95,0.0399999999999999,1,0.9758981445877446,0.95575629992246,0.95
KXUCLWADVANCE-26SEP02RMAAJA-AJA,2026-09-02 20:30:46+00:00,0.205,0.39,0,0.17071294456375208,0.12092914051997157,0.205
KXBELGIANPLGAME-26SEP02STTUSG-USG,2026-09-02 20:31:16+00:00,0.485,0.01,1,0.43300006437384425,0.4676875389481978,0.485
KXSWISSLEAGUEGAME-26SEP02GCZSTG-GCZ,2026-09-02 20:31:23+00:00,0.21,0.0199999999999999,1,0.1758850932698418,0.14180357643239103,0.21
KXSWISSLEAGUEGAME-26SEP02LUZVAD-LUZ,2026-09-02 20:31:23+00:00,0.595,0.01,1,0.587871377207156,0.5768977610689003,0.595
KXWTAEXACTMATCH-26SEP02BOUMUC-BOU21,2026-09-02 20:39:10+00:00,0.07,0.02,0,0.05280938686446588,0.046952426730136165,0.07
KXWTAEXACTMATCH-26SEP02BOUMUC-MUC21,2026-09-02 20:39:10+00:00,0.195,0.01,0,0.16036864715157265,0.16548206715859998,0.195
KXWTAGTOTAL-26SEP02BOUMUC-26,2026-09-02 20:39:23+00:00,0.245,0.03,0,0.21209013421246992,0.2250328277743839,0.245
KXLOLMAP-26SEP021400FCNTOS-3-FCN,2026-09-02 20:54:57+00:00,0.3299999999999999,0.0399999999999999,0,0.2793504402720236,0.28709625400463235,0.3299999999999999
KXBRENTD-26SEP0217-T88,2026-09-02 21:00:00+00:00,0.605,0.77,1,0.602748300508028,0.6564485659195671,0.605
KXBRENTD-26SEP0217-T89.50,2026-09-02 21:00:00+00:00,0.605,0.77,1,0.602748300508028,0.6536390378849386,0.605
KXCOPPERD-26SEP0217-T6.64,2026-09-02 21:00:00+00:00,0.12,0.04,0,0.09037114872359853,0.15263135612899736,0.12
KXNATGASD-26SEP0217-T2.880,2026-09-02 21:00:00+00:00,0.48,0.6799999999999999,1,0.42641078112433856,0.5311791153719532,0.48
KXNATGASD-26SEP0217-T2.975,2026-09-02 21:00:00+00:00,0.31,0.04,1,0.26365785637281697,0.36548912683953244,0.31
KXNATGASD-26SEP0217-T2.990,2026-09-02 21:00:00+00:00,0.24,0.04,1,0.2069179855063802,0.27073875885804977,0.24
KXSILVERD-26SEP0217-T61,2026-09-02 21:00:00+00:00,0.97,0.04,1,0.9847328244274809,0.989501873058545,0.97
KXSILVERD-26SEP0217-T63.25,2026-09-02 21:00:00+00:00,0.74,0.04,1,0.7269769445703441,0.8192292200626106,0.74
KXKNVBCUPADVANCE-26SEP02VVHZWA-VVH,2026-09-02 21:01:24+00:00,0.42,0.76,1,0.36019877233296793,0.3202105005700814,0.42
KXATP-26USO-JOD,2026-09-02 21:02:51+00:00,0.055,0.0099999999999999,0,0.03749305861177857,0.027093024538026013,0.055
KXEFLCHAMPIONSHIPGAME-26SEP02WBACHA-WBA,2026-09-02 21:03:57+00:00,0.545,0.01,0,0.5134867607027964,0.5305510624294291,0.545
KXEFLL1GAME-26SEP02BARBLP-TIE,2026-09-02 21:04:01+00:00,0.26,0.02,0,0.22442639662480024,0.20772622665115867,0.26
KXKNVBCUPGAME-26SEP02VVHZWA-TIE,2026-09-02 21:04:04+00:00,0.2,0.1,1,0.16554079585766238,0.1494912182841554,0.2
KXEFLCHAMPIONSHIPSPREAD-26SEP02WBACHA-CHA3,2026-09-02 21:07:19+00:00,0.015,0.01,0,0.0001,0.006238793782495365,0.015
KXEFLCHAMPIONSHIPTOTAL-26SEP02MILWRE-3,2026-09-02 21:07:19+00:00,0.49,0.02,1,0.43958934762334995,0.4575831269248106,0.49
KXEFLCHAMPIONSHIPSPREAD-26SEP02MILWRE-WRE2,2026-09-02 21:07:20+00:00,0.11,0.0199999999999999,1,0.08291949955101456,0.08089575851426094,0.11
KXEFLL1SPREAD-26SEP02REAMAT-REA2,2026-09-02 21:07:21+00:00,0.235,0.05,1,0.20174583680029046,0.18205980437442798,0.235
KXSCOTTISHPREMSPREAD-26SEP02FALRFC-FAL3,2026-09-02 21:07:34+00:00,0.02,0.0199999999999999,0,0.004203244975394692,0.00986710426600409,0.02
KXSCOTTISHPREMSPREAD-26SEP02FALRFC-RFC3,2026-09-02 21:07:34+00:00,0.185,0.03,0,0.1500243497393932,0.13625633963298592,0.185
KXSCOTTISHPREMSPREAD-26SEP02MOTDUU-DUU3,2026-09-02 21:07:34+00:00,0.035,0.03,0,0.017071287608195502,0.01804300021433875,0.035
KXSCOTTISHPREMTOTAL-26SEP02KILMIR-3,2026-09-02 21:07:34+00:00,0.545,0.01,0,0.5134867607027964,0.5420091397146433,0.545
KXSCOTTISHPREMTOTAL-26SEP02KILMIR-6,2026-09-02 21:07:34+00:00,0.075,0.03,0,0.05683872744697068,0.04406523300071381,0.075
KXSCOTTISHPREMTOTAL-26SEP02DUNJOH-6,2026-09-02 21:07:35+00:00,0.065,0.03,0,0.0477039441135701,0.03535400402980401,0.065
KXSCOTTISHPREMSPREAD-26SEP02CELABE-CEL3,2026-09-02 21:07:37+00:00,0.3399999999999999,0.0199999999999999,1,0.28719673222162695,0.30716700124357876,0.3399999999999999
KXMLBEXTRAS-26SEP021305ATLWSH-EXTRAS,2026-09-02 21:09:42+00:00,0.1,0.0399999999999999,0,0.0754678503784306,0.07027195735322947,0.1
KXATPSETWINNER-26AUG30MARZHE-1-ZHE,2026-09-02 21:11:04+00:00,0.545,0.01,1,0.5134867607027964,0.5437638174594801,0.545
KXATPSETWINNER-26AUG30GUEDE-3-GUE,2026-09-02 21:38:32+00:00,0.15,0.0199999999999999,0,0.1138193087967651,0.10761150979152685,0.15
KXATPEXACTMATCH-26AUG30GUEDE-DE30,2026-09-02 21:38:50+00:00,0.635,0.01,1,0.6473790704106438,0.6628524874595281,0.635
KXATPGTOTAL-26AUG30GUEDE-29,2026-09-02 21:39:03+00:00,0.495,0.01,0,0.44617863087285564,0.47076835648051923,0.495
KXCS2GAME-26SEP021400REVR4G-R4G,2026-09-02 21:59:45+00:00,0.735,0.05,0,0.7234808394387803,0.7281329201788955,0.735
KXKNVBCUPADVANCE-26SEP02RKVUDI-UDI,2026-09-02 22:00:42+00:00,0.42,0.78,1,0.36019877233296793,0.3177751395217666,0.42
KXKNVBCUPADVANCE-26SEP02USVECH-USV,2026-09-02 22:00:43+00:00,0.42,0.78,0,0.36019877233296793,0.3176123869568516,0.42
KXKNVBCUPGAME-26SEP02RKSZWV-ZWV,2026-09-02 22:07:15+00:00,0.415,0.73,1,0.3555283098536656,0.3123758207426178,0.415
KXATPEXACTMATCH-26AUG30MARZHE-MAR30,2026-09-02 22:13:57+00:00,0.125,0.01,0,0.0940969733098905,0.09360530841940906,0.125
KXATPSETWINNER-26SEP02HARTSI-1-TSI,2026-09-02 22:27:58+00:00,0.59,0.02,0,0.58043291555672,0.6041085719157959,0.59
KXATPGSPREAD-26AUG30GIRBUS-GIR5,2026-09-02 22:33:38+00:00,0.205,0.05,0,0.17071294456375208,0.1580397212871451,0.205
KXATPEXACTMATCH-26AUG30BERTAB-TAB32,2026-09-02 22:53:48+00:00,0.03,0.02,0,0.01248089983115282,0.015152731613896894,0.03
KXATPGTOTAL-26AUG30DEJPAS-41,2026-09-02 22:54:09+00:00,0.35,0.0399999999999999,1,0.29504302417123035,0.2877106358237431,0.35
KXMLBGAME-26SEP021510BALCOL-BAL,2026-09-02 22:54:28+00:00,0.585,0.01,0,0.572994453906284,0.5782542078049473,0.585
KXATPGTOTAL-26SEP02SHAVAN-45,2026-09-02 23:23:31+00:00,0.295,0.01,0,0.251888418448412,0.27338226817182354,0.295
KXWTAMATCH-26AUG30JOVFRE-JOV,2026-09-02 23:35:25+00:00,0.765,0.01,1,0.7594203771161353,0.7655591196012108,0.765
KXWTAGTOTAL-26AUG30JOVFRE-21,2026-09-02 23:38:54+00:00,0.49,0.02,1,0.43958934762334995,0.45883399212976334,0.49
KXWTAGTOTAL-26AUG30JOVFRE-26,2026-09-02 23:38:54+00:00,0.27,0.0399999999999999,0,0.2322726885744036,0.20908602671782567,0.27
KXATPSETWINNER-26SEP02SAKTIA-1-TIA,2026-09-02 23:57:43+00:00,0.6699999999999999,0.0399999999999999,1,0.6780314727284499,0.6547940609623651,0.6699999999999999
KXATPEXACTMATCH-26SEP02LEHSAM-LEH32,2026-09-03 00:04:22+00:00,0.155,0.03,0,0.11899145750285484,0.11159443013665407,0.155
KXWTAEXACTMATCH-26SEP02WANKAL-KAL20,2026-09-03 00:04:27+00:00,0.445,0.01,0,0.38355108472947963,0.44133550191092963,0.445
KXMLBRFI-26SEP021940MIAKC,2026-09-03 00:09:47+00:00,0.475,0.01,1,0.41982149787483286,0.45308687339900977,0.475
KXATPSETWINNER-26SEP02BERNAV-2-NAV,2026-09-03 00:28:15+00:00,0.42,0.0399999999999999,1,0.36019877233296793,0.3997105301540046,0.42
KXBRASILEIROTEAMTOTAL-26SEP02FLAMIR-MIR2,2026-09-03 00:31:20+00:00,0.14,0.16,0,0.10527444706876647,0.10325280492673827,0.14
KXATPEXACTMATCH-26SEP02DUCYIB-YIB30,2026-09-03 00:48:39+00:00,0.22,0.02,1,0.18622939068202127,0.18577292003399035,0.22
KXATPGTOTAL-26SEP02DUCYIB-35,2026-09-03 00:48:52+00:00,0.65,0.02,0,0.6640470522021945,0.6919776857711932,0.65
KXVENFUTVEGAME-26SEP03CARPOR-CAR,2026-09-03 01:03:07+00:00,0.405,0.0499999999999999,0,0.34618738489506096,0.36644752557809834,0.405
KXATPGSPREAD-26SEP02HARTSI-TSI2,2026-09-03 01:04:08+00:00,0.63,0.02,1,0.6399406087602079,0.641600459731589,0.63
KXATPSSPREAD-26SEP02HARTSI-TSI2,2026-09-03 01:04:12+00:00,0.485,0.09,1,0.43300006437384425,0.4527922315482214,0.485
KXATPEXACTMATCH-26SEP02BUBMAN-MAN32,2026-09-03 01:14:03+00:00,0.0849999999999999,0.0099999999999999,0,0.06429037661955457,0.05351914356893983,0.0849999999999999
KXATPSETWINNER-26SEP02PRIPAU-2-PAU,2026-09-03 01:22:45+00:00,0.7,0.02,1,0.6990081035178332,0.7353273747665845,0.7
KXUSLTOTAL-26SEP02CHAHAR-4,2026-09-03 01:36:51+00:00,0.345,0.0299999999999999,0,0.2911198781964287,0.31278562836017104,0.345
KXWTAEXACTMATCH-26SEP02ANNVEK-ANN21,2026-09-03 02:23:05+00:00,0.22,0.02,1,0.18622939068202127,0.18535110291270404,0.22
KXWTAMATCH-26SEP02ANNVEK-ANN,2026-09-03 02:25:20+00:00,0.605,0.01,1,0.602748300508028,0.6149211530489861,0.605
KXATPMATCH-26SEP02BERNAV-NAV,2026-09-03 02:30:17+00:00,0.365,0.01,1,0.3088236850606423,0.32802495820998134,0.365
KXATPGTOTAL-26SEP02BERNAV-44,2026-09-03 02:33:59+00:00,0.325,0.03,0,0.275427294297222,0.2935583748599028,0.325
KXMLBGAME-26SEP022010CWSHOU-HOU,2026-09-03 02:39:44+00:00,0.545,0.01,1,0.5134867607027964,0.5313551335825116,0.545
KXATPGSPREAD-26SEP02PRIPAU-PAU3,2026-09-03 03:03:39+00:00,0.725,0.01,1,0.7164886291756525,0.777525751973572,0.725
KXMLBGAME-26SEP021940MILCHC-CHC,2026-09-03 03:04:32+00:00,0.415,0.01,0,0.3555283098536656,0.3883542293893626,0.415
KXCOPADOBRASILTOTAL-26SEP02SANPAL-2,2026-09-03 03:06:32+00:00,0.74,0.02,0,0.7269769445703441,0.7728630821603398,0.74
KXCOPADOBRASILTOTAL-26SEP02SANPAL-3,2026-09-03 03:06:32+00:00,0.485,0.01,0,0.43300006437384425,0.4719183363986531,0.485
KXCOPADOBRASILTOTAL-26SEP02SANPAL-6,2026-09-03 03:06:33+00:00,0.06,0.02,0,0.04259850136267433,0.03506275909846607,0.06
KXLEAGUESCUPGAME-26SEP02TOLLEO-TOL,2026-09-03 03:32:37+00:00,0.535,0.01,1,0.4988928968689012,0.5106273089236093,0.535
KXLEAGUESCUPSPREAD-26SEP02TOLLEO-LEO3,2026-09-03 03:36:31+00:00,0.03,0.02,0,0.01248089983115282,0.015169260948003601,0.03
KXWTAEXACTMATCH-26SEP02TARNOS-TAR20,2026-09-03 03:37:49+00:00,0.095,0.03,0,0.07174202579213862,0.06610281640358026,0.095
